timestamps,block,episode,init_pos,human_action,agent_action,prev_x,prev_y,next_x,next_y,ee_pos_x_prev,ee_pos_y_prev,ee_vel_x_prev,ee_vel_y_prev,ee_pos_x_next,ee_pos_y_next,ee_vel_x_next,ee_vel_y_next,cmd_acc_human,cmd_acc_agent
1.760437531178000000e+12,1.000000000000000000e+00,2.000000000000000000e+00,3.000000000000000000e+00,0.000000000000000000e+00,0.000000000000000000e+00,-1.639787643255470606e-01,3.368751003334683469e-01,-3.323409625513032983e-01,1.632881884026924912e-01,9.894746578428348371e-01,9.411380970024781911e-01,5.000000000000000000e-01,5.100000000000000089e-01,9.393105025902490079e-02,2.268882752747349019e-02,5.040000000000000036e-01,5.100000000000000089e-01,0.000000000000000000e+00,0.000000000000000000e+00
1.760437531393000000e+12,1.000000000000000000e+00,2.000000000000000000e+00,3.000000000000000000e+00,0.000000000000000000e+00,1.000000000000000000e+00,-3.323409625513032983e-01,1.632881884026924912e-01,-3.282634079067075494e-01,1.640986877911455033e-01,9.393105025902490079e-02,2.268882752747349019e-02,5.000000000000000000e-01,5.100000000000000089e-01,1.156201707090022957e-01,2.697718408013492775e-02,6.039999999999999813e-01,5.100000000000000089e-01,0.000000000000000000e+00,2.000000000000000111e-01
1.760437531598000000e+12,1.000000000000000000e+00,2.000000000000000000e+00,3.000000000000000000e+00,1.000000000000000056e-01,2.000000000000000000e+00,-3.279345234287042721e-01,1.641310969550265619e-01,-3.230832127165094714e-01,1.658959264398520150e-01,1.173695562302963236e-01,2.714866113770666653e-02,4.000000000000000777e-01,5.100000000000000089e-01,1.431744004440984597e-01,3.648638327964028039e-02,5.080000000000000071e-01,5.460000000000000409e-01,2.000000000000000042e-02,-2.000000000000000111e-01
1.760437531801000000e+12,1.000000000000000000e+00,2.000000000000000000e+00,3.000000000000000000e+00,1.000000000000000056e-01,1.000000000000000000e+00,-3.230832127165094714e-01,1.658959264398520150e-01,-3.186873989338137036e-01,1.714696371985836576e-01,1.431744004440984597e-01,3.648638327964028039e-02,2.999999999999999889e-01,5.460000000000000409e-01,1.665563886499270008e-01,6.597691639462252566e-02,6.079999999999999849e-01,5.959999999999999742e-01,2.000000000000000042e-02,2.000000000000000111e-01
1.760437532004000000e+12,1.000000000000000000e+00,2.000000000000000000e+00,3.000000000000000000e+00,0.000000000000000000e+00,0.000000000000000000e+00,-3.186873989338137036e-01,1.714696371985836576e-01,-3.097216088326050221e-01,1.806619488645119509e-01,1.665563886499270008e-01,6.597691639462252566e-02,1.959999999999997300e-01,5.959999999999999742e-01,2.142467615286965943e-01,1.146134860556187879e-01,6.079999999999999849e-01,6.140000000000001013e-01,0.000000000000000000e+00,0.000000000000000000e+00
1.760437532209000000e+12,1.000000000000000000e+00,2.000000000000000000e+00,3.000000000000000000e+00,0.000000000000000000e+00,2.000000000000000000e+00,-3.097216088326050221e-01,1.806619488645119509e-01,-3.048747261163156086e-01,1.897935329769827595e-01,2.142467615286965943e-01,1.146134860556187879e-01,9.600000000000025180e-02,6.140000000000001013e-01,2.400280525727892245e-01,1.629287459099617030e-01,5.080000000000000071e-01,6.140000000000001013e-01,0.000000000000000000e+00,-2.000000000000000111e-01
1.760437532413000000e+12,1.000000000000000000e+00,2.000000000000000000e+00,3.000000000000000000e+00,0.000000000000000000e+00,0.000000000000000000e+00,-3.048747261163156086e-01,1.897935329769827595e-01,-3.042474315367762472e-01,1.989264243627117401e-01,2.400280525727892245e-01,1.629287459099617030e-01,-7.450580569168252509e-09,6.140000000000001013e-01,2.433647258682113679e-01,2.112509225540303848e-01,5.080000000000000071e-01,6.140000000000001013e-01,0.000000000000000000e+00,0.000000000000000000e+00
1.760437532616000000e+12,1.000000000000000000e+00,2.000000000000000000e+00,3.000000000000000000e+00,0.000000000000000000e+00,0.000000000000000000e+00,-3.042224836124369780e-01,1.992917559815218231e-01,-3.035991356958457343e-01,2.084254404951636774e-01,2.434974275934202459e-01,2.131838940821260686e-01,9.999999254941882576e-02,6.140000000000001013e-01,2.468131080008204858e-01,2.615102671701782233e-01,5.080000000000000071e-01,6.140000000000001013e-01,0.000000000000000000e+00,0.000000000000000000e+00
1.760437532819000000e+12,1.000000000000000000e+00,2.000000000000000000e+00,3.000000000000000000e+00,0.000000000000000000e+00,2.000000000000000000e+00,-3.035991356958457343e-01,2.084254404951636774e-01,-3.067478129021141142e-01,2.175601512298926676e-01,2.468131080008204858e-01,2.615102671701782233e-01,2.039999925494183630e-01,6.140000000000001013e-01,2.300648249887546348e-01,3.098420699994321459e-01,4.080000000000000293e-01,6.140000000000001013e-01,0.000000000000000000e+00,-2.000000000000000111e-01
1.760437533022000000e+12,1.000000000000000000e+00,2.000000000000000000e+00,3.000000000000000000e+00,0.000000000000000000e+00,0.000000000000000000e+00,-3.067478129021141142e-01,2.175601512298926676e-01,-3.147357373734899766e-01,2.270613276229314081e-01,2.300648249887546348e-01,3.098420699994321459e-01,5.000000000000000000e-01,6.140000000000001013e-01,1.875758650346276979e-01,3.601128445657746924e-01,4.040000000000000258e-01,6.140000000000001013e-01,0.000000000000000000e+00,0.000000000000000000e+00
1.760437533226000000e+12,1.000000000000000000e+00,2.000000000000000000e+00,3.000000000000000000e+00,-1.000000000000000056e-01,2.000000000000000000e+00,-3.147357373734899766e-01,2.270613276229314081e-01,-3.262100200133891681e-01,2.354506015298352684e-01,1.875758650346276979e-01,3.601128445657746924e-01,5.000000000000000000e-01,6.140000000000001013e-01,1.265424467372915640e-01,4.045005371948956485e-01,3.039999999999999925e-01,5.819999999999999618e-01,-2.000000000000000042e-02,-2.000000000000000111e-01
1.760437533430000000e+12,1.000000000000000000e+00,2.000000000000000000e+00,3.000000000000000000e+00,-1.000000000000000056e-01,0.000000000000000000e+00,-3.262100200133891681e-01,2.354506015298352684e-01,-3.419119679231807374e-01,2.401416896340280160e-01,1.265424467372915640e-01,4.045005371948956485e-01,5.999999999999999778e-01,5.819999999999999618e-01,4.302144721712362202e-02,4.293211091747514696e-01,3.039999999999999925e-01,5.320000000000000284e-01,-2.000000000000000042e-02,0.000000000000000000e+00
1.760437533634000000e+12,1.000000000000000000e+00,2.000000000000000000e+00,3.000000000000000000e+00,0.000000000000000000e+00,2.000000000000000000e+00,-3.425402565174144875e-01,2.402463711433162341e-01,-3.495746106040683032e-01,2.420967812292483534e-01,3.967948660949729284e-02,4.298749795942658491e-01,5.000000000000000000e-01,5.320000000000000284e-01,2.262709552828056671e-03,4.396655091494622303e-01,5.000000000000000000e-01,5.220000000000000195e-01,0.000000000000000000e+00,-2.000000000000000111e-01
1.760437533837000000e+12,1.000000000000000000e+00,2.000000000000000000e+00,3.000000000000000000e+00,0.000000000000000000e+00,0.000000000000000000e+00,-3.495746106040683032e-01,2.420967812292483534e-01,-3.496054175096177663e-01,2.438764288521595158e-01,2.262709552828056671e-03,4.396655091494622303e-01,6.039999999999999813e-01,5.220000000000000195e-01,2.098843033947933850e-03,4.490816341384101795e-01,5.000000000000000000e-01,5.220000000000000195e-01,0.000000000000000000e+00,0.000000000000000000e+00
1.760437534040000000e+12,1.000000000000000000e+00,2.000000000000000000e+00,3.000000000000000000e+00,0.000000000000000000e+00,1.000000000000000000e+00,-3.496054175096177663e-01,2.438764288521595158e-01,-3.458678599116756236e-01,2.457273248147526790e-01,2.098843033947933850e-03,4.490816341384101795e-01,5.040000000000000036e-01,5.220000000000000195e-01,2.197946855491678120e-02,4.588747344695909280e-01,5.959999999999999742e-01,5.220000000000000195e-01,0.000000000000000000e+00,2.000000000000000111e-01
1.760437534244000000e+12,1.000000000000000000e+00,2.000000000000000000e+00,3.000000000000000000e+00,0.000000000000000000e+00,0.000000000000000000e+00,-3.458678599116756236e-01,2.457273248147526790e-01,-3.379004879542335527e-01,2.475065543686046643e-01,2.197946855491678120e-02,4.588747344695909280e-01,4.040000000000000258e-01,5.220000000000000195e-01,6.435910662641716740e-02,4.682886474529348031e-01,5.999999999999999778e-01,5.220000000000000195e-01,0.000000000000000000e+00,0.000000000000000000e+00
1.760437534447000000e+12,1.000000000000000000e+00,2.000000000000000000e+00,3.000000000000000000e+00,0.000000000000000000e+00,0.000000000000000000e+00,-3.379004879542335527e-01,2.475065543686046643e-01,-3.299284661372474670e-01,2.492856477988293351e-01,6.435910662641716740e-02,4.682886474529348031e-01,4.040000000000000258e-01,5.220000000000000195e-01,1.067634779933644418e-01,4.777018402054462598e-01,5.999999999999999778e-01,5.220000000000000195e-01,0.000000000000000000e+00,0.000000000000000000e+00
1.760437534651000000e+12,1.000000000000000000e+00,2.000000000000000000e+00,3.000000000000000000e+00,0.000000000000000000e+00,0.000000000000000000e+00,-3.296095549570193795e-01,2.493568082768927441e-01,-3.216360587908057012e-01,2.511357494122385958e-01,1.084598140584074472e-01,4.780783506713902620e-01,5.000000000000000000e-01,5.220000000000000195e-01,1.508720277084802108e-01,4.874907376308921236e-01,5.999999999999999778e-01,5.220000000000000195e-01,0.000000000000000000e+00,0.000000000000000000e+00
1.760437534854000000e+12,1.000000000000000000e+00,2.000000000000000000e+00,3.000000000000000000e+00,0.000000000000000000e+00,2.000000000000000000e+00,-3.216360587908057012e-01,2.511357494122385958e-01,-3.174311476688136957e-01,2.529149847697784725e-01,1.508720277084802108e-01,4.874907376308921236e-01,5.000000000000000000e-01,5.220000000000000195e-01,1.732385762297142806e-01,4.969046813215792779e-01,5.000000000000000000e-01,5.220000000000000195e-01,0.000000000000000000e+00,-2.000000000000000111e-01
1.760437535057000000e+12,1.000000000000000000e+00,2.000000000000000000e+00,3.000000000000000000e+00,0.000000000000000000e+00,0.000000000000000000e+00,-3.174311476688136957e-01,2.529149847697784725e-01,-3.177744499997223193e-01,2.547658197839385297e-01,1.732385762297142806e-01,4.969046813215792779e-01,5.000000000000000000e-01,5.220000000000000195e-01,1.714125000014769251e-01,5.066974591742779976e-01,4.960000000000000520e-01,5.220000000000000195e-01,0.000000000000000000e+00,0.000000000000000000e+00
1.760437535261000000e+12,1.000000000000000000e+00,2.000000000000000000e+00,3.000000000000000000e+00,0.000000000000000000e+00,0.000000000000000000e+00,-3.177744499997223193e-01,2.547658197839385297e-01,-3.181202334380481833e-01,2.565457510832019339e-01,1.714125000014769251e-01,5.066974591742779976e-01,5.999999999999999778e-01,5.220000000000000195e-01,1.695732263933606432e-01,5.161150850963065473e-01,4.960000000000000520e-01,5.220000000000000195e-01,0.000000000000000000e+00,0.000000000000000000e+00
1.760437535464000000e+12,1.000000000000000000e+00,2.000000000000000000e+00,3.000000000000000000e+00,-1.000000000000000056e-01,1.000000000000000000e+00,-3.181202334380481833e-01,2.565457510832019339e-01,-3.146932661960670785e-01,2.576737423408668737e-01,1.695732263933606432e-01,5.161150850963065473e-01,5.000000000000000000e-01,5.220000000000000195e-01,1.878017755528345878e-01,5.220832928088194880e-01,5.959999999999999742e-01,4.919999999999999929e-01,-2.000000000000000042e-02,2.000000000000000111e-01
1.760437535666000000e+12,1.000000000000000000e+00,2.000000000000000000e+00,3.000000000000000000e+00,0.000000000000000000e+00,2.000000000000000000e+00,-3.146932661960670785e-01,2.576737423408668737e-01,-3.108197328170682616e-01,2.553942005182487929e-01,1.878017755528345878e-01,5.220832928088194880e-01,6.039999999999999813e-01,4.919999999999999929e-01,2.084056765049559778e-01,5.100222249642794026e-01,4.960000000000000520e-01,4.640000000000000235e-01,0.000000000000000000e+00,-2.000000000000000111e-01
1.760437535870000000e+12,1.000000000000000000e+00,2.000000000000000000e+00,3.000000000000000000e+00,1.000000000000000056e-01,1.000000000000000000e+00,-3.108197328170682616e-01,2.553942005182487929e-01,-3.077139833434242577e-01,2.525494042220250979e-01,2.084056765049559778e-01,5.100222249642794026e-01,7.039999999999999591e-01,4.640000000000000235e-01,2.249256205137006581e-01,4.949703927091275713e-01,5.919999999999999707e-01,4.699999999999999734e-01,2.000000000000000042e-02,2.000000000000000111e-01
1.760437536074000000e+12,1.000000000000000000e+00,2.000000000000000000e+00,3.000000000000000000e+00,1.000000000000000056e-01,0.000000000000000000e+00,-3.077139833434242577e-01,2.525494042220250979e-01,-3.003797242011780333e-01,2.520524986997696448e-01,2.249256205137006581e-01,4.949703927091275713e-01,6.039999999999999813e-01,4.699999999999999734e-01,2.639376372277763561e-01,4.923412629617441860e-01,5.919999999999999707e-01,5.200000000000000178e-01,2.000000000000000042e-02,0.000000000000000000e+00
1.760437536278000000e+12,1.000000000000000000e+00,2.000000000000000000e+00,3.000000000000000000e+00,0.000000000000000000e+00,2.000000000000000000e+00,-3.000862038021595013e-01,2.521164237464612601e-01,-2.965174567655834981e-01,2.540452699163984196e-01,2.654989159459600345e-01,4.926794907220173325e-01,5.040000000000000036e-01,5.220000000000000195e-01,2.844816129490238543e-01,5.028850260126901395e-01,4.919999999999999929e-01,5.240000000000000213e-01,0.000000000000000000e+00,-2.000000000000000111e-01
1.760437536482000000e+12,1.000000000000000000e+00,2.000000000000000000e+00,3.000000000000000000e+00,0.000000000000000000e+00,2.000000000000000000e+00,-2.965174567655834981e-01,2.540452699163984196e-01,-3.009441271632100068e-01,2.559839856402790770e-01,2.844816129490238543e-01,5.028850260126901395e-01,4.000000000000000777e-01,5.240000000000000213e-01,2.609354938127126378e-01,5.131427811654978299e-01,3.920000000000000151e-01,5.240000000000000213e-01,0.000000000000000000e+00,-2.000000000000000111e-01
1.760437536687000000e+12,1.000000000000000000e+00,2.000000000000000000e+00,3.000000000000000000e+00,0.000000000000000000e+00,2.000000000000000000e+00,-3.012874208838319245e-01,2.560615286625566034e-01,-3.140354956775135431e-01,2.579997707715248056e-01,2.591094633838726402e-01,5.135530617066487169e-01,2.999999999999999889e-01,5.240000000000000213e-01,1.913005549068427791e-01,5.238083109604487753e-01,2.879999999999999782e-01,5.240000000000000213e-01,0.000000000000000000e+00,-2.000000000000000111e-01
1.760437536891000000e+12,1.000000000000000000e+00,2.000000000000000000e+00,3.000000000000000000e+00,0.000000000000000000e+00,1.000000000000000000e+00,-3.140354956775135431e-01,2.579997707715248056e-01,-3.272503540977330649e-01,2.599388665019287115e-01,1.913005549068427791e-01,5.238083109604487753e-01,1.959999999999997300e-01,5.240000000000000213e-01,1.210087547992921009e-01,5.340680767297816267e-01,3.880000000000000115e-01,5.240000000000000213e-01,0.000000000000000000e+00,2.000000000000000111e-01
1.760437537093000000e+12,1.000000000000000000e+00,2.000000000000000000e+00,3.000000000000000000e+00,0.000000000000000000e+00,2.000000000000000000e+00,-3.272503540977330649e-01,2.599388665019287115e-01,-3.400465535559331620e-01,2.619566642039686255e-01,1.210087547992921009e-01,5.340680767297816267e-01,5.000000000000000000e-01,5.240000000000000213e-01,5.294386406418519903e-02,5.447442550474531631e-01,2.959999999999999853e-01,5.240000000000000213e-01,0.000000000000000000e+00,-2.000000000000000111e-01
1.760437537297000000e+12,1.000000000000000000e+00,2.000000000000000000e+00,3.000000000000000000e+00,0.000000000000000000e+00,2.000000000000000000e+00,-3.400465535559331620e-01,2.619566642039686255e-01,-3.498002268040635854e-01,2.638978523965097023e-01,5.294386406418519903e-02,5.447442550474531631e-01,5.999999999999999778e-01,5.240000000000000213e-01,1.062623382640385476e-03,5.550150920450249714e-01,5.000000000000000000e-01,5.240000000000000213e-01,0.000000000000000000e+00,-2.000000000000000111e-01
1.760437537501000000e+12,1.000000000000000000e+00,2.000000000000000000e+00,3.000000000000000000e+00,0.000000000000000000e+00,2.000000000000000000e+00,-3.498002268040635854e-01,2.638978523965097023e-01,-3.498345307141337845e-01,2.658412408311919273e-01,1.062623382640385476e-03,5.550150920450249714e-01,5.040000000000000036e-01,5.240000000000000213e-01,8.801557758840067606e-04,5.652975705354070790e-01,5.000000000000000000e-01,5.240000000000000213e-01,0.000000000000000000e+00,-2.000000000000000111e-01
1.760437537706000000e+12,1.000000000000000000e+00,2.000000000000000000e+00,3.000000000000000000e+00,0.000000000000000000e+00,0.000000000000000000e+00,-3.498359118397262324e-01,2.659189850497210572e-01,-3.498706318096680423e-01,2.678627910551195090e-01,8.728093631582202905e-04,5.657089156069897706e-01,4.040000000000000258e-01,5.240000000000000213e-01,6.881286719783802569e-04,5.759936034662408444e-01,5.000000000000000000e-01,5.240000000000000213e-01,0.000000000000000000e+00,0.000000000000000000e+00
1.760437537908000000e+12,1.000000000000000000e+00,2.000000000000000000e+00,3.000000000000000000e+00,0.000000000000000000e+00,0.000000000000000000e+00,-3.498706318096680423e-01,2.678627910551195090e-01,-3.499057241498900739e-01,2.698069872948010706e-01,6.881286719783802569e-04,5.759936034662408444e-01,5.040000000000000036e-01,5.240000000000000213e-01,5.014672878186378618e-04,5.862803560571485662e-01,5.000000000000000000e-01,5.240000000000000213e-01,0.000000000000000000e+00,0.000000000000000000e+00
1.760437538112000000e+12,1.000000000000000000e+00,2.000000000000000000e+00,3.000000000000000000e+00,0.000000000000000000e+00,2.000000000000000000e+00,-3.499057241498900739e-01,2.698069872948010706e-01,-3.499426514542697264e-01,2.718293909501651173e-01,5.014672878186378618e-04,5.862803560571485662e-01,5.000000000000000000e-01,5.240000000000000213e-01,3.050454560119755126e-04,5.969809044982281598e-01,5.000000000000000000e-01,5.240000000000000213e-01,0.000000000000000000e+00,-2.000000000000000111e-01
1.760437538315000000e+12,1.000000000000000000e+00,2.000000000000000000e+00,3.000000000000000000e+00,-1.000000000000000056e-01,2.000000000000000000e+00,-3.499426514542697264e-01,2.718293909501651173e-01,-3.499785129443404585e-01,2.721887387119793500e-01,3.050454560119755126e-04,5.969809044982281598e-01,5.999999999999999778e-01,5.240000000000000213e-01,1.142928492527619822e-04,5.988822154072982462e-01,5.000000000000000000e-01,4.779999999999999805e-01,-2.000000000000000042e-02,-2.000000000000000111e-01
1.760437538519000000e+12,1.000000000000000000e+00,2.000000000000000000e+00,3.000000000000000000e+00,0.000000000000000000e+00,2.000000000000000000e+00,-3.499785129443404585e-01,2.721887387119793500e-01,-3.500139599491863263e-01,2.693165769934796061e-01,1.142928492527619822e-04,5.988822154072982462e-01,4.960000000000000520e-01,4.779999999999999805e-01,-7.425504886355567102e-05,5.836855925580932691e-01,5.000000000000000000e-01,4.599999999999999645e-01,0.000000000000000000e+00,-2.000000000000000111e-01
1.760437538722000000e+12,1.000000000000000000e+00,2.000000000000000000e+00,3.000000000000000000e+00,0.000000000000000000e+00,0.000000000000000000e+00,-3.500153629929315668e-01,2.691895487409020071e-01,-3.500501246554617585e-01,2.660135151506018980e-01,-8.171804750845239188e-05,5.830134854015980306e-01,5.959999999999999742e-01,4.599999999999999645e-01,-2.666205077754292530e-04,5.662090748709095456e-01,5.000000000000000000e-01,4.599999999999999645e-01,0.000000000000000000e+00,0.000000000000000000e+00
1.760437538925000000e+12,1.000000000000000000e+00,2.000000000000000000e+00,3.000000000000000000e+00,0.000000000000000000e+00,1.000000000000000000e+00,-3.500501246554617585e-01,2.660135151506018980e-01,-3.463140840509995599e-01,2.628365723001213627e-01,-2.666205077754292530e-04,5.662090748709095456e-01,6.959999999999999520e-01,4.599999999999999645e-01,1.960593589893839736e-02,5.493998534397955824e-01,5.999999999999999778e-01,4.599999999999999645e-01,0.000000000000000000e+00,2.000000000000000111e-01
1.760437539128000000e+12,1.000000000000000000e+00,2.000000000000000000e+00,3.000000000000000000e+00,1.000000000000000056e-01,1.000000000000000000e+00,-3.463140840509995599e-01,2.628365723001213627e-01,-3.345747321299454291e-01,2.598270104340917319e-01,1.960593589893839736e-02,5.493998534397955824e-01,6.959999999999999520e-01,4.599999999999999645e-01,8.204929718114123416e-02,5.334762456830250965e-01,7.000000000000000666e-01,4.760000000000000342e-01,2.000000000000000042e-02,2.000000000000000111e-01
1.760437539331000000e+12,1.000000000000000000e+00,2.000000000000000000e+00,3.000000000000000000e+00,1.000000000000000056e-01,2.000000000000000000e+00,-3.339390509529044371e-01,2.597493747915144979e-01,-3.214191368082930378e-01,2.598920755992000231e-01,8.543058003774224585e-02,5.330654750873783376e-01,5.959999999999999742e-01,4.760000000000000342e-01,1.520258680409943830e-01,5.338205058158731475e-01,6.039999999999999813e-01,5.280000000000000249e-01,2.000000000000000042e-02,-2.000000000000000111e-01
1.760437539535000000e+12,1.000000000000000000e+00,2.000000000000000000e+00,3.000000000000000000e+00,0.000000000000000000e+00,0.000000000000000000e+00,-3.214191368082930378e-01,2.598920755992000231e-01,-3.131219096265108748e-01,2.623024687891513107e-01,1.520258680409943830e-01,5.338205058158731475e-01,6.959999999999999520e-01,5.280000000000000249e-01,1.961600551781335633e-01,5.465739089373086168e-01,6.039999999999999813e-01,5.300000000000000266e-01,0.000000000000000000e+00,0.000000000000000000e+00
1.760437539738000000e+12,1.000000000000000000e+00,2.000000000000000000e+00,3.000000000000000000e+00,-1.000000000000000056e-01,1.000000000000000000e+00,-3.131219096265108748e-01,2.623024687891513107e-01,-3.007248468320019574e-01,2.644792556875767975e-01,1.961600551781335633e-01,5.465739089373086168e-01,7.000000000000000666e-01,5.300000000000000266e-01,2.621018785531810114e-01,5.580912999342688696e-01,7.000000000000000666e-01,5.100000000000000089e-01,-2.000000000000000042e-02,2.000000000000000111e-01
1.760437539942000000e+12,1.000000000000000000e+00,2.000000000000000000e+00,3.000000000000000000e+00,0.000000000000000000e+00,2.000000000000000000e+00,-3.007248468320019574e-01,2.644792556875767975e-01,-2.882043475649284092e-01,2.633410660132348147e-01,2.621018785531810114e-01,5.580912999342688696e-01,5.999999999999999778e-01,5.080000000000000071e-01,3.287002789099551792e-01,5.520691323451578647e-01,6.039999999999999813e-01,4.699999999999999734e-01,0.000000000000000000e+00,-2.000000000000000111e-01
1.760437540145000000e+12,1.000000000000000000e+00,2.000000000000000000e+00,3.000000000000000000e+00,0.000000000000000000e+00,1.000000000000000000e+00,-2.882043475649284092e-01,2.633410660132348147e-01,-2.761313972824174234e-01,2.609590331521353668e-01,3.287002789099551792e-01,5.520691323451578647e-01,7.000000000000000666e-01,4.699999999999999734e-01,3.929180995616093908e-01,5.394657838737321187e-01,7.039999999999999591e-01,4.699999999999999734e-01,0.000000000000000000e+00,2.000000000000000111e-01
1.760437540348000000e+12,1.000000000000000000e+00,2.000000000000000000e+00,3.000000000000000000e+00,0.000000000000000000e+00,0.000000000000000000e+00,-2.761313972824174234e-01,2.609590331521353668e-01,-2.588614368814576849e-01,2.584797027681017267e-01,3.929180995616093908e-01,5.394657838737321187e-01,5.999999999999999778e-01,4.699999999999999734e-01,4.847795910560760979e-01,5.263476336936599997e-01,7.079999999999999627e-01,4.699999999999999734e-01,0.000000000000000000e+00,0.000000000000000000e+00
1.760437540552000000e+12,1.000000000000000000e+00,2.000000000000000000e+00,3.000000000000000000e+00,0.000000000000000000e+00,2.000000000000000000e+00,-2.588614368814576849e-01,2.584797027681017267e-01,-2.460093469913659514e-01,2.560957384005628223e-01,4.847795910560760979e-01,5.263476336936599997e-01,4.960000000000000520e-01,4.699999999999999734e-01,5.531417713225215138e-01,5.137340656114435244e-01,6.079999999999999849e-01,4.699999999999999734e-01,0.000000000000000000e+00,-2.000000000000000111e-01
1.760437540754000000e+12,1.000000000000000000e+00,2.000000000000000000e+00,3.000000000000000000e+00,0.000000000000000000e+00,1.000000000000000000e+00,-2.460093469913659514e-01,2.560957384005628223e-01,-2.336133065990437241e-01,2.537112119760954743e-01,5.531417713225215138e-01,5.137340656114435244e-01,4.960000000000000520e-01,4.699999999999999734e-01,6.190781563880652927e-01,5.011175236830448521e-01,7.079999999999999627e-01,4.699999999999999734e-01,0.000000000000000000e+00,2.000000000000000111e-01
1.760437540958000000e+12,1.000000000000000000e+00,2.000000000000000000e+00,3.000000000000000000e+00,0.000000000000000000e+00,0.000000000000000000e+00,-2.329514163678498839e-01,2.536157774468974502e-01,-2.160064388118202172e-01,2.512294339935565723e-01,6.225988491071814401e-01,5.006125790841134959e-01,3.920000000000000151e-01,4.699999999999999734e-01,7.127317084477647890e-01,4.879864232463311247e-01,7.120000000000000773e-01,4.699999999999999734e-01,0.000000000000000000e+00,0.000000000000000000e+00
1.760437541161000000e+12,1.000000000000000000e+00,2.000000000000000000e+00,3.000000000000000000e+00,0.000000000000000000e+00,2.000000000000000000e+00,-2.160064388118202172e-01,2.512294339935565723e-01,-2.028276127550051045e-01,2.488433194765327372e-01,7.127317084477647890e-01,4.879864232463311247e-01,4.919999999999999929e-01,4.699999999999999734e-01,7.828318470478451419e-01,4.753614787118135010e-01,6.119999999999999885e-01,4.699999999999999734e-01,0.000000000000000000e+00,-2.000000000000000111e-01
1.760437541365000000e+12,1.000000000000000000e+00,2.000000000000000000e+00,3.000000000000000000e+00,0.000000000000000000e+00,1.000000000000000000e+00,-2.028276127550051045e-01,2.488433194765327372e-01,-1.900623127837515747e-01,2.463613944409399348e-01,7.828318470478451419e-01,4.753614787118135010e-01,5.919999999999999707e-01,4.699999999999999734e-01,8.507323788098321016e-01,4.622296002166134676e-01,7.079999999999999627e-01,4.699999999999999734e-01,0.000000000000000000e+00,2.000000000000000111e-01
1.760437541569000000e+12,1.000000000000000000e+00,2.000000000000000000e+00,3.000000000000000000e+00,0.000000000000000000e+00,0.000000000000000000e+00,-1.900623127837515747e-01,2.463613944409399348e-01,-1.734315589918055123e-01,2.439732383372777147e-01,8.507323788098321016e-01,4.622296002166134676e-01,6.959999999999999520e-01,4.699999999999999734e-01,9.391938351499706794e-01,4.495938536363900950e-01,7.079999999999999627e-01,4.699999999999999734e-01,0.000000000000000000e+00,0.000000000000000000e+00
1.760437541772000000e+12,1.000000000000000000e+00,2.000000000000000000e+00,3.000000000000000000e+00,0.000000000000000000e+00,0.000000000000000000e+00,-1.734315589918055123e-01,2.439732383372777147e-01,-1.626216528875804312e-01,2.415853835434219610e-01,9.391938351499706794e-01,4.495938536363900950e-01,7.960000000000002629e-01,4.699999999999999734e-01,9.966933357043594732e-01,4.369597012879469222e-01,5.000000000000000000e-01,4.699999999999999734e-01,0.000000000000000000e+00,0.000000000000000000e+00
1.760437541976000000e+12,1.000000000000000000e+00,2.000000000000000000e+00,3.000000000000000000e+00,0.000000000000000000e+00,2.000000000000000000e+00,-1.626218587212705791e-01,2.414899252824393439e-01,-1.663965664377003995e-01,2.391031824480669421e-01,9.966922408443054104e-01,4.364546311240177223e-01,7.960000000000002629e-01,4.699999999999999734e-01,9.766140083101042535e-01,4.238263621590843688e-01,4.000000000000000777e-01,4.699999999999999734e-01,0.000000000000000000e+00,-2.000000000000000111e-01
1.760437542179000000e+12,1.000000000000000000e+00,2.000000000000000000e+00,3.000000000000000000e+00,0.000000000000000000e+00,0.000000000000000000e+00,-1.663965664377003995e-01,2.391031824480669421e-01,-1.743987317507429413e-01,2.367158390349186070e-01,9.766140083101042535e-01,4.238263621590843688e-01,4.919999999999999929e-01,4.699999999999999734e-01,9.340492991981758086e-01,4.111949155286699353e-01,4.000000000000000777e-01,4.699999999999999734e-01,0.000000000000000000e+00,0.000000000000000000e+00
1.760437542383000000e+12,1.000000000000000000e+00,2.000000000000000000e+00,3.000000000000000000e+00,0.000000000000000000e+00,1.000000000000000000e+00,-1.743987317507429413e-01,2.367158390349186070e-01,-1.789534746423175338e-01,2.342332809215597889e-01,9.340492991981758086e-01,4.111949155286699353e-01,3.920000000000000151e-01,4.699999999999999734e-01,9.098219433919280119e-01,3.980596874156602794e-01,4.960000000000000520e-01,4.699999999999999734e-01,0.000000000000000000e+00,2.000000000000000111e-01
1.760437542587000000e+12,1.000000000000000000e+00,2.000000000000000000e+00,3.000000000000000000e+00,1.000000000000000056e-01,0.000000000000000000e+00,-1.789534746423175338e-01,2.342332809215597889e-01,-1.789623709714574518e-01,2.318510486025732453e-01,9.098219433919280119e-01,3.980596874156602794e-01,2.919999999999999818e-01,4.699999999999999734e-01,9.097746224922476088e-01,3.854552836114986669e-01,5.000000000000000000e-01,4.740000000000000324e-01,2.000000000000000042e-02,0.000000000000000000e+00
1.760437542791000000e+12,1.000000000000000000e+00,2.000000000000000000e+00,3.000000000000000000e+00,1.000000000000000056e-01,2.000000000000000000e+00,-1.789623709714574518e-01,2.318510486025732453e-01,-1.827425495868942318e-01,2.316700783827799204e-01,9.097746224922476088e-01,3.854552836114986669e-01,1.879999999999997229e-01,4.740000000000000324e-01,8.896672894314137103e-01,3.844977692210578279e-01,4.000000000000000777e-01,5.240000000000000213e-01,2.000000000000000042e-02,-2.000000000000000111e-01
1.760437542994000000e+12,1.000000000000000000e+00,2.000000000000000000e+00,3.000000000000000000e+00,0.000000000000000000e+00,2.000000000000000000e+00,-1.830595941661182224e-01,2.317457714729396767e-01,-1.951512783267621842e-01,2.347672609343712247e-01,8.879808820951158310e-01,3.848982617615856472e-01,1.879999999999997229e-01,5.240000000000000213e-01,8.236634131555202742e-01,4.008849784887366652e-01,2.959999999999999853e-01,5.400000000000000355e-01,0.000000000000000000e+00,-2.000000000000000111e-01
1.760437543197000000e+12,1.000000000000000000e+00,2.000000000000000000e+00,3.000000000000000000e+00,0.000000000000000000e+00,0.000000000000000000e+00,-1.951512783267621842e-01,2.347672609343712247e-01,-2.114765675619075525e-01,2.379788084453404173e-01,8.236634131555202742e-01,4.008849784887366652e-01,1.879999999999997229e-01,5.400000000000000355e-01,7.368267682877257529e-01,4.178772933615895746e-01,2.959999999999999853e-01,5.400000000000000355e-01,0.000000000000000000e+00,0.000000000000000000e+00
1.760437543401000000e+12,1.000000000000000000e+00,2.000000000000000000e+00,3.000000000000000000e+00,0.000000000000000000e+00,0.000000000000000000e+00,-2.114765675619075525e-01,2.379788084453404173e-01,-2.278066360714719740e-01,2.411910978709987663e-01,7.368267682877257529e-01,4.178772933615895746e-01,8.800000000000030020e-02,5.400000000000000355e-01,6.499647017474894373e-01,4.348735337089882358e-01,2.959999999999999853e-01,5.400000000000000355e-01,0.000000000000000000e+00,0.000000000000000000e+00
1.760437543604000000e+12,1.000000000000000000e+00,2.000000000000000000e+00,3.000000000000000000e+00,0.000000000000000000e+00,0.000000000000000000e+00,-2.278066360714719740e-01,2.411910978709987663e-01,-2.447917750761132161e-01,2.445326978881003088e-01,6.499647017474894373e-01,4.348735337089882358e-01,1.839999999999997193e-01,5.400000000000000355e-01,5.596182176802487751e-01,4.525539570798958744e-01,2.959999999999999853e-01,5.400000000000000355e-01,0.000000000000000000e+00,0.000000000000000000e+00
1.760437543808000000e+12,1.000000000000000000e+00,2.000000000000000000e+00,3.000000000000000000e+00,0.000000000000000000e+00,2.000000000000000000e+00,-2.447917750761132161e-01,2.445326978881003088e-01,-2.649001989525290313e-01,2.477455036663976373e-01,5.596182176802487751e-01,4.525539570798958744e-01,8.400000000000032441e-02,5.400000000000000355e-01,4.526585162099519000e-01,4.695529294518394070e-01,1.959999999999997300e-01,5.400000000000000355e-01,0.000000000000000000e+00,-2.000000000000000111e-01
1.760437544012000000e+12,1.000000000000000000e+00,2.000000000000000000e+00,3.000000000000000000e+00,0.000000000000000000e+00,1.000000000000000000e+00,-2.649001989525290313e-01,2.477455036663976373e-01,-2.854658015697090212e-01,2.509592487558020557e-01,4.526585162099519000e-01,4.695529294518394070e-01,5.720000000000000639e-01,5.400000000000000355e-01,3.432670129270796178e-01,4.865568717238204499e-01,2.959999999999999853e-01,5.400000000000000355e-01,0.000000000000000000e+00,2.000000000000000111e-01
1.760437544214000000e+12,1.000000000000000000e+00,2.000000000000000000e+00,3.000000000000000000e+00,0.000000000000000000e+00,0.000000000000000000e+00,-2.854658015697090212e-01,2.509592487558020557e-01,-3.021454851306847877e-01,2.543040574109396990e-01,3.432670129270796178e-01,4.865568717238204499e-01,4.720000000000000306e-01,5.400000000000000355e-01,2.545452918580595747e-01,5.042542720155540614e-01,2.999999999999999889e-01,5.400000000000000355e-01,0.000000000000000000e+00,0.000000000000000000e+00
1.760437544417000000e+12,1.000000000000000000e+00,2.000000000000000000e+00,3.000000000000000000e+00,0.000000000000000000e+00,2.000000000000000000e+00,-3.021454851306847877e-01,2.543040574109396990e-01,-3.219406015576966040e-01,2.575202327330182173e-01,2.545452918580595747e-01,5.042542720155540614e-01,5.720000000000000639e-01,5.400000000000000355e-01,1.492521193739541341e-01,5.212710726614721013e-01,1.999999999999997613e-01,5.400000000000000355e-01,0.000000000000000000e+00,-2.000000000000000111e-01
1.760437544621000000e+12,1.000000000000000000e+00,2.000000000000000000e+00,3.000000000000000000e+00,-1.000000000000000056e-01,0.000000000000000000e+00,-3.219406015576966040e-01,2.575202327330182173e-01,-3.459628819178097725e-01,2.606786932199122719e-01,1.492521193739541341e-01,5.212710726614721013e-01,5.720000000000000639e-01,5.400000000000000355e-01,2.147403235207556368e-02,5.379825038090596534e-01,1.999999999999997613e-01,5.300000000000000266e-01,-2.000000000000000042e-02,0.000000000000000000e+00
1.760437544825000000e+12,1.000000000000000000e+00,2.000000000000000000e+00,3.000000000000000000e+00,0.000000000000000000e+00,1.000000000000000000e+00,-3.469240128023472480e-01,2.607769744388479527e-01,-3.459276072683493686e-01,2.611716734548468200e-01,1.636163403006771558e-02,5.385025102584548584e-01,4.720000000000000306e-01,5.280000000000000249e-01,2.166166346622664871e-02,5.405908648404593730e-01,5.919999999999999707e-01,4.840000000000000413e-01,0.000000000000000000e+00,2.000000000000000111e-01
1.760437545028000000e+12,1.000000000000000000e+00,2.000000000000000000e+00,3.000000000000000000e+00,0.000000000000000000e+00,2.000000000000000000e+00,-3.459276072683493686e-01,2.611716734548468200e-01,-3.423734662308159926e-01,2.599135780029871445e-01,2.166166346622664871e-02,5.405908648404593730e-01,4.720000000000000306e-01,4.840000000000000413e-01,4.056666898502120366e-02,5.339342751480802285e-01,4.919999999999999929e-01,4.840000000000000413e-01,0.000000000000000000e+00,-2.000000000000000111e-01
1.760437545232000000e+12,1.000000000000000000e+00,2.000000000000000000e+00,3.000000000000000000e+00,0.000000000000000000e+00,2.000000000000000000e+00,-3.423734662308159926e-01,2.599135780029871445e-01,-3.471581160324019866e-01,2.586048563808836520e-01,4.056666898502120366e-02,5.339342751480802285e-01,5.760000000000000675e-01,4.840000000000000413e-01,1.511640408296804038e-02,5.270098221210776090e-01,3.880000000000000115e-01,4.840000000000000413e-01,0.000000000000000000e+00,-2.000000000000000111e-01
1.760437545435000000e+12,1.000000000000000000e+00,2.000000000000000000e+00,3.000000000000000000e+00,0.000000000000000000e+00,2.000000000000000000e+00,-3.471581160324019866e-01,2.586048563808836520e-01,-3.496209700653031272e-01,2.573466314462370952e-01,1.511640408296804038e-02,5.270098221210776090e-01,6.759999999999999343e-01,4.840000000000000413e-01,2.016116673919418623e-03,5.203525473345879115e-01,5.000000000000000000e-01,4.840000000000000413e-01,0.000000000000000000e+00,-2.000000000000000111e-01
1.760437545637000000e+12,1.000000000000000000e+00,2.000000000000000000e+00,3.000000000000000000e+00,0.000000000000000000e+00,1.000000000000000000e+00,-3.496209700653031272e-01,2.573466314462370952e-01,-3.458833113800737213e-01,2.560881617317564141e-01,2.016116673919418623e-03,5.203525473345879115e-01,5.760000000000000675e-01,4.840000000000000413e-01,2.189727989322477059e-02,5.136939774167006423e-01,5.999999999999999778e-01,4.840000000000000413e-01,0.000000000000000000e+00,2.000000000000000111e-01
1.760437545841000000e+12,1.000000000000000000e+00,2.000000000000000000e+00,3.000000000000000000e+00,0.000000000000000000e+00,1.000000000000000000e+00,-3.455677505577945396e-01,2.560377982182130974e-01,-3.335119005696103311e-01,2.547773905106735515e-01,2.357579490534807837e-02,5.134275038000694069e-01,5.760000000000000675e-01,4.840000000000000413e-01,8.770265654462579274e-02,5.067586799506538231e-01,7.039999999999999591e-01,4.840000000000000413e-01,0.000000000000000000e+00,2.000000000000000111e-01
1.760437546044000000e+12,1.000000000000000000e+00,2.000000000000000000e+00,3.000000000000000000e+00,0.000000000000000000e+00,1.000000000000000000e+00,-3.335119005696103311e-01,2.547773905106735515e-01,-3.134516135657436919e-01,2.535137193775329756e-01,8.770265654462579274e-02,5.067586799506538231e-01,5.760000000000000675e-01,4.840000000000000413e-01,1.944063108205121848e-01,5.000725892991163546e-01,8.040000000000002700e-01,4.840000000000000413e-01,0.000000000000000000e+00,2.000000000000000111e-01
1.760437546246000000e+12,1.000000000000000000e+00,2.000000000000000000e+00,3.000000000000000000e+00,0.000000000000000000e+00,0.000000000000000000e+00,-3.134516135657436919e-01,2.535137193775329756e-01,-2.891551315524267807e-01,2.522473253282727090e-01,1.944063108205121848e-01,5.000725892991163546e-01,4.760000000000000342e-01,4.840000000000000413e-01,3.236429172743255367e-01,4.933720916839826609e-01,8.040000000000002700e-01,4.840000000000000413e-01,0.000000000000000000e+00,0.000000000000000000e+00
1.760437546450000000e+12,1.000000000000000000e+00,2.000000000000000000e+00,3.000000000000000000e+00,1.000000000000000056e-01,0.000000000000000000e+00,-2.881830688146960195e-01,2.521966417073241429e-01,-2.638800761346853929e-01,2.512682465005356414e-01,3.288134637516168524e-01,4.931039243773764902e-01,5.720000000000000639e-01,4.840000000000000413e-01,4.580847014112478521e-01,4.881917804261145521e-01,8.040000000000002700e-01,5.060000000000000053e-01,2.000000000000000042e-02,0.000000000000000000e+00
1.760437546653000000e+12,1.000000000000000000e+00,2.000000000000000000e+00,3.000000000000000000e+00,0.000000000000000000e+00,1.000000000000000000e+00,-2.638800761346853929e-01,2.512682465005356414e-01,-2.357999424586189607e-01,2.532370314959375701e-01,4.580847014112478521e-01,4.881917804261145521e-01,6.719999999999999307e-01,5.060000000000000053e-01,6.074471145818139961e-01,4.986086322536379956e-01,9.039999999999998037e-01,5.320000000000000284e-01,0.000000000000000000e+00,2.000000000000000111e-01
1.760437546856000000e+12,1.000000000000000000e+00,2.000000000000000000e+00,3.000000000000000000e+00,0.000000000000000000e+00,1.000000000000000000e+00,-2.357999424586189607e-01,2.532370314959375701e-01,-1.997270087869303934e-01,2.558013663130179194e-01,6.074471145818139961e-01,4.986086322536379956e-01,5.720000000000000639e-01,5.320000000000000284e-01,7.993244213461149217e-01,5.121765413387192600e-01,1.000000007450580597e+00,5.320000000000000284e-01,0.000000000000000000e+00,2.000000000000000111e-01
1.760437547059000000e+12,1.000000000000000000e+00,2.000000000000000000e+00,3.000000000000000000e+00,0.000000000000000000e+00,1.000000000000000000e+00,-1.981274388356981664e-01,2.559038204079475687e-01,-1.625364663504387241e-01,2.584664610850708755e-01,8.078327721505417225e-01,5.127186264970771123e-01,4.679999999999999716e-01,5.320000000000000284e-01,9.971464555827728171e-01,5.262775718786819601e-01,5.000000000000000000e-01,5.320000000000000284e-01,0.000000000000000000e+00,2.000000000000000111e-01
1.760437547263000000e+12,1.000000000000000000e+00,2.000000000000000000e+00,3.000000000000000000e+00,0.000000000000000000e+00,2.000000000000000000e+00,-1.625364663504387241e-01,2.584664610850708755e-01,-1.663127709934946741e-01,2.610419408845522371e-01,9.971464555827728171e-01,5.262775718786819601e-01,3.680000000000001048e-01,5.320000000000000284e-01,9.770597287580070622e-01,5.399044491246151045e-01,4.000000000000000777e-01,5.320000000000000284e-01,0.000000000000000000e+00,-2.000000000000000111e-01
1.760437547466000000e+12,1.000000000000000000e+00,2.000000000000000000e+00,3.000000000000000000e+00,-1.000000000000000056e-01,2.000000000000000000e+00,-1.663127709934946741e-01,2.610419408845522371e-01,-1.787193243556519373e-01,2.631581087118853302e-01,9.770597287580070622e-01,5.399044491246151045e-01,4.679999999999999716e-01,5.320000000000000284e-01,9.110674236401492543e-01,5.511011042956895922e-01,2.999999999999999889e-01,5.060000000000000053e-01,-2.000000000000000042e-02,-2.000000000000000111e-01
1.760437547669000000e+12,1.000000000000000000e+00,2.000000000000000000e+00,3.000000000000000000e+00,-1.000000000000000056e-01,0.000000000000000000e+00,-1.787193243556519373e-01,2.631581087118853302e-01,-1.950449783787523150e-01,2.616096919867555437e-01,9.110674236401492543e-01,5.511011042956895922e-01,5.720000000000000639e-01,5.040000000000000036e-01,8.242288384108918953e-01,5.429084232103468244e-01,2.959999999999999853e-01,4.540000000000000147e-01,-2.000000000000000042e-02,0.000000000000000000e+00
1.760437547872000000e+12,1.000000000000000000e+00,2.000000000000000000e+00,3.000000000000000000e+00,0.000000000000000000e+00,1.000000000000000000e+00,-1.950449783787523150e-01,2.616096919867555437e-01,-2.076076102178436300e-01,2.560627780005556020e-01,8.242288384108918953e-01,5.429084232103468244e-01,4.720000000000000306e-01,4.540000000000000147e-01,7.574063286284913321e-01,5.135596719606116967e-01,3.960000000000000187e-01,4.040000000000000258e-01,0.000000000000000000e+00,2.000000000000000111e-01
1.760437548075000000e+12,1.000000000000000000e+00,2.000000000000000000e+00,3.000000000000000000e+00,0.000000000000000000e+00,2.000000000000000000e+00,-2.076076102178436300e-01,2.560627780005556020e-01,-2.197240651056789618e-01,2.480919205247727743e-01,7.574063286284913321e-01,5.135596719606116967e-01,5.720000000000000639e-01,4.040000000000000258e-01,6.929571005017076679e-01,4.713858228823956664e-01,2.999999999999999889e-01,4.040000000000000258e-01,0.000000000000000000e+00,-2.000000000000000111e-01
1.760437548279000000e+12,1.000000000000000000e+00,2.000000000000000000e+00,3.000000000000000000e+00,0.000000000000000000e+00,1.000000000000000000e+00,-2.197240651056789618e-01,2.480919205247727743e-01,-2.319624066242112481e-01,2.404252904301549809e-01,6.929571005017076679e-01,4.713858228823956664e-01,4.760000000000000342e-01,4.040000000000000258e-01,6.278595392329188174e-01,4.308216424875925266e-01,3.999999999999999667e-01,4.040000000000000258e-01,0.000000000000000000e+00,2.000000000000000111e-01
1.760437548482000000e+12,1.000000000000000000e+00,2.000000000000000000e+00,3.000000000000000000e+00,1.000000000000000056e-01,1.000000000000000000e+00,-2.319624066242112481e-01,2.404252904301549809e-01,-2.362010251410636141e-01,2.330977547508726044e-01,6.278595392329188174e-01,4.308216424875925266e-01,5.760000000000000675e-01,4.040000000000000258e-01,6.053136960581722015e-01,3.920516124384794132e-01,5.000000000000000000e-01,4.260000000000000453e-01,2.000000000000000042e-02,2.000000000000000111e-01
1.760437548686000000e+12,1.000000000000000000e+00,2.000000000000000000e+00,3.000000000000000000e+00,0.000000000000000000e+00,2.000000000000000000e+00,-2.362046251113267825e-01,2.328599156578426976e-01,-2.396690924080914498e-01,2.287229957978948736e-01,6.052945472801766202e-01,3.907932045388503028e-01,4.760000000000000342e-01,4.280000000000000471e-01,5.868665297441943984e-01,3.689047396714014715e-01,4.040000000000000258e-01,4.579999999999999627e-01,0.000000000000000000e+00,-2.000000000000000111e-01
1.760437548891000000e+12,1.000000000000000000e+00,2.000000000000000000e+00,3.000000000000000000e+00,0.000000000000000000e+00,0.000000000000000000e+00,-2.396690924080914498e-01,2.287229957978948736e-01,-2.473563686855188570e-01,2.253757923352742165e-01,5.868665297441943984e-01,3.689047396714014715e-01,3.720000000000001084e-01,4.579999999999999627e-01,5.459767623110698409e-01,3.511946684406043739e-01,4.040000000000000258e-01,4.579999999999999627e-01,0.000000000000000000e+00,0.000000000000000000e+00
1.760437549096000000e+12,1.000000000000000000e+00,2.000000000000000000e+00,3.000000000000000000e+00,0.000000000000000000e+00,2.000000000000000000e+00,-2.476639996217668283e-01,2.252419016257832807e-01,-2.591215540035332610e-01,2.218938401653281489e-01,5.443404275437934148e-01,3.504862519882713801e-01,2.719999999999999085e-01,4.579999999999999627e-01,4.833959893429081167e-01,3.327716410863923446e-01,3.039999999999999925e-01,4.579999999999999627e-01,0.000000000000000000e+00,-2.000000000000000111e-01
1.760437549299000000e+12,1.000000000000000000e+00,2.000000000000000000e+00,3.000000000000000000e+00,1.000000000000000056e-01,2.000000000000000000e+00,-2.591215540035332610e-01,2.218938401653281489e-01,-2.785821990966562134e-01,2.199911278330603792e-01,4.833959893429081167e-01,3.327716410863923446e-01,1.719999999999997919e-01,4.579999999999999627e-01,3.798819196986371050e-01,3.227043800691025699e-01,2.039999999999997649e-01,5.020000000000000018e-01,2.000000000000000042e-02,-2.000000000000000111e-01
1.760437549502000000e+12,1.000000000000000000e+00,2.000000000000000000e+00,3.000000000000000000e+00,1.000000000000000056e-01,2.000000000000000000e+00,-2.785821990966562134e-01,2.199911278330603792e-01,-3.060479992934187488e-01,2.220453425892429666e-01,3.798819196986371050e-01,3.227043800691025699e-01,5.000000000000000000e-01,5.020000000000000018e-01,2.337872378009640262e-01,3.335732412129258084e-01,1.040000000000002034e-01,5.519999999999999352e-01,2.000000000000000042e-02,-2.000000000000000111e-01
1.760437549705000000e+12,1.000000000000000000e+00,2.000000000000000000e+00,3.000000000000000000e+00,0.000000000000000000e+00,1.000000000000000000e+00,-3.073126079138490674e-01,2.222104580790886519e-01,-3.355559983642491528e-01,2.266918190948363498e-01,2.270605962029303981e-01,3.344468681433262480e-01,5.000000000000000000e-01,5.540000000000000480e-01,7.682979593484481895e-02,3.581577729885521699e-01,1.999999999999997613e-01,5.560000000000000497e-01,0.000000000000000000e+00,2.000000000000000111e-01
1.760437549911000000e+12,1.000000000000000000e+00,2.000000000000000000e+00,3.000000000000000000e+00,0.000000000000000000e+00,0.000000000000000000e+00,-3.355559983642491528e-01,2.266918190948363498e-01,-3.492632474875030368e-01,2.311865580825993582e-01,7.682979593484481895e-02,3.581577729885521699e-01,5.999999999999999778e-01,5.560000000000000497e-01,3.918896343068835331e-03,3.819394607544939757e-01,5.000000000000000000e-01,5.560000000000000497e-01,0.000000000000000000e+00,0.000000000000000000e+00
1.760437550114000000e+12,1.000000000000000000e+00,2.000000000000000000e+00,3.000000000000000000e+00,0.000000000000000000e+00,2.000000000000000000e+00,-3.492643461926988602e-01,2.313664593241247514e-01,-3.492921390210327326e-01,2.358643153071148801e-01,3.913052166495307321e-03,3.828913191752632561e-01,5.040000000000000036e-01,5.560000000000000497e-01,3.765217973230028208e-03,4.066894989794438420e-01,5.000000000000000000e-01,5.560000000000000497e-01,0.000000000000000000e+00,-2.000000000000000111e-01
1.760437550317000000e+12,1.000000000000000000e+00,2.000000000000000000e+00,3.000000000000000000e+00,0.000000000000000000e+00,2.000000000000000000e+00,-3.492921390210327326e-01,2.358643153071148801e-01,-3.493206487562138807e-01,2.403628499980353939e-01,3.765217973230028208e-03,4.066894989794438420e-01,5.040000000000000036e-01,5.560000000000000497e-01,3.613570445670729898e-03,4.304912698308751562e-01,5.000000000000000000e-01,5.560000000000000497e-01,0.000000000000000000e+00,-2.000000000000000111e-01
1.760437550521000000e+12,1.000000000000000000e+00,2.000000000000000000e+00,3.000000000000000000e+00,0.000000000000000000e+00,0.000000000000000000e+00,-3.493206487562138807e-01,2.403628499980353939e-01,-3.493511519798330189e-01,2.450421119871271092e-01,3.613570445670729898e-03,4.304912698308751562e-01,5.040000000000000036e-01,5.560000000000000497e-01,3.451319256207228611e-03,4.552492697731593818e-01,5.000000000000000000e-01,5.560000000000000497e-01,0.000000000000000000e+00,0.000000000000000000e+00
1.760437550725000000e+12,1.000000000000000000e+00,2.000000000000000000e+00,3.000000000000000000e+00,-1.000000000000000056e-01,0.000000000000000000e+00,-3.493511519798330189e-01,2.450421119871271092e-01,-3.493813224109756366e-01,2.493221735673009642e-01,3.451319256207228611e-03,4.552492697731593818e-01,5.040000000000000036e-01,5.560000000000000497e-01,3.290838239491177247e-03,4.778950982396876768e-01,5.000000000000000000e-01,5.379999999999999227e-01,-2.000000000000000042e-02,0.000000000000000000e+00
1.760437550928000000e+12,1.000000000000000000e+00,2.000000000000000000e+00,3.000000000000000000e+00,-1.000000000000000056e-01,2.000000000000000000e+00,-3.493813224109756366e-01,2.493221735673009642e-01,-3.494122966908217442e-01,2.505011606489271903e-01,3.290838239491177247e-03,4.778950982396876768e-01,6.039999999999999813e-01,5.379999999999999227e-01,3.126081431799114865e-03,4.841331251265989510e-01,5.000000000000000000e-01,4.879999999999999893e-01,-2.000000000000000042e-02,-2.000000000000000111e-01
1.760437551132000000e+12,1.000000000000000000e+00,2.000000000000000000e+00,3.000000000000000000e+00,0.000000000000000000e+00,2.000000000000000000e+00,-3.494135409699382078e-01,2.504651871254056639e-01,-3.494444841424328430e-01,2.493665215675341662e-01,3.119462925860479359e-03,4.839427890233104490e-01,7.039999999999999591e-01,4.879999999999999893e-01,2.954871582803909272e-03,4.781297437435670927e-01,5.000000000000000000e-01,4.860000000000000431e-01,0.000000000000000000e+00,-2.000000000000000111e-01
1.760437551335000000e+12,1.000000000000000000e+00,2.000000000000000000e+00,3.000000000000000000e+00,0.000000000000000000e+00,0.000000000000000000e+00,-3.494444841424328430e-01,2.493665215675341662e-01,-3.494752285506245171e-01,2.482668649690014939e-01,2.954871582803909272e-03,4.781297437435670927e-01,8.080000000000003846e-01,4.860000000000000431e-01,2.791337496677983102e-03,4.723114548624418041e-01,5.000000000000000000e-01,4.860000000000000431e-01,0.000000000000000000e+00,0.000000000000000000e+00
1.760437551538000000e+12,1.000000000000000000e+00,2.000000000000000000e+00,3.000000000000000000e+00,0.000000000000000000e+00,0.000000000000000000e+00,-3.494752285506245171e-01,2.482668649690014939e-01,-3.495057645335002405e-01,2.471670135360721221e-01,2.791337496677983102e-03,4.723114548624418041e-01,9.079999999999996962e-01,4.860000000000000431e-01,2.628912055849666647e-03,4.664921351114927894e-01,5.000000000000000000e-01,4.860000000000000431e-01,0.000000000000000000e+00,0.000000000000000000e+00
1.760437551742000000e+12,1.000000000000000000e+00,2.000000000000000000e+00,3.000000000000000000e+00,0.000000000000000000e+00,1.000000000000000000e+00,-3.495069821298711910e-01,2.471230157149559847e-01,-3.457672584839596164e-01,2.460227293542685267e-01,2.622435479408441114e-03,4.662593424071745929e-01,8.080000000000003846e-01,4.860000000000000431e-01,2.251458253212958519e-02,4.604377214511563010e-01,5.999999999999999778e-01,4.860000000000000431e-01,0.000000000000000000e+00,2.000000000000000111e-01
1.760437551946000000e+12,1.000000000000000000e+00,2.000000000000000000e+00,3.000000000000000000e+00,0.000000000000000000e+00,0.000000000000000000e+00,-3.457672584839596164e-01,2.460227293542685267e-01,-3.377982868568577546e-01,2.449214669196007610e-01,2.251458253212958519e-02,4.604377214511563010e-01,7.039999999999999591e-01,4.860000000000000431e-01,6.490272948479906823e-02,4.546109360825437706e-01,5.999999999999999778e-01,4.860000000000000431e-01,0.000000000000000000e+00,0.000000000000000000e+00
1.760437552149000000e+12,1.000000000000000000e+00,2.000000000000000000e+00,3.000000000000000000e+00,0.000000000000000000e+00,1.000000000000000000e+00,-3.374793571883850651e-01,2.448774019563248472e-01,-3.257349813990473297e-01,2.437747661270400212e-01,6.659916389156869676e-02,4.543777881287029419e-01,8.040000000000002700e-01,4.860000000000000431e-01,1.290692478774077279e-01,4.485437361219049013e-01,7.000000000000000666e-01,4.860000000000000431e-01,0.000000000000000000e+00,2.000000000000000111e-01
1.760437552352000000e+12,1.000000000000000000e+00,2.000000000000000000e+00,3.000000000000000000e+00,1.000000000000000056e-01,1.000000000000000000e+00,-3.257349813990473297e-01,2.437747661270400212e-01,-3.059819983355611672e-01,2.430771464822504002e-01,1.290692478774077279e-01,4.485437361219049013e-01,7.039999999999999591e-01,4.860000000000000431e-01,2.341383067257383765e-01,4.448526268902138203e-01,8.000000000000002665e-01,5.100000000000000089e-01,2.000000000000000042e-02,2.000000000000000111e-01
1.760437552555000000e+12,1.000000000000000000e+00,2.000000000000000000e+00,3.000000000000000000e+00,0.000000000000000000e+00,0.000000000000000000e+00,-3.059819983355611672e-01,2.430771464822504002e-01,-2.820016958740707569e-01,2.457129409989795565e-01,2.341383067257383765e-01,4.448526268902138203e-01,5.999999999999999778e-01,5.100000000000000089e-01,3.616931070528150438e-01,4.587986296242305140e-01,8.000000000000002665e-01,5.499999999999999334e-01,0.000000000000000000e+00,0.000000000000000000e+00
1.760437552759000000e+12,1.000000000000000000e+00,2.000000000000000000e+00,3.000000000000000000e+00,0.000000000000000000e+00,1.000000000000000000e+00,-2.820016958740707569e-01,2.457129409989795565e-01,-2.532879787041425468e-01,2.498828529408947119e-01,3.616931070528150438e-01,4.587986296242305140e-01,5.000000000000000000e-01,5.499999999999999334e-01,5.144256451907310845e-01,4.808616557719297413e-01,8.999999999999998002e-01,5.499999999999999334e-01,0.000000000000000000e+00,2.000000000000000111e-01
1.760437552962000000e+12,1.000000000000000000e+00,2.000000000000000000e+00,3.000000000000000000e+00,0.000000000000000000e+00,2.000000000000000000e+00,-2.532879787041425468e-01,2.498828529408947119e-01,-2.250700822056669326e-01,2.538916400119397565e-01,5.144256451907310845e-01,4.808616557719297413e-01,5.000000000000000000e-01,5.499999999999999334e-01,6.645208393315588102e-01,5.020721693753427139e-01,8.000000000000002665e-01,5.499999999999999334e-01,0.000000000000000000e+00,-2.000000000000000111e-01
1.760437553165000000e+12,1.000000000000000000e+00,2.000000000000000000e+00,3.000000000000000000e+00,0.000000000000000000e+00,2.000000000000000000e+00,-2.250700822056669326e-01,2.538916400119397565e-01,-2.048499721943700669e-01,2.579037640502642725e-01,6.645208393315588102e-01,5.020721693753427139e-01,5.000000000000000000e-01,5.499999999999999334e-01,7.720746159873932424e-01,5.233003388902872643e-01,7.000000000000000666e-01,5.499999999999999334e-01,0.000000000000000000e+00,-2.000000000000000111e-01
1.760437553370000000e+12,1.000000000000000000e+00,2.000000000000000000e+00,3.000000000000000000e+00,-1.000000000000000056e-01,2.000000000000000000e+00,-2.042071510665119383e-01,2.580643087453093898e-01,-1.923106227431510273e-01,2.616710979240370327e-01,7.754938773057875601e-01,5.241497817212137367e-01,5.000000000000000000e-01,5.499999999999999334e-01,8.387732832811115591e-01,5.432333223494023589e-01,5.959999999999999742e-01,5.260000000000000231e-01,-2.000000000000000042e-02,-2.000000000000000111e-01
1.760437553574000000e+12,1.000000000000000000e+00,2.000000000000000000e+00,3.000000000000000000e+00,-1.000000000000000056e-01,1.000000000000000000e+00,-1.923106227431510273e-01,2.616710979240370327e-01,-1.808715216319589369e-01,2.618853672639509522e-01,8.387732832811115591e-01,5.432333223494023589e-01,5.000000000000000000e-01,5.260000000000000231e-01,8.996195657874525020e-01,5.443670225605871105e-01,6.959999999999999520e-01,4.760000000000000342e-01,-2.000000000000000042e-02,2.000000000000000111e-01
1.760437553776000000e+12,1.000000000000000000e+00,2.000000000000000000e+00,3.000000000000000000e+00,0.000000000000000000e+00,2.000000000000000000e+00,-1.808715216319589369e-01,2.618853672639509522e-01,-1.689722854905647553e-01,2.583151822429831657e-01,8.996195657874525020e-01,5.443670225605871105e-01,5.000000000000000000e-01,4.760000000000000342e-01,9.629133750501874811e-01,5.254771547247787389e-01,5.959999999999999742e-01,4.440000000000000058e-01,0.000000000000000000e+00,-2.000000000000000111e-01
1.760437553979000000e+12,1.000000000000000000e+00,2.000000000000000000e+00,3.000000000000000000e+00,0.000000000000000000e+00,2.000000000000000000e+00,-1.689722854905647553e-01,2.583151822429831657e-01,-1.650766219082969721e-01,2.536716173840996569e-01,9.629133750501874811e-01,5.254771547247787389e-01,5.000000000000000000e-01,4.440000000000000058e-01,9.836349898494841648e-01,5.009080284872998723e-01,4.919999999999999929e-01,4.440000000000000058e-01,0.000000000000000000e+00,-2.000000000000000111e-01
1.760437554185000000e+12,1.000000000000000000e+00,2.000000000000000000e+00,3.000000000000000000e+00,0.000000000000000000e+00,0.000000000000000000e+00,-1.650766219082969721e-01,2.536716173840996569e-01,-1.657191967307691249e-01,2.492061991086048089e-01,9.836349898494841648e-01,5.009080284872998723e-01,5.000000000000000000e-01,4.440000000000000058e-01,9.802170386661217538e-01,4.772814767651048506e-01,4.919999999999999929e-01,4.440000000000000058e-01,0.000000000000000000e+00,0.000000000000000000e+00
1.760437554388000000e+12,1.000000000000000000e+00,2.000000000000000000e+00,3.000000000000000000e+00,0.000000000000000000e+00,2.000000000000000000e+00,-1.657191967307691249e-01,2.492061991086048089e-01,-1.701599981886492696e-01,2.445613442712930852e-01,9.802170386661217538e-01,4.772814767651048506e-01,5.000000000000000000e-01,4.440000000000000058e-01,9.565957543156954346e-01,4.527055252449370126e-01,3.960000000000000187e-01,4.440000000000000058e-01,0.000000000000000000e+00,-2.000000000000000111e-01
1.760437554592000000e+12,1.000000000000000000e+00,2.000000000000000000e+00,3.000000000000000000e+00,1.000000000000000056e-01,2.000000000000000000e+00,-1.701599981886492696e-01,2.445613442712930852e-01,-1.825686931059382623e-01,2.400933531705090884e-01,9.565957543156954346e-01,4.527055252449370126e-01,4.000000000000000777e-01,4.440000000000000058e-01,8.905920579471369170e-01,4.290653606905243111e-01,2.919999999999999818e-01,4.440000000000000058e-01,2.000000000000000042e-02,-2.000000000000000111e-01
1.760437554795000000e+12,1.000000000000000000e+00,2.000000000000000000e+00,3.000000000000000000e+00,1.000000000000000056e-01,0.000000000000000000e+00,-1.825686931059382623e-01,2.400933531705090884e-01,-1.992138495562235101e-01,2.375112431861739759e-01,8.905920579471369170e-01,4.290653606905243111e-01,5.000000000000000000e-01,4.440000000000000058e-01,8.020539917222153647e-01,4.154034031014496309e-01,2.919999999999999818e-01,4.939999999999999947e-01,2.000000000000000042e-02,0.000000000000000000e+00
1.760437554998000000e+12,1.000000000000000000e+00,2.000000000000000000e+00,3.000000000000000000e+00,1.000000000000000056e-01,1.000000000000000000e+00,-1.998797587098337658e-01,2.374908783834338566e-01,-2.127615664671492768e-01,2.390645688382792011e-01,7.985119217562033356e-01,4.152956528224013844e-01,4.040000000000000258e-01,4.939999999999999947e-01,7.299916677279293387e-01,4.236220573453926552e-01,3.920000000000000151e-01,5.460000000000000409e-01,2.000000000000000042e-02,2.000000000000000111e-01
1.760437555201000000e+12,1.000000000000000000e+00,2.000000000000000000e+00,3.000000000000000000e+00,0.000000000000000000e+00,2.000000000000000000e+00,-2.127615664671492768e-01,2.390645688382792011e-01,-2.251836578474109563e-01,2.439896185916653193e-01,7.299916677279293387e-01,4.236220573453926552e-01,4.040000000000000258e-01,5.460000000000000409e-01,6.639167135776012918e-01,4.496805216490228907e-01,2.919999999999999818e-01,5.659999999999999476e-01,0.000000000000000000e+00,-2.000000000000000111e-01
1.760437555404000000e+12,1.000000000000000000e+00,2.000000000000000000e+00,3.000000000000000000e+00,0.000000000000000000e+00,2.000000000000000000e+00,-2.251836578474109563e-01,2.439896185916653193e-01,-2.456015426843168037e-01,2.492815560191769531e-01,6.639167135776012918e-01,4.496805216490228907e-01,5.040000000000000036e-01,5.659999999999999476e-01,5.553109431685275821e-01,4.776801905776558721e-01,1.919999999999997264e-01,5.659999999999999476e-01,0.000000000000000000e+00,-2.000000000000000111e-01
1.760437555609000000e+12,1.000000000000000000e+00,2.000000000000000000e+00,3.000000000000000000e+00,-1.000000000000000056e-01,2.000000000000000000e+00,-2.465844540523019490e-01,2.494931981334381765e-01,-2.753251418408202977e-01,2.547672184685572661e-01,5.500826912111598244e-01,4.787999901240115874e-01,5.040000000000000036e-01,5.659999999999999476e-01,3.972066923360622059e-01,5.067048596219961842e-01,8.800000000000030020e-02,5.599999999999999423e-01,-2.000000000000000042e-02,-2.000000000000000111e-01
1.760437555813000000e+12,1.000000000000000000e+00,2.000000000000000000e+00,3.000000000000000000e+00,-1.000000000000000056e-01,0.000000000000000000e+00,-2.753251418408202977e-01,2.547672184685572661e-01,-3.083012684137268478e-01,2.576925652134637867e-01,3.972066923360622059e-01,5.067048596219961842e-01,5.040000000000000036e-01,5.599999999999999423e-01,2.218017637567719913e-01,5.221828847273216612e-01,8.800000000000030020e-02,5.100000000000000089e-01,-2.000000000000000042e-02,0.000000000000000000e+00
1.760437556017000000e+12,1.000000000000000000e+00,2.000000000000000000e+00,3.000000000000000000e+00,0.000000000000000000e+00,0.000000000000000000e+00,-3.096204541706681357e-01,2.577265576036680828e-01,-3.426025769077166716e-01,2.569746842815018861e-01,2.147848182411268569e-01,5.223627386437464937e-01,5.040000000000000036e-01,5.100000000000000089e-01,3.934799517171971850e-02,5.183845729179994422e-01,8.800000000000030020e-02,4.839999999999999858e-01,0.000000000000000000e+00,0.000000000000000000e+00
1.760437556220000000e+12,1.000000000000000000e+00,2.000000000000000000e+00,3.000000000000000000e+00,0.000000000000000000e+00,2.000000000000000000e+00,-3.426025769077166716e-01,2.569746842815018861e-01,-3.495162790642549200e-01,2.557141998901554247e-01,3.934799517171971850e-02,5.183845729179994422e-01,6.039999999999999813e-01,4.839999999999999858e-01,2.572983700771584465e-03,5.117153433341556923e-01,5.000000000000000000e-01,4.839999999999999858e-01,0.000000000000000000e+00,-2.000000000000000111e-01
1.760437556423000000e+12,1.000000000000000000e+00,2.000000000000000000e+00,3.000000000000000000e+00,0.000000000000000000e+00,2.000000000000000000e+00,-3.495162790642549200e-01,2.557141998901554247e-01,-3.495482901714217494e-01,2.544558035301386356e-01,2.572983700771584465e-03,5.117153433341556923e-01,5.040000000000000036e-01,4.839999999999999858e-01,2.402711854139513107e-03,5.050571615351251431e-01,5.000000000000000000e-01,4.839999999999999858e-01,0.000000000000000000e+00,-2.000000000000000111e-01
1.760437556627000000e+12,1.000000000000000000e+00,2.000000000000000000e+00,3.000000000000000000e+00,0.000000000000000000e+00,2.000000000000000000e+00,-3.495495645827076947e-01,2.544054622479542949e-01,-3.495813319514184947e-01,2.531468256672030903e-01,2.395933070703633750e-03,5.047908055447317688e-01,6.039999999999999813e-01,4.839999999999999858e-01,2.226957705220655205e-03,4.981313527365243687e-01,5.000000000000000000e-01,4.839999999999999858e-01,0.000000000000000000e+00,-2.000000000000000111e-01
1.760437556830000000e+12,1.000000000000000000e+00,2.000000000000000000e+00,3.000000000000000000e+00,0.000000000000000000e+00,2.000000000000000000e+00,-3.495813319514184947e-01,2.531468256672030903e-01,-3.496128635454804900e-01,2.518879589776666372e-01,2.226957705220655205e-03,4.981313527365243687e-01,5.000000000000000000e-01,4.839999999999999858e-01,2.059236460210041395e-03,4.914706824215166470e-01,5.000000000000000000e-01,4.839999999999999858e-01,0.000000000000000000e+00,-2.000000000000000111e-01
1.760437557036000000e+12,1.000000000000000000e+00,2.000000000000000000e+00,3.000000000000000000e+00,0.000000000000000000e+00,2.000000000000000000e+00,-3.496141202426224504e-01,2.518375997019652313e-01,-3.496453830509584360e-01,2.505784831118680334e-01,2.052551900944295411e-03,4.912042312273293132e-01,4.000000000000000777e-01,4.839999999999999858e-01,1.886260367242244057e-03,4.845422386871325315e-01,5.000000000000000000e-01,4.839999999999999858e-01,0.000000000000000000e+00,-2.000000000000000111e-01
1.760437557238000000e+12,1.000000000000000000e+00,2.000000000000000000e+00,3.000000000000000000e+00,0.000000000000000000e+00,2.000000000000000000e+00,-3.496453830509584360e-01,2.505784831118680334e-01,-3.496763932438125000e-01,2.493191310312834197e-01,1.886260367242244057e-03,4.845422386871325315e-01,2.999999999999999889e-01,4.839999999999999858e-01,1.721312532912116144e-03,4.778790001655208175e-01,5.000000000000000000e-01,4.839999999999999858e-01,0.000000000000000000e+00,-2.000000000000000111e-01
1.760437557444000000e+12,1.000000000000000000e+00,2.000000000000000000e+00,3.000000000000000000e+00,0.000000000000000000e+00,2.000000000000000000e+00,-3.496763932438125000e-01,2.493191310312834197e-01,-3.497084043349608651e-01,2.480091712899582246e-01,1.721312532912116144e-03,4.778790001655208175e-01,3.960000000000000187e-01,4.839999999999999858e-01,1.551040771484642287e-03,4.709479962431652456e-01,5.000000000000000000e-01,4.839999999999999858e-01,0.000000000000000000e+00,-2.000000000000000111e-01
1.760437557647000000e+12,1.000000000000000000e+00,2.000000000000000000e+00,3.000000000000000000e+00,-1.000000000000000056e-01,2.000000000000000000e+00,-3.497084043349608651e-01,2.480091712899582246e-01,-3.497388035759489977e-01,2.455637165535249355e-01,1.551040771484642287e-03,4.709479962431652456e-01,2.959999999999999853e-01,4.839999999999999858e-01,1.389342681122234793e-03,4.580090822937827877e-01,5.000000000000000000e-01,4.440000000000000058e-01,-2.000000000000000042e-02,-2.000000000000000111e-01
1.760437557851000000e+12,1.000000000000000000e+00,2.000000000000000000e+00,3.000000000000000000e+00,0.000000000000000000e+00,0.000000000000000000e+00,-3.497388035759489977e-01,2.455637165535249355e-01,-3.497680418859459017e-01,2.400679416263520327e-01,1.389342681122234793e-03,4.580090822937827877e-01,3.960000000000000187e-01,4.440000000000000058e-01,1.233819755606787791e-03,4.289309080759367010e-01,5.000000000000000000e-01,4.280000000000000471e-01,0.000000000000000000e+00,0.000000000000000000e+00
1.760437558055000000e+12,1.000000000000000000e+00,2.000000000000000000e+00,3.000000000000000000e+00,1.000000000000000056e-01,2.000000000000000000e+00,-3.497680418859459017e-01,2.400679416263520327e-01,-3.497973023859797803e-01,2.341303323980439555e-01,1.233819755606787791e-03,4.289309080759367010e-01,2.919999999999999818e-01,4.280000000000000471e-01,1.078178797979774005e-03,3.975149862330368267e-01,5.000000000000000000e-01,4.360000000000000542e-01,2.000000000000000042e-02,-2.000000000000000111e-01
1.760437558260000000e+12,1.000000000000000000e+00,2.000000000000000000e+00,3.000000000000000000e+00,1.000000000000000056e-01,2.000000000000000000e+00,-3.497973023859797803e-01,2.341303323980439555e-01,-3.498248574791222310e-01,2.309111656717190708e-01,1.078178797979774005e-03,3.975149862330368267e-01,1.919999999999997264e-01,4.360000000000000542e-01,9.316091536050365857e-04,3.804823580514237191e-01,5.000000000000000000e-01,4.860000000000000431e-01,2.000000000000000042e-02,-2.000000000000000111e-01
1.760437558462000000e+12,1.000000000000000000e+00,2.000000000000000000e+00,3.000000000000000000e+00,0.000000000000000000e+00,1.000000000000000000e+00,-3.498248574791222310e-01,2.309111656717190708e-01,-3.460851353522749752e-01,2.318010533910494775e-01,9.316091536050365857e-04,3.804823580514237191e-01,1.919999999999997264e-01,4.860000000000000431e-01,2.082374812619682686e-02,3.851907586828015040e-01,5.959999999999999742e-01,5.340000000000000302e-01,0.000000000000000000e+00,2.000000000000000111e-01
1.760437558667000000e+12,1.000000000000000000e+00,2.000000000000000000e+00,3.000000000000000000e+00,0.000000000000000000e+00,2.000000000000000000e+00,-3.460851353522749752e-01,2.318010533910494775e-01,-3.418825984452447675e-01,2.345382269798128305e-01,2.082374812619682686e-02,3.851907586828015040e-01,9.200000000000027600e-02,5.340000000000000302e-01,4.317766784444261596e-02,3.996731586233483458e-01,5.000000000000000000e-01,5.340000000000000302e-01,0.000000000000000000e+00,-2.000000000000000111e-01
1.760437558870000000e+12,1.000000000000000000e+00,2.000000000000000000e+00,3.000000000000000000e+00,0.000000000000000000e+00,1.000000000000000000e+00,-3.418825984452447675e-01,2.345382269798128305e-01,-3.381391205284370871e-01,2.372757036969226074e-01,4.317766784444261596e-02,3.996731586233483458e-01,8.800000000000030020e-02,5.340000000000000302e-01,6.308978442320686830e-02,4.141571624175799937e-01,5.999999999999999778e-01,5.340000000000000302e-01,0.000000000000000000e+00,2.000000000000000111e-01
1.760437559073000000e+12,1.000000000000000000e+00,2.000000000000000000e+00,3.000000000000000000e+00,0.000000000000000000e+00,0.000000000000000000e+00,-3.378233511777961051e-01,2.373851917783077747e-01,-3.295315209970622328e-01,2.401222761137013495e-01,6.476940862874401572e-02,4.147364644354908925e-01,5.000000000000000000e-01,5.340000000000000302e-01,1.088748883134986606e-01,4.292183921359860044e-01,6.039999999999999813e-01,5.340000000000000302e-01,0.000000000000000000e+00,0.000000000000000000e+00
1.760437559277000000e+12,1.000000000000000000e+00,2.000000000000000000e+00,3.000000000000000000e+00,0.000000000000000000e+00,1.000000000000000000e+00,-3.295315209970622328e-01,2.401222761137013495e-01,-3.174635638802390525e-01,2.428585523086587705e-01,1.088748883134986606e-01,4.292183921359860044e-01,5.000000000000000000e-01,5.340000000000000302e-01,1.730661495731964372e-01,4.436960439611575824e-01,7.039999999999999591e-01,5.340000000000000302e-01,0.000000000000000000e+00,2.000000000000000111e-01
1.760437559481000000e+12,1.000000000000000000e+00,2.000000000000000000e+00,3.000000000000000000e+00,0.000000000000000000e+00,1.000000000000000000e+00,-3.174635638802390525e-01,2.428585523086587705e-01,-2.973990003418948147e-01,2.455922544544198449e-01,1.730661495731964372e-01,4.436960439611575824e-01,5.000000000000000000e-01,5.340000000000000302e-01,2.797925513728998226e-01,4.581600764784119484e-01,8.040000000000002700e-01,5.340000000000000302e-01,0.000000000000000000e+00,2.000000000000000111e-01
1.760437559684000000e+12,1.000000000000000000e+00,2.000000000000000000e+00,3.000000000000000000e+00,0.000000000000000000e+00,1.000000000000000000e+00,-2.964301449505412633e-01,2.457015345159788422e-01,-2.680419598372936751e-01,2.484311241437701379e-01,2.849460374971208854e-01,4.587382778623219637e-01,5.999999999999999778e-01,5.340000000000000302e-01,4.359470221420548852e-01,4.731805510252388713e-01,9.079999999999996962e-01,5.340000000000000302e-01,0.000000000000000000e+00,2.000000000000000111e-01
1.760437559888000000e+12,1.000000000000000000e+00,2.000000000000000000e+00,3.000000000000000000e+00,0.000000000000000000e+00,0.000000000000000000e+00,-2.680419598372936751e-01,2.484311241437701379e-01,-2.354188327014116178e-01,2.511577631559555046e-01,4.359470221420548852e-01,4.731805510252388713e-01,5.000000000000000000e-01,5.340000000000000302e-01,6.094742941414275084e-01,4.876072124653730855e-01,9.079999999999996962e-01,5.340000000000000302e-01,0.000000000000000000e+00,0.000000000000000000e+00
1.760437560092000000e+12,1.000000000000000000e+00,2.000000000000000000e+00,3.000000000000000000e+00,0.000000000000000000e+00,2.000000000000000000e+00,-2.341137279073541300e-01,2.512668142476002786e-01,-2.052495104660925773e-01,2.539948201032199426e-01,6.164163409183290865e-01,4.881842023682554932e-01,4.960000000000000520e-01,5.340000000000000302e-01,7.699494124144011797e-01,5.026180957842325547e-01,8.080000000000003846e-01,5.340000000000000302e-01,0.000000000000000000e+00,-2.000000000000000111e-01
1.760437560295000000e+12,1.000000000000000000e+00,2.000000000000000000e+00,3.000000000000000000e+00,0.000000000000000000e+00,1.000000000000000000e+00,-2.052495104660925773e-01,2.539948201032199426e-01,-1.768474712868674248e-01,2.567229168541376172e-01,7.699494124144011797e-01,5.026180957842325547e-01,3.960000000000000187e-01,5.340000000000000302e-01,9.210240888996413799e-01,5.170524701277122714e-01,9.079999999999996962e-01,5.340000000000000302e-01,0.000000000000000000e+00,2.000000000000000111e-01
1.760437560499000000e+12,1.000000000000000000e+00,2.000000000000000000e+00,3.000000000000000000e+00,-1.000000000000000056e-01,2.000000000000000000e+00,-1.768474712868674248e-01,2.567229168541376172e-01,-1.640036103368115450e-01,2.594497841654406223e-01,9.210240888996413799e-01,5.170524701277122714e-01,5.000000000000000000e-01,5.340000000000000302e-01,9.893424982084492170e-01,5.314803394996858721e-01,4.440000000000000058e-01,5.300000000000000266e-01,-2.000000000000000042e-02,-2.000000000000000111e-01
1.760437560703000000e+12,1.000000000000000000e+00,2.000000000000000000e+00,3.000000000000000000e+00,-1.000000000000000056e-01,0.000000000000000000e+00,-1.641798863935526320e-01,2.595480063133855930e-01,-1.689838356134510111e-01,2.599188769945289246e-01,9.884048596087626759e-01,5.320000334041566914e-01,5.999999999999999778e-01,5.279999999999999138e-01,9.628519382263244220e-01,5.339623121403647144e-01,4.399999999999999467e-01,4.779999999999999805e-01,-2.000000000000000042e-02,0.000000000000000000e+00
1.760437560906000000e+12,1.000000000000000000e+00,2.000000000000000000e+00,3.000000000000000000e+00,0.000000000000000000e+00,1.000000000000000000e+00,-1.689838356134510111e-01,2.599188769945289246e-01,-1.700213646245835597e-01,2.576057228256927178e-01,9.628519382263244220e-01,5.339623121403647144e-01,5.000000000000000000e-01,4.779999999999999805e-01,9.573331668905129543e-01,5.217234011941414007e-01,5.400000000000000355e-01,4.699999999999999734e-01,0.000000000000000000e+00,2.000000000000000111e-01
1.760437561110000000e+12,1.000000000000000000e+00,2.000000000000000000e+00,3.000000000000000000e+00,0.000000000000000000e+00,0.000000000000000000e+00,-1.700213646245835597e-01,2.576057228256927178e-01,-1.663869133879596618e-01,2.551255712619059923e-01,9.573331668905129543e-01,5.217234011941414007e-01,5.000000000000000000e-01,4.699999999999999734e-01,9.766653543193635212e-01,5.086009061476508553e-01,5.440000000000000391e-01,4.699999999999999734e-01,0.000000000000000000e+00,0.000000000000000000e+00
1.760437561314000000e+12,1.000000000000000000e+00,2.000000000000000000e+00,3.000000000000000000e+00,0.000000000000000000e+00,2.000000000000000000e+00,-1.663869133879596618e-01,2.551255712619059923e-01,-1.666429201692786743e-01,2.527405166387877711e-01,9.766653543193635212e-01,5.086009061476508553e-01,5.000000000000000000e-01,4.699999999999999734e-01,9.753036161208581412e-01,4.959815695173956929e-01,4.440000000000000058e-01,4.699999999999999734e-01,0.000000000000000000e+00,-2.000000000000000111e-01
1.760437561517000000e+12,1.000000000000000000e+00,2.000000000000000000e+00,3.000000000000000000e+00,0.000000000000000000e+00,1.000000000000000000e+00,-1.666429201692786743e-01,2.527405166387877711e-01,-1.673564044414216911e-01,2.503551390920430997e-01,9.753036161208581412e-01,4.959815695173956929e-01,3.999999999999999667e-01,4.699999999999999734e-01,9.715084870137143946e-01,4.833605242965243742e-01,5.440000000000000391e-01,4.699999999999999734e-01,0.000000000000000000e+00,2.000000000000000111e-01
0.000000000000000000e+00,0.000000000000000000e+00,0.000000000000000000e+00,0.000000000000000000e+00,0.000000000000000000e+00,0.000000000000000000e+00,0.000000000000000000e+00,0.000000000000000000e+00,0.000000000000000000e+00,0.000000000000000000e+00,0.000000000000000000e+00,0.000000000000000000e+00,0.000000000000000000e+00,0.000000000000000000e+00,0.000000000000000000e+00,0.000000000000000000e+00,0.000000000000000000e+00,0.000000000000000000e+00,0.000000000000000000e+00,0.000000000000000000e+00
1.760437567248000000e+12,2.000000000000000000e+00,2.000000000000000000e+00,0.000000000000000000e+00,1.000000000000000056e-01,1.000000000000000000e+00,-1.667286029471785613e-01,2.499734352190457198e-01,-1.648580735527857000e-01,3.191401776174797034e-01,9.748478566639438014e-01,4.813409270848980626e-01,5.000000000000000000e-01,4.699999999999999734e-01,9.847974811022037755e-01,8.473025270766122441e-01,6.559999999999999165e-01,4.839999999999999858e-01,2.000000000000000042e-02,2.000000000000000111e-01
1.760437567451000000e+12,2.000000000000000000e+00,2.000000000000000000e+00,0.000000000000000000e+00,1.000000000000000056e-01,2.000000000000000000e+00,-1.648580735527857000e-01,3.191401776174797034e-01,-1.646878331501064330e-01,3.199265918597998803e-01,9.847974811022037755e-01,8.473025270766122441e-01,5.000000000000000000e-01,4.860000000000000431e-01,9.857030151590083777e-01,8.514634489936502293e-01,4.199999999999999845e-01,5.360000000000000320e-01,2.000000000000000042e-02,-2.000000000000000111e-01
1.760437567655000000e+12,2.000000000000000000e+00,2.000000000000000000e+00,0.000000000000000000e+00,1.000000000000000056e-01,1.000000000000000000e+00,-1.646878331501064330e-01,3.199265918597998803e-01,-1.673259741888214192e-01,3.247177687832925597e-01,9.857030151590083777e-01,8.514634489936502293e-01,4.000000000000000777e-01,5.360000000000000320e-01,9.716703500594605636e-01,8.768135914459924685e-01,5.200000000000000178e-01,5.859999999999999654e-01,2.000000000000000042e-02,2.000000000000000111e-01
1.760437567859000000e+12,2.000000000000000000e+00,2.000000000000000000e+00,0.000000000000000000e+00,-1.000000000000000056e-01,1.000000000000000000e+00,-1.673259741888214192e-01,3.247177687832925597e-01,-1.622526489905614377e-01,3.310471411376348372e-01,9.716703500594605636e-01,8.768135914459924685e-01,2.999999999999999889e-01,5.859999999999999654e-01,9.986561223906307294e-01,9.103023340615601366e-01,5.000000000000000000e-01,5.499999999999999334e-01,-2.000000000000000042e-02,2.000000000000000111e-01
1.760437568063000000e+12,2.000000000000000000e+00,2.000000000000000000e+00,0.000000000000000000e+00,-1.000000000000000056e-01,0.000000000000000000e+00,-1.622526489905614377e-01,3.310471411376348372e-01,-1.622659351004080153e-01,3.331933583051023828e-01,9.986561223906307294e-01,9.103023340615601366e-01,1.959999999999997300e-01,5.499999999999999334e-01,9.985854515935743692e-01,9.216579804502772477e-01,5.000000000000000000e-01,5.000000000000000000e-01,-2.000000000000000042e-02,0.000000000000000000e+00
1.760437568266000000e+12,2.000000000000000000e+00,2.000000000000000000e+00,0.000000000000000000e+00,-1.000000000000000056e-01,2.000000000000000000e+00,-1.622659351004080153e-01,3.331933583051023828e-01,-1.660505196247841209e-01,3.313371252156434577e-01,9.985854515935743692e-01,9.216579804502772477e-01,9.600000000000025180e-02,5.000000000000000000e-01,9.784546828468929647e-01,9.118366413526109993e-01,4.000000000000000777e-01,4.500000000000000111e-01,-2.000000000000000042e-02,-2.000000000000000111e-01
1.760437568470000000e+12,2.000000000000000000e+00,2.000000000000000000e+00,0.000000000000000000e+00,-1.000000000000000056e-01,2.000000000000000000e+00,-1.663678504265823366e-01,3.311798140780733424e-01,-1.784657548077362987e-01,3.251635863457835729e-01,9.767667530500939721e-01,9.110043072913934781e-01,-7.450580569168252509e-09,4.480000000000000648e-01,9.124161978311898791e-01,8.791724145279554703e-01,2.959999999999999853e-01,3.980000000000000204e-01,-2.000000000000000042e-02,-2.000000000000000111e-01
1.760437568672000000e+12,2.000000000000000000e+00,2.000000000000000000e+00,0.000000000000000000e+00,0.000000000000000000e+00,2.000000000000000000e+00,-1.784657548077362987e-01,3.251635863457835729e-01,-1.985685196923671902e-01,3.160963692275995385e-01,9.124161978311898791e-01,8.791724145279554703e-01,9.999999254941882576e-02,3.980000000000000204e-01,8.054865973810255708e-01,8.311977207809500001e-01,1.959999999999997300e-01,3.839999999999999525e-01,0.000000000000000000e+00,-2.000000000000000111e-01
1.760437568875000000e+12,2.000000000000000000e+00,2.000000000000000000e+00,0.000000000000000000e+00,0.000000000000000000e+00,0.000000000000000000e+00,-1.985685196923671902e-01,3.160963692275995385e-01,-2.232059835323038088e-01,3.068368601476461621e-01,8.054865973810255708e-01,8.311977207809500001e-01,2.039999925494183630e-01,3.839999999999999525e-01,6.744362578068946457e-01,7.822056092468051558e-01,1.919999999999997264e-01,3.839999999999999525e-01,0.000000000000000000e+00,0.000000000000000000e+00
1.760437569080000000e+12,2.000000000000000000e+00,2.000000000000000000e+00,0.000000000000000000e+00,0.000000000000000000e+00,1.000000000000000000e+00,-2.241922350341563897e-01,3.064664573772677980e-01,-2.450768313876277027e-01,2.972072172384530031e-01,6.691902391800191863e-01,7.802458062289302498e-01,5.000000000000000000e-01,3.839999999999999525e-01,5.581019607041078912e-01,7.312551176637726025e-01,2.919999999999999818e-01,3.839999999999999525e-01,0.000000000000000000e+00,2.000000000000000111e-01
1.760437569283000000e+12,2.000000000000000000e+00,2.000000000000000000e+00,0.000000000000000000e+00,0.000000000000000000e+00,1.000000000000000000e+00,-2.450768313876277027e-01,2.972072172384530031e-01,-2.579675980234868438e-01,2.879490814524807707e-01,5.581019607041078912e-01,7.312551176637726025e-01,5.000000000000000000e-01,3.839999999999999525e-01,4.895340530665592826e-01,6.822702722353480853e-01,3.920000000000000151e-01,3.839999999999999525e-01,0.000000000000000000e+00,2.000000000000000111e-01
1.760437569487000000e+12,2.000000000000000000e+00,2.000000000000000000e+00,0.000000000000000000e+00,0.000000000000000000e+00,0.000000000000000000e+00,-2.579675980234868438e-01,2.879490814524807707e-01,-2.666594853435746426e-01,2.783202080408213042e-01,4.895340530665592826e-01,6.822702722353480853e-01,5.999999999999999778e-01,3.839999999999999525e-01,4.433006098746029022e-01,6.313238520678376986e-01,3.960000000000000187e-01,3.839999999999999525e-01,0.000000000000000000e+00,0.000000000000000000e+00
1.760437569690000000e+12,2.000000000000000000e+00,2.000000000000000000e+00,0.000000000000000000e+00,0.000000000000000000e+00,2.000000000000000000e+00,-2.666594853435746426e-01,2.783202080408213042e-01,-2.787733300822651250e-01,2.690597800337607981e-01,4.433006098746029022e-01,6.313238520678376986e-01,5.000000000000000000e-01,3.839999999999999525e-01,3.788652655198662678e-01,5.823268784855069047e-01,2.959999999999999853e-01,3.839999999999999525e-01,0.000000000000000000e+00,-2.000000000000000111e-01
1.760437569893000000e+12,2.000000000000000000e+00,2.000000000000000000e+00,0.000000000000000000e+00,1.000000000000000056e-01,2.000000000000000000e+00,-2.787733300822651250e-01,2.690597800337607981e-01,-2.988822252651034961e-01,2.603586465102454284e-01,3.788652655198662678e-01,5.823268784855069047e-01,6.039999999999999813e-01,3.839999999999999525e-01,2.719030571005132124e-01,5.362891349748436509e-01,1.959999999999997300e-01,4.120000000000000329e-01,2.000000000000000042e-02,-2.000000000000000111e-01
1.760437570097000000e+12,2.000000000000000000e+00,2.000000000000000000e+00,0.000000000000000000e+00,1.000000000000000056e-01,0.000000000000000000e+00,-2.998527151929607504e-01,2.600760349580523711e-01,-3.245135604482758396e-01,2.550932108184423286e-01,2.667408766331874070e-01,5.347938357568908785e-01,5.040000000000000036e-01,4.120000000000000329e-01,1.355661678283199001e-01,5.084296868700652894e-01,1.919999999999997264e-01,4.640000000000000235e-01,2.000000000000000042e-02,0.000000000000000000e+00
1.760437570301000000e+12,2.000000000000000000e+00,2.000000000000000000e+00,0.000000000000000000e+00,0.000000000000000000e+00,2.000000000000000000e+00,-3.245135604482758396e-01,2.550932108184423286e-01,-3.494274026953977375e-01,2.529224567254989009e-01,1.355661678283199001e-01,5.084296868700652894e-01,4.040000000000000258e-01,4.640000000000000235e-01,3.045730343628938637e-03,4.969442154788302202e-01,5.000000000000000000e-01,4.740000000000000324e-01,0.000000000000000000e+00,-2.000000000000000111e-01
1.760437570503000000e+12,2.000000000000000000e+00,2.000000000000000000e+00,0.000000000000000000e+00,0.000000000000000000e+00,2.000000000000000000e+00,-3.494274026953977375e-01,2.529224567254989009e-01,-3.494597098846980998e-01,2.508636597410311420e-01,3.045730343628938637e-03,4.969442154788302202e-01,4.040000000000000258e-01,4.740000000000000324e-01,2.873883592031266278e-03,4.860511097409055403e-01,5.000000000000000000e-01,4.740000000000000324e-01,0.000000000000000000e+00,-2.000000000000000111e-01
1.760437570707000000e+12,2.000000000000000000e+00,2.000000000000000000e+00,0.000000000000000000e+00,0.000000000000000000e+00,1.000000000000000000e+00,-3.494609943489337955e-01,2.507813002808910174e-01,-3.457244128838754538e-01,2.487218511404941657e-01,2.867051335458416488e-03,4.856153454015398330e-01,5.000000000000000000e-01,4.740000000000000324e-01,2.274248466023683427e-02,4.747187891031438012e-01,5.999999999999999778e-01,4.740000000000000324e-01,0.000000000000000000e+00,2.000000000000000111e-01
1.760437570911000000e+12,2.000000000000000000e+00,2.000000000000000000e+00,0.000000000000000000e+00,1.000000000000000056e-01,2.000000000000000000e+00,-3.457244128838754538e-01,2.487218511404941657e-01,-3.415255430280591531e-01,2.481089640222297887e-01,2.274248466023683427e-02,4.747187891031438012e-01,5.000000000000000000e-01,4.740000000000000324e-01,4.507689878691928387e-02,4.714760001176179771e-01,5.000000000000000000e-01,5.180000000000000160e-01,2.000000000000000042e-02,-2.000000000000000111e-01
1.760437571115000000e+12,2.000000000000000000e+00,2.000000000000000000e+00,0.000000000000000000e+00,0.000000000000000000e+00,2.000000000000000000e+00,-3.415235330471246833e-01,2.481657646849000365e-01,-3.456365837830025489e-01,2.514491235634226940e-01,4.508759017486859560e-02,4.717765327243388929e-01,5.000000000000000000e-01,5.180000000000000160e-01,2.320966072870973146e-02,4.891488019228714679e-01,3.960000000000000187e-01,5.519999999999999352e-01,0.000000000000000000e+00,-2.000000000000000111e-01
1.760437571318000000e+12,2.000000000000000000e+00,2.000000000000000000e+00,0.000000000000000000e+00,-1.000000000000000056e-01,0.000000000000000000e+00,-3.456365837830025489e-01,2.514491235634226940e-01,-3.497418478786125107e-01,2.554613603494450547e-01,2.320966072870973146e-02,4.891488019228714679e-01,5.999999999999999778e-01,5.519999999999999352e-01,1.373149581848229694e-03,5.103775679864818171e-01,5.000000000000000000e-01,5.360000000000000320e-01,-2.000000000000000042e-02,0.000000000000000000e+00
1.760437571522000000e+12,2.000000000000000000e+00,2.000000000000000000e+00,0.000000000000000000e+00,-1.000000000000000056e-01,2.000000000000000000e+00,-3.497418478786125107e-01,2.554613603494450547e-01,-3.497748124544228232e-01,2.564768104529775439e-01,1.373149581848229694e-03,5.103775679864818171e-01,5.000000000000000000e-01,5.360000000000000320e-01,1.197806093495503267e-03,5.157503198570241310e-01,5.000000000000000000e-01,4.860000000000000431e-01,-2.000000000000000042e-02,-2.000000000000000111e-01
1.760437571723000000e+12,2.000000000000000000e+00,2.000000000000000000e+00,0.000000000000000000e+00,0.000000000000000000e+00,2.000000000000000000e+00,-3.497761310690292169e-01,2.564336846780510548e-01,-3.498089529083305838e-01,2.546074084000531368e-01,1.190792186014685622e-03,5.155221411537093124e-01,6.039999999999999813e-01,4.860000000000000431e-01,1.016207934411670526e-03,5.058593037039849083e-01,5.000000000000000000e-01,4.760000000000000342e-01,0.000000000000000000e+00,-2.000000000000000111e-01
1.760437571926000000e+12,2.000000000000000000e+00,2.000000000000000000e+00,0.000000000000000000e+00,0.000000000000000000e+00,1.000000000000000000e+00,-3.498089529083305838e-01,2.546074084000531368e-01,-3.460713607176918449e-01,2.527085644418106125e-01,1.016207934411670526e-03,5.058593037039849083e-01,7.039999999999999591e-01,4.760000000000000342e-01,2.089701745908581487e-02,4.958125102741302581e-01,5.999999999999999778e-01,4.760000000000000342e-01,0.000000000000000000e+00,2.000000000000000111e-01
1.760437572130000000e+12,2.000000000000000000e+00,2.000000000000000000e+00,0.000000000000000000e+00,0.000000000000000000e+00,2.000000000000000000e+00,-3.460713607176918449e-01,2.527085644418106125e-01,-3.418841423998568718e-01,2.508090411756478955e-01,2.089701745908581487e-02,4.958125102741302581e-01,6.039999999999999813e-01,4.760000000000000342e-01,4.316945531991014245e-02,4.857621226224757005e-01,5.000000000000000000e-01,4.760000000000000342e-01,0.000000000000000000e+00,-2.000000000000000111e-01
1.760437572334000000e+12,2.000000000000000000e+00,2.000000000000000000e+00,0.000000000000000000e+00,0.000000000000000000e+00,2.000000000000000000e+00,-3.418837460483283297e-01,2.507330579983328422e-01,-3.460034974410323705e-01,2.488331605659928614e-01,4.317156357272153994e-02,4.853600952292743687e-01,5.040000000000000036e-01,4.760000000000000342e-01,2.125799233493408380e-02,4.753077278623961677e-01,3.960000000000000187e-01,4.760000000000000342e-01,0.000000000000000000e+00,-2.000000000000000111e-01
1.760437572537000000e+12,2.000000000000000000e+00,2.000000000000000000e+00,0.000000000000000000e+00,0.000000000000000000e+00,2.000000000000000000e+00,-3.460034974410323705e-01,2.488331605659928614e-01,-3.495769623425776240e-01,2.469331728312424423e-01,2.125799233493408380e-02,4.753077278623961677e-01,4.000000000000000777e-01,4.760000000000000342e-01,2.250200305438052398e-03,4.652548827049864943e-01,5.000000000000000000e-01,4.760000000000000342e-01,0.000000000000000000e+00,-2.000000000000000111e-01
1.760437572740000000e+12,2.000000000000000000e+00,2.000000000000000000e+00,0.000000000000000000e+00,0.000000000000000000e+00,2.000000000000000000e+00,-3.495769623425776240e-01,2.469331728312424423e-01,-3.496092238718081502e-01,2.449572161096117140e-01,2.250200305438052398e-03,4.652548827049864943e-01,2.999999999999999889e-01,4.760000000000000342e-01,2.078596426552274667e-03,4.548000852360408741e-01,5.000000000000000000e-01,4.760000000000000342e-01,0.000000000000000000e+00,-2.000000000000000111e-01
1.760437572944000000e+12,2.000000000000000000e+00,2.000000000000000000e+00,0.000000000000000000e+00,0.000000000000000000e+00,1.000000000000000000e+00,-3.496092238718081502e-01,2.449572161096117140e-01,-3.458714794836346140e-01,2.430567419152715458e-01,2.078596426552274667e-03,4.548000852360408741e-01,1.959999999999997300e-01,4.760000000000000342e-01,2.196021551258172527e-02,4.447446662183680011e-01,5.999999999999999778e-01,4.760000000000000342e-01,0.000000000000000000e+00,2.000000000000000111e-01
1.760437573149000000e+12,2.000000000000000000e+00,2.000000000000000000e+00,0.000000000000000000e+00,0.000000000000000000e+00,2.000000000000000000e+00,-3.458714794836346140e-01,2.430567419152715458e-01,-3.416777852213687128e-01,2.411556555074026997e-01,2.196021551258172527e-02,4.447446662183680011e-01,5.000000000000000000e-01,4.760000000000000342e-01,4.426709988633652226e-02,4.346860079756756923e-01,5.000000000000000000e-01,4.760000000000000342e-01,0.000000000000000000e+00,-2.000000000000000111e-01
1.760437573352000000e+12,2.000000000000000000e+00,2.000000000000000000e+00,0.000000000000000000e+00,-1.000000000000000056e-01,0.000000000000000000e+00,-3.416777852213687128e-01,2.411556555074026997e-01,-3.420221667367206453e-01,2.374486438882111583e-01,4.426709988633652226e-02,4.346860079756756923e-01,5.999999999999999778e-01,4.760000000000000342e-01,4.243528331531560421e-02,4.150721898847151703e-01,4.960000000000000520e-01,4.299999999999999933e-01,-2.000000000000000042e-02,0.000000000000000000e+00
1.760437573555000000e+12,2.000000000000000000e+00,2.000000000000000000e+00,0.000000000000000000e+00,0.000000000000000000e+00,1.000000000000000000e+00,-3.420221667367206453e-01,2.374486438882111583e-01,-3.385990295089019719e-01,2.310105197555543943e-01,4.243528331531560421e-02,4.150721898847151703e-01,5.040000000000000036e-01,4.280000000000000471e-01,6.064346005903195613e-02,3.810080410346793900e-01,5.959999999999999742e-01,4.180000000000000382e-01,0.000000000000000000e+00,2.000000000000000111e-01
1.760437573757000000e+12,2.000000000000000000e+00,2.000000000000000000e+00,0.000000000000000000e+00,1.000000000000000056e-01,2.000000000000000000e+00,-3.385990295089019719e-01,2.310105197555543943e-01,-3.347179736779124504e-01,2.247433186570857166e-01,6.064346005903195613e-02,3.810080410346793900e-01,4.040000000000000258e-01,4.180000000000000382e-01,8.128737405365707436e-02,3.478482468628874003e-01,4.960000000000000520e-01,4.380000000000000560e-01,2.000000000000000042e-02,-2.000000000000000111e-01
1.760437573961000000e+12,2.000000000000000000e+00,2.000000000000000000e+00,0.000000000000000000e+00,1.000000000000000056e-01,2.000000000000000000e+00,-3.347179736779124504e-01,2.247433186570857166e-01,-3.391642298986257131e-01,2.216454092128492537e-01,8.128737405365707436e-02,3.478482468628874003e-01,5.040000000000000036e-01,4.380000000000000560e-01,5.763707500730992639e-02,3.314571916023770215e-01,3.920000000000000151e-01,4.899999999999999911e-01,2.000000000000000042e-02,-2.000000000000000111e-01
1.760437574164000000e+12,2.000000000000000000e+00,2.000000000000000000e+00,0.000000000000000000e+00,1.000000000000000056e-01,2.000000000000000000e+00,-3.391642298986257131e-01,2.216454092128492537e-01,-3.498409401519808615e-01,2.227447993602171550e-01,5.763707500730992639e-02,3.314571916023770215e-01,5.000000000000000000e-01,4.899999999999999911e-01,8.460630213782784678e-04,3.372740706889796880e-01,5.000000000000000000e-01,5.400000000000000355e-01,2.000000000000000042e-02,-2.000000000000000111e-01
1.760437574367000000e+12,2.000000000000000000e+00,2.000000000000000000e+00,0.000000000000000000e+00,0.000000000000000000e+00,2.000000000000000000e+00,-3.498409401519808615e-01,2.227447993602171550e-01,-3.498684270802489005e-01,2.267768883226257137e-01,8.460630213782784678e-04,3.372740706889796880e-01,5.999999999999999778e-01,5.400000000000000355e-01,6.998559561227518135e-04,3.586078747228874097e-01,5.000000000000000000e-01,5.519999999999999352e-01,0.000000000000000000e+00,-2.000000000000000111e-01
1.760437574572000000e+12,2.000000000000000000e+00,2.000000000000000000e+00,0.000000000000000000e+00,0.000000000000000000e+00,1.000000000000000000e+00,-3.498695366434644294e-01,2.269439748747918151e-01,-3.461245753131946268e-01,2.311211574344537445e-01,6.939540241252576628e-04,3.594919305544541088e-01,4.960000000000000520e-01,5.519999999999999352e-01,2.061396110002846477e-02,3.815934255791204044e-01,5.999999999999999778e-01,5.519999999999999352e-01,0.000000000000000000e+00,2.000000000000000111e-01
1.760437574776000000e+12,2.000000000000000000e+00,2.000000000000000000e+00,0.000000000000000000e+00,0.000000000000000000e+00,0.000000000000000000e+00,-3.461245753131946268e-01,2.311211574344537445e-01,-3.381547370810988884e-01,2.352981901448572000e-01,2.061396110002846477e-02,3.815934255791204044e-01,5.959999999999999742e-01,5.519999999999999352e-01,6.300671765372921340e-02,4.036941277505672332e-01,5.999999999999999778e-01,5.519999999999999352e-01,0.000000000000000000e+00,0.000000000000000000e+00
1.760437574979000000e+12,2.000000000000000000e+00,2.000000000000000000e+00,0.000000000000000000e+00,0.000000000000000000e+00,0.000000000000000000e+00,-3.378357956975464038e-01,2.354652777797522911e-01,-3.298616959567253759e-01,2.396425740409677541e-01,6.470321437475305693e-02,4.045781893108587046e-01,6.959999999999999520e-01,5.519999999999999352e-01,1.071186385280564063e-01,4.266802859310463436e-01,5.999999999999999778e-01,5.519999999999999352e-01,0.000000000000000000e+00,0.000000000000000000e+00
1.760437575182000000e+12,2.000000000000000000e+00,2.000000000000000000e+00,0.000000000000000000e+00,0.000000000000000000e+00,2.000000000000000000e+00,-3.298616959567253759e-01,2.396425740409677541e-01,-3.256516327057274451e-01,2.438205354681885761e-01,1.071186385280564063e-01,4.266802859310463436e-01,6.959999999999999520e-01,5.519999999999999352e-01,1.295125919908113599e-01,4.487859019480877620e-01,5.000000000000000000e-01,5.519999999999999352e-01,0.000000000000000000e+00,-2.000000000000000111e-01
1.760437575386000000e+12,2.000000000000000000e+00,2.000000000000000000e+00,0.000000000000000000e+00,-1.000000000000000056e-01,1.000000000000000000e+00,-3.256516327057274451e-01,2.438205354681885761e-01,-3.219024056798316935e-01,2.479414022174966648e-01,1.295125919908113599e-01,4.487859019480877620e-01,5.959999999999999742e-01,5.519999999999999352e-01,1.494552889370653614e-01,4.705894297222046330e-01,5.999999999999999778e-01,5.420000000000000373e-01,-2.000000000000000042e-02,2.000000000000000111e-01
1.760437575589000000e+12,2.000000000000000000e+00,2.000000000000000000e+00,0.000000000000000000e+00,-1.000000000000000056e-01,2.000000000000000000e+00,-3.215866009163567130e-01,2.480781302533392740e-01,-3.170640106300690042e-01,2.494135283196749209e-01,1.511351015087407934e-01,4.713128584832766421e-01,6.959999999999999520e-01,5.400000000000000355e-01,1.751914328187818004e-01,4.783784567178567815e-01,5.040000000000000036e-01,4.899999999999999911e-01,-2.000000000000000042e-02,-2.000000000000000111e-01
1.760437575793000000e+12,2.000000000000000000e+00,2.000000000000000000e+00,0.000000000000000000e+00,0.000000000000000000e+00,0.000000000000000000e+00,-3.170640106300690042e-01,2.494135283196749209e-01,-3.167650042600554938e-01,2.480625961341700325e-01,1.751914328187818004e-01,4.783784567178567815e-01,7.000000000000000666e-01,4.899999999999999911e-01,1.767818922337472676e-01,4.712306673765610521e-01,5.040000000000000036e-01,4.819999999999999840e-01,0.000000000000000000e+00,0.000000000000000000e+00
1.760437575997000000e+12,2.000000000000000000e+00,2.000000000000000000e+00,0.000000000000000000e+00,0.000000000000000000e+00,2.000000000000000000e+00,-3.167650042600554938e-01,2.480625961341700325e-01,-3.202380741160391064e-01,2.465840611811442873e-01,1.767818922337472676e-01,4.712306673765610521e-01,5.999999999999999778e-01,4.819999999999999840e-01,1.583081164040472111e-01,4.634077311171656000e-01,4.080000000000000293e-01,4.819999999999999840e-01,0.000000000000000000e+00,-2.000000000000000111e-01
1.760437576199000000e+12,2.000000000000000000e+00,2.000000000000000000e+00,0.000000000000000000e+00,0.000000000000000000e+00,1.000000000000000000e+00,-3.202380741160391064e-01,2.465840611811442873e-01,-3.241701353455963552e-01,2.451623795488110102e-01,1.583081164040472111e-01,4.634077311171656000e-01,7.000000000000000666e-01,4.819999999999999840e-01,1.373928970978916253e-01,4.558856060783652020e-01,5.040000000000000036e-01,4.819999999999999840e-01,0.000000000000000000e+00,2.000000000000000111e-01
1.760437576402000000e+12,2.000000000000000000e+00,2.000000000000000000e+00,0.000000000000000000e+00,0.000000000000000000e+00,0.000000000000000000e+00,-3.241701353455963552e-01,2.451623795488110102e-01,-3.238766233417424978e-01,2.437407227583996694e-01,1.373928970978916253e-01,4.558856060783652020e-01,5.999999999999999778e-01,4.819999999999999840e-01,1.389541311609440721e-01,4.483636124783051957e-01,5.040000000000000036e-01,4.819999999999999840e-01,0.000000000000000000e+00,0.000000000000000000e+00
1.760437576605000000e+12,2.000000000000000000e+00,2.000000000000000000e+00,0.000000000000000000e+00,0.000000000000000000e+00,1.000000000000000000e+00,-3.238648149324576120e-01,2.436838527702018808e-01,-3.197931091638184231e-01,2.422617665164183143e-01,1.390169418486296160e-01,4.480627130698512928e-01,4.960000000000000520e-01,4.819999999999999840e-01,1.606749512562848925e-01,4.405384471768165056e-01,6.039999999999999813e-01,4.819999999999999840e-01,0.000000000000000000e+00,2.000000000000000111e-01
1.760437576809000000e+12,2.000000000000000000e+00,2.000000000000000000e+00,0.000000000000000000e+00,1.000000000000000056e-01,0.000000000000000000e+00,-3.197931091638184231e-01,2.422617665164183143e-01,-3.114991147632205637e-01,2.425708342051886846e-01,1.606749512562848925e-01,4.405384471768165056e-01,4.960000000000000520e-01,4.819999999999999840e-01,2.047919427488266997e-01,4.421737259533793374e-01,6.039999999999999813e-01,5.300000000000000266e-01,2.000000000000000042e-02,0.000000000000000000e+00
1.760437577012000000e+12,2.000000000000000000e+00,2.000000000000000000e+00,0.000000000000000000e+00,0.000000000000000000e+00,1.000000000000000000e+00,-3.114991147632205637e-01,2.425708342051886846e-01,-2.994324465050045014e-01,2.458022097164134778e-01,2.047919427488266997e-01,4.421737259533793374e-01,3.920000000000000151e-01,5.300000000000000266e-01,2.689763483776355657e-01,4.592709508804946328e-01,7.039999999999999591e-01,5.420000000000000373e-01,0.000000000000000000e+00,2.000000000000000111e-01
1.760437577216000000e+12,2.000000000000000000e+00,2.000000000000000000e+00,0.000000000000000000e+00,0.000000000000000000e+00,0.000000000000000000e+00,-2.987836586254159488e-01,2.459372178477159387e-01,-2.821660011918031286e-01,2.493121817906183146e-01,2.724273477371491059e-01,4.599852796175447067e-01,4.919999999999999929e-01,5.420000000000000373e-01,3.608191425967918198e-01,4.778422316963932270e-01,7.079999999999999627e-01,5.420000000000000373e-01,0.000000000000000000e+00,0.000000000000000000e+00
1.760437577419000000e+12,2.000000000000000000e+00,2.000000000000000000e+00,0.000000000000000000e+00,0.000000000000000000e+00,1.000000000000000000e+00,-2.821660011918031286e-01,2.493121817906183146e-01,-2.617733821533113625e-01,2.526857096203900532e-01,3.608191425967918198e-01,4.778422316963932270e-01,5.919999999999999707e-01,5.420000000000000373e-01,4.692905204611097503e-01,4.956915852930691146e-01,8.080000000000003846e-01,5.420000000000000373e-01,0.000000000000000000e+00,2.000000000000000111e-01
1.760437577622000000e+12,2.000000000000000000e+00,2.000000000000000000e+00,0.000000000000000000e+00,-1.000000000000000056e-01,2.000000000000000000e+00,-2.617733821533113625e-01,2.526857096203900532e-01,-2.396125171596024395e-01,2.557135291417035328e-01,4.692905204611097503e-01,4.956915852930691146e-01,6.959999999999999520e-01,5.420000000000000373e-01,5.871674619170083043e-01,5.117117944005478147e-01,7.160000000000000808e-01,5.180000000000000160e-01,-2.000000000000000042e-02,-2.000000000000000111e-01
1.760437577825000000e+12,2.000000000000000000e+00,2.000000000000000000e+00,0.000000000000000000e+00,-1.000000000000000056e-01,2.000000000000000000e+00,-2.396125171596024395e-01,2.557135291417035328e-01,-2.264316988126949814e-01,2.551254505492239200e-01,5.871674619170083043e-01,5.117117944005478147e-01,7.960000000000002629e-01,5.160000000000000142e-01,6.572781978048138907e-01,5.086002674562112302e-01,6.119999999999999885e-01,4.660000000000000253e-01,-2.000000000000000042e-02,-2.000000000000000111e-01
1.760437578028000000e+12,2.000000000000000000e+00,2.000000000000000000e+00,0.000000000000000000e+00,0.000000000000000000e+00,1.000000000000000000e+00,-2.264316988126949814e-01,2.551254505492239200e-01,-2.137118680563381001e-01,2.517258050717932627e-01,6.572781978048138907e-01,5.086002674562112302e-01,7.960000000000002629e-01,4.660000000000000253e-01,7.249368720407547428e-01,4.906127252475834810e-01,7.120000000000000773e-01,4.560000000000000164e-01,0.000000000000000000e+00,2.000000000000000111e-01
1.760437578232000000e+12,2.000000000000000000e+00,2.000000000000000000e+00,0.000000000000000000e+00,0.000000000000000000e+00,2.000000000000000000e+00,-2.137118680563381001e-01,2.517258050717932627e-01,-1.995363993279587467e-01,2.480793332706242027e-01,7.249368720407547428e-01,4.906127252475834810e-01,4.919999999999999929e-01,4.560000000000000164e-01,8.003383014470278889e-01,4.713192236540963420e-01,6.159999999999999920e-01,4.560000000000000164e-01,0.000000000000000000e+00,-2.000000000000000111e-01
1.760437578435000000e+12,2.000000000000000000e+00,2.000000000000000000e+00,0.000000000000000000e+00,1.000000000000000056e-01,0.000000000000000000e+00,-1.995363993279587467e-01,2.480793332706242027e-01,-1.902614720520647285e-01,2.445781534659643430e-01,8.003383014470278889e-01,4.713192236540963420e-01,3.920000000000000151e-01,4.560000000000000164e-01,8.496730209996556926e-01,4.527944627828801583e-01,6.159999999999999920e-01,4.599999999999999645e-01,2.000000000000000042e-02,0.000000000000000000e+00
1.760437578639000000e+12,2.000000000000000000e+00,2.000000000000000000e+00,0.000000000000000000e+00,1.000000000000000056e-01,0.000000000000000000e+00,-1.902614720520647285e-01,2.445781534659643430e-01,-1.806178433499409097e-01,2.433081285836023178e-01,8.496730209996556926e-01,4.527944627828801583e-01,2.919999999999999818e-01,4.599999999999999645e-01,9.009689183513781563e-01,4.460747544105942985e-01,6.159999999999999920e-01,5.100000000000000089e-01,2.000000000000000042e-02,0.000000000000000000e+00
1.760437578844000000e+12,2.000000000000000000e+00,2.000000000000000000e+00,0.000000000000000000e+00,0.000000000000000000e+00,2.000000000000000000e+00,-1.806178433499409097e-01,2.433081285836023178e-01,-1.751154925548422947e-01,2.445778565520432268e-01,9.009689183513781563e-01,4.460747544105942985e-01,1.879999999999997229e-01,5.120000000000000107e-01,9.302367417295622776e-01,4.527928918097525735e-01,5.160000000000000142e-01,5.160000000000000142e-01,0.000000000000000000e+00,-2.000000000000000111e-01
1.760437579047000000e+12,2.000000000000000000e+00,2.000000000000000000e+00,0.000000000000000000e+00,0.000000000000000000e+00,2.000000000000000000e+00,-1.751154925548422947e-01,2.445778565520432268e-01,-1.776083488244375452e-01,2.458719176769484649e-01,9.302367417295622776e-01,4.527928918097525735e-01,1.879999999999997229e-01,5.160000000000000142e-01,9.169768679551194568e-01,4.596397760685104750e-01,4.159999999999999809e-01,5.160000000000000142e-01,0.000000000000000000e+00,-2.000000000000000111e-01
1.760437579251000000e+12,2.000000000000000000e+00,2.000000000000000000e+00,0.000000000000000000e+00,0.000000000000000000e+00,0.000000000000000000e+00,-1.776083488244375452e-01,2.458719176769484649e-01,-1.849197069758820033e-01,2.472176321999906279e-01,9.169768679551194568e-01,4.596397760685104750e-01,1.879999999999997229e-01,5.160000000000000142e-01,8.780866650219042446e-01,4.667599587301091701e-01,4.119999999999999774e-01,5.160000000000000142e-01,0.000000000000000000e+00,0.000000000000000000e+00
1.760437579454000000e+12,2.000000000000000000e+00,2.000000000000000000e+00,0.000000000000000000e+00,0.000000000000000000e+00,2.000000000000000000e+00,-1.849197069758820033e-01,2.472176321999906279e-01,-1.957388948000564066e-01,2.485112489729068563e-01,8.780866650219042446e-01,4.667599587301091701e-01,8.800000000000030020e-02,5.160000000000000142e-01,8.205377936167211894e-01,4.736044919201421455e-01,3.120000000000000551e-01,5.160000000000000142e-01,0.000000000000000000e+00,-2.000000000000000111e-01
1.760437579656000000e+12,2.000000000000000000e+00,2.000000000000000000e+00,0.000000000000000000e+00,0.000000000000000000e+00,2.000000000000000000e+00,-1.957388948000564066e-01,2.485112489729068563e-01,-2.145566062783053618e-01,2.498032470388828474e-01,8.205377936167211894e-01,4.736044919201421455e-01,1.839999999999997193e-01,5.160000000000000142e-01,7.204435836260353332e-01,4.804404605231897274e-01,2.119999999999997720e-01,5.160000000000000142e-01,0.000000000000000000e+00,-2.000000000000000111e-01
1.760437579859000000e+12,2.000000000000000000e+00,2.000000000000000000e+00,0.000000000000000000e+00,0.000000000000000000e+00,2.000000000000000000e+00,-2.145566062783053618e-01,2.498032470388828474e-01,-2.413768089791643034e-01,2.510928693367008857e-01,7.204435836260353332e-01,4.804404605231897274e-01,8.400000000000032441e-02,5.160000000000000142e-01,5.777829309618919273e-01,4.872638589243433738e-01,1.120000000000001550e-01,5.160000000000000142e-01,0.000000000000000000e+00,-2.000000000000000111e-01
1.760437580063000000e+12,2.000000000000000000e+00,2.000000000000000000e+00,0.000000000000000000e+00,0.000000000000000000e+00,2.000000000000000000e+00,-2.426157626804916756e-01,2.511444007698866998e-01,-2.777558475118204195e-01,2.524309920152808528e-01,5.711927516995123355e-01,4.875365120099826033e-01,5.720000000000000639e-01,5.160000000000000142e-01,3.842774068520189990e-01,4.943438730967241179e-01,8.000000000000784262e-03,5.160000000000000142e-01,0.000000000000000000e+00,-2.000000000000000111e-01
1.760437580266000000e+12,2.000000000000000000e+00,2.000000000000000000e+00,0.000000000000000000e+00,0.000000000000000000e+00,2.000000000000000000e+00,-2.777558475118204195e-01,2.524309920152808528e-01,-3.177259989484751967e-01,2.537162721570556667e-01,3.842774068520189990e-01,4.943438730967241179e-01,4.720000000000000306e-01,5.160000000000000142e-01,1.716702183591743980e-01,5.011442971272787039e-01,-7.450580569168252509e-09,5.160000000000000142e-01,0.000000000000000000e+00,-2.000000000000000111e-01
1.760437580469000000e+12,2.000000000000000000e+00,2.000000000000000000e+00,0.000000000000000000e+00,0.000000000000000000e+00,1.000000000000000000e+00,-3.177259989484751967e-01,2.537162721570556667e-01,-3.491969839813467424e-01,2.550587030089409013e-01,1.716702183591743980e-01,5.011442971272787039e-01,5.720000000000000639e-01,5.160000000000000142e-01,4.271361801346997000e-03,5.082471058674122855e-01,5.160000000000000142e-01,5.160000000000000142e-01,0.000000000000000000e+00,2.000000000000000111e-01
1.760437580673000000e+12,2.000000000000000000e+00,2.000000000000000000e+00,0.000000000000000000e+00,0.000000000000000000e+00,2.000000000000000000e+00,-3.491969839813467424e-01,2.550587030089409013e-01,-3.514003335751013091e-01,2.563602043368937156e-01,4.271361801346997000e-03,5.082471058674122855e-01,5.720000000000000639e-01,5.160000000000000142e-01,-7.448582846283678151e-03,5.151333562798610100e-01,4.199999999999999845e-01,5.160000000000000142e-01,0.000000000000000000e+00,-2.000000000000000111e-01
1.760437580876000000e+12,2.000000000000000000e+00,2.000000000000000000e+00,0.000000000000000000e+00,-1.000000000000000056e-01,0.000000000000000000e+00,-3.514003335751013091e-01,2.563602043368937156e-01,-3.571265451402522717e-01,2.573252336216582115e-01,-7.448582846283678151e-03,5.151333562798610100e-01,4.720000000000000306e-01,5.160000000000000142e-01,-3.790715500134199389e-02,5.202393313315250012e-01,5.000000000000000000e-01,4.939999999999999947e-01,-2.000000000000000042e-02,0.000000000000000000e+00
1.760437581079000000e+12,2.000000000000000000e+00,2.000000000000000000e+00,0.000000000000000000e+00,0.000000000000000000e+00,0.000000000000000000e+00,-3.571265451402522717e-01,2.573252336216582115e-01,-3.571622302513223213e-01,2.549332241647686015e-01,-3.790715500134199389e-02,5.202393313315250012e-01,4.720000000000000306e-01,4.939999999999999947e-01,-3.809696942192736246e-02,5.075831966389873218e-01,5.000000000000000000e-01,4.560000000000000164e-01,0.000000000000000000e+00,0.000000000000000000e+00
1.760437581282000000e+12,2.000000000000000000e+00,2.000000000000000000e+00,0.000000000000000000e+00,0.000000000000000000e+00,2.000000000000000000e+00,-3.571622302513223213e-01,2.549332241647686015e-01,-3.571958341472898923e-01,2.514349196535671793e-01,-3.809696942192736246e-02,5.075831966389873218e-01,5.760000000000000675e-01,4.560000000000000164e-01,-3.827571354941444737e-02,4.890736489606729576e-01,5.000000000000000000e-01,4.560000000000000164e-01,0.000000000000000000e+00,-2.000000000000000111e-01
1.760437581485000000e+12,2.000000000000000000e+00,2.000000000000000000e+00,0.000000000000000000e+00,0.000000000000000000e+00,2.000000000000000000e+00,-3.571958341472898923e-01,2.514349196535671793e-01,-3.572287417338906312e-01,2.479359608903496659e-01,-3.827571354941444737e-02,4.890736489606729576e-01,6.759999999999999343e-01,4.560000000000000164e-01,-3.845075390367369561e-02,4.705606396314797601e-01,5.000000000000000000e-01,4.560000000000000164e-01,0.000000000000000000e+00,-2.000000000000000111e-01
1.760437581688000000e+12,2.000000000000000000e+00,2.000000000000000000e+00,0.000000000000000000e+00,1.000000000000000056e-01,0.000000000000000000e+00,-3.572300425483501685e-01,2.477959886222312891e-01,-3.572622675369581668e-01,2.443539810446873906e-01,-3.845767312952229344e-02,4.698200456202714093e-01,5.760000000000000675e-01,4.560000000000000164e-01,-3.862908264339463132e-02,4.516083653158063371e-01,5.000000000000000000e-01,4.660000000000000253e-01,2.000000000000000042e-02,0.000000000000000000e+00
1.760437581891000000e+12,2.000000000000000000e+00,2.000000000000000000e+00,0.000000000000000000e+00,1.000000000000000056e-01,2.000000000000000000e+00,-3.572622675369581668e-01,2.443539810446873906e-01,-3.572941903428338284e-01,2.435403422722625943e-01,-3.862908264339463132e-02,4.516083653158063371e-01,5.760000000000000675e-01,4.660000000000000253e-01,-3.879888480230771902e-02,4.473033982659396779e-01,5.000000000000000000e-01,5.160000000000000142e-01,2.000000000000000042e-02,-2.000000000000000111e-01
1.760437582094000000e+12,2.000000000000000000e+00,2.000000000000000000e+00,0.000000000000000000e+00,0.000000000000000000e+00,2.000000000000000000e+00,-3.572941903428338284e-01,2.435403422722625943e-01,-3.573262164386098449e-01,2.456548521330114698e-01,-3.879888480230771902e-02,4.473033982659396779e-01,5.760000000000000675e-01,5.160000000000000142e-01,-3.896923637558440817e-02,4.584912811270448474e-01,5.000000000000000000e-01,5.279999999999999138e-01,0.000000000000000000e+00,-2.000000000000000111e-01
1.760437582298000000e+12,2.000000000000000000e+00,2.000000000000000000e+00,0.000000000000000000e+00,0.000000000000000000e+00,2.000000000000000000e+00,-3.573275049685082916e-01,2.457452643056989849e-01,-3.573599822466515530e-01,2.480057990446041805e-01,-3.897609025802294819e-02,4.589696524111057663e-01,4.760000000000000342e-01,5.279999999999999138e-01,-3.914884173750838442e-02,4.709301536751544504e-01,5.000000000000000000e-01,5.279999999999999138e-01,0.000000000000000000e+00,-2.000000000000000111e-01
1.760437582501000000e+12,2.000000000000000000e+00,2.000000000000000000e+00,0.000000000000000000e+00,0.000000000000000000e+00,2.000000000000000000e+00,-3.573599822466515530e-01,2.480057990446041805e-01,-3.573928728746140759e-01,2.502667348132083247e-01,-3.914884173750838442e-02,4.709301536751544504e-01,5.720000000000000639e-01,5.279999999999999138e-01,-3.932379188624520600e-02,4.828927767894620748e-01,5.000000000000000000e-01,5.279999999999999138e-01,0.000000000000000000e+00,-2.000000000000000111e-01
1.760437582703000000e+12,2.000000000000000000e+00,2.000000000000000000e+00,0.000000000000000000e+00,0.000000000000000000e+00,2.000000000000000000e+00,-3.573928728746140759e-01,2.502667348132083247e-01,-3.574262007119782258e-01,2.525280891637701752e-01,-3.932379188624520600e-02,4.828927767894620748e-01,6.719999999999999307e-01,5.279999999999999138e-01,-3.950106761690558299e-02,4.948576146231226658e-01,5.000000000000000000e-01,5.279999999999999138e-01,0.000000000000000000e+00,-2.000000000000000111e-01
1.760437582908000000e+12,2.000000000000000000e+00,2.000000000000000000e+00,0.000000000000000000e+00,-1.000000000000000056e-01,1.000000000000000000e+00,-3.574275436221154845e-01,2.526185524807780802e-01,-3.536930304992818019e-01,2.548752996977240448e-01,-3.950821075593355380e-02,4.953362565120533745e-01,5.720000000000000639e-01,5.279999999999999138e-01,-1.964377925149906820e-02,5.072767179773759461e-01,5.999999999999999778e-01,5.240000000000000213e-01,-2.000000000000000042e-02,2.000000000000000111e-01
1.760437583112000000e+12,2.000000000000000000e+00,2.000000000000000000e+00,0.000000000000000000e+00,-1.000000000000000056e-01,2.000000000000000000e+00,-3.536930304992818019e-01,2.548752996977240448e-01,-3.494949455401070160e-01,2.549350992865224708e-01,-1.964377925149906820e-02,5.072767179773759461e-01,4.679999999999999716e-01,5.240000000000000213e-01,2.686459893047669651e-03,5.075931179181083497e-01,5.000000000000000000e-01,4.740000000000000324e-01,-2.000000000000000042e-02,-2.000000000000000111e-01
1.760437583315000000e+12,2.000000000000000000e+00,2.000000000000000000e+00,0.000000000000000000e+00,0.000000000000000000e+00,2.000000000000000000e+00,-3.494930240506627372e-01,2.548543576838347424e-01,-3.499855897785687509e-01,2.523403888638467985e-01,2.696680581581067070e-03,5.071659136710833238e-01,3.680000000000001048e-01,4.740000000000000324e-01,7.665011399588801233e-05,4.938644913431047834e-01,5.000000000000000000e-01,4.679999999999999716e-01,0.000000000000000000e+00,-2.000000000000000111e-01
1.760437583521000000e+12,2.000000000000000000e+00,2.000000000000000000e+00,0.000000000000000000e+00,0.000000000000000000e+00,0.000000000000000000e+00,-3.499855897785687509e-01,2.523403888638467985e-01,-3.500168849409238114e-01,2.498011718111402268e-01,7.665011399588801233e-05,4.938644913431047834e-01,4.679999999999999716e-01,4.679999999999999716e-01,-8.981351555230659078e-05,4.804294804822235032e-01,5.000000000000000000e-01,4.679999999999999716e-01,0.000000000000000000e+00,0.000000000000000000e+00
1.760437583723000000e+12,2.000000000000000000e+00,2.000000000000000000e+00,0.000000000000000000e+00,0.000000000000000000e+00,1.000000000000000000e+00,-3.500168849409238114e-01,2.498011718111402268e-01,-3.462804351270358794e-01,2.471596880599482571e-01,-8.981351555230659078e-05,4.804294804822235032e-01,5.720000000000000639e-01,4.679999999999999716e-01,1.978491953704307818e-02,4.664533759785622347e-01,5.959999999999999742e-01,4.679999999999999716e-01,0.000000000000000000e+00,2.000000000000000111e-01
1.760437583926000000e+12,2.000000000000000000e+00,2.000000000000000000e+00,0.000000000000000000e+00,0.000000000000000000e+00,2.000000000000000000e+00,-3.462804351270358794e-01,2.471596880599482571e-01,-3.420881424090314038e-01,2.446189679906468628e-01,1.978491953704307818e-02,4.664533759785622347e-01,4.720000000000000306e-01,4.679999999999999716e-01,4.208434888813071539e-02,4.530104126489252758e-01,5.000000000000000000e-01,4.679999999999999716e-01,0.000000000000000000e+00,-2.000000000000000111e-01
1.760437584130000000e+12,2.000000000000000000e+00,2.000000000000000000e+00,0.000000000000000000e+00,1.000000000000000056e-01,1.000000000000000000e+00,-3.420881424090314038e-01,2.446189679906468628e-01,-3.383413227402082835e-01,2.424161261949185631e-01,4.208434888813071539e-02,4.530104126489252758e-01,5.720000000000000639e-01,4.679999999999999716e-01,6.201424074357285432e-02,4.413551650524792369e-01,5.999999999999999778e-01,4.899999999999999911e-01,2.000000000000000042e-02,2.000000000000000111e-01
1.760437584333000000e+12,2.000000000000000000e+00,2.000000000000000000e+00,0.000000000000000000e+00,1.000000000000000056e-01,2.000000000000000000e+00,-3.380239853516221471e-01,2.423840468647901203e-01,-3.335046461046184962e-01,2.436462692291389565e-01,6.370220557647783555e-02,4.411854331470377311e-01,4.760000000000000342e-01,4.899999999999999911e-01,8.774124412436959397e-02,4.478638583552326247e-01,5.080000000000000071e-01,5.400000000000000355e-01,2.000000000000000042e-02,-2.000000000000000111e-01
1.760437584535000000e+12,2.000000000000000000e+00,2.000000000000000000e+00,0.000000000000000000e+00,0.000000000000000000e+00,2.000000000000000000e+00,-3.335046461046184962e-01,2.436462692291389565e-01,-3.369773442408054431e-01,2.470233736724275764e-01,8.774124412436959397e-02,4.478638583552326247e-01,5.760000000000000675e-01,5.420000000000000373e-01,6.926944552763050766e-02,4.657321358329502003e-01,4.040000000000000258e-01,5.420000000000000373e-01,0.000000000000000000e+00,-2.000000000000000111e-01
1.760437584739000000e+12,2.000000000000000000e+00,2.000000000000000000e+00,0.000000000000000000e+00,0.000000000000000000e+00,2.000000000000000000e+00,-3.369773442408054431e-01,2.470233736724275764e-01,-3.484528540675853048e-01,2.504020319664856387e-01,6.926944552763050766e-02,4.657321358329502003e-01,4.760000000000000342e-01,5.420000000000000373e-01,8.229499640503580224e-03,4.836086347433103394e-01,3.039999999999999925e-01,5.420000000000000373e-01,0.000000000000000000e+00,-2.000000000000000111e-01
1.760437584942000000e+12,2.000000000000000000e+00,2.000000000000000000e+00,0.000000000000000000e+00,0.000000000000000000e+00,2.000000000000000000e+00,-3.484528540675853048e-01,2.504020319664856387e-01,-3.499059718067732971e-01,2.539180100933381978e-01,8.229499640503580224e-03,4.836086347433103394e-01,3.720000000000001084e-01,5.420000000000000373e-01,5.001499639717057067e-04,5.022116936155460731e-01,5.000000000000000000e-01,5.420000000000000373e-01,0.000000000000000000e+00,-2.000000000000000111e-01
1.760437585144000000e+12,2.000000000000000000e+00,2.000000000000000000e+00,0.000000000000000000e+00,0.000000000000000000e+00,1.000000000000000000e+00,-3.499059718067732971e-01,2.539180100933381978e-01,-3.461649298344706138e-01,2.572993665888375636e-01,5.001499639717057067e-04,5.022116936155460731e-01,2.719999999999999085e-01,5.420000000000000373e-01,2.039930939111364236e-02,5.201024687240083377e-01,5.999999999999999778e-01,5.420000000000000373e-01,0.000000000000000000e+00,2.000000000000000111e-01
1.760437585347000000e+12,2.000000000000000000e+00,2.000000000000000000e+00,0.000000000000000000e+00,-1.000000000000000056e-01,2.000000000000000000e+00,-3.461649298344706138e-01,2.572993665888375636e-01,-3.419687762525147612e-01,2.606465411226476792e-01,2.039930939111364236e-02,5.201024687240083377e-01,1.719999999999997919e-01,5.420000000000000373e-01,4.271927525258094327e-02,5.378123868923158080e-01,5.000000000000000000e-01,5.340000000000000302e-01,-2.000000000000000042e-02,-2.000000000000000111e-01
1.760437585550000000e+12,2.000000000000000000e+00,2.000000000000000000e+00,0.000000000000000000e+00,-1.000000000000000056e-01,0.000000000000000000e+00,-3.419687762525147612e-01,2.606465411226476792e-01,-3.423149316256310359e-01,2.614567985115264781e-01,4.271927525258094327e-02,5.378123868923158080e-01,5.000000000000000000e-01,5.340000000000000302e-01,4.087802326791990792e-02,5.420994630239497347e-01,4.960000000000000520e-01,4.839999999999999858e-01,-2.000000000000000042e-02,0.000000000000000000e+00
1.760437585753000000e+12,2.000000000000000000e+00,2.000000000000000000e+00,0.000000000000000000e+00,0.000000000000000000e+00,2.000000000000000000e+00,-3.423149316256310359e-01,2.614567985115264781e-01,-3.464359959861088578e-01,2.593435081600088399e-01,4.087802326791990792e-02,5.420994630239497347e-01,5.000000000000000000e-01,4.819999999999999840e-01,1.895746815899532201e-02,5.309180325926394772e-01,3.960000000000000187e-01,4.719999999999999751e-01,0.000000000000000000e+00,-2.000000000000000111e-01
1.760437585955000000e+12,2.000000000000000000e+00,2.000000000000000000e+00,0.000000000000000000e+00,0.000000000000000000e+00,2.000000000000000000e+00,-3.464359959861088578e-01,2.593435081600088399e-01,-3.499499653264114829e-01,2.571253045440514140e-01,1.895746815899532201e-02,5.309180325926394772e-01,5.999999999999999778e-01,4.719999999999999751e-01,2.661418807898665098e-04,5.191815055240815990e-01,5.000000000000000000e-01,4.719999999999999751e-01,0.000000000000000000e+00,-2.000000000000000111e-01
1.760437586158000000e+12,2.000000000000000000e+00,2.000000000000000000e+00,0.000000000000000000e+00,0.000000000000000000e+00,1.000000000000000000e+00,-3.499499653264114829e-01,2.571253045440514140e-01,-3.462120682142488803e-01,2.549067817620340182e-01,2.661418807898665098e-04,5.191815055240815990e-01,5.040000000000000036e-01,4.719999999999999751e-01,2.014857332846328730e-02,5.074432897462117786e-01,5.999999999999999778e-01,4.719999999999999751e-01,0.000000000000000000e+00,2.000000000000000111e-01
1.760437586361000000e+12,2.000000000000000000e+00,2.000000000000000000e+00,0.000000000000000000e+00,0.000000000000000000e+00,2.000000000000000000e+00,-3.458964785265381536e-01,2.548180053840703452e-01,-3.413822053031215775e-01,2.525985743104181003e-01,2.182724188011608835e-02,5.069735734606897193e-01,5.040000000000000036e-01,4.719999999999999751e-01,4.583933349403405272e-02,4.952305519069741258e-01,5.040000000000000036e-01,4.719999999999999751e-01,0.000000000000000000e+00,-2.000000000000000111e-01
1.760437586564000000e+12,2.000000000000000000e+00,2.000000000000000000e+00,0.000000000000000000e+00,0.000000000000000000e+00,2.000000000000000000e+00,-3.413822053031215775e-01,2.525985743104181003e-01,-3.448564210267531793e-01,2.503787638982826746e-01,4.583933349403405272e-02,4.952305519069741258e-01,5.040000000000000036e-01,4.719999999999999751e-01,2.735946262365318571e-02,4.834855232713369810e-01,4.040000000000000258e-01,4.719999999999999751e-01,0.000000000000000000e+00,-2.000000000000000111e-01
1.760437586766000000e+12,2.000000000000000000e+00,2.000000000000000000e+00,0.000000000000000000e+00,1.000000000000000056e-01,1.000000000000000000e+00,-3.448564210267531793e-01,2.503787638982826746e-01,-3.494127144298336263e-01,2.481956418481071069e-01,2.735946262365318571e-02,4.834855232713369810e-01,5.040000000000000036e-01,4.719999999999999751e-01,3.123859415778466007e-03,4.719346129529476963e-01,5.000000000000000000e-01,4.860000000000000431e-01,2.000000000000000042e-02,2.000000000000000111e-01
1.760437586971000000e+12,2.000000000000000000e+00,2.000000000000000000e+00,0.000000000000000000e+00,1.000000000000000056e-01,2.000000000000000000e+00,-3.494127144298336263e-01,2.481956418481071069e-01,-3.499073757412013985e-01,2.489807009025235829e-01,3.123859415778466007e-03,4.719346129529476963e-01,6.039999999999999813e-01,4.860000000000000431e-01,4.926822276520175002e-04,4.760883645636169170e-01,5.000000000000000000e-01,5.360000000000000320e-01,2.000000000000000042e-02,-2.000000000000000111e-01
1.760437587174000000e+12,2.000000000000000000e+00,2.000000000000000000e+00,0.000000000000000000e+00,0.000000000000000000e+00,2.000000000000000000e+00,-3.499073757412013985e-01,2.489807009025235829e-01,-3.499382951251230889e-01,2.532846588548451905e-01,4.926822276520175002e-04,4.760883645636169170e-01,7.039999999999999591e-01,5.360000000000000320e-01,3.282174195579198243e-04,4.988606288616148077e-01,5.000000000000000000e-01,5.599999999999999423e-01,0.000000000000000000e+00,-2.000000000000000111e-01
1.760437587377000000e+12,2.000000000000000000e+00,2.000000000000000000e+00,0.000000000000000000e+00,0.000000000000000000e+00,2.000000000000000000e+00,-3.499382951251230889e-01,2.532846588548451905e-01,-3.499714300254609389e-01,2.582992262606811917e-01,3.282174195579198243e-04,4.988606288616148077e-01,8.080000000000003846e-01,5.599999999999999423e-01,1.519679496757386870e-04,5.253927315379958163e-01,5.000000000000000000e-01,5.599999999999999423e-01,0.000000000000000000e+00,-2.000000000000000111e-01
1.760437587581000000e+12,2.000000000000000000e+00,2.000000000000000000e+00,0.000000000000000000e+00,-1.000000000000000056e-01,1.000000000000000000e+00,-3.499714300254609389e-01,2.582992262606811917e-01,-3.462345524022663046e-01,2.629960605499876980e-01,1.519679496757386870e-04,5.253927315379958163e-01,9.079999999999996962e-01,5.599999999999999423e-01,2.002897658368975320e-02,5.502437066136915966e-01,5.999999999999999778e-01,5.460000000000000409e-01,-2.000000000000000042e-02,2.000000000000000111e-01
1.760437587785000000e+12,2.000000000000000000e+00,2.000000000000000000e+00,0.000000000000000000e+00,-1.000000000000000056e-01,1.000000000000000000e+00,-3.462345524022663046e-01,2.629960605499876980e-01,-3.344975694561928004e-01,2.648134380229460461e-01,2.002897658368975320e-02,5.502437066136915966e-01,8.080000000000003846e-01,5.460000000000000409e-01,8.245973693514457858e-02,5.598594604388680285e-01,7.000000000000000666e-01,4.960000000000000520e-01,-2.000000000000000042e-02,2.000000000000000111e-01
1.760437587989000000e+12,2.000000000000000000e+00,2.000000000000000000e+00,0.000000000000000000e+00,0.000000000000000000e+00,2.000000000000000000e+00,-3.338619164137154316e-01,2.648030347972728515e-01,-3.213468555323941711e-01,2.636480180640560778e-01,8.584087013981142600e-02,5.598044169167876172e-01,7.039999999999999591e-01,4.939999999999999947e-01,1.524103429127968701e-01,5.536932172701380939e-01,6.039999999999999813e-01,4.839999999999999858e-01,0.000000000000000000e+00,-2.000000000000000111e-01
1.760437588192000000e+12,2.000000000000000000e+00,2.000000000000000000e+00,0.000000000000000000e+00,0.000000000000000000e+00,2.000000000000000000e+00,-3.213468555323941711e-01,2.636480180640560778e-01,-3.168192418527103205e-01,2.623886872446389296e-01,1.524103429127968701e-01,5.536932172701380939e-01,8.040000000000002700e-01,4.839999999999999858e-01,1.764933944004769273e-01,5.470300912414758354e-01,5.040000000000000036e-01,4.839999999999999858e-01,0.000000000000000000e+00,-2.000000000000000111e-01
1.760437588396000000e+12,2.000000000000000000e+00,2.000000000000000000e+00,0.000000000000000000e+00,0.000000000000000000e+00,2.000000000000000000e+00,-3.168042703704071483e-01,2.623383155035083902e-01,-3.205948479193068135e-01,2.610787775600006411e-01,1.765730299446427454e-01,5.467635740926370946e-01,7.039999999999999591e-01,4.839999999999999858e-01,1.564103834079423883e-01,5.400993521693155941e-01,4.000000000000000777e-01,4.839999999999999858e-01,0.000000000000000000e+00,-2.000000000000000111e-01
1.760437588599000000e+12,2.000000000000000000e+00,2.000000000000000000e+00,0.000000000000000000e+00,0.000000000000000000e+00,1.000000000000000000e+00,-3.205948479193068135e-01,2.610787775600006411e-01,-3.248487110085293561e-01,2.598193041109141399e-01,1.564103834079423883e-01,5.400993521693155941e-01,5.999999999999999778e-01,4.839999999999999858e-01,1.337834520822905604e-01,5.334354714863183133e-01,5.000000000000000000e-01,4.839999999999999858e-01,0.000000000000000000e+00,2.000000000000000111e-01
1.760437588802000000e+12,2.000000000000000000e+00,2.000000000000000000e+00,0.000000000000000000e+00,0.000000000000000000e+00,2.000000000000000000e+00,-3.248487110085293561e-01,2.598193041109141399e-01,-3.286501602280136880e-01,2.585598205467981581e-01,1.337834520822905604e-01,5.334354714863183133e-01,5.000000000000000000e-01,4.839999999999999858e-01,1.135629775105653910e-01,5.267715372846464295e-01,4.000000000000000777e-01,4.839999999999999858e-01,0.000000000000000000e+00,-2.000000000000000111e-01
1.760437589006000000e+12,2.000000000000000000e+00,2.000000000000000000e+00,0.000000000000000000e+00,0.000000000000000000e+00,0.000000000000000000e+00,-3.289680528265948034e-01,2.585094262326584347e-01,-3.373146482226121456e-01,2.572497079057259328e-01,1.118720594330062656e-01,5.265049007018965943e-01,5.000000000000000000e-01,4.839999999999999858e-01,6.747527541163741982e-02,5.198397243689203417e-01,3.960000000000000187e-01,4.839999999999999858e-01,0.000000000000000000e+00,0.000000000000000000e+00
1.760437589209000000e+12,2.000000000000000000e+00,2.000000000000000000e+00,0.000000000000000000e+00,0.000000000000000000e+00,2.000000000000000000e+00,-3.373146482226121456e-01,2.572497079057259328e-01,-3.494371109548607968e-01,2.559896025225489313e-01,6.747527541163741982e-02,5.198397243689203417e-01,5.000000000000000000e-01,4.839999999999999858e-01,2.994090665633942095e-03,5.131725001193065960e-01,5.000000000000000000e-01,4.839999999999999858e-01,0.000000000000000000e+00,-2.000000000000000111e-01
1.760437589412000000e+12,2.000000000000000000e+00,2.000000000000000000e+00,0.000000000000000000e+00,0.000000000000000000e+00,1.000000000000000000e+00,-3.494371109548607968e-01,2.559896025225489313e-01,-3.458651553676252988e-01,2.546806307426385807e-01,2.994090665633942095e-03,5.131725001193065960e-01,5.000000000000000000e-01,4.839999999999999858e-01,2.199385442752489067e-02,5.062467235060242876e-01,5.959999999999999742e-01,4.839999999999999858e-01,0.000000000000000000e+00,2.000000000000000111e-01
1.760437589615000000e+12,2.000000000000000000e+00,2.000000000000000000e+00,0.000000000000000000e+00,0.000000000000000000e+00,2.000000000000000000e+00,-3.458651553676252988e-01,2.546806307426385807e-01,-3.416614977458733993e-01,2.534213509324447777e-01,2.199385442752489067e-02,5.062467235060242876e-01,5.000000000000000000e-01,4.839999999999999858e-01,4.435373539429032091e-02,4.995838673674327657e-01,5.000000000000000000e-01,4.839999999999999858e-01,0.000000000000000000e+00,-2.000000000000000111e-01
1.760437589818000000e+12,2.000000000000000000e+00,2.000000000000000000e+00,0.000000000000000000e+00,0.000000000000000000e+00,2.000000000000000000e+00,-3.416614977458733993e-01,2.534213509324447777e-01,-3.454576382833326464e-01,2.521618300284319547e-01,4.435373539429032091e-02,4.995838673674327657e-01,5.000000000000000000e-01,4.839999999999999858e-01,2.416149849291134022e-02,4.929197356001691066e-01,3.999999999999999667e-01,4.839999999999999858e-01,0.000000000000000000e+00,-2.000000000000000111e-01
1.760437590023000000e+12,2.000000000000000000e+00,2.000000000000000000e+00,0.000000000000000000e+00,0.000000000000000000e+00,2.000000000000000000e+00,-3.457740465578590383e-01,2.521114389139872958e-01,-3.497905631325098907e-01,2.508519487523920288e-01,2.247847575606883030e-02,4.926531159470227683e-01,5.000000000000000000e-01,4.839999999999999858e-01,1.114025890904718529e-03,4.859891468380531099e-01,5.000000000000000000e-01,4.839999999999999858e-01,0.000000000000000000e+00,-2.000000000000000111e-01
1.760437590227000000e+12,2.000000000000000000e+00,2.000000000000000000e+00,0.000000000000000000e+00,0.000000000000000000e+00,2.000000000000000000e+00,-3.497905631325098907e-01,2.508519487523920288e-01,-3.498216597001154171e-01,2.495926571935448424e-01,1.114025890904718529e-03,4.859891468380531099e-01,5.000000000000000000e-01,4.839999999999999858e-01,9.486186164072377830e-04,4.793262285372743570e-01,5.000000000000000000e-01,4.839999999999999858e-01,0.000000000000000000e+00,-2.000000000000000111e-01
1.760437590430000000e+12,2.000000000000000000e+00,2.000000000000000000e+00,0.000000000000000000e+00,0.000000000000000000e+00,2.000000000000000000e+00,-3.498216597001154171e-01,2.495926571935448424e-01,-3.498525426561441831e-01,2.483331511762785215e-01,9.486186164072377830e-04,4.793262285372743570e-01,5.000000000000000000e-01,4.839999999999999858e-01,7.843475737010355883e-04,4.726621755358652588e-01,5.000000000000000000e-01,4.839999999999999858e-01,0.000000000000000000e+00,-2.000000000000000111e-01
1.760437590633000000e+12,2.000000000000000000e+00,2.000000000000000000e+00,0.000000000000000000e+00,0.000000000000000000e+00,2.000000000000000000e+00,-3.498537716172966938e-01,2.482827655457819083e-01,-3.498843865450090851e-01,2.470230147996443082e-01,7.778105462940637866e-04,4.723955848983170114e-01,4.000000000000000777e-01,4.839999999999999858e-01,6.149651861217697753e-04,4.657302370351551479e-01,5.000000000000000000e-01,4.839999999999999858e-01,0.000000000000000000e+00,-2.000000000000000111e-01
1.760437590837000000e+12,2.000000000000000000e+00,2.000000000000000000e+00,0.000000000000000000e+00,0.000000000000000000e+00,2.000000000000000000e+00,-3.498843865450090851e-01,2.470230147996443082e-01,-3.499147615643846132e-01,2.457630394796289086e-01,6.149651861217697753e-04,4.657302370351551479e-01,5.000000000000000000e-01,4.839999999999999858e-01,4.533959341242798182e-04,4.590637009504175414e-01,5.000000000000000000e-01,4.839999999999999858e-01,0.000000000000000000e+00,-2.000000000000000111e-01
1.760437591040000000e+12,2.000000000000000000e+00,2.000000000000000000e+00,0.000000000000000000e+00,0.000000000000000000e+00,1.000000000000000000e+00,-3.499147615643846132e-01,2.457630394796289086e-01,-3.461744201263142751e-01,2.444521845367737811e-01,4.533959341242798182e-04,4.590637009504175414e-01,4.040000000000000258e-01,4.839999999999999858e-01,2.034882911534948574e-02,4.521279605120306355e-01,5.999999999999999778e-01,4.839999999999999858e-01,0.000000000000000000e+00,2.000000000000000111e-01
1.760437591244000000e+12,2.000000000000000000e+00,2.000000000000000000e+00,0.000000000000000000e+00,0.000000000000000000e+00,0.000000000000000000e+00,-3.461744201263142751e-01,2.444521845367737811e-01,-3.382051344634708911e-01,2.431907083008865711e-01,2.034882911534948574e-02,4.521279605120306355e-01,4.040000000000000258e-01,4.839999999999999858e-01,6.273864647089941182e-02,4.454534830734739881e-01,5.999999999999999778e-01,4.839999999999999858e-01,0.000000000000000000e+00,0.000000000000000000e+00
1.760437591448000000e+12,2.000000000000000000e+00,2.000000000000000000e+00,0.000000000000000000e+00,0.000000000000000000e+00,0.000000000000000000e+00,-3.382051344634708911e-01,2.431907083008865711e-01,-3.302306492935495053e-01,2.419285449417943046e-01,6.273864647089941182e-02,4.454534830734739881e-01,5.040000000000000036e-01,4.839999999999999858e-01,1.051561207789918906e-01,4.387753700624038022e-01,5.999999999999999778e-01,4.839999999999999858e-01,0.000000000000000000e+00,0.000000000000000000e+00
1.760437591651000000e+12,2.000000000000000000e+00,2.000000000000000000e+00,0.000000000000000000e+00,0.000000000000000000e+00,1.000000000000000000e+00,-3.299116298754424248e-01,2.418780446048416077e-01,-3.181682619561667646e-01,2.406145196234166783e-01,1.068530325774338097e-01,4.385081725123894936e-01,5.040000000000000036e-01,4.839999999999999858e-01,1.693177555523043554e-01,4.318228551503528467e-01,7.000000000000000666e-01,4.839999999999999858e-01,0.000000000000000000e+00,2.000000000000000111e-01
1.760437591854000000e+12,2.000000000000000000e+00,2.000000000000000000e+00,0.000000000000000000e+00,1.000000000000000056e-01,2.000000000000000000e+00,-3.181682619561667646e-01,2.406145196234166783e-01,-3.059615039139679804e-01,2.396884838879020097e-01,1.693177555523043554e-01,4.318228551503528467e-01,5.040000000000000036e-01,4.839999999999999858e-01,2.342473196065532060e-01,4.269231951740847797e-01,5.999999999999999778e-01,5.060000000000000053e-01,2.000000000000000042e-02,-2.000000000000000111e-01
1.760437592058000000e+12,2.000000000000000000e+00,2.000000000000000000e+00,0.000000000000000000e+00,0.000000000000000000e+00,0.000000000000000000e+00,-3.056390933066905902e-01,2.397067199040956720e-01,-2.979751609341259044e-01,2.422434261390325749e-01,2.359622696452627344e-01,4.270196820322522679e-01,5.040000000000000036e-01,5.060000000000000053e-01,2.767278673716706550e-01,4.404414081430295669e-01,5.959999999999999742e-01,5.560000000000000497e-01,0.000000000000000000e+00,0.000000000000000000e+00
1.760437592261000000e+12,2.000000000000000000e+00,2.000000000000000000e+00,0.000000000000000000e+00,0.000000000000000000e+00,1.000000000000000000e+00,-2.979751609341259044e-01,2.422434261390325749e-01,-2.865373682518169707e-01,2.467387722007310658e-01,2.767278673716706550e-01,4.404414081430295669e-01,6.039999999999999813e-01,5.560000000000000497e-01,3.375671901499096572e-01,4.642263079403760595e-01,6.959999999999999520e-01,5.560000000000000497e-01,0.000000000000000000e+00,2.000000000000000111e-01
1.760437592465000000e+12,2.000000000000000000e+00,2.000000000000000000e+00,0.000000000000000000e+00,0.000000000000000000e+00,1.000000000000000000e+00,-2.865373682518169707e-01,2.467387722007310658e-01,-2.671106182693379072e-01,2.512319957441239149e-01,3.375671901499096572e-01,4.642263079403760595e-01,5.040000000000000036e-01,5.560000000000000497e-01,4.409009666524578708e-01,4.879999774821371927e-01,7.960000000000002629e-01,5.560000000000000497e-01,0.000000000000000000e+00,2.000000000000000111e-01
1.760437592669000000e+12,2.000000000000000000e+00,2.000000000000000000e+00,0.000000000000000000e+00,0.000000000000000000e+00,2.000000000000000000e+00,-2.661672319171302648e-01,2.514116613994749061e-01,-2.459575385146225979e-01,2.559045262693565026e-01,4.459189791642006462e-01,4.889505894152111898e-01,6.039999999999999813e-01,5.560000000000000497e-01,5.534173483264754889e-01,5.127223612135265451e-01,7.000000000000000666e-01,5.560000000000000497e-01,0.000000000000000000e+00,-2.000000000000000111e-01
1.760437592873000000e+12,2.000000000000000000e+00,2.000000000000000000e+00,0.000000000000000000e+00,-1.000000000000000056e-01,0.000000000000000000e+00,-2.459575385146225979e-01,2.559045262693565026e-01,-2.299688567635720660e-01,2.594437150960859917e-01,5.534173483264754889e-01,5.127223612135265451e-01,5.000000000000000000e-01,5.560000000000000497e-01,6.384635278533400404e-01,5.314482280216190624e-01,7.000000000000000666e-01,5.200000000000000178e-01,-2.000000000000000042e-02,0.000000000000000000e+00
1.760437593075000000e+12,2.000000000000000000e+00,2.000000000000000000e+00,0.000000000000000000e+00,0.000000000000000000e+00,2.000000000000000000e+00,-2.299688567635720660e-01,2.594437150960859917e-01,-2.171107141601373858e-01,2.592499101447242604e-01,6.384635278533400404e-01,5.314482280216190624e-01,4.000000000000000777e-01,5.200000000000000178e-01,7.068579034035245012e-01,5.304228049985411086e-01,5.999999999999999778e-01,4.839999999999999858e-01,0.000000000000000000e+00,-2.000000000000000111e-01
1.760437593279000000e+12,2.000000000000000000e+00,2.000000000000000000e+00,0.000000000000000000e+00,0.000000000000000000e+00,2.000000000000000000e+00,-2.171107141601373858e-01,2.592499101447242604e-01,-2.128910198203502468e-01,2.579859507581784284e-01,7.068579034035245012e-01,5.304228049985411086e-01,2.999999999999999889e-01,4.839999999999999858e-01,7.293030860619668099e-01,5.237351891967113593e-01,5.000000000000000000e-01,4.839999999999999858e-01,0.000000000000000000e+00,-2.000000000000000111e-01
1.760437593482000000e+12,2.000000000000000000e+00,2.000000000000000000e+00,0.000000000000000000e+00,0.000000000000000000e+00,1.000000000000000000e+00,-2.128910198203502468e-01,2.579859507581784284e-01,-2.091237079177514502e-01,2.567217784037380546e-01,7.293030860619668099e-01,5.237351891967113593e-01,3.960000000000000187e-01,4.839999999999999858e-01,7.493419791608965097e-01,5.170464465806247079e-01,5.999999999999999778e-01,4.839999999999999858e-01,0.000000000000000000e+00,2.000000000000000111e-01
1.760437593685000000e+12,2.000000000000000000e+00,2.000000000000000000e+00,0.000000000000000000e+00,0.000000000000000000e+00,1.000000000000000000e+00,-2.088057125316927776e-01,2.566711917739952775e-01,-1.967338429076505579e-01,2.554055555272972122e-01,7.510334439803575401e-01,5.167787924550015788e-01,2.959999999999999853e-01,4.839999999999999858e-01,8.152455164486672734e-01,5.100823043772340082e-01,7.039999999999999591e-01,4.839999999999999858e-01,0.000000000000000000e+00,2.000000000000000111e-01
1.760437593891000000e+12,2.000000000000000000e+00,2.000000000000000000e+00,0.000000000000000000e+00,0.000000000000000000e+00,1.000000000000000000e+00,-1.967338429076505579e-01,2.554055555272972122e-01,-1.766579824648155661e-01,2.541372361285272885e-01,8.152455164486672734e-01,5.100823043772340082e-01,3.960000000000000187e-01,4.839999999999999858e-01,9.220320081658747169e-01,5.033716197276576487e-01,8.040000000000002700e-01,4.839999999999999858e-01,0.000000000000000000e+00,2.000000000000000111e-01
1.760437594095000000e+12,2.000000000000000000e+00,2.000000000000000000e+00,0.000000000000000000e+00,0.000000000000000000e+00,2.000000000000000000e+00,-1.766579824648155661e-01,2.541372361285272885e-01,-1.625663364712405801e-01,2.528185981815501138e-01,9.220320081658747169e-01,5.033716197276576487e-01,2.919999999999999818e-01,4.839999999999999858e-01,9.969875719614863518e-01,4.963946993732810675e-01,4.599999999999999645e-01,4.839999999999999858e-01,0.000000000000000000e+00,-2.000000000000000111e-01
1.760437594298000000e+12,2.000000000000000000e+00,2.000000000000000000e+00,0.000000000000000000e+00,0.000000000000000000e+00,1.000000000000000000e+00,-1.625663364712405801e-01,2.528185981815501138e-01,-1.620012819468863441e-01,2.515532812480357205e-01,9.969875719614863518e-01,4.963946993732810675e-01,1.919999999999997264e-01,4.839999999999999858e-01,9.999931811335832643e-01,4.896999007832578132e-01,5.600000000000000533e-01,4.839999999999999858e-01,0.000000000000000000e+00,2.000000000000000111e-01
1.760437594501000000e+12,2.000000000000000000e+00,2.000000000000000000e+00,0.000000000000000000e+00,0.000000000000000000e+00,2.000000000000000000e+00,-1.620012819468863441e-01,2.515532812480357205e-01,-1.607847965467016360e-01,2.502877801016197834e-01,9.999931811335832643e-01,4.896999007832578132e-01,1.919999999999997264e-01,4.839999999999999858e-01,1.006463848155842333e+00,4.830041275217978325e-01,4.679999999999999716e-01,4.839999999999999858e-01,0.000000000000000000e+00,-2.000000000000000111e-01
1.760437594705000000e+12,2.000000000000000000e+00,2.000000000000000000e+00,0.000000000000000000e+00,0.000000000000000000e+00,0.000000000000000000e+00,-1.608842293111553690e-01,2.502371566385237500e-01,-1.637668629258972608e-01,2.489714544995210999e-01,1.005934950472577860e+00,4.827362785107077170e-01,9.200000000000027600e-02,4.839999999999999858e-01,9.906017929473550643e-01,4.760394417964080027e-01,4.640000000000000235e-01,4.839999999999999858e-01,0.000000000000000000e+00,0.000000000000000000e+00
1.760437594908000000e+12,2.000000000000000000e+00,2.000000000000000000e+00,0.000000000000000000e+00,0.000000000000000000e+00,1.000000000000000000e+00,-1.637668629258972608e-01,2.489714544995210999e-01,-1.628831236506783631e-01,2.477056157984548479e-01,9.906017929473550643e-01,4.760394417964080027e-01,8.800000000000030020e-02,4.839999999999999858e-01,9.953025337729874966e-01,4.693418825315071596e-01,5.640000000000000568e-01,4.839999999999999858e-01,0.000000000000000000e+00,2.000000000000000111e-01
1.760437595111000000e+12,2.000000000000000000e+00,2.000000000000000000e+00,0.000000000000000000e+00,0.000000000000000000e+00,2.000000000000000000e+00,-1.628831236506783631e-01,2.477056157984548479e-01,-1.647303925156055615e-01,2.464395205941760647e-01,9.953025337729874966e-01,4.693418825315071596e-01,5.000000000000000000e-01,4.839999999999999858e-01,9.854766355552896373e-01,4.626429661067517074e-01,4.159999999999999809e-01,4.839999999999999858e-01,0.000000000000000000e+00,-2.000000000000000111e-01
1.760437595314000000e+12,2.000000000000000000e+00,2.000000000000000000e+00,0.000000000000000000e+00,0.000000000000000000e+00,2.000000000000000000e+00,-1.649962214597894550e-01,2.463888628687526949e-01,-1.758118693083618178e-01,2.451216288084062944e-01,9.840626518096305952e-01,4.623749358135063603e-01,5.000000000000000000e-01,4.839999999999999858e-01,9.265326100619052374e-01,4.556699936952714469e-01,3.120000000000000551e-01,4.839999999999999858e-01,0.000000000000000000e+00,-2.000000000000000111e-01
1.760437595517000000e+12,2.000000000000000000e+00,2.000000000000000000e+00,0.000000000000000000e+00,0.000000000000000000e+00,0.000000000000000000e+00,-1.758118693083618178e-01,2.451216288084062944e-01,-1.908556106223587845e-01,2.438533906140909202e-01,9.265326100619052374e-01,4.556699936952714469e-01,5.000000000000000000e-01,4.839999999999999858e-01,8.465127094555383591e-01,4.489597386988938288e-01,3.120000000000000551e-01,4.839999999999999858e-01,0.000000000000000000e+00,0.000000000000000000e+00
1.760437595719000000e+12,2.000000000000000000e+00,2.000000000000000000e+00,0.000000000000000000e+00,0.000000000000000000e+00,1.000000000000000000e+00,-1.908556106223587845e-01,2.438533906140909202e-01,-2.021336866632132967e-01,2.425860523240406519e-01,8.465127094555383591e-01,4.489597386988938288e-01,5.999999999999999778e-01,4.839999999999999858e-01,7.865229432807803178e-01,4.422542451007442366e-01,4.119999999999999774e-01,4.839999999999999858e-01,0.000000000000000000e+00,2.000000000000000111e-01
1.760437595924000000e+12,2.000000000000000000e+00,2.000000000000000000e+00,0.000000000000000000e+00,1.000000000000000056e-01,1.000000000000000000e+00,-2.024188021422805850e-01,2.425353883044099046e-01,-2.053836040433975607e-01,2.418315041324036185e-01,7.850063715836138600e-01,4.419861815048143350e-01,5.000000000000000000e-01,4.839999999999999858e-01,7.692361487053320790e-01,4.382619266264742297e-01,5.160000000000000142e-01,5.120000000000000107e-01,2.000000000000000042e-02,2.000000000000000111e-01
1.760437596127000000e+12,2.000000000000000000e+00,2.000000000000000000e+00,0.000000000000000000e+00,0.000000000000000000e+00,0.000000000000000000e+00,-2.053836040433975607e-01,2.418315041324036185e-01,-2.041147730817778894e-01,2.446830699638275763e-01,7.692361487053320790e-01,4.382619266264742297e-01,4.960000000000000520e-01,5.120000000000000107e-01,7.759852495650112481e-01,4.533495765281883028e-01,5.160000000000000142e-01,5.579999999999999405e-01,0.000000000000000000e+00,0.000000000000000000e+00
1.760437596331000000e+12,2.000000000000000000e+00,2.000000000000000000e+00,0.000000000000000000e+00,0.000000000000000000e+00,1.000000000000000000e+00,-2.041147730817778894e-01,2.446830699638275763e-01,-1.987054342670874774e-01,2.495233813478862639e-01,7.759852495650112481e-01,4.533495765281883028e-01,3.960000000000000187e-01,5.579999999999999405e-01,8.047583283665559195e-01,4.789596896713559371e-01,6.159999999999999920e-01,5.579999999999999405e-01,0.000000000000000000e+00,2.000000000000000111e-01
1.760437596534000000e+12,2.000000000000000000e+00,2.000000000000000000e+00,0.000000000000000000e+00,-1.000000000000000056e-01,1.000000000000000000e+00,-1.987054342670874774e-01,2.495233813478862639e-01,-1.853470365932041175e-01,2.524437568338850357e-01,8.047583283665559195e-01,4.789596896713559371e-01,5.000000000000000000e-01,5.579999999999999405e-01,8.758136351425312993e-01,4.944114118194976037e-01,7.200000000000000844e-01,5.100000000000000089e-01,-2.000000000000000042e-02,2.000000000000000111e-01
1.760437596738000000e+12,2.000000000000000000e+00,2.000000000000000000e+00,0.000000000000000000e+00,0.000000000000000000e+00,1.000000000000000000e+00,-1.853470365932041175e-01,2.524437568338850357e-01,-1.639870081012045344e-01,2.518528640979925126e-01,8.758136351425312993e-01,4.944114118194976037e-01,5.999999999999999778e-01,5.100000000000000089e-01,9.894308079723163063e-01,4.912849952274736531e-01,8.200000000000002842e-01,4.860000000000000431e-01,0.000000000000000000e+00,2.000000000000000111e-01
1.760437596941000000e+12,2.000000000000000000e+00,2.000000000000000000e+00,0.000000000000000000e+00,0.000000000000000000e+00,2.000000000000000000e+00,-1.639870081012045344e-01,2.518528640979925126e-01,-1.663614905827931478e-01,2.507028025665470894e-01,9.894308079723163063e-01,4.912849952274736531e-01,5.000000000000000000e-01,4.860000000000000431e-01,9.768005820064195044e-01,4.852000135796142866e-01,4.000000000000000777e-01,4.860000000000000431e-01,0.000000000000000000e+00,-2.000000000000000111e-01
1.760437597146000000e+12,2.000000000000000000e+00,2.000000000000000000e+00,0.000000000000000000e+00,0.000000000000000000e+00,0.000000000000000000e+00,-1.663614905827931478e-01,2.507028025665470894e-01,-1.743647612803445601e-01,2.495967364612362849e-01,9.768005820064195044e-01,4.852000135796142866e-01,5.000000000000000000e-01,4.860000000000000431e-01,9.342299931896566045e-01,4.793478119642132218e-01,4.000000000000000777e-01,4.860000000000000431e-01,0.000000000000000000e+00,0.000000000000000000e+00
1.760437597349000000e+12,2.000000000000000000e+00,2.000000000000000000e+00,0.000000000000000000e+00,0.000000000000000000e+00,1.000000000000000000e+00,-1.743647612803445601e-01,2.495967364612362849e-01,-1.785987068504822362e-01,2.484909354715833796e-01,9.342299931896566045e-01,4.793478119642132218e-01,5.000000000000000000e-01,4.860000000000000431e-01,9.117090061144561552e-01,4.734970130771607999e-01,5.000000000000000000e-01,4.860000000000000431e-01,0.000000000000000000e+00,2.000000000000000111e-01
1.760437597553000000e+12,2.000000000000000000e+00,2.000000000000000000e+00,0.000000000000000000e+00,0.000000000000000000e+00,2.000000000000000000e+00,-1.786021780573091300e-01,2.484467095238379608e-01,-1.820601709910956156e-01,2.473408288567133517e-01,9.116905422483556620e-01,4.732630133536400718e-01,3.999999999999999667e-01,4.860000000000000431e-01,8.932969628133211604e-01,4.674117928926632692e-01,4.040000000000000258e-01,4.860000000000000431e-01,0.000000000000000000e+00,-2.000000000000000111e-01
0.000000000000000000e+00,0.000000000000000000e+00,0.000000000000000000e+00,0.000000000000000000e+00,0.000000000000000000e+00,0.000000000000000000e+00,0.000000000000000000e+00,0.000000000000000000e+00,0.000000000000000000e+00,0.000000000000000000e+00,0.000000000000000000e+00,0.000000000000000000e+00,0.000000000000000000e+00,0.000000000000000000e+00,0.000000000000000000e+00,0.000000000000000000e+00,0.000000000000000000e+00,0.000000000000000000e+00,0.000000000000000000e+00,0.000000000000000000e+00
1.760437603287000000e+12,3.000000000000000000e+00,2.000000000000000000e+00,0.000000000000000000e+00,0.000000000000000000e+00,0.000000000000000000e+00,-1.833524848094225668e-01,2.471638049005805693e-01,-1.816972125360702406e-01,3.201887270792084239e-01,8.864229531413693186e-01,4.664751582041300471e-01,5.000000000000000000e-01,4.860000000000000431e-01,8.952275928932433846e-01,8.528504078264996791e-01,3.880000000000000671e-01,4.860000000000000431e-01,0.000000000000000000e+00,0.000000000000000000e+00
1.760437603493000000e+12,3.000000000000000000e+00,2.000000000000000000e+00,0.000000000000000000e+00,0.000000000000000000e+00,1.000000000000000000e+00,-1.816972125360702406e-01,3.201887270792084239e-01,-1.868973259931535902e-01,3.190944226656520777e-01,8.952275928932433846e-01,8.528504078264996791e-01,5.000000000000000000e-01,4.860000000000000431e-01,8.675674149300340865e-01,8.470604373844026203e-01,4.879999999999999893e-01,4.860000000000000431e-01,0.000000000000000000e+00,2.000000000000000111e-01
1.760437603695000000e+12,3.000000000000000000e+00,2.000000000000000000e+00,0.000000000000000000e+00,-1.000000000000000056e-01,1.000000000000000000e+00,-1.868973259931535902e-01,3.190944226656520777e-01,-1.841054993687203101e-01,3.179415987730406234e-01,8.675674149300340865e-01,8.470604373844026203e-01,4.000000000000000777e-01,4.860000000000000431e-01,8.824175565493600493e-01,8.409608400689980723e-01,5.879999999999999671e-01,4.760000000000000342e-01,-2.000000000000000042e-02,2.000000000000000111e-01
1.760437603899000000e+12,3.000000000000000000e+00,2.000000000000000000e+00,0.000000000000000000e+00,-1.000000000000000056e-01,2.000000000000000000e+00,-1.838276725388502397e-01,3.178674010467136823e-01,-1.802605192198140083e-01,3.139258716878683408e-01,8.838953588359029778e-01,8.405682595064216667e-01,2.999999999999999889e-01,4.760000000000000342e-01,9.028695786180106486e-01,8.197136068141183118e-01,4.919999999999999929e-01,4.240000000000000435e-01,-2.000000000000000042e-02,-2.000000000000000111e-01
1.760437604102000000e+12,3.000000000000000000e+00,2.000000000000000000e+00,0.000000000000000000e+00,-1.000000000000000056e-01,2.000000000000000000e+00,-1.802605192198140083e-01,3.139258716878683408e-01,-1.846838323753828837e-01,3.059840301341101299e-01,9.028695786180106486e-01,8.197136068141183118e-01,1.959999999999997300e-01,4.240000000000000435e-01,8.793413171522187488e-01,7.776932811328579609e-01,3.920000000000000151e-01,3.739999999999999436e-01,-2.000000000000000042e-02,-2.000000000000000111e-01
1.760437604305000000e+12,3.000000000000000000e+00,2.000000000000000000e+00,0.000000000000000000e+00,0.000000000000000000e+00,0.000000000000000000e+00,-1.846838323753828837e-01,3.059840301341101299e-01,-1.933313860684901797e-01,2.947883075927679730e-01,8.793413171522187488e-01,7.776932811328579609e-01,9.600000000000025180e-02,3.739999999999999436e-01,8.333436911250522439e-01,7.184566539299893639e-01,3.920000000000000151e-01,3.559999999999999276e-01,0.000000000000000000e+00,0.000000000000000000e+00
1.760437604508000000e+12,3.000000000000000000e+00,2.000000000000000000e+00,0.000000000000000000e+00,0.000000000000000000e+00,2.000000000000000000e+00,-1.936774062801134011e-01,2.943283465223449635e-01,-2.061038486957906257e-01,2.828279059900337677e-01,8.315031580845031467e-01,7.160229974727247981e-01,-7.450580569168252509e-09,3.559999999999999276e-01,7.654050601287732958e-01,6.551741057673745594e-01,2.919999999999999818e-01,3.559999999999999276e-01,0.000000000000000000e+00,-2.000000000000000111e-01
1.760437604712000000e+12,3.000000000000000000e+00,2.000000000000000000e+00,0.000000000000000000e+00,1.000000000000000056e-01,2.000000000000000000e+00,-2.061038486957906257e-01,2.828279059900337677e-01,-2.265281655156220486e-01,2.723950723184606071e-01,7.654050601287732958e-01,6.551741057673745594e-01,9.999999254941882576e-02,3.559999999999999276e-01,6.567650770445635500e-01,5.999739276109027353e-01,1.919999999999997264e-01,3.940000000000000169e-01,2.000000000000000042e-02,-2.000000000000000111e-01
1.760437604915000000e+12,3.000000000000000000e+00,2.000000000000000000e+00,0.000000000000000000e+00,0.000000000000000000e+00,2.000000000000000000e+00,-2.265281655156220486e-01,2.723950723184606071e-01,-2.562590208310113193e-01,2.655986405289178509e-01,6.567650770445635500e-01,5.999739276109027353e-01,2.039999925494183630e-01,3.940000000000000169e-01,4.986222296222801442e-01,5.640139710524754157e-01,9.200000000000027600e-02,4.380000000000000560e-01,0.000000000000000000e+00,-2.000000000000000111e-01
1.760437605119000000e+12,3.000000000000000000e+00,2.000000000000000000e+00,0.000000000000000000e+00,0.000000000000000000e+00,2.000000000000000000e+00,-2.562590208310113193e-01,2.655986405289178509e-01,-2.929690173952092525e-01,2.606464369639344691e-01,4.986222296222801442e-01,5.640139710524754157e-01,5.000000000000000000e-01,4.380000000000000560e-01,3.033562904510145319e-01,5.378118357880131706e-01,-7.450580569168252509e-09,4.380000000000000560e-01,0.000000000000000000e+00,-2.000000000000000111e-01
1.760437605321000000e+12,3.000000000000000000e+00,2.000000000000000000e+00,0.000000000000000000e+00,0.000000000000000000e+00,2.000000000000000000e+00,-2.929690173952092525e-01,2.606464369639344691e-01,-3.329915036905672920e-01,2.556930471522766424e-01,3.033562904510145319e-01,5.378118357880131706e-01,5.000000000000000000e-01,4.380000000000000560e-01,9.047072505017386690e-02,5.116034240861198068e-01,-7.450580569168252509e-09,4.380000000000000560e-01,0.000000000000000000e+00,-2.000000000000000111e-01
1.760437605524000000e+12,3.000000000000000000e+00,2.000000000000000000e+00,0.000000000000000000e+00,0.000000000000000000e+00,2.000000000000000000e+00,-3.329915036905672920e-01,2.556930471522766424e-01,-3.494220250981390774e-01,2.505509951427234427e-01,9.047072505017386690e-02,5.116034240861198068e-01,5.999999999999999778e-01,4.380000000000000560e-01,3.074334584366492009e-03,4.843967996969494871e-01,5.000000000000000000e-01,4.380000000000000560e-01,0.000000000000000000e+00,-2.000000000000000111e-01
1.760437605728000000e+12,3.000000000000000000e+00,2.000000000000000000e+00,0.000000000000000000e+00,0.000000000000000000e+00,0.000000000000000000e+00,-3.494220250981390774e-01,2.505509951427234427e-01,-3.494534139518690186e-01,2.456115451374445147e-01,3.074334584366492009e-03,4.843967996969494871e-01,5.000000000000000000e-01,4.380000000000000560e-01,2.907372596441272754e-03,4.582621435843625690e-01,5.000000000000000000e-01,4.380000000000000560e-01,0.000000000000000000e+00,0.000000000000000000e+00
1.760437605931000000e+12,3.000000000000000000e+00,2.000000000000000000e+00,0.000000000000000000e+00,0.000000000000000000e+00,0.000000000000000000e+00,-3.494534139518690186e-01,2.456115451374445147e-01,-3.494840265792495404e-01,2.406713136970529410e-01,2.907372596441272754e-03,4.582621435843625690e-01,6.039999999999999813e-01,4.380000000000000560e-01,2.744539472076795023e-03,4.321233528944600777e-01,5.000000000000000000e-01,4.380000000000000560e-01,0.000000000000000000e+00,0.000000000000000000e+00
1.760437606134000000e+12,3.000000000000000000e+00,2.000000000000000000e+00,0.000000000000000000e+00,0.000000000000000000e+00,1.000000000000000000e+00,-3.494840265792495404e-01,2.406713136970529410e-01,-3.457481635272751097e-01,2.355325674099340294e-01,2.744539472076795023e-03,4.321233528944600777e-01,5.040000000000000036e-01,4.380000000000000560e-01,2.261615145066419447e-02,4.049342191001800706e-01,5.959999999999999742e-01,4.380000000000000560e-01,0.000000000000000000e+00,2.000000000000000111e-01
1.760437606338000000e+12,3.000000000000000000e+00,2.000000000000000000e+00,0.000000000000000000e+00,1.000000000000000056e-01,2.000000000000000000e+00,-3.457481635272751097e-01,2.355325674099340294e-01,-3.415502217419624231e-01,2.323240814264551646e-01,2.261615145066419447e-02,4.049342191001800706e-01,4.040000000000000258e-01,4.380000000000000560e-01,4.494562903211465899e-02,3.879581027854770992e-01,5.000000000000000000e-01,4.860000000000000431e-01,2.000000000000000042e-02,-2.000000000000000111e-01
1.760437606541000000e+12,3.000000000000000000e+00,2.000000000000000000e+00,0.000000000000000000e+00,1.000000000000000056e-01,0.000000000000000000e+00,-3.415502217419624231e-01,2.323240814264551646e-01,-3.415744625209799490e-01,2.331025776040292485e-01,4.494562903211465899e-02,3.879581027854770992e-01,4.040000000000000258e-01,4.860000000000000431e-01,4.481668871819165234e-02,3.920771301800489717e-01,5.000000000000000000e-01,5.360000000000000320e-01,2.000000000000000042e-02,0.000000000000000000e+00
1.760437606743000000e+12,3.000000000000000000e+00,2.000000000000000000e+00,0.000000000000000000e+00,0.000000000000000000e+00,2.000000000000000000e+00,-3.415744625209799490e-01,2.331025776040292485e-01,-3.453744682298051649e-01,2.367101150305179480e-01,4.481668871819165234e-02,3.920771301800489717e-01,5.000000000000000000e-01,5.360000000000000320e-01,2.460389239465326366e-02,4.111646297911003001e-01,4.040000000000000258e-01,5.440000000000000391e-01,0.000000000000000000e+00,-2.000000000000000111e-01
1.760437606947000000e+12,3.000000000000000000e+00,2.000000000000000000e+00,0.000000000000000000e+00,-1.000000000000000056e-01,2.000000000000000000e+00,-3.453744682298051649e-01,2.367101150305179480e-01,-3.497078214011122843e-01,2.402439501250716036e-01,2.460389239465326366e-02,4.111646297911003001e-01,5.000000000000000000e-01,5.440000000000000391e-01,1.554141483445178407e-03,4.298621699739239022e-01,5.000000000000000000e-01,5.400000000000000355e-01,-2.000000000000000042e-02,-2.000000000000000111e-01
1.760437607151000000e+12,3.000000000000000000e+00,2.000000000000000000e+00,0.000000000000000000e+00,-1.000000000000000056e-01,2.000000000000000000e+00,-3.497078214011122843e-01,2.402439501250716036e-01,-3.497382662853567026e-01,2.415816951999915085e-01,1.554141483445178407e-03,4.298621699739239022e-01,5.000000000000000000e-01,5.400000000000000355e-01,1.392200609804655678e-03,4.369401862433413553e-01,5.000000000000000000e-01,4.899999999999999911e-01,-2.000000000000000042e-02,-2.000000000000000111e-01
1.760437607354000000e+12,3.000000000000000000e+00,2.000000000000000000e+00,0.000000000000000000e+00,0.000000000000000000e+00,2.000000000000000000e+00,-3.497394895914793245e-01,2.415520719141175665e-01,-3.497698263542105557e-01,2.394729318778825444e-01,1.385693662343900770e-03,4.367834492810453995e-01,5.999999999999999778e-01,4.879999999999999893e-01,1.224327903135224256e-03,4.257827083485849484e-01,5.000000000000000000e-01,4.699999999999999734e-01,0.000000000000000000e+00,-2.000000000000000111e-01
1.760437607557000000e+12,3.000000000000000000e+00,2.000000000000000000e+00,0.000000000000000000e+00,0.000000000000000000e+00,2.000000000000000000e+00,-3.497698263542105557e-01,2.394729318778825444e-01,-3.497997533697744243e-01,2.370918244356093607e-01,1.224327903135224256e-03,4.257827083485849484e-01,5.000000000000000000e-01,4.699999999999999734e-01,1.065141650135922663e-03,4.131842562730654311e-01,5.000000000000000000e-01,4.699999999999999734e-01,0.000000000000000000e+00,-2.000000000000000111e-01
1.760437607760000000e+12,3.000000000000000000e+00,2.000000000000000000e+00,0.000000000000000000e+00,0.000000000000000000e+00,2.000000000000000000e+00,-3.497997533697744243e-01,2.370918244356093607e-01,-3.498293214322444333e-01,2.347103662835963722e-01,1.065141650135922663e-03,4.131842562730654311e-01,6.039999999999999813e-01,4.699999999999999734e-01,9.078647221039600488e-04,4.005839485904570396e-01,5.000000000000000000e-01,4.699999999999999734e-01,0.000000000000000000e+00,-2.000000000000000111e-01
1.760437607963000000e+12,3.000000000000000000e+00,2.000000000000000000e+00,0.000000000000000000e+00,0.000000000000000000e+00,2.000000000000000000e+00,-3.498304991616634774e-01,2.346151018617640416e-01,-3.498596712419594912e-01,2.322332732808186917e-01,9.016002039175555986e-04,4.000799040304975907e-01,7.039999999999999591e-01,4.699999999999999734e-01,7.464295640451417075e-04,3.874776364064481671e-01,5.000000000000000000e-01,4.699999999999999734e-01,0.000000000000000000e+00,-2.000000000000000111e-01
1.760437608167000000e+12,3.000000000000000000e+00,2.000000000000000000e+00,0.000000000000000000e+00,1.000000000000000056e-01,1.000000000000000000e+00,-3.498596712419594912e-01,2.322332732808186917e-01,-3.461185515176619099e-01,2.308053318061277781e-01,7.464295640451417075e-04,3.874776364064481671e-01,6.039999999999999813e-01,4.699999999999999734e-01,2.064600256562802369e-02,3.799223905086125952e-01,5.999999999999999778e-01,5.060000000000000053e-01,2.000000000000000042e-02,2.000000000000000111e-01
1.760437608369000000e+12,3.000000000000000000e+00,2.000000000000000000e+00,0.000000000000000000e+00,0.000000000000000000e+00,1.000000000000000000e+00,-3.461185515176619099e-01,2.308053318061277781e-01,-3.343755325943604806e-01,2.331527867980623114e-01,2.064600256562802369e-02,3.799223905086125952e-01,5.040000000000000036e-01,5.060000000000000053e-01,8.310886917893350878e-02,3.923427872913350378e-01,7.000000000000000666e-01,5.479999999999999316e-01,0.000000000000000000e+00,2.000000000000000111e-01
1.760437608573000000e+12,3.000000000000000000e+00,2.000000000000000000e+00,0.000000000000000000e+00,0.000000000000000000e+00,2.000000000000000000e+00,-3.337397386357274232e-01,2.333069947621878026e-01,-3.212167485337469874e-01,2.371628888075010266e-01,8.649075193761998626e-02,3.931587024454381574e-01,4.000000000000000777e-01,5.479999999999999316e-01,1.531024014162393199e-01,4.135602582407462147e-01,6.039999999999999813e-01,5.479999999999999316e-01,0.000000000000000000e+00,-2.000000000000000111e-01
1.760437608776000000e+12,3.000000000000000000e+00,2.000000000000000000e+00,0.000000000000000000e+00,0.000000000000000000e+00,0.000000000000000000e+00,-3.212167485337469874e-01,2.371628888075010266e-01,-3.129166143753516205e-01,2.410196882525689477e-01,1.531024014162393199e-01,4.135602582407462147e-01,2.999999999999999889e-01,5.479999999999999316e-01,1.972520511949381050e-01,4.339666045109468739e-01,6.039999999999999813e-01,5.479999999999999316e-01,0.000000000000000000e+00,0.000000000000000000e+00
1.760437608980000000e+12,3.000000000000000000e+00,2.000000000000000000e+00,0.000000000000000000e+00,-1.000000000000000056e-01,0.000000000000000000e+00,-3.129166143753516205e-01,2.410196882525689477e-01,-3.042867301959854553e-01,2.431469160710914013e-01,1.972520511949381050e-01,4.339666045109468739e-01,1.959999999999997300e-01,5.479999999999999316e-01,2.431556904468857860e-01,4.452217781539228314e-01,6.039999999999999813e-01,4.979999999999999982e-01,-2.000000000000000042e-02,0.000000000000000000e+00
1.760437609183000000e+12,3.000000000000000000e+00,2.000000000000000000e+00,0.000000000000000000e+00,0.000000000000000000e+00,1.000000000000000000e+00,-3.042867301959854553e-01,2.431469160710914013e-01,-2.922141920843016050e-01,2.418646133956956767e-01,2.431556904468857860e-01,4.452217781539228314e-01,5.000000000000000000e-01,4.979999999999999982e-01,3.073713187005233105e-01,4.384371079137338034e-01,7.039999999999999591e-01,4.799999999999999822e-01,0.000000000000000000e+00,2.000000000000000111e-01
1.760437609386000000e+12,3.000000000000000000e+00,2.000000000000000000e+00,0.000000000000000000e+00,0.000000000000000000e+00,2.000000000000000000e+00,-2.922141920843016050e-01,2.418646133956956767e-01,-2.796833899834751391e-01,2.402799640095133749e-01,3.073713187005233105e-01,4.384371079137338034e-01,5.999999999999999778e-01,4.799999999999999822e-01,3.740245213644938782e-01,4.300527196270549357e-01,6.039999999999999813e-01,4.799999999999999822e-01,0.000000000000000000e+00,-2.000000000000000111e-01
1.760437609591000000e+12,3.000000000000000000e+00,2.000000000000000000e+00,0.000000000000000000e+00,1.000000000000000056e-01,2.000000000000000000e+00,-2.793480762503064430e-01,2.402165943417489680e-01,-2.751327787226737209e-01,2.389693134602257352e-01,3.758081050515614252e-01,4.297174303796242323e-01,5.040000000000000036e-01,4.799999999999999822e-01,3.982299004113099561e-01,4.231180606361150676e-01,5.000000000000000000e-01,5.020000000000000018e-01,2.000000000000000042e-02,-2.000000000000000111e-01
1.760437609794000000e+12,3.000000000000000000e+00,2.000000000000000000e+00,0.000000000000000000e+00,0.000000000000000000e+00,2.000000000000000000e+00,-2.751327787226737209e-01,2.389693134602257352e-01,-2.789158057160981419e-01,2.408108808512798849e-01,3.982299004113099561e-01,4.231180606361150676e-01,4.040000000000000258e-01,5.020000000000000018e-01,3.781074164037332430e-01,4.328618034459253416e-01,4.000000000000000777e-01,5.340000000000000302e-01,0.000000000000000000e+00,-2.000000000000000111e-01
1.760437609998000000e+12,3.000000000000000000e+00,2.000000000000000000e+00,0.000000000000000000e+00,0.000000000000000000e+00,0.000000000000000000e+00,-2.789158057160981419e-01,2.408108808512798849e-01,-2.875694769202732370e-01,2.436564817593950549e-01,3.781074164037332430e-01,4.328618034459253416e-01,5.040000000000000036e-01,5.340000000000000302e-01,3.320772504240784295e-01,4.479178929068521886e-01,3.960000000000000187e-01,5.340000000000000302e-01,0.000000000000000000e+00,0.000000000000000000e+00
1.760437610202000000e+12,3.000000000000000000e+00,2.000000000000000000e+00,0.000000000000000000e+00,0.000000000000000000e+00,2.000000000000000000e+00,-2.875694769202732370e-01,2.436564817593950549e-01,-2.996784280191375216e-01,2.463926773267814674e-01,3.320772504240784295e-01,4.479178929068521886e-01,5.000000000000000000e-01,5.340000000000000302e-01,2.676679360684173781e-01,4.623951181311189429e-01,2.959999999999999853e-01,5.340000000000000302e-01,0.000000000000000000e+00,-2.000000000000000111e-01
1.760437610405000000e+12,3.000000000000000000e+00,2.000000000000000000e+00,0.000000000000000000e+00,-1.000000000000000056e-01,0.000000000000000000e+00,-2.996784280191375216e-01,2.463926773267814674e-01,-3.160185967267247764e-01,2.485640432228702346e-01,2.676679360684173781e-01,4.623951181311189429e-01,5.999999999999999778e-01,5.340000000000000302e-01,1.807521450706127963e-01,4.738838265760330626e-01,2.959999999999999853e-01,5.060000000000000053e-01,-2.000000000000000042e-02,0.000000000000000000e+00
1.760437610609000000e+12,3.000000000000000000e+00,2.000000000000000000e+00,0.000000000000000000e+00,0.000000000000000000e+00,2.000000000000000000e+00,-3.166723402679440524e-01,2.485855075092737454e-01,-3.367883881039743232e-01,2.471635392778076534e-01,1.772747858088081496e-01,4.739973942289616438e-01,4.960000000000000520e-01,5.040000000000000036e-01,7.027453136183860194e-02,4.664737527926331451e-01,1.959999999999997300e-01,4.679999999999999716e-01,0.000000000000000000e+00,-2.000000000000000111e-01
1.760437610811000000e+12,3.000000000000000000e+00,2.000000000000000000e+00,0.000000000000000000e+00,0.000000000000000000e+00,1.000000000000000000e+00,-3.367883881039743232e-01,2.471635392778076534e-01,-3.488347936093136314e-01,2.446208356387941096e-01,7.027453136183860194e-02,4.664737527926331451e-01,5.959999999999999742e-01,4.679999999999999716e-01,6.197906333438013733e-03,4.530202943851540653e-01,5.440000000000000391e-01,4.679999999999999716e-01,0.000000000000000000e+00,2.000000000000000111e-01
1.760437611014000000e+12,3.000000000000000000e+00,2.000000000000000000e+00,0.000000000000000000e+00,0.000000000000000000e+00,2.000000000000000000e+00,-3.488347936093136314e-01,2.446208356387941096e-01,-3.492916177247300524e-01,2.419786475472360809e-01,6.197906333438013733e-03,4.530202943851540653e-01,6.959999999999999520e-01,4.679999999999999716e-01,3.767990825903858899e-03,4.390404632128893647e-01,4.440000000000000058e-01,4.679999999999999716e-01,0.000000000000000000e+00,-2.000000000000000111e-01
1.760437611218000000e+12,3.000000000000000000e+00,2.000000000000000000e+00,0.000000000000000000e+00,0.000000000000000000e+00,2.000000000000000000e+00,-3.492916177247300524e-01,2.419786475472360809e-01,-3.535940347603967471e-01,2.394376323265827167e-01,3.767990825903858899e-03,4.390404632128893647e-01,6.959999999999999520e-01,4.679999999999999716e-01,-1.911720617232324365e-02,4.255959382358874277e-01,5.000000000000000000e-01,4.679999999999999716e-01,0.000000000000000000e+00,-2.000000000000000111e-01
1.760437611421000000e+12,3.000000000000000000e+00,2.000000000000000000e+00,0.000000000000000000e+00,0.000000000000000000e+00,1.000000000000000000e+00,-3.535940347603967471e-01,2.394376323265827167e-01,-3.498607906002613177e-01,2.368964178050705638e-01,-1.911720617232324365e-02,4.255959382358874277e-01,5.959999999999999742e-01,4.679999999999999716e-01,7.404755305247878250e-04,4.121503587569871341e-01,5.999999999999999778e-01,4.679999999999999716e-01,0.000000000000000000e+00,2.000000000000000111e-01
1.760437611622000000e+12,3.000000000000000000e+00,2.000000000000000000e+00,0.000000000000000000e+00,0.000000000000000000e+00,0.000000000000000000e+00,-3.498607906002613177e-01,2.368964178050705638e-01,-3.418917497079111967e-01,2.343541781864289797e-01,7.404755305247878250e-04,4.121503587569871341e-01,6.959999999999999520e-01,4.679999999999999716e-01,4.312899091536586543e-02,3.986993554837512388e-01,5.999999999999999778e-01,4.679999999999999716e-01,0.000000000000000000e+00,0.000000000000000000e+00
1.760437611826000000e+12,3.000000000000000000e+00,2.000000000000000000e+00,0.000000000000000000e+00,0.000000000000000000e+00,1.000000000000000000e+00,-3.415728222572548267e-01,2.342524757719730011e-01,-3.298234633776256364e-01,2.317088692610607403e-01,4.482541352524017225e-02,3.981612474707566518e-01,7.000000000000000666e-01,4.679999999999999716e-01,1.073220033105018317e-01,3.847030119632843803e-01,7.000000000000000666e-01,4.679999999999999716e-01,0.000000000000000000e+00,2.000000000000000111e-01
1.760437612030000000e+12,3.000000000000000000e+00,2.000000000000000000e+00,0.000000000000000000e+00,0.000000000000000000e+00,2.000000000000000000e+00,-3.298234633776256364e-01,2.317088692610607403e-01,-3.176152564992025251e-01,2.291643193701067283e-01,1.073220033105018317e-01,3.847030119632843803e-01,5.999999999999999778e-01,4.679999999999999716e-01,1.722592739404120166e-01,3.712397850270197641e-01,5.999999999999999778e-01,4.679999999999999716e-01,0.000000000000000000e+00,-2.000000000000000111e-01
1.760437612234000000e+12,3.000000000000000000e+00,2.000000000000000000e+00,0.000000000000000000e+00,1.000000000000000056e-01,0.000000000000000000e+00,-3.176152564992025251e-01,2.291643193701067283e-01,-3.096318832673898291e-01,2.269987605191364777e-01,1.722592739404120166e-01,3.712397850270197641e-01,7.000000000000000666e-01,4.679999999999999716e-01,2.147240251734582606e-01,3.597818016885528380e-01,5.959999999999999742e-01,4.919999999999999929e-01,2.000000000000000042e-02,0.000000000000000000e+00
1.760437612437000000e+12,3.000000000000000000e+00,2.000000000000000000e+00,0.000000000000000000e+00,0.000000000000000000e+00,2.000000000000000000e+00,-3.096318832673898291e-01,2.269987605191364777e-01,-3.057410954830914740e-01,2.284012599762781648e-01,2.147240251734582606e-01,3.597818016885528380e-01,5.999999999999999778e-01,4.939999999999999947e-01,2.354197048771729250e-01,3.672024337369215186e-01,4.960000000000000520e-01,5.379999999999999227e-01,0.000000000000000000e+00,-2.000000000000000111e-01
1.760437612641000000e+12,3.000000000000000000e+00,2.000000000000000000e+00,0.000000000000000000e+00,0.000000000000000000e+00,2.000000000000000000e+00,-3.057410954830914740e-01,2.284012599762781648e-01,-3.098552415088546841e-01,2.314569426931238905e-01,2.354197048771729250e-01,3.672024337369215186e-01,4.960000000000000520e-01,5.379999999999999227e-01,2.135359494209856379e-01,3.833700671593857079e-01,3.960000000000000187e-01,5.379999999999999227e-01,0.000000000000000000e+00,-2.000000000000000111e-01
1.760437612843000000e+12,3.000000000000000000e+00,2.000000000000000000e+00,0.000000000000000000e+00,0.000000000000000000e+00,1.000000000000000000e+00,-3.098552415088546841e-01,2.314569426931238905e-01,-3.150723679417842260e-01,2.346354007967743904e-01,2.135359494209856379e-01,3.833700671593857079e-01,4.960000000000000520e-01,5.379999999999999227e-01,1.857852769054029740e-01,4.001873058030391284e-01,4.919999999999999929e-01,5.379999999999999227e-01,0.000000000000000000e+00,2.000000000000000111e-01
1.760437613047000000e+12,3.000000000000000000e+00,2.000000000000000000e+00,0.000000000000000000e+00,0.000000000000000000e+00,2.000000000000000000e+00,-3.150723679417842260e-01,2.346354007967743904e-01,-3.195072175894593247e-01,2.376921393820274342e-01,1.857852769054029740e-01,4.001873058030391284e-01,3.920000000000000151e-01,5.379999999999999227e-01,1.621956511198971163e-01,4.163605258308330503e-01,3.920000000000000151e-01,5.379999999999999227e-01,0.000000000000000000e+00,-2.000000000000000111e-01
1.760437613249000000e+12,3.000000000000000000e+00,2.000000000000000000e+00,0.000000000000000000e+00,0.000000000000000000e+00,2.000000000000000000e+00,-3.195072175894593247e-01,2.376921393820274342e-01,-3.319450150315391701e-01,2.407486699692734655e-01,1.621956511198971163e-01,4.163605258308330503e-01,4.919999999999999929e-01,5.379999999999999227e-01,9.603715408755750249e-02,4.325326453400712978e-01,2.919999999999999818e-01,5.379999999999999227e-01,0.000000000000000000e+00,-2.000000000000000111e-01
1.760437613452000000e+12,3.000000000000000000e+00,2.000000000000000000e+00,0.000000000000000000e+00,0.000000000000000000e+00,0.000000000000000000e+00,-3.319450150315391701e-01,2.407486699692734655e-01,-3.495929148581178869e-01,2.439275849509678074e-01,9.603715408755750249e-02,4.325326453400712978e-01,5.919999999999999707e-01,5.379999999999999227e-01,2.165346499372824193e-03,4.493523013278720724e-01,5.000000000000000000e-01,5.379999999999999227e-01,0.000000000000000000e+00,0.000000000000000000e+00
1.760437613656000000e+12,3.000000000000000000e+00,2.000000000000000000e+00,0.000000000000000000e+00,0.000000000000000000e+00,0.000000000000000000e+00,-3.495929148581178869e-01,2.439275849509678074e-01,-3.497929387713809568e-01,2.469873997015063771e-01,2.165346499372824193e-03,4.493523013278720724e-01,6.959999999999999520e-01,5.379999999999999227e-01,1.101389513930962818e-03,4.655417973624676464e-01,5.000000000000000000e-01,5.379999999999999227e-01,0.000000000000000000e+00,0.000000000000000000e+00
1.760437613859000000e+12,3.000000000000000000e+00,2.000000000000000000e+00,0.000000000000000000e+00,0.000000000000000000e+00,0.000000000000000000e+00,-3.497929387713809568e-01,2.469873997015063771e-01,-3.498239025868358776e-01,2.500477472437657722e-01,1.101389513930962818e-03,4.655417973624676464e-01,7.960000000000002629e-01,5.379999999999999227e-01,9.366883678941502304e-04,4.817341124008771569e-01,5.000000000000000000e-01,5.379999999999999227e-01,0.000000000000000000e+00,0.000000000000000000e+00
1.760437614062000000e+12,3.000000000000000000e+00,2.000000000000000000e+00,0.000000000000000000e+00,-1.000000000000000056e-01,1.000000000000000000e+00,-3.498251520284130778e-01,2.501701719405095559e-01,-3.460932110639355352e-01,2.528940091975169779e-01,9.300424020579789886e-04,4.823818621190982259e-01,7.960000000000002629e-01,5.379999999999999227e-01,2.078079221310873831e-02,4.967936994577618615e-01,5.999999999999999778e-01,5.160000000000000142e-01,-2.000000000000000042e-02,2.000000000000000111e-01
1.760437614266000000e+12,3.000000000000000000e+00,2.000000000000000000e+00,0.000000000000000000e+00,0.000000000000000000e+00,1.000000000000000000e+00,-3.460932110639355352e-01,2.528940091975169779e-01,-3.343541874426116389e-01,2.523429476992968268e-01,2.078079221310873831e-02,4.967936994577618615e-01,4.919999999999999929e-01,5.160000000000000142e-01,8.322240722015075698e-02,4.938780301550096952e-01,7.000000000000000666e-01,4.740000000000000324e-01,0.000000000000000000e+00,2.000000000000000111e-01
1.760437614470000000e+12,3.000000000000000000e+00,2.000000000000000000e+00,0.000000000000000000e+00,0.000000000000000000e+00,1.000000000000000000e+00,-3.343541874426116389e-01,2.523429476992968268e-01,-3.136562767167641042e-01,2.501965416843711099e-01,8.322240722015075698e-02,4.938780301550096952e-01,3.920000000000000151e-01,4.740000000000000324e-01,1.933176770384887055e-01,4.825213845733921647e-01,8.040000000000002700e-01,4.740000000000000324e-01,0.000000000000000000e+00,2.000000000000000111e-01
1.760437614673000000e+12,3.000000000000000000e+00,2.000000000000000000e+00,0.000000000000000000e+00,0.000000000000000000e+00,2.000000000000000000e+00,-3.136562767167641042e-01,2.501965416843711099e-01,-2.931215725877048817e-01,2.481312528296866771e-01,1.933176770384887055e-01,4.825213845733921647e-01,2.919999999999999818e-01,4.740000000000000324e-01,3.025448266611441839e-01,4.715939303158026008e-01,7.039999999999999591e-01,4.740000000000000324e-01,0.000000000000000000e+00,-2.000000000000000111e-01
1.760437614877000000e+12,3.000000000000000000e+00,2.000000000000000000e+00,0.000000000000000000e+00,0.000000000000000000e+00,2.000000000000000000e+00,-2.931215725877048817e-01,2.481312528296866771e-01,-2.805878473965130460e-01,2.460671283060304748e-01,3.025448266611441839e-01,4.715939303158026008e-01,1.879999999999997229e-01,4.740000000000000324e-01,3.692135776781220180e-01,4.606726365398438605e-01,6.039999999999999813e-01,4.740000000000000324e-01,0.000000000000000000e+00,-2.000000000000000111e-01
1.760437615080000000e+12,3.000000000000000000e+00,2.000000000000000000e+00,0.000000000000000000e+00,0.000000000000000000e+00,1.000000000000000000e+00,-2.802525432077988543e-01,2.459845774970516319e-01,-2.684978837970550813e-01,2.439199543862179687e-01,3.709971105968145610e-01,4.602358597727599920e-01,1.879999999999997229e-01,4.740000000000000324e-01,4.335218946965154752e-01,4.493119279694072765e-01,7.000000000000000666e-01,4.740000000000000324e-01,0.000000000000000000e+00,2.000000000000000111e-01
1.760437615283000000e+12,3.000000000000000000e+00,2.000000000000000000e+00,0.000000000000000000e+00,0.000000000000000000e+00,2.000000000000000000e+00,-2.684978837970550813e-01,2.439199543862179687e-01,-2.562868879459494487e-01,2.418545751190115112e-01,4.335218946965154752e-01,4.493119279694072765e-01,1.879999999999997229e-01,4.740000000000000324e-01,4.984740002875028830e-01,4.383839953386852728e-01,5.999999999999999778e-01,4.740000000000000324e-01,0.000000000000000000e+00,-2.000000000000000111e-01
0.000000000000000000e+00,0.000000000000000000e+00,0.000000000000000000e+00,0.000000000000000000e+00,0.000000000000000000e+00,0.000000000000000000e+00,0.000000000000000000e+00,0.000000000000000000e+00,0.000000000000000000e+00,0.000000000000000000e+00,0.000000000000000000e+00,0.000000000000000000e+00,0.000000000000000000e+00,0.000000000000000000e+00,0.000000000000000000e+00,0.000000000000000000e+00,0.000000000000000000e+00,0.000000000000000000e+00,0.000000000000000000e+00,0.000000000000000000e+00
1.760437621018000000e+12,4.000000000000000000e+00,2.000000000000000000e+00,2.000000000000000000e+00,0.000000000000000000e+00,2.000000000000000000e+00,-2.550730867263253376e-01,2.415241859872746533e-01,-1.686189737604800454e-01,1.610723743687795806e-01,5.049303897535886154e-01,4.366359046945749167e-01,5.000000000000000000e-01,4.740000000000000324e-01,9.647926927634040695e-01,1.096494375015649898e-02,4.840000000000000413e-01,4.740000000000000324e-01,0.000000000000000000e+00,-2.000000000000000111e-01
1.760437621222000000e+12,4.000000000000000000e+00,2.000000000000000000e+00,2.000000000000000000e+00,0.000000000000000000e+00,2.000000000000000000e+00,-1.686189737604800454e-01,1.610723743687795806e-01,-1.736653094516728280e-01,1.590514540486883677e-01,9.647926927634040695e-01,1.096494375015649898e-02,5.000000000000000000e-01,4.740000000000000324e-01,9.379504816400381362e-01,2.722436438537843362e-04,3.840000000000000080e-01,5.000000000000000000e-01,0.000000000000000000e+00,-2.000000000000000111e-01
1.760437621426000000e+12,4.000000000000000000e+00,2.000000000000000000e+00,2.000000000000000000e+00,0.000000000000000000e+00,0.000000000000000000e+00,-1.736653094516728280e-01,1.590514540486883677e-01,-1.829443890784583082e-01,1.590582634279207319e-01,9.379504816400381362e-01,2.722436438537843362e-04,4.000000000000000777e-01,5.000000000000000000e-01,8.885936751145834256e-01,3.082721054006850930e-04,3.840000000000000080e-01,5.000000000000000000e-01,0.000000000000000000e+00,0.000000000000000000e+00
1.760437621628000000e+12,4.000000000000000000e+00,2.000000000000000000e+00,2.000000000000000000e+00,1.000000000000000056e-01,2.000000000000000000e+00,-1.833156911076361806e-01,1.590585418430173203e-01,-1.963685823999928859e-01,1.606525693993997028e-01,8.866186643210841600e-01,3.097452011498302415e-04,2.999999999999999889e-01,5.000000000000000000e-01,8.171883914893995904e-01,8.743753435977252506e-03,2.839999999999999747e-01,5.460000000000000409e-01,2.000000000000000042e-02,-2.000000000000000111e-01
1.760437621831000000e+12,4.000000000000000000e+00,2.000000000000000000e+00,2.000000000000000000e+00,1.000000000000000056e-01,1.000000000000000000e+00,-1.963685823999928859e-01,1.606525693993997028e-01,-2.098800551402936754e-01,1.662242855584969703e-01,8.171883914893995904e-01,8.743753435977252506e-03,1.959999999999997300e-01,5.460000000000000409e-01,7.453188556367357220e-01,3.822373311374057531e-02,3.840000000000000080e-01,5.959999999999999742e-01,2.000000000000000042e-02,2.000000000000000111e-01
1.760437622034000000e+12,4.000000000000000000e+00,2.000000000000000000e+00,2.000000000000000000e+00,1.000000000000000056e-01,1.000000000000000000e+00,-2.098800551402936754e-01,1.662242855584969703e-01,-2.153961313192925553e-01,1.757989439708964596e-01,7.453188556367357220e-01,3.822373311374057531e-02,9.600000000000025180e-02,5.959999999999999742e-01,7.159780248973800498e-01,8.888330143331460431e-02,4.839999999999999858e-01,6.460000000000001297e-01,2.000000000000000042e-02,2.000000000000000111e-01
1.760437622238000000e+12,4.000000000000000000e+00,2.000000000000000000e+00,2.000000000000000000e+00,0.000000000000000000e+00,1.000000000000000000e+00,-2.154506801987365050e-01,1.762649903470357993e-01,-2.126398950560583478e-01,1.885518928185710430e-01,7.156878712833164569e-01,9.134915527532168344e-02,-7.450580569168252509e-09,6.480000000000000204e-01,7.306388560847960623e-01,1.563592212622806621e-01,5.879999999999999671e-01,6.540000000000001368e-01,0.000000000000000000e+00,2.000000000000000111e-01
1.760437622440000000e+12,4.000000000000000000e+00,2.000000000000000000e+00,2.000000000000000000e+00,0.000000000000000000e+00,1.000000000000000000e+00,-2.126398950560583478e-01,1.885518928185710430e-01,-2.018289327771017327e-01,2.008815183576296570e-01,7.306388560847960623e-01,1.563592212622806621e-01,9.999999254941882576e-02,6.540000000000001368e-01,7.881439745898843885e-01,2.215953352255537467e-01,6.879999999999999449e-01,6.540000000000001368e-01,0.000000000000000000e+00,2.000000000000000111e-01
1.760437622643000000e+12,4.000000000000000000e+00,2.000000000000000000e+00,2.000000000000000000e+00,-1.000000000000000056e-01,1.000000000000000000e+00,-2.018289327771017327e-01,2.008815183576296570e-01,-1.830234608554756615e-01,2.132089581164168246e-01,7.881439745898843885e-01,2.215953352255537467e-01,2.039999925494183630e-01,6.540000000000001368e-01,8.881730805559805431e-01,2.868198842138456328e-01,7.880000000000001448e-01,6.540000000000001368e-01,-2.000000000000000042e-02,2.000000000000000111e-01
1.760437622847000000e+12,4.000000000000000000e+00,2.000000000000000000e+00,2.000000000000000000e+00,-1.000000000000000056e-01,2.000000000000000000e+00,-1.821051321111386012e-01,2.137019970714927053e-01,-1.625185083399885988e-01,2.239874836830155203e-01,8.930578079194755325e-01,2.894285559338238834e-01,5.000000000000000000e-01,6.520000000000001350e-01,9.972419769149543090e-01,3.438491200159551897e-01,5.000000000000000000e-01,6.019999999999999796e-01,-2.000000000000000042e-02,-2.000000000000000111e-01
1.760437623051000000e+12,4.000000000000000000e+00,2.000000000000000000e+00,2.000000000000000000e+00,-1.000000000000000056e-01,0.000000000000000000e+00,-1.625185083399885988e-01,2.239874836830155203e-01,-1.623659369956320653e-01,2.302779219042976888e-01,9.972419769149543090e-01,3.438491200159551897e-01,5.000000000000000000e-01,6.019999999999999796e-01,9.980535266189783927e-01,3.771318619275010331e-01,5.000000000000000000e-01,5.519999999999999352e-01,-2.000000000000000042e-02,0.000000000000000000e+00
1.760437623255000000e+12,4.000000000000000000e+00,2.000000000000000000e+00,2.000000000000000000e+00,0.000000000000000000e+00,1.000000000000000000e+00,-1.623659369956320653e-01,2.302779219042976888e-01,-1.623710586653723253e-01,2.340236087373635532e-01,9.980535266189783927e-01,3.771318619275010331e-01,5.999999999999999778e-01,5.519999999999999352e-01,9.980262836948280425e-01,3.969503107797013874e-01,5.000000000000000000e-01,5.440000000000000391e-01,0.000000000000000000e+00,2.000000000000000111e-01
1.760437623458000000e+12,4.000000000000000000e+00,2.000000000000000000e+00,2.000000000000000000e+00,0.000000000000000000e+00,2.000000000000000000e+00,-1.623710586653723253e-01,2.340236087373635532e-01,-1.661428752095920336e-01,2.375569862316936343e-01,9.980262836948280425e-01,3.969503107797013874e-01,5.000000000000000000e-01,5.440000000000000391e-01,9.779634297362126416e-01,4.156454297973208867e-01,4.000000000000000777e-01,5.440000000000000391e-01,0.000000000000000000e+00,-2.000000000000000111e-01
1.760437623662000000e+12,4.000000000000000000e+00,2.000000000000000000e+00,2.000000000000000000e+00,0.000000000000000000e+00,2.000000000000000000e+00,-1.661428752095920336e-01,2.375569862316936343e-01,-1.779159682205527782e-01,2.410897643683715119e-01,9.779634297362126416e-01,4.156454297973208867e-01,6.039999999999999813e-01,5.440000000000000391e-01,9.153405945715278325e-01,4.343373776104313411e-01,2.999999999999999889e-01,5.440000000000000391e-01,0.000000000000000000e+00,-2.000000000000000111e-01
1.760437623865000000e+12,4.000000000000000000e+00,2.000000000000000000e+00,2.000000000000000000e+00,0.000000000000000000e+00,2.000000000000000000e+00,-1.785530719731522331e-01,2.412310479355354864e-01,-1.986499194025362347e-01,2.447622283730674919e-01,9.119517448236583723e-01,4.350849097118280051e-01,5.040000000000000036e-01,5.440000000000000391e-01,8.050536201992753993e-01,4.537684040903042226e-01,1.959999999999997300e-01,5.440000000000000391e-01,0.000000000000000000e+00,-2.000000000000000111e-01
1.760437624068000000e+12,4.000000000000000000e+00,2.000000000000000000e+00,2.000000000000000000e+00,0.000000000000000000e+00,2.000000000000000000e+00,-1.986499194025362347e-01,2.447622283730674919e-01,-2.267495753164910366e-01,2.482911423062664769e-01,8.050536201992753993e-01,4.537684040903042226e-01,4.040000000000000258e-01,5.440000000000000391e-01,6.555873653378135879e-01,4.724399063823623846e-01,9.600000000000025180e-02,5.440000000000000391e-01,0.000000000000000000e+00,-2.000000000000000111e-01
1.760437624271000000e+12,4.000000000000000000e+00,2.000000000000000000e+00,2.000000000000000000e+00,0.000000000000000000e+00,2.000000000000000000e+00,-2.267495753164910366e-01,2.482911423062664769e-01,-2.644499733296980515e-01,2.519583219996313628e-01,6.555873653378135879e-01,4.724399063823623846e-01,4.040000000000000258e-01,5.440000000000000391e-01,4.550533333526698976e-01,4.918429735430231431e-01,-7.450580569168252509e-09,5.440000000000000391e-01,0.000000000000000000e+00,-2.000000000000000111e-01
1.760437624475000000e+12,4.000000000000000000e+00,2.000000000000000000e+00,2.000000000000000000e+00,-1.000000000000000056e-01,2.000000000000000000e+00,-2.644499733296980515e-01,2.519583219996313628e-01,-3.044684707545186053e-01,2.538966945490178095e-01,4.550533333526698976e-01,4.918429735430231431e-01,5.000000000000000000e-01,5.440000000000000391e-01,2.421889853483052135e-01,5.020989129577662080e-01,-7.450580569168252509e-09,4.979999999999999982e-01,-2.000000000000000042e-02,-2.000000000000000111e-01
1.760437624678000000e+12,4.000000000000000000e+00,2.000000000000000000e+00,2.000000000000000000e+00,0.000000000000000000e+00,2.000000000000000000e+00,-3.044684707545186053e-01,2.538966945490178095e-01,-3.444911296223623354e-01,2.518777595099950251e-01,2.421889853483052135e-01,5.020989129577662080e-01,5.000000000000000000e-01,4.979999999999999982e-01,2.930250200871086994e-02,4.914167169841007210e-01,-7.450580569168252509e-09,4.540000000000000147e-01,0.000000000000000000e+00,-2.000000000000000111e-01
1.760437624882000000e+12,4.000000000000000000e+00,2.000000000000000000e+00,2.000000000000000000e+00,0.000000000000000000e+00,0.000000000000000000e+00,-3.460921119752130570e-01,2.517308368698930598e-01,-3.497233731673659030e-01,2.480703971128329355e-01,2.078663842971766734e-02,4.906393485179527669e-01,5.000000000000000000e-01,4.540000000000000147e-01,1.471419322521674801e-03,4.712719423959415010e-01,5.000000000000000000e-01,4.540000000000000147e-01,0.000000000000000000e+00,0.000000000000000000e+00
1.760437625085000000e+12,4.000000000000000000e+00,2.000000000000000000e+00,2.000000000000000000e+00,0.000000000000000000e+00,2.000000000000000000e+00,-3.497233731673659030e-01,2.480703971128329355e-01,-3.497546509430678463e-01,2.444106036656847336e-01,1.471419322521674801e-03,4.712719423959415010e-01,5.999999999999999778e-01,4.540000000000000147e-01,1.305048175170912339e-03,4.519079559030939053e-01,5.000000000000000000e-01,4.540000000000000147e-01,0.000000000000000000e+00,-2.000000000000000111e-01
1.760437625290000000e+12,4.000000000000000000e+00,2.000000000000000000e+00,2.000000000000000000e+00,0.000000000000000000e+00,2.000000000000000000e+00,-3.497558917983845661e-01,2.442642007412352545e-01,-3.497865560398510931e-01,2.406038033866773340e-01,1.298447880933041023e-03,4.511333372552130405e-01,5.000000000000000000e-01,4.540000000000000147e-01,1.135340213557897368e-03,4.317661554850653061e-01,5.000000000000000000e-01,4.540000000000000147e-01,0.000000000000000000e+00,-2.000000000000000111e-01
1.760437625494000000e+12,4.000000000000000000e+00,2.000000000000000000e+00,2.000000000000000000e+00,1.000000000000000056e-01,2.000000000000000000e+00,-3.497865560398510931e-01,2.406038033866773340e-01,-3.498166643167180401e-01,2.372188414800339706e-01,1.135340213557897368e-03,4.317661554850653061e-01,6.039999999999999813e-01,4.540000000000000147e-01,9.751898046911582204e-04,4.138563041271638987e-01,5.000000000000000000e-01,4.740000000000000324e-01,2.000000000000000042e-02,-2.000000000000000111e-01
1.760437625699000000e+12,4.000000000000000000e+00,2.000000000000000000e+00,2.000000000000000000e+00,1.000000000000000056e-01,1.000000000000000000e+00,-3.498166643167180401e-01,2.372188414800339706e-01,-3.460734270873008223e-01,2.370429234832649168e-01,9.751898046911582204e-04,4.138563041271638987e-01,7.039999999999999591e-01,4.740000000000000324e-01,2.088602613137848993e-02,4.129255210754758099e-01,5.999999999999999778e-01,5.240000000000000213e-01,2.000000000000000042e-02,2.000000000000000111e-01
1.760437625902000000e+12,4.000000000000000000e+00,2.000000000000000000e+00,2.000000000000000000e+00,0.000000000000000000e+00,0.000000000000000000e+00,-3.457577811039346249e-01,2.371188428720090446e-01,-3.374690975359655454e-01,2.395127479969788586e-01,2.256499412800720000e-02,4.133272109630108382e-01,6.039999999999999813e-01,5.260000000000000231e-01,6.665373651082145967e-02,4.259933756453908593e-01,6.039999999999999813e-01,5.300000000000000266e-01,0.000000000000000000e+00,0.000000000000000000e+00
1.760437626107000000e+12,4.000000000000000000e+00,2.000000000000000000e+00,2.000000000000000000e+00,0.000000000000000000e+00,0.000000000000000000e+00,-3.374690975359655454e-01,2.395127479969788586e-01,-3.291757947281460650e-01,2.419305952871139698e-01,6.665373651082145967e-02,4.259933756453908593e-01,5.040000000000000036e-01,5.300000000000000266e-01,1.107670493183718907e-01,4.387862184503384944e-01,6.039999999999999813e-01,5.300000000000000266e-01,0.000000000000000000e+00,0.000000000000000000e+00
1.760437626309000000e+12,4.000000000000000000e+00,2.000000000000000000e+00,2.000000000000000000e+00,-1.000000000000000056e-01,2.000000000000000000e+00,-3.291757947281460650e-01,2.419305952871139698e-01,-3.243176481617037199e-01,2.443567405319667374e-01,1.107670493183718907e-01,4.387862184503384944e-01,4.000000000000000777e-01,5.300000000000000266e-01,1.366082544590226655e-01,4.516229657776018591e-01,5.040000000000000036e-01,5.180000000000000160e-01,-2.000000000000000042e-02,-2.000000000000000111e-01
1.760437626512000000e+12,4.000000000000000000e+00,2.000000000000000000e+00,2.000000000000000000e+00,-1.000000000000000056e-01,2.000000000000000000e+00,-3.243176481617037199e-01,2.443567405319667374e-01,-3.277945358336346593e-01,2.439296055842215261e-01,1.366082544590226655e-01,4.516229657776018591e-01,2.999999999999999889e-01,5.180000000000000160e-01,1.181141710976878756e-01,4.493629925091086608e-01,4.040000000000000258e-01,4.679999999999999716e-01,-2.000000000000000042e-02,-2.000000000000000111e-01
1.760437626715000000e+12,4.000000000000000000e+00,2.000000000000000000e+00,2.000000000000000000e+00,0.000000000000000000e+00,2.000000000000000000e+00,-3.277945358336346593e-01,2.439296055842215261e-01,-3.392658875351393100e-01,2.409518648498839011e-01,1.181141710976878756e-01,4.493629925091086608e-01,1.959999999999997300e-01,4.679999999999999716e-01,5.709634289819504743e-02,4.336077505284863243e-01,3.039999999999999925e-01,4.620000000000000218e-01,0.000000000000000000e+00,-2.000000000000000111e-01
1.760437626919000000e+12,4.000000000000000000e+00,2.000000000000000000e+00,2.000000000000000000e+00,0.000000000000000000e+00,1.000000000000000000e+00,-3.392658875351393100e-01,2.409518648498839011e-01,-3.493822469211744219e-01,2.378086313722702350e-01,5.709634289819504743e-02,4.336077505284863243e-01,5.000000000000000000e-01,4.620000000000000218e-01,3.285920632050829543e-03,4.169768855675674013e-01,5.279999999999999138e-01,4.620000000000000218e-01,0.000000000000000000e+00,2.000000000000000111e-01
1.760437627123000000e+12,4.000000000000000000e+00,2.000000000000000000e+00,2.000000000000000000e+00,0.000000000000000000e+00,0.000000000000000000e+00,-3.493822469211744219e-01,2.378086313722702350e-01,-3.471745785713382104e-01,2.347871367680558485e-01,3.285920632050829543e-03,4.169768855675674013e-01,5.999999999999999778e-01,4.620000000000000218e-01,1.502883738649876504e-02,4.009901416299251897e-01,5.279999999999999138e-01,4.620000000000000218e-01,0.000000000000000000e+00,0.000000000000000000e+00
1.760437627328000000e+12,4.000000000000000000e+00,2.000000000000000000e+00,2.000000000000000000e+00,0.000000000000000000e+00,0.000000000000000000e+00,-3.471745785713382104e-01,2.347871367680558485e-01,-3.448742668065757910e-01,2.316442079952067690e-01,1.502883738649876504e-02,4.009901416299251897e-01,5.040000000000000036e-01,4.620000000000000218e-01,2.726453826289461368e-02,3.843608888635279275e-01,5.279999999999999138e-01,4.620000000000000218e-01,0.000000000000000000e+00,0.000000000000000000e+00
1.760437627533000000e+12,4.000000000000000000e+00,2.000000000000000000e+00,2.000000000000000000e+00,0.000000000000000000e+00,2.000000000000000000e+00,-3.448742668065757910e-01,2.316442079952067690e-01,-3.464297870610499319e-01,2.286215887611763309e-01,2.726453826289461368e-02,3.843608888635279275e-01,4.040000000000000258e-01,4.620000000000000218e-01,1.899049435611726774e-02,3.683681945035784944e-01,4.279999999999999361e-01,4.620000000000000218e-01,0.000000000000000000e+00,-2.000000000000000111e-01
1.760437627736000000e+12,4.000000000000000000e+00,2.000000000000000000e+00,2.000000000000000000e+00,1.000000000000000056e-01,2.000000000000000000e+00,-3.464297870610499319e-01,2.286215887611763309e-01,-3.497105302808834471e-01,2.261633832954489942e-01,1.899049435611726774e-02,3.683681945035784944e-01,5.040000000000000036e-01,4.620000000000000218e-01,1.539732548492185084e-03,3.553618163780370431e-01,5.000000000000000000e-01,4.899999999999999911e-01,2.000000000000000042e-02,-2.000000000000000111e-01
1.760437627939000000e+12,4.000000000000000000e+00,2.000000000000000000e+00,2.000000000000000000e+00,1.000000000000000056e-01,0.000000000000000000e+00,-3.497116515490982791e-01,2.261304667463495399e-01,-3.497397206596057906e-01,2.273908077301273201e-01,1.533768355860099658e-03,3.551876547425901753e-01,5.000000000000000000e-01,4.899999999999999911e-01,1.384464576564825794e-03,3.618561255562292578e-01,5.000000000000000000e-01,5.420000000000000373e-01,2.000000000000000042e-02,0.000000000000000000e+00
1.760437628143000000e+12,4.000000000000000000e+00,2.000000000000000000e+00,2.000000000000000000e+00,0.000000000000000000e+00,2.000000000000000000e+00,-3.497397206596057906e-01,2.273908077301273201e-01,-3.497680128144257106e-01,2.310643382222820619e-01,1.384464576564825794e-03,3.618561255562292578e-01,5.999999999999999778e-01,5.420000000000000373e-01,1.233974391352485453e-03,3.812927948268892697e-01,5.000000000000000000e-01,5.460000000000000409e-01,0.000000000000000000e+00,-2.000000000000000111e-01
1.760437628347000000e+12,4.000000000000000000e+00,2.000000000000000000e+00,2.000000000000000000e+00,0.000000000000000000e+00,0.000000000000000000e+00,-3.497680128144257106e-01,2.310643382222820619e-01,-3.497979907621227569e-01,2.349103153354496487e-01,1.233974391352485453e-03,3.812927948268892697e-01,4.960000000000000520e-01,5.460000000000000409e-01,1.074517222751175238e-03,4.016418800817442292e-01,5.000000000000000000e-01,5.460000000000000409e-01,0.000000000000000000e+00,0.000000000000000000e+00
1.760437628550000000e+12,4.000000000000000000e+00,2.000000000000000000e+00,2.000000000000000000e+00,0.000000000000000000e+00,0.000000000000000000e+00,-3.497979907621227569e-01,2.349103153354496487e-01,-3.498273652030145509e-01,2.386089127562990020e-01,1.074517222751175238e-03,4.016418800817442292e-01,5.959999999999999742e-01,5.460000000000000409e-01,9.182701967309944528e-04,4.212111786047566531e-01,5.000000000000000000e-01,5.460000000000000409e-01,0.000000000000000000e+00,0.000000000000000000e+00
1.760437628753000000e+12,4.000000000000000000e+00,2.000000000000000000e+00,2.000000000000000000e+00,0.000000000000000000e+00,1.000000000000000000e+00,-3.498273652030145509e-01,2.386089127562990020e-01,-3.460858533091668576e-01,2.423077915839988439e-01,9.182701967309944528e-04,4.212111786047566531e-01,6.959999999999999520e-01,5.460000000000000409e-01,2.081992920655915263e-02,4.407819660529039840e-01,5.999999999999999778e-01,5.460000000000000409e-01,0.000000000000000000e+00,2.000000000000000111e-01
1.760437628957000000e+12,4.000000000000000000e+00,2.000000000000000000e+00,2.000000000000000000e+00,-1.000000000000000056e-01,2.000000000000000000e+00,-3.457702284132921355e-01,2.424557382291575025e-01,-3.412503766880680134e-01,2.461212332306233208e-01,2.249878503568001481e-02,4.415647525352249247e-01,6.959999999999999520e-01,5.460000000000000409e-01,4.654054953155301044e-02,4.609589059821340151e-01,5.040000000000000036e-01,5.380000000000000338e-01,-2.000000000000000042e-02,-2.000000000000000111e-01
1.760437629160000000e+12,4.000000000000000000e+00,2.000000000000000000e+00,2.000000000000000000e+00,-1.000000000000000056e-01,1.000000000000000000e+00,-3.412503766880680134e-01,2.461212332306233208e-01,-3.371863259004360680e-01,2.472974590090275260e-01,4.654054953155301044e-02,4.609589059821340151e-01,5.959999999999999742e-01,5.380000000000000338e-01,6.815784095512718299e-02,4.671823227990875016e-01,6.039999999999999813e-01,4.879999999999999893e-01,-2.000000000000000042e-02,2.000000000000000111e-01
1.760437629363000000e+12,4.000000000000000000e+00,2.000000000000000000e+00,2.000000000000000000e+00,0.000000000000000000e+00,1.000000000000000000e+00,-3.371863259004360680e-01,2.472974590090275260e-01,-3.251214345553729013e-01,2.455402201187507627e-01,6.815784095512718299e-02,4.671823227990875016e-01,6.959999999999999520e-01,4.879999999999999893e-01,1.323327949182291630e-01,4.578847625330728643e-01,7.039999999999999591e-01,4.760000000000000342e-01,0.000000000000000000e+00,2.000000000000000111e-01
1.760437629567000000e+12,4.000000000000000000e+00,2.000000000000000000e+00,2.000000000000000000e+00,0.000000000000000000e+00,2.000000000000000000e+00,-3.244728170860537442e-01,2.454640885677434603e-01,-3.116304487490380581e-01,2.435609601111067002e-01,1.357828878401395600e-01,4.574819500938808181e-01,7.000000000000000666e-01,4.760000000000000342e-01,2.040933577178825897e-01,4.474124873603529395e-01,6.079999999999999849e-01,4.760000000000000342e-01,0.000000000000000000e+00,-2.000000000000000111e-01
1.760437629771000000e+12,4.000000000000000000e+00,2.000000000000000000e+00,2.000000000000000000e+00,0.000000000000000000e+00,0.000000000000000000e+00,-3.116304487490380581e-01,2.435609601111067002e-01,-3.030103702402500154e-01,2.416578965036927373e-01,2.040933577178825897e-01,4.474124873603529395e-01,5.999999999999999778e-01,4.760000000000000342e-01,2.499448391476062070e-01,4.373433677444060752e-01,6.079999999999999849e-01,4.760000000000000342e-01,0.000000000000000000e+00,0.000000000000000000e+00
1.760437629976000000e+12,4.000000000000000000e+00,2.000000000000000000e+00,2.000000000000000000e+00,1.000000000000000056e-01,2.000000000000000000e+00,-3.026655964660666664e-01,2.415817620324303971e-01,-2.978168724937054201e-01,2.396784679769380644e-01,2.517787422017729870e-01,4.369405398541291174e-01,7.000000000000000666e-01,4.760000000000000342e-01,2.775698271611413137e-01,4.268702009361802774e-01,5.080000000000000071e-01,4.779999999999999805e-01,2.000000000000000042e-02,-2.000000000000000111e-01
1.760437630178000000e+12,4.000000000000000000e+00,2.000000000000000000e+00,2.000000000000000000e+00,1.000000000000000056e-01,1.000000000000000000e+00,-2.978168724937054201e-01,2.396784679769380644e-01,-2.934283456173917837e-01,2.398156658361877414e-01,2.775698271611413137e-01,4.268702009361802774e-01,5.999999999999999778e-01,4.779999999999999805e-01,3.009130552266393588e-01,4.275961155353849019e-01,6.079999999999999849e-01,5.280000000000000249e-01,2.000000000000000042e-02,2.000000000000000111e-01
1.760437630382000000e+12,4.000000000000000000e+00,2.000000000000000000e+00,2.000000000000000000e+00,0.000000000000000000e+00,2.000000000000000000e+00,-2.934283456173917837e-01,2.398156658361877414e-01,-2.885782113734788878e-01,2.427664110274034837e-01,3.009130552266393588e-01,4.275961155353849019e-01,4.960000000000000520e-01,5.280000000000000249e-01,3.267116416304313709e-01,4.432085239545158206e-01,5.080000000000000071e-01,5.380000000000000338e-01,0.000000000000000000e+00,-2.000000000000000111e-01
1.760437630586000000e+12,4.000000000000000000e+00,2.000000000000000000e+00,2.000000000000000000e+00,0.000000000000000000e+00,2.000000000000000000e+00,-2.885501551821934574e-01,2.428886823658191474e-01,-2.920169975664335671e-01,2.459455956433723722e-01,3.268608766904602669e-01,4.438554622530114235e-01,4.960000000000000520e-01,5.380000000000000338e-01,3.084202257104596834e-01,4.600296065786898536e-01,4.040000000000000258e-01,5.380000000000000338e-01,0.000000000000000000e+00,-2.000000000000000111e-01
1.760437630789000000e+12,4.000000000000000000e+00,2.000000000000000000e+00,2.000000000000000000e+00,-1.000000000000000056e-01,2.000000000000000000e+00,-2.920169975664335671e-01,2.459455956433723722e-01,-3.034818881167016258e-01,2.489974944363347598e-01,3.084202257104596834e-01,4.600296065786898536e-01,3.920000000000000151e-01,5.380000000000000338e-01,2.474367653366933983e-01,4.761772192398665005e-01,3.039999999999999925e-01,5.340000000000000302e-01,-2.000000000000000042e-02,-2.000000000000000111e-01
1.760437630994000000e+12,4.000000000000000000e+00,2.000000000000000000e+00,2.000000000000000000e+00,-1.000000000000000056e-01,1.000000000000000000e+00,-3.041067291026496866e-01,2.491085449040483513e-01,-3.163567267797962601e-01,2.498026500816497852e-01,2.441131430710122285e-01,4.767647878521077409e-01,4.919999999999999929e-01,5.320000000000000284e-01,1.789535809585304504e-01,4.804373020193110633e-01,3.999999999999999667e-01,4.819999999999999840e-01,-2.000000000000000042e-02,2.000000000000000111e-01
1.760437631197000000e+12,4.000000000000000000e+00,2.000000000000000000e+00,2.000000000000000000e+00,0.000000000000000000e+00,0.000000000000000000e+00,-3.163567267797962601e-01,2.498026500816497852e-01,-3.243846164236432461e-01,2.474512706145869378e-01,1.789535809585304504e-01,4.804373020193110633e-01,5.919999999999999707e-01,4.819999999999999840e-01,1.362520402997698665e-01,4.679961408179203475e-01,3.999999999999999667e-01,4.679999999999999716e-01,0.000000000000000000e+00,0.000000000000000000e+00
1.760437631400000000e+12,4.000000000000000000e+00,2.000000000000000000e+00,2.000000000000000000e+00,0.000000000000000000e+00,2.000000000000000000e+00,-3.243846164236432461e-01,2.474512706145869378e-01,-3.361817127180583009e-01,2.449088687277017617e-01,1.362520402997698665e-01,4.679961408179203475e-01,6.959999999999999520e-01,4.679999999999999716e-01,7.350152809543446242e-02,4.545442789825490659e-01,2.999999999999999889e-01,4.679999999999999716e-01,0.000000000000000000e+00,-2.000000000000000111e-01
1.760437631604000000e+12,4.000000000000000000e+00,2.000000000000000000e+00,2.000000000000000000e+00,0.000000000000000000e+00,2.000000000000000000e+00,-3.368195772857180414e-01,2.448071391061244495e-01,-3.498526519726836703e-01,2.422642777775135259e-01,7.010863145894648263e-02,4.540060270165315326e-01,7.960000000000002629e-01,4.679999999999999716e-01,7.837661027463164228e-04,4.405517342725583929e-01,5.000000000000000000e-01,4.679999999999999716e-01,0.000000000000000000e+00,-2.000000000000000111e-01
1.760437631808000000e+12,4.000000000000000000e+00,2.000000000000000000e+00,2.000000000000000000e+00,0.000000000000000000e+00,2.000000000000000000e+00,-3.498526519726836703e-01,2.422642777775135259e-01,-3.498825130428847574e-01,2.397234253615913302e-01,7.837661027463164228e-04,4.405517342725583929e-01,7.960000000000002629e-01,4.679999999999999716e-01,6.249306229533000507e-04,4.271080706962504525e-01,5.000000000000000000e-01,4.679999999999999716e-01,0.000000000000000000e+00,-2.000000000000000111e-01
1.760437632012000000e+12,4.000000000000000000e+00,2.000000000000000000e+00,2.000000000000000000e+00,0.000000000000000000e+00,2.000000000000000000e+00,-3.498825130428847574e-01,2.397234253615913302e-01,-3.499130923169135321e-01,2.370805025928524878e-01,6.249306229533000507e-04,4.271080706962504525e-01,4.919999999999999929e-01,4.679999999999999716e-01,4.622749100342857069e-04,4.131243523431348819e-01,5.000000000000000000e-01,4.679999999999999716e-01,0.000000000000000000e+00,-2.000000000000000111e-01
1.760437632215000000e+12,4.000000000000000000e+00,2.000000000000000000e+00,2.000000000000000000e+00,0.000000000000000000e+00,0.000000000000000000e+00,-3.499130923169135321e-01,2.370805025928524878e-01,-3.499420959104073137e-01,2.345388449902213179e-01,4.622749100342857069e-04,4.131243523431348819e-01,3.920000000000000151e-01,4.679999999999999716e-01,3.080004765567241555e-04,3.996764285196895417e-01,5.000000000000000000e-01,4.679999999999999716e-01,0.000000000000000000e+00,0.000000000000000000e+00
1.760437632418000000e+12,4.000000000000000000e+00,2.000000000000000000e+00,2.000000000000000000e+00,1.000000000000000056e-01,2.000000000000000000e+00,-3.499420959104073137e-01,2.345388449902213179e-01,-3.499719106348138098e-01,2.330831490641264159e-01,3.080004765567241555e-04,3.996764285196895417e-01,2.919999999999999818e-01,4.679999999999999716e-01,1.494115169477021571e-04,3.919743336726265737e-01,5.000000000000000000e-01,5.060000000000000053e-01,2.000000000000000042e-02,-2.000000000000000111e-01
1.760437632623000000e+12,4.000000000000000000e+00,2.000000000000000000e+00,2.000000000000000000e+00,0.000000000000000000e+00,2.000000000000000000e+00,-3.499719106348138098e-01,2.330831490641264159e-01,-3.500006107395208232e-01,2.347779732227814331e-01,1.494115169477021571e-04,3.919743336726265737e-01,1.879999999999997229e-01,5.080000000000000071e-01,-3.248614472582176855e-06,4.009416572633938691e-01,5.000000000000000000e-01,5.240000000000000213e-01,0.000000000000000000e+00,-2.000000000000000111e-01
1.760437632826000000e+12,4.000000000000000000e+00,2.000000000000000000e+00,2.000000000000000000e+00,0.000000000000000000e+00,1.000000000000000000e+00,-3.500006107395208232e-01,2.347779732227814331e-01,-3.462564917755067695e-01,2.367160346393558379e-01,-3.248614472582176855e-06,4.009416572633938691e-01,1.879999999999997229e-01,5.240000000000000213e-01,1.991227778985749444e-02,4.111959504727822345e-01,5.999999999999999778e-01,5.240000000000000213e-01,0.000000000000000000e+00,2.000000000000000111e-01
1.760437633029000000e+12,4.000000000000000000e+00,2.000000000000000000e+00,2.000000000000000000e+00,0.000000000000000000e+00,2.000000000000000000e+00,-3.459408139130998872e-01,2.367935418244991042e-01,-3.414180664608032489e-01,2.387315367564035729e-01,2.159141535585154884e-02,4.116060413994662159e-01,1.879999999999997229e-01,5.240000000000000213e-01,4.564858265530175735e-02,4.218599828381142114e-01,5.040000000000000036e-01,5.240000000000000213e-01,0.000000000000000000e+00,-2.000000000000000111e-01
1.760437633233000000e+12,4.000000000000000000e+00,2.000000000000000000e+00,2.000000000000000000e+00,0.000000000000000000e+00,0.000000000000000000e+00,-3.414180664608032489e-01,2.387315367564035729e-01,-3.411224457823259226e-01,2.406699568608663131e-01,4.564858265530175735e-02,4.218599828381142114e-01,8.800000000000030020e-02,5.240000000000000213e-01,4.722103307273434192e-02,4.321161738670175612e-01,5.040000000000000036e-01,5.240000000000000213e-01,0.000000000000000000e+00,0.000000000000000000e+00
1.760437633435000000e+12,4.000000000000000000e+00,2.000000000000000000e+00,2.000000000000000000e+00,0.000000000000000000e+00,0.000000000000000000e+00,-3.411224457823259226e-01,2.406699568608663131e-01,-3.408302429160887104e-01,2.426086485636063661e-01,4.722103307273434192e-02,4.321161738670175612e-01,1.839999999999997193e-01,5.240000000000000213e-01,4.877530363782589529e-02,4.423738019238432351e-01,5.040000000000000036e-01,5.240000000000000213e-01,0.000000000000000000e+00,0.000000000000000000e+00
1.760437633640000000e+12,4.000000000000000000e+00,2.000000000000000000e+00,2.000000000000000000e+00,0.000000000000000000e+00,1.000000000000000000e+00,-3.408185567448640541e-01,2.426862006176097042e-01,-3.367534858299994771e-01,2.446249105488711995e-01,4.883746412306343154e-02,4.427841302519032185e-01,8.400000000000032441e-02,5.240000000000000213e-01,7.046018175532181571e-02,4.530418547559323383e-01,6.039999999999999813e-01,5.240000000000000213e-01,0.000000000000000000e+00,2.000000000000000111e-01
1.760437633843000000e+12,4.000000000000000000e+00,2.000000000000000000e+00,2.000000000000000000e+00,0.000000000000000000e+00,0.000000000000000000e+00,-3.367534858299994771e-01,2.446249105488711995e-01,-3.284631297604992950e-01,2.465631485406190315e-01,7.046018175532181571e-02,4.530418547559323383e-01,5.720000000000000639e-01,5.240000000000000213e-01,1.145578204228759889e-01,4.632970822254975918e-01,6.039999999999999813e-01,5.240000000000000213e-01,0.000000000000000000e+00,0.000000000000000000e+00
1.760437634047000000e+12,4.000000000000000000e+00,2.000000000000000000e+00,2.000000000000000000e+00,-1.000000000000000056e-01,2.000000000000000000e+00,-3.281313564173679587e-01,2.466406744553448493e-01,-3.236062745238904026e-01,2.485456116525531223e-01,1.163225722480426688e-01,4.637072722505019007e-01,4.720000000000000306e-01,5.240000000000000213e-01,1.403921567878169130e-01,4.737863050399636622e-01,5.040000000000000036e-01,5.160000000000000142e-01,-2.000000000000000042e-02,-2.000000000000000111e-01
1.760437634250000000e+12,4.000000000000000000e+00,2.000000000000000000e+00,2.000000000000000000e+00,-1.000000000000000056e-01,1.000000000000000000e+00,-3.236062745238904026e-01,2.485456116525531223e-01,-3.195382864265917666e-01,2.479594193754167397e-01,1.403921567878169130e-01,4.737863050399636622e-01,5.720000000000000639e-01,5.160000000000000142e-01,1.620303913479160529e-01,4.706847586000886263e-01,6.039999999999999813e-01,4.660000000000000253e-01,-2.000000000000000042e-02,2.000000000000000111e-01
1.760437634454000000e+12,4.000000000000000000e+00,2.000000000000000000e+00,2.000000000000000000e+00,0.000000000000000000e+00,1.000000000000000000e+00,-3.195382864265917666e-01,2.479594193754167397e-01,-3.074726574678285362e-01,2.448212268704795525e-01,1.620303913479160529e-01,4.706847586000886263e-01,5.720000000000000639e-01,4.660000000000000253e-01,2.262092687881460118e-01,4.540805654522728219e-01,7.039999999999999591e-01,4.599999999999999645e-01,0.000000000000000000e+00,2.000000000000000111e-01
1.760437634657000000e+12,4.000000000000000000e+00,2.000000000000000000e+00,2.000000000000000000e+00,0.000000000000000000e+00,1.000000000000000000e+00,-3.068238780831621937e-01,2.446938492636195617e-01,-2.864394142525879539e-01,2.415076882008869164e-01,2.296602229619031377e-01,4.534066098604210282e-01,4.720000000000000306e-01,4.599999999999999645e-01,3.380882220607023259e-01,4.365486148195075189e-01,8.080000000000003846e-01,4.599999999999999645e-01,0.000000000000000000e+00,2.000000000000000111e-01
1.760437634860000000e+12,4.000000000000000000e+00,2.000000000000000000e+00,2.000000000000000000e+00,1.000000000000000056e-01,2.000000000000000000e+00,-2.864394142525879539e-01,2.415076882008869164e-01,-2.655910846558205418e-01,2.392769539793612177e-01,3.380882220607023259e-01,4.365486148195075189e-01,4.720000000000000306e-01,4.599999999999999645e-01,4.489835922562736559e-01,4.247457882505885074e-01,7.079999999999999627e-01,4.960000000000000520e-01,2.000000000000000042e-02,-2.000000000000000111e-01
1.760437635063000000e+12,4.000000000000000000e+00,2.000000000000000000e+00,2.000000000000000000e+00,0.000000000000000000e+00,2.000000000000000000e+00,-2.655910846558205418e-01,2.392769539793612177e-01,-2.523862136170670900e-01,2.405945057294592571e-01,4.489835922562736559e-01,4.247457882505885074e-01,5.760000000000000675e-01,4.960000000000000520e-01,5.192222679943239161e-01,4.317169615315304965e-01,6.079999999999999849e-01,5.240000000000000213e-01,0.000000000000000000e+00,-2.000000000000000111e-01
0.000000000000000000e+00,0.000000000000000000e+00,0.000000000000000000e+00,0.000000000000000000e+00,0.000000000000000000e+00,0.000000000000000000e+00,0.000000000000000000e+00,0.000000000000000000e+00,0.000000000000000000e+00,0.000000000000000000e+00,0.000000000000000000e+00,0.000000000000000000e+00,0.000000000000000000e+00,0.000000000000000000e+00,0.000000000000000000e+00,0.000000000000000000e+00,0.000000000000000000e+00,0.000000000000000000e+00,0.000000000000000000e+00,0.000000000000000000e+00
1.760437640615000000e+12,5.000000000000000000e+00,2.000000000000000000e+00,3.000000000000000000e+00,0.000000000000000000e+00,1.000000000000000000e+00,-2.514165866129322580e-01,2.408266562719376391e-01,-3.218976143539813983e-01,1.643148793282127040e-01,5.243798584418496445e-01,4.329452712800933578e-01,5.000000000000000000e-01,5.240000000000000213e-01,1.494807747128648057e-01,2.812105464662805615e-02,6.879999999999999449e-01,5.240000000000000213e-01,0.000000000000000000e+00,2.000000000000000111e-01
1.760437640818000000e+12,5.000000000000000000e+00,2.000000000000000000e+00,3.000000000000000000e+00,0.000000000000000000e+00,1.000000000000000000e+00,-3.218976143539813983e-01,1.643148793282127040e-01,-3.027912942045433153e-01,1.662430687452996492e-01,1.494807747128648057e-01,2.812105464662805615e-02,5.000000000000000000e-01,5.240000000000000213e-01,2.511101372098759055e-01,3.832311505449548933e-02,7.920000000000001483e-01,5.240000000000000213e-01,0.000000000000000000e+00,2.000000000000000111e-01
1.760437641021000000e+12,5.000000000000000000e+00,2.000000000000000000e+00,3.000000000000000000e+00,1.000000000000000056e-01,2.000000000000000000e+00,-3.027912942045433153e-01,1.662430687452996492e-01,-2.832200605378391023e-01,1.688234831821054938e-01,2.511101372098759055e-01,3.832311505449548933e-02,4.000000000000000777e-01,5.240000000000000213e-01,3.552124439476642692e-01,5.197610149262165552e-02,6.919999999999999485e-01,5.540000000000000480e-01,2.000000000000000042e-02,-2.000000000000000111e-01
1.760437641225000000e+12,5.000000000000000000e+00,2.000000000000000000e+00,3.000000000000000000e+00,1.000000000000000056e-01,2.000000000000000000e+00,-2.826029355995942627e-01,1.689950100351910456e-01,-2.713434965910425101e-01,1.753687662430306049e-01,3.584950234064134267e-01,5.288365097984679825e-02,2.999999999999999889e-01,5.540000000000000480e-01,4.183856564306248638e-01,8.660722879910372207e-02,5.879999999999999671e-01,6.059999999999999831e-01,2.000000000000000042e-02,-2.000000000000000111e-01
1.760437641428000000e+12,5.000000000000000000e+00,2.000000000000000000e+00,3.000000000000000000e+00,1.000000000000000056e-01,2.000000000000000000e+00,-2.713434965910425101e-01,1.753687662430306049e-01,-2.680780988828725953e-01,1.857422589969783822e-01,4.183856564306248638e-01,8.660722879910372207e-02,1.959999999999997300e-01,6.059999999999999831e-01,4.357547931762095206e-01,1.414934338464464703e-01,4.879999999999999893e-01,6.560000000000001386e-01,2.000000000000000042e-02,-2.000000000000000111e-01
1.760437641631000000e+12,5.000000000000000000e+00,2.000000000000000000e+00,3.000000000000000000e+00,0.000000000000000000e+00,0.000000000000000000e+00,-2.680780988828725953e-01,1.857422589969783822e-01,-2.690444843904064021e-01,1.993728798506576028e-01,4.357547931762095206e-01,1.414934338464464703e-01,9.600000000000025180e-02,6.560000000000001386e-01,4.306144447318807633e-01,2.136131209029502875e-01,4.879999999999999893e-01,6.740000000000001545e-01,0.000000000000000000e+00,0.000000000000000000e+00
1.760437641833000000e+12,5.000000000000000000e+00,2.000000000000000000e+00,3.000000000000000000e+00,0.000000000000000000e+00,2.000000000000000000e+00,-2.690832858625941126e-01,1.999302208822878180e-01,-2.738221681101213889e-01,2.138645846417037422e-01,4.304080539223716917e-01,2.165620152502001072e-01,-7.450580569168252509e-09,6.740000000000001545e-01,4.052012334568010909e-01,2.902888076280621399e-01,3.880000000000000671e-01,6.740000000000001545e-01,0.000000000000000000e+00,-2.000000000000000111e-01
1.760437642038000000e+12,5.000000000000000000e+00,2.000000000000000000e+00,3.000000000000000000e+00,0.000000000000000000e+00,2.000000000000000000e+00,-2.738221681101213889e-01,2.138645846417037422e-01,-2.865631586889493265e-01,2.277998682123929530e-01,4.052012334568010909e-01,2.902888076280621399e-01,9.999999254941882576e-02,6.740000000000001545e-01,3.374300069736737018e-01,3.640204667322378684e-01,2.879999999999999782e-01,6.740000000000001545e-01,0.000000000000000000e+00,-2.000000000000000111e-01
1.760437642242000000e+12,5.000000000000000000e+00,2.000000000000000000e+00,3.000000000000000000e+00,-1.000000000000000056e-01,2.000000000000000000e+00,-2.865631586889493265e-01,2.277998682123929530e-01,-3.073102200195986788e-01,2.415655039949269056e-01,3.374300069736737018e-01,3.640204667322378684e-01,2.039999925494183630e-01,6.740000000000001545e-01,2.270732977680920417e-01,4.368545184916767798e-01,1.879999999999997229e-01,6.580000000000002514e-01,-2.000000000000000042e-02,-2.000000000000000111e-01
1.760437642445000000e+12,5.000000000000000000e+00,2.000000000000000000e+00,3.000000000000000000e+00,-1.000000000000000056e-01,2.000000000000000000e+00,-3.083061310019489798e-01,2.420732902028183142e-01,-3.373774055099847957e-01,2.526812933203259615e-01,2.217758989258032110e-01,4.395412180043297701e-01,5.000000000000000000e-01,6.560000000000001386e-01,6.714146005327226163e-02,4.956682186260633616e-01,8.400000000000032441e-02,6.059999999999999831e-01,-2.000000000000000042e-02,-2.000000000000000111e-01
1.760437642648000000e+12,5.000000000000000000e+00,2.000000000000000000e+00,3.000000000000000000e+00,-1.000000000000000056e-01,0.000000000000000000e+00,-3.373774055099847957e-01,2.526812933203259615e-01,-3.497185511743035047e-01,2.592958060766029638e-01,6.714146005327226163e-02,4.956682186260633616e-01,5.000000000000000000e-01,6.059999999999999831e-01,1.497068221789750898e-03,5.306656406169469875e-01,5.000000000000000000e-01,5.560000000000000497e-01,-2.000000000000000042e-02,0.000000000000000000e+00
1.760437642849000000e+12,5.000000000000000000e+00,2.000000000000000000e+00,3.000000000000000000e+00,0.000000000000000000e+00,0.000000000000000000e+00,-3.497185511743035047e-01,2.592958060766029638e-01,-3.497523216912997723e-01,2.638002514241500340e-01,1.497068221789750898e-03,5.306656406169469875e-01,5.999999999999999778e-01,5.560000000000000497e-01,1.317437812235135565e-03,5.544986847838626609e-01,5.000000000000000000e-01,5.560000000000000497e-01,0.000000000000000000e+00,0.000000000000000000e+00
1.760437643053000000e+12,5.000000000000000000e+00,2.000000000000000000e+00,3.000000000000000000e+00,-1.000000000000000056e-01,1.000000000000000000e+00,-3.497536938127995265e-01,2.639803851748459551e-01,-3.460152954653626933e-01,2.684790571790643954e-01,1.310139293619421840e-03,5.554517734118834538e-01,5.000000000000000000e-01,5.560000000000000497e-01,2.119523688636853684e-02,5.792542707887006204e-01,5.959999999999999742e-01,5.540000000000000480e-01,-2.000000000000000042e-02,2.000000000000000111e-01
1.760437643255000000e+12,5.000000000000000000e+00,2.000000000000000000e+00,3.000000000000000000e+00,-1.000000000000000056e-01,2.000000000000000000e+00,-3.460152954653626933e-01,2.684790571790643954e-01,-3.418251532465913511e-01,2.707780339334096564e-01,2.119523688636853684e-02,5.792542707887006204e-01,6.039999999999999813e-01,5.519999999999999352e-01,4.348322741174802386e-02,5.914181689598395630e-01,5.000000000000000000e-01,5.020000000000000018e-01,-2.000000000000000042e-02,-2.000000000000000111e-01
1.760437643458000000e+12,5.000000000000000000e+00,2.000000000000000000e+00,3.000000000000000000e+00,-1.000000000000000056e-01,0.000000000000000000e+00,-3.418251532465913511e-01,2.707780339334096564e-01,-3.418555103209014456e-01,2.690771710678983020e-01,4.348322741174802386e-02,5.914181689598395630e-01,5.040000000000000036e-01,5.020000000000000018e-01,4.332175361222623949e-02,5.824188945391445271e-01,5.000000000000000000e-01,4.520000000000000129e-01,-2.000000000000000042e-02,0.000000000000000000e+00
1.760437643662000000e+12,5.000000000000000000e+00,2.000000000000000000e+00,3.000000000000000000e+00,-1.000000000000000056e-01,2.000000000000000000e+00,-3.418568341612724382e-01,2.689261169957433695e-01,-3.456592651457144338e-01,2.630660137222955997e-01,4.331471190812521965e-02,5.816196666441448837e-01,4.040000000000000258e-01,4.520000000000000129e-01,2.308901518236991871e-02,5.506138292184953320e-01,3.999999999999999667e-01,3.999999999999999667e-01,-2.000000000000000042e-02,-2.000000000000000111e-01
1.760437643865000000e+12,5.000000000000000000e+00,2.000000000000000000e+00,3.000000000000000000e+00,0.000000000000000000e+00,1.000000000000000000e+00,-3.456592651457144338e-01,2.630660137222955997e-01,-3.499186637546231049e-01,2.539504295424847014e-01,2.308901518236991871e-02,5.506138292184953320e-01,4.040000000000000258e-01,3.999999999999999667e-01,4.326396030684728886e-04,5.023832250925116538e-01,5.000000000000000000e-01,3.819999999999999507e-01,0.000000000000000000e+00,2.000000000000000111e-01
1.760437644068000000e+12,5.000000000000000000e+00,2.000000000000000000e+00,3.000000000000000000e+00,0.000000000000000000e+00,0.000000000000000000e+00,-3.499186637546231049e-01,2.539504295424847014e-01,-3.499525187558291672e-01,2.445312115221840166e-01,4.326396030684728886e-04,5.023832250925116538e-01,5.000000000000000000e-01,3.819999999999999507e-01,2.525598094192051828e-04,4.525460927099683728e-01,5.000000000000000000e-01,3.819999999999999507e-01,0.000000000000000000e+00,0.000000000000000000e+00
1.760437644271000000e+12,5.000000000000000000e+00,2.000000000000000000e+00,3.000000000000000000e+00,1.000000000000000056e-01,1.000000000000000000e+00,-3.499537153791832389e-01,2.441544125640397744e-01,-3.462162410920193167e-01,2.363183886206094153e-01,2.461947915783984048e-04,4.505524474287819214e-01,5.000000000000000000e-01,3.819999999999999507e-01,2.012637717010990271e-02,4.090920032836477538e-01,5.999999999999999778e-01,4.280000000000000471e-01,2.000000000000000042e-02,2.000000000000000111e-01
1.760437644475000000e+12,5.000000000000000000e+00,2.000000000000000000e+00,3.000000000000000000e+00,0.000000000000000000e+00,2.000000000000000000e+00,-3.462162410920193167e-01,2.363183886206094153e-01,-3.420181574549319703e-01,2.320531173666403046e-01,2.012637717010990271e-02,4.090920032836477538e-01,5.000000000000000000e-01,4.280000000000000471e-01,4.245660928227663888e-02,3.865244305113244017e-01,5.000000000000000000e-01,4.540000000000000147e-01,0.000000000000000000e+00,-2.000000000000000111e-01
1.760437644679000000e+12,5.000000000000000000e+00,2.000000000000000000e+00,3.000000000000000000e+00,1.000000000000000056e-01,1.000000000000000000e+00,-3.420181574549319703e-01,2.320531173666403046e-01,-3.385866074427673622e-01,2.282439035680160211e-01,4.245660928227663888e-02,3.865244305113244017e-01,5.999999999999999778e-01,4.540000000000000147e-01,6.070953487889690220e-02,3.663698601482329731e-01,5.919999999999999707e-01,4.540000000000000147e-01,2.000000000000000042e-02,2.000000000000000111e-01
1.760437644883000000e+12,5.000000000000000000e+00,2.000000000000000000e+00,3.000000000000000000e+00,1.000000000000000056e-01,2.000000000000000000e+00,-3.385866074427673622e-01,2.282439035680160211e-01,-3.347126815931340538e-01,2.266277192424284992e-01,6.070953487889690220e-02,3.663698601482329731e-01,5.000000000000000000e-01,4.560000000000000164e-01,8.131552344077620786e-02,3.578186203303095336e-01,4.960000000000000520e-01,5.060000000000000053e-01,2.000000000000000042e-02,-2.000000000000000111e-01
1.760437645085000000e+12,5.000000000000000000e+00,2.000000000000000000e+00,3.000000000000000000e+00,0.000000000000000000e+00,2.000000000000000000e+00,-3.347126815931340538e-01,2.266277192424284992e-01,-3.388243179286646312e-01,2.289195754588730647e-01,8.131552344077620786e-02,3.578186203303095336e-01,6.039999999999999813e-01,5.060000000000000053e-01,5.944511740071993511e-02,3.699448436977411103e-01,3.960000000000000187e-01,5.440000000000000391e-01,0.000000000000000000e+00,-2.000000000000000111e-01
1.760437645288000000e+12,5.000000000000000000e+00,2.000000000000000000e+00,3.000000000000000000e+00,0.000000000000000000e+00,2.000000000000000000e+00,-3.388243179286646312e-01,2.289195754588730647e-01,-3.498375785460868803e-01,2.325978024757469620e-01,5.944511740071993511e-02,3.699448436977411103e-01,7.039999999999999591e-01,5.440000000000000391e-01,8.639439037930717871e-04,3.894063623055395440e-01,5.000000000000000000e-01,5.440000000000000391e-01,0.000000000000000000e+00,-2.000000000000000111e-01
1.760437645492000000e+12,5.000000000000000000e+00,2.000000000000000000e+00,3.000000000000000000e+00,0.000000000000000000e+00,0.000000000000000000e+00,-3.498375785460868803e-01,2.325978024757469620e-01,-3.498667509117227015e-01,2.361361023301645767e-01,8.639439037930717871e-04,3.894063623055395440e-01,6.039999999999999813e-01,5.440000000000000391e-01,7.087717461557252810e-04,4.081275255564263960e-01,5.000000000000000000e-01,5.440000000000000391e-01,0.000000000000000000e+00,0.000000000000000000e+00
1.760437645694000000e+12,5.000000000000000000e+00,2.000000000000000000e+00,3.000000000000000000e+00,0.000000000000000000e+00,1.000000000000000000e+00,-3.498667509117227015e-01,2.361361023301645767e-01,-3.461185901617838123e-01,2.396746463977836861e-01,7.087717461557252810e-04,4.081275255564263960e-01,5.040000000000000036e-01,5.440000000000000391e-01,2.064579701178811608e-02,4.268499809406544609e-01,5.999999999999999778e-01,5.440000000000000391e-01,0.000000000000000000e+00,2.000000000000000111e-01
1.760437645898000000e+12,5.000000000000000000e+00,2.000000000000000000e+00,3.000000000000000000e+00,-1.000000000000000056e-01,1.000000000000000000e+00,-3.458029513708764657e-01,2.398161776472726991e-01,-3.337444324491081193e-01,2.433537035723973840e-01,2.232472675065698062e-02,4.275988235305434038e-01,4.000000000000000777e-01,5.440000000000000391e-01,8.646578484516946606e-02,4.463158919174465278e-01,7.039999999999999591e-01,5.420000000000000373e-01,-2.000000000000000042e-02,2.000000000000000111e-01
1.760437646101000000e+12,5.000000000000000000e+00,2.000000000000000000e+00,3.000000000000000000e+00,-1.000000000000000056e-01,2.000000000000000000e+00,-3.337444324491081193e-01,2.433537035723973840e-01,-3.212210630271138401e-01,2.448485508211125095e-01,8.646578484516946606e-02,4.463158919174465278e-01,2.999999999999999889e-01,5.420000000000000373e-01,1.530794519834369205e-01,4.542251366196429774e-01,6.039999999999999813e-01,4.919999999999999929e-01,-2.000000000000000042e-02,-2.000000000000000111e-01
1.760437646305000000e+12,5.000000000000000000e+00,2.000000000000000000e+00,3.000000000000000000e+00,0.000000000000000000e+00,1.000000000000000000e+00,-3.212210630271138401e-01,2.448485508211125095e-01,-3.091396114624435087e-01,2.431142848582008298e-01,1.530794519834369205e-01,4.542251366196429774e-01,1.959999999999997300e-01,4.919999999999999929e-01,2.173424922210450694e-01,4.450491262338668874e-01,6.959999999999999520e-01,4.760000000000000342e-01,0.000000000000000000e+00,2.000000000000000111e-01
1.760437646509000000e+12,5.000000000000000000e+00,2.000000000000000000e+00,3.000000000000000000e+00,1.000000000000000056e-01,0.000000000000000000e+00,-3.091396114624435087e-01,2.431142848582008298e-01,-2.931631467228726917e-01,2.416904119426658559e-01,2.173424922210450694e-01,4.450491262338668874e-01,5.000000000000000000e-01,4.760000000000000342e-01,3.023236876442941257e-01,4.375154071040521786e-01,7.000000000000000666e-01,5.020000000000000018e-01,2.000000000000000042e-02,0.000000000000000000e+00
1.760437646712000000e+12,5.000000000000000000e+00,2.000000000000000000e+00,3.000000000000000000e+00,0.000000000000000000e+00,2.000000000000000000e+00,-2.931631467228726917e-01,2.416904119426658559e-01,-2.809591044553937378e-01,2.434770264205432799e-01,3.023236876442941257e-01,4.375154071040521786e-01,5.999999999999999778e-01,5.020000000000000018e-01,3.672388060883310934e-01,4.469683937594883250e-01,5.999999999999999778e-01,5.320000000000000284e-01,0.000000000000000000e+00,-2.000000000000000111e-01
1.760437646915000000e+12,5.000000000000000000e+00,2.000000000000000000e+00,3.000000000000000000e+00,0.000000000000000000e+00,2.000000000000000000e+00,-2.809591044553937378e-01,2.434770264205432799e-01,-2.767388489395687379e-01,2.461566269042880506e-01,3.672388060883310934e-01,4.469683937594883250e-01,5.040000000000000036e-01,5.320000000000000284e-01,3.896869737256981603e-01,4.611461740967622291e-01,5.000000000000000000e-01,5.320000000000000284e-01,0.000000000000000000e+00,-2.000000000000000111e-01
1.760437647118000000e+12,5.000000000000000000e+00,2.000000000000000000e+00,3.000000000000000000e+00,-1.000000000000000056e-01,1.000000000000000000e+00,-2.767388489395687379e-01,2.461566269042880506e-01,-2.733050455042003724e-01,2.477806484331563919e-01,3.896869737256981603e-01,4.611461740967622291e-01,4.040000000000000258e-01,5.320000000000000284e-01,4.079518856159554119e-01,4.697388805987111060e-01,5.959999999999999742e-01,4.960000000000000520e-01,-2.000000000000000042e-02,2.000000000000000111e-01
1.760437647321000000e+12,5.000000000000000000e+00,2.000000000000000000e+00,3.000000000000000000e+00,0.000000000000000000e+00,0.000000000000000000e+00,-2.733050455042003724e-01,2.477806484331563919e-01,-2.656447465386633233e-01,2.463393694080230345e-01,4.079518856159554119e-01,4.697388805987111060e-01,5.040000000000000036e-01,4.960000000000000520e-01,4.486981567092375722e-01,4.621130656509155887e-01,5.959999999999999742e-01,4.779999999999999805e-01,0.000000000000000000e+00,0.000000000000000000e+00
1.760437647525000000e+12,5.000000000000000000e+00,2.000000000000000000e+00,3.000000000000000000e+00,0.000000000000000000e+00,0.000000000000000000e+00,-2.653381839082751270e-01,2.462696154195397058e-01,-2.576734373343660955e-01,2.445254908100595315e-01,4.503288089985365006e-01,4.617439969287815416e-01,5.000000000000000000e-01,4.779999999999999805e-01,4.910987375831590285e-01,4.525158243918493972e-01,5.959999999999999742e-01,4.779999999999999805e-01,0.000000000000000000e+00,0.000000000000000000e+00
0.000000000000000000e+00,0.000000000000000000e+00,0.000000000000000000e+00,0.000000000000000000e+00,0.000000000000000000e+00,0.000000000000000000e+00,0.000000000000000000e+00,0.000000000000000000e+00,0.000000000000000000e+00,0.000000000000000000e+00,0.000000000000000000e+00,0.000000000000000000e+00,0.000000000000000000e+00,0.000000000000000000e+00,0.000000000000000000e+00,0.000000000000000000e+00,0.000000000000000000e+00,0.000000000000000000e+00,0.000000000000000000e+00,0.000000000000000000e+00
1.760437653206000000e+12,6.000000000000000000e+00,2.000000000000000000e+00,1.000000000000000000e+00,-1.000000000000000056e-01,1.000000000000000000e+00,-2.567535902530933556e-01,2.443161668346379711e-01,-3.214953045769125550e-01,3.195761114521772916e-01,4.959915412069502150e-01,4.514082901303597128e-01,5.000000000000000000e-01,4.779999999999999805e-01,1.516207203355714184e-01,8.496090553025255065e-01,6.919999999999999485e-01,4.640000000000000235e-01,-2.000000000000000042e-02,2.000000000000000111e-01
1.760437653410000000e+12,6.000000000000000000e+00,2.000000000000000000e+00,1.000000000000000000e+00,-1.000000000000000056e-01,2.000000000000000000e+00,-3.214953045769125550e-01,3.195761114521772916e-01,-3.096212854469718723e-01,3.146843128460173333e-01,1.516207203355714184e-01,8.496090553025255065e-01,5.000000000000000000e-01,4.619999999999999662e-01,2.147803965586601582e-01,8.237265229948007583e-01,5.959999999999999742e-01,4.120000000000000329e-01,-2.000000000000000042e-02,-2.000000000000000111e-01
1.760437653613000000e+12,6.000000000000000000e+00,2.000000000000000000e+00,1.000000000000000000e+00,-1.000000000000000056e-01,2.000000000000000000e+00,-3.096212854469718723e-01,3.146843128460173333e-01,-3.057407466135484975e-01,3.057898867904743634e-01,2.147803965586601582e-01,8.237265229948007583e-01,4.000000000000000777e-01,4.120000000000000329e-01,2.354215605662313138e-01,7.766660676744676639e-01,4.960000000000000520e-01,3.619999999999999329e-01,-2.000000000000000042e-02,-2.000000000000000111e-01
1.760437653816000000e+12,6.000000000000000000e+00,2.000000000000000000e+00,1.000000000000000000e+00,0.000000000000000000e+00,2.000000000000000000e+00,-3.057407466135484975e-01,3.057898867904743634e-01,-3.101819865801777598e-01,2.927022630142145920e-01,2.354215605662313138e-01,7.766660676744676639e-01,2.999999999999999889e-01,3.619999999999999329e-01,2.117979437224586370e-01,7.074193810275904992e-01,3.920000000000000151e-01,3.339999999999999081e-01,0.000000000000000000e+00,-2.000000000000000111e-01
1.760437654018000000e+12,6.000000000000000000e+00,2.000000000000000000e+00,1.000000000000000000e+00,0.000000000000000000e+00,1.000000000000000000e+00,-3.101819865801777598e-01,2.927022630142145920e-01,-3.150769388963565731e-01,2.794472580803606943e-01,2.117979437224586370e-01,7.074193810275904992e-01,1.959999999999997300e-01,3.339999999999999081e-01,1.857609633172521701e-01,6.372870797902683293e-01,4.919999999999999929e-01,3.339999999999999081e-01,0.000000000000000000e+00,2.000000000000000111e-01
1.760437654221000000e+12,6.000000000000000000e+00,2.000000000000000000e+00,1.000000000000000000e+00,0.000000000000000000e+00,1.000000000000000000e+00,-3.150769388963565731e-01,2.794472580803606943e-01,-3.119773793020167441e-01,2.661900708505048896e-01,1.857609633172521701e-01,6.372870797902683293e-01,9.600000000000025180e-02,3.339999999999999081e-01,2.022479824360810530e-01,5.671432320132534510e-01,5.919999999999999707e-01,3.339999999999999081e-01,0.000000000000000000e+00,2.000000000000000111e-01
1.760437654424000000e+12,6.000000000000000000e+00,2.000000000000000000e+00,1.000000000000000000e+00,0.000000000000000000e+00,2.000000000000000000e+00,-3.116871078762319947e-01,2.656597209035044815e-01,-3.078069774956826432e-01,2.524001920936183585e-01,2.037919793817446201e-01,5.643371476375899087e-01,-7.450580569168252509e-09,3.339999999999999081e-01,2.244309707676454269e-01,4.941809105482453668e-01,4.960000000000000520e-01,3.339999999999999081e-01,0.000000000000000000e+00,-2.000000000000000111e-01
1.760437654627000000e+12,6.000000000000000000e+00,2.000000000000000000e+00,1.000000000000000000e+00,1.000000000000000056e-01,0.000000000000000000e+00,-3.078069774956826432e-01,2.524001920936183585e-01,-3.081466384074500464e-01,2.408732202279869616e-01,2.244309707676454269e-01,4.941809105482453668e-01,9.999999254941882576e-02,3.339999999999999081e-01,2.226242637901592325e-01,4.331916414179204922e-01,4.960000000000000520e-01,3.819999999999999507e-01,2.000000000000000042e-02,0.000000000000000000e+00
1.760437654830000000e+12,6.000000000000000000e+00,2.000000000000000000e+00,1.000000000000000000e+00,1.000000000000000056e-01,0.000000000000000000e+00,-3.081466384074500464e-01,2.408732202279869616e-01,-3.084877543564588098e-01,2.333344286723721128e-01,2.226242637901592325e-01,4.331916414179204922e-01,2.039999925494183630e-01,3.819999999999999507e-01,2.208098172528785985e-01,3.933038554093762906e-01,4.960000000000000520e-01,4.319999999999999951e-01,2.000000000000000042e-02,0.000000000000000000e+00
1.760437655034000000e+12,6.000000000000000000e+00,2.000000000000000000e+00,1.000000000000000000e+00,1.000000000000000056e-01,0.000000000000000000e+00,-3.085013982073748773e-01,2.331158964448056814e-01,-3.088424695865907843e-01,2.297346810593881294e-01,2.207372435777931186e-01,3.921476002370671288e-01,5.000000000000000000e-01,4.319999999999999951e-01,2.189230341138787284e-01,3.742575717427943927e-01,4.960000000000000520e-01,4.839999999999999858e-01,2.000000000000000042e-02,0.000000000000000000e+00
1.760437655238000000e+12,6.000000000000000000e+00,2.000000000000000000e+00,1.000000000000000000e+00,1.000000000000000056e-01,1.000000000000000000e+00,-3.088424695865907843e-01,2.297346810593881294e-01,-3.054121202956178727e-01,2.303546516710606451e-01,2.189230341138787284e-01,3.742575717427943927e-01,5.000000000000000000e-01,4.839999999999999858e-01,2.371695728956495219e-01,3.775378395294214373e-01,5.959999999999999742e-01,5.340000000000000302e-01,2.000000000000000042e-02,2.000000000000000111e-01
1.760437655442000000e+12,6.000000000000000000e+00,2.000000000000000000e+00,1.000000000000000000e+00,0.000000000000000000e+00,1.000000000000000000e+00,-3.054121202956178727e-01,2.303546516710606451e-01,-2.933589647376759757e-01,2.341725125837553767e-01,2.371695728956495219e-01,3.775378395294214373e-01,5.999999999999999778e-01,5.340000000000000302e-01,3.012821024591702535e-01,3.977381618188115531e-01,6.959999999999999520e-01,5.479999999999999316e-01,0.000000000000000000e+00,2.000000000000000111e-01
1.760437655645000000e+12,6.000000000000000000e+00,2.000000000000000000e+00,1.000000000000000000e+00,0.000000000000000000e+00,2.000000000000000000e+00,-2.933589647376759757e-01,2.341725125837553767e-01,-2.811465533212076928e-01,2.380272726656344207e-01,3.012821024591702535e-01,3.977381618188115531e-01,5.000000000000000000e-01,5.479999999999999316e-01,3.662417376531504898e-01,4.181337178075895666e-01,5.999999999999999778e-01,5.479999999999999316e-01,0.000000000000000000e+00,-2.000000000000000111e-01
1.760437655849000000e+12,6.000000000000000000e+00,2.000000000000000000e+00,1.000000000000000000e+00,0.000000000000000000e+00,2.000000000000000000e+00,-2.811465533212076928e-01,2.380272726656344207e-01,-2.769301839342217519e-01,2.418834303061949131e-01,3.662417376531504898e-01,4.181337178075895666e-01,6.039999999999999813e-01,5.479999999999999316e-01,3.886692343924374460e-01,4.385366682867456456e-01,5.000000000000000000e-01,5.479999999999999316e-01,0.000000000000000000e+00,-2.000000000000000111e-01
1.760437656053000000e+12,6.000000000000000000e+00,2.000000000000000000e+00,1.000000000000000000e+00,0.000000000000000000e+00,2.000000000000000000e+00,-2.769276687688200234e-01,2.420376922908375750e-01,-2.810316533796539118e-01,2.458944733953418449e-01,3.886826129318083356e-01,4.393528692636909372e-01,5.040000000000000036e-01,5.479999999999999316e-01,3.668529075550323038e-01,4.597591184938722431e-01,3.960000000000000187e-01,5.479999999999999316e-01,0.000000000000000000e+00,-2.000000000000000111e-01
1.760437656256000000e+12,6.000000000000000000e+00,2.000000000000000000e+00,1.000000000000000000e+00,0.000000000000000000e+00,2.000000000000000000e+00,-2.810316533796539118e-01,2.458944733953418449e-01,-2.931370549414861193e-01,2.497510657108591159e-01,3.668529075550323038e-01,4.597591184938722431e-01,4.040000000000000258e-01,5.479999999999999316e-01,3.024624737154992804e-01,4.801643688405244914e-01,2.959999999999999853e-01,5.479999999999999316e-01,0.000000000000000000e+00,-2.000000000000000111e-01
1.760437656462000000e+12,6.000000000000000000e+00,2.000000000000000000e+00,1.000000000000000000e+00,0.000000000000000000e+00,2.000000000000000000e+00,-2.931370549414861193e-01,2.497510657108591159e-01,-3.132415399731700023e-01,2.536067441303708203e-01,3.024624737154992804e-01,4.801643688405244914e-01,4.040000000000000258e-01,5.479999999999999316e-01,1.955237235469679813e-01,5.005647837585758264e-01,1.959999999999997300e-01,5.479999999999999316e-01,0.000000000000000000e+00,-2.000000000000000111e-01
1.760437656665000000e+12,6.000000000000000000e+00,2.000000000000000000e+00,1.000000000000000000e+00,0.000000000000000000e+00,0.000000000000000000e+00,-3.142120395779302577e-01,2.537609380368791023e-01,-3.388735469085627505e-01,2.576165076134869225e-01,1.903614916067538632e-01,5.013806245337518730e-01,5.000000000000000000e-01,5.479999999999999316e-01,5.918326112466611166e-02,5.217804635634228916e-01,1.919999999999997264e-01,5.479999999999999316e-01,0.000000000000000000e+00,0.000000000000000000e+00
1.760437656867000000e+12,6.000000000000000000e+00,2.000000000000000000e+00,1.000000000000000000e+00,-1.000000000000000056e-01,2.000000000000000000e+00,-3.388735469085627505e-01,2.576165076134869225e-01,-3.495877465812231022e-01,2.600275171519846884e-01,5.918326112466611166e-02,5.217804635634228916e-01,5.000000000000000000e-01,5.479999999999999316e-01,2.192837333919551296e-03,5.345371277882788874e-01,5.000000000000000000e-01,5.040000000000000036e-01,-2.000000000000000042e-02,-2.000000000000000111e-01
1.760437657071000000e+12,6.000000000000000000e+00,2.000000000000000000e+00,1.000000000000000000e+00,0.000000000000000000e+00,2.000000000000000000e+00,-3.495877465812231022e-01,2.600275171519846884e-01,-3.496212679325970685e-01,2.588219805882843727e-01,2.192837333919551296e-03,5.345371277882788874e-01,5.000000000000000000e-01,5.040000000000000036e-01,2.014532273419730735e-03,5.281586274512400925e-01,5.000000000000000000e-01,4.760000000000000342e-01,0.000000000000000000e+00,-2.000000000000000111e-01
1.760437657273000000e+12,6.000000000000000000e+00,2.000000000000000000e+00,1.000000000000000000e+00,0.000000000000000000e+00,0.000000000000000000e+00,-3.496226033499267305e-01,2.587460738205135669e-01,-3.496557535102568504e-01,2.568481952216521980e-01,2.007428989751315531e-03,5.277570043413416512e-01,5.999999999999999778e-01,4.760000000000000342e-01,1.831098349697486650e-03,5.177153186330805124e-01,5.000000000000000000e-01,4.760000000000000342e-01,0.000000000000000000e+00,0.000000000000000000e+00
1.760437657476000000e+12,6.000000000000000000e+00,2.000000000000000000e+00,1.000000000000000000e+00,0.000000000000000000e+00,2.000000000000000000e+00,-3.496557535102568504e-01,2.568481952216521980e-01,-3.496885541895311533e-01,2.549499711932289303e-01,1.831098349697486650e-03,5.177153186330805124e-01,5.000000000000000000e-01,4.760000000000000342e-01,1.656626651429917623e-03,5.076718052551796312e-01,5.000000000000000000e-01,4.760000000000000342e-01,0.000000000000000000e+00,-2.000000000000000111e-01
1.760437657679000000e+12,6.000000000000000000e+00,2.000000000000000000e+00,1.000000000000000000e+00,0.000000000000000000e+00,2.000000000000000000e+00,-3.496885541895311533e-01,2.549499711932289303e-01,-3.497210183359781843e-01,2.530514121558893326e-01,1.656626651429917623e-03,5.076718052551796312e-01,6.039999999999999813e-01,4.760000000000000342e-01,1.483945021392518802e-03,4.976265193433298539e-01,5.000000000000000000e-01,4.760000000000000342e-01,0.000000000000000000e+00,-2.000000000000000111e-01
1.760437657883000000e+12,6.000000000000000000e+00,2.000000000000000000e+00,1.000000000000000000e+00,0.000000000000000000e+00,1.000000000000000000e+00,-3.497223088802497992e-01,2.529754623553880921e-01,-3.459795537625580675e-01,2.510763294996380957e-01,1.477080424203077802e-03,4.972246685470270156e-01,7.039999999999999591e-01,4.760000000000000342e-01,2.138535232681867612e-02,4.871763465589317721e-01,5.999999999999999778e-01,4.760000000000000342e-01,0.000000000000000000e+00,2.000000000000000111e-01
1.760437658086000000e+12,6.000000000000000000e+00,2.000000000000000000e+00,1.000000000000000000e+00,0.000000000000000000e+00,2.000000000000000000e+00,-3.459795537625580675e-01,2.510763294996380957e-01,-3.417839936683908508e-01,2.491765313676991001e-01,2.138535232681867612e-02,4.871763465589317721e-01,6.039999999999999813e-01,4.760000000000000342e-01,4.370216133834642358e-02,4.771245045910005866e-01,5.000000000000000000e-01,4.760000000000000342e-01,0.000000000000000000e+00,-2.000000000000000111e-01
1.760437658290000000e+12,6.000000000000000000e+00,2.000000000000000000e+00,1.000000000000000000e+00,0.000000000000000000e+00,2.000000000000000000e+00,-3.417839936683908508e-01,2.491765313676991001e-01,-3.455801828216677474e-01,2.472763845005734873e-01,4.370216133834642358e-02,4.771245045910005866e-01,5.040000000000000036e-01,4.760000000000000342e-01,2.350966584219271738e-02,4.670708174633518284e-01,3.999999999999999667e-01,4.760000000000000342e-01,0.000000000000000000e+00,-2.000000000000000111e-01
1.760437658491000000e+12,6.000000000000000000e+00,2.000000000000000000e+00,1.000000000000000000e+00,0.000000000000000000e+00,2.000000000000000000e+00,-3.458997906817219414e-01,2.472003646987888659e-01,-3.499161627839115773e-01,2.453000797897892105e-01,2.180962403339381517e-02,4.666685962898882156e-01,4.000000000000000777e-01,4.760000000000000342e-01,4.459426387680875308e-04,4.566141787819535391e-01,5.000000000000000000e-01,4.760000000000000342e-01,0.000000000000000000e+00,-2.000000000000000111e-01
1.760437658695000000e+12,6.000000000000000000e+00,2.000000000000000000e+00,1.000000000000000000e+00,0.000000000000000000e+00,0.000000000000000000e+00,-3.499161627839115773e-01,2.453000797897892105e-01,-3.499469663807258657e-01,2.433998906000879869e-01,4.459426387680875308e-04,4.566141787819535391e-01,2.999999999999999889e-01,4.760000000000000342e-01,2.820937195431494804e-04,4.465602677253333042e-01,5.000000000000000000e-01,4.760000000000000342e-01,0.000000000000000000e+00,0.000000000000000000e+00
1.760437658898000000e+12,6.000000000000000000e+00,2.000000000000000000e+00,1.000000000000000000e+00,1.000000000000000056e-01,0.000000000000000000e+00,-3.499469663807258657e-01,2.433998906000879869e-01,-3.499774389538035102e-01,2.418377851933410094e-01,2.820937195431494804e-04,4.465602677253333042e-01,1.959999999999997300e-01,4.760000000000000342e-01,1.200055648748276456e-04,4.382951597531271060e-01,5.000000000000000000e-01,4.979999999999999982e-01,2.000000000000000042e-02,0.000000000000000000e+00
1.760437659100000000e+12,6.000000000000000000e+00,2.000000000000000000e+00,1.000000000000000000e+00,0.000000000000000000e+00,0.000000000000000000e+00,-3.499786524070674920e-01,2.418305593411130550e-01,-3.500090520854049481e-01,2.437268328239239612e-01,1.135510262366265163e-04,4.382569277307569733e-01,5.000000000000000000e-01,5.000000000000000000e-01,-4.814939045196951257e-05,4.482901207615024863e-01,5.000000000000000000e-01,5.460000000000000409e-01,0.000000000000000000e+00,0.000000000000000000e+00
1.760437659303000000e+12,6.000000000000000000e+00,2.000000000000000000e+00,1.000000000000000000e+00,0.000000000000000000e+00,2.000000000000000000e+00,-3.500090520854049481e-01,2.437268328239239612e-01,-3.500398445001086101e-01,2.474268237548352400e-01,-4.814939045196951257e-05,4.482901207615024863e-01,5.999999999999999778e-01,5.460000000000000409e-01,-2.119388303650653115e-04,4.678667923536256601e-01,5.000000000000000000e-01,5.460000000000000409e-01,0.000000000000000000e+00,-2.000000000000000111e-01
1.760437659508000000e+12,6.000000000000000000e+00,2.000000000000000000e+00,1.000000000000000000e+00,-1.000000000000000056e-01,1.000000000000000000e+00,-3.500398445001086101e-01,2.474268237548352400e-01,-3.463026947820742607e-01,2.511072046366051302e-01,-2.119388303650653115e-04,4.678667923536256601e-01,5.040000000000000036e-01,5.460000000000000409e-01,1.966651711662615806e-02,4.873397070719848734e-01,5.959999999999999742e-01,5.320000000000000284e-01,-2.000000000000000042e-02,2.000000000000000111e-01
1.760437659711000000e+12,6.000000000000000000e+00,2.000000000000000000e+00,1.000000000000000000e+00,0.000000000000000000e+00,1.000000000000000000e+00,-3.463026947820742607e-01,2.511072046366051302e-01,-3.345687898012030814e-01,2.516784573874504827e-01,1.966651711662615806e-02,4.873397070719848734e-01,4.040000000000000258e-01,5.300000000000000266e-01,8.208090531274946089e-02,4.903622083992089653e-01,7.000000000000000666e-01,4.879999999999999893e-01,0.000000000000000000e+00,2.000000000000000111e-01
1.760437659913000000e+12,6.000000000000000000e+00,2.000000000000000000e+00,1.000000000000000000e+00,0.000000000000000000e+00,2.000000000000000000e+00,-3.345687898012030814e-01,2.516784573874504827e-01,-3.223646398576409666e-01,2.507368489493362884e-01,8.208090531274946089e-02,4.903622083992089653e-01,5.040000000000000036e-01,4.879999999999999893e-01,1.469965965019096599e-01,4.853801531710915107e-01,5.999999999999999778e-01,4.879999999999999893e-01,0.000000000000000000e+00,-2.000000000000000111e-01
1.760437660117000000e+12,6.000000000000000000e+00,2.000000000000000000e+00,1.000000000000000000e+00,0.000000000000000000e+00,0.000000000000000000e+00,-3.223646398576409666e-01,2.507368489493362884e-01,-3.143838453229083063e-01,2.497577478212184565e-01,1.469965965019096599e-01,4.853801531710915107e-01,5.000000000000000000e-01,4.879999999999999893e-01,1.894476312611259317e-01,4.801997239217908331e-01,5.959999999999999742e-01,4.879999999999999893e-01,0.000000000000000000e+00,0.000000000000000000e+00
1.760437660321000000e+12,6.000000000000000000e+00,2.000000000000000000e+00,1.000000000000000000e+00,0.000000000000000000e+00,1.000000000000000000e+00,-3.143838453229083063e-01,2.497577478212184565e-01,-3.029585221141880003e-01,2.488151517290460302e-01,1.894476312611259317e-01,4.801997239217908331e-01,5.999999999999999778e-01,4.879999999999999893e-01,2.502206270521913911e-01,4.752124430108256026e-01,6.959999999999999520e-01,4.879999999999999893e-01,0.000000000000000000e+00,2.000000000000000111e-01
1.760437660525000000e+12,6.000000000000000000e+00,2.000000000000000000e+00,1.000000000000000000e+00,0.000000000000000000e+00,1.000000000000000000e+00,-3.029585221141880003e-01,2.488151517290460302e-01,-2.825869544829115454e-01,2.478319349445816944e-01,2.502206270521913911e-01,4.752124430108256026e-01,4.960000000000000520e-01,4.879999999999999893e-01,3.585800293462151345e-01,4.700102378020196148e-01,7.960000000000002629e-01,4.879999999999999893e-01,0.000000000000000000e+00,2.000000000000000111e-01
1.760437660729000000e+12,6.000000000000000000e+00,2.000000000000000000e+00,1.000000000000000000e+00,0.000000000000000000e+00,0.000000000000000000e+00,-2.825869544829115454e-01,2.478319349445816944e-01,-2.586066242283553418e-01,2.468840833602799212e-01,3.585800293462151345e-01,4.700102378020196148e-01,5.959999999999999742e-01,4.879999999999999893e-01,4.861349775087481229e-01,4.649951500543911820e-01,8.000000000000002665e-01,4.879999999999999893e-01,0.000000000000000000e+00,0.000000000000000000e+00
1.760437660932000000e+12,6.000000000000000000e+00,2.000000000000000000e+00,1.000000000000000000e+00,0.000000000000000000e+00,2.000000000000000000e+00,-2.586066242283553418e-01,2.468840833602799212e-01,-2.383884465866183966e-01,2.459366810747615206e-01,4.861349775087481229e-01,4.649951500543911820e-01,6.959999999999999520e-01,4.879999999999999893e-01,5.936784756030936139e-01,4.599824395490028084e-01,7.000000000000000666e-01,4.879999999999999893e-01,0.000000000000000000e+00,-2.000000000000000111e-01
1.760437661135000000e+12,6.000000000000000000e+00,2.000000000000000000e+00,1.000000000000000000e+00,0.000000000000000000e+00,1.000000000000000000e+00,-2.383884465866183966e-01,2.459366810747615206e-01,-2.183095694669609510e-01,2.449509882179290998e-01,5.936784756030936139e-01,4.599824395490028084e-01,6.959999999999999520e-01,4.879999999999999893e-01,7.004810134736119132e-01,4.547671334281963573e-01,7.960000000000002629e-01,4.879999999999999893e-01,0.000000000000000000e+00,2.000000000000000111e-01
1.760437661340000000e+12,6.000000000000000000e+00,2.000000000000000000e+00,1.000000000000000000e+00,0.000000000000000000e+00,1.000000000000000000e+00,-2.183095694669609510e-01,2.449509882179290998e-01,-1.908734034780129041e-01,2.439990646607307911e-01,7.004810134736119132e-01,4.547671334281963573e-01,5.959999999999999742e-01,4.879999999999999893e-01,8.464180666063143565e-01,4.497305008504275392e-01,8.959999999999997966e-01,4.879999999999999893e-01,0.000000000000000000e+00,2.000000000000000111e-01
1.760437661543000000e+12,6.000000000000000000e+00,2.000000000000000000e+00,1.000000000000000000e+00,0.000000000000000000e+00,0.000000000000000000e+00,-1.908734034780129041e-01,2.439990646607307911e-01,-1.626895700065484340e-01,2.430449197212005141e-01,8.464180666063143565e-01,4.497305008504275392e-01,6.959999999999999520e-01,4.879999999999999893e-01,9.963320744332530010e-01,4.446821149269868934e-01,5.000000000000000000e-01,4.879999999999999893e-01,0.000000000000000000e+00,0.000000000000000000e+00
1.760437661747000000e+12,6.000000000000000000e+00,2.000000000000000000e+00,1.000000000000000000e+00,1.000000000000000056e-01,1.000000000000000000e+00,-1.626897856353909100e-01,2.430070702620755474e-01,-1.626951782650193912e-01,2.423368178590011857e-01,9.963309274713250119e-01,4.444818532384949838e-01,7.000000000000000666e-01,4.879999999999999893e-01,9.963022432711734488e-01,4.409355442275195713e-01,5.000000000000000000e-01,5.080000000000000071e-01,2.000000000000000042e-02,2.000000000000000111e-01
1.760437661949000000e+12,6.000000000000000000e+00,2.000000000000000000e+00,1.000000000000000000e+00,1.000000000000000056e-01,1.000000000000000000e+00,-1.626951782650193912e-01,2.423368178590011857e-01,-1.627005257780444192e-01,2.448746732422734940e-01,9.963022432711734488e-01,4.409355442275195713e-01,5.999999999999999778e-01,5.080000000000000071e-01,9.962737990529552112e-01,4.543633504882195751e-01,5.000000000000000000e-01,5.579999999999999405e-01,2.000000000000000042e-02,2.000000000000000111e-01
1.760437662153000000e+12,6.000000000000000000e+00,2.000000000000000000e+00,1.000000000000000000e+00,0.000000000000000000e+00,2.000000000000000000e+00,-1.627005257780444192e-01,2.448746732422734940e-01,-1.664808582605364351e-01,2.501694919633297709e-01,9.962737990529552112e-01,4.543633504882195751e-01,7.000000000000000666e-01,5.579999999999999405e-01,9.761656475503381891e-01,4.823782643562422034e-01,4.040000000000000258e-01,5.639999999999999458e-01,0.000000000000000000e+00,-2.000000000000000111e-01
1.760437662356000000e+12,6.000000000000000000e+00,2.000000000000000000e+00,1.000000000000000000e+00,0.000000000000000000e+00,0.000000000000000000e+00,-1.664808582605364351e-01,2.501694919633297709e-01,-1.744844946832256327e-01,2.553040385982967564e-01,9.761656475503381891e-01,4.823782643562422034e-01,5.999999999999999778e-01,5.639999999999999458e-01,9.335931133870977172e-01,5.095451777687659556e-01,4.000000000000000777e-01,5.639999999999999458e-01,0.000000000000000000e+00,0.000000000000000000e+00
1.760437662559000000e+12,6.000000000000000000e+00,2.000000000000000000e+00,1.000000000000000000e+00,-1.000000000000000056e-01,2.000000000000000000e+00,-1.744844946832256327e-01,2.553040385982967564e-01,-1.862622992352627738e-01,2.604338686322413832e-01,9.335931133870977172e-01,5.095451777687659556e-01,4.960000000000000520e-01,5.639999999999999458e-01,8.709452168337086242e-01,5.366871356203248844e-01,2.999999999999999889e-01,5.599999999999999423e-01,-2.000000000000000042e-02,-2.000000000000000111e-01
1.760437662765000000e+12,6.000000000000000000e+00,2.000000000000000000e+00,1.000000000000000000e+00,-1.000000000000000056e-01,1.000000000000000000e+00,-1.868994688237200497e-01,2.606280322587495868e-01,-1.994516750961101426e-01,2.633976771391663418e-01,8.675560168951060858e-01,5.377144563955005285e-01,4.960000000000000520e-01,5.599999999999999423e-01,8.007889622547332831e-01,5.523686621119913154e-01,3.960000000000000187e-01,5.080000000000000071e-01,-2.000000000000000042e-02,2.000000000000000111e-01
1.760437662966000000e+12,6.000000000000000000e+00,2.000000000000000000e+00,1.000000000000000000e+00,-1.000000000000000056e-01,0.000000000000000000e+00,-1.994516750961101426e-01,2.633976771391663418e-01,-2.077852747070874917e-01,2.621691800825677876e-01,8.007889622547332831e-01,5.523686621119913154e-01,3.920000000000000151e-01,5.080000000000000071e-01,7.564613047495346576e-01,5.458686776855439238e-01,3.960000000000000187e-01,4.579999999999999627e-01,-2.000000000000000042e-02,0.000000000000000000e+00
1.760437663169000000e+12,6.000000000000000000e+00,2.000000000000000000e+00,1.000000000000000000e+00,0.000000000000000000e+00,1.000000000000000000e+00,-2.077852747070874917e-01,2.621691800825677876e-01,-2.123429740105086672e-01,2.580104378598819248e-01,7.564613047495346576e-01,5.458686776855439238e-01,4.919999999999999929e-01,4.579999999999999627e-01,7.322182233483581770e-01,5.238647505813859295e-01,4.960000000000000520e-01,4.460000000000000075e-01,0.000000000000000000e+00,2.000000000000000111e-01
1.760437663373000000e+12,6.000000000000000000e+00,2.000000000000000000e+00,1.000000000000000000e+00,0.000000000000000000e+00,2.000000000000000000e+00,-2.123593945506963565e-01,2.578382976557909156e-01,-2.161505414452424556e-01,2.535343148540378233e-01,7.321308800494874536e-01,5.229539558507456665e-01,5.919999999999999707e-01,4.460000000000000075e-01,7.119652050784975872e-01,5.001815600742742784e-01,3.999999999999999667e-01,4.460000000000000075e-01,0.000000000000000000e+00,-2.000000000000000111e-01
1.760437663576000000e+12,6.000000000000000000e+00,2.000000000000000000e+00,1.000000000000000000e+00,0.000000000000000000e+00,1.000000000000000000e+00,-2.161505414452424556e-01,2.535343148540378233e-01,-2.203850099180329480e-01,2.492298903879082983e-01,7.119652050784975872e-01,5.001815600742742784e-01,6.959999999999999520e-01,4.460000000000000075e-01,6.894414366062077137e-01,4.774068274492502817e-01,5.000000000000000000e-01,4.460000000000000075e-01,0.000000000000000000e+00,2.000000000000000111e-01
1.760437663780000000e+12,6.000000000000000000e+00,2.000000000000000000e+00,1.000000000000000000e+00,1.000000000000000056e-01,2.000000000000000000e+00,-2.203850099180329480e-01,2.492298903879082983e-01,-2.241682474636401690e-01,2.455762695264326612e-01,6.894414366062077137e-01,4.774068274492502817e-01,7.960000000000002629e-01,4.460000000000000075e-01,6.693178326402118294e-01,4.580755001398553738e-01,3.999999999999999667e-01,4.760000000000000342e-01,2.000000000000000042e-02,-2.000000000000000111e-01
1.760437663984000000e+12,6.000000000000000000e+00,2.000000000000000000e+00,1.000000000000000000e+00,0.000000000000000000e+00,1.000000000000000000e+00,-2.244854770535422150e-01,2.454984548757495055e-01,-2.290437463678973162e-01,2.454686713091606132e-01,6.676304412045627190e-01,4.576637824113731212e-01,7.960000000000002629e-01,4.779999999999999805e-01,6.433843278303333912e-01,4.575061974029662748e-01,4.960000000000000520e-01,5.120000000000000107e-01,0.000000000000000000e+00,2.000000000000000111e-01
1.760437664186000000e+12,6.000000000000000000e+00,2.000000000000000000e+00,1.000000000000000000e+00,0.000000000000000000e+00,2.000000000000000000e+00,-2.290437463678973162e-01,2.454686713091606132e-01,-2.331496062412503067e-01,2.464438955794626407e-01,6.433843278303333912e-01,4.575061974029662748e-01,4.919999999999999929e-01,5.120000000000000107e-01,6.215446476529238318e-01,4.626661141770510577e-01,3.960000000000000187e-01,5.120000000000000107e-01,0.000000000000000000e+00,-2.000000000000000111e-01
1.760437664389000000e+12,6.000000000000000000e+00,2.000000000000000000e+00,1.000000000000000000e+00,0.000000000000000000e+00,2.000000000000000000e+00,-2.331496062412503067e-01,2.464438955794626407e-01,-2.452549282403381770e-01,2.474183523404809015e-01,6.215446476529238318e-01,4.626661141770510577e-01,3.920000000000000151e-01,5.120000000000000107e-01,5.571546370194777609e-01,4.678219700554545613e-01,2.959999999999999853e-01,5.120000000000000107e-01,0.000000000000000000e+00,-2.000000000000000111e-01
1.760437664593000000e+12,6.000000000000000000e+00,2.000000000000000000e+00,1.000000000000000000e+00,0.000000000000000000e+00,2.000000000000000000e+00,-2.459050603971436599e-01,2.474573003229856849e-01,-2.663212157595438168e-01,2.484301192218303089e-01,5.536964872492358136e-01,4.680280440369613548e-01,2.919999999999999818e-01,5.120000000000000107e-01,4.450999161726392206e-01,4.731752339779382033e-01,1.919999999999997264e-01,5.120000000000000107e-01,0.000000000000000000e+00,-2.000000000000000111e-01
1.760437664796000000e+12,6.000000000000000000e+00,2.000000000000000000e+00,1.000000000000000000e+00,0.000000000000000000e+00,1.000000000000000000e+00,-2.663212157595438168e-01,2.484301192218303089e-01,-2.872008464188435251e-01,2.494036292951563039e-01,4.450999161726392206e-01,4.731752339779382033e-01,1.879999999999997229e-01,5.120000000000000107e-01,3.340380509635981765e-01,4.783260809267529945e-01,2.919999999999999818e-01,5.120000000000000107e-01,0.000000000000000000e+00,2.000000000000000111e-01
1.760437664999000000e+12,6.000000000000000000e+00,2.000000000000000000e+00,1.000000000000000000e+00,0.000000000000000000e+00,0.000000000000000000e+00,-2.872008464188435251e-01,2.494036292951563039e-01,-3.042136199362369675e-01,2.504183804276276515e-01,3.340380509635981765e-01,4.783260809267529945e-01,1.879999999999997229e-01,5.120000000000000107e-01,2.435445748072500860e-01,4.836951345377125122e-01,2.959999999999999853e-01,5.120000000000000107e-01,0.000000000000000000e+00,0.000000000000000000e+00
1.760437665202000000e+12,6.000000000000000000e+00,2.000000000000000000e+00,1.000000000000000000e+00,0.000000000000000000e+00,1.000000000000000000e+00,-3.042136199362369675e-01,2.504183804276276515e-01,-3.167852038589323294e-01,2.513957216846474108e-01,2.435445748072500860e-01,4.836951345377125122e-01,1.879999999999997229e-01,5.120000000000000107e-01,1.766744475588704899e-01,4.888662522997218041e-01,3.960000000000000187e-01,5.120000000000000107e-01,0.000000000000000000e+00,2.000000000000000111e-01
1.760437665406000000e+12,6.000000000000000000e+00,2.000000000000000000e+00,1.000000000000000000e+00,-1.000000000000000056e-01,2.000000000000000000e+00,-3.167852038589323294e-01,2.513957216846474108e-01,-3.289044693142453291e-01,2.523681931786641575e-01,1.766744475588704899e-01,4.888662522997218041e-01,8.800000000000030020e-02,5.120000000000000107e-01,1.122102696050779336e-01,4.940116041199162367e-01,2.959999999999999853e-01,5.080000000000000071e-01,-2.000000000000000042e-02,-2.000000000000000111e-01
1.760437665609000000e+12,6.000000000000000000e+00,2.000000000000000000e+00,1.000000000000000000e+00,-1.000000000000000056e-01,0.000000000000000000e+00,-3.289044693142453291e-01,2.523681931786641575e-01,-3.462196551198377104e-01,2.510106923069562734e-01,1.122102696050779336e-01,4.940116041199162367e-01,1.839999999999997193e-01,5.080000000000000071e-01,2.010821744767163702e-02,4.868290598251654999e-01,2.919999999999999818e-01,4.560000000000000164e-01,-2.000000000000000042e-02,0.000000000000000000e+00
1.760437665812000000e+12,6.000000000000000000e+00,2.000000000000000000e+00,1.000000000000000000e+00,0.000000000000000000e+00,2.000000000000000000e+00,-3.462196551198377104e-01,2.510106923069562734e-01,-3.498759566029628343e-01,2.475121873826885421e-01,2.010821744767163702e-02,4.868290598251654999e-01,8.400000000000032441e-02,4.560000000000000164e-01,6.598053033890613397e-04,4.683184517602568819e-01,5.000000000000000000e-01,4.560000000000000164e-01,0.000000000000000000e+00,-2.000000000000000111e-01
1.760437666015000000e+12,6.000000000000000000e+00,2.000000000000000000e+00,1.000000000000000000e+00,0.000000000000000000e+00,1.000000000000000000e+00,-3.498759566029628343e-01,2.475121873826885421e-01,-3.461346481328148039e-01,2.440118910347961190e-01,6.598053033890613397e-04,4.683184517602568819e-01,5.720000000000000639e-01,4.560000000000000164e-01,2.056038227226156603e-02,4.497983652634715557e-01,5.999999999999999778e-01,4.560000000000000164e-01,0.000000000000000000e+00,2.000000000000000111e-01
1.760437666219000000e+12,6.000000000000000000e+00,2.000000000000000000e+00,1.000000000000000000e+00,0.000000000000000000e+00,0.000000000000000000e+00,-3.458189963061362171e-01,2.438718505997637120e-01,-3.375294956319639939e-01,2.403702206009097342e-01,2.223938135033915603e-02,4.490574105807604299e-01,4.720000000000000306e-01,4.560000000000000164e-01,6.633247004274460401e-02,4.305302677296811709e-01,6.039999999999999813e-01,4.560000000000000164e-01,0.000000000000000000e+00,0.000000000000000000e+00
1.760437666422000000e+12,6.000000000000000000e+00,2.000000000000000000e+00,1.000000000000000000e+00,1.000000000000000056e-01,2.000000000000000000e+00,-3.375294956319639939e-01,2.403702206009097342e-01,-3.330110720390525580e-01,2.368848261730006899e-01,6.633247004274460401e-02,4.305302677296811709e-01,5.720000000000000639e-01,4.560000000000000164e-01,9.036663809014586213e-02,4.120890273703740614e-01,5.040000000000000036e-01,4.619999999999999662e-01,2.000000000000000042e-02,-2.000000000000000111e-01
1.760437666625000000e+12,6.000000000000000000e+00,2.000000000000000000e+00,1.000000000000000000e+00,1.000000000000000056e-01,0.000000000000000000e+00,-3.330110720390525580e-01,2.368848261730006899e-01,-3.327130269604904877e-01,2.357438846660677711e-01,9.036663809014586213e-02,4.120890273703740614e-01,5.720000000000000639e-01,4.619999999999999662e-01,9.195198425271006171e-02,4.060522998204644241e-01,5.040000000000000036e-01,5.120000000000000107e-01,2.000000000000000042e-02,0.000000000000000000e+00
1.760437666828000000e+12,6.000000000000000000e+00,2.000000000000000000e+00,1.000000000000000000e+00,0.000000000000000000e+00,0.000000000000000000e+00,-3.327012337977354184e-01,2.357813822252677605e-01,-3.324063864667521906e-01,2.383205468113743508e-01,9.201471384183278202e-02,4.062506996045913699e-01,4.720000000000000306e-01,5.140000000000000124e-01,9.358305070876483944e-02,4.196854328644146204e-01,5.040000000000000036e-01,5.379999999999999227e-01,0.000000000000000000e+00,0.000000000000000000e+00
1.760437667032000000e+12,6.000000000000000000e+00,2.000000000000000000e+00,1.000000000000000000e+00,0.000000000000000000e+00,1.000000000000000000e+00,-3.324063864667521906e-01,2.383205468113743508e-01,-3.283404248065909803e-01,2.413782412051002080e-01,9.358305070876483944e-02,4.196854328644146204e-01,4.720000000000000306e-01,5.379999999999999227e-01,1.152105063479202107e-01,4.358637100798953279e-01,6.039999999999999813e-01,5.379999999999999227e-01,0.000000000000000000e+00,2.000000000000000111e-01
1.760437667235000000e+12,6.000000000000000000e+00,2.000000000000000000e+00,1.000000000000000000e+00,0.000000000000000000e+00,1.000000000000000000e+00,-3.283404248065909803e-01,2.413782412051002080e-01,-3.156307961793383132e-01,2.445570955155320081e-01,1.152105063479202107e-01,4.358637100798953279e-01,5.760000000000000675e-01,5.379999999999999227e-01,1.828149139396897382e-01,4.526830450557249863e-01,7.079999999999999627e-01,5.379999999999999227e-01,0.000000000000000000e+00,2.000000000000000111e-01
1.760437667440000000e+12,6.000000000000000000e+00,2.000000000000000000e+00,1.000000000000000000e+00,0.000000000000000000e+00,0.000000000000000000e+00,-3.156307961793383132e-01,2.445570955155320081e-01,-2.990136960301710278e-01,2.476124117435250238e-01,1.828149139396897382e-01,4.526830450557249863e-01,6.759999999999999343e-01,5.379999999999999227e-01,2.712037445203667740e-01,4.688487393837303396e-01,7.079999999999999627e-01,5.379999999999999227e-01,0.000000000000000000e+00,0.000000000000000000e+00
1.760437667643000000e+12,6.000000000000000000e+00,2.000000000000000000e+00,1.000000000000000000e+00,0.000000000000000000e+00,2.000000000000000000e+00,-2.990136960301710278e-01,2.476124117435250238e-01,-2.858585960246162738e-01,2.506683278867783971e-01,2.712037445203667740e-01,4.688487393837303396e-01,5.760000000000000675e-01,5.379999999999999227e-01,3.411776807201261086e-01,4.850176078665524027e-01,6.119999999999999885e-01,5.379999999999999227e-01,0.000000000000000000e+00,-2.000000000000000111e-01
1.760437667846000000e+12,6.000000000000000000e+00,2.000000000000000000e+00,1.000000000000000000e+00,0.000000000000000000e+00,2.000000000000000000e+00,-2.854977409296568513e-01,2.507905969031122284e-01,-2.806408916438100642e-01,2.538479010970061123e-01,3.430971227145911406e-01,4.856645338789007393e-01,5.760000000000000675e-01,5.379999999999999227e-01,3.689314274265421689e-01,5.018407465450059890e-01,5.080000000000000071e-01,5.379999999999999227e-01,0.000000000000000000e+00,-2.000000000000000111e-01
1.760437668050000000e+12,6.000000000000000000e+00,2.000000000000000000e+00,1.000000000000000000e+00,0.000000000000000000e+00,2.000000000000000000e+00,-2.806408916438100642e-01,2.538479010970061123e-01,-2.837858191379465378e-01,2.569057701024982099e-01,3.689314274265421689e-01,5.018407465450059890e-01,5.760000000000000675e-01,5.379999999999999227e-01,3.522030896917736631e-01,5.180199476322656649e-01,4.080000000000000293e-01,5.379999999999999227e-01,0.000000000000000000e+00,-2.000000000000000111e-01
1.760437668252000000e+12,6.000000000000000000e+00,2.000000000000000000e+00,1.000000000000000000e+00,0.000000000000000000e+00,1.000000000000000000e+00,-2.837858191379465378e-01,2.569057701024982099e-01,-2.880031075207596936e-01,2.600865801678973188e-01,3.522030896917736631e-01,5.180199476322656649e-01,4.760000000000000342e-01,5.379999999999999227e-01,3.297707046768100780e-01,5.348496305179752941e-01,5.000000000000000000e-01,5.379999999999999227e-01,0.000000000000000000e+00,2.000000000000000111e-01
1.760437668456000000e+12,6.000000000000000000e+00,2.000000000000000000e+00,1.000000000000000000e+00,-1.000000000000000056e-01,0.000000000000000000e+00,-2.880031075207596936e-01,2.600865801678973188e-01,-2.877067371007581698e-01,2.621904949996769485e-01,3.297707046768100780e-01,5.348496305179752941e-01,5.720000000000000639e-01,5.379999999999999227e-01,3.313471430810734919e-01,5.459814550247458209e-01,5.040000000000000036e-01,5.020000000000000018e-01,-2.000000000000000042e-02,0.000000000000000000e+00
1.760437668659000000e+12,6.000000000000000000e+00,2.000000000000000000e+00,1.000000000000000000e+00,0.000000000000000000e+00,1.000000000000000000e+00,-2.877067371007581698e-01,2.621904949996769485e-01,-2.836341132920778829e-01,2.605006192722116309e-01,3.313471430810734919e-01,5.459814550247458209e-01,6.719999999999999307e-01,5.020000000000000018e-01,3.530100356804367068e-01,5.370403136095853736e-01,6.039999999999999813e-01,4.579999999999999627e-01,0.000000000000000000e+00,2.000000000000000111e-01
1.760437668861000000e+12,6.000000000000000000e+00,2.000000000000000000e+00,1.000000000000000000e+00,0.000000000000000000e+00,1.000000000000000000e+00,-2.836341132920778829e-01,2.605006192722116309e-01,-2.709186820563495579e-01,2.570240154316815184e-01,3.530100356804367068e-01,5.370403136095853736e-01,5.720000000000000639e-01,4.579999999999999627e-01,4.206453082109065655e-01,5.186455842946112726e-01,7.079999999999999627e-01,4.579999999999999627e-01,0.000000000000000000e+00,2.000000000000000111e-01
1.760437669066000000e+12,6.000000000000000000e+00,2.000000000000000000e+00,1.000000000000000000e+00,0.000000000000000000e+00,0.000000000000000000e+00,-2.709186820563495579e-01,2.570240154316815184e-01,-2.542976707653804569e-01,2.536791504924656437e-01,4.206453082109065655e-01,5.186455842946112726e-01,4.679999999999999716e-01,4.579999999999999627e-01,5.090549427373379787e-01,5.009478862035219304e-01,7.079999999999999627e-01,4.579999999999999627e-01,0.000000000000000000e+00,0.000000000000000000e+00
1.760437669268000000e+12,6.000000000000000000e+00,2.000000000000000000e+00,1.000000000000000000e+00,0.000000000000000000e+00,1.000000000000000000e+00,-2.542976707653804569e-01,2.536791504924656437e-01,-2.339048163779951506e-01,2.503320849673285609e-01,5.090549427373379787e-01,5.009478862035219304e-01,3.680000000000001048e-01,4.579999999999999627e-01,6.175275724574725844e-01,4.832385448006802919e-01,8.080000000000003846e-01,4.579999999999999627e-01,0.000000000000000000e+00,2.000000000000000111e-01
1.760437669471000000e+12,6.000000000000000000e+00,2.000000000000000000e+00,1.000000000000000000e+00,0.000000000000000000e+00,2.000000000000000000e+00,-2.339048163779951506e-01,2.503320849673285609e-01,-2.117420568862993235e-01,2.468496990087970522e-01,6.175275724574725844e-01,4.832385448006802919e-01,4.679999999999999716e-01,4.579999999999999627e-01,7.354145910303226952e-01,4.648132222687675341e-01,7.120000000000000773e-01,4.579999999999999627e-01,0.000000000000000000e+00,-2.000000000000000111e-01
1.760437669674000000e+12,6.000000000000000000e+00,2.000000000000000000e+00,1.000000000000000000e+00,0.000000000000000000e+00,1.000000000000000000e+00,-2.117420568862993235e-01,2.468496990087970522e-01,-1.910154099971866082e-01,2.435005256789940231e-01,7.354145910303226952e-01,4.648132222687675341e-01,5.720000000000000639e-01,4.579999999999999627e-01,8.456627127809223099e-01,4.470927284602858598e-01,8.120000000000002771e-01,4.579999999999999627e-01,0.000000000000000000e+00,2.000000000000000111e-01
1.760437669878000000e+12,6.000000000000000000e+00,2.000000000000000000e+00,1.000000000000000000e+00,0.000000000000000000e+00,0.000000000000000000e+00,-1.910154099971866082e-01,2.435005256789940231e-01,-1.660665599756947219e-01,2.401486851784378762e-01,8.456627127809223099e-01,4.470927284602858598e-01,4.720000000000000306e-01,4.579999999999999627e-01,9.783693618314110996e-01,4.293581226372374937e-01,8.120000000000002771e-01,4.579999999999999627e-01,0.000000000000000000e+00,0.000000000000000000e+00
1.760437670082000000e+12,6.000000000000000000e+00,2.000000000000000000e+00,1.000000000000000000e+00,1.000000000000000056e-01,0.000000000000000000e+00,-1.650684460148543753e-01,2.400145932298807794e-01,-1.629519612707435727e-01,2.387120608465787830e-01,9.836784786443916184e-01,4.286486414279406798e-01,5.720000000000000639e-01,4.599999999999999645e-01,9.949363762194490812e-01,4.217569356961841098e-01,5.000000000000000000e-01,5.100000000000000089e-01,2.000000000000000042e-02,0.000000000000000000e+00
1.760437670285000000e+12,6.000000000000000000e+00,2.000000000000000000e+00,1.000000000000000000e+00,0.000000000000000000e+00,0.000000000000000000e+00,-1.629519612707435727e-01,2.387120608465787830e-01,-1.629569307774490494e-01,2.407580854753813837e-01,9.949363762194490812e-01,4.217569356961841098e-01,4.760000000000000342e-01,5.100000000000000089e-01,9.949099426731433660e-01,4.325824628327057941e-01,5.000000000000000000e-01,5.300000000000000266e-01,0.000000000000000000e+00,0.000000000000000000e+00
1.760437670489000000e+12,6.000000000000000000e+00,2.000000000000000000e+00,1.000000000000000000e+00,0.000000000000000000e+00,2.000000000000000000e+00,-1.629569307774490494e-01,2.407580854753813837e-01,-1.667288726378455821e-01,2.432679733414745415e-01,9.949099426731433660e-01,4.325824628327057941e-01,5.760000000000000675e-01,5.300000000000000266e-01,9.748464221391193174e-01,4.458622928120346551e-01,4.040000000000000258e-01,5.300000000000000266e-01,0.000000000000000000e+00,-2.000000000000000111e-01
1.760437670692000000e+12,6.000000000000000000e+00,2.000000000000000000e+00,1.000000000000000000e+00,0.000000000000000000e+00,1.000000000000000000e+00,-1.667288726378455821e-01,2.432679733414745415e-01,-1.709571541618699897e-01,2.456816319258006420e-01,9.748464221391193174e-01,4.458622928120346551e-01,4.760000000000000342e-01,5.300000000000000266e-01,9.523555629687766588e-01,4.586329731523843822e-01,5.000000000000000000e-01,5.300000000000000266e-01,0.000000000000000000e+00,2.000000000000000111e-01
1.760437670896000000e+12,6.000000000000000000e+00,2.000000000000000000e+00,1.000000000000000000e+00,0.000000000000000000e+00,1.000000000000000000e+00,-1.709571541618699897e-01,2.456816319258006420e-01,-1.671934588092062468e-01,2.480955723109333766e-01,9.523555629687766588e-01,4.586329731523843822e-01,3.720000000000001084e-01,5.300000000000000266e-01,9.723752190999668255e-01,4.714051445022930387e-01,5.999999999999999778e-01,5.300000000000000266e-01,0.000000000000000000e+00,2.000000000000000111e-01
1.760437671098000000e+12,6.000000000000000000e+00,2.000000000000000000e+00,1.000000000000000000e+00,0.000000000000000000e+00,2.000000000000000000e+00,-1.668752918625764914e-01,2.481921185747197056e-01,-1.623306184836746657e-01,2.506062418529556024e-01,9.740675964756569938e-01,4.719159712948133301e-01,2.719999999999999085e-01,5.300000000000000266e-01,9.982413910442836658e-01,4.846891103330984718e-01,5.080000000000000071e-01,5.300000000000000266e-01,0.000000000000000000e+00,-2.000000000000000111e-01
1.760437671300000000e+12,6.000000000000000000e+00,2.000000000000000000e+00,1.000000000000000000e+00,0.000000000000000000e+00,2.000000000000000000e+00,-1.623306184836746657e-01,2.506062418529556024e-01,-1.657830547920774167e-01,2.530207363359145978e-01,9.982413910442836658e-01,4.846891103330984718e-01,1.719999999999997919e-01,5.300000000000000266e-01,9.798773681272477942e-01,4.974642134175376040e-01,4.040000000000000258e-01,5.300000000000000266e-01,0.000000000000000000e+00,-2.000000000000000111e-01
1.760437671504000000e+12,6.000000000000000000e+00,2.000000000000000000e+00,1.000000000000000000e+00,-1.000000000000000056e-01,0.000000000000000000e+00,-1.657830547920774167e-01,2.530207363359145978e-01,-1.734666717568421612e-01,2.553464389878160046e-01,9.798773681272477942e-01,4.974642134175376040e-01,5.000000000000000000e-01,5.300000000000000266e-01,9.390070651231799959e-01,5.097695184540529389e-01,4.040000000000000258e-01,5.180000000000000160e-01,-2.000000000000000042e-02,0.000000000000000000e+00
1.760437671706000000e+12,6.000000000000000000e+00,2.000000000000000000e+00,1.000000000000000000e+00,-1.000000000000000056e-01,2.000000000000000000e+00,-1.734666717568421612e-01,2.553464389878160046e-01,-1.852264738422391699e-01,2.548194677607393266e-01,9.390070651231799959e-01,5.097695184540529389e-01,5.000000000000000000e-01,5.180000000000000160e-01,8.764549263710682547e-01,5.069813109033827203e-01,3.080000000000000515e-01,4.679999999999999716e-01,-2.000000000000000042e-02,-2.000000000000000111e-01
1.760437671910000000e+12,6.000000000000000000e+00,2.000000000000000000e+00,1.000000000000000000e+00,0.000000000000000000e+00,0.000000000000000000e+00,-1.852264738422391699e-01,2.548194677607393266e-01,-2.009112971503629885e-01,2.508811851650722402e-01,8.764549263710682547e-01,5.069813109033827203e-01,5.999999999999999778e-01,4.660000000000000253e-01,7.930250151576436757e-01,4.861438368522341125e-01,3.039999999999999925e-01,4.460000000000000075e-01,0.000000000000000000e+00,0.000000000000000000e+00
1.760437672112000000e+12,6.000000000000000000e+00,2.000000000000000000e+00,1.000000000000000000e+00,0.000000000000000000e+00,0.000000000000000000e+00,-2.009112971503629885e-01,2.508811851650722402e-01,-2.166002588732399148e-01,2.465738543249874626e-01,7.930250151576436757e-01,4.861438368522341125e-01,5.040000000000000036e-01,4.460000000000000075e-01,7.095730910997877228e-01,4.633537265872352817e-01,3.039999999999999925e-01,4.460000000000000075e-01,0.000000000000000000e+00,0.000000000000000000e+00
1.760437672316000000e+12,6.000000000000000000e+00,2.000000000000000000e+00,1.000000000000000000e+00,1.000000000000000056e-01,0.000000000000000000e+00,-2.166002588732399148e-01,2.465738543249874626e-01,-2.329180604047412784e-01,2.427460724843607809e-01,7.095730910997877228e-01,4.633537265872352817e-01,5.040000000000000036e-01,4.460000000000000075e-01,6.227762744428655406e-01,4.431009126156655320e-01,3.039999999999999925e-01,4.760000000000000342e-01,2.000000000000000042e-02,0.000000000000000000e+00
1.760437672520000000e+12,6.000000000000000000e+00,2.000000000000000000e+00,1.000000000000000000e+00,0.000000000000000000e+00,1.000000000000000000e+00,-2.329180604047412784e-01,2.427460724843607809e-01,-2.448369964700755075e-01,2.426653227780126709e-01,6.227762744428655406e-01,4.431009126156655320e-01,5.040000000000000036e-01,4.760000000000000342e-01,5.593776783506622108e-01,4.426736654921306080e-01,4.040000000000000258e-01,5.160000000000000142e-01,0.000000000000000000e+00,2.000000000000000111e-01
0.000000000000000000e+00,0.000000000000000000e+00,0.000000000000000000e+00,0.000000000000000000e+00,0.000000000000000000e+00,0.000000000000000000e+00,0.000000000000000000e+00,0.000000000000000000e+00,0.000000000000000000e+00,0.000000000000000000e+00,0.000000000000000000e+00,0.000000000000000000e+00,0.000000000000000000e+00,0.000000000000000000e+00,0.000000000000000000e+00,0.000000000000000000e+00,0.000000000000000000e+00,0.000000000000000000e+00,0.000000000000000000e+00,0.000000000000000000e+00
1.760437678247000000e+12,7.000000000000000000e+00,2.000000000000000000e+00,1.000000000000000000e+00,0.000000000000000000e+00,1.000000000000000000e+00,-2.460021754576410813e-01,2.428724759286109980e-01,-3.349229670186037455e-01,3.225834371380767451e-01,5.531799177785048371e-01,4.437697139079947450e-01,5.000000000000000000e-01,5.160000000000000142e-01,8.019698394359699167e-02,8.655208314183955309e-01,5.160000000000000142e-01,5.160000000000000142e-01,0.000000000000000000e+00,2.000000000000000111e-01
1.760437678449000000e+12,7.000000000000000000e+00,2.000000000000000000e+00,1.000000000000000000e+00,-1.000000000000000056e-01,2.000000000000000000e+00,-3.348767172920424917e-01,3.226361031284956660e-01,-3.370901770410655862e-01,3.239368200328056058e-01,8.044299312743344310e-02,8.657994874523581297e-01,5.000000000000000000e-01,5.160000000000000142e-01,6.866927105816167387e-02,8.726815874751620017e-01,4.199999999999999289e-01,5.100000000000000089e-01,-2.000000000000000042e-02,-2.000000000000000111e-01
1.760437678652000000e+12,7.000000000000000000e+00,2.000000000000000000e+00,1.000000000000000000e+00,-1.000000000000000056e-01,2.000000000000000000e+00,-3.370901770410655862e-01,3.239368200328056058e-01,-3.473083302580555198e-01,3.228869884722653794e-01,6.866927105816167387e-02,8.726815874751620017e-01,4.000000000000000777e-01,5.100000000000000089e-01,1.431739224438541638e-02,8.671269231336793393e-01,3.200000000000000622e-01,4.599999999999999645e-01,-2.000000000000000042e-02,-2.000000000000000111e-01
1.760437678856000000e+12,7.000000000000000000e+00,2.000000000000000000e+00,1.000000000000000000e+00,-1.000000000000000056e-01,0.000000000000000000e+00,-3.473083302580555198e-01,3.228869884722653794e-01,-3.498425030750250131e-01,3.175532411111232634e-01,1.431739224438541638e-02,8.671269231336793393e-01,2.999999999999999889e-01,4.599999999999999645e-01,8.377496009306634574e-04,8.389060376249909412e-01,5.000000000000000000e-01,4.080000000000000293e-01,-2.000000000000000042e-02,0.000000000000000000e+00
1.760437679060000000e+12,7.000000000000000000e+00,2.000000000000000000e+00,1.000000000000000000e+00,-1.000000000000000056e-01,2.000000000000000000e+00,-3.498425030750250131e-01,3.175532411111232634e-01,-3.498866136311317709e-01,3.083434876777265132e-01,8.377496009306634574e-04,8.389060376249909412e-01,1.959999999999997300e-01,4.080000000000000293e-01,6.031189833415258631e-04,7.901771834800345173e-01,5.000000000000000000e-01,3.579999999999998739e-01,-2.000000000000000042e-02,-2.000000000000000111e-01
1.760437679263000000e+12,7.000000000000000000e+00,2.000000000000000000e+00,1.000000000000000000e+00,0.000000000000000000e+00,0.000000000000000000e+00,-3.498866136311317709e-01,3.083434876777265132e-01,-3.499262072318251593e-01,2.954677700365511694e-01,6.031189833415258631e-04,7.901771834800345173e-01,9.600000000000025180e-02,3.579999999999998739e-01,3.925147243341410097e-04,7.220516933150856742e-01,5.000000000000000000e-01,3.299999999999999045e-01,0.000000000000000000e+00,0.000000000000000000e+00
1.760437679465000000e+12,7.000000000000000000e+00,2.000000000000000000e+00,1.000000000000000000e+00,0.000000000000000000e+00,1.000000000000000000e+00,-3.499262072318251593e-01,2.954677700365511694e-01,-3.462028278160015349e-01,2.813525991095117695e-01,3.925147243341410097e-04,7.220516933150856742e-01,-7.450580569168252509e-09,3.299999999999999045e-01,2.019772438297044378e-02,6.473682492566761315e-01,5.959999999999999742e-01,3.299999999999999045e-01,0.000000000000000000e+00,2.000000000000000111e-01
1.760437679668000000e+12,7.000000000000000000e+00,2.000000000000000000e+00,1.000000000000000000e+00,0.000000000000000000e+00,2.000000000000000000e+00,-3.462028278160015349e-01,2.813525991095117695e-01,-3.420084805517236148e-01,2.677771831726349361e-01,2.019772438297044378e-02,6.473682492566761315e-01,9.999999254941882576e-02,3.299999999999999045e-01,4.250808217168278863e-02,5.755406517070632555e-01,5.000000000000000000e-01,3.299999999999999045e-01,0.000000000000000000e+00,-2.000000000000000111e-01
1.760437679871000000e+12,7.000000000000000000e+00,2.000000000000000000e+00,1.000000000000000000e+00,1.000000000000000056e-01,1.000000000000000000e+00,-3.420084805517236148e-01,2.677771831726349361e-01,-3.382630203338706232e-01,2.548514661660157832e-01,4.250808217168278863e-02,5.755406517070632555e-01,2.039999925494183630e-01,3.299999999999999045e-01,6.243074290494338152e-02,5.071506146350042155e-01,5.999999999999999778e-01,3.599999999999998757e-01,2.000000000000000042e-02,2.000000000000000111e-01
1.760437680078000000e+12,7.000000000000000000e+00,2.000000000000000000e+00,1.000000000000000000e+00,1.000000000000000056e-01,0.000000000000000000e+00,-3.379457252600578387e-01,2.544035022774027710e-01,-3.296553558826584851e-01,2.452664095348369711e-01,6.411848265926670121e-02,5.047804353301734714e-01,5.000000000000000000e-01,3.599999999999998757e-01,1.082161921135186000e-01,4.564360292848517742e-01,6.039999999999999813e-01,4.120000000000000329e-01,2.000000000000000042e-02,0.000000000000000000e+00
1.760437680281000000e+12,7.000000000000000000e+00,2.000000000000000000e+00,1.000000000000000000e+00,0.000000000000000000e+00,1.000000000000000000e+00,-3.296553558826584851e-01,2.452664095348369711e-01,-3.175848480315742739e-01,2.385408130232933577e-01,1.082161921135186000e-01,4.564360292848517742e-01,5.000000000000000000e-01,4.120000000000000329e-01,1.724210211086473765e-01,4.208508625571077411e-01,7.039999999999999591e-01,4.160000000000000364e-01,0.000000000000000000e+00,2.000000000000000111e-01
1.760437680483000000e+12,7.000000000000000000e+00,2.000000000000000000e+00,1.000000000000000000e+00,1.000000000000000056e-01,2.000000000000000000e+00,-3.175848480315742739e-01,2.385408130232933577e-01,-3.050567857541225947e-01,2.321113816837669097e-01,1.724210211086473765e-01,4.208508625571077411e-01,5.999999999999999778e-01,4.160000000000000364e-01,2.390596502440286708e-01,3.868327073215180878e-01,6.039999999999999813e-01,4.360000000000000542e-01,2.000000000000000042e-02,-2.000000000000000111e-01
1.760437680688000000e+12,7.000000000000000000e+00,2.000000000000000000e+00,1.000000000000000000e+00,1.000000000000000056e-01,2.000000000000000000e+00,-3.047215837197769783e-01,2.319056236900286505e-01,-3.005108246388537019e-01,2.288463067975300413e-01,2.408426397884202430e-01,3.857440406879822925e-01,5.000000000000000000e-01,4.380000000000000560e-01,2.632402944741823458e-01,3.695571788229103372e-01,5.000000000000000000e-01,4.879999999999999893e-01,2.000000000000000042e-02,-2.000000000000000111e-01
1.760437680891000000e+12,7.000000000000000000e+00,2.000000000000000000e+00,1.000000000000000000e+00,0.000000000000000000e+00,2.000000000000000000e+00,-3.005108246388537019e-01,2.288463067975300413e-01,-3.043000539933228277e-01,2.281979080211773425e-01,2.632402944741823458e-01,3.695571788229103372e-01,6.039999999999999813e-01,4.879999999999999893e-01,2.430848191844529604e-01,3.661264974665467964e-01,4.000000000000000777e-01,4.919999999999999929e-01,0.000000000000000000e+00,-2.000000000000000111e-01
1.760437681095000000e+12,7.000000000000000000e+00,2.000000000000000000e+00,1.000000000000000000e+00,1.000000000000000056e-01,0.000000000000000000e+00,-3.046192527329213973e-01,2.281729200865227347e-01,-3.129566211856070201e-01,2.276378592657529731e-01,2.413869535482903450e-01,3.659942861720780205e-01,5.040000000000000036e-01,4.919999999999999929e-01,1.970392490127285401e-01,3.631632765383755457e-01,3.960000000000000187e-01,5.040000000000000036e-01,2.000000000000000042e-02,0.000000000000000000e+00
1.760437681298000000e+12,7.000000000000000000e+00,2.000000000000000000e+00,1.000000000000000000e+00,0.000000000000000000e+00,0.000000000000000000e+00,-3.129566211856070201e-01,2.276378592657529731e-01,-3.212984553901832019e-01,2.298569001747006457e-01,1.970392490127285401e-01,3.631632765383755457e-01,4.040000000000000258e-01,5.040000000000000036e-01,1.526677904777488382e-01,3.749042337285748983e-01,3.960000000000000187e-01,5.540000000000000480e-01,0.000000000000000000e+00,0.000000000000000000e+00
1.760437681503000000e+12,7.000000000000000000e+00,2.000000000000000000e+00,1.000000000000000000e+00,0.000000000000000000e+00,2.000000000000000000e+00,-3.212984553901832019e-01,2.298569001747006457e-01,-3.337451635367132408e-01,2.343649932552930026e-01,1.526677904777488382e-01,3.749042337285748983e-01,4.040000000000000258e-01,5.540000000000000480e-01,8.646189608131243931e-02,3.987565780703333784e-01,2.999999999999999889e-01,5.540000000000000480e-01,0.000000000000000000e+00,-2.000000000000000111e-01
1.760437681707000000e+12,7.000000000000000000e+00,2.000000000000000000e+00,1.000000000000000000e+00,0.000000000000000000e+00,0.000000000000000000e+00,-3.337451635367132408e-01,2.343649932552930026e-01,-3.495169578654809261e-01,2.387016547730213822e-01,8.646189608131243931e-02,3.987565780703333784e-01,5.000000000000000000e-01,5.540000000000000480e-01,2.569373055952402663e-03,4.217018771059332649e-01,5.000000000000000000e-01,5.540000000000000480e-01,0.000000000000000000e+00,0.000000000000000000e+00
1.760437681909000000e+12,7.000000000000000000e+00,2.000000000000000000e+00,1.000000000000000000e+00,0.000000000000000000e+00,1.000000000000000000e+00,-3.495169578654809261e-01,2.387016547730213822e-01,-3.457788228792229024e-01,2.430406812938321059e-01,2.569373055952402663e-03,4.217018771059332649e-01,5.000000000000000000e-01,5.540000000000000480e-01,2.245306979136742556e-02,4.446596893853551058e-01,5.999999999999999778e-01,5.540000000000000480e-01,0.000000000000000000e+00,2.000000000000000111e-01
1.760437682113000000e+12,7.000000000000000000e+00,2.000000000000000000e+00,1.000000000000000000e+00,0.000000000000000000e+00,1.000000000000000000e+00,-3.457788228792229024e-01,2.430406812938321059e-01,-3.334036747222828279e-01,2.475523415473576683e-01,2.245306979136742556e-02,4.446596893853551058e-01,5.000000000000000000e-01,5.540000000000000480e-01,8.827832594530400645e-02,4.685309076579771137e-01,7.000000000000000666e-01,5.540000000000000480e-01,0.000000000000000000e+00,2.000000000000000111e-01
1.760437682316000000e+12,7.000000000000000000e+00,2.000000000000000000e+00,1.000000000000000000e+00,-1.000000000000000056e-01,2.000000000000000000e+00,-3.334036747222828279e-01,2.475523415473576683e-01,-3.208826808579310352e-01,2.505758936788144431e-01,8.827832594530400645e-02,4.685309076579771137e-01,5.999999999999999778e-01,5.540000000000000480e-01,1.548793571386646029e-01,4.845285379831452688e-01,6.039999999999999813e-01,5.120000000000000107e-01,-2.000000000000000042e-02,-2.000000000000000111e-01
1.760437682519000000e+12,7.000000000000000000e+00,2.000000000000000000e+00,1.000000000000000000e+00,0.000000000000000000e+00,2.000000000000000000e+00,-3.208826808579310352e-01,2.505758936788144431e-01,-3.163524300578990922e-01,2.500084207105307543e-01,1.548793571386646029e-01,4.845285379831452688e-01,5.000000000000000000e-01,5.120000000000000107e-01,1.789764358622387697e-01,4.815260355054537533e-01,5.040000000000000036e-01,4.839999999999999858e-01,0.000000000000000000e+00,-2.000000000000000111e-01
1.760437682721000000e+12,7.000000000000000000e+00,2.000000000000000000e+00,1.000000000000000000e+00,0.000000000000000000e+00,2.000000000000000000e+00,-3.163524300578990922e-01,2.500084207105307543e-01,-3.201269242018778827e-01,2.486967351193414277e-01,1.789764358622387697e-01,4.815260355054537533e-01,6.039999999999999813e-01,4.839999999999999858e-01,1.588993393517132979e-01,4.745859001023356449e-01,4.040000000000000258e-01,4.839999999999999858e-01,0.000000000000000000e+00,-2.000000000000000111e-01
1.760437682925000000e+12,7.000000000000000000e+00,2.000000000000000000e+00,1.000000000000000000e+00,0.000000000000000000e+00,0.000000000000000000e+00,-3.201269242018778827e-01,2.486967351193414277e-01,-3.281494010648597359e-01,2.474352212281390462e-01,1.588993393517132979e-01,4.745859001023356449e-01,7.039999999999999591e-01,4.839999999999999858e-01,1.162265900805332236e-01,4.679112234293071881e-01,4.000000000000000777e-01,4.839999999999999858e-01,0.000000000000000000e+00,0.000000000000000000e+00
1.760437683129000000e+12,7.000000000000000000e+00,2.000000000000000000e+00,1.000000000000000000e+00,0.000000000000000000e+00,0.000000000000000000e+00,-3.281494010648597359e-01,2.474352212281390462e-01,-3.361764886376479300e-01,2.461739038135620783e-01,1.162265900805332236e-01,4.679112234293071881e-01,6.039999999999999813e-01,4.839999999999999858e-01,7.352931575719175161e-02,4.612375863151433331e-01,4.000000000000000777e-01,4.839999999999999858e-01,0.000000000000000000e+00,0.000000000000000000e+00
1.760437683333000000e+12,7.000000000000000000e+00,2.000000000000000000e+00,1.000000000000000000e+00,0.000000000000000000e+00,0.000000000000000000e+00,-3.364976044697975954e-01,2.461234564214607734e-01,-3.445262174145841128e-01,2.448623482977433097e-01,7.182125282022544521e-02,4.609706688966179189e-01,5.040000000000000036e-01,4.839999999999999858e-01,2.911586481604183999e-02,4.542981391414990244e-01,4.000000000000000777e-01,4.839999999999999858e-01,0.000000000000000000e+00,0.000000000000000000e+00
1.760437683536000000e+12,7.000000000000000000e+00,2.000000000000000000e+00,1.000000000000000000e+00,0.000000000000000000e+00,1.000000000000000000e+00,-3.445262174145841128e-01,2.448623482977433097e-01,-3.487835115609885794e-01,2.436017655186896447e-01,2.911586481604183999e-02,4.542981391414990244e-01,4.000000000000000777e-01,4.839999999999999858e-01,6.470683186230842890e-03,4.476283889877759603e-01,5.000000000000000000e-01,4.839999999999999858e-01,0.000000000000000000e+00,2.000000000000000111e-01
1.760437683740000000e+12,7.000000000000000000e+00,2.000000000000000000e+00,1.000000000000000000e+00,0.000000000000000000e+00,1.000000000000000000e+00,-3.487835115609885794e-01,2.436017655186896447e-01,-3.447329462534579059e-01,2.422906120865724044e-01,6.470683186230842890e-03,4.476283889877759603e-01,2.999999999999999889e-01,4.839999999999999858e-01,2.801624333267059910e-02,4.406910692411238895e-01,6.039999999999999813e-01,4.839999999999999858e-01,0.000000000000000000e+00,2.000000000000000111e-01
1.760437683943000000e+12,7.000000000000000000e+00,2.000000000000000000e+00,1.000000000000000000e+00,0.000000000000000000e+00,1.000000000000000000e+00,-3.447329462534579059e-01,2.422906120865724044e-01,-3.326769933972458793e-01,2.410282738915143219e-01,2.801624333267059910e-02,4.406910692411238895e-01,1.959999999999997300e-01,4.839999999999999858e-01,9.214365214230904599e-02,4.340120311720335189e-01,7.039999999999999591e-01,4.839999999999999858e-01,0.000000000000000000e+00,2.000000000000000111e-01
1.760437684146000000e+12,7.000000000000000000e+00,2.000000000000000000e+00,1.000000000000000000e+00,0.000000000000000000e+00,2.000000000000000000e+00,-3.326769933972458793e-01,2.410282738915143219e-01,-3.201557315079106014e-01,2.397650299218817282e-01,9.214365214230904599e-02,4.340120311720335189e-01,5.000000000000000000e-01,4.839999999999999858e-01,1.587461090004754216e-01,4.273282006448769210e-01,6.039999999999999813e-01,4.839999999999999858e-01,0.000000000000000000e+00,-2.000000000000000111e-01
1.760437684351000000e+12,7.000000000000000000e+00,2.000000000000000000e+00,1.000000000000000000e+00,1.000000000000000056e-01,1.000000000000000000e+00,-3.198206750890028593e-01,2.397145166734307997e-01,-3.080653784548389451e-01,2.387891570147410436e-01,1.605283239946655449e-01,4.270609347800571887e-01,5.999999999999999778e-01,4.839999999999999858e-01,2.230564975806438310e-01,4.221648519298468183e-01,7.000000000000000666e-01,5.060000000000000053e-01,2.000000000000000042e-02,2.000000000000000111e-01
1.760437684554000000e+12,7.000000000000000000e+00,2.000000000000000000e+00,1.000000000000000000e+00,0.000000000000000000e+00,1.000000000000000000e+00,-3.080653784548389451e-01,2.387891570147410436e-01,-2.883185489167115478e-01,2.411498029441685176e-01,2.230564975806438310e-01,4.221648519298468183e-01,5.040000000000000036e-01,5.060000000000000053e-01,3.280928249111086936e-01,4.346550420326377173e-01,8.000000000000002665e-01,5.499999999999999334e-01,0.000000000000000000e+00,2.000000000000000111e-01
1.760437684757000000e+12,7.000000000000000000e+00,2.000000000000000000e+00,1.000000000000000000e+00,0.000000000000000000e+00,2.000000000000000000e+00,-2.883185489167115478e-01,2.411498029441685176e-01,-2.668319959061489222e-01,2.453229665475894772e-01,3.280928249111086936e-01,4.346550420326377173e-01,4.040000000000000258e-01,5.499999999999999334e-01,4.423830004992078124e-01,4.567352727385687317e-01,7.039999999999999591e-01,5.499999999999999334e-01,0.000000000000000000e+00,-2.000000000000000111e-01
1.760437684961000000e+12,7.000000000000000000e+00,2.000000000000000000e+00,1.000000000000000000e+00,-1.000000000000000056e-01,1.000000000000000000e+00,-2.668319959061489222e-01,2.453229665475894772e-01,-2.467541019442415218e-01,2.476029591501651972e-01,4.423830004992078124e-01,4.567352727385687317e-01,5.040000000000000036e-01,5.499999999999999334e-01,5.491803088072259031e-01,4.687987256622497823e-01,8.040000000000002700e-01,5.020000000000000018e-01,-2.000000000000000042e-02,2.000000000000000111e-01
1.760437685165000000e+12,7.000000000000000000e+00,2.000000000000000000e+00,1.000000000000000000e+00,0.000000000000000000e+00,2.000000000000000000e+00,-2.467541019442415218e-01,2.476029591501651972e-01,-2.255673158150645896e-01,2.469277368849164267e-01,5.491803088072259031e-01,4.687987256622497823e-01,5.000000000000000000e-01,5.020000000000000018e-01,6.618759797071032125e-01,4.652261210842139616e-01,7.039999999999999591e-01,4.899999999999999911e-01,0.000000000000000000e+00,-2.000000000000000111e-01
1.760437685368000000e+12,7.000000000000000000e+00,2.000000000000000000e+00,1.000000000000000000e+00,0.000000000000000000e+00,0.000000000000000000e+00,-2.255673158150645896e-01,2.469277368849164267e-01,-2.095748572400731313e-01,2.461408562705893477e-01,6.618759797071032125e-01,4.652261210842139616e-01,5.999999999999999778e-01,4.899999999999999911e-01,7.469422487230152896e-01,4.610627315904198831e-01,7.000000000000000666e-01,4.899999999999999911e-01,0.000000000000000000e+00,0.000000000000000000e+00
1.760437685572000000e+12,7.000000000000000000e+00,2.000000000000000000e+00,1.000000000000000000e+00,0.000000000000000000e+00,0.000000000000000000e+00,-2.095748572400731313e-01,2.461408562705893477e-01,-1.935840997351793713e-01,2.453534883959448964e-01,7.469422487230152896e-01,4.610627315904198831e-01,4.960000000000000520e-01,4.899999999999999911e-01,8.319994694937267177e-01,4.568967639997085217e-01,7.000000000000000666e-01,4.899999999999999911e-01,0.000000000000000000e+00,0.000000000000000000e+00
1.760437685774000000e+12,7.000000000000000000e+00,2.000000000000000000e+00,1.000000000000000000e+00,0.000000000000000000e+00,0.000000000000000000e+00,-1.935840997351793713e-01,2.453534883959448964e-01,-1.769522619008946085e-01,2.445341381915909218e-01,8.319994694937267177e-01,4.568967639997085217e-01,5.959999999999999742e-01,4.899999999999999911e-01,9.204666920165180954e-01,4.525615777332853695e-01,7.000000000000000666e-01,4.899999999999999911e-01,0.000000000000000000e+00,0.000000000000000000e+00
1.760437685978000000e+12,7.000000000000000000e+00,2.000000000000000000e+00,1.000000000000000000e+00,0.000000000000000000e+00,2.000000000000000000e+00,-1.769522619008946085e-01,2.445341381915909218e-01,-1.647267137537838932e-01,2.437468292821994287e-01,9.204666920165180954e-01,4.525615777332853695e-01,6.959999999999999520e-01,4.899999999999999911e-01,9.854962034373196955e-01,4.483959221280393592e-01,5.999999999999999778e-01,4.899999999999999911e-01,0.000000000000000000e+00,-2.000000000000000111e-01
1.760437686181000000e+12,7.000000000000000000e+00,2.000000000000000000e+00,1.000000000000000000e+00,0.000000000000000000e+00,2.000000000000000000e+00,-1.647267137537838932e-01,2.437468292821994287e-01,-1.633306459865077054e-01,2.429604945721625664e-01,9.854962034373196955e-01,4.483959221280393592e-01,6.959999999999999520e-01,4.899999999999999911e-01,9.929220958164484134e-01,4.442354210167331896e-01,4.399999999999999467e-01,4.899999999999999911e-01,0.000000000000000000e+00,-2.000000000000000111e-01
1.760437686384000000e+12,7.000000000000000000e+00,2.000000000000000000e+00,1.000000000000000000e+00,0.000000000000000000e+00,1.000000000000000000e+00,-1.635196653815745305e-01,2.429290386709891392e-01,-1.648724253577623922e-01,2.421427702698396578e-01,9.919166735022632020e-01,4.440689876771912736e-01,5.959999999999999742e-01,4.899999999999999911e-01,9.847211417140298018e-01,4.399088374065590612e-01,5.360000000000000320e-01,4.899999999999999911e-01,0.000000000000000000e+00,2.000000000000000111e-01
1.760437686588000000e+12,7.000000000000000000e+00,2.000000000000000000e+00,1.000000000000000000e+00,0.000000000000000000e+00,1.000000000000000000e+00,-1.648724253577623922e-01,2.421427702698396578e-01,-1.621066482419339927e-01,2.413563183841289650e-01,9.847211417140298018e-01,4.399088374065590612e-01,6.959999999999999520e-01,4.899999999999999911e-01,9.994327221173724407e-01,4.357477163181427415e-01,5.000000000000000000e-01,4.899999999999999911e-01,0.000000000000000000e+00,2.000000000000000111e-01
1.760437686791000000e+12,7.000000000000000000e+00,2.000000000000000000e+00,1.000000000000000000e+00,0.000000000000000000e+00,2.000000000000000000e+00,-1.621066482419339927e-01,2.413563183841289650e-01,-1.658863864969391810e-01,2.405697263884501169e-01,9.994327221173724407e-01,4.357477163181427415e-01,7.000000000000000666e-01,4.899999999999999911e-01,9.793277313992596600e-01,4.315858539071435462e-01,4.000000000000000777e-01,4.899999999999999911e-01,0.000000000000000000e+00,-2.000000000000000111e-01
1.760437686995000000e+12,7.000000000000000000e+00,2.000000000000000000e+00,1.000000000000000000e+00,0.000000000000000000e+00,0.000000000000000000e+00,-1.662034073749828478e-01,2.405382454091082034e-01,-1.745260317402386185e-01,2.397512067826838289e-01,9.776414501330700224e-01,4.314192878788794538e-01,5.999999999999999778e-01,4.899999999999999911e-01,9.333721715944754971e-01,4.272550623422425309e-01,3.960000000000000187e-01,4.899999999999999911e-01,0.000000000000000000e+00,0.000000000000000000e+00
1.760437687197000000e+12,7.000000000000000000e+00,2.000000000000000000e+00,1.000000000000000000e+00,0.000000000000000000e+00,2.000000000000000000e+00,-1.745260317402386185e-01,2.397512067826838289e-01,-1.866270183372728264e-01,2.389634765422522511e-01,9.333721715944754971e-01,4.272550623422425309e-01,7.000000000000000666e-01,4.899999999999999911e-01,8.690052216102509552e-01,4.230871774722341772e-01,2.959999999999999853e-01,4.899999999999999911e-01,0.000000000000000000e+00,-2.000000000000000111e-01
1.760437687400000000e+12,7.000000000000000000e+00,2.000000000000000000e+00,1.000000000000000000e+00,0.000000000000000000e+00,1.000000000000000000e+00,-1.866270183372728264e-01,2.389634765422522511e-01,-1.997882834777633954e-01,2.381756922431715884e-01,8.690052216102509552e-01,4.230871774722341772e-01,5.999999999999999778e-01,4.899999999999999911e-01,7.989984921395564266e-01,4.189190065776274841e-01,3.880000000000000115e-01,4.899999999999999911e-01,0.000000000000000000e+00,2.000000000000000111e-01
1.760437687603000000e+12,7.000000000000000000e+00,2.000000000000000000e+00,1.000000000000000000e+00,0.000000000000000000e+00,2.000000000000000000e+00,-2.001502037852077032e-01,2.381442199323829945e-01,-2.125715737941192285e-01,2.373567838874424130e-01,7.970733841212356285e-01,4.187524864147249004e-01,4.960000000000000520e-01,4.899999999999999911e-01,7.310022670525573307e-01,4.145861581346159674e-01,2.919999999999999818e-01,4.899999999999999911e-01,0.000000000000000000e+00,-2.000000000000000111e-01
1.760437687807000000e+12,7.000000000000000000e+00,2.000000000000000000e+00,1.000000000000000000e+00,1.000000000000000056e-01,2.000000000000000000e+00,-2.125715737941192285e-01,2.373567838874424130e-01,-2.329914886011009711e-01,2.371321808231383610e-01,7.310022670525573307e-01,4.145861581346159674e-01,4.960000000000000520e-01,4.899999999999999911e-01,6.223856989303139242e-01,4.133977821330072633e-01,1.919999999999997264e-01,5.180000000000000160e-01,2.000000000000000042e-02,-2.000000000000000111e-01
1.760437688010000000e+12,7.000000000000000000e+00,2.000000000000000000e+00,1.000000000000000000e+00,0.000000000000000000e+00,0.000000000000000000e+00,-2.339743514671611402e-01,2.371885610109454312e-01,-2.589455836645239706e-01,2.405579618456462343e-01,6.171577049619088040e-01,4.136960900050023482e-01,3.920000000000000151e-01,5.180000000000000160e-01,4.843320017844469083e-01,4.315236076489219474e-01,1.879999999999997229e-01,5.560000000000000497e-01,0.000000000000000000e+00,0.000000000000000000e+00
1.760437688214000000e+12,7.000000000000000000e+00,2.000000000000000000e+00,1.000000000000000000e+00,0.000000000000000000e+00,1.000000000000000000e+00,-2.589455836645239706e-01,2.405579618456462343e-01,-2.801482747631958703e-01,2.450508538023712379e-01,4.843320017844469083e-01,4.315236076489219474e-01,4.919999999999999929e-01,5.560000000000000497e-01,3.715517299830006226e-01,4.552955227638690316e-01,2.879999999999999782e-01,5.560000000000000497e-01,0.000000000000000000e+00,2.000000000000000111e-01
1.760437688417000000e+12,7.000000000000000000e+00,2.000000000000000000e+00,1.000000000000000000e+00,0.000000000000000000e+00,0.000000000000000000e+00,-2.801482747631958703e-01,2.450508538023712379e-01,-2.971297753027636324e-01,2.495461396147798938e-01,3.715517299830006226e-01,4.552955227638690316e-01,5.919999999999999707e-01,5.560000000000000497e-01,2.812245994533848492e-01,4.790801037819042429e-01,2.879999999999999782e-01,5.560000000000000497e-01,0.000000000000000000e+00,0.000000000000000000e+00
1.760437688622000000e+12,7.000000000000000000e+00,2.000000000000000000e+00,1.000000000000000000e+00,0.000000000000000000e+00,2.000000000000000000e+00,-2.978089623499272642e-01,2.497259726584254713e-01,-3.185644619116035914e-01,2.542213800590095163e-01,2.776119023940038510e-01,4.800316013673305848e-01,6.959999999999999520e-01,5.560000000000000497e-01,1.672103089808318621e-01,5.038168257090450686e-01,1.879999999999997229e-01,5.560000000000000497e-01,0.000000000000000000e+00,-2.000000000000000111e-01
1.760437688826000000e+12,7.000000000000000000e+00,2.000000000000000000e+00,1.000000000000000000e+00,-1.000000000000000056e-01,2.000000000000000000e+00,-3.185644619116035914e-01,2.542213800590095163e-01,-3.473173530667268971e-01,2.587149694592774662e-01,1.672103089808318621e-01,5.038168257090450686e-01,7.960000000000002629e-01,5.560000000000000497e-01,1.426939858123979325e-02,5.275924310014681318e-01,8.800000000000030020e-02,5.560000000000000497e-01,-2.000000000000000042e-02,-2.000000000000000111e-01
1.760437689029000000e+12,7.000000000000000000e+00,2.000000000000000000e+00,1.000000000000000000e+00,-1.000000000000000056e-01,2.000000000000000000e+00,-3.473173530667268971e-01,2.587149694592774662e-01,-3.488312666619337032e-01,2.613530805842381732e-01,1.426939858123979325e-02,5.275924310014681318e-01,7.960000000000002629e-01,5.560000000000000497e-01,6.216666691841886763e-03,5.415506909218951170e-01,5.000000000000000000e-01,5.040000000000000036e-01,-2.000000000000000042e-02,-2.000000000000000111e-01
1.760437689232000000e+12,7.000000000000000000e+00,2.000000000000000000e+00,1.000000000000000000e+00,0.000000000000000000e+00,0.000000000000000000e+00,-3.488312666619337032e-01,2.613530805842381732e-01,-3.488645492257584912e-01,2.613997326020547907e-01,6.216666691841886763e-03,5.415506909218951170e-01,4.919999999999999929e-01,5.040000000000000036e-01,6.039631777880248228e-03,5.417975269949989459e-01,5.000000000000000000e-01,5.000000000000000000e-01,0.000000000000000000e+00,0.000000000000000000e+00
1.760437689435000000e+12,7.000000000000000000e+00,2.000000000000000000e+00,1.000000000000000000e+00,0.000000000000000000e+00,1.000000000000000000e+00,-3.488645492257584912e-01,2.613997326020547907e-01,-3.451310229676530783e-01,2.614221284188673056e-01,6.039631777880248228e-03,5.417975269949989459e-01,3.920000000000000151e-01,5.000000000000000000e-01,2.589881400184521412e-02,5.419160233802503557e-01,5.999999999999999778e-01,5.000000000000000000e-01,0.000000000000000000e+00,2.000000000000000111e-01
1.760437689640000000e+12,7.000000000000000000e+00,2.000000000000000000e+00,1.000000000000000000e+00,0.000000000000000000e+00,1.000000000000000000e+00,-3.448154975039554038e-01,2.614229988500200164e-01,-3.327481167069860635e-01,2.614436419211989548e-01,2.757714093640731279e-02,5.419206288360848278e-01,2.919999999999999818e-01,5.000000000000000000e-01,9.176533666496763941e-02,5.420298514349152219e-01,7.039999999999999591e-01,5.000000000000000000e-01,0.000000000000000000e+00,2.000000000000000111e-01
1.760437689843000000e+12,7.000000000000000000e+00,2.000000000000000000e+00,1.000000000000000000e+00,-1.000000000000000056e-01,0.000000000000000000e+00,-3.327481167069860635e-01,2.614436419211989548e-01,-3.164579334624007534e-01,2.612440015281775052e-01,9.176533666496763941e-02,5.420298514349152219e-01,1.879999999999997229e-01,5.000000000000000000e-01,1.784152475404214289e-01,5.409735530591402997e-01,7.039999999999999591e-01,4.819999999999999840e-01,-2.000000000000000042e-02,0.000000000000000000e+00
1.760437690047000000e+12,7.000000000000000000e+00,2.000000000000000000e+00,1.000000000000000000e+00,0.000000000000000000e+00,2.000000000000000000e+00,-3.164579334624007534e-01,2.612440015281775052e-01,-3.032759202640628593e-01,2.580001723039129780e-01,1.784152475404214289e-01,5.409735530591402997e-01,1.879999999999997229e-01,4.819999999999999840e-01,2.485323390209421557e-01,5.238104354704391508e-01,6.079999999999999849e-01,4.500000000000000111e-01,0.000000000000000000e+00,-2.000000000000000111e-01
1.760437690250000000e+12,7.000000000000000000e+00,2.000000000000000000e+00,1.000000000000000000e+00,1.000000000000000056e-01,0.000000000000000000e+00,-3.032759202640628593e-01,2.580001723039129780e-01,-2.949740632427251263e-01,2.540233741610546936e-01,2.485323390209421557e-01,5.238104354704391508e-01,1.879999999999997229e-01,4.500000000000000111e-01,2.926911529642279852e-01,5.027691754553158532e-01,6.039999999999999813e-01,4.540000000000000147e-01,2.000000000000000042e-02,0.000000000000000000e+00
1.760437690453000000e+12,7.000000000000000000e+00,2.000000000000000000e+00,1.000000000000000000e+00,1.000000000000000056e-01,0.000000000000000000e+00,-2.949740632427251263e-01,2.540233741610546936e-01,-2.866738613987728779e-01,2.522416999447060770e-01,2.926911529642279852e-01,5.027691754553158532e-01,8.800000000000030020e-02,4.540000000000000147e-01,3.368411627724846036e-01,4.933423277497676618e-01,6.039999999999999813e-01,5.040000000000000036e-01,2.000000000000000042e-02,0.000000000000000000e+00
1.760437690657000000e+12,7.000000000000000000e+00,2.000000000000000000e+00,1.000000000000000000e+00,0.000000000000000000e+00,1.000000000000000000e+00,-2.863418268793400667e-01,2.522535876522625786e-01,-2.742673817996502672e-01,2.533203499741954468e-01,3.386073038332974572e-01,4.934052256733470476e-01,1.839999999999997193e-01,5.040000000000000036e-01,4.028330755337751201e-01,4.990494707629389293e-01,7.039999999999999591e-01,5.140000000000000124e-01,0.000000000000000000e+00,2.000000000000000111e-01
1.760437690860000000e+12,7.000000000000000000e+00,2.000000000000000000e+00,1.000000000000000000e+00,0.000000000000000000e+00,0.000000000000000000e+00,-2.742673817996502672e-01,2.533203499741954468e-01,-2.579669898658636940e-01,2.544553651706598085e-01,4.028330755337751201e-01,4.990494707629389293e-01,8.400000000000032441e-02,5.140000000000000124e-01,4.895372879475334837e-01,5.050548421728032755e-01,7.039999999999999591e-01,5.140000000000000124e-01,0.000000000000000000e+00,0.000000000000000000e+00
1.760437691065000000e+12,7.000000000000000000e+00,2.000000000000000000e+00,1.000000000000000000e+00,0.000000000000000000e+00,0.000000000000000000e+00,-2.579669898658636940e-01,2.544553651706598085e-01,-2.410092638148032262e-01,2.556353676218787174e-01,4.895372879475334837e-01,5.050548421728032755e-01,5.720000000000000639e-01,5.140000000000000124e-01,5.797379584318976820e-01,5.112982413856017594e-01,7.039999999999999591e-01,5.140000000000000124e-01,0.000000000000000000e+00,0.000000000000000000e+00
1.760437691268000000e+12,7.000000000000000000e+00,2.000000000000000000e+00,1.000000000000000000e+00,0.000000000000000000e+00,0.000000000000000000e+00,-2.410092638148032262e-01,2.556353676218787174e-01,-2.247020379433659065e-01,2.567696567377939498e-01,5.797379584318976820e-01,5.112982413856017594e-01,4.720000000000000306e-01,5.140000000000000124e-01,6.664785215778409322e-01,5.172997710994389209e-01,7.039999999999999591e-01,5.140000000000000124e-01,0.000000000000000000e+00,0.000000000000000000e+00
1.760437691472000000e+12,7.000000000000000000e+00,2.000000000000000000e+00,1.000000000000000000e+00,0.000000000000000000e+00,1.000000000000000000e+00,-2.247020379433659065e-01,2.567696567377939498e-01,-2.046237256807603710e-01,2.579023944418242786e-01,6.664785215778409322e-01,5.172997710994389209e-01,5.720000000000000639e-01,5.140000000000000124e-01,7.732780548895724637e-01,5.232930922847846000e-01,8.040000000000002700e-01,5.140000000000000124e-01,0.000000000000000000e+00,2.000000000000000111e-01
1.760437691675000000e+12,7.000000000000000000e+00,2.000000000000000000e+00,1.000000000000000000e+00,0.000000000000000000e+00,2.000000000000000000e+00,-2.046237256807603710e-01,2.579023944418242786e-01,-1.827983289769315733e-01,2.590797167331487794e-01,7.732780548895724637e-01,5.232930922847846000e-01,5.720000000000000639e-01,5.140000000000000124e-01,8.893705905482363061e-01,5.295223107574009713e-01,7.079999999999999627e-01,5.140000000000000124e-01,0.000000000000000000e+00,-2.000000000000000111e-01
1.760437691879000000e+12,7.000000000000000000e+00,2.000000000000000000e+00,1.000000000000000000e+00,0.000000000000000000e+00,1.000000000000000000e+00,-1.827983289769315733e-01,2.590797167331487794e-01,-1.623982044708826566e-01,2.602117369867369412e-01,8.893705905482363061e-01,5.295223107574009713e-01,4.720000000000000306e-01,5.140000000000000124e-01,9.978818911123262803e-01,5.355118359086611379e-01,5.000000000000000000e-01,5.140000000000000124e-01,0.000000000000000000e+00,2.000000000000000111e-01
1.760437692082000000e+12,7.000000000000000000e+00,2.000000000000000000e+00,1.000000000000000000e+00,-1.000000000000000056e-01,1.000000000000000000e+00,-1.623982044708826566e-01,2.602117369867369412e-01,-1.621616712021576867e-01,2.611298900854008287e-01,9.978818911123262803e-01,5.355118359086611379e-01,4.720000000000000306e-01,5.140000000000000124e-01,9.991400467970336097e-01,5.403697888116446579e-01,5.000000000000000000e-01,4.960000000000000520e-01,-2.000000000000000042e-02,2.000000000000000111e-01
1.760437692286000000e+12,7.000000000000000000e+00,2.000000000000000000e+00,1.000000000000000000e+00,-1.000000000000000056e-01,0.000000000000000000e+00,-1.621619376846067939e-01,2.611193220362962308e-01,-1.621684569761958628e-01,2.587718414170373515e-01,9.991386293371978811e-01,5.403138732079165729e-01,5.760000000000000675e-01,4.939999999999999947e-01,9.991039522542773943e-01,5.278933408308855713e-01,5.000000000000000000e-01,4.440000000000000058e-01,-2.000000000000000042e-02,0.000000000000000000e+00
1.760437692491000000e+12,7.000000000000000000e+00,2.000000000000000000e+00,1.000000000000000000e+00,0.000000000000000000e+00,2.000000000000000000e+00,-1.621684569761958628e-01,2.587718414170373515e-01,-1.659439507985048246e-01,2.538709127450555769e-01,9.991039522542773943e-01,5.278933408308855713e-01,6.759999999999999343e-01,4.440000000000000058e-01,9.790215383058253895e-01,5.019625012965903688e-01,4.000000000000000777e-01,4.380000000000000560e-01,0.000000000000000000e+00,-2.000000000000000111e-01
1.760437692694000000e+12,7.000000000000000000e+00,2.000000000000000000e+00,1.000000000000000000e+00,0.000000000000000000e+00,0.000000000000000000e+00,-1.662609789003585137e-01,2.536730860597891657e-01,-1.745836275499297319e-01,2.487271457624059545e-01,9.773352186151142984e-01,5.009157992581437790e-01,5.760000000000000675e-01,4.380000000000000560e-01,9.330658109046291449e-01,4.747468029756929386e-01,3.960000000000000187e-01,4.380000000000000560e-01,0.000000000000000000e+00,0.000000000000000000e+00
1.760437692897000000e+12,7.000000000000000000e+00,2.000000000000000000e+00,1.000000000000000000e+00,0.000000000000000000e+00,1.000000000000000000e+00,-1.745836275499297319e-01,2.487271457624059545e-01,-1.791401091710959348e-01,2.437811613671778677e-01,9.330658109046291449e-01,4.747468029756929386e-01,5.760000000000000675e-01,4.380000000000000560e-01,9.088292065367237216e-01,4.485775733713115443e-01,4.960000000000000520e-01,4.380000000000000560e-01,0.000000000000000000e+00,2.000000000000000111e-01
1.760437693100000000e+12,7.000000000000000000e+00,2.000000000000000000e+00,1.000000000000000000e+00,1.000000000000000056e-01,0.000000000000000000e+00,-1.791401091710959348e-01,2.437811613671778677e-01,-1.794694029583790429e-01,2.397877487832494603e-01,9.088292065367237216e-01,4.485775733713115443e-01,5.760000000000000675e-01,4.380000000000000560e-01,9.070776438384093865e-01,4.274484062605792278e-01,4.960000000000000520e-01,4.740000000000000324e-01,2.000000000000000042e-02,0.000000000000000000e+00
1.760437693302000000e+12,7.000000000000000000e+00,2.000000000000000000e+00,1.000000000000000000e+00,0.000000000000000000e+00,2.000000000000000000e+00,-1.794694029583790429e-01,2.397877487832494603e-01,-1.835751807938022784e-01,2.396456263747376580e-01,9.070776438384093865e-01,4.274484062605792278e-01,4.760000000000000342e-01,4.740000000000000324e-01,8.852384000329666103e-01,4.266964358451728612e-01,4.000000000000000777e-01,5.180000000000000160e-01,0.000000000000000000e+00,-2.000000000000000111e-01
1.760437693505000000e+12,7.000000000000000000e+00,2.000000000000000000e+00,1.000000000000000000e+00,0.000000000000000000e+00,2.000000000000000000e+00,-1.835751807938022784e-01,2.396456263747376580e-01,-1.956673001822905600e-01,2.410980629419087473e-01,8.852384000329666103e-01,4.266964358451728612e-01,5.720000000000000639e-01,5.180000000000000160e-01,8.209186160516459552e-01,4.343812854069246110e-01,2.959999999999999853e-01,5.180000000000000160e-01,0.000000000000000000e+00,-2.000000000000000111e-01
1.760437693710000000e+12,7.000000000000000000e+00,2.000000000000000000e+00,1.000000000000000000e+00,0.000000000000000000e+00,1.000000000000000000e+00,-1.956673001822905600e-01,2.410980629419087473e-01,-2.082230330848038879e-01,2.425508413187353329e-01,8.209186160516459552e-01,4.343812854069246110e-01,6.719999999999999307e-01,5.180000000000000160e-01,7.541328027404048395e-01,4.420679434853722056e-01,3.960000000000000187e-01,5.180000000000000160e-01,0.000000000000000000e+00,2.000000000000000111e-01
1.760437693913000000e+12,7.000000000000000000e+00,2.000000000000000000e+00,1.000000000000000000e+00,0.000000000000000000e+00,1.000000000000000000e+00,-2.085593893018743428e-01,2.426089929393420719e-01,-2.128005301891018886e-01,2.440633289555753371e-01,7.523436739262002737e-01,4.423756240176829890e-01,5.720000000000000639e-01,5.180000000000000160e-01,7.297844138877559450e-01,4.500705235744727473e-01,5.000000000000000000e-01,5.180000000000000160e-01,0.000000000000000000e+00,2.000000000000000111e-01
1.760437694116000000e+12,7.000000000000000000e+00,2.000000000000000000e+00,1.000000000000000000e+00,0.000000000000000000e+00,2.000000000000000000e+00,-2.128005301891018886e-01,2.440633289555753371e-01,-2.165828349960505772e-01,2.455179137499902686e-01,7.297844138877559450e-01,4.500705235744727473e-01,4.679999999999999716e-01,5.180000000000000160e-01,7.096657712976033316e-01,4.577667394179379956e-01,3.999999999999999667e-01,5.180000000000000160e-01,0.000000000000000000e+00,-2.000000000000000111e-01
1.760437694318000000e+12,7.000000000000000000e+00,2.000000000000000000e+00,1.000000000000000000e+00,0.000000000000000000e+00,1.000000000000000000e+00,-2.165828349960505772e-01,2.455179137499902686e-01,-2.214590306218630622e-01,2.470309128569619095e-01,7.096657712976033316e-01,4.577667394179379956e-01,3.680000000000001048e-01,5.180000000000000160e-01,6.837285605220049245e-01,4.657720256982111895e-01,4.960000000000000520e-01,5.180000000000000160e-01,0.000000000000000000e+00,2.000000000000000111e-01
1.760437694522000000e+12,7.000000000000000000e+00,2.000000000000000000e+00,1.000000000000000000e+00,0.000000000000000000e+00,0.000000000000000000e+00,-2.214590306218630622e-01,2.470309128569619095e-01,-2.217910846396035363e-01,2.484861488639654448e-01,6.837285605220049245e-01,4.657720256982111895e-01,4.679999999999999716e-01,5.180000000000000160e-01,6.819623157467896712e-01,4.734716871109283520e-01,4.960000000000000520e-01,5.180000000000000160e-01,0.000000000000000000e+00,0.000000000000000000e+00
1.760437694725000000e+12,7.000000000000000000e+00,2.000000000000000000e+00,1.000000000000000000e+00,0.000000000000000000e+00,2.000000000000000000e+00,-2.217910846396035363e-01,2.484861488639654448e-01,-2.258882590159094206e-01,2.499414064674702618e-01,6.819623157467896712e-01,4.734716871109283520e-01,5.720000000000000639e-01,5.180000000000000160e-01,6.601688350217583823e-01,4.811714627908479924e-01,3.960000000000000187e-01,5.180000000000000160e-01,0.000000000000000000e+00,-2.000000000000000111e-01
1.760437694927000000e+12,7.000000000000000000e+00,2.000000000000000000e+00,1.000000000000000000e+00,0.000000000000000000e+00,0.000000000000000000e+00,-2.258882590159094206e-01,2.499414064674702618e-01,-2.342167417469813162e-01,2.513966178943138896e-01,6.601688350217583823e-01,4.811714627908479924e-01,4.720000000000000306e-01,5.180000000000000160e-01,6.158683949628652732e-01,4.888709941498090017e-01,3.960000000000000187e-01,5.180000000000000160e-01,0.000000000000000000e+00,0.000000000000000000e+00
1.760437695130000000e+12,7.000000000000000000e+00,2.000000000000000000e+00,1.000000000000000000e+00,0.000000000000000000e+00,1.000000000000000000e+00,-2.342167417469813162e-01,2.513966178943138896e-01,-2.391177985051824995e-01,2.529107640630613996e-01,6.158683949628652732e-01,4.888709941498090017e-01,5.720000000000000639e-01,5.180000000000000160e-01,5.897989441213696837e-01,4.968823495400074841e-01,4.960000000000000520e-01,5.180000000000000160e-01,0.000000000000000000e+00,2.000000000000000111e-01
1.760437695333000000e+12,7.000000000000000000e+00,2.000000000000000000e+00,1.000000000000000000e+00,-1.000000000000000056e-01,2.000000000000000000e+00,-2.391177985051824995e-01,2.529107640630613996e-01,-2.432220450360148001e-01,2.538037654633854556e-01,5.897989441213696837e-01,4.968823495400074841e-01,4.760000000000000342e-01,5.180000000000000160e-01,5.679678455531127490e-01,5.016072246739972096e-01,3.960000000000000187e-01,4.899999999999999911e-01,-2.000000000000000042e-02,-2.000000000000000111e-01
1.760437695536000000e+12,7.000000000000000000e+00,2.000000000000000000e+00,1.000000000000000000e+00,0.000000000000000000e+00,1.000000000000000000e+00,-2.432220450360148001e-01,2.538037654633854556e-01,-2.477780051326237132e-01,2.516167845019350313e-01,5.679678455531127490e-01,5.016072246739972096e-01,5.760000000000000675e-01,4.899999999999999911e-01,5.437340152520014902e-01,4.900358968356351430e-01,4.960000000000000520e-01,4.660000000000000253e-01,0.000000000000000000e+00,2.000000000000000111e-01
0.000000000000000000e+00,0.000000000000000000e+00,0.000000000000000000e+00,0.000000000000000000e+00,0.000000000000000000e+00,0.000000000000000000e+00,0.000000000000000000e+00,0.000000000000000000e+00,0.000000000000000000e+00,0.000000000000000000e+00,0.000000000000000000e+00,0.000000000000000000e+00,0.000000000000000000e+00,0.000000000000000000e+00,0.000000000000000000e+00,0.000000000000000000e+00,0.000000000000000000e+00,0.000000000000000000e+00,0.000000000000000000e+00,0.000000000000000000e+00
1.760437701263000000e+12,8.000000000000000000e+00,2.000000000000000000e+00,2.000000000000000000e+00,0.000000000000000000e+00,1.000000000000000000e+00,-2.477705762597345873e-01,2.511841974731966465e-01,-1.665470234496831403e-01,1.604643396020818680e-01,5.437735305333266655e-01,4.877470765777600636e-01,5.000000000000000000e-01,4.660000000000000253e-01,9.758137050548769675e-01,7.747828582443733875e-03,6.079999999999999849e-01,4.660000000000000253e-01,0.000000000000000000e+00,2.000000000000000111e-01
1.760437701467000000e+12,8.000000000000000000e+00,2.000000000000000000e+00,2.000000000000000000e+00,1.000000000000000056e-01,2.000000000000000000e+00,-1.665470234496831403e-01,1.604643396020818680e-01,-1.624554717813552207e-01,1.594370159929772157e-01,9.758137050548769675e-01,7.747828582443733875e-03,5.000000000000000000e-01,4.660000000000000253e-01,9.975772777587488260e-01,2.312253931096366899e-03,4.679999999999999716e-01,5.240000000000000213e-01,2.000000000000000042e-02,-2.000000000000000111e-01
1.760437701671000000e+12,8.000000000000000000e+00,2.000000000000000000e+00,2.000000000000000000e+00,1.000000000000000056e-01,1.000000000000000000e+00,-1.624554717813552207e-01,1.594370159929772157e-01,-1.612418925635490941e-01,1.632499515308112603e-01,9.975772777587488260e-01,2.312253931096366899e-03,4.000000000000000777e-01,5.240000000000000213e-01,1.004032486364100585e+00,2.248651603603840296e-02,5.679999999999999494e-01,5.739999999999999547e-01,2.000000000000000042e-02,2.000000000000000111e-01
1.760437701874000000e+12,8.000000000000000000e+00,2.000000000000000000e+00,2.000000000000000000e+00,1.000000000000000056e-01,1.000000000000000000e+00,-1.610275047199765108e-01,1.634854378976833555e-01,-1.548606980836940150e-01,1.714567150771940940e-01,1.005172847234167444e+00,2.373247564911827243e-02,2.999999999999999889e-01,5.759999999999999565e-01,1.037975010193116887e+00,6.590854538197933599e-02,5.000000000000000000e-01,6.260000000000001119e-01,2.000000000000000042e-02,2.000000000000000111e-01
1.760437702077000000e+12,8.000000000000000000e+00,2.000000000000000000e+00,2.000000000000000000e+00,0.000000000000000000e+00,0.000000000000000000e+00,-1.548606980836940150e-01,1.714567150771940940e-01,-1.548603699048437532e-01,1.816966183731604512e-01,1.037975010193116887e+00,6.590854538197933599e-02,1.959999999999997300e-01,6.260000000000001119e-01,1.037976755825299247e+00,1.200879279003198574e-01,5.000000000000000000e-01,6.280000000000000027e-01,0.000000000000000000e+00,0.000000000000000000e+00
1.760437702280000000e+12,8.000000000000000000e+00,2.000000000000000000e+00,2.000000000000000000e+00,0.000000000000000000e+00,0.000000000000000000e+00,-1.548603699048437532e-01,1.816966183731604512e-01,-1.548607085092824076e-01,1.923567574291147886e-01,1.037976755825299247e+00,1.200879279003198574e-01,9.600000000000025180e-02,6.280000000000000027e-01,1.037974954737859612e+00,1.764907800482264089e-01,5.000000000000000000e-01,6.280000000000000027e-01,0.000000000000000000e+00,0.000000000000000000e+00
1.760437702484000000e+12,8.000000000000000000e+00,2.000000000000000000e+00,2.000000000000000000e+00,0.000000000000000000e+00,2.000000000000000000e+00,-1.548607085092824076e-01,1.923567574291147886e-01,-1.586334437460713009e-01,2.026076174495960169e-01,1.037974954737859612e+00,1.764907800482264089e-01,-7.450580569168252509e-09,6.280000000000000027e-01,1.017907214116642090e+00,2.307281346539472033e-01,4.000000000000000777e-01,6.280000000000000027e-01,0.000000000000000000e+00,-2.000000000000000111e-01
1.760437702686000000e+12,8.000000000000000000e+00,2.000000000000000000e+00,2.000000000000000000e+00,-1.000000000000000056e-01,2.000000000000000000e+00,-1.586334437460713009e-01,2.026076174495960169e-01,-1.704021034649795818e-01,2.120119199031769708e-01,1.017907214116642090e+00,2.307281346539472033e-01,9.999999254941882576e-02,6.280000000000000027e-01,9.553079602926618508e-01,2.804863486940580852e-01,2.999999999999999889e-01,5.939999999999999725e-01,-2.000000000000000042e-02,-2.000000000000000111e-01
1.760437702890000000e+12,8.000000000000000000e+00,2.000000000000000000e+00,2.000000000000000000e+00,-1.000000000000000056e-01,0.000000000000000000e+00,-1.704021034649795818e-01,2.120119199031769708e-01,-1.873620708567516613e-01,2.178023002337572123e-01,9.553079602926618508e-01,2.804863486940580852e-01,2.039999925494183630e-01,5.939999999999999725e-01,8.650953677832358135e-01,3.111232816600911222e-01,2.959999999999999853e-01,5.420000000000000373e-01,-2.000000000000000042e-02,0.000000000000000000e+00
1.760437703094000000e+12,8.000000000000000000e+00,2.000000000000000000e+00,2.000000000000000000e+00,0.000000000000000000e+00,2.000000000000000000e+00,-1.873620708567516613e-01,2.178023002337572123e-01,-2.074610185569563947e-01,2.193448240635317847e-01,8.650953677832358135e-01,3.111232816600911222e-01,5.000000000000000000e-01,5.420000000000000373e-01,7.581860715055510624e-01,3.192847834049301059e-01,1.959999999999997300e-01,5.020000000000000018e-01,0.000000000000000000e+00,-2.000000000000000111e-01
1.760437703298000000e+12,8.000000000000000000e+00,2.000000000000000000e+00,2.000000000000000000e+00,1.000000000000000056e-01,0.000000000000000000e+00,-2.074610185569563947e-01,2.193448240635317847e-01,-2.317843509052207596e-01,2.195126712221221466e-01,7.581860715055510624e-01,3.192847834049301059e-01,5.000000000000000000e-01,5.020000000000000018e-01,6.288066441211661584e-01,3.201728636091119018e-01,1.959999999999997300e-01,5.040000000000000036e-01,2.000000000000000042e-02,0.000000000000000000e+00
1.760437703502000000e+12,8.000000000000000000e+00,2.000000000000000000e+00,2.000000000000000000e+00,1.000000000000000056e-01,0.000000000000000000e+00,-2.327575849381716133e-01,2.195242044171318296e-01,-2.570895735039550045e-01,2.218933857182728286e-01,6.236298673501509127e-01,3.202338858049303405e-01,5.999999999999999778e-01,5.060000000000000053e-01,4.942043962555584535e-01,3.327692366046181571e-01,1.959999999999997300e-01,5.560000000000000497e-01,2.000000000000000042e-02,0.000000000000000000e+00
1.760437703705000000e+12,8.000000000000000000e+00,2.000000000000000000e+00,2.000000000000000000e+00,0.000000000000000000e+00,2.000000000000000000e+00,-2.570895735039550045e-01,2.218933857182728286e-01,-2.851919704863705718e-01,2.273117299829888471e-01,4.942043962555584535e-01,3.327692366046181571e-01,5.000000000000000000e-01,5.560000000000000497e-01,3.447235612427096418e-01,3.614377247777187940e-01,9.600000000000025180e-02,5.699999999999999512e-01,0.000000000000000000e+00,-2.000000000000000111e-01
1.760437703908000000e+12,8.000000000000000000e+00,2.000000000000000000e+00,2.000000000000000000e+00,0.000000000000000000e+00,1.000000000000000000e+00,-2.851919704863705718e-01,2.273117299829888471e-01,-3.153706263810692745e-01,2.331468768253991963e-01,3.447235612427096418e-01,3.614377247777187940e-01,6.039999999999999813e-01,5.699999999999999512e-01,1.841987958453761010e-01,3.923115175947047839e-01,1.879999999999997229e-01,5.699999999999999512e-01,0.000000000000000000e+00,2.000000000000000111e-01
1.760437704112000000e+12,8.000000000000000000e+00,2.000000000000000000e+00,2.000000000000000000e+00,0.000000000000000000e+00,2.000000000000000000e+00,-3.153706263810692745e-01,2.331468768253991963e-01,-3.438002638153033752e-01,2.387592681125303984e-01,1.841987958453761010e-01,3.923115175947047839e-01,5.040000000000000036e-01,5.699999999999999512e-01,3.297732013136490947e-02,4.220067095901079979e-01,9.200000000000027600e-02,5.699999999999999512e-01,0.000000000000000000e+00,-2.000000000000000111e-01
1.760437704314000000e+12,8.000000000000000000e+00,2.000000000000000000e+00,2.000000000000000000e+00,0.000000000000000000e+00,0.000000000000000000e+00,-3.438002638153033752e-01,2.387592681125303984e-01,-3.492117287524368896e-01,2.443774759779006045e-01,3.297732013136490947e-02,4.220067095901079979e-01,4.040000000000000258e-01,5.699999999999999512e-01,4.192932167888767901e-03,4.517326771317493050e-01,5.000000000000000000e-01,5.699999999999999512e-01,0.000000000000000000e+00,0.000000000000000000e+00
1.760437704518000000e+12,8.000000000000000000e+00,2.000000000000000000e+00,2.000000000000000000e+00,0.000000000000000000e+00,2.000000000000000000e+00,-3.492117287524368896e-01,2.443774759779006045e-01,-3.492440566807490376e-01,2.502226570689974894e-01,4.192932167888767901e-03,4.517326771317493050e-01,4.040000000000000258e-01,5.699999999999999512e-01,4.020975102398618647e-03,4.826595612116270084e-01,5.000000000000000000e-01,5.699999999999999512e-01,0.000000000000000000e+00,-2.000000000000000111e-01
1.760437704721000000e+12,8.000000000000000000e+00,2.000000000000000000e+00,2.000000000000000000e+00,0.000000000000000000e+00,1.000000000000000000e+00,-3.492440566807490376e-01,2.502226570689974894e-01,-3.455062970497004837e-01,2.558436911361669508e-01,4.020975102398618647e-03,4.826595612116270084e-01,5.000000000000000000e-01,5.699999999999999512e-01,2.390267526755050428e-02,5.124004822019415650e-01,5.999999999999999778e-01,5.699999999999999512e-01,0.000000000000000000e+00,2.000000000000000111e-01
1.760437704925000000e+12,8.000000000000000000e+00,2.000000000000000000e+00,2.000000000000000000e+00,-1.000000000000000056e-01,1.000000000000000000e+00,-3.455062970497004837e-01,2.558436911361669508e-01,-3.337658918387678142e-01,2.612432833017982459e-01,2.390267526755050428e-02,5.124004822019415650e-01,5.000000000000000000e-01,5.699999999999999512e-01,8.635163915549023961e-02,5.409697529195675036e-01,7.000000000000000666e-01,5.519999999999999352e-01,-2.000000000000000042e-02,2.000000000000000111e-01
1.760437705128000000e+12,8.000000000000000000e+00,2.000000000000000000e+00,2.000000000000000000e+00,-1.000000000000000056e-01,1.000000000000000000e+00,-3.331302753355804835e-01,2.614120664581710551e-01,-3.130727320316543105e-01,2.635476119897811054e-01,8.973257800223136127e-02,5.418627854929686238e-01,5.000000000000000000e-01,5.499999999999999334e-01,1.964216381294982550e-01,5.531619681999000449e-01,8.040000000000002700e-01,5.000000000000000000e-01,-2.000000000000000042e-02,2.000000000000000111e-01
1.760437705330000000e+12,8.000000000000000000e+00,2.000000000000000000e+00,2.000000000000000000e+00,0.000000000000000000e+00,2.000000000000000000e+00,-3.130727320316543105e-01,2.635476119897811054e-01,-2.925487376971137032e-01,2.622445284724711501e-01,1.964216381294982550e-01,5.531619681999000449e-01,5.999999999999999778e-01,5.000000000000000000e-01,3.055918207600334391e-01,5.462673464151913683e-01,7.039999999999999591e-01,4.779999999999999805e-01,0.000000000000000000e+00,-2.000000000000000111e-01
1.760437705533000000e+12,8.000000000000000000e+00,2.000000000000000000e+00,2.000000000000000000e+00,0.000000000000000000e+00,0.000000000000000000e+00,-2.925487376971137032e-01,2.622445284724711501e-01,-2.762460560145855171e-01,2.605018039182139811e-01,3.055918207600334391e-01,5.462673464151913683e-01,5.000000000000000000e-01,4.779999999999999805e-01,3.923082126883748466e-01,5.370465815778517893e-01,7.039999999999999591e-01,4.779999999999999805e-01,0.000000000000000000e+00,0.000000000000000000e+00
1.760437705739000000e+12,8.000000000000000000e+00,2.000000000000000000e+00,2.000000000000000000e+00,-1.000000000000000056e-01,0.000000000000000000e+00,-2.755940246139556016e-01,2.604320774225823421e-01,-2.592917428438507033e-01,2.568029024319669062e-01,3.957764648193850543e-01,5.366776583205415951e-01,6.039999999999999813e-01,4.779999999999999805e-01,4.824907295539855867e-01,5.174756742432111700e-01,7.039999999999999591e-01,4.280000000000000471e-01,-2.000000000000000042e-02,0.000000000000000000e+00
1.760437705941000000e+12,8.000000000000000000e+00,2.000000000000000000e+00,2.000000000000000000e+00,0.000000000000000000e+00,2.000000000000000000e+00,-2.592917428438507033e-01,2.568029024319669062e-01,-2.467576760109367606e-01,2.495816050073741410e-01,4.824907295539855867e-01,5.174756742432111700e-01,7.039999999999999591e-01,4.280000000000000471e-01,5.491612978141661161e-01,4.792677513617679685e-01,6.039999999999999813e-01,4.019999999999999685e-01,0.000000000000000000e+00,-2.000000000000000111e-01
1.760437706145000000e+12,8.000000000000000000e+00,2.000000000000000000e+00,2.000000000000000000e+00,0.000000000000000000e+00,2.000000000000000000e+00,-2.467576760109367606e-01,2.495816050073741410e-01,-2.422183873588390768e-01,2.417577924803257505e-01,5.491612978141661161e-01,4.792677513617679685e-01,6.039999999999999813e-01,4.019999999999999685e-01,5.733064502189409994e-01,4.378719178853214822e-01,5.040000000000000036e-01,4.019999999999999685e-01,0.000000000000000000e+00,-2.000000000000000111e-01
1.760437706348000000e+12,8.000000000000000000e+00,2.000000000000000000e+00,2.000000000000000000e+00,1.000000000000000056e-01,0.000000000000000000e+00,-2.422028685251474411e-01,2.414448236587589391e-01,-2.422114070083603021e-01,2.340257544795847633e-01,5.733889972066624763e-01,4.362159981944918052e-01,5.040000000000000036e-01,4.019999999999999685e-01,5.733435797427642866e-01,3.969616639131469116e-01,5.000000000000000000e-01,4.260000000000000453e-01,2.000000000000000042e-02,0.000000000000000000e+00
1.760437706552000000e+12,8.000000000000000000e+00,2.000000000000000000e+00,2.000000000000000000e+00,1.000000000000000056e-01,0.000000000000000000e+00,-2.422114070083603021e-01,2.340257544795847633e-01,-2.422231282939755759e-01,2.300019223410008085e-01,5.733435797427642866e-01,3.969616639131469116e-01,4.000000000000000777e-01,4.260000000000000453e-01,5.732812324788533198e-01,3.756715467777820838e-01,5.000000000000000000e-01,4.760000000000000342e-01,2.000000000000000042e-02,0.000000000000000000e+00
1.760437706755000000e+12,8.000000000000000000e+00,2.000000000000000000e+00,2.000000000000000000e+00,1.000000000000000056e-01,0.000000000000000000e+00,-2.422231282939755759e-01,2.300019223410008085e-01,-2.422348879290693313e-01,2.299778100967792005e-01,5.732812324788533198e-01,3.756715467777820838e-01,2.999999999999999889e-01,4.760000000000000342e-01,5.732186812283546207e-01,3.755439687660275805e-01,5.000000000000000000e-01,5.260000000000000231e-01,2.000000000000000042e-02,0.000000000000000000e+00
1.760437706958000000e+12,8.000000000000000000e+00,2.000000000000000000e+00,2.000000000000000000e+00,0.000000000000000000e+00,2.000000000000000000e+00,-2.422353584437280660e-01,2.300599838521770468e-01,-2.460200347120316544e-01,2.341993114636587714e-01,5.732161784908080815e-01,3.759787505406193553e-01,1.959999999999997300e-01,5.279999999999999138e-01,5.530849217445124033e-01,3.978799548341734327e-01,4.000000000000000777e-01,5.759999999999999565e-01,0.000000000000000000e+00,-2.000000000000000111e-01
1.760437707161000000e+12,8.000000000000000000e+00,2.000000000000000000e+00,2.000000000000000000e+00,0.000000000000000000e+00,1.000000000000000000e+00,-2.460200347120316544e-01,2.341993114636587714e-01,-2.502647540372160417e-01,2.402945900520160327e-01,5.530849217445124033e-01,3.978799548341734327e-01,5.000000000000000000e-01,5.759999999999999565e-01,5.305066274616168087e-01,4.301301060953229838e-01,5.000000000000000000e-01,5.759999999999999565e-01,0.000000000000000000e+00,2.000000000000000111e-01
0.000000000000000000e+00,0.000000000000000000e+00,0.000000000000000000e+00,0.000000000000000000e+00,0.000000000000000000e+00,0.000000000000000000e+00,0.000000000000000000e+00,0.000000000000000000e+00,0.000000000000000000e+00,0.000000000000000000e+00,0.000000000000000000e+00,0.000000000000000000e+00,0.000000000000000000e+00,0.000000000000000000e+00,0.000000000000000000e+00,0.000000000000000000e+00,0.000000000000000000e+00,0.000000000000000000e+00,0.000000000000000000e+00,0.000000000000000000e+00
1.760438002288000000e+12,1.000000000000000000e+00,4.000000000000000000e+00,2.000000000000000000e+00,0.000000000000000000e+00,0.000000000000000000e+00,-1.629155594355222447e-01,1.599182109979788158e-01,-1.712319262787665441e-01,1.630484712017165605e-01,9.951300030025412857e-01,4.858259248565150422e-03,5.000000000000000000e-01,5.000000000000000000e-01,9.508940091554971552e-01,2.142048254876486105e-02,5.000000000000000000e-01,5.000000000000000000e-01,0.000000000000000000e+00,0.000000000000000000e+00
1.760438002497000000e+12,1.000000000000000000e+00,4.000000000000000000e+00,2.000000000000000000e+00,0.000000000000000000e+00,0.000000000000000000e+00,-1.712320003440553906e-01,1.630487792903161370e-01,-1.712338554856545625e-01,1.630564839632388796e-01,9.508936151911947521e-01,2.142211264717531691e-02,5.000000000000000000e-01,5.000000000000000000e-01,9.508837474167310955e-01,2.146287811237501328e-02,5.000000000000000000e-01,5.000000000000000000e-01,0.000000000000000000e+00,0.000000000000000000e+00
1.760438002700000000e+12,1.000000000000000000e+00,4.000000000000000000e+00,2.000000000000000000e+00,0.000000000000000000e+00,0.000000000000000000e+00,-1.712338554856545625e-01,1.630564839632388796e-01,-1.712357069533387843e-01,1.630641870685402561e-01,9.508837474167310955e-01,2.146287811237501328e-02,4.000000000000000777e-01,5.000000000000000000e-01,9.508738991843681543e-01,2.150363528328176968e-02,5.000000000000000000e-01,5.000000000000000000e-01,0.000000000000000000e+00,0.000000000000000000e+00
1.760438002903000000e+12,1.000000000000000000e+00,4.000000000000000000e+00,2.000000000000000000e+00,1.000000000000000056e-01,2.000000000000000000e+00,-1.712357069533387843e-01,1.630641870685402561e-01,-1.750089071826070042e-01,1.641398701362357382e-01,9.508738991843681543e-01,2.150363528328176968e-02,2.999999999999999889e-01,5.000000000000000000e-01,9.308036851988988891e-01,2.719508008590336770e-02,4.000000000000000777e-01,5.379999999999999227e-01,2.000000000000000042e-02,-2.000000000000000111e-01
1.760438003107000000e+12,1.000000000000000000e+00,4.000000000000000000e+00,2.000000000000000000e+00,1.000000000000000056e-01,0.000000000000000000e+00,-1.753258012514499753e-01,1.642601796806619774e-01,-1.836451615167091767e-01,1.693510038555521291e-01,9.291180784497341527e-01,2.783163852202103633e-02,1.959999999999997300e-01,5.400000000000000355e-01,8.848661621451640036e-01,5.476721616694247424e-02,3.960000000000000187e-01,5.899999999999999689e-01,2.000000000000000042e-02,0.000000000000000000e+00
1.760438003309000000e+12,1.000000000000000000e+00,4.000000000000000000e+00,2.000000000000000000e+00,0.000000000000000000e+00,2.000000000000000000e+00,-1.836451615167091767e-01,1.693510038555521291e-01,-1.957399372037571528e-01,1.765585402446044339e-01,8.848661621451640036e-01,5.476721616694247424e-02,9.600000000000025180e-02,5.899999999999999689e-01,8.205322489161853694e-01,9.290232933653139180e-02,2.959999999999999853e-01,5.899999999999999689e-01,0.000000000000000000e+00,-2.000000000000000111e-01
1.760438003513000000e+12,1.000000000000000000e+00,4.000000000000000000e+00,2.000000000000000000e+00,0.000000000000000000e+00,1.000000000000000000e+00,-1.957399372037571528e-01,1.765585402446044339e-01,-2.092619598771874867e-01,1.840566816355476143e-01,8.205322489161853694e-01,9.290232933653139180e-02,-7.450580569168252509e-09,5.899999999999999689e-01,7.486065963979389171e-01,1.325750351087175427e-01,3.880000000000000115e-01,5.899999999999999689e-01,0.000000000000000000e+00,2.000000000000000111e-01
1.760438003716000000e+12,1.000000000000000000e+00,4.000000000000000000e+00,2.000000000000000000e+00,0.000000000000000000e+00,2.000000000000000000e+00,-2.092619598771874867e-01,1.840566816355476143e-01,-2.216761854563717993e-01,1.912671798844821636e-01,7.486065963979389171e-01,1.325750351087175427e-01,9.999999254941882576e-02,5.899999999999999689e-01,6.825734816150436091e-01,1.707258194946146279e-01,2.919999999999999818e-01,5.899999999999999689e-01,0.000000000000000000e+00,-2.000000000000000111e-01
1.760438003919000000e+12,1.000000000000000000e+00,4.000000000000000000e+00,2.000000000000000000e+00,0.000000000000000000e+00,1.000000000000000000e+00,-2.216761854563717993e-01,1.912671798844821636e-01,-2.345480255630500999e-01,1.984783271055642895e-01,6.825734816150436091e-01,1.707258194946146279e-01,2.039999925494183630e-01,5.899999999999999689e-01,6.141062470050526745e-01,2.088800375955782718e-01,3.920000000000000151e-01,5.899999999999999689e-01,0.000000000000000000e+00,2.000000000000000111e-01
1.760438004123000000e+12,1.000000000000000000e+00,4.000000000000000000e+00,2.000000000000000000e+00,0.000000000000000000e+00,1.000000000000000000e+00,-2.348971607719071431e-01,1.987668054104285709e-01,-2.394596220949179177e-01,2.059792142580992858e-01,6.122491448302811445e-01,2.104063778329554046e-01,5.000000000000000000e-01,5.899999999999999689e-01,5.879807335376706634e-01,2.485672712068745516e-01,4.960000000000000520e-01,5.899999999999999689e-01,0.000000000000000000e+00,2.000000000000000111e-01
1.760438004326000000e+12,1.000000000000000000e+00,4.000000000000000000e+00,2.000000000000000000e+00,0.000000000000000000e+00,1.000000000000000000e+00,-2.394596220949179177e-01,2.059792142580992858e-01,-2.360225153625337136e-01,2.131917340588906917e-01,5.879807335376706634e-01,2.485672712068745516e-01,5.000000000000000000e-01,5.899999999999999689e-01,6.062632161567355071e-01,2.867287516343423048e-01,5.959999999999999742e-01,5.899999999999999689e-01,0.000000000000000000e+00,2.000000000000000111e-01
1.760438004529000000e+12,1.000000000000000000e+00,4.000000000000000000e+00,2.000000000000000000e+00,0.000000000000000000e+00,2.000000000000000000e+00,-2.360225153625337136e-01,2.131917340588906917e-01,-2.321246217537580869e-01,2.204047120833839413e-01,6.062632161567355071e-01,2.867287516343423048e-01,5.999999999999999778e-01,5.899999999999999689e-01,6.269966927991590389e-01,3.248926565258409838e-01,4.960000000000000520e-01,5.899999999999999689e-01,0.000000000000000000e+00,-2.000000000000000111e-01
1.760438004733000000e+12,1.000000000000000000e+00,4.000000000000000000e+00,2.000000000000000000e+00,0.000000000000000000e+00,2.000000000000000000e+00,-2.321346022810704957e-01,2.206932585071064157e-01,-2.365478865380230000e-01,2.279072623152869903e-01,6.269436048879228895e-01,3.264193571804572813e-01,5.000000000000000000e-01,5.899999999999999689e-01,6.034686886275372197e-01,3.645886894988730198e-01,3.920000000000000151e-01,5.899999999999999689e-01,0.000000000000000000e+00,-2.000000000000000111e-01
1.760438004936000000e+12,1.000000000000000000e+00,4.000000000000000000e+00,2.000000000000000000e+00,0.000000000000000000e+00,1.000000000000000000e+00,-2.365478865380230000e-01,2.279072623152869903e-01,-2.414263971825686139e-01,2.351220197887108898e-01,6.034686886275372197e-01,3.645886894988730198e-01,6.039999999999999813e-01,5.899999999999999689e-01,5.775191639225073503e-01,4.027620094640788073e-01,4.919999999999999929e-01,5.899999999999999689e-01,0.000000000000000000e+00,2.000000000000000111e-01
1.760438005139000000e+12,1.000000000000000000e+00,4.000000000000000000e+00,2.000000000000000000e+00,0.000000000000000000e+00,1.000000000000000000e+00,-2.414263971825686139e-01,2.351220197887108898e-01,-2.380211653842853603e-01,2.426259343622608478e-01,5.775191639225073503e-01,4.027620094640788073e-01,5.040000000000000036e-01,5.899999999999999689e-01,5.956320990197586651e-01,4.424652611759833931e-01,5.959999999999999742e-01,5.899999999999999689e-01,0.000000000000000000e+00,2.000000000000000111e-01
1.760438005343000000e+12,1.000000000000000000e+00,4.000000000000000000e+00,2.000000000000000000e+00,0.000000000000000000e+00,2.000000000000000000e+00,-2.380211653842853603e-01,2.426259343622608478e-01,-2.341227204785616967e-01,2.498418508667037408e-01,5.956320990197586651e-01,4.424652611759833931e-01,4.040000000000000258e-01,5.899999999999999689e-01,6.163685080927568949e-01,4.806447135804431392e-01,4.960000000000000520e-01,5.899999999999999689e-01,0.000000000000000000e+00,-2.000000000000000111e-01
1.760438005545000000e+12,1.000000000000000000e+00,4.000000000000000000e+00,2.000000000000000000e+00,-1.000000000000000056e-01,1.000000000000000000e+00,-2.341227204785616967e-01,2.498418508667037408e-01,-2.306823659813049820e-01,2.564937577957818182e-01,6.163685080927568949e-01,4.806447135804431392e-01,4.040000000000000258e-01,5.899999999999999689e-01,6.346682660568884193e-01,5.158399883374700234e-01,5.959999999999999742e-01,5.619999999999999440e-01,-2.000000000000000042e-02,2.000000000000000111e-01
1.760438005747000000e+12,1.000000000000000000e+00,4.000000000000000000e+00,2.000000000000000000e+00,-1.000000000000000056e-01,2.000000000000000000e+00,-2.306823659813049820e-01,2.564937577957818182e-01,-2.267981133487166900e-01,2.596299407054840636e-01,6.346682660568884193e-01,5.158399883374700234e-01,5.000000000000000000e-01,5.619999999999999440e-01,6.553291843153367102e-01,5.324335487062649142e-01,4.960000000000000520e-01,5.120000000000000107e-01,-2.000000000000000042e-02,-2.000000000000000111e-01
1.760438005951000000e+12,1.000000000000000000e+00,4.000000000000000000e+00,2.000000000000000000e+00,0.000000000000000000e+00,2.000000000000000000e+00,-2.267981133487166900e-01,2.596299407054840636e-01,-2.312175974697928682e-01,2.585639208263996736e-01,6.553291843153367102e-01,5.324335487062649142e-01,5.000000000000000000e-01,5.100000000000000089e-01,6.318212900542932164e-01,5.267932318857125873e-01,3.920000000000000151e-01,4.599999999999999645e-01,0.000000000000000000e+00,-2.000000000000000111e-01
1.760438006155000000e+12,1.000000000000000000e+00,4.000000000000000000e+00,2.000000000000000000e+00,0.000000000000000000e+00,1.000000000000000000e+00,-2.312175974697928682e-01,2.585639208263996736e-01,-2.360949921012078789e-01,2.553833005646473087e-01,6.318212900542932164e-01,5.267932318857125873e-01,5.000000000000000000e-01,4.599999999999999645e-01,6.058777015893197504e-01,5.099645532521022151e-01,4.919999999999999929e-01,4.599999999999999645e-01,0.000000000000000000e+00,2.000000000000000111e-01
1.760438006359000000e+12,1.000000000000000000e+00,4.000000000000000000e+00,2.000000000000000000e+00,0.000000000000000000e+00,2.000000000000000000e+00,-2.361243302474358985e-01,2.552559844312453086e-01,-2.402353788637964505e-01,2.520727025135836574e-01,6.057216476200217858e-01,5.092909229166419083e-01,5.999999999999999778e-01,4.599999999999999645e-01,5.838543677457634917e-01,4.924481614475326174e-01,3.960000000000000187e-01,4.599999999999999645e-01,0.000000000000000000e+00,-2.000000000000000111e-01
1.760438006562000000e+12,1.000000000000000000e+00,4.000000000000000000e+00,2.000000000000000000e+00,0.000000000000000000e+00,1.000000000000000000e+00,-2.402353788637964505e-01,2.520727025135836574e-01,-2.448011700581431138e-01,2.488891299723902384e-01,5.838543677457634917e-01,4.924481614475326174e-01,5.000000000000000000e-01,4.599999999999999645e-01,5.595682443715791488e-01,4.756038622877790667e-01,4.960000000000000520e-01,4.599999999999999645e-01,0.000000000000000000e+00,2.000000000000000111e-01
0.000000000000000000e+00,0.000000000000000000e+00,0.000000000000000000e+00,0.000000000000000000e+00,0.000000000000000000e+00,0.000000000000000000e+00,0.000000000000000000e+00,0.000000000000000000e+00,0.000000000000000000e+00,0.000000000000000000e+00,0.000000000000000000e+00,0.000000000000000000e+00,0.000000000000000000e+00,0.000000000000000000e+00,0.000000000000000000e+00,0.000000000000000000e+00,0.000000000000000000e+00,0.000000000000000000e+00,0.000000000000000000e+00,0.000000000000000000e+00
1.760438012205000000e+12,2.000000000000000000e+00,4.000000000000000000e+00,0.000000000000000000e+00,-1.000000000000000056e-01,1.000000000000000000e+00,-2.447889799133477207e-01,2.483797722083828652e-01,-1.684996759796193178e-01,3.181629322210264843e-01,5.596330855672992932e-01,4.729088476634014659e-01,5.000000000000000000e-01,4.599999999999999645e-01,9.654272554275568075e-01,8.421319165133677176e-01,6.119999999999999885e-01,4.520000000000000129e-01,-2.000000000000000042e-02,2.000000000000000111e-01
1.760438012408000000e+12,2.000000000000000000e+00,4.000000000000000000e+00,0.000000000000000000e+00,-1.000000000000000056e-01,0.000000000000000000e+00,-1.684996759796193178e-01,3.181629322210264843e-01,-1.623322947914835335e-01,3.124628576071636354e-01,9.654272554275568075e-01,8.421319165133677176e-01,5.000000000000000000e-01,4.520000000000000129e-01,9.982324745133854815e-01,8.119727915722945166e-01,5.000000000000000000e-01,4.019999999999999685e-01,-2.000000000000000042e-02,0.000000000000000000e+00
1.760438012613000000e+12,2.000000000000000000e+00,4.000000000000000000e+00,0.000000000000000000e+00,0.000000000000000000e+00,0.000000000000000000e+00,-1.623322947914835335e-01,3.124628576071636354e-01,-1.623421757726124515e-01,3.030377870230442361e-01,9.982324745133854815e-01,8.119727915722945166e-01,4.000000000000000777e-01,4.019999999999999685e-01,9.981799161031252865e-01,7.621046932436204013e-01,5.000000000000000000e-01,3.719999999999999418e-01,0.000000000000000000e+00,0.000000000000000000e+00
1.760438012816000000e+12,2.000000000000000000e+00,4.000000000000000000e+00,0.000000000000000000e+00,0.000000000000000000e+00,0.000000000000000000e+00,-1.623425429756649163e-01,3.026290692899140100e-01,-1.623512709340186322e-01,2.924103484411483267e-01,9.981779628953993955e-01,7.599421655551006349e-01,2.999999999999999889e-01,3.719999999999999418e-01,9.981315375850072780e-01,7.058748594769753693e-01,5.000000000000000000e-01,3.719999999999999418e-01,0.000000000000000000e+00,0.000000000000000000e+00
1.760438013019000000e+12,2.000000000000000000e+00,4.000000000000000000e+00,0.000000000000000000e+00,0.000000000000000000e+00,0.000000000000000000e+00,-1.623512709340186322e-01,2.924103484411483267e-01,-1.623590985329560477e-01,2.821901383243320960e-01,9.981315375850072780e-01,7.058748594769753693e-01,1.959999999999997300e-01,3.719999999999999418e-01,9.980899014204466235e-01,6.517996736737148300e-01,5.000000000000000000e-01,3.719999999999999418e-01,0.000000000000000000e+00,0.000000000000000000e+00
1.760438013222000000e+12,2.000000000000000000e+00,4.000000000000000000e+00,0.000000000000000000e+00,1.000000000000000056e-01,0.000000000000000000e+00,-1.623590985329560477e-01,2.821901383243320960e-01,-1.623667542016232757e-01,2.732917155811077081e-01,9.980899014204466235e-01,6.517996736737148300e-01,9.600000000000025180e-02,3.719999999999999418e-01,9.980491797785996377e-01,6.047180718577127578e-01,5.000000000000000000e-01,4.180000000000000382e-01,2.000000000000000042e-02,0.000000000000000000e+00
1.760438013426000000e+12,2.000000000000000000e+00,4.000000000000000000e+00,0.000000000000000000e+00,1.000000000000000056e-01,0.000000000000000000e+00,-1.623667542016232757e-01,2.732917155811077081e-01,-1.623742351504093850e-01,2.687916368264716693e-01,9.980491797785996377e-01,6.047180718577127578e-01,-7.450580569168252509e-09,4.200000000000000955e-01,9.980093874978224200e-01,5.809081313569930405e-01,5.000000000000000000e-01,4.699999999999999734e-01,2.000000000000000042e-02,0.000000000000000000e+00
1.760438013629000000e+12,2.000000000000000000e+00,4.000000000000000000e+00,0.000000000000000000e+00,0.000000000000000000e+00,2.000000000000000000e+00,-1.623742351504093850e-01,2.687916368264716693e-01,-1.661513813707593823e-01,2.669774064277106729e-01,9.980093874978224200e-01,5.809081313569930405e-01,9.999999254941882576e-02,4.699999999999999734e-01,9.779181841980884027e-01,5.713090287180460081e-01,4.000000000000000777e-01,4.779999999999999805e-01,0.000000000000000000e+00,-2.000000000000000111e-01
1.760438013834000000e+12,2.000000000000000000e+00,4.000000000000000000e+00,0.000000000000000000e+00,0.000000000000000000e+00,0.000000000000000000e+00,-1.664684890218797175e-01,2.669076667528843538e-01,-1.747932967890442890e-01,2.651640990209970239e-01,9.762314413729802354e-01,5.709400357295468798e-01,2.039999925494183630e-01,4.779999999999999805e-01,9.319505489944452936e-01,5.617148096349049435e-01,3.960000000000000187e-01,4.779999999999999805e-01,0.000000000000000000e+00,0.000000000000000000e+00
1.760438014037000000e+12,2.000000000000000000e+00,4.000000000000000000e+00,0.000000000000000000e+00,0.000000000000000000e+00,0.000000000000000000e+00,-1.747932967890442890e-01,2.651640990209970239e-01,-1.831218940396206751e-01,2.634204649261141506e-01,9.319505489944452936e-01,5.617148096349049435e-01,5.000000000000000000e-01,4.779999999999999805e-01,8.876494997892517835e-01,5.524892324133025001e-01,3.960000000000000187e-01,4.779999999999999805e-01,0.000000000000000000e+00,0.000000000000000000e+00
1.760438014241000000e+12,2.000000000000000000e+00,4.000000000000000000e+00,0.000000000000000000e+00,0.000000000000000000e+00,2.000000000000000000e+00,-1.831218940396206751e-01,2.634204649261141506e-01,-1.955556805932233966e-01,2.616063268439550171e-01,8.876494997892517835e-01,5.524892324133025001e-01,5.000000000000000000e-01,4.779999999999999805e-01,8.215123372700883220e-01,5.428906182219842558e-01,2.959999999999999853e-01,4.779999999999999805e-01,0.000000000000000000e+00,-2.000000000000000111e-01
1.760438014444000000e+12,2.000000000000000000e+00,4.000000000000000000e+00,0.000000000000000000e+00,0.000000000000000000e+00,1.000000000000000000e+00,-1.955556805932233966e-01,2.616063268439550171e-01,-2.081134827912932417e-01,2.598619078660124315e-01,8.215123372700883220e-01,5.428906182219842558e-01,5.999999999999999778e-01,4.779999999999999805e-01,7.547155170675891034e-01,5.336608881799600468e-01,3.960000000000000187e-01,4.779999999999999805e-01,0.000000000000000000e+00,2.000000000000000111e-01
1.760438014647000000e+12,2.000000000000000000e+00,4.000000000000000000e+00,0.000000000000000000e+00,0.000000000000000000e+00,2.000000000000000000e+00,-2.081134827912932417e-01,2.598619078660124315e-01,-2.202178355349400374e-01,2.581176279069948287e-01,7.547155170675891034e-01,5.336608881799600468e-01,5.000000000000000000e-01,4.779999999999999805e-01,6.903306620481912681e-01,5.244318936878034076e-01,2.959999999999999853e-01,4.779999999999999805e-01,0.000000000000000000e+00,-2.000000000000000111e-01
1.760438014851000000e+12,2.000000000000000000e+00,4.000000000000000000e+00,0.000000000000000000e+00,0.000000000000000000e+00,1.000000000000000000e+00,-2.208679262052294368e-01,2.580478181303956786e-01,-2.337464858789390365e-01,2.563034994712355963e-01,6.868727329509072277e-01,5.240625297904534241e-01,6.039999999999999813e-01,4.779999999999999805e-01,6.183697559630901841e-01,5.148333305356381784e-01,3.920000000000000151e-01,4.779999999999999805e-01,0.000000000000000000e+00,2.000000000000000111e-01
1.760438015055000000e+12,2.000000000000000000e+00,4.000000000000000000e+00,0.000000000000000000e+00,-1.000000000000000056e-01,1.000000000000000000e+00,-2.337464858789390365e-01,2.563034994712355963e-01,-2.386335937807051999e-01,2.528275825747023364e-01,6.183697559630901841e-01,5.148333305356381784e-01,5.040000000000000036e-01,4.779999999999999805e-01,5.923745011664616200e-01,4.964422358449859796e-01,4.919999999999999929e-01,4.299999999999999933e-01,-2.000000000000000042e-02,2.000000000000000111e-01
1.760438015258000000e+12,2.000000000000000000e+00,4.000000000000000000e+00,0.000000000000000000e+00,0.000000000000000000e+00,2.000000000000000000e+00,-2.386335937807051999e-01,2.528275825747023364e-01,-2.427623151483087049e-01,2.464270661259224116e-01,5.923745011664616200e-01,4.964422358449859796e-01,4.040000000000000258e-01,4.299999999999999933e-01,5.704132172962302905e-01,4.625770694493249735e-01,3.960000000000000187e-01,4.220000000000000417e-01,0.000000000000000000e+00,-2.000000000000000111e-01
1.760438015461000000e+12,2.000000000000000000e+00,4.000000000000000000e+00,0.000000000000000000e+00,1.000000000000000056e-01,0.000000000000000000e+00,-2.427623151483087049e-01,2.464270661259224116e-01,-2.510924595936643300e-01,2.411560234774932365e-01,5.704132172962302905e-01,4.625770694493249735e-01,4.040000000000000258e-01,4.220000000000000417e-01,5.261039383315726514e-01,4.346879549073716653e-01,3.960000000000000187e-01,4.579999999999999627e-01,2.000000000000000042e-02,0.000000000000000000e+00
0.000000000000000000e+00,0.000000000000000000e+00,0.000000000000000000e+00,0.000000000000000000e+00,0.000000000000000000e+00,0.000000000000000000e+00,0.000000000000000000e+00,0.000000000000000000e+00,0.000000000000000000e+00,0.000000000000000000e+00,0.000000000000000000e+00,0.000000000000000000e+00,0.000000000000000000e+00,0.000000000000000000e+00,0.000000000000000000e+00,0.000000000000000000e+00,0.000000000000000000e+00,0.000000000000000000e+00,0.000000000000000000e+00,0.000000000000000000e+00
1.760438021092000000e+12,3.000000000000000000e+00,4.000000000000000000e+00,3.000000000000000000e+00,0.000000000000000000e+00,1.000000000000000000e+00,-2.520925323271754337e-01,2.407690459172137365e-01,-3.367932774756052794e-01,1.597554676689290631e-01,5.207844025150242251e-01,4.326404545884325326e-01,5.000000000000000000e-01,4.640000000000000235e-01,7.024852406592925480e-02,3.997183433487093950e-03,4.919999999999999929e-01,4.640000000000000235e-01,0.000000000000000000e+00,2.000000000000000111e-01
1.760438021296000000e+12,3.000000000000000000e+00,4.000000000000000000e+00,3.000000000000000000e+00,0.000000000000000000e+00,0.000000000000000000e+00,-3.367932774756052794e-01,1.597554676689290631e-01,-3.371355785547904826e-01,1.590458670402044028e-01,7.024852406592925480e-02,3.997183433487093950e-03,5.000000000000000000e-01,4.640000000000000235e-01,6.842777364473136281e-02,2.426827524042347330e-04,4.960000000000000520e-01,5.000000000000000000e-01,0.000000000000000000e+00,0.000000000000000000e+00
1.760438021499000000e+12,3.000000000000000000e+00,4.000000000000000000e+00,3.000000000000000000e+00,1.000000000000000056e-01,2.000000000000000000e+00,-3.371355785547904826e-01,1.590458670402044028e-01,-3.412444021213915657e-01,1.605043278959931152e-01,6.842777364473136281e-02,2.426827524042347330e-04,4.000000000000000777e-01,5.000000000000000000e-01,4.657232914153411341e-02,7.959406857106417557e-03,3.960000000000000187e-01,5.440000000000000391e-01,2.000000000000000042e-02,-2.000000000000000111e-01
1.760438021702000000e+12,3.000000000000000000e+00,4.000000000000000000e+00,3.000000000000000000e+00,1.000000000000000056e-01,0.000000000000000000e+00,-3.412444021213915657e-01,1.605043278959931152e-01,-3.499724643888290077e-01,1.662159563656389338e-01,4.657232914153411341e-02,7.959406857106417557e-03,2.999999999999999889e-01,5.440000000000000391e-01,1.464660168668624701e-04,3.817966331025890447e-02,5.000000000000000000e-01,5.959999999999999742e-01,2.000000000000000042e-02,0.000000000000000000e+00
1.760438021905000000e+12,3.000000000000000000e+00,4.000000000000000000e+00,3.000000000000000000e+00,0.000000000000000000e+00,0.000000000000000000e+00,-3.499724643888290077e-01,1.662159563656389338e-01,-3.499939536507825077e-01,1.748380665046013194e-01,1.464660168668624701e-04,3.817966331025890447e-02,1.959999999999997300e-01,5.959999999999999742e-01,3.216143200781940934e-05,8.379929367513926086e-02,5.000000000000000000e-01,6.099999999999999867e-01,0.000000000000000000e+00,0.000000000000000000e+00
1.760438022109000000e+12,3.000000000000000000e+00,4.000000000000000000e+00,3.000000000000000000e+00,0.000000000000000000e+00,1.000000000000000000e+00,-3.499939536507825077e-01,1.748380665046013194e-01,-3.462489993881309180e-01,1.840025419129922846e-01,3.216143200781940934e-05,8.379929367513926086e-02,9.600000000000025180e-02,6.099999999999999867e-01,1.995213091419712967e-02,1.322885815502237439e-01,5.959999999999999742e-01,6.099999999999999867e-01,0.000000000000000000e+00,2.000000000000000111e-01
1.760438022313000000e+12,3.000000000000000000e+00,4.000000000000000000e+00,3.000000000000000000e+00,0.000000000000000000e+00,0.000000000000000000e+00,-3.462489993881309180e-01,1.840025419129922846e-01,-3.382740383373243342e-01,1.928145596348960211e-01,1.995213091419712967e-02,1.322885815502237439e-01,-7.450580569168252509e-09,6.099999999999999867e-01,6.237213650359385575e-02,1.789130139412488107e-01,5.999999999999999778e-01,6.099999999999999867e-01,0.000000000000000000e+00,0.000000000000000000e+00
1.760438022516000000e+12,3.000000000000000000e+00,4.000000000000000000e+00,3.000000000000000000e+00,0.000000000000000000e+00,1.000000000000000000e+00,-3.382740383373243342e-01,1.928145596348960211e-01,-3.265269870926831297e-01,2.016263924923512862e-01,6.237213650359385575e-02,1.789130139412488107e-01,9.999999254941882576e-02,6.099999999999999867e-01,1.248564516346641062e-01,2.255364682134988752e-01,7.000000000000000666e-01,6.099999999999999867e-01,0.000000000000000000e+00,2.000000000000000111e-01
1.760438022719000000e+12,3.000000000000000000e+00,4.000000000000000000e+00,3.000000000000000000e+00,0.000000000000000000e+00,1.000000000000000000e+00,-3.265269870926831297e-01,2.016263924923512862e-01,-3.058265715648411098e-01,2.107887281408982461e-01,1.248564516346641062e-01,2.255364682134988752e-01,2.039999925494183630e-01,6.099999999999999867e-01,2.349650448678663461e-01,2.740144346079272375e-01,8.000000000000002665e-01,6.099999999999999867e-01,0.000000000000000000e+00,2.000000000000000111e-01
1.760438022922000000e+12,3.000000000000000000e+00,4.000000000000000000e+00,3.000000000000000000e+00,0.000000000000000000e+00,0.000000000000000000e+00,-3.058265715648411098e-01,2.107887281408982461e-01,-2.815258476638092811e-01,2.195972138730374335e-01,2.349650448678663461e-01,2.740144346079272375e-01,5.000000000000000000e-01,6.099999999999999867e-01,3.642242145542058940e-01,3.206201792224203095e-01,8.040000000000002700e-01,6.099999999999999867e-01,0.000000000000000000e+00,0.000000000000000000e+00
1.760438023126000000e+12,3.000000000000000000e+00,4.000000000000000000e+00,3.000000000000000000e+00,-1.000000000000000056e-01,2.000000000000000000e+00,-2.815258476638092811e-01,2.195972138730374335e-01,-2.609893326986681972e-01,2.281330366011151134e-01,3.642242145542058940e-01,3.206201792224203095e-01,5.000000000000000000e-01,6.099999999999999867e-01,4.734609962836797692e-01,3.657832624397625576e-01,7.039999999999999591e-01,5.899999999999999689e-01,-2.000000000000000042e-02,-2.000000000000000111e-01
1.760438023330000000e+12,3.000000000000000000e+00,4.000000000000000000e+00,3.000000000000000000e+00,-1.000000000000000056e-01,2.000000000000000000e+00,-2.603338634019327080e-01,2.284231151435348883e-01,-2.481100806170986606e-01,2.335947810402486946e-01,4.769475350961025484e-01,3.673180695425126707e-01,5.999999999999999778e-01,5.879999999999999671e-01,5.419676562920283658e-01,3.946813811653370752e-01,5.999999999999999778e-01,5.380000000000000338e-01,-2.000000000000000042e-02,-2.000000000000000111e-01
1.760438023533000000e+12,3.000000000000000000e+00,4.000000000000000000e+00,3.000000000000000000e+00,0.000000000000000000e+00,2.000000000000000000e+00,-2.481100806170986606e-01,2.335947810402486946e-01,-2.438955507486721130e-01,2.349334938043972643e-01,5.419676562920283658e-01,3.946813811653370752e-01,5.000000000000000000e-01,5.380000000000000338e-01,5.643853683581270264e-01,4.017645174835834387e-01,5.000000000000000000e-01,5.040000000000000036e-01,0.000000000000000000e+00,-2.000000000000000111e-01
1.760438023736000000e+12,3.000000000000000000e+00,4.000000000000000000e+00,3.000000000000000000e+00,0.000000000000000000e+00,2.000000000000000000e+00,-2.438955507486721130e-01,2.349334938043972643e-01,-2.479920044460548478e-01,2.352817081278744671e-01,5.643853683581270264e-01,4.017645174835834387e-01,6.039999999999999813e-01,5.040000000000000036e-01,5.425957210316231238e-01,4.036069213115051624e-01,4.000000000000000777e-01,5.040000000000000036e-01,0.000000000000000000e+00,-2.000000000000000111e-01
1.760438023939000000e+12,3.000000000000000000e+00,4.000000000000000000e+00,3.000000000000000000e+00,0.000000000000000000e+00,1.000000000000000000e+00,-2.479920044460548478e-01,2.352817081278744671e-01,-2.525494414744929306e-01,2.356166606795255525e-01,5.425957210316231238e-01,4.036069213115051624e-01,5.040000000000000036e-01,5.040000000000000036e-01,5.183540347101439627e-01,4.053791570345267603e-01,4.960000000000000520e-01,5.040000000000000036e-01,0.000000000000000000e+00,2.000000000000000111e-01
0.000000000000000000e+00,0.000000000000000000e+00,0.000000000000000000e+00,0.000000000000000000e+00,0.000000000000000000e+00,0.000000000000000000e+00,0.000000000000000000e+00,0.000000000000000000e+00,0.000000000000000000e+00,0.000000000000000000e+00,0.000000000000000000e+00,0.000000000000000000e+00,0.000000000000000000e+00,0.000000000000000000e+00,0.000000000000000000e+00,0.000000000000000000e+00,0.000000000000000000e+00,0.000000000000000000e+00,0.000000000000000000e+00,0.000000000000000000e+00
1.760438029623000000e+12,4.000000000000000000e+00,4.000000000000000000e+00,1.000000000000000000e+00,0.000000000000000000e+00,2.000000000000000000e+00,-2.525606773256829918e-01,2.356568866119812533e-01,-3.357259288155772792e-01,3.217238051591703729e-01,5.182942695442394054e-01,4.055919926559855004e-01,5.000000000000000000e-01,5.040000000000000036e-01,7.592591055543990164e-02,8.609725140696846690e-01,4.080000000000000293e-01,5.040000000000000036e-01,0.000000000000000000e+00,-2.000000000000000111e-01
1.760438029826000000e+12,4.000000000000000000e+00,4.000000000000000000e+00,1.000000000000000000e+00,0.000000000000000000e+00,2.000000000000000000e+00,-3.357259288155772792e-01,3.217238051591703729e-01,-3.468961354610715087e-01,3.220789872584171598e-01,7.592591055543990164e-02,8.609725140696846690e-01,5.000000000000000000e-01,5.040000000000000036e-01,1.650991776025781746e-02,8.628517844360696909e-01,3.080000000000000515e-01,5.040000000000000036e-01,0.000000000000000000e+00,-2.000000000000000111e-01
1.760438030030000000e+12,4.000000000000000000e+00,4.000000000000000000e+00,1.000000000000000000e+00,0.000000000000000000e+00,2.000000000000000000e+00,-3.468961354610715087e-01,3.220789872584171598e-01,-3.496292113531149770e-01,3.224370513453722609e-01,1.650991776025781746e-02,8.628517844360696909e-01,4.000000000000000777e-01,5.040000000000000036e-01,1.972280036622344780e-03,8.647463034146681826e-01,5.000000000000000000e-01,5.040000000000000036e-01,0.000000000000000000e+00,-2.000000000000000111e-01
1.760438030233000000e+12,4.000000000000000000e+00,4.000000000000000000e+00,1.000000000000000000e+00,0.000000000000000000e+00,2.000000000000000000e+00,-3.496311773310273874e-01,3.224514096732999380e-01,-3.496804044876404838e-01,3.228104505678622838e-01,1.961822707301013116e-03,8.648222734037034343e-01,2.999999999999999889e-01,5.040000000000000036e-01,1.699976129571776880e-03,8.667219606765200757e-01,5.000000000000000000e-01,5.040000000000000036e-01,0.000000000000000000e+00,-2.000000000000000111e-01
1.760438030437000000e+12,4.000000000000000000e+00,4.000000000000000000e+00,1.000000000000000000e+00,0.000000000000000000e+00,1.000000000000000000e+00,-3.496804044876404838e-01,3.228104505678622838e-01,-3.459531062796722956e-01,3.231691685854874985e-01,1.699976129571776880e-03,8.667219606765200757e-01,1.959999999999997300e-01,5.040000000000000036e-01,2.152603042727490798e-02,8.686199396057541211e-01,5.999999999999999778e-01,5.040000000000000036e-01,0.000000000000000000e+00,2.000000000000000111e-01
1.760438030640000000e+12,4.000000000000000000e+00,4.000000000000000000e+00,1.000000000000000000e+00,0.000000000000000000e+00,1.000000000000000000e+00,-3.459531062796722956e-01,3.231691685854874985e-01,-3.335994623028071260e-01,3.235391606517243335e-01,2.152603042727490798e-02,8.686199396057541211e-01,9.600000000000025180e-02,5.040000000000000036e-01,8.723690264464284416e-02,8.705775695858430918e-01,7.000000000000000666e-01,5.040000000000000036e-01,0.000000000000000000e+00,2.000000000000000111e-01
1.760438030843000000e+12,4.000000000000000000e+00,4.000000000000000000e+00,1.000000000000000000e+00,-1.000000000000000056e-01,1.000000000000000000e+00,-3.335994623028071260e-01,3.235391606517243335e-01,-3.135523506289684126e-01,3.227032008229220872e-01,8.723690264464284416e-02,8.705775695858430918e-01,-7.450580569168252509e-09,5.040000000000000036e-01,1.938704753778275058e-01,8.661545017085825471e-01,8.040000000000002700e-01,4.640000000000000235e-01,-2.000000000000000042e-02,2.000000000000000111e-01
1.760438031047000000e+12,4.000000000000000000e+00,4.000000000000000000e+00,1.000000000000000000e+00,-1.000000000000000056e-01,1.000000000000000000e+00,-3.135523506289684126e-01,3.227032008229220872e-01,-2.854955096355041300e-01,3.179632057214437091e-01,1.938704753778275058e-01,8.661545017085825471e-01,9.999999254941882576e-02,4.640000000000000235e-01,3.431089913005098690e-01,8.410751625473212867e-01,9.039999999999998037e-01,4.140000000000000346e-01,-2.000000000000000042e-02,2.000000000000000111e-01
1.760438031249000000e+12,4.000000000000000000e+00,4.000000000000000000e+00,1.000000000000000000e+00,-1.000000000000000056e-01,0.000000000000000000e+00,-2.854955096355041300e-01,3.179632057214437091e-01,-2.515930119480469518e-01,3.087846118680745988e-01,3.431089913005098690e-01,8.410751625473212867e-01,2.039999925494183630e-01,4.140000000000000346e-01,5.234414258082608074e-01,7.925111739051566850e-01,9.079999999999996962e-01,3.619999999999999329e-01,-2.000000000000000042e-02,0.000000000000000000e+00
1.760438031455000000e+12,4.000000000000000000e+00,4.000000000000000000e+00,1.000000000000000000e+00,-1.000000000000000056e-01,0.000000000000000000e+00,-2.515930119480469518e-01,3.087846118680745988e-01,-2.189709760411376327e-01,2.958718865622277372e-01,5.234414258082608074e-01,7.925111739051566850e-01,5.000000000000000000e-01,3.619999999999999329e-01,6.969628933982040531e-01,7.241898759906230110e-01,9.079999999999996962e-01,3.120000000000000551e-01,-2.000000000000000042e-02,0.000000000000000000e+00
1.760438031657000000e+12,4.000000000000000000e+00,4.000000000000000000e+00,1.000000000000000000e+00,0.000000000000000000e+00,2.000000000000000000e+00,-2.189709760411376327e-01,2.958718865622277372e-01,-1.901206757165692651e-01,2.806934900663993204e-01,6.969628933982040531e-01,7.241898759906230110e-01,5.000000000000000000e-01,3.120000000000000551e-01,8.504219376778230366e-01,6.438808998222187441e-01,8.080000000000003846e-01,3.100000000000000533e-01,0.000000000000000000e+00,-2.000000000000000111e-01
1.760438031861000000e+12,4.000000000000000000e+00,4.000000000000000000e+00,1.000000000000000000e+00,0.000000000000000000e+00,2.000000000000000000e+00,-1.891323353094369886e-01,2.800860545205891561e-01,-1.685866477774082273e-01,2.649006187956667868e-01,8.556790675029947169e-01,6.406669551353924019e-01,5.999999999999999778e-01,3.100000000000000533e-01,9.649646394818711670e-01,5.603207343686074093e-01,7.039999999999999591e-01,3.100000000000000533e-01,0.000000000000000000e+00,-2.000000000000000111e-01
1.760438032064000000e+12,4.000000000000000000e+00,4.000000000000000000e+00,1.000000000000000000e+00,0.000000000000000000e+00,0.000000000000000000e+00,-1.685866477774082273e-01,2.649006187956667868e-01,-1.626314656209809084e-01,2.497160344979803270e-01,9.649646394818711670e-01,5.603207343686074093e-01,5.000000000000000000e-01,3.100000000000000533e-01,9.966411403139313618e-01,4.799790185078324778e-01,5.000000000000000000e-01,3.100000000000000533e-01,0.000000000000000000e+00,0.000000000000000000e+00
1.760438032268000000e+12,4.000000000000000000e+00,4.000000000000000000e+00,1.000000000000000000e+00,1.000000000000000056e-01,0.000000000000000000e+00,-1.626314656209809084e-01,2.497160344979803270e-01,-1.626347064651026963e-01,2.356568700755227730e-01,9.966411403139313618e-01,4.799790185078324778e-01,6.039999999999999813e-01,3.100000000000000533e-01,9.966239017813686152e-01,4.055919051614961801e-01,5.000000000000000000e-01,3.579999999999998739e-01,2.000000000000000042e-02,0.000000000000000000e+00
1.760438032472000000e+12,4.000000000000000000e+00,4.000000000000000000e+00,1.000000000000000000e+00,0.000000000000000000e+00,2.000000000000000000e+00,-1.626347064651026963e-01,2.356568700755227730e-01,-1.664044092242731310e-01,2.260234498119631508e-01,9.966239017813686152e-01,4.055919051614961801e-01,5.040000000000000036e-01,3.579999999999998739e-01,9.765722913602493671e-01,3.546214275765246504e-01,4.000000000000000777e-01,3.919999999999999596e-01,0.000000000000000000e+00,-2.000000000000000111e-01
1.760438032675000000e+12,4.000000000000000000e+00,4.000000000000000000e+00,1.000000000000000000e+00,1.000000000000000056e-01,0.000000000000000000e+00,-1.664044092242731310e-01,2.260234498119631508e-01,-1.744060192332414216e-01,2.174110825847687112e-01,9.765722913602493671e-01,3.546214275765246504e-01,4.040000000000000258e-01,3.919999999999999596e-01,9.340105359933966733e-01,3.090533470093582702e-01,4.000000000000000777e-01,3.980000000000000204e-01,2.000000000000000042e-02,0.000000000000000000e+00
1.760438032879000000e+12,4.000000000000000000e+00,4.000000000000000000e+00,1.000000000000000000e+00,1.000000000000000056e-01,2.000000000000000000e+00,-1.747261535131715560e-01,2.170835324287975487e-01,-1.864966960989827838e-01,2.109751974009582975e-01,9.323076940788747047e-01,3.073202774010452831e-01,4.040000000000000258e-01,3.999999999999999667e-01,8.696984250054107246e-01,2.750010444495148421e-01,2.999999999999999889e-01,4.500000000000000111e-01,2.000000000000000042e-02,-2.000000000000000111e-01
1.760438033081000000e+12,4.000000000000000000e+00,4.000000000000000000e+00,1.000000000000000000e+00,1.000000000000000056e-01,2.000000000000000000e+00,-1.864966960989827838e-01,2.109751974009582975e-01,-2.062677927231449104e-01,2.088652072959280015e-01,8.696984250054107246e-01,2.750010444495148421e-01,5.000000000000000000e-01,4.500000000000000111e-01,7.645330174300802861e-01,2.638370756398307204e-01,1.999999999999997613e-01,5.000000000000000000e-01,2.000000000000000042e-02,-2.000000000000000111e-01
1.760438033285000000e+12,4.000000000000000000e+00,4.000000000000000000e+00,1.000000000000000000e+00,1.000000000000000056e-01,1.000000000000000000e+00,-2.062677927231449104e-01,2.088652072959280015e-01,-2.277790194059516882e-01,2.109164206224531934e-01,7.645330174300802861e-01,2.638370756398307204e-01,5.000000000000000000e-01,5.000000000000000000e-01,6.501115989045123111e-01,2.746900562034561011e-01,2.959999999999999853e-01,5.519999999999999352e-01,2.000000000000000042e-02,2.000000000000000111e-01
1.760438033489000000e+12,4.000000000000000000e+00,4.000000000000000000e+00,1.000000000000000000e+00,0.000000000000000000e+00,1.000000000000000000e+00,-2.277790194059516882e-01,2.109164206224531934e-01,-2.403406331818843111e-01,2.164083937739050001e-01,6.501115989045123111e-01,2.746900562034561011e-01,5.000000000000000000e-01,5.519999999999999352e-01,5.832945043516791772e-01,3.037481152058466027e-01,3.960000000000000187e-01,5.739999999999999547e-01,0.000000000000000000e+00,2.000000000000000111e-01
1.760438033693000000e+12,4.000000000000000000e+00,4.000000000000000000e+00,1.000000000000000000e+00,0.000000000000000000e+00,1.000000000000000000e+00,-2.403406331818843111e-01,2.164083937739050001e-01,-2.449048700876616247e-01,2.223418982680481770e-01,5.832945043516791772e-01,3.037481152058466027e-01,5.999999999999999778e-01,5.739999999999999547e-01,5.590166484698849692e-01,3.351423188785618290e-01,4.960000000000000520e-01,5.739999999999999547e-01,0.000000000000000000e+00,2.000000000000000111e-01
1.760438033896000000e+12,4.000000000000000000e+00,4.000000000000000000e+00,1.000000000000000000e+00,0.000000000000000000e+00,2.000000000000000000e+00,-2.449213081999333241e-01,2.225792509753051207e-01,-2.487071410822379036e-01,2.285133699165407262e-01,5.589292117024823314e-01,3.363981533084927089e-01,5.000000000000000000e-01,5.739999999999999547e-01,5.387918027540536947e-01,3.677956080240250558e-01,3.999999999999999667e-01,5.739999999999999547e-01,0.000000000000000000e+00,-2.000000000000000111e-01
1.760438034099000000e+12,4.000000000000000000e+00,4.000000000000000000e+00,1.000000000000000000e+00,0.000000000000000000e+00,1.000000000000000000e+00,-2.487071410822379036e-01,2.285133699165407262e-01,-2.529436963132771776e-01,2.344481532540229063e-01,5.387918027540536947e-01,3.677956080240250558e-01,6.039999999999999813e-01,5.739999999999999547e-01,5.162569345038447999e-01,3.991965780636133054e-01,5.000000000000000000e-01,5.739999999999999547e-01,0.000000000000000000e+00,2.000000000000000111e-01
1.760438034304000000e+12,4.000000000000000000e+00,4.000000000000000000e+00,1.000000000000000000e+00,0.000000000000000000e+00,1.000000000000000000e+00,-2.529436963132771776e-01,2.344481532540229063e-01,-2.488708685158885214e-01,2.406207069486025196e-01,5.162569345038447999e-01,3.991965780636133054e-01,7.039999999999999591e-01,5.739999999999999547e-01,5.379209121495290846e-01,4.318555923206482960e-01,6.039999999999999813e-01,5.739999999999999547e-01,0.000000000000000000e+00,2.000000000000000111e-01
1.760438034507000000e+12,4.000000000000000000e+00,4.000000000000000000e+00,1.000000000000000000e+00,0.000000000000000000e+00,2.000000000000000000e+00,-2.488708685158885214e-01,2.406207069486025196e-01,-2.443413930542355783e-01,2.465563177886346269e-01,5.379209121495290846e-01,4.318555923206482960e-01,6.039999999999999813e-01,5.739999999999999547e-01,5.620138667327894133e-01,4.632609406806065255e-01,5.040000000000000036e-01,5.739999999999999547e-01,0.000000000000000000e+00,-2.000000000000000111e-01
0.000000000000000000e+00,0.000000000000000000e+00,0.000000000000000000e+00,0.000000000000000000e+00,0.000000000000000000e+00,0.000000000000000000e+00,0.000000000000000000e+00,0.000000000000000000e+00,0.000000000000000000e+00,0.000000000000000000e+00,0.000000000000000000e+00,0.000000000000000000e+00,0.000000000000000000e+00,0.000000000000000000e+00,0.000000000000000000e+00,0.000000000000000000e+00,0.000000000000000000e+00,0.000000000000000000e+00,0.000000000000000000e+00,0.000000000000000000e+00
1.760438040236000000e+12,5.000000000000000000e+00,4.000000000000000000e+00,2.000000000000000000e+00,0.000000000000000000e+00,0.000000000000000000e+00,-2.443562897233104159e-01,2.475061258389289753e-01,-1.721050475299948646e-01,1.684360339312633015e-01,5.619346291313275232e-01,4.682863801001533877e-01,5.000000000000000000e-01,5.739999999999999547e-01,9.462497471808783978e-01,4.992610545641958109e-02,4.879999999999999893e-01,5.739999999999999547e-01,0.000000000000000000e+00,0.000000000000000000e+00
1.760438040438000000e+12,5.000000000000000000e+00,4.000000000000000000e+00,2.000000000000000000e+00,0.000000000000000000e+00,2.000000000000000000e+00,-1.721435120039034317e-01,1.686731792198027657e-01,-1.768752936248514929e-01,1.746020639693312559e-01,9.460451489154072524e-01,5.118084243281886131e-02,5.000000000000000000e-01,5.739999999999999547e-01,9.208760977401516667e-01,8.255060301233468900e-02,3.880000000000000115e-01,5.739999999999999547e-01,0.000000000000000000e+00,-2.000000000000000111e-01
1.760438040640000000e+12,5.000000000000000000e+00,4.000000000000000000e+00,2.000000000000000000e+00,1.000000000000000056e-01,0.000000000000000000e+00,-1.768752936248514929e-01,1.746020639693312559e-01,-1.858353601642715458e-01,1.808689568360914435e-01,9.208760977401516667e-01,8.255060301233468900e-02,4.000000000000000777e-01,5.739999999999999547e-01,8.732161693389811630e-01,1.157087663285261553e-01,3.880000000000000115e-01,5.959999999999999742e-01,2.000000000000000042e-02,0.000000000000000000e+00
1.760438040844000000e+12,5.000000000000000000e+00,4.000000000000000000e+00,2.000000000000000000e+00,1.000000000000000056e-01,2.000000000000000000e+00,-1.858353601642715458e-01,1.808689568360914435e-01,-1.989260181591823162e-01,1.909078240304026841e-01,8.732161693389811630e-01,1.157087663285261553e-01,2.999999999999999889e-01,5.959999999999999742e-01,8.035850097915834267e-01,1.688244657693263873e-01,2.919999999999999818e-01,6.460000000000001297e-01,2.000000000000000042e-02,-2.000000000000000111e-01
1.760438041049000000e+12,5.000000000000000000e+00,4.000000000000000000e+00,2.000000000000000000e+00,0.000000000000000000e+00,1.000000000000000000e+00,-1.989260181591823162e-01,1.909078240304026841e-01,-2.121230656993744745e-01,2.035743749419425819e-01,8.035850097915834267e-01,1.688244657693263873e-01,1.959999999999997300e-01,6.480000000000000204e-01,7.333879484075825905e-01,2.358432536610718944e-01,3.880000000000000115e-01,6.600000000000001421e-01,0.000000000000000000e+00,2.000000000000000111e-01
1.760438041251000000e+12,5.000000000000000000e+00,4.000000000000000000e+00,2.000000000000000000e+00,0.000000000000000000e+00,1.000000000000000000e+00,-2.121230656993744745e-01,2.035743749419425819e-01,-2.173209473503942279e-01,2.163878518278951335e-01,7.333879484075825905e-01,2.358432536610718944e-01,9.600000000000025180e-02,6.600000000000001421e-01,7.057396417532221244e-01,3.036394276608208598e-01,4.879999999999999893e-01,6.600000000000001421e-01,0.000000000000000000e+00,2.000000000000000111e-01
1.760438041455000000e+12,5.000000000000000000e+00,4.000000000000000000e+00,2.000000000000000000e+00,-1.000000000000000056e-01,2.000000000000000000e+00,-2.173627966507228892e-01,2.169004036476308017e-01,-2.217813047261056325e-01,2.291530924504104616e-01,7.055170390918995560e-01,3.063513420509566543e-01,-7.450580569168252509e-09,6.600000000000001421e-01,6.820143365632679311e-01,3.711803833355051263e-01,3.920000000000000151e-01,6.320000000000000062e-01,-2.000000000000000042e-02,-2.000000000000000111e-01
1.760438041659000000e+12,5.000000000000000000e+00,4.000000000000000000e+00,2.000000000000000000e+00,-1.000000000000000056e-01,1.000000000000000000e+00,-2.217813047261056325e-01,2.291530924504104616e-01,-2.266566539373487399e-01,2.378439466634855726e-01,6.820143365632679311e-01,3.711803833355051263e-01,9.999999254941882576e-02,6.320000000000000062e-01,6.560816279928258776e-01,4.171637389602411705e-01,4.919999999999999929e-01,5.819999999999999618e-01,-2.000000000000000042e-02,2.000000000000000111e-01
1.760438041862000000e+12,5.000000000000000000e+00,4.000000000000000000e+00,2.000000000000000000e+00,0.000000000000000000e+00,2.000000000000000000e+00,-2.266566539373487399e-01,2.378439466634855726e-01,-2.310806740577293072e-01,2.431000295637775477e-01,6.560816279928258776e-01,4.171637389602411705e-01,2.039999925494183630e-01,5.819999999999999618e-01,6.325496060759079331e-01,4.449737013956484577e-01,3.920000000000000151e-01,5.599999999999999423e-01,0.000000000000000000e+00,-2.000000000000000111e-01
1.760438042065000000e+12,5.000000000000000000e+00,4.000000000000000000e+00,2.000000000000000000e+00,0.000000000000000000e+00,1.000000000000000000e+00,-2.314235503528971338e-01,2.432926392644053915e-01,-2.366231936585139750e-01,2.481085399083795273e-01,6.307257959952279336e-01,4.459928003407693242e-01,5.000000000000000000e-01,5.599999999999999423e-01,6.030681188376916246e-01,4.714737561289922829e-01,4.879999999999999893e-01,5.599999999999999423e-01,0.000000000000000000e+00,2.000000000000000111e-01
1.760438042268000000e+12,5.000000000000000000e+00,4.000000000000000000e+00,2.000000000000000000e+00,0.000000000000000000e+00,2.000000000000000000e+00,-2.366231936585139750e-01,2.481085399083795273e-01,-2.413708645876324332e-01,2.529250880669852708e-01,6.030681188376916246e-01,4.714737561289922829e-01,5.000000000000000000e-01,5.599999999999999423e-01,5.778145500657848599e-01,4.969581379205570415e-01,3.880000000000000115e-01,5.599999999999999423e-01,0.000000000000000000e+00,-2.000000000000000111e-01
1.760438042471000000e+12,5.000000000000000000e+00,4.000000000000000000e+00,2.000000000000000000e+00,0.000000000000000000e+00,1.000000000000000000e+00,-2.413708645876324332e-01,2.529250880669852708e-01,-2.472403774668447962e-01,2.579350013283168153e-01,5.778145500657848599e-01,4.969581379205570415e-01,5.999999999999999778e-01,5.599999999999999423e-01,5.465937368784851147e-01,5.234656154937398220e-01,4.799999999999999822e-01,5.599999999999999423e-01,0.000000000000000000e+00,2.000000000000000111e-01
1.760438042675000000e+12,5.000000000000000000e+00,4.000000000000000000e+00,2.000000000000000000e+00,0.000000000000000000e+00,1.000000000000000000e+00,-2.472403774668447962e-01,2.579350013283168153e-01,-2.447691237112472884e-01,2.627529869397524087e-01,5.465937368784851147e-01,5.234656154937398220e-01,5.000000000000000000e-01,5.599999999999999423e-01,5.597387036635782520e-01,5.489576028558329490e-01,5.840000000000000746e-01,5.599999999999999423e-01,0.000000000000000000e+00,2.000000000000000111e-01
1.760438042878000000e+12,5.000000000000000000e+00,4.000000000000000000e+00,2.000000000000000000e+00,-1.000000000000000056e-01,2.000000000000000000e+00,-2.447691237112472884e-01,2.627529869397524087e-01,-2.418355308796397152e-01,2.666186193552165795e-01,5.597387036635782520e-01,5.489576028558329490e-01,6.039999999999999813e-01,5.599999999999999423e-01,5.753429208529802219e-01,5.694106844191354488e-01,4.839999999999999858e-01,5.240000000000000213e-01,-2.000000000000000042e-02,-2.000000000000000111e-01
1.760438043083000000e+12,5.000000000000000000e+00,4.000000000000000000e+00,2.000000000000000000e+00,-1.000000000000000056e-01,1.000000000000000000e+00,-2.418841514891774680e-01,2.666977712284435142e-01,-2.397300405475150664e-01,2.665948799765843202e-01,5.750843005894815674e-01,5.698294773991721129e-01,5.040000000000000036e-01,5.220000000000000195e-01,5.865423375132177153e-01,5.692850792411869865e-01,5.799999999999999600e-01,4.720000000000000306e-01,-2.000000000000000042e-02,2.000000000000000111e-01
1.760438043286000000e+12,5.000000000000000000e+00,4.000000000000000000e+00,2.000000000000000000e+00,-1.000000000000000056e-01,2.000000000000000000e+00,-2.397300405475150664e-01,2.665948799765843202e-01,-2.371174190339746524e-01,2.624900111542959324e-01,5.865423375132177153e-01,5.692850792411869865e-01,4.040000000000000258e-01,4.720000000000000306e-01,6.004392604575815584e-01,5.475661965835764144e-01,4.799999999999999822e-01,4.220000000000000417e-01,-2.000000000000000042e-02,-2.000000000000000111e-01
1.760438043489000000e+12,5.000000000000000000e+00,4.000000000000000000e+00,2.000000000000000000e+00,0.000000000000000000e+00,2.000000000000000000e+00,-2.371174190339746524e-01,2.624900111542959324e-01,-2.424955507124328391e-01,2.543897765874164052e-01,6.004392604575815584e-01,5.475661965835764144e-01,4.040000000000000258e-01,4.220000000000000417e-01,5.718321770615274469e-01,5.047078126318328417e-01,3.800000000000000600e-01,3.759999999999999454e-01,0.000000000000000000e+00,-2.000000000000000111e-01
1.760438043692000000e+12,5.000000000000000000e+00,4.000000000000000000e+00,2.000000000000000000e+00,0.000000000000000000e+00,0.000000000000000000e+00,-2.428768601849075059e-01,2.539936277817472776e-01,-2.528066037983611736e-01,2.440893687968596626e-01,5.698039351866621693e-01,5.026117872050120949e-01,5.000000000000000000e-01,3.759999999999999454e-01,5.169861500087171713e-01,4.502083005124850601e-01,3.760000000000000564e-01,3.759999999999999454e-01,0.000000000000000000e+00,0.000000000000000000e+00
1.760438043896000000e+12,5.000000000000000000e+00,4.000000000000000000e+00,2.000000000000000000e+00,0.000000000000000000e+00,1.000000000000000000e+00,-2.528066037983611736e-01,2.440893687968596626e-01,-2.589733246412349033e-01,2.341847964762773238e-01,5.169861500087171713e-01,4.502083005124850601e-01,5.000000000000000000e-01,3.759999999999999454e-01,4.841844433976866258e-01,3.978031559591393429e-01,4.760000000000000342e-01,3.759999999999999454e-01,0.000000000000000000e+00,2.000000000000000111e-01
1.760438044100000000e+12,5.000000000000000000e+00,4.000000000000000000e+00,2.000000000000000000e+00,1.000000000000000056e-01,2.000000000000000000e+00,-2.590522421190430968e-01,2.337886144324756721e-01,-2.644377691249608642e-01,2.239167411668823437e-01,4.837646695795579377e-01,3.957069546691834860e-01,5.000000000000000000e-01,3.759999999999999454e-01,4.551182493353144731e-01,3.434748209887955039e-01,3.800000000000000600e-01,3.839999999999999525e-01,2.000000000000000042e-02,-2.000000000000000111e-01
1.760438044303000000e+12,5.000000000000000000e+00,4.000000000000000000e+00,2.000000000000000000e+00,1.000000000000000056e-01,1.000000000000000000e+00,-2.644377691249608642e-01,2.239167411668823437e-01,-2.702719124209070900e-01,2.165367506052146285e-01,4.551182493353144731e-01,3.434748209887955039e-01,5.999999999999999778e-01,3.839999999999999525e-01,4.240855722292175556e-01,3.044272518794425286e-01,4.799999999999999822e-01,4.340000000000000524e-01,2.000000000000000042e-02,2.000000000000000111e-01
1.760438044508000000e+12,5.000000000000000000e+00,4.000000000000000000e+00,2.000000000000000000e+00,1.000000000000000056e-01,2.000000000000000000e+00,-2.702719124209070900e-01,2.165367506052146285e-01,-2.754096019647849225e-01,2.131025648413250317e-01,4.240855722292175556e-01,3.044272518794425286e-01,5.000000000000000000e-01,4.340000000000000524e-01,3.967574363575269714e-01,2.862569568324075941e-01,3.880000000000000115e-01,4.839999999999999858e-01,2.000000000000000042e-02,-2.000000000000000111e-01
1.760438044711000000e+12,5.000000000000000000e+00,4.000000000000000000e+00,2.000000000000000000e+00,1.000000000000000056e-01,1.000000000000000000e+00,-2.754096019647849225e-01,2.131025648413250317e-01,-2.809315896485398145e-01,2.138790981209991171e-01,3.967574363575269714e-01,2.862569568324075941e-01,6.039999999999999813e-01,4.860000000000000431e-01,3.673851614439370694e-01,2.903655985238048909e-01,4.839999999999999858e-01,5.360000000000000320e-01,2.000000000000000042e-02,2.000000000000000111e-01
1.760438044913000000e+12,5.000000000000000000e+00,4.000000000000000000e+00,2.000000000000000000e+00,0.000000000000000000e+00,1.000000000000000000e+00,-2.809315896485398145e-01,2.138790981209991171e-01,-2.784569506373762993e-01,2.186576659519582633e-01,3.673851614439370694e-01,2.903655985238048909e-01,7.039999999999999591e-01,5.360000000000000320e-01,3.805481349075728326e-01,3.156490262008374015e-01,5.840000000000000746e-01,5.839999999999999636e-01,0.000000000000000000e+00,2.000000000000000111e-01
1.760438045116000000e+12,5.000000000000000000e+00,4.000000000000000000e+00,2.000000000000000000e+00,0.000000000000000000e+00,1.000000000000000000e+00,-2.784569506373762993e-01,2.186576659519582633e-01,-2.673950887334265447e-01,2.256600416455551150e-01,3.805481349075728326e-01,3.156490262008374015e-01,6.039999999999999813e-01,5.839999999999999636e-01,4.393878258860289820e-01,3.526986330452652196e-01,6.839999999999999414e-01,5.839999999999999636e-01,0.000000000000000000e+00,2.000000000000000111e-01
1.760438045320000000e+12,5.000000000000000000e+00,4.000000000000000000e+00,2.000000000000000000e+00,0.000000000000000000e+00,2.000000000000000000e+00,-2.673950887334265447e-01,2.256600416455551150e-01,-2.561412443373414227e-01,2.323933668606449343e-01,4.393878258860289820e-01,3.526986330452652196e-01,5.040000000000000036e-01,5.839999999999999636e-01,4.992487003332902740e-01,3.883246923843647891e-01,5.879999999999999671e-01,5.839999999999999636e-01,0.000000000000000000e+00,-2.000000000000000111e-01
1.760438045524000000e+12,5.000000000000000000e+00,4.000000000000000000e+00,2.000000000000000000e+00,0.000000000000000000e+00,2.000000000000000000e+00,-2.561412443373414227e-01,2.323933668606449343e-01,-2.528791185339935854e-01,2.391284886090017936e-01,4.992487003332902740e-01,3.883246923843647891e-01,4.000000000000000777e-01,5.839999999999999636e-01,5.166004333298213069e-01,4.239602571904857453e-01,4.879999999999999893e-01,5.839999999999999636e-01,0.000000000000000000e+00,-2.000000000000000111e-01
0.000000000000000000e+00,0.000000000000000000e+00,0.000000000000000000e+00,0.000000000000000000e+00,0.000000000000000000e+00,0.000000000000000000e+00,0.000000000000000000e+00,0.000000000000000000e+00,0.000000000000000000e+00,0.000000000000000000e+00,0.000000000000000000e+00,0.000000000000000000e+00,0.000000000000000000e+00,0.000000000000000000e+00,0.000000000000000000e+00,0.000000000000000000e+00,0.000000000000000000e+00,0.000000000000000000e+00,0.000000000000000000e+00,0.000000000000000000e+00
1.760438051159000000e+12,6.000000000000000000e+00,4.000000000000000000e+00,0.000000000000000000e+00,0.000000000000000000e+00,1.000000000000000000e+00,-2.530844589233991471e-01,2.402062174509045633e-01,-1.715429515445268116e-01,3.276376735215630887e-01,5.155081972159619719e-01,4.296625261952622954e-01,5.000000000000000000e-01,5.839999999999999636e-01,9.492396194440063661e-01,8.922628228654132521e-01,5.679999999999999494e-01,5.839999999999999636e-01,0.000000000000000000e+00,2.000000000000000111e-01
1.760438051363000000e+12,6.000000000000000000e+00,4.000000000000000000e+00,0.000000000000000000e+00,0.000000000000000000e+00,0.000000000000000000e+00,-1.715429515445268116e-01,3.276376735215630887e-01,-1.657992542995487539e-01,3.343850381899450275e-01,9.492396194440063661e-01,8.922628228654132521e-01,5.000000000000000000e-01,5.839999999999999636e-01,9.797912005343151209e-01,9.279631650261642717e-01,5.720000000000000639e-01,5.839999999999999636e-01,0.000000000000000000e+00,0.000000000000000000e+00
1.760438051566000000e+12,6.000000000000000000e+00,4.000000000000000000e+00,0.000000000000000000e+00,-1.000000000000000056e-01,0.000000000000000000e+00,-1.657992542995487539e-01,3.343850381899450275e-01,-1.620686693953391488e-01,3.404817731461364794e-01,9.797912005343151209e-01,9.279631650261642717e-01,4.000000000000000777e-01,5.839999999999999636e-01,9.996347372588343383e-01,9.602210219372301347e-01,5.000000000000000000e-01,5.540000000000000480e-01,-2.000000000000000042e-02,0.000000000000000000e+00
1.760438051770000000e+12,6.000000000000000000e+00,4.000000000000000000e+00,0.000000000000000000e+00,-1.000000000000000056e-01,0.000000000000000000e+00,-1.620692292692578751e-01,3.406573546417168696e-01,-1.620835628874077727e-01,3.429641521270561655e-01,9.996317592060751656e-01,9.611500245593486147e-01,2.999999999999999889e-01,5.519999999999999352e-01,9.995555165563416722e-01,9.733553022595565762e-01,5.000000000000000000e-01,5.020000000000000018e-01,-2.000000000000000042e-02,0.000000000000000000e+00
1.760438051973000000e+12,6.000000000000000000e+00,4.000000000000000000e+00,0.000000000000000000e+00,-1.000000000000000056e-01,0.000000000000000000e+00,-1.620835628874077727e-01,3.429641521270561655e-01,-1.620979566073911249e-01,3.412710329615900595e-01,9.995555165563416722e-01,9.733553022595565762e-01,1.959999999999997300e-01,5.020000000000000018e-01,9.994789542160046336e-01,9.643969997967729579e-01,5.000000000000000000e-01,4.520000000000000129e-01,-2.000000000000000042e-02,0.000000000000000000e+00
1.760438052176000000e+12,6.000000000000000000e+00,4.000000000000000000e+00,0.000000000000000000e+00,-1.000000000000000056e-01,0.000000000000000000e+00,-1.620979566073911249e-01,3.412710329615900595e-01,-1.621116068580570335e-01,3.355745306508287618e-01,9.994789542160046336e-01,9.643969997967729579e-01,9.600000000000025180e-02,4.520000000000000129e-01,9.994063464996966184e-01,9.342567759303109787e-01,5.000000000000000000e-01,4.019999999999999685e-01,-2.000000000000000042e-02,0.000000000000000000e+00
1.760438052379000000e+12,6.000000000000000000e+00,4.000000000000000000e+00,0.000000000000000000e+00,0.000000000000000000e+00,0.000000000000000000e+00,-1.621121282894450732e-01,3.352636635590084957e-01,-1.621242724395943191e-01,3.258891746706858439e-01,9.994035729284836966e-01,9.326119765026905650e-01,-7.450580569168252509e-09,3.999999999999999667e-01,9.993389763851365792e-01,8.830115061941050669e-01,5.000000000000000000e-01,3.759999999999999454e-01,0.000000000000000000e+00,0.000000000000000000e+00
1.760438052582000000e+12,6.000000000000000000e+00,4.000000000000000000e+00,0.000000000000000000e+00,0.000000000000000000e+00,0.000000000000000000e+00,-1.621242724395943191e-01,3.258891746706858439e-01,-1.621352891255649631e-01,3.159943310773553060e-01,9.993389763851365792e-01,8.830115061941050669e-01,9.999999254941882576e-02,3.759999999999999454e-01,9.992803769916757117e-01,8.306578363881234051e-01,5.000000000000000000e-01,3.759999999999999454e-01,0.000000000000000000e+00,0.000000000000000000e+00
1.760438052786000000e+12,6.000000000000000000e+00,4.000000000000000000e+00,0.000000000000000000e+00,0.000000000000000000e+00,2.000000000000000000e+00,-1.621352891255649631e-01,3.159943310773553060e-01,-1.659150939058396390e-01,3.057017368960425197e-01,9.992803769916757117e-01,8.306578363881234051e-01,2.039999925494183630e-01,3.759999999999999454e-01,9.791750324157466601e-01,7.761996661166271627e-01,4.040000000000000258e-01,3.759999999999999454e-01,0.000000000000000000e+00,-2.000000000000000111e-01
1.760438052989000000e+12,6.000000000000000000e+00,4.000000000000000000e+00,0.000000000000000000e+00,0.000000000000000000e+00,0.000000000000000000e+00,-1.659150939058396390e-01,3.057017368960425197e-01,-1.739210460510716150e-01,2.958032404840882368e-01,9.791750324157466601e-01,7.761996661166271627e-01,5.000000000000000000e-01,3.759999999999999454e-01,9.365901805794063506e-01,7.238266692279802239e-01,4.000000000000000777e-01,3.759999999999999454e-01,0.000000000000000000e+00,0.000000000000000000e+00
1.760438053192000000e+12,6.000000000000000000e+00,4.000000000000000000e+00,0.000000000000000000e+00,1.000000000000000056e-01,0.000000000000000000e+00,-1.739210460510716150e-01,2.958032404840882368e-01,-1.819304941933692077e-01,2.872210327336762181e-01,9.365901805794063506e-01,7.238266692279802239e-01,5.000000000000000000e-01,3.759999999999999454e-01,8.939867330139935619e-01,6.784181626120435737e-01,4.000000000000000777e-01,4.180000000000000382e-01,2.000000000000000042e-02,0.000000000000000000e+00
1.760438053395000000e+12,6.000000000000000000e+00,4.000000000000000000e+00,0.000000000000000000e+00,0.000000000000000000e+00,2.000000000000000000e+00,-1.822508956921835011e-01,2.869578202245593457e-01,-1.940280011310021591e-01,2.824245064091314705e-01,8.922824697224281953e-01,6.770255038336474573e-01,5.999999999999999778e-01,4.180000000000000382e-01,8.296382918563715014e-01,6.530397164504311291e-01,2.999999999999999889e-01,4.619999999999999662e-01,0.000000000000000000e+00,-2.000000000000000111e-01
1.760438053599000000e+12,6.000000000000000000e+00,4.000000000000000000e+00,0.000000000000000000e+00,0.000000000000000000e+00,0.000000000000000000e+00,-1.940280011310021591e-01,2.824245064091314705e-01,-2.100370488985515705e-01,2.794020579308334473e-01,8.296382918563715014e-01,6.530397164504311291e-01,5.000000000000000000e-01,4.619999999999999662e-01,7.444837824545129656e-01,6.370479255599653667e-01,2.999999999999999889e-01,4.619999999999999662e-01,0.000000000000000000e+00,0.000000000000000000e+00
1.760438053802000000e+12,6.000000000000000000e+00,4.000000000000000000e+00,0.000000000000000000e+00,-1.000000000000000056e-01,1.000000000000000000e+00,-2.100370488985515705e-01,2.794020579308334473e-01,-2.222761633496392886e-01,2.761620046547779705e-01,7.444837824545129656e-01,6.370479255599653667e-01,6.039999999999999813e-01,4.619999999999999662e-01,6.793821098423441507e-01,6.199047865332169005e-01,3.999999999999999667e-01,4.440000000000000058e-01,-2.000000000000000042e-02,2.000000000000000111e-01
1.760438054006000000e+12,6.000000000000000000e+00,4.000000000000000000e+00,0.000000000000000000e+00,-1.000000000000000056e-01,1.000000000000000000e+00,-2.225999142672079878e-01,2.759851642129174110e-01,-2.265174111526498668e-01,2.694762485675156194e-01,6.776600304935744834e-01,6.189691228196688710e-01,5.040000000000000036e-01,4.420000000000000040e-01,6.568222811029261754e-01,5.845304157011409485e-01,5.040000000000000036e-01,3.919999999999999596e-01,-2.000000000000000042e-02,2.000000000000000111e-01
1.760438054209000000e+12,6.000000000000000000e+00,4.000000000000000000e+00,0.000000000000000000e+00,0.000000000000000000e+00,2.000000000000000000e+00,-2.265174111526498668e-01,2.694762485675156194e-01,-2.299823303224738380e-01,2.595359582680030752e-01,6.568222811029261754e-01,5.845304157011409485e-01,4.040000000000000258e-01,3.919999999999999596e-01,6.383918599868412258e-01,5.319362871322914632e-01,4.040000000000000258e-01,3.699999999999998845e-01,0.000000000000000000e+00,-2.000000000000000111e-01
1.760438054413000000e+12,6.000000000000000000e+00,4.000000000000000000e+00,0.000000000000000000e+00,1.000000000000000056e-01,0.000000000000000000e+00,-2.299823303224738380e-01,2.595359582680030752e-01,-2.382968385115752097e-01,2.488250678378000347e-01,6.383918599868412258e-01,5.319362871322914632e-01,4.040000000000000258e-01,3.699999999999998845e-01,5.941657525980041932e-01,4.752649091947092064e-01,3.999999999999999667e-01,3.799999999999999489e-01,2.000000000000000042e-02,0.000000000000000000e+00
1.760438054616000000e+12,6.000000000000000000e+00,4.000000000000000000e+00,0.000000000000000000e+00,0.000000000000000000e+00,2.000000000000000000e+00,-2.382968385115752097e-01,2.488250678378000347e-01,-2.500757992790628159e-01,2.411933558497374175e-01,5.941657525980041932e-01,4.752649091947092064e-01,5.000000000000000000e-01,3.819999999999999507e-01,5.315117059624318019e-01,4.348854806864413947e-01,2.999999999999999889e-01,4.200000000000000955e-01,0.000000000000000000e+00,-2.000000000000000111e-01
1.760438054819000000e+12,6.000000000000000000e+00,4.000000000000000000e+00,0.000000000000000000e+00,0.000000000000000000e+00,1.000000000000000000e+00,-2.500757992790628159e-01,2.411933558497374175e-01,-2.623168544535542379e-01,2.348074763316660707e-01,5.315117059624318019e-01,4.348854806864413947e-01,5.000000000000000000e-01,4.200000000000000955e-01,4.663997103534348598e-01,4.010977583686036185e-01,3.999999999999999667e-01,4.200000000000000955e-01,0.000000000000000000e+00,2.000000000000000111e-01
1.760438055022000000e+12,6.000000000000000000e+00,4.000000000000000000e+00,0.000000000000000000e+00,1.000000000000000056e-01,1.000000000000000000e+00,-2.623168544535542379e-01,2.348074763316660707e-01,-2.665702104923561855e-01,2.288190173237868996e-01,4.663997103534348598e-01,4.010977583686036185e-01,5.000000000000000000e-01,4.200000000000000955e-01,4.437754761044883089e-01,3.694127900729465841e-01,5.040000000000000036e-01,4.500000000000000111e-01,2.000000000000000042e-02,2.000000000000000111e-01
1.760438055226000000e+12,6.000000000000000000e+00,4.000000000000000000e+00,0.000000000000000000e+00,1.000000000000000056e-01,1.000000000000000000e+00,-2.665702104923561855e-01,2.288190173237868996e-01,-2.624981520234211385e-01,2.267167703137319967e-01,4.437754761044883089e-01,3.694127900729465841e-01,5.999999999999999778e-01,4.500000000000000111e-01,4.654353615775470576e-01,3.582897900197460350e-01,6.039999999999999813e-01,5.000000000000000000e-01,2.000000000000000042e-02,2.000000000000000111e-01
1.760438055431000000e+12,6.000000000000000000e+00,4.000000000000000000e+00,0.000000000000000000e+00,1.000000000000000056e-01,2.000000000000000000e+00,-2.624981520234211385e-01,2.267167703137319967e-01,-2.579661678056088814e-01,2.286150438750839675e-01,4.654353615775470576e-01,3.582897900197460350e-01,5.000000000000000000e-01,5.000000000000000000e-01,4.895416606084633249e-01,3.683335654766347611e-01,5.040000000000000036e-01,5.499999999999999334e-01,2.000000000000000042e-02,-2.000000000000000111e-01
1.760438055634000000e+12,6.000000000000000000e+00,4.000000000000000000e+00,0.000000000000000000e+00,0.000000000000000000e+00,1.000000000000000000e+00,-2.579507020810022921e-01,2.287740291964625305e-01,-2.541783306125359188e-01,2.344991104257364845e-01,4.896239251010515714e-01,3.691747576532409258e-01,6.039999999999999813e-01,5.519999999999999352e-01,5.096897307843833991e-01,3.994661927287644909e-01,5.999999999999999778e-01,5.799999999999999600e-01,0.000000000000000000e+00,2.000000000000000111e-01
1.760438055836000000e+12,6.000000000000000000e+00,4.000000000000000000e+00,0.000000000000000000e+00,0.000000000000000000e+00,2.000000000000000000e+00,-2.541783306125359188e-01,2.344991104257364845e-01,-2.499641711895021490e-01,2.409142997562905841e-01,5.096897307843833991e-01,3.994661927287644909e-01,7.039999999999999591e-01,5.799999999999999600e-01,5.321054723962651556e-01,4.334089934195269334e-01,5.000000000000000000e-01,5.799999999999999600e-01,0.000000000000000000e+00,-2.000000000000000111e-01
0.000000000000000000e+00,0.000000000000000000e+00,0.000000000000000000e+00,0.000000000000000000e+00,0.000000000000000000e+00,0.000000000000000000e+00,0.000000000000000000e+00,0.000000000000000000e+00,0.000000000000000000e+00,0.000000000000000000e+00,0.000000000000000000e+00,0.000000000000000000e+00,0.000000000000000000e+00,0.000000000000000000e+00,0.000000000000000000e+00,0.000000000000000000e+00,0.000000000000000000e+00,0.000000000000000000e+00,0.000000000000000000e+00,0.000000000000000000e+00
1.760438061557000000e+12,7.000000000000000000e+00,4.000000000000000000e+00,3.000000000000000000e+00,0.000000000000000000e+00,1.000000000000000000e+00,-2.500238832168407144e-01,2.419408378089117628e-01,-3.301079673221518629e-01,1.685718613957317980e-01,5.317878552295706163e-01,4.388404116873638738e-01,5.000000000000000000e-01,5.799999999999999600e-01,1.058086844566389212e-01,5.064476928958622920e-02,5.799999999999999600e-01,5.799999999999999600e-01,0.000000000000000000e+00,2.000000000000000111e-01
1.760438061759000000e+12,7.000000000000000000e+00,4.000000000000000000e+00,3.000000000000000000e+00,0.000000000000000000e+00,1.000000000000000000e+00,-3.301079673221518629e-01,1.685718613957317980e-01,-3.196441665667325016e-01,1.749817652006931401e-01,1.058086844566389212e-01,5.064476928958622920e-02,5.000000000000000000e-01,5.799999999999999600e-01,1.614671991131249040e-01,8.455960423647164437e-02,6.839999999999999414e-01,5.799999999999999600e-01,0.000000000000000000e+00,2.000000000000000111e-01
1.760438061962000000e+12,7.000000000000000000e+00,4.000000000000000000e+00,3.000000000000000000e+00,0.000000000000000000e+00,0.000000000000000000e+00,-3.196441665667325016e-01,1.749817652006931401e-01,-3.049419484814469561e-01,1.813910211915265303e-01,1.614671991131249040e-01,8.455960423647164437e-02,4.000000000000000777e-01,5.799999999999999600e-01,2.396704868008139866e-01,1.184710115953784698e-01,6.839999999999999414e-01,5.799999999999999600e-01,0.000000000000000000e+00,0.000000000000000000e+00
1.760438062165000000e+12,7.000000000000000000e+00,4.000000000000000000e+00,3.000000000000000000e+00,0.000000000000000000e+00,0.000000000000000000e+00,-3.049419484814469561e-01,1.813910211915265303e-01,-2.896483184010349987e-01,1.880568305085094927e-01,2.396704868008139866e-01,1.184710115953784698e-01,2.999999999999999889e-01,5.799999999999999600e-01,3.210195829732180317e-01,1.537398439603676892e-01,6.839999999999999414e-01,5.799999999999999600e-01,0.000000000000000000e+00,0.000000000000000000e+00
1.760438062368000000e+12,7.000000000000000000e+00,4.000000000000000000e+00,3.000000000000000000e+00,1.000000000000000056e-01,0.000000000000000000e+00,-2.896483184010349987e-01,1.880568305085094927e-01,-2.749414155169229712e-01,1.946856307135949038e-01,3.210195829732180317e-01,1.537398439603676892e-01,1.959999999999997300e-01,5.799999999999999600e-01,3.992477898036011497e-01,1.888128609184915596e-01,6.839999999999999414e-01,5.979999999999999760e-01,2.000000000000000042e-02,0.000000000000000000e+00
1.760438062571000000e+12,7.000000000000000000e+00,4.000000000000000000e+00,3.000000000000000000e+00,1.000000000000000056e-01,2.000000000000000000e+00,-2.749414155169229712e-01,1.946856307135949038e-01,-2.640039641987202979e-01,2.044204880390473322e-01,3.992477898036011497e-01,1.888128609184915596e-01,9.600000000000025180e-02,5.979999999999999760e-01,4.574257223472323886e-01,2.403200425346419811e-01,5.840000000000000746e-01,6.480000000000000204e-01,2.000000000000000042e-02,-2.000000000000000111e-01
1.760438062776000000e+12,7.000000000000000000e+00,4.000000000000000000e+00,3.000000000000000000e+00,1.000000000000000056e-01,2.000000000000000000e+00,-2.637323876145144519e-01,2.048929801819639740e-01,-2.611089249199813889e-01,2.187899683108486260e-01,4.588702786461996697e-01,2.428200009627723699e-01,-7.450580569168252509e-09,6.480000000000000204e-01,4.728248674469074375e-01,3.163490386817388034e-01,4.799999999999999822e-01,6.999999999999998446e-01,2.000000000000000042e-02,-2.000000000000000111e-01
1.760438062979000000e+12,7.000000000000000000e+00,4.000000000000000000e+00,3.000000000000000000e+00,0.000000000000000000e+00,1.000000000000000000e+00,-2.611089249199813889e-01,2.187899683108486260e-01,-2.589466119745248984e-01,2.348037785043536607e-01,4.728248674469074375e-01,3.163490386817388034e-01,9.999999254941882576e-02,6.999999999999998446e-01,4.843265320503994387e-01,4.010781931447284232e-01,5.800000000000000711e-01,6.999999999999998446e-01,0.000000000000000000e+00,2.000000000000000111e-01
1.760438063181000000e+12,7.000000000000000000e+00,4.000000000000000000e+00,3.000000000000000000e+00,-1.000000000000000056e-01,1.000000000000000000e+00,-2.589466119745248984e-01,2.348037785043536607e-01,-2.487898441530504989e-01,2.504799355374660585e-01,4.843265320503994387e-01,4.010781931447284232e-01,2.039999925494183630e-01,6.999999999999998446e-01,5.383518928029228379e-01,4.840208229495558956e-01,6.800000000000000488e-01,6.779999999999999361e-01,-2.000000000000000042e-02,2.000000000000000111e-01
1.760438063384000000e+12,7.000000000000000000e+00,4.000000000000000000e+00,3.000000000000000000e+00,-1.000000000000000056e-01,2.000000000000000000e+00,-2.482175154562649699e-01,2.510517382950880894e-01,-2.372826643956486570e-01,2.632650068365912643e-01,5.413961943815692734e-01,4.870462343655455051e-01,5.000000000000000000e-01,6.779999999999999361e-01,5.995602957678262124e-01,5.516667028391072369e-01,5.840000000000000746e-01,6.260000000000001119e-01,-2.000000000000000042e-02,-2.000000000000000111e-01
1.760438063588000000e+12,7.000000000000000000e+00,4.000000000000000000e+00,3.000000000000000000e+00,-1.000000000000000056e-01,1.000000000000000000e+00,-2.372826643956486570e-01,2.632650068365912643e-01,-2.267968568924497441e-01,2.714762186114333953e-01,5.995602957678262124e-01,5.516667028391072369e-01,5.000000000000000000e-01,6.260000000000001119e-01,6.553358675933523836e-01,5.951122677853619702e-01,6.839999999999999414e-01,5.759999999999999565e-01,-2.000000000000000042e-02,2.000000000000000111e-01
1.760438063791000000e+12,7.000000000000000000e+00,4.000000000000000000e+00,3.000000000000000000e+00,-1.000000000000000056e-01,2.000000000000000000e+00,-2.267968568924497441e-01,2.714762186114333953e-01,-2.158678278907603110e-01,2.756886643336024512e-01,6.553358675933523836e-01,5.951122677853619702e-01,5.999999999999999778e-01,5.759999999999999565e-01,7.134690005810621072e-01,6.174003403894310349e-01,5.840000000000000746e-01,5.260000000000000231e-01,-2.000000000000000042e-02,-2.000000000000000111e-01
1.760438063994000000e+12,7.000000000000000000e+00,4.000000000000000000e+00,3.000000000000000000e+00,-1.000000000000000056e-01,2.000000000000000000e+00,-2.155963584513508891e-01,2.757742198353847485e-01,-2.129806490695885790e-01,2.758277715474843350e-01,7.149129869608995547e-01,6.178530150020358214e-01,5.000000000000000000e-01,5.240000000000000213e-01,7.288263347362309297e-01,6.181363573940971134e-01,4.799999999999999822e-01,4.740000000000000324e-01,-2.000000000000000042e-02,-2.000000000000000111e-01
1.760438064198000000e+12,7.000000000000000000e+00,4.000000000000000000e+00,3.000000000000000000e+00,-1.000000000000000056e-01,2.000000000000000000e+00,-2.129806490695885790e-01,2.758277715474843350e-01,-2.183646091423584457e-01,2.718808971198109492e-01,7.288263347362309297e-01,6.181363573940971134e-01,6.039999999999999813e-01,4.740000000000000324e-01,7.001882492427742299e-01,5.972534239143436618e-01,3.800000000000000600e-01,4.240000000000000435e-01,-2.000000000000000042e-02,-2.000000000000000111e-01
1.760438064401000000e+12,7.000000000000000000e+00,4.000000000000000000e+00,3.000000000000000000e+00,0.000000000000000000e+00,1.000000000000000000e+00,-2.183646091423584457e-01,2.718808971198109492e-01,-2.249069384574941544e-01,2.635924425201869314e-01,7.001882492427742299e-01,5.972534239143436618e-01,5.040000000000000036e-01,4.240000000000000435e-01,6.653886252260948764e-01,5.533991667734758924e-01,4.720000000000000306e-01,3.819999999999999507e-01,0.000000000000000000e+00,2.000000000000000111e-01
1.760438064605000000e+12,7.000000000000000000e+00,4.000000000000000000e+00,3.000000000000000000e+00,0.000000000000000000e+00,2.000000000000000000e+00,-2.249069384574941544e-01,2.635924425201869314e-01,-2.306096804740591366e-01,2.541694949262078285e-01,6.653886252260948764e-01,5.533991667734758924e-01,4.040000000000000258e-01,3.819999999999999507e-01,6.350548910954301185e-01,5.035423011968668261e-01,3.760000000000000564e-01,3.819999999999999507e-01,0.000000000000000000e+00,-2.000000000000000111e-01
1.760438064808000000e+12,7.000000000000000000e+00,4.000000000000000000e+00,3.000000000000000000e+00,1.000000000000000056e-01,2.000000000000000000e+00,-2.306096804740591366e-01,2.541694949262078285e-01,-2.443030284688760267e-01,2.450176485836205176e-01,6.350548910954301185e-01,5.035423011968668261e-01,4.040000000000000258e-01,3.819999999999999507e-01,5.622179336761913282e-01,4.551198337757699774e-01,2.759999999999999676e-01,4.019999999999999685e-01,2.000000000000000042e-02,-2.000000000000000111e-01
1.760438065011000000e+12,7.000000000000000000e+00,4.000000000000000000e+00,3.000000000000000000e+00,1.000000000000000056e-01,1.000000000000000000e+00,-2.443030284688760267e-01,2.450176485836205176e-01,-2.594980624042458883e-01,2.389199747919020789e-01,5.622179336761913282e-01,4.551198337757699774e-01,5.000000000000000000e-01,4.019999999999999685e-01,4.813932850837984168e-01,4.228570094809634416e-01,3.720000000000001084e-01,4.540000000000000147e-01,2.000000000000000042e-02,2.000000000000000111e-01
1.760438065214000000e+12,7.000000000000000000e+00,4.000000000000000000e+00,3.000000000000000000e+00,0.000000000000000000e+00,1.000000000000000000e+00,-2.594980624042458883e-01,2.389199747919020789e-01,-2.659851597646772925e-01,2.369704338219141004e-01,4.813932850837984168e-01,4.228570094809634416e-01,5.000000000000000000e-01,4.540000000000000147e-01,4.468874480602271215e-01,4.125419778937254311e-01,4.719999999999999751e-01,4.879999999999999893e-01,0.000000000000000000e+00,2.000000000000000111e-01
1.760438065417000000e+12,7.000000000000000000e+00,4.000000000000000000e+00,3.000000000000000000e+00,0.000000000000000000e+00,1.000000000000000000e+00,-2.659851597646772925e-01,2.369704338219141004e-01,-2.644708971747498083e-01,2.360260068439621606e-01,4.468874480602271215e-01,4.125419778937254311e-01,5.000000000000000000e-01,4.879999999999999893e-01,4.549420363045222349e-01,4.075450097564136120e-01,5.719999999999999529e-01,4.879999999999999893e-01,0.000000000000000000e+00,2.000000000000000111e-01
1.760438065621000000e+12,7.000000000000000000e+00,4.000000000000000000e+00,3.000000000000000000e+00,1.000000000000000056e-01,2.000000000000000000e+00,-2.642443023357611276e-01,2.359882197591803288e-01,-2.619486925477746420e-01,2.353811722180457755e-01,4.561473280012705578e-01,4.073450780909012581e-01,5.999999999999999778e-01,4.879999999999999893e-01,4.683580183629008076e-01,4.041331863388665790e-01,4.760000000000000342e-01,5.100000000000000089e-01,2.000000000000000042e-02,-2.000000000000000111e-01
1.760438065824000000e+12,7.000000000000000000e+00,4.000000000000000000e+00,3.000000000000000000e+00,1.000000000000000056e-01,1.000000000000000000e+00,-2.619486925477746420e-01,2.353811722180457755e-01,-2.601105352018986405e-01,2.380797727424818488e-01,4.683580183629008076e-01,4.041331863388665790e-01,5.000000000000000000e-01,5.100000000000000089e-01,4.781354510537305647e-01,4.184114959919674748e-01,5.760000000000000675e-01,5.599999999999999423e-01,2.000000000000000042e-02,2.000000000000000111e-01
1.760438066026000000e+12,7.000000000000000000e+00,4.000000000000000000e+00,3.000000000000000000e+00,1.000000000000000056e-01,2.000000000000000000e+00,-2.601105352018986405e-01,2.380797727424818488e-01,-2.578190856659973718e-01,2.447796879980080331e-01,4.781354510537305647e-01,4.184114959919674748e-01,6.039999999999999813e-01,5.599999999999999423e-01,4.903240124149075285e-01,4.538607830582436220e-01,4.760000000000000342e-01,6.099999999999999867e-01,2.000000000000000042e-02,-2.000000000000000111e-01
0.000000000000000000e+00,0.000000000000000000e+00,0.000000000000000000e+00,0.000000000000000000e+00,0.000000000000000000e+00,0.000000000000000000e+00,0.000000000000000000e+00,0.000000000000000000e+00,0.000000000000000000e+00,0.000000000000000000e+00,0.000000000000000000e+00,0.000000000000000000e+00,0.000000000000000000e+00,0.000000000000000000e+00,0.000000000000000000e+00,0.000000000000000000e+00,0.000000000000000000e+00,0.000000000000000000e+00,0.000000000000000000e+00,0.000000000000000000e+00
1.760438071756000000e+12,8.000000000000000000e+00,4.000000000000000000e+00,1.000000000000000000e+00,-1.000000000000000056e-01,1.000000000000000000e+00,-2.581925337331884007e-01,2.462223566655202256e-01,-3.318276924565333741e-01,3.299821702359431175e-01,4.883375865255935588e-01,4.614939506112181733e-01,5.000000000000000000e-01,6.179999999999999938e-01,9.666121033758832970e-02,9.046675673859425615e-01,5.599999999999999423e-01,5.939999999999999725e-01,-2.000000000000000042e-02,2.000000000000000111e-01
1.760438071960000000e+12,8.000000000000000000e+00,4.000000000000000000e+00,1.000000000000000000e+00,-1.000000000000000056e-01,1.000000000000000000e+00,-3.318276924565333741e-01,3.299821702359431175e-01,-3.233007645777394856e-01,3.356553392391450341e-01,9.666121033758832970e-02,9.046675673859425615e-01,5.000000000000000000e-01,5.939999999999999725e-01,1.420172096928749850e-01,9.346843345986510787e-01,6.599999999999998090e-01,5.440000000000000391e-01,-2.000000000000000042e-02,2.000000000000000111e-01
1.760438072163000000e+12,8.000000000000000000e+00,4.000000000000000000e+00,1.000000000000000000e+00,-1.000000000000000056e-01,1.000000000000000000e+00,-3.233007645777394856e-01,3.356553392391450341e-01,-3.067699355380703596e-01,3.373255446761303511e-01,1.420172096928749850e-01,9.346843345986510787e-01,4.000000000000000777e-01,5.440000000000000391e-01,2.299471513932426769e-01,9.435214004028061874e-01,7.600000000000001199e-01,4.940000000000000502e-01,-2.000000000000000042e-02,2.000000000000000111e-01
1.760438072365000000e+12,8.000000000000000000e+00,4.000000000000000000e+00,1.000000000000000000e+00,-1.000000000000000056e-01,1.000000000000000000e+00,-3.059409856462596000e-01,3.373084354476627023e-01,-2.810905718111648688e-01,3.348157461668972990e-01,2.343564593284062914e-01,9.434308753844589113e-01,2.999999999999999889e-01,4.940000000000000502e-01,3.665395116427400124e-01,9.302420432110969362e-01,8.639999999999999902e-01,4.420000000000000040e-01,-2.000000000000000042e-02,2.000000000000000111e-01
1.760438072569000000e+12,8.000000000000000000e+00,4.000000000000000000e+00,1.000000000000000000e+00,0.000000000000000000e+00,1.000000000000000000e+00,-2.810905718111648688e-01,3.348157461668972990e-01,-2.482252086591456020e-01,3.283111214665672128e-01,3.665395116427400124e-01,9.302420432110969362e-01,1.959999999999997300e-01,4.420000000000000040e-01,5.413552730896510345e-01,8.958260395056467651e-01,9.639999999999994129e-01,3.919999999999999596e-01,0.000000000000000000e+00,2.000000000000000111e-01
1.760438072773000000e+12,8.000000000000000000e+00,4.000000000000000000e+00,1.000000000000000000e+00,0.000000000000000000e+00,0.000000000000000000e+00,-2.482252086591456020e-01,3.283111214665672128e-01,-2.093286470044307679e-01,3.193430072463873115e-01,5.413552730896510345e-01,8.958260395056467651e-01,9.600000000000025180e-02,3.919999999999999596e-01,7.482518776360065349e-01,8.483756997163350855e-01,9.679999999999994165e-01,3.919999999999999596e-01,0.000000000000000000e+00,0.000000000000000000e+00
1.760438072976000000e+12,8.000000000000000000e+00,4.000000000000000000e+00,1.000000000000000000e+00,0.000000000000000000e+00,0.000000000000000000e+00,-2.093286470044307679e-01,3.193430072463873115e-01,-1.719059822200562637e-01,3.107159222931325515e-01,7.482518776360065349e-01,8.483756997163350855e-01,-7.450580569168252509e-09,3.919999999999999596e-01,9.473086052124667367e-01,8.027297475827119833e-01,9.679999999999994165e-01,3.919999999999999596e-01,0.000000000000000000e+00,0.000000000000000000e+00
1.760438073179000000e+12,8.000000000000000000e+00,4.000000000000000000e+00,1.000000000000000000e+00,0.000000000000000000e+00,2.000000000000000000e+00,-1.719059822200562637e-01,3.107159222931325515e-01,-1.650626006489768205e-01,3.020958032336161225e-01,9.473086052124667367e-01,8.027297475827119833e-01,9.999999254941882576e-02,3.919999999999999596e-01,9.837095710160808082e-01,7.571206520297150133e-01,4.239999999999999880e-01,3.919999999999999596e-01,0.000000000000000000e+00,-2.000000000000000111e-01
1.760438073383000000e+12,8.000000000000000000e+00,4.000000000000000000e+00,1.000000000000000000e+00,0.000000000000000000e+00,0.000000000000000000e+00,-1.653029721613674397e-01,3.017510728905851702e-01,-1.717089333516081118e-01,2.931321206981536420e-01,9.824309991416625421e-01,7.552966819607681570e-01,2.039999925494183630e-01,3.919999999999999596e-01,9.483567374914462222e-01,7.096937603076912682e-01,4.199999999999999845e-01,3.919999999999999596e-01,0.000000000000000000e+00,0.000000000000000000e+00
1.760438073586000000e+12,8.000000000000000000e+00,4.000000000000000000e+00,1.000000000000000000e+00,0.000000000000000000e+00,0.000000000000000000e+00,-1.717089333516081118e-01,2.931321206981536420e-01,-1.781179199858474449e-01,2.845119745564707037e-01,9.483567374914462222e-01,7.096937603076912682e-01,5.000000000000000000e-01,3.919999999999999596e-01,9.142663830540029846e-01,6.640845214628080528e-01,4.199999999999999845e-01,3.919999999999999596e-01,0.000000000000000000e+00,0.000000000000000000e+00
1.760438073789000000e+12,8.000000000000000000e+00,4.000000000000000000e+00,1.000000000000000000e+00,0.000000000000000000e+00,0.000000000000000000e+00,-1.781179199858474449e-01,2.845119745564707037e-01,-1.847830997936993902e-01,2.755458504654059726e-01,9.142663830540029846e-01,6.640845214628080528e-01,5.000000000000000000e-01,3.919999999999999596e-01,8.788132989696840758e-01,6.166447114571744770e-01,4.199999999999999845e-01,3.919999999999999596e-01,0.000000000000000000e+00,0.000000000000000000e+00
1.760438073995000000e+12,8.000000000000000000e+00,4.000000000000000000e+00,1.000000000000000000e+00,1.000000000000000056e-01,0.000000000000000000e+00,-1.847830997936993902e-01,2.755458504654059726e-01,-1.911918872807614744e-01,2.673299214279505343e-01,8.788132989696840758e-01,6.166447114571744770e-01,5.999999999999999778e-01,3.919999999999999596e-01,8.447240038257368688e-01,5.731741874494737932e-01,4.199999999999999845e-01,4.160000000000000364e-01,2.000000000000000042e-02,0.000000000000000000e+00
1.760438074197000000e+12,8.000000000000000000e+00,4.000000000000000000e+00,1.000000000000000000e+00,1.000000000000000056e-01,2.000000000000000000e+00,-1.911918872807614744e-01,2.673299214279505343e-01,-2.013711490527919090e-01,2.625094187742026408e-01,8.447240038257368688e-01,5.731741874494737932e-01,5.000000000000000000e-01,4.160000000000000364e-01,7.905789944000430891e-01,5.476688824031886726e-01,3.200000000000000622e-01,4.660000000000000253e-01,2.000000000000000042e-02,-2.000000000000000111e-01
1.760438074401000000e+12,8.000000000000000000e+00,4.000000000000000000e+00,1.000000000000000000e+00,0.000000000000000000e+00,1.000000000000000000e+00,-2.013711490527919090e-01,2.625094187742026408e-01,-2.126206749448320554e-01,2.611238158508295548e-01,7.905789944000430891e-01,5.476688824031886726e-01,6.039999999999999813e-01,4.660000000000000253e-01,7.307410907189784144e-01,5.403376500043892694e-01,4.119999999999999774e-01,4.879999999999999893e-01,0.000000000000000000e+00,2.000000000000000111e-01
1.760438074604000000e+12,8.000000000000000000e+00,4.000000000000000000e+00,1.000000000000000000e+00,0.000000000000000000e+00,2.000000000000000000e+00,-2.129059372096808178e-01,2.610860858874276547e-01,-2.234092202141210737e-01,2.601423400500466609e-01,7.292237382463786499e-01,5.401380205684003233e-01,5.040000000000000036e-01,4.879999999999999893e-01,6.733552116270155041e-01,5.351446563494532960e-01,3.160000000000000031e-01,4.879999999999999893e-01,0.000000000000000000e+00,-2.000000000000000111e-01
1.760438074808000000e+12,8.000000000000000000e+00,4.000000000000000000e+00,1.000000000000000000e+00,0.000000000000000000e+00,1.000000000000000000e+00,-2.234092202141210737e-01,2.601423400500466609e-01,-2.343665196259014649e-01,2.591986810037671396e-01,6.733552116270155041e-01,5.351446563494532960e-01,4.040000000000000258e-01,4.879999999999999893e-01,6.150717041175454147e-01,5.301517513426833306e-01,4.159999999999999809e-01,4.879999999999999893e-01,0.000000000000000000e+00,2.000000000000000111e-01
1.760438075011000000e+12,8.000000000000000000e+00,4.000000000000000000e+00,1.000000000000000000e+00,-1.000000000000000056e-01,1.000000000000000000e+00,-2.343665196259014649e-01,2.591986810037671396e-01,-2.372817500402548685e-01,2.572615389883857184e-01,6.150717041175454147e-01,5.301517513426833306e-01,4.040000000000000258e-01,4.879999999999999893e-01,5.995651593603463780e-01,5.199023226898715766e-01,5.200000000000000178e-01,4.520000000000000129e-01,-2.000000000000000042e-02,2.000000000000000111e-01
1.760438075214000000e+12,8.000000000000000000e+00,4.000000000000000000e+00,1.000000000000000000e+00,0.000000000000000000e+00,2.000000000000000000e+00,-2.372817500402548685e-01,2.572615389883857184e-01,-2.394693416414228060e-01,2.515593283818170489e-01,5.995651593603463780e-01,5.199023226898715766e-01,5.000000000000000000e-01,4.520000000000000129e-01,5.879290338222190604e-01,4.897318962000902776e-01,4.199999999999999289e-01,4.060000000000000275e-01,0.000000000000000000e+00,-2.000000000000000111e-01
1.760438075418000000e+12,8.000000000000000000e+00,4.000000000000000000e+00,1.000000000000000000e+00,1.000000000000000056e-01,2.000000000000000000e+00,-2.394693416414228060e-01,2.515593283818170489e-01,-2.496422036729703253e-01,2.440882361078567375e-01,5.879290338222190604e-01,4.897318962000902776e-01,5.000000000000000000e-01,4.060000000000000275e-01,5.338180655693067767e-01,4.502023074489774901e-01,3.200000000000000622e-01,4.140000000000000346e-01,2.000000000000000042e-02,-2.000000000000000111e-01
1.760438075621000000e+12,8.000000000000000000e+00,4.000000000000000000e+00,1.000000000000000000e+00,1.000000000000000056e-01,1.000000000000000000e+00,-2.502155381746377083e-01,2.438119989472455618e-01,-2.611785454964091757e-01,2.389890689830099224e-01,5.307684139646929866e-01,4.487407351706114711e-01,5.000000000000000000e-01,4.160000000000000364e-01,4.724545452318660299e-01,4.232225872116927579e-01,4.159999999999999809e-01,4.660000000000000253e-01,2.000000000000000042e-02,2.000000000000000111e-01
1.760438075825000000e+12,8.000000000000000000e+00,4.000000000000000000e+00,1.000000000000000000e+00,0.000000000000000000e+00,1.000000000000000000e+00,-2.611785454964091757e-01,2.389890689830099224e-01,-2.641488253398890929e-01,2.370990454732757602e-01,4.724545452318660299e-01,4.232225872116927579e-01,5.999999999999999778e-01,4.660000000000000253e-01,4.566551843622920215e-01,4.132224628215649398e-01,5.160000000000000142e-01,4.779999999999999805e-01,0.000000000000000000e+00,2.000000000000000111e-01
1.760438076028000000e+12,8.000000000000000000e+00,4.000000000000000000e+00,1.000000000000000000e+00,1.000000000000000056e-01,2.000000000000000000e+00,-2.641488253398890929e-01,2.370990454732757602e-01,-2.662908907051000362e-01,2.355607196466495135e-01,4.566551843622920215e-01,4.132224628215649398e-01,5.000000000000000000e-01,4.779999999999999805e-01,4.452612196537231726e-01,4.050831727335953425e-01,4.239999999999999880e-01,4.960000000000000520e-01,2.000000000000000042e-02,-2.000000000000000111e-01
1.760438076232000000e+12,8.000000000000000000e+00,4.000000000000000000e+00,1.000000000000000000e+00,1.000000000000000056e-01,1.000000000000000000e+00,-2.662908907051000362e-01,2.355607196466495135e-01,-2.689351820912592728e-01,2.372986560037067261e-01,4.452612196537231726e-01,4.050831727335953425e-01,6.039999999999999813e-01,4.979999999999999982e-01,4.311958399401101816e-01,4.142786031942155001e-01,5.200000000000000178e-01,5.479999999999999316e-01,2.000000000000000042e-02,2.000000000000000111e-01
1.760438076433000000e+12,8.000000000000000000e+00,4.000000000000000000e+00,1.000000000000000000e+00,0.000000000000000000e+00,1.000000000000000000e+00,-2.689351820912592728e-01,2.372986560037067261e-01,-2.635840578613142249e-01,2.430375109244315990e-01,4.311958399401101816e-01,4.142786031942155001e-01,7.039999999999999591e-01,5.479999999999999316e-01,4.596592666951370698e-01,4.446429149440825901e-01,6.199999999999999956e-01,5.959999999999999742e-01,0.000000000000000000e+00,2.000000000000000111e-01
1.760438076637000000e+12,8.000000000000000000e+00,4.000000000000000000e+00,1.000000000000000000e+00,0.000000000000000000e+00,2.000000000000000000e+00,-2.635840578613142249e-01,2.430375109244315990e-01,-2.570745248784560011e-01,2.510415722545922823e-01,4.596592666951370698e-01,4.446429149440825901e-01,6.039999999999999813e-01,5.959999999999999742e-01,4.942844421358723039e-01,4.869924457914935889e-01,5.279999999999999138e-01,5.959999999999999742e-01,0.000000000000000000e+00,-2.000000000000000111e-01
0.000000000000000000e+00,0.000000000000000000e+00,0.000000000000000000e+00,0.000000000000000000e+00,0.000000000000000000e+00,0.000000000000000000e+00,0.000000000000000000e+00,0.000000000000000000e+00,0.000000000000000000e+00,0.000000000000000000e+00,0.000000000000000000e+00,0.000000000000000000e+00,0.000000000000000000e+00,0.000000000000000000e+00,0.000000000000000000e+00,0.000000000000000000e+00,0.000000000000000000e+00,0.000000000000000000e+00,0.000000000000000000e+00,0.000000000000000000e+00
1.760438340951000000e+12,1.000000000000000000e+00,6.000000000000000000e+00,2.000000000000000000e+00,0.000000000000000000e+00,1.000000000000000000e+00,-1.626862433674070019e-01,1.963068204336969880e-01,-1.712316542501954586e-01,1.598565497758667742e-01,9.963497693223032359e-01,1.973905843052750908e-01,5.000000000000000000e-01,4.579999999999999627e-01,9.508954561159815855e-01,4.532009396120486276e-03,5.000000000000000000e-01,4.579999999999999627e-01,0.000000000000000000e+00,2.000000000000000111e-01
1.760438341155000000e+12,1.000000000000000000e+00,6.000000000000000000e+00,2.000000000000000000e+00,1.000000000000000056e-01,2.000000000000000000e+00,-1.712316542501954586e-01,1.598565497758667742e-01,-1.750045680791014191e-01,1.599783913347263553e-01,9.508954561159815855e-01,4.532009396120486276e-03,5.000000000000000000e-01,4.579999999999999627e-01,9.308267655366946336e-01,5.176673728710862177e-03,4.000000000000000777e-01,5.360000000000000320e-01,2.000000000000000042e-02,-2.000000000000000111e-01
1.760438341357000000e+12,1.000000000000000000e+00,6.000000000000000000e+00,2.000000000000000000e+00,1.000000000000000056e-01,1.000000000000000000e+00,-1.750045680791014191e-01,1.599783913347263553e-01,-1.792337300481098850e-01,1.647497839723859325e-01,9.308267655366946336e-01,5.176673728710862177e-03,4.000000000000000777e-01,5.360000000000000320e-01,9.083312231483516852e-01,3.042213742003137961e-02,5.000000000000000000e-01,5.859999999999999654e-01,2.000000000000000042e-02,2.000000000000000111e-01
1.760438341562000000e+12,1.000000000000000000e+00,6.000000000000000000e+00,2.000000000000000000e+00,0.000000000000000000e+00,2.000000000000000000e+00,-1.792369964658105941e-01,1.650237323820683277e-01,-1.826899194774513624e-01,1.736180709249531551e-01,9.083138485861138589e-01,3.187159990512342111e-02,2.999999999999999889e-01,5.859999999999999654e-01,8.899472368220672225e-01,7.734429060821775004e-02,4.040000000000000258e-01,6.160000000000001030e-01,0.000000000000000000e+00,-2.000000000000000111e-01
1.760438341764000000e+12,1.000000000000000000e+00,6.000000000000000000e+00,2.000000000000000000e+00,0.000000000000000000e+00,2.000000000000000000e+00,-1.826899194774513624e-01,1.736180709249531551e-01,-1.941348687350065161e-01,1.829081248944310345e-01,8.899472368220672225e-01,7.734429060821775004e-02,1.959999999999997300e-01,6.160000000000001030e-01,8.290698471542206072e-01,1.264980153144499297e-01,3.039999999999999925e-01,6.160000000000001030e-01,0.000000000000000000e+00,-2.000000000000000111e-01
1.760438341966000000e+12,1.000000000000000000e+00,6.000000000000000000e+00,2.000000000000000000e+00,0.000000000000000000e+00,1.000000000000000000e+00,-1.941348687350065161e-01,1.829081248944310345e-01,-2.060468882365001919e-01,1.921988766332992371e-01,8.290698471542206072e-01,1.264980153144499297e-01,9.600000000000025180e-02,6.160000000000001030e-01,7.657080412952117499e-01,1.756554319222181915e-01,4.040000000000000258e-01,6.160000000000001030e-01,0.000000000000000000e+00,2.000000000000000111e-01
1.760438342168000000e+12,1.000000000000000000e+00,6.000000000000000000e+00,2.000000000000000000e+00,0.000000000000000000e+00,2.000000000000000000e+00,-2.060468882365001919e-01,1.921988766332992371e-01,-2.175011925089407328e-01,2.018620977479556045e-01,7.657080412952117499e-01,1.756554319222181915e-01,-7.450580569168252509e-09,6.160000000000001030e-01,7.047808909098897123e-01,2.267835859680190913e-01,3.080000000000000515e-01,6.160000000000001030e-01,0.000000000000000000e+00,-2.000000000000000111e-01
1.760438342374000000e+12,1.000000000000000000e+00,6.000000000000000000e+00,2.000000000000000000e+00,0.000000000000000000e+00,1.000000000000000000e+00,-2.175011925089407328e-01,2.018620977479556045e-01,-2.290977788825384887e-01,2.111544163995492940e-01,7.047808909098897123e-01,2.267835859680190913e-01,9.999999254941882576e-02,6.160000000000001030e-01,6.430969208375612034e-01,2.759492931193084364e-01,4.080000000000000293e-01,6.160000000000001030e-01,0.000000000000000000e+00,2.000000000000000111e-01
1.760438342577000000e+12,1.000000000000000000e+00,6.000000000000000000e+00,2.000000000000000000e+00,0.000000000000000000e+00,1.000000000000000000e+00,-2.290977788825384887e-01,2.111544163995492940e-01,-2.327001481459423926e-01,2.204479763993287822e-01,6.430969208375612034e-01,2.759492931193084364e-01,2.039999925494183630e-01,6.160000000000001030e-01,6.239353822024340523e-01,3.251215682504168814e-01,5.080000000000000071e-01,6.160000000000001030e-01,0.000000000000000000e+00,2.000000000000000111e-01
1.760438342780000000e+12,1.000000000000000000e+00,6.000000000000000000e+00,2.000000000000000000e+00,0.000000000000000000e+00,2.000000000000000000e+00,-2.326781119308035106e-01,2.208197292285767610e-01,-2.354989913393307210e-01,2.301140771360583592e-01,6.240525961127472154e-01,3.270885144369141129e-01,5.000000000000000000e-01,6.160000000000001030e-01,6.090479184078152475e-01,3.762649583918432072e-01,4.119999999999999774e-01,6.160000000000001030e-01,0.000000000000000000e+00,-2.000000000000000111e-01
1.760438342984000000e+12,1.000000000000000000e+00,6.000000000000000000e+00,2.000000000000000000e+00,0.000000000000000000e+00,0.000000000000000000e+00,-2.354989913393307210e-01,2.301140771360583592e-01,-2.425469719323539719e-01,2.394092762333422664e-01,6.090479184078152475e-01,3.762649583918432072e-01,5.000000000000000000e-01,6.160000000000001030e-01,5.715586599342873386e-01,4.254459059965199907e-01,4.119999999999999774e-01,6.160000000000001030e-01,0.000000000000000000e+00,0.000000000000000000e+00
1.760438343187000000e+12,1.000000000000000000e+00,6.000000000000000000e+00,2.000000000000000000e+00,0.000000000000000000e+00,1.000000000000000000e+00,-2.425469719323539719e-01,2.394092762333422664e-01,-2.461104722902420217e-01,2.490774937212779372e-01,5.715586599342873386e-01,4.254459059965199907e-01,5.999999999999999778e-01,6.160000000000001030e-01,5.526038707965849062e-01,4.766004958797774860e-01,5.080000000000000071e-01,6.160000000000001030e-01,0.000000000000000000e+00,2.000000000000000111e-01
0.000000000000000000e+00,0.000000000000000000e+00,0.000000000000000000e+00,0.000000000000000000e+00,0.000000000000000000e+00,0.000000000000000000e+00,0.000000000000000000e+00,0.000000000000000000e+00,0.000000000000000000e+00,0.000000000000000000e+00,0.000000000000000000e+00,0.000000000000000000e+00,0.000000000000000000e+00,0.000000000000000000e+00,0.000000000000000000e+00,0.000000000000000000e+00,0.000000000000000000e+00,0.000000000000000000e+00,0.000000000000000000e+00,0.000000000000000000e+00
1.760438348910000000e+12,2.000000000000000000e+00,6.000000000000000000e+00,1.000000000000000000e+00,-1.000000000000000056e-01,2.000000000000000000e+00,-2.459680479587622592e-01,2.501931235961817879e-01,-3.342732296850399187e-01,3.298633215285062814e-01,5.533614470278602759e-01,4.825032994506973649e-01,5.000000000000000000e-01,6.160000000000001030e-01,8.365303359021308838e-02,9.040387382460650656e-01,4.279999999999999361e-01,6.160000000000001030e-01,-2.000000000000000042e-02,-2.000000000000000111e-01
1.760438349114000000e+12,2.000000000000000000e+00,6.000000000000000000e+00,1.000000000000000000e+00,-1.000000000000000056e-01,2.000000000000000000e+00,-3.345020653042005132e-01,3.302359590413855295e-01,-3.443888372027789635e-01,3.375095775223843075e-01,8.243582284999716181e-02,9.060103652983362288e-01,5.000000000000000000e-01,6.140000000000001013e-01,2.984661062351603653e-02,9.444951191660546641e-01,3.240000000000001212e-01,5.639999999999999458e-01,-2.000000000000000042e-02,-2.000000000000000111e-01
1.760438349317000000e+12,2.000000000000000000e+00,6.000000000000000000e+00,1.000000000000000000e+00,-1.000000000000000056e-01,2.000000000000000000e+00,-3.443888372027789635e-01,3.375095775223843075e-01,-3.494475790595644171e-01,3.407876563620688692e-01,2.984661062351603653e-02,9.444951191660546641e-01,4.000000000000000777e-01,5.639999999999999458e-01,2.938409257635961509e-03,9.618394516511581394e-01,5.000000000000000000e-01,5.140000000000000124e-01,-2.000000000000000042e-02,-2.000000000000000111e-01
1.760438349521000000e+12,2.000000000000000000e+00,6.000000000000000000e+00,1.000000000000000000e+00,-1.000000000000000056e-01,2.000000000000000000e+00,-3.494498705445506781e-01,3.408359612482101397e-01,-3.495073058582724990e-01,3.399588957290381463e-01,2.926220507709041251e-03,9.620950330593129873e-01,2.999999999999999889e-01,5.120000000000000107e-01,2.620713519827015409e-03,9.574544747568156655e-01,5.000000000000000000e-01,4.620000000000000218e-01,-2.000000000000000042e-02,-2.000000000000000111e-01
1.760438349724000000e+12,2.000000000000000000e+00,6.000000000000000000e+00,1.000000000000000000e+00,-1.000000000000000056e-01,2.000000000000000000e+00,-3.495073058582724990e-01,3.399588957290381463e-01,-3.495617593682053270e-01,3.350809111309437371e-01,2.620713519827015409e-03,9.574544747568156655e-01,1.959999999999997300e-01,4.620000000000000218e-01,2.331067190397078780e-03,9.316450324388558801e-01,5.000000000000000000e-01,4.120000000000000329e-01,-2.000000000000000042e-02,-2.000000000000000111e-01
1.760438349928000000e+12,2.000000000000000000e+00,6.000000000000000000e+00,1.000000000000000000e+00,-1.000000000000000056e-01,0.000000000000000000e+00,-3.495617593682053270e-01,3.350809111309437371e-01,-3.496109809191065843e-01,3.261977352751097015e-01,2.331067190397078780e-03,9.316450324388558801e-01,9.600000000000025180e-02,4.120000000000000329e-01,2.069250430284008419e-03,8.846441019847075538e-01,5.000000000000000000e-01,3.619999999999999329e-01,-2.000000000000000042e-02,0.000000000000000000e+00
1.760438350132000000e+12,2.000000000000000000e+00,6.000000000000000000e+00,1.000000000000000000e+00,0.000000000000000000e+00,0.000000000000000000e+00,-3.496128055402515367e-01,3.257592501697723630e-01,-3.496573641859268555e-01,3.144453736231231922e-01,2.059544998661921346e-03,8.823240749723406662e-01,-7.450580569168252509e-09,3.599999999999998757e-01,1.822530925920863359e-03,8.224622943022391608e-01,5.000000000000000000e-01,3.579999999999998739e-01,0.000000000000000000e+00,0.000000000000000000e+00
1.760438350334000000e+12,2.000000000000000000e+00,6.000000000000000000e+00,1.000000000000000000e+00,0.000000000000000000e+00,0.000000000000000000e+00,-3.496573641859268555e-01,3.144453736231231922e-01,-3.496992078188378983e-01,3.031187609337471778e-01,1.822530925920863359e-03,8.224622943022391608e-01,9.999999254941882576e-02,3.579999999999998739e-01,1.599958410436593415e-03,7.625331266335830804e-01,5.000000000000000000e-01,3.579999999999998739e-01,0.000000000000000000e+00,0.000000000000000000e+00
1.760438350537000000e+12,2.000000000000000000e+00,6.000000000000000000e+00,1.000000000000000000e+00,1.000000000000000056e-01,2.000000000000000000e+00,-3.496992078188378983e-01,3.031187609337471778e-01,-3.497399756048210073e-01,2.913944004092072770e-01,1.599958410436593415e-03,7.625331266335830804e-01,2.039999925494183630e-01,3.579999999999998739e-01,1.383108484994524006e-03,7.004994730645888179e-01,5.000000000000000000e-01,3.659999999999999365e-01,2.000000000000000042e-02,-2.000000000000000111e-01
1.760438350743000000e+12,2.000000000000000000e+00,6.000000000000000000e+00,1.000000000000000000e+00,1.000000000000000056e-01,1.000000000000000000e+00,-3.497399756048210073e-01,2.913944004092072770e-01,-3.460105228011785550e-01,2.827436563183765017e-01,1.383108484994524006e-03,7.004994730645888179e-01,5.000000000000000000e-01,3.679999999999998828e-01,2.122062339798629418e-02,6.547283403088705045e-01,5.999999999999999778e-01,4.180000000000000382e-01,2.000000000000000042e-02,2.000000000000000111e-01
1.760438350946000000e+12,2.000000000000000000e+00,6.000000000000000000e+00,1.000000000000000000e+00,0.000000000000000000e+00,1.000000000000000000e+00,-3.460105228011785550e-01,2.827436563183765017e-01,-3.342744533859205447e-01,2.780880414603448814e-01,2.122062339798629418e-02,6.547283403088705045e-01,5.000000000000000000e-01,4.180000000000000382e-01,8.364652454297571982e-02,6.300954574621423498e-01,7.000000000000000666e-01,4.640000000000000235e-01,0.000000000000000000e+00,2.000000000000000111e-01
1.760438351151000000e+12,2.000000000000000000e+00,6.000000000000000000e+00,1.000000000000000000e+00,0.000000000000000000e+00,1.000000000000000000e+00,-3.336389183640994793e-01,2.779737475900537769e-01,-3.135811375923868161e-01,2.751140307368666882e-01,8.702702997819415642e-02,6.294907279897026253e-01,5.999999999999999778e-01,4.640000000000000235e-01,1.937173532319849401e-01,6.143599509887126553e-01,8.040000000000002700e-01,4.640000000000000235e-01,0.000000000000000000e+00,2.000000000000000111e-01
1.760438351356000000e+12,2.000000000000000000e+00,6.000000000000000000e+00,1.000000000000000000e+00,-1.000000000000000056e-01,0.000000000000000000e+00,-3.135811375923868161e-01,2.751140307368666882e-01,-2.892865913554849566e-01,2.718463580849952987e-01,1.937173532319849401e-01,6.143599509887126553e-01,5.000000000000000000e-01,4.640000000000000235e-01,3.229436630027395227e-01,5.970706776983878417e-01,8.040000000000002700e-01,4.400000000000000022e-01,-2.000000000000000042e-02,0.000000000000000000e+00
1.760438351558000000e+12,2.000000000000000000e+00,6.000000000000000000e+00,1.000000000000000000e+00,0.000000000000000000e+00,0.000000000000000000e+00,-2.892865913554849566e-01,2.718463580849952987e-01,-2.640138594872837863e-01,2.649161405071464026e-01,3.229436630027395227e-01,5.970706776983878417e-01,6.039999999999999813e-01,4.400000000000000022e-01,4.573730878335968142e-01,5.604028598261715510e-01,8.040000000000002700e-01,3.999999999999999667e-01,0.000000000000000000e+00,0.000000000000000000e+00
1.760438351763000000e+12,2.000000000000000000e+00,6.000000000000000000e+00,1.000000000000000000e+00,1.000000000000000056e-01,2.000000000000000000e+00,-2.640138594872837863e-01,2.649161405071464026e-01,-2.434854518209870755e-01,2.569361305991698652e-01,4.573730878335968142e-01,5.604028598261715510e-01,5.040000000000000036e-01,3.999999999999999667e-01,5.665667456330474305e-01,5.181805851807930186e-01,7.039999999999999591e-01,4.040000000000000258e-01,2.000000000000000042e-02,-2.000000000000000111e-01
1.760438351967000000e+12,2.000000000000000000e+00,6.000000000000000000e+00,1.000000000000000000e+00,1.000000000000000056e-01,2.000000000000000000e+00,-2.434854518209870755e-01,2.569361305991698652e-01,-2.309418537470535604e-01,2.511534745149514580e-01,5.665667456330474305e-01,5.181805851807930186e-01,4.040000000000000258e-01,4.040000000000000258e-01,6.332880119837576149e-01,4.875845212431294540e-01,6.039999999999999813e-01,4.540000000000000147e-01,2.000000000000000042e-02,-2.000000000000000111e-01
1.760438352171000000e+12,2.000000000000000000e+00,6.000000000000000000e+00,1.000000000000000000e+00,1.000000000000000056e-01,2.000000000000000000e+00,-2.306063522198324167e-01,2.510053107499217728e-01,-2.263879534364021673e-01,2.493860740185044889e-01,6.350725945753594726e-01,4.868005859784221290e-01,4.040000000000000258e-01,4.560000000000000164e-01,6.575108859765842473e-01,4.782331958651031556e-01,5.000000000000000000e-01,5.060000000000000053e-01,2.000000000000000042e-02,-2.000000000000000111e-01
1.760438352374000000e+12,2.000000000000000000e+00,6.000000000000000000e+00,1.000000000000000000e+00,1.000000000000000056e-01,2.000000000000000000e+00,-2.263879534364021673e-01,2.493860740185044889e-01,-2.301679144705228441e-01,2.517661159689486561e-01,6.575108859765842473e-01,4.782331958651031556e-01,5.000000000000000000e-01,5.060000000000000053e-01,6.374047102631763551e-01,4.908260104177178396e-01,4.000000000000000777e-01,5.560000000000000497e-01,2.000000000000000042e-02,-2.000000000000000111e-01
1.760438352576000000e+12,2.000000000000000000e+00,6.000000000000000000e+00,1.000000000000000000e+00,0.000000000000000000e+00,0.000000000000000000e+00,-2.301679144705228441e-01,2.517661159689486561e-01,-2.381775567378390246e-01,2.575810163657000773e-01,6.374047102631763551e-01,4.908260104177178396e-01,5.000000000000000000e-01,5.560000000000000497e-01,5.948002301178775264e-01,5.215926791835983067e-01,4.000000000000000777e-01,5.779999999999999583e-01,0.000000000000000000e+00,0.000000000000000000e+00
1.760438352780000000e+12,2.000000000000000000e+00,6.000000000000000000e+00,1.000000000000000000e+00,-1.000000000000000056e-01,1.000000000000000000e+00,-2.384981009869469037e-01,2.578312984133119268e-01,-2.427394679737773231e-01,2.638690575776324043e-01,5.930952075162397863e-01,5.229169228217562804e-01,5.000000000000000000e-01,5.779999999999999583e-01,5.705347448203333949e-01,5.548627385059916595e-01,5.000000000000000000e-01,5.599999999999999423e-01,-2.000000000000000042e-02,2.000000000000000111e-01
1.760438352984000000e+12,2.000000000000000000e+00,6.000000000000000000e+00,1.000000000000000000e+00,-1.000000000000000056e-01,0.000000000000000000e+00,-2.427394679737773231e-01,2.638690575776324043e-01,-2.427578009663677594e-01,2.668043604125525659e-01,5.705347448203333949e-01,5.548627385059916595e-01,5.999999999999999778e-01,5.599999999999999423e-01,5.704372289022990872e-01,5.703934413362570233e-01,5.000000000000000000e-01,5.100000000000000089e-01,-2.000000000000000042e-02,0.000000000000000000e+00
1.760438353188000000e+12,2.000000000000000000e+00,6.000000000000000000e+00,1.000000000000000000e+00,0.000000000000000000e+00,0.000000000000000000e+00,-2.427578009663677594e-01,2.668043604125525659e-01,-2.427737751838978664e-01,2.660957283295490305e-01,5.704372289022990872e-01,5.703934413362570233e-01,5.000000000000000000e-01,5.100000000000000089e-01,5.703522596601177108e-01,5.666440652357092045e-01,5.000000000000000000e-01,4.839999999999999858e-01,0.000000000000000000e+00,0.000000000000000000e+00
1.760438353392000000e+12,2.000000000000000000e+00,6.000000000000000000e+00,1.000000000000000000e+00,0.000000000000000000e+00,0.000000000000000000e+00,-2.427737751838978664e-01,2.660957283295490305e-01,-2.427889885234023326e-01,2.648341821980796373e-01,5.703522596601177108e-01,5.666440652357092045e-01,6.039999999999999813e-01,4.839999999999999858e-01,5.702713376414769719e-01,5.599692179792573610e-01,5.000000000000000000e-01,4.839999999999999858e-01,0.000000000000000000e+00,0.000000000000000000e+00
1.760438353594000000e+12,2.000000000000000000e+00,6.000000000000000000e+00,1.000000000000000000e+00,0.000000000000000000e+00,0.000000000000000000e+00,-2.427889885234023326e-01,2.648341821980796373e-01,-2.428040551047421780e-01,2.635724555381856460e-01,5.702713376414769719e-01,5.599692179792573610e-01,7.039999999999999591e-01,4.839999999999999858e-01,5.701911962513713794e-01,5.532934155459559022e-01,5.000000000000000000e-01,4.839999999999999858e-01,0.000000000000000000e+00,0.000000000000000000e+00
1.760438353797000000e+12,2.000000000000000000e+00,6.000000000000000000e+00,1.000000000000000000e+00,0.000000000000000000e+00,2.000000000000000000e+00,-2.428040551047421780e-01,2.635724555381856460e-01,-2.465893250928763991e-01,2.622599345444446284e-01,5.701911962513713794e-01,5.532934155459559022e-01,6.039999999999999813e-01,4.839999999999999858e-01,5.500567814208702222e-01,5.463488600235165693e-01,4.000000000000000777e-01,4.839999999999999858e-01,0.000000000000000000e+00,-2.000000000000000111e-01
1.760438354000000000e+12,2.000000000000000000e+00,6.000000000000000000e+00,1.000000000000000000e+00,0.000000000000000000e+00,1.000000000000000000e+00,-2.465893250928763991e-01,2.622599345444446284e-01,-2.508241119473193503e-01,2.609978287159081534e-01,5.500567814208702222e-01,5.463488600235165693e-01,5.040000000000000036e-01,4.839999999999999858e-01,5.275313194291523233e-01,5.396710514069215092e-01,5.000000000000000000e-01,4.839999999999999858e-01,0.000000000000000000e+00,2.000000000000000111e-01
1.760438354204000000e+12,2.000000000000000000e+00,6.000000000000000000e+00,1.000000000000000000e+00,0.000000000000000000e+00,0.000000000000000000e+00,-2.508241119473193503e-01,2.609978287159081534e-01,-2.508429519220948811e-01,2.597358092498668336e-01,5.275313194291523233e-01,5.396710514069215092e-01,4.000000000000000777e-01,4.839999999999999858e-01,5.274311067973675993e-01,5.329936997347451966e-01,5.000000000000000000e-01,4.839999999999999858e-01,0.000000000000000000e+00,0.000000000000000000e+00
1.760438354407000000e+12,2.000000000000000000e+00,6.000000000000000000e+00,1.000000000000000000e+00,0.000000000000000000e+00,0.000000000000000000e+00,-2.508435727958149286e-01,2.596853235157957074e-01,-2.508590586434173986e-01,2.584231214658710973e-01,5.274278042775800701e-01,5.327265794486546469e-01,2.999999999999999889e-01,4.839999999999999858e-01,5.273454327477797854e-01,5.260482617241857284e-01,5.000000000000000000e-01,4.839999999999999858e-01,0.000000000000000000e+00,0.000000000000000000e+00
1.760438354610000000e+12,2.000000000000000000e+00,6.000000000000000000e+00,1.000000000000000000e+00,0.000000000000000000e+00,0.000000000000000000e+00,-2.508590586434173986e-01,2.584231214658710973e-01,-2.508743845482951373e-01,2.571607358849920533e-01,5.273454327477797854e-01,5.260482617241857284e-01,1.959999999999997300e-01,4.839999999999999858e-01,5.272639119771534988e-01,5.193689729364660002e-01,5.000000000000000000e-01,4.839999999999999858e-01,0.000000000000000000e+00,0.000000000000000000e+00
1.760438354814000000e+12,2.000000000000000000e+00,6.000000000000000000e+00,1.000000000000000000e+00,0.000000000000000000e+00,0.000000000000000000e+00,-2.508743845482951373e-01,2.571607358849920533e-01,-2.508895652328235193e-01,2.558981794916991293e-01,5.272639119771534988e-01,5.193689729364660002e-01,5.000000000000000000e-01,4.839999999999999858e-01,5.271831636551940203e-01,5.126887803793604981e-01,5.000000000000000000e-01,4.839999999999999858e-01,0.000000000000000000e+00,0.000000000000000000e+00
1.760438355017000000e+12,2.000000000000000000e+00,6.000000000000000000e+00,1.000000000000000000e+00,0.000000000000000000e+00,0.000000000000000000e+00,-2.508901699070053004e-01,2.558476740769250468e-01,-2.509051970983370294e-01,2.545849392857331139e-01,5.271799473031631988e-01,5.124215559625664440e-01,5.999999999999999778e-01,4.839999999999999858e-01,5.271000154343774557e-01,5.057404195012334958e-01,5.000000000000000000e-01,4.839999999999999858e-01,0.000000000000000000e+00,0.000000000000000000e+00
0.000000000000000000e+00,0.000000000000000000e+00,0.000000000000000000e+00,0.000000000000000000e+00,0.000000000000000000e+00,0.000000000000000000e+00,0.000000000000000000e+00,0.000000000000000000e+00,0.000000000000000000e+00,0.000000000000000000e+00,0.000000000000000000e+00,0.000000000000000000e+00,0.000000000000000000e+00,0.000000000000000000e+00,0.000000000000000000e+00,0.000000000000000000e+00,0.000000000000000000e+00,0.000000000000000000e+00,0.000000000000000000e+00,0.000000000000000000e+00
1.760438360755000000e+12,3.000000000000000000e+00,6.000000000000000000e+00,3.000000000000000000e+00,0.000000000000000000e+00,0.000000000000000000e+00,-2.509075846195875092e-01,2.543828834737295597e-01,-3.326585837845404958e-01,1.612757191263467782e-01,5.270873158532578540e-01,5.046713411308443309e-01,5.000000000000000000e-01,4.839999999999999858e-01,9.224157561414619844e-02,1.204084193834272995e-02,5.000000000000000000e-01,4.839999999999999858e-01,0.000000000000000000e+00,0.000000000000000000e+00
1.760438360958000000e+12,3.000000000000000000e+00,6.000000000000000000e+00,3.000000000000000000e+00,1.000000000000000056e-01,1.000000000000000000e+00,-3.326585837845404958e-01,1.612757191263467782e-01,-3.289105043080061130e-01,1.614524615510160299e-01,9.224157561414619844e-02,1.204084193834272995e-02,5.000000000000000000e-01,4.839999999999999858e-01,1.121781685744354662e-01,1.297598704241284540e-02,5.999999999999999778e-01,5.279999999999999138e-01,2.000000000000000042e-02,2.000000000000000111e-01
1.760438361162000000e+12,3.000000000000000000e+00,6.000000000000000000e+00,3.000000000000000000e+00,1.000000000000000056e-01,1.000000000000000000e+00,-3.289105043080061130e-01,1.614524615510160299e-01,-3.171562150675263925e-01,1.655872749394279309e-01,1.121781685744354662e-01,1.297598704241284540e-02,4.000000000000000777e-01,5.279999999999999138e-01,1.747009836833701701e-01,3.485330655781972847e-02,7.000000000000000666e-01,5.779999999999999583e-01,2.000000000000000042e-02,2.000000000000000111e-01
1.760438361366000000e+12,3.000000000000000000e+00,6.000000000000000000e+00,3.000000000000000000e+00,0.000000000000000000e+00,0.000000000000000000e+00,-3.171562150675263925e-01,1.655872749394279309e-01,-3.002178078736548184e-01,1.741242952981879588e-01,1.747009836833701701e-01,3.485330655781972847e-02,2.999999999999999889e-01,5.779999999999999583e-01,2.647988942890700526e-01,8.002272644543893809e-02,7.039999999999999591e-01,6.280000000000000027e-01,0.000000000000000000e+00,0.000000000000000000e+00
1.760438361569000000e+12,3.000000000000000000e+00,6.000000000000000000e+00,3.000000000000000000e+00,0.000000000000000000e+00,2.000000000000000000e+00,-3.002178078736548184e-01,1.741242952981879588e-01,-2.876819030292359081e-01,1.843734790400943790e-01,2.647988942890700526e-01,8.002272644543893809e-02,1.959999999999997300e-01,6.280000000000000027e-01,3.314792392061919335e-01,1.342512118523512266e-01,6.039999999999999813e-01,6.280000000000000027e-01,0.000000000000000000e+00,-2.000000000000000111e-01
1.760438361774000000e+12,3.000000000000000000e+00,6.000000000000000000e+00,3.000000000000000000e+00,0.000000000000000000e+00,0.000000000000000000e+00,-2.876819030292359081e-01,1.843734790400943790e-01,-2.793710828075273711e-01,1.946244261308789636e-01,3.314792392061919335e-01,1.342512118523512266e-01,9.600000000000025180e-02,6.280000000000000027e-01,3.756857297471947743e-01,1.884890271475077594e-01,6.039999999999999813e-01,6.280000000000000027e-01,0.000000000000000000e+00,0.000000000000000000e+00
1.760438361978000000e+12,3.000000000000000000e+00,6.000000000000000000e+00,3.000000000000000000e+00,0.000000000000000000e+00,0.000000000000000000e+00,-2.790387685493299630e-01,1.950344771468590643e-01,-2.707308386081134222e-01,2.052861597598278631e-01,3.774533587801597312e-01,1.906586092426405532e-01,-7.450580569168252509e-09,6.280000000000000027e-01,4.216444754887583302e-01,2.449003161895654257e-01,6.039999999999999813e-01,6.280000000000000027e-01,0.000000000000000000e+00,0.000000000000000000e+00
1.760438362182000000e+12,3.000000000000000000e+00,6.000000000000000000e+00,3.000000000000000000e+00,0.000000000000000000e+00,2.000000000000000000e+00,-2.707308386081134222e-01,2.052861597598278631e-01,-2.662004287370458577e-01,2.155392818052357107e-01,4.216444754887583302e-01,2.449003161895654257e-01,9.999999254941882576e-02,6.280000000000000027e-01,4.457424003348623986e-01,2.991496391811413469e-01,5.040000000000000036e-01,6.280000000000000027e-01,0.000000000000000000e+00,-2.000000000000000111e-01
1.760438362384000000e+12,3.000000000000000000e+00,6.000000000000000000e+00,3.000000000000000000e+00,-1.000000000000000056e-01,0.000000000000000000e+00,-2.662004287370458577e-01,2.155392818052357107e-01,-2.661944669221439908e-01,2.259864374810355292e-01,4.457424003348623986e-01,2.991496391811413469e-01,2.039999925494183630e-01,6.280000000000000027e-01,4.457741121162553388e-01,3.544255951377541791e-01,5.000000000000000000e-01,6.099999999999999867e-01,-2.000000000000000042e-02,0.000000000000000000e+00
1.760438362588000000e+12,3.000000000000000000e+00,6.000000000000000000e+00,3.000000000000000000e+00,-1.000000000000000056e-01,0.000000000000000000e+00,-2.661944669221439908e-01,2.259864374810355292e-01,-2.662086959114911555e-01,2.329160335474627919e-01,4.457741121162553388e-01,3.544255951377541791e-01,5.000000000000000000e-01,6.099999999999999867e-01,4.456984260027065936e-01,3.910901245897502876e-01,5.000000000000000000e-01,5.599999999999999423e-01,-2.000000000000000042e-02,0.000000000000000000e+00
1.760438362791000000e+12,3.000000000000000000e+00,6.000000000000000000e+00,3.000000000000000000e+00,0.000000000000000000e+00,1.000000000000000000e+00,-2.662086959114911555e-01,2.329160335474627919e-01,-2.624557365867314362e-01,2.364121502991283486e-01,4.456984260027065936e-01,3.910901245897502876e-01,5.000000000000000000e-01,5.599999999999999423e-01,4.656609756024923108e-01,4.095880968207849526e-01,5.999999999999999778e-01,5.380000000000000338e-01,0.000000000000000000e+00,2.000000000000000111e-01
1.760438362995000000e+12,3.000000000000000000e+00,6.000000000000000000e+00,3.000000000000000000e+00,0.000000000000000000e+00,2.000000000000000000e+00,-2.621395327736718017e-01,2.365343504675722075e-01,-2.576005632972563353e-01,2.395897848658901652e-01,4.673429107783414471e-01,4.102346585585831540e-01,5.999999999999999778e-01,5.380000000000000338e-01,4.914863654401258053e-01,4.264009781264030408e-01,5.040000000000000036e-01,5.380000000000000338e-01,0.000000000000000000e+00,-2.000000000000000111e-01
0.000000000000000000e+00,0.000000000000000000e+00,0.000000000000000000e+00,0.000000000000000000e+00,0.000000000000000000e+00,0.000000000000000000e+00,0.000000000000000000e+00,0.000000000000000000e+00,0.000000000000000000e+00,0.000000000000000000e+00,0.000000000000000000e+00,0.000000000000000000e+00,0.000000000000000000e+00,0.000000000000000000e+00,0.000000000000000000e+00,0.000000000000000000e+00,0.000000000000000000e+00,0.000000000000000000e+00,0.000000000000000000e+00,0.000000000000000000e+00
1.760438368684000000e+12,4.000000000000000000e+00,6.000000000000000000e+00,3.000000000000000000e+00,0.000000000000000000e+00,2.000000000000000000e+00,-2.575927145864594370e-01,2.399564889702866799e-01,-3.370395924145196398e-01,1.653951777706606507e-01,4.915281139018114476e-01,4.283412114829983630e-01,5.000000000000000000e-01,5.380000000000000338e-01,6.893833822064010519e-02,3.383691942148491644e-02,3.960000000000000187e-01,5.380000000000000338e-01,0.000000000000000000e+00,-2.000000000000000111e-01
1.760438368887000000e+12,4.000000000000000000e+00,6.000000000000000000e+00,3.000000000000000000e+00,0.000000000000000000e+00,1.000000000000000000e+00,-3.370395924145196398e-01,1.653951777706606507e-01,-3.419220417121775490e-01,1.684462820064764887e-01,6.893833822064010519e-02,3.383691942148491644e-02,5.000000000000000000e-01,5.380000000000000338e-01,4.296786323309802896e-02,4.998032807659517213e-02,4.919999999999999929e-01,5.380000000000000338e-01,0.000000000000000000e+00,2.000000000000000111e-01
1.760438369089000000e+12,4.000000000000000000e+00,6.000000000000000000e+00,3.000000000000000000e+00,1.000000000000000056e-01,1.000000000000000000e+00,-3.419220417121775490e-01,1.684462820064764887e-01,-3.388178395088058958e-01,1.715549698093459252e-01,4.296786323309802896e-02,4.998032807659517213e-02,4.000000000000000777e-01,5.380000000000000338e-01,5.947957708081959283e-02,6.642841168966097387e-02,5.919999999999999707e-01,5.479999999999999316e-01,2.000000000000000042e-02,2.000000000000000111e-01
1.760438369290000000e+12,4.000000000000000000e+00,6.000000000000000000e+00,3.000000000000000000e+00,1.000000000000000056e-01,1.000000000000000000e+00,-3.388178395088058958e-01,1.715549698093459252e-01,-3.277139860292525020e-01,1.772866936791062387e-01,5.947957708081959283e-02,6.642841168966097387e-02,2.999999999999999889e-01,5.479999999999999316e-01,1.185426275039759558e-01,9.675499301114412476e-02,6.919999999999999485e-01,5.979999999999999760e-01,2.000000000000000042e-02,2.000000000000000111e-01
1.760438369493000000e+12,4.000000000000000000e+00,6.000000000000000000e+00,3.000000000000000000e+00,0.000000000000000000e+00,1.000000000000000000e+00,-3.277139860292525020e-01,1.772866936791062387e-01,-3.076723070692931050e-01,1.864230052379528546e-01,1.185426275039759558e-01,9.675499301114412476e-02,1.959999999999997300e-01,5.979999999999999760e-01,2.251473028229089290e-01,1.450952658092743708e-01,7.960000000000002629e-01,6.119999999999999885e-01,0.000000000000000000e+00,2.000000000000000111e-01
1.760438369697000000e+12,4.000000000000000000e+00,6.000000000000000000e+00,3.000000000000000000e+00,0.000000000000000000e+00,2.000000000000000000e+00,-3.076723070692931050e-01,1.864230052379528546e-01,-2.877795915209463429e-01,1.953910034289540187e-01,2.251473028229089290e-01,1.450952658092743708e-01,9.600000000000025180e-02,6.119999999999999885e-01,3.309596195694342602e-01,1.925449916875874024e-01,6.959999999999999520e-01,6.119999999999999885e-01,0.000000000000000000e+00,-2.000000000000000111e-01
1.760438369900000000e+12,4.000000000000000000e+00,6.000000000000000000e+00,3.000000000000000000e+00,0.000000000000000000e+00,2.000000000000000000e+00,-2.877795915209463429e-01,1.953910034289540187e-01,-2.758823736910703817e-01,2.043618738013020519e-01,3.309596195694342602e-01,1.925449916875874024e-01,-7.450580569168252509e-09,6.119999999999999885e-01,3.942426931326042938e-01,2.400099142926034601e-01,5.959999999999999742e-01,6.119999999999999885e-01,0.000000000000000000e+00,-2.000000000000000111e-01
1.760438370104000000e+12,4.000000000000000000e+00,6.000000000000000000e+00,3.000000000000000000e+00,0.000000000000000000e+00,0.000000000000000000e+00,-2.755724880668772303e-01,2.047207604979638107e-01,-2.682236191301851091e-01,2.136933408683598379e-01,3.958910209208657549e-01,2.419087857035122358e-01,9.999999254941882576e-02,6.119999999999999885e-01,4.349807493075259490e-01,2.893827559172478248e-01,5.919999999999999707e-01,6.119999999999999885e-01,0.000000000000000000e+00,0.000000000000000000e+00
1.760438370307000000e+12,4.000000000000000000e+00,6.000000000000000000e+00,3.000000000000000000e+00,0.000000000000000000e+00,2.000000000000000000e+00,-2.682236191301851091e-01,2.136933408683598379e-01,-2.646459205896491418e-01,2.226671675899662695e-01,4.349807493075259490e-01,2.893827559172478248e-01,2.039999925494183630e-01,6.119999999999999885e-01,4.540110606933555615e-01,3.368633205818321597e-01,4.919999999999999929e-01,6.119999999999999885e-01,0.000000000000000000e+00,-2.000000000000000111e-01
1.760438370510000000e+12,4.000000000000000000e+00,6.000000000000000000e+00,3.000000000000000000e+00,-1.000000000000000056e-01,0.000000000000000000e+00,-2.646459205896491418e-01,2.226671675899662695e-01,-2.656391343546595230e-01,2.318324600062204865e-01,4.540110606933555615e-01,3.368633205818321597e-01,5.000000000000000000e-01,6.119999999999999885e-01,4.487280087518110139e-01,3.853569312498438815e-01,4.879999999999999893e-01,5.979999999999999760e-01,-2.000000000000000042e-02,0.000000000000000000e+00
1.760438370713000000e+12,4.000000000000000000e+00,6.000000000000000000e+00,3.000000000000000000e+00,-1.000000000000000056e-01,1.000000000000000000e+00,-2.656391343546595230e-01,2.318324600062204865e-01,-2.628426696991296163e-01,2.376439226140937833e-01,4.487280087518110139e-01,3.853569312498438815e-01,5.000000000000000000e-01,5.959999999999999742e-01,4.636028207493104736e-01,4.161054106565809096e-01,5.879999999999999671e-01,5.460000000000000409e-01,-2.000000000000000042e-02,2.000000000000000111e-01
1.760438370917000000e+12,4.000000000000000000e+00,6.000000000000000000e+00,3.000000000000000000e+00,0.000000000000000000e+00,2.000000000000000000e+00,-2.628426696991296163e-01,2.376439226140937833e-01,-2.595920039668554447e-01,2.394555698317579195e-01,4.636028207493104736e-01,4.161054106565809096e-01,5.999999999999999778e-01,5.460000000000000409e-01,4.808935959209816313e-01,4.256908456706768873e-01,4.879999999999999893e-01,4.979999999999999982e-01,0.000000000000000000e+00,-2.000000000000000111e-01
0.000000000000000000e+00,0.000000000000000000e+00,0.000000000000000000e+00,0.000000000000000000e+00,0.000000000000000000e+00,0.000000000000000000e+00,0.000000000000000000e+00,0.000000000000000000e+00,0.000000000000000000e+00,0.000000000000000000e+00,0.000000000000000000e+00,0.000000000000000000e+00,0.000000000000000000e+00,0.000000000000000000e+00,0.000000000000000000e+00,0.000000000000000000e+00,0.000000000000000000e+00,0.000000000000000000e+00,0.000000000000000000e+00,0.000000000000000000e+00
1.760438376610000000e+12,5.000000000000000000e+00,6.000000000000000000e+00,2.000000000000000000e+00,0.000000000000000000e+00,0.000000000000000000e+00,-2.598135929678205835e-01,2.394325017716773529e-01,-1.732703182476659221e-01,1.629025507134637119e-01,4.797149310222308949e-01,4.255687924427373758e-01,5.000000000000000000e-01,4.979999999999999982e-01,9.400514986826280506e-01,2.064841647335296376e-02,4.720000000000000306e-01,4.979999999999999982e-01,0.000000000000000000e+00,0.000000000000000000e+00
1.760438376812000000e+12,5.000000000000000000e+00,6.000000000000000000e+00,2.000000000000000000e+00,1.000000000000000056e-01,1.000000000000000000e+00,-1.733599981882706642e-01,1.628964597393472713e-01,-1.718355882796074319e-01,1.628329330291728438e-01,9.395744777219645627e-01,2.061618909707550046e-02,5.000000000000000000e-01,4.979999999999999982e-01,9.476830410659179416e-01,2.028006893742244354e-02,5.720000000000000639e-01,5.100000000000000089e-01,2.000000000000000042e-02,2.000000000000000111e-01
1.760438377015000000e+12,5.000000000000000000e+00,6.000000000000000000e+00,2.000000000000000000e+00,1.000000000000000056e-01,2.000000000000000000e+00,-1.718355882796074319e-01,1.628329330291728438e-01,-1.698484544431058674e-01,1.655230400197346685e-01,9.476830410659179416e-01,2.028006893742244354e-02,4.000000000000000777e-01,5.100000000000000089e-01,9.582529018983730884e-01,3.451343925785538280e-02,4.720000000000000306e-01,5.599999999999999423e-01,2.000000000000000042e-02,-2.000000000000000111e-01
1.760438377218000000e+12,5.000000000000000000e+00,6.000000000000000000e+00,2.000000000000000000e+00,0.000000000000000000e+00,2.000000000000000000e+00,-1.698484544431058674e-01,1.655230400197346685e-01,-1.762632797346985192e-01,1.720832972964187468e-01,9.582529018983730884e-01,3.451343925785538280e-02,2.999999999999999889e-01,5.599999999999999423e-01,9.241314907728802597e-01,6.922379521914680256e-02,3.680000000000001048e-01,5.859999999999999654e-01,0.000000000000000000e+00,-2.000000000000000111e-01
1.760438377422000000e+12,5.000000000000000000e+00,6.000000000000000000e+00,2.000000000000000000e+00,0.000000000000000000e+00,2.000000000000000000e+00,-1.762632797346985192e-01,1.720832972964187468e-01,-1.905981430294086953e-01,1.789718215490097297e-01,9.241314907728802597e-01,6.922379521914680256e-02,1.959999999999997300e-01,5.859999999999999654e-01,8.478822179286771288e-01,1.056710134868239642e-01,2.679999999999999050e-01,5.859999999999999654e-01,0.000000000000000000e+00,-2.000000000000000111e-01
1.760438377624000000e+12,5.000000000000000000e+00,6.000000000000000000e+00,2.000000000000000000e+00,0.000000000000000000e+00,2.000000000000000000e+00,-1.905981430294086953e-01,1.789718215490097297e-01,-2.129305223368156974e-01,1.858592315179343757e-01,8.478822179286771288e-01,1.056710134868239642e-01,9.600000000000025180e-02,5.859999999999999654e-01,7.290929662935334843e-01,1.421123360737268637e-01,1.679999999999998161e-01,5.859999999999999654e-01,0.000000000000000000e+00,-2.000000000000000111e-01
1.760438377828000000e+12,5.000000000000000000e+00,6.000000000000000000e+00,2.000000000000000000e+00,0.000000000000000000e+00,1.000000000000000000e+00,-2.139900156536010956e-01,1.861346977959895121e-01,-2.371052455672496007e-01,1.930231296856057543e-01,7.234573635446750473e-01,1.435698296084101377e-01,-7.450580569168252509e-09,5.859999999999999654e-01,6.005040129401616467e-01,1.800165591830992506e-01,2.639999999999999014e-01,5.859999999999999654e-01,0.000000000000000000e+00,2.000000000000000111e-01
1.760438378031000000e+12,5.000000000000000000e+00,6.000000000000000000e+00,2.000000000000000000e+00,0.000000000000000000e+00,1.000000000000000000e+00,-2.371052455672496007e-01,1.930231296856057543e-01,-2.522315770315605721e-01,1.999143531608799096e-01,6.005040129401616467e-01,1.800165591830992506e-01,9.999999254941882576e-02,5.859999999999999654e-01,5.200448030236138885e-01,2.164780590522746850e-01,3.640000000000000457e-01,5.859999999999999654e-01,0.000000000000000000e+00,2.000000000000000111e-01
1.760438378235000000e+12,5.000000000000000000e+00,6.000000000000000000e+00,2.000000000000000000e+00,0.000000000000000000e+00,1.000000000000000000e+00,-2.522315770315605721e-01,1.999143531608799096e-01,-2.593497492949921046e-01,2.068070778355396988e-01,5.200448030236138885e-01,2.164780590522746850e-01,2.039999925494183630e-01,5.859999999999999654e-01,4.821821846011057899e-01,2.529475017753423649e-01,4.640000000000000235e-01,5.859999999999999654e-01,0.000000000000000000e+00,2.000000000000000111e-01
1.760438378438000000e+12,5.000000000000000000e+00,6.000000000000000000e+00,2.000000000000000000e+00,0.000000000000000000e+00,0.000000000000000000e+00,-2.594686076520491547e-01,2.070828015578319581e-01,-2.620421752630862633e-01,2.139762348650114110e-01,4.815499592976108523e-01,2.544063574488463764e-01,5.000000000000000000e-01,5.859999999999999654e-01,4.678607698772006551e-01,2.908795495503249673e-01,4.679999999999999716e-01,5.859999999999999654e-01,0.000000000000000000e+00,0.000000000000000000e+00
1.760438378642000000e+12,5.000000000000000000e+00,6.000000000000000000e+00,2.000000000000000000e+00,0.000000000000000000e+00,0.000000000000000000e+00,-2.620421752630862633e-01,2.139762348650114110e-01,-2.646150187611889248e-01,2.208702965459677647e-01,4.678607698772006551e-01,2.908795495503249673e-01,5.000000000000000000e-01,5.859999999999999654e-01,4.541754321213354317e-01,3.273560663807818516e-01,4.679999999999999716e-01,5.859999999999999654e-01,0.000000000000000000e+00,0.000000000000000000e+00
1.760438378846000000e+12,5.000000000000000000e+00,6.000000000000000000e+00,2.000000000000000000e+00,0.000000000000000000e+00,1.000000000000000000e+00,-2.646150187611889248e-01,2.208702965459677647e-01,-2.635220014058668458e-01,2.280406378548531510e-01,4.541754321213354317e-01,3.273560663807818516e-01,5.999999999999999778e-01,5.859999999999999654e-01,4.599893542241124678e-01,3.652943801844082405e-01,5.679999999999999494e-01,5.859999999999999654e-01,0.000000000000000000e+00,2.000000000000000111e-01
1.760438379050000000e+12,5.000000000000000000e+00,6.000000000000000000e+00,2.000000000000000000e+00,0.000000000000000000e+00,2.000000000000000000e+00,-2.635220014058668458e-01,2.280406378548531510e-01,-2.618703087956025799e-01,2.349357745633164074e-01,4.599893542241124678e-01,3.652943801844082405e-01,5.000000000000000000e-01,5.859999999999999654e-01,4.687749532148798304e-01,4.017765849910921450e-01,4.679999999999999716e-01,5.859999999999999654e-01,0.000000000000000000e+00,-2.000000000000000111e-01
1.760438379252000000e+12,5.000000000000000000e+00,6.000000000000000000e+00,2.000000000000000000e+00,0.000000000000000000e+00,1.000000000000000000e+00,-2.618703087956025799e-01,2.349357745633164074e-01,-2.606720562532288121e-01,2.418316714227650155e-01,4.687749532148798304e-01,4.017765849910921450e-01,6.039999999999999813e-01,5.859999999999999654e-01,4.751486369509105301e-01,4.382628117606615081e-01,5.679999999999999494e-01,5.859999999999999654e-01,0.000000000000000000e+00,2.000000000000000111e-01
0.000000000000000000e+00,0.000000000000000000e+00,0.000000000000000000e+00,0.000000000000000000e+00,0.000000000000000000e+00,0.000000000000000000e+00,0.000000000000000000e+00,0.000000000000000000e+00,0.000000000000000000e+00,0.000000000000000000e+00,0.000000000000000000e+00,0.000000000000000000e+00,0.000000000000000000e+00,0.000000000000000000e+00,0.000000000000000000e+00,0.000000000000000000e+00,0.000000000000000000e+00,0.000000000000000000e+00,0.000000000000000000e+00,0.000000000000000000e+00
1.760438384980000000e+12,6.000000000000000000e+00,6.000000000000000000e+00,0.000000000000000000e+00,-1.000000000000000056e-01,2.000000000000000000e+00,-2.597576020790340334e-01,2.429350149435622885e-01,-1.705684992270267153e-01,3.259055459919778519e-01,4.800127548987551118e-01,4.441006081669962580e-01,5.000000000000000000e-01,5.859999999999999654e-01,9.544228764519855357e-01,8.830981269416818824e-01,4.879999999999999893e-01,5.380000000000000338e-01,-2.000000000000000042e-02,-2.000000000000000111e-01
1.760438385183000000e+12,6.000000000000000000e+00,6.000000000000000000e+00,0.000000000000000000e+00,-1.000000000000000056e-01,0.000000000000000000e+00,-1.705684992270267153e-01,3.259055459919778519e-01,-1.718590190892216318e-01,3.269308015503950560e-01,9.544228764519855357e-01,8.830981269416818824e-01,5.000000000000000000e-01,5.360000000000000320e-01,9.475584090998849796e-01,8.885227595258998745e-01,4.839999999999999858e-01,4.860000000000000431e-01,-2.000000000000000042e-02,0.000000000000000000e+00
1.760438385385000000e+12,6.000000000000000000e+00,6.000000000000000000e+00,0.000000000000000000e+00,-1.000000000000000056e-01,0.000000000000000000e+00,-1.718590190892216318e-01,3.269308015503950560e-01,-1.731526492758206914e-01,3.239542901431904931e-01,9.475584090998849796e-01,8.885227595258998745e-01,4.000000000000000777e-01,4.860000000000000431e-01,9.406773974690388895e-01,8.727740219216428841e-01,4.839999999999999858e-01,4.360000000000000542e-01,-2.000000000000000042e-02,0.000000000000000000e+00
1.760438385589000000e+12,6.000000000000000000e+00,6.000000000000000000e+00,0.000000000000000000e+00,-1.000000000000000056e-01,2.000000000000000000e+00,-1.731526492758206914e-01,3.239542901431904931e-01,-1.782649834724532589e-01,3.166152292774412347e-01,9.406773974690388895e-01,8.727740219216428841e-01,2.999999999999999889e-01,4.360000000000000542e-01,9.134841304656741157e-01,8.339430120499536914e-01,3.880000000000000115e-01,3.859999999999999543e-01,-2.000000000000000042e-02,-2.000000000000000111e-01
1.760438385792000000e+12,6.000000000000000000e+00,6.000000000000000000e+00,0.000000000000000000e+00,0.000000000000000000e+00,0.000000000000000000e+00,-1.782649834724532589e-01,3.166152292774412347e-01,-1.875533596692669225e-01,3.065444258824902568e-01,9.134841304656741157e-01,8.339430120499536914e-01,1.959999999999997300e-01,3.839999999999999525e-01,8.640778740996439833e-01,7.806583380025940988e-01,3.840000000000000080e-01,3.719999999999999418e-01,0.000000000000000000e+00,0.000000000000000000e+00
1.760438385996000000e+12,6.000000000000000000e+00,6.000000000000000000e+00,0.000000000000000000e+00,0.000000000000000000e+00,0.000000000000000000e+00,-1.875533596692669225e-01,3.065444258824902568e-01,-1.968448871782911835e-01,2.963264908549415599e-01,8.640778740996439833e-01,7.806583380025940988e-01,9.600000000000025180e-02,3.719999999999999418e-01,8.146548554346213500e-01,7.265951897086856404e-01,3.840000000000000080e-01,3.719999999999999418e-01,0.000000000000000000e+00,0.000000000000000000e+00
1.760438386198000000e+12,6.000000000000000000e+00,6.000000000000000000e+00,0.000000000000000000e+00,0.000000000000000000e+00,0.000000000000000000e+00,-1.968448871782911835e-01,2.963264908549415599e-01,-2.065080876967650414e-01,2.856983293812749847e-01,8.146548554346213500e-01,7.265951897086856404e-01,-7.450580569168252509e-09,3.719999999999999418e-01,7.632548526767817254e-01,6.703615311178571234e-01,3.840000000000000080e-01,3.719999999999999418e-01,0.000000000000000000e+00,0.000000000000000000e+00
1.760438386403000000e+12,6.000000000000000000e+00,6.000000000000000000e+00,0.000000000000000000e+00,1.000000000000000056e-01,0.000000000000000000e+00,-2.065080876967650414e-01,2.856983293812749847e-01,-2.157996752764126391e-01,2.754832077157186032e-01,7.632548526767817254e-01,6.703615311178571234e-01,9.999999254941882576e-02,3.719999999999999418e-01,7.138315144871667517e-01,6.163132683371355114e-01,3.840000000000000080e-01,3.759999999999999454e-01,2.000000000000000042e-02,0.000000000000000000e+00
1.760438386606000000e+12,6.000000000000000000e+00,6.000000000000000000e+00,0.000000000000000000e+00,1.000000000000000056e-01,0.000000000000000000e+00,-2.157996752764126391e-01,2.754832077157186032e-01,-2.250920139368065009e-01,2.674661348381143222e-01,7.138315144871667517e-01,6.163132683371355114e-01,2.039999925494183630e-01,3.759999999999999454e-01,6.644041811871994607e-01,5.738948933233563032e-01,3.840000000000000080e-01,4.260000000000000453e-01,2.000000000000000042e-02,0.000000000000000000e+00
1.760438386809000000e+12,6.000000000000000000e+00,6.000000000000000000e+00,0.000000000000000000e+00,0.000000000000000000e+00,0.000000000000000000e+00,-2.254637331822084145e-01,2.672284415634033627e-01,-2.347573735772190695e-01,2.630315403476351510e-01,6.624269511584658376e-01,5.726372569492241826e-01,5.000000000000000000e-01,4.280000000000000471e-01,6.129926937381964258e-01,5.504314304107680300e-01,3.840000000000000080e-01,4.560000000000000164e-01,0.000000000000000000e+00,0.000000000000000000e+00
1.760438387013000000e+12,6.000000000000000000e+00,6.000000000000000000e+00,0.000000000000000000e+00,0.000000000000000000e+00,1.000000000000000000e+00,-2.347573735772190695e-01,2.630315403476351510e-01,-2.402805091083483335e-01,2.595292205726461021e-01,6.129926937381964258e-01,5.504314304107680300e-01,5.000000000000000000e-01,4.560000000000000164e-01,5.836143132534662437e-01,5.319006379505085702e-01,4.839999999999999858e-01,4.560000000000000164e-01,0.000000000000000000e+00,2.000000000000000111e-01
1.760438387216000000e+12,6.000000000000000000e+00,6.000000000000000000e+00,0.000000000000000000e+00,0.000000000000000000e+00,2.000000000000000000e+00,-2.402805091083483335e-01,2.595292205726461021e-01,-2.453477687291027720e-01,2.560265907728629386e-01,5.836143132534662437e-01,5.319006379505085702e-01,5.999999999999999778e-01,4.560000000000000164e-01,5.566608046324320602e-01,5.133682051474229846e-01,3.840000000000000080e-01,4.560000000000000164e-01,0.000000000000000000e+00,-2.000000000000000111e-01
1.760438387419000000e+12,6.000000000000000000e+00,6.000000000000000000e+00,0.000000000000000000e+00,0.000000000000000000e+00,1.000000000000000000e+00,-2.457163541817289354e-01,2.558864585453299312e-01,-2.515585197111508409e-01,2.523834718250524967e-01,5.547002437142077858e-01,5.126267647901054936e-01,5.000000000000000000e-01,4.560000000000000164e-01,5.236248951534528961e-01,4.940924435187963315e-01,4.799999999999999822e-01,4.560000000000000164e-01,0.000000000000000000e+00,2.000000000000000111e-01
0.000000000000000000e+00,0.000000000000000000e+00,0.000000000000000000e+00,0.000000000000000000e+00,0.000000000000000000e+00,0.000000000000000000e+00,0.000000000000000000e+00,0.000000000000000000e+00,0.000000000000000000e+00,0.000000000000000000e+00,0.000000000000000000e+00,0.000000000000000000e+00,0.000000000000000000e+00,0.000000000000000000e+00,0.000000000000000000e+00,0.000000000000000000e+00,0.000000000000000000e+00,0.000000000000000000e+00,0.000000000000000000e+00,0.000000000000000000e+00
1.760438393163000000e+12,7.000000000000000000e+00,6.000000000000000000e+00,1.000000000000000000e+00,-1.000000000000000056e-01,0.000000000000000000e+00,-2.517235302445922640e-01,2.519631366567745001e-01,-3.331714416083120245e-01,3.178016178197979880e-01,5.227471795500411300e-01,4.918684479194418424e-01,5.000000000000000000e-01,4.560000000000000164e-01,8.951360846642529567e-02,8.402202001047514024e-01,4.919999999999999929e-01,4.360000000000000542e-01,-2.000000000000000042e-02,0.000000000000000000e+00
1.760438393366000000e+12,7.000000000000000000e+00,6.000000000000000000e+00,1.000000000000000000e+00,-1.000000000000000056e-01,0.000000000000000000e+00,-3.331714416083120245e-01,3.178016178197979880e-01,-3.338516658394977132e-01,3.108305887503707843e-01,8.951360846642529567e-02,8.402202001047514024e-01,5.000000000000000000e-01,4.360000000000000542e-01,8.589539447075673906e-02,8.033364484146603424e-01,4.919999999999999929e-01,3.859999999999999543e-01,-2.000000000000000042e-02,0.000000000000000000e+00
1.760438393570000000e+12,7.000000000000000000e+00,6.000000000000000000e+00,1.000000000000000000e+00,0.000000000000000000e+00,2.000000000000000000e+00,-3.338516658394977132e-01,3.108305887503707843e-01,-3.383022754053123249e-01,2.998570600888015858e-01,8.589539447075673906e-02,8.033364484146603424e-01,4.000000000000000777e-01,3.859999999999999543e-01,6.222193933344496997e-02,7.452754502052995056e-01,3.920000000000000151e-01,3.379999999999998561e-01,0.000000000000000000e+00,-2.000000000000000111e-01
1.760438393773000000e+12,7.000000000000000000e+00,6.000000000000000000e+00,1.000000000000000000e+00,0.000000000000000000e+00,0.000000000000000000e+00,-3.386461601705841318e-01,2.993398502282710871e-01,-3.476399326252463950e-01,2.864083131111474501e-01,6.039276505008429885e-02,7.425388900966725103e-01,2.999999999999999889e-01,3.379999999999998561e-01,1.255354986571054904e-02,6.741180587891399956e-01,3.880000000000000115e-01,3.379999999999998561e-01,0.000000000000000000e+00,0.000000000000000000e+00
1.760438393977000000e+12,7.000000000000000000e+00,6.000000000000000000e+00,1.000000000000000000e+00,1.000000000000000056e-01,2.000000000000000000e+00,-3.476399326252463950e-01,2.864083131111474501e-01,-3.496882731986891146e-01,2.742203465650597249e-01,1.255354986571054904e-02,6.741180587891399956e-01,1.959999999999997300e-01,3.379999999999998561e-01,1.658121283568421379e-03,6.096314633071944211e-01,5.000000000000000000e-01,3.699999999999998845e-01,2.000000000000000042e-02,-2.000000000000000111e-01
1.760438394182000000e+12,7.000000000000000000e+00,6.000000000000000000e+00,1.000000000000000000e+00,0.000000000000000000e+00,2.000000000000000000e+00,-3.496882731986891146e-01,2.742203465650597249e-01,-3.497228321171964582e-01,2.656952406220617346e-01,1.658121283568421379e-03,6.096314633071944211e-01,9.600000000000025180e-02,3.699999999999998845e-01,1.474297248954891488e-03,5.645250826564113256e-01,5.000000000000000000e-01,4.120000000000000329e-01,0.000000000000000000e+00,-2.000000000000000111e-01
1.760438394384000000e+12,7.000000000000000000e+00,6.000000000000000000e+00,1.000000000000000000e+00,0.000000000000000000e+00,2.000000000000000000e+00,-3.497242039399831581e-01,2.654145912013142761e-01,-3.497577111201596312e-01,2.583976058641522244e-01,1.467000319238402628e-03,5.630401650863189333e-01,-7.450580569168252509e-09,4.120000000000000329e-01,1.288770637448652520e-03,5.259132585404879823e-01,5.000000000000000000e-01,4.120000000000000329e-01,0.000000000000000000e+00,-2.000000000000000111e-01
1.760438394587000000e+12,7.000000000000000000e+00,6.000000000000000000e+00,1.000000000000000000e+00,0.000000000000000000e+00,2.000000000000000000e+00,-3.497577111201596312e-01,2.583976058641522244e-01,-3.497900056900626886e-01,2.513793801633180669e-01,1.288770637448652520e-03,5.259132585404879823e-01,9.999999254941882576e-02,4.120000000000000329e-01,1.116991010304729847e-03,4.887797892239051922e-01,5.000000000000000000e-01,4.120000000000000329e-01,0.000000000000000000e+00,-2.000000000000000111e-01
1.760438394791000000e+12,7.000000000000000000e+00,6.000000000000000000e+00,1.000000000000000000e+00,0.000000000000000000e+00,1.000000000000000000e+00,-3.497900056900626886e-01,2.513793801633180669e-01,-3.460457442899634861e-01,2.440790379272629318e-01,1.116991010304729847e-03,4.887797892239051922e-01,2.039999925494183630e-01,4.120000000000000329e-01,2.103327505338559861e-02,4.501536398267880212e-01,5.959999999999999742e-01,4.120000000000000329e-01,0.000000000000000000e+00,2.000000000000000111e-01
1.760438394995000000e+12,7.000000000000000000e+00,6.000000000000000000e+00,1.000000000000000000e+00,1.000000000000000056e-01,1.000000000000000000e+00,-3.460457442899634861e-01,2.440790379272629318e-01,-3.343061766060386186e-01,2.371836728131791472e-01,2.103327505338559861e-02,4.501536398267880212e-01,5.000000000000000000e-01,4.120000000000000329e-01,8.347778401043277896e-02,4.136702265247574339e-01,7.000000000000000666e-01,4.260000000000000453e-01,2.000000000000000042e-02,2.000000000000000111e-01
1.760438395198000000e+12,7.000000000000000000e+00,6.000000000000000000e+00,1.000000000000000000e+00,1.000000000000000056e-01,1.000000000000000000e+00,-3.343061766060386186e-01,2.371836728131791472e-01,-3.145626380493233842e-01,2.331616938051599142e-01,8.347778401043277896e-02,4.136702265247574339e-01,5.000000000000000000e-01,4.260000000000000453e-01,1.884966061206202192e-01,3.923899143130154532e-01,8.000000000000002665e-01,4.760000000000000342e-01,2.000000000000000042e-02,2.000000000000000111e-01
1.760438395402000000e+12,7.000000000000000000e+00,6.000000000000000000e+00,1.000000000000000000e+00,0.000000000000000000e+00,0.000000000000000000e+00,-3.136066664982870011e-01,2.330837977256057791e-01,-2.893091414646346005e-01,2.330035511183316255e-01,1.935815611793243740e-01,3.919777657439459384e-01,5.999999999999999778e-01,4.779999999999999805e-01,3.228237156136456454e-01,3.915531805202732141e-01,8.040000000000002700e-01,5.100000000000000089e-01,0.000000000000000000e+00,0.000000000000000000e+00
1.760438395605000000e+12,7.000000000000000000e+00,6.000000000000000000e+00,1.000000000000000000e+00,0.000000000000000000e+00,2.000000000000000000e+00,-2.893091414646346005e-01,2.330035511183316255e-01,-2.687752593993780192e-01,2.338157078499978614e-01,3.228237156136456454e-01,3.915531805202732141e-01,5.000000000000000000e-01,5.100000000000000089e-01,4.320464925564998504e-01,3.958503060846448318e-01,7.039999999999999591e-01,5.100000000000000089e-01,0.000000000000000000e+00,-2.000000000000000111e-01
1.760438395808000000e+12,7.000000000000000000e+00,6.000000000000000000e+00,1.000000000000000000e+00,0.000000000000000000e+00,2.000000000000000000e+00,-2.687752593993780192e-01,2.338157078499978614e-01,-2.558976084269812268e-01,2.346621761170090692e-01,4.320464925564998504e-01,3.958503060846448318e-01,6.039999999999999813e-01,5.100000000000000089e-01,5.005446360266955219e-01,4.003289741640692068e-01,6.039999999999999813e-01,5.100000000000000089e-01,0.000000000000000000e+00,-2.000000000000000111e-01
1.760438396011000000e+12,7.000000000000000000e+00,6.000000000000000000e+00,1.000000000000000000e+00,0.000000000000000000e+00,2.000000000000000000e+00,-2.558976084269812268e-01,2.346621761170090692e-01,-2.516759713274133170e-01,2.354770905194323305e-01,5.005446360266955219e-01,4.003289741640692068e-01,5.040000000000000036e-01,5.100000000000000089e-01,5.230001525137588647e-01,4.046406905790070896e-01,5.000000000000000000e-01,5.100000000000000089e-01,0.000000000000000000e+00,-2.000000000000000111e-01
0.000000000000000000e+00,0.000000000000000000e+00,0.000000000000000000e+00,0.000000000000000000e+00,0.000000000000000000e+00,0.000000000000000000e+00,0.000000000000000000e+00,0.000000000000000000e+00,0.000000000000000000e+00,0.000000000000000000e+00,0.000000000000000000e+00,0.000000000000000000e+00,0.000000000000000000e+00,0.000000000000000000e+00,0.000000000000000000e+00,0.000000000000000000e+00,0.000000000000000000e+00,0.000000000000000000e+00,0.000000000000000000e+00,0.000000000000000000e+00
1.760438401690000000e+12,8.000000000000000000e+00,6.000000000000000000e+00,0.000000000000000000e+00,0.000000000000000000e+00,2.000000000000000000e+00,-2.517437207685255807e-01,2.356075136046353602e-01,-1.781691087586264599e-01,3.220131573911117484e-01,5.226397831461404575e-01,4.053307598128855216e-01,5.000000000000000000e-01,5.100000000000000089e-01,9.139941023477315962e-01,8.625034782598506311e-01,3.880000000000000671e-01,5.100000000000000089e-01,0.000000000000000000e+00,-2.000000000000000111e-01
1.760438401893000000e+12,8.000000000000000000e+00,6.000000000000000000e+00,0.000000000000000000e+00,-1.000000000000000056e-01,1.000000000000000000e+00,-1.781691087586264599e-01,3.220131573911117484e-01,-1.836892005319827603e-01,3.223576416007451484e-01,9.139941023477315962e-01,8.625034782598506311e-01,5.000000000000000000e-01,5.100000000000000089e-01,8.846319120639214439e-01,8.643261460356886916e-01,4.840000000000000413e-01,4.839999999999999858e-01,-2.000000000000000042e-02,2.000000000000000111e-01
1.760438402095000000e+12,8.000000000000000000e+00,6.000000000000000000e+00,0.000000000000000000e+00,-1.000000000000000056e-01,0.000000000000000000e+00,-1.836892005319827603e-01,3.223576416007451484e-01,-1.849868634581412485e-01,3.192230270596160824e-01,8.846319120639214439e-01,8.643261460356886916e-01,4.000000000000000777e-01,4.839999999999999858e-01,8.777294496907380728e-01,8.477408839133127039e-01,4.840000000000000413e-01,4.340000000000000524e-01,-2.000000000000000042e-02,0.000000000000000000e+00
1.760438402297000000e+12,8.000000000000000000e+00,6.000000000000000000e+00,0.000000000000000000e+00,-1.000000000000000056e-01,0.000000000000000000e+00,-1.849868634581412485e-01,3.192230270596160824e-01,-1.862803607356649516e-01,3.120841544138053814e-01,8.777294496907380728e-01,8.477408839133127039e-01,2.999999999999999889e-01,4.340000000000000524e-01,8.708491450230587683e-01,8.099690709725153592e-01,4.840000000000000413e-01,3.839999999999999525e-01,-2.000000000000000042e-02,0.000000000000000000e+00
1.760438402502000000e+12,8.000000000000000000e+00,6.000000000000000000e+00,0.000000000000000000e+00,0.000000000000000000e+00,0.000000000000000000e+00,-1.863320673454038068e-01,3.117155249635518155e-01,-1.876237871061601781e-01,3.006892603523481644e-01,8.705741098648733800e-01,8.080186506008033565e-01,1.959999999999997300e-01,3.819999999999999507e-01,8.637032600736160859e-01,7.496786262029003778e-01,4.840000000000000413e-01,3.519999999999998685e-01,0.000000000000000000e+00,0.000000000000000000e+00
1.760438402706000000e+12,8.000000000000000000e+00,6.000000000000000000e+00,0.000000000000000000e+00,0.000000000000000000e+00,2.000000000000000000e+00,-1.876237871061601781e-01,3.006892603523481644e-01,-1.926884511165873615e-01,2.888705517553818991e-01,8.637032600736160859e-01,7.496786262029003778e-01,9.600000000000025180e-02,3.519999999999998685e-01,8.367635578904927263e-01,6.871457764835021687e-01,3.840000000000000080e-01,3.519999999999998685e-01,0.000000000000000000e+00,-2.000000000000000111e-01
1.760438402908000000e+12,8.000000000000000000e+00,6.000000000000000000e+00,0.000000000000000000e+00,0.000000000000000000e+00,0.000000000000000000e+00,-1.926884511165873615e-01,2.888705517553818991e-01,-2.019749146046243560e-01,2.770498303250436556e-01,8.367635578904927263e-01,6.871457764835021687e-01,-7.450580569168252509e-09,3.519999999999998685e-01,7.873674755073172271e-01,6.246022768520829160e-01,3.840000000000000080e-01,3.519999999999998685e-01,0.000000000000000000e+00,0.000000000000000000e+00
1.760438403110000000e+12,8.000000000000000000e+00,6.000000000000000000e+00,0.000000000000000000e+00,1.000000000000000056e-01,2.000000000000000000e+00,-2.019749146046243560e-01,2.770498303250436556e-01,-2.153999391238767269e-01,2.664836161674783432e-01,7.873674755073172271e-01,6.246022768520829160e-01,9.999999254941882576e-02,3.519999999999998685e-01,7.159577706176769585e-01,5.686963818385097902e-01,2.839999999999999747e-01,3.999999999999999667e-01,2.000000000000000042e-02,-2.000000000000000111e-01
1.760438403314000000e+12,8.000000000000000000e+00,6.000000000000000000e+00,0.000000000000000000e+00,0.000000000000000000e+00,0.000000000000000000e+00,-2.153999391238767269e-01,2.664836161674783432e-01,-2.326891105480841382e-01,2.601627889399992788e-01,7.159577706176769585e-01,5.686963818385097902e-01,2.039999925494183630e-01,3.999999999999999667e-01,6.239940928293397082e-01,5.352528515343877302e-01,2.839999999999999747e-01,4.319999999999999951e-01,0.000000000000000000e+00,0.000000000000000000e+00
1.760438403516000000e+12,8.000000000000000000e+00,6.000000000000000000e+00,0.000000000000000000e+00,0.000000000000000000e+00,0.000000000000000000e+00,-2.326891105480841382e-01,2.601627889399992788e-01,-2.499832239947041845e-01,2.547376749917730776e-01,6.239940928293397082e-01,5.352528515343877302e-01,5.000000000000000000e-01,4.319999999999999951e-01,5.320041276877436331e-01,5.065485449300163312e-01,2.839999999999999747e-01,4.319999999999999951e-01,0.000000000000000000e+00,0.000000000000000000e+00
1.760438403720000000e+12,8.000000000000000000e+00,6.000000000000000000e+00,0.000000000000000000e+00,0.000000000000000000e+00,1.000000000000000000e+00,-2.506750208021432114e-01,2.545206647340099715e-01,-2.642026796678399458e-01,2.490962805136502367e-01,5.283243574354083982e-01,5.054003425079893752e-01,5.000000000000000000e-01,4.319999999999999951e-01,4.563687251710640824e-01,4.766998968976203788e-01,3.840000000000000080e-01,4.319999999999999951e-01,0.000000000000000000e+00,2.000000000000000111e-01
1.760438403923000000e+12,8.000000000000000000e+00,6.000000000000000000e+00,0.000000000000000000e+00,0.000000000000000000e+00,0.000000000000000000e+00,-2.642026796678399458e-01,2.490962805136502367e-01,-2.735024124813139057e-01,2.436724424943087219e-01,4.563687251710640824e-01,4.766998968976203788e-01,5.999999999999999778e-01,4.319999999999999951e-01,4.069020612696068184e-01,4.480023412397287630e-01,3.840000000000000080e-01,4.319999999999999951e-01,0.000000000000000000e+00,0.000000000000000000e+00
1.760438404126000000e+12,8.000000000000000000e+00,6.000000000000000000e+00,0.000000000000000000e+00,0.000000000000000000e+00,1.000000000000000000e+00,-2.735024124813139057e-01,2.436724424943087219e-01,-2.790315006432168010e-01,2.382486690210238733e-01,4.069020612696068184e-01,4.480023412397287630e-01,5.000000000000000000e-01,4.319999999999999951e-01,3.774920178552297334e-01,4.193051270953644383e-01,4.839999999999999858e-01,4.319999999999999951e-01,0.000000000000000000e+00,2.000000000000000111e-01
1.760438404330000000e+12,8.000000000000000000e+00,6.000000000000000000e+00,0.000000000000000000e+00,0.000000000000000000e+00,1.000000000000000000e+00,-2.790865835282604346e-01,2.380317217097371874e-01,-2.762952149312656314e-01,2.326077278274694127e-01,3.771990237858486861e-01,4.181572577234772270e-01,6.039999999999999813e-01,4.319999999999999951e-01,3.920467290890125578e-01,3.894588773940180770e-01,5.879999999999999671e-01,4.319999999999999951e-01,0.000000000000000000e+00,2.000000000000000111e-01
1.760438404533000000e+12,8.000000000000000000e+00,6.000000000000000000e+00,0.000000000000000000e+00,1.000000000000000056e-01,2.000000000000000000e+00,-2.762952149312656314e-01,2.326077278274694127e-01,-2.730436330026190239e-01,2.282509982916503255e-01,3.920467290890125578e-01,3.894588773940180770e-01,5.040000000000000036e-01,4.319999999999999951e-01,4.093423776456434071e-01,3.664073983685202651e-01,4.879999999999999893e-01,4.699999999999999734e-01,2.000000000000000042e-02,-2.000000000000000111e-01
1.760438404735000000e+12,8.000000000000000000e+00,6.000000000000000000e+00,0.000000000000000000e+00,0.000000000000000000e+00,0.000000000000000000e+00,-2.730436330026190239e-01,2.282509982916503255e-01,-2.740175818232855054e-01,2.277483248911430502e-01,4.093423776456434071e-01,3.664073983685202651e-01,4.040000000000000258e-01,4.699999999999999734e-01,4.041617988123110683e-01,3.637477507467886673e-01,4.879999999999999893e-01,5.200000000000000178e-01,0.000000000000000000e+00,0.000000000000000000e+00
1.760438404939000000e+12,8.000000000000000000e+00,6.000000000000000000e+00,0.000000000000000000e+00,0.000000000000000000e+00,0.000000000000000000e+00,-2.740566054878047497e-01,2.278113225859562663e-01,-2.750323303298543576e-01,2.294263583681218355e-01,4.039542261286980795e-01,3.640810718833665249e-01,4.040000000000000258e-01,5.200000000000000178e-01,3.987642003731150520e-01,3.726262347519674334e-01,4.879999999999999893e-01,5.200000000000000178e-01,0.000000000000000000e+00,0.000000000000000000e+00
1.760438405141000000e+12,8.000000000000000000e+00,6.000000000000000000e+00,0.000000000000000000e+00,1.000000000000000056e-01,0.000000000000000000e+00,-2.750323303298543576e-01,2.294263583681218355e-01,-2.760083117815688158e-01,2.311303759276489289e-01,3.987642003731150520e-01,3.726262347519674334e-01,5.000000000000000000e-01,5.200000000000000178e-01,3.935728096725062408e-01,3.816422006753911744e-01,4.879999999999999893e-01,5.320000000000000284e-01,2.000000000000000042e-02,0.000000000000000000e+00
1.760438405345000000e+12,8.000000000000000000e+00,6.000000000000000000e+00,0.000000000000000000e+00,1.000000000000000056e-01,1.000000000000000000e+00,-2.760083117815688158e-01,2.311303759276489289e-01,-2.732553496812597515e-01,2.358495951865342832e-01,3.935728096725062408e-01,3.816422006753911744e-01,5.000000000000000000e-01,5.320000000000000284e-01,4.082162250996821395e-01,4.066116147435676620e-01,5.840000000000000746e-01,5.819999999999999618e-01,2.000000000000000042e-02,2.000000000000000111e-01
1.760438405548000000e+12,8.000000000000000000e+00,6.000000000000000000e+00,0.000000000000000000e+00,0.000000000000000000e+00,0.000000000000000000e+00,-2.732553496812597515e-01,2.358495951865342832e-01,-2.662340033474245304e-01,2.431539745385029039e-01,4.082162250996821395e-01,4.066116147435676620e-01,5.000000000000000000e-01,5.839999999999999636e-01,4.455638119817843523e-01,4.452591245423434541e-01,5.879999999999999671e-01,5.919999999999999707e-01,0.000000000000000000e+00,0.000000000000000000e+00
1.760438405751000000e+12,8.000000000000000000e+00,6.000000000000000000e+00,0.000000000000000000e+00,0.000000000000000000e+00,2.000000000000000000e+00,-2.662340033474245304e-01,2.431539745385029039e-01,-2.629773842566620057e-01,2.505306480969634042e-01,4.455638119817843523e-01,4.452591245423434541e-01,5.999999999999999778e-01,5.919999999999999707e-01,4.628862539539254639e-01,4.842891433701768111e-01,4.879999999999999893e-01,5.919999999999999707e-01,0.000000000000000000e+00,-2.000000000000000111e-01
1.760438405954000000e+12,8.000000000000000000e+00,6.000000000000000000e+00,0.000000000000000000e+00,0.000000000000000000e+00,0.000000000000000000e+00,-2.629773842566620057e-01,2.505306480969634042e-01,-2.643061519457838848e-01,2.582035805660600758e-01,4.628862539539254639e-01,4.842891433701768111e-01,5.000000000000000000e-01,5.919999999999999707e-01,4.558183407139154708e-01,5.248866696616936167e-01,4.839999999999999858e-01,5.919999999999999707e-01,0.000000000000000000e+00,0.000000000000000000e+00
1.760438406158000000e+12,8.000000000000000000e+00,6.000000000000000000e+00,0.000000000000000000e+00,-1.000000000000000056e-01,1.000000000000000000e+00,-2.643061519457838848e-01,2.582035805660600758e-01,-2.618385289542966565e-01,2.641365494536973557e-01,4.558183407139154708e-01,5.248866696616936167e-01,6.039999999999999813e-01,5.919999999999999707e-01,4.689439949239538885e-01,5.562780394375521631e-01,5.840000000000000746e-01,5.479999999999999316e-01,-2.000000000000000042e-02,2.000000000000000111e-01
1.760438406362000000e+12,8.000000000000000000e+00,6.000000000000000000e+00,0.000000000000000000e+00,-1.000000000000000056e-01,0.000000000000000000e+00,-2.618385289542966565e-01,2.641365494536973557e-01,-2.545509050669816364e-01,2.661078452267726657e-01,4.689439949239538885e-01,5.562780394375521631e-01,7.039999999999999591e-01,5.479999999999999316e-01,5.077079517713741774e-01,5.667081758030300120e-01,5.879999999999999671e-01,4.979999999999999982e-01,-2.000000000000000042e-02,0.000000000000000000e+00
1.760438406566000000e+12,8.000000000000000000e+00,6.000000000000000000e+00,0.000000000000000000e+00,-1.000000000000000056e-01,2.000000000000000000e+00,-2.545509050669816364e-01,2.661078452267726657e-01,-2.512953529992569823e-01,2.639241039012096834e-01,5.077079517713741774e-01,5.667081758030300120e-01,6.039999999999999813e-01,4.960000000000000520e-01,5.250247180890585952e-01,5.551539888952894408e-01,4.879999999999999893e-01,4.460000000000000075e-01,-2.000000000000000042e-02,-2.000000000000000111e-01
1.760438406769000000e+12,8.000000000000000000e+00,6.000000000000000000e+00,0.000000000000000000e+00,-1.000000000000000056e-01,0.000000000000000000e+00,-2.512953529992569823e-01,2.639241039012096834e-01,-2.522675834611017298e-01,2.577399430828146709e-01,5.250247180890585952e-01,5.551539888952894408e-01,5.040000000000000036e-01,4.460000000000000075e-01,5.198532794622248154e-01,5.224335612847337273e-01,4.879999999999999893e-01,3.960000000000000187e-01,-2.000000000000000042e-02,0.000000000000000000e+00
1.760438406973000000e+12,8.000000000000000000e+00,6.000000000000000000e+00,0.000000000000000000e+00,0.000000000000000000e+00,2.000000000000000000e+00,-2.523065703248065228e-01,2.574094557396620075e-01,-2.570486552235838329e-01,2.479104542893092455e-01,5.196459025276248811e-01,5.206849510035027606e-01,4.000000000000000777e-01,3.960000000000000187e-01,4.944220466830646643e-01,4.704256840704193476e-01,3.880000000000000115e-01,3.780000000000000027e-01,0.000000000000000000e+00,-2.000000000000000111e-01
1.760438407176000000e+12,8.000000000000000000e+00,6.000000000000000000e+00,0.000000000000000000e+00,0.000000000000000000e+00,1.000000000000000000e+00,-2.570486552235838329e-01,2.479104542893092455e-01,-2.622496805086941274e-01,2.381664169518756258e-01,4.944220466830646643e-01,4.704256840704193476e-01,2.999999999999999889e-01,3.780000000000000027e-01,4.667570185707758945e-01,4.188699309623049594e-01,4.879999999999999893e-01,3.780000000000000027e-01,0.000000000000000000e+00,2.000000000000000111e-01
1.760438407379000000e+12,8.000000000000000000e+00,6.000000000000000000e+00,0.000000000000000000e+00,1.000000000000000056e-01,2.000000000000000000e+00,-2.622496805086941274e-01,2.381664169518756258e-01,-2.670054361709277013e-01,2.285478228741474049e-01,4.667570185707758945e-01,4.188699309623049594e-01,1.959999999999997300e-01,3.780000000000000027e-01,4.414604458993207081e-01,3.679778988050127486e-01,3.880000000000000115e-01,3.919999999999999596e-01,2.000000000000000042e-02,-2.000000000000000111e-01
1.760438407583000000e+12,8.000000000000000000e+00,6.000000000000000000e+00,0.000000000000000000e+00,1.000000000000000056e-01,1.000000000000000000e+00,-2.673627788912673053e-01,2.282019788337057153e-01,-2.728872226950470048e-01,2.216176202826243558e-01,4.395596867485780934e-01,3.661480361571731179e-01,5.000000000000000000e-01,3.940000000000000169e-01,4.101743473667712192e-01,3.313101602255257294e-01,4.839999999999999858e-01,4.440000000000000058e-01,2.000000000000000042e-02,2.000000000000000111e-01
1.760438407785000000e+12,8.000000000000000000e+00,6.000000000000000000e+00,0.000000000000000000e+00,1.000000000000000056e-01,0.000000000000000000e+00,-2.728872226950470048e-01,2.216176202826243558e-01,-2.741832655105620464e-01,2.190340170602787517e-01,4.101743473667712192e-01,3.313101602255257294e-01,5.999999999999999778e-01,4.440000000000000058e-01,4.032805026033933204e-01,3.176403019062368216e-01,4.839999999999999858e-01,4.939999999999999947e-01,2.000000000000000042e-02,0.000000000000000000e+00
1.760438407989000000e+12,8.000000000000000000e+00,6.000000000000000000e+00,0.000000000000000000e+00,1.000000000000000056e-01,0.000000000000000000e+00,-2.741832655105620464e-01,2.190340170602787517e-01,-2.755296291049479929e-01,2.205909490160075925e-01,4.032805026033933204e-01,3.176403019062368216e-01,5.040000000000000036e-01,4.939999999999999947e-01,3.961189941226169742e-01,3.258780371217332994e-01,4.839999999999999858e-01,5.440000000000000391e-01,2.000000000000000042e-02,0.000000000000000000e+00
1.760438408192000000e+12,8.000000000000000000e+00,6.000000000000000000e+00,0.000000000000000000e+00,1.000000000000000056e-01,1.000000000000000000e+00,-2.755296291049479929e-01,2.205909490160075925e-01,-2.730545822833229663e-01,2.261683877644637963e-01,3.961189941226169742e-01,3.258780371217332994e-01,4.040000000000000258e-01,5.460000000000000409e-01,4.092841367908352512e-01,3.553882950500730220e-01,5.840000000000000746e-01,5.959999999999999742e-01,2.000000000000000042e-02,2.000000000000000111e-01
1.760438408394000000e+12,8.000000000000000000e+00,6.000000000000000000e+00,0.000000000000000000e+00,0.000000000000000000e+00,2.000000000000000000e+00,-2.730545822833229663e-01,2.261683877644637963e-01,-2.701216482162813737e-01,2.341600988187410859e-01,4.092841367908352512e-01,3.553882950500730220e-01,5.040000000000000036e-01,5.959999999999999742e-01,4.248848499133968670e-01,3.976724805224396420e-01,4.839999999999999858e-01,5.999999999999999778e-01,0.000000000000000000e+00,-2.000000000000000111e-01
1.760438408596000000e+12,8.000000000000000000e+00,6.000000000000000000e+00,0.000000000000000000e+00,0.000000000000000000e+00,1.000000000000000000e+00,-2.701216482162813737e-01,2.341600988187410859e-01,-2.676405157396620771e-01,2.421758844712160741e-01,4.248848499133968670e-01,3.976724805224396420e-01,5.000000000000000000e-01,5.999999999999999778e-01,4.380823630869037921e-01,4.400840448212491318e-01,5.840000000000000746e-01,5.999999999999999778e-01,0.000000000000000000e+00,2.000000000000000111e-01
1.760438408799000000e+12,8.000000000000000000e+00,6.000000000000000000e+00,0.000000000000000000e+00,-1.000000000000000056e-01,2.000000000000000000e+00,-2.676405157396620771e-01,2.421758844712160741e-01,-2.641251178691249590e-01,2.501074384708797393e-01,4.380823630869037921e-01,4.400840448212491318e-01,5.999999999999999778e-01,5.999999999999999778e-01,4.567812879301863527e-01,4.820499389993637696e-01,4.879999999999999893e-01,5.759999999999999565e-01,-2.000000000000000042e-02,-2.000000000000000111e-01
1.760438409002000000e+12,8.000000000000000000e+00,6.000000000000000000e+00,0.000000000000000000e+00,0.000000000000000000e+00,0.000000000000000000e+00,-2.641251178691249590e-01,2.501074384708797393e-01,-2.650982209373475285e-01,2.544464321485964686e-01,4.567812879301863527e-01,4.820499389993637696e-01,4.960000000000000520e-01,5.759999999999999565e-01,4.516052077800662978e-01,5.050075775058014971e-01,4.879999999999999893e-01,5.400000000000000355e-01,0.000000000000000000e+00,0.000000000000000000e+00
1.760438409206000000e+12,8.000000000000000000e+00,6.000000000000000000e+00,0.000000000000000000e+00,0.000000000000000000e+00,1.000000000000000000e+00,-2.650982209373475285e-01,2.544464321485964686e-01,-2.623054013576449073e-01,2.576640956948764716e-01,4.516052077800662978e-01,5.050075775058014971e-01,5.959999999999999742e-01,5.400000000000000355e-01,4.664606310763568242e-01,5.220322523538438730e-01,5.879999999999999671e-01,5.400000000000000355e-01,0.000000000000000000e+00,2.000000000000000111e-01
1.760438409409000000e+12,8.000000000000000000e+00,6.000000000000000000e+00,0.000000000000000000e+00,0.000000000000000000e+00,0.000000000000000000e+00,-2.620276669866651309e-01,2.577927941984000104e-01,-2.546872040706334994e-01,2.610103298122297133e-01,4.679379415602917813e-01,5.227131968169312914e-01,6.959999999999999520e-01,5.400000000000000355e-01,5.069829570710984168e-01,5.397371947737023001e-01,5.919999999999999707e-01,5.400000000000000355e-01,0.000000000000000000e+00,0.000000000000000000e+00
1.760438409613000000e+12,8.000000000000000000e+00,6.000000000000000000e+00,0.000000000000000000e+00,0.000000000000000000e+00,0.000000000000000000e+00,-2.546872040706334994e-01,2.610103298122297133e-01,-2.473429129174856966e-01,2.642280655438975501e-01,5.069829570710984168e-01,5.397371947737023001e-01,6.959999999999999520e-01,5.400000000000000355e-01,5.460483355452887544e-01,5.567622515550135764e-01,5.919999999999999707e-01,5.400000000000000355e-01,0.000000000000000000e+00,0.000000000000000000e+00
1.760438409816000000e+12,8.000000000000000000e+00,6.000000000000000000e+00,0.000000000000000000e+00,-1.000000000000000056e-01,2.000000000000000000e+00,-2.473429129174856966e-01,2.642280655438975501e-01,-2.434723860055681421e-01,2.671694859499166852e-01,5.460483355452887544e-01,5.567622515550135764e-01,5.959999999999999742e-01,5.400000000000000355e-01,5.666362446512333007e-01,5.723253224863317223e-01,4.960000000000000520e-01,5.180000000000000160e-01,-2.000000000000000042e-02,-2.000000000000000111e-01
1.760438410019000000e+12,8.000000000000000000e+00,6.000000000000000000e+00,0.000000000000000000e+00,-1.000000000000000056e-01,2.000000000000000000e+00,-2.434723860055681421e-01,2.671694859499166852e-01,-2.478943344693055328e-01,2.665847342580199286e-01,5.666362446512333007e-01,5.723253224863317223e-01,6.959999999999999520e-01,5.160000000000000142e-01,5.431152421845449885e-01,5.692313981905816611e-01,3.920000000000000151e-01,4.660000000000000253e-01,-2.000000000000000042e-02,-2.000000000000000111e-01
1.760438410222000000e+12,8.000000000000000000e+00,6.000000000000000000e+00,0.000000000000000000e+00,-1.000000000000000056e-01,1.000000000000000000e+00,-2.478943344693055328e-01,2.665847342580199286e-01,-2.527772512051283949e-01,2.619997749502396833e-01,5.431152421845449885e-01,5.692313981905816611e-01,7.000000000000000666e-01,4.660000000000000253e-01,5.171422808237851054e-01,5.449723542340724203e-01,4.919999999999999929e-01,4.160000000000000364e-01,-2.000000000000000042e-02,2.000000000000000111e-01
1.760438410425000000e+12,8.000000000000000000e+00,6.000000000000000000e+00,0.000000000000000000e+00,0.000000000000000000e+00,0.000000000000000000e+00,-2.527772512051283949e-01,2.619997749502396833e-01,-2.531444570521584891e-01,2.535518611673288070e-01,5.171422808237851054e-01,5.449723542340724203e-01,5.999999999999999778e-01,4.160000000000000364e-01,5.151890582331994928e-01,5.002743977107344531e-01,4.960000000000000520e-01,3.919999999999999596e-01,0.000000000000000000e+00,0.000000000000000000e+00
0.000000000000000000e+00,0.000000000000000000e+00,0.000000000000000000e+00,0.000000000000000000e+00,0.000000000000000000e+00,0.000000000000000000e+00,0.000000000000000000e+00,0.000000000000000000e+00,0.000000000000000000e+00,0.000000000000000000e+00,0.000000000000000000e+00,0.000000000000000000e+00,0.000000000000000000e+00,0.000000000000000000e+00,0.000000000000000000e+00,0.000000000000000000e+00,0.000000000000000000e+00,0.000000000000000000e+00,0.000000000000000000e+00,0.000000000000000000e+00
1.760438683271000000e+12,1.000000000000000000e+00,8.000000000000000000e+00,0.000000000000000000e+00,-1.000000000000000056e-01,1.000000000000000000e+00,-3.500758521452935756e-01,1.599637503811776884e-01,-1.731846670727971160e-01,3.193690959292193043e-01,-4.034688579446694978e-04,5.099208366019502940e-03,5.000000000000000000e-01,5.000000000000000000e-01,9.405070900383132315e-01,8.485137350752345320e-01,5.000000000000000000e-01,4.500000000000000111e-01,-2.000000000000000042e-02,2.000000000000000111e-01
1.760438683474000000e+12,1.000000000000000000e+00,8.000000000000000000e+00,0.000000000000000000e+00,-1.000000000000000056e-01,0.000000000000000000e+00,-1.731846670727971160e-01,3.193690959292193043e-01,-1.731971452189212668e-01,3.135084483134368272e-01,9.405070900383132315e-01,8.485137350752345320e-01,5.000000000000000000e-01,4.500000000000000111e-01,9.404407169206315809e-01,8.175050175314119150e-01,5.000000000000000000e-01,3.999999999999999667e-01,-2.000000000000000042e-02,0.000000000000000000e+00
1.760438683677000000e+12,1.000000000000000000e+00,8.000000000000000000e+00,0.000000000000000000e+00,-1.000000000000000056e-01,0.000000000000000000e+00,-1.731971452189212668e-01,3.135084483134368272e-01,-1.732080755141856554e-01,3.036478554667164653e-01,9.404407169206315809e-01,8.175050175314119150e-01,4.000000000000000777e-01,3.999999999999999667e-01,9.403825770522039607e-01,7.653325686069655243e-01,5.000000000000000000e-01,3.499999999999998668e-01,-2.000000000000000042e-02,0.000000000000000000e+00
1.760438683879000000e+12,1.000000000000000000e+00,8.000000000000000000e+00,0.000000000000000000e+00,-1.000000000000000056e-01,0.000000000000000000e+00,-1.732080755141856554e-01,3.036478554667164653e-01,-1.732169857738622698e-01,2.891452719509786107e-01,9.403825770522039607e-01,7.653325686069655243e-01,2.999999999999999889e-01,3.499999999999998668e-01,9.403351820539240791e-01,6.885993224919504385e-01,5.000000000000000000e-01,3.000000000000000999e-01,-2.000000000000000042e-02,0.000000000000000000e+00
1.760438684082000000e+12,1.000000000000000000e+00,8.000000000000000000e+00,0.000000000000000000e+00,0.000000000000000000e+00,2.000000000000000000e+00,-1.732169857738622698e-01,2.891452719509786107e-01,-1.769922713611146170e-01,2.725691608470667826e-01,9.403351820539240791e-01,6.885993224919504385e-01,1.959999999999997300e-01,2.980000000000000981e-01,9.202538757387520585e-01,6.008950309368613629e-01,4.000000000000000777e-01,2.920000000000001483e-01,0.000000000000000000e+00,-2.000000000000000111e-01
1.760438684287000000e+12,1.000000000000000000e+00,8.000000000000000000e+00,0.000000000000000000e+00,1.000000000000000056e-01,1.000000000000000000e+00,-1.769922713611146170e-01,2.725691608470667826e-01,-1.812258963985964866e-01,2.565096198032288388e-01,9.202538757387520585e-01,6.008950309368613629e-01,9.600000000000025180e-02,2.920000000000001483e-01,8.977345936244868208e-01,5.159239143027981589e-01,5.000000000000000000e-01,3.200000000000000067e-01,2.000000000000000042e-02,2.000000000000000111e-01
1.760438684490000000e+12,1.000000000000000000e+00,8.000000000000000000e+00,0.000000000000000000e+00,1.000000000000000056e-01,0.000000000000000000e+00,-1.812258963985964866e-01,2.565096198032288388e-01,-1.809181903263387681e-01,2.435932819855017306e-01,8.977345936244868208e-01,5.159239143027981589e-01,-7.450580569168252509e-09,3.200000000000000067e-01,8.993713280513895292e-01,4.475835025687922575e-01,5.040000000000000036e-01,3.699999999999998845e-01,2.000000000000000042e-02,0.000000000000000000e+00
1.760438684693000000e+12,1.000000000000000000e+00,8.000000000000000000e+00,0.000000000000000000e+00,0.000000000000000000e+00,2.000000000000000000e+00,-1.809181903263387681e-01,2.435932819855017306e-01,-1.843748592823428734e-01,2.339371759324048450e-01,8.993713280513895292e-01,4.475835025687922575e-01,9.999999254941882576e-02,3.719999999999999418e-01,8.809847910513677327e-01,3.964929943513484378e-01,4.040000000000000258e-01,3.799999999999999489e-01,0.000000000000000000e+00,-2.000000000000000111e-01
1.760438684897000000e+12,1.000000000000000000e+00,8.000000000000000000e+00,0.000000000000000000e+00,1.000000000000000056e-01,0.000000000000000000e+00,-1.843748592823428734e-01,2.339371759324048450e-01,-1.920585116803923686e-01,2.249132891321088124e-01,8.809847910513677327e-01,3.964929943513484378e-01,2.039999925494183630e-01,3.799999999999999489e-01,8.401142995723810403e-01,3.487475615455493116e-01,4.040000000000000258e-01,4.080000000000000293e-01,2.000000000000000042e-02,0.000000000000000000e+00
1.760438685101000000e+12,1.000000000000000000e+00,8.000000000000000000e+00,0.000000000000000000e+00,1.000000000000000056e-01,2.000000000000000000e+00,-1.923659439984470865e-01,2.246177888863465921e-01,-2.038236564237435600e-01,2.193131885153486171e-01,8.384790212848559632e-01,3.471840681817280339e-01,5.000000000000000000e-01,4.080000000000000293e-01,7.775337424268959907e-01,3.191173995521091045e-01,3.039999999999999925e-01,4.599999999999999645e-01,2.000000000000000042e-02,-2.000000000000000111e-01
1.760438685305000000e+12,1.000000000000000000e+00,8.000000000000000000e+00,0.000000000000000000e+00,1.000000000000000056e-01,0.000000000000000000e+00,-2.038236564237435600e-01,2.193131885153486171e-01,-2.195087593282402105e-01,2.180084594765431538e-01,7.775337424268959907e-01,3.191173995521091045e-01,5.000000000000000000e-01,4.599999999999999645e-01,6.941023439987222821e-01,3.122140713044611604e-01,3.039999999999999925e-01,5.100000000000000089e-01,2.000000000000000042e-02,0.000000000000000000e+00
1.760438685508000000e+12,1.000000000000000000e+00,8.000000000000000000e+00,0.000000000000000000e+00,0.000000000000000000e+00,0.000000000000000000e+00,-2.195087593282402105e-01,2.180084594765431538e-01,-2.358263122284284252e-01,2.208595085009598391e-01,6.941023439987222821e-01,3.122140713044611604e-01,5.999999999999999778e-01,5.100000000000000089e-01,6.073068498487849132e-01,3.272989867775653039e-01,3.039999999999999925e-01,5.540000000000000480e-01,0.000000000000000000e+00,0.000000000000000000e+00
1.760438685712000000e+12,1.000000000000000000e+00,8.000000000000000000e+00,0.000000000000000000e+00,0.000000000000000000e+00,1.000000000000000000e+00,-2.358263122284284252e-01,2.208595085009598391e-01,-2.477449662812742925e-01,2.251925304366465264e-01,6.073068498487849132e-01,3.272989867775653039e-01,5.000000000000000000e-01,5.540000000000000480e-01,5.439097538230089901e-01,3.502250287653255745e-01,4.040000000000000258e-01,5.540000000000000480e-01,0.000000000000000000e+00,2.000000000000000111e-01
1.760438685916000000e+12,1.000000000000000000e+00,8.000000000000000000e+00,0.000000000000000000e+00,0.000000000000000000e+00,1.000000000000000000e+00,-2.477449662812742925e-01,2.251925304366465264e-01,-2.516694716839634749e-01,2.295269273765964679e-01,5.439097538230089901e-01,3.502250287653255745e-01,6.039999999999999813e-01,5.540000000000000480e-01,5.230347250853005781e-01,3.731583459079178544e-01,5.040000000000000036e-01,5.540000000000000480e-01,0.000000000000000000e+00,2.000000000000000111e-01
1.760438686119000000e+12,1.000000000000000000e+00,8.000000000000000000e+00,0.000000000000000000e+00,0.000000000000000000e+00,2.000000000000000000e+00,-2.516603824065191120e-01,2.297003140434928925e-01,-2.548047114764255272e-01,2.340352095442717606e-01,5.230830723057493525e-01,3.740757356798566358e-01,5.040000000000000036e-01,5.540000000000000480e-01,5.063579176785876212e-01,3.970116907104326298e-01,4.080000000000000293e-01,5.540000000000000480e-01,0.000000000000000000e+00,-2.000000000000000111e-01
1.760438686321000000e+12,1.000000000000000000e+00,8.000000000000000000e+00,0.000000000000000000e+00,0.000000000000000000e+00,1.000000000000000000e+00,-2.548047114764255272e-01,2.340352095442717606e-01,-2.584028008449660296e-01,2.383706460545900740e-01,5.063579176785876212e-01,3.970116907104326298e-01,4.040000000000000258e-01,5.540000000000000480e-01,4.872191444416700268e-01,4.199505082253443544e-01,5.080000000000000071e-01,5.540000000000000480e-01,0.000000000000000000e+00,2.000000000000000111e-01
0.000000000000000000e+00,0.000000000000000000e+00,0.000000000000000000e+00,0.000000000000000000e+00,0.000000000000000000e+00,0.000000000000000000e+00,0.000000000000000000e+00,0.000000000000000000e+00,0.000000000000000000e+00,0.000000000000000000e+00,0.000000000000000000e+00,0.000000000000000000e+00,0.000000000000000000e+00,0.000000000000000000e+00,0.000000000000000000e+00,0.000000000000000000e+00,0.000000000000000000e+00,0.000000000000000000e+00,0.000000000000000000e+00,0.000000000000000000e+00
1.760438691978000000e+12,2.000000000000000000e+00,8.000000000000000000e+00,1.000000000000000000e+00,-1.000000000000000056e-01,0.000000000000000000e+00,-2.582387084821481382e-01,2.390643663211649006e-01,-3.307401314264614700e-01,3.255242471346576072e-01,4.880919761587864669e-01,4.236209858262693362e-01,5.000000000000000000e-01,5.540000000000000480e-01,1.024461094337154876e-01,8.810806726701462255e-01,5.240000000000000213e-01,5.540000000000000480e-01,-2.000000000000000042e-02,0.000000000000000000e+00
1.760438692181000000e+12,2.000000000000000000e+00,8.000000000000000000e+00,1.000000000000000000e+00,-1.000000000000000056e-01,2.000000000000000000e+00,-3.307401314264614700e-01,3.255242471346576072e-01,-3.326315599801049627e-01,3.278392030601744445e-01,1.024461094337154876e-01,8.810806726701462255e-01,5.000000000000000000e-01,5.519999999999999352e-01,9.238531925476073381e-02,8.933291167204998606e-01,4.239999999999999880e-01,5.020000000000000018e-01,-2.000000000000000042e-02,-2.000000000000000111e-01
1.760438692384000000e+12,2.000000000000000000e+00,8.000000000000000000e+00,1.000000000000000000e+00,-1.000000000000000056e-01,2.000000000000000000e+00,-3.326315599801049627e-01,3.278392030601744445e-01,-3.425214632841546702e-01,3.261541414603874589e-01,9.238531925476073381e-02,8.933291167204998606e-01,4.000000000000000777e-01,5.020000000000000018e-01,3.977945061619844735e-02,8.844134468803570570e-01,3.240000000000001212e-01,4.520000000000000129e-01,-2.000000000000000042e-02,-2.000000000000000111e-01
1.760438692587000000e+12,2.000000000000000000e+00,8.000000000000000000e+00,1.000000000000000000e+00,-1.000000000000000056e-01,2.000000000000000000e+00,-3.430833093313689353e-01,3.260036125014176833e-01,-3.497835304650239729e-01,3.201579749840000599e-01,3.679090781186725168e-02,8.836169973619983908e-01,2.999999999999999889e-01,4.520000000000000129e-01,1.151433696680876934e-03,8.526876983280426980e-01,5.000000000000000000e-01,3.999999999999999667e-01,-2.000000000000000042e-02,-2.000000000000000111e-01
1.760438692791000000e+12,2.000000000000000000e+00,8.000000000000000000e+00,1.000000000000000000e+00,0.000000000000000000e+00,0.000000000000000000e+00,-3.497835304650239729e-01,3.201579749840000599e-01,-3.498281356033623446e-01,3.107144658296294715e-01,1.151433696680876934e-03,8.526876983280426980e-01,1.959999999999997300e-01,3.999999999999999667e-01,9.141723225406022876e-04,8.027220414266110771e-01,5.000000000000000000e-01,3.739999999999999436e-01,0.000000000000000000e+00,0.000000000000000000e+00
1.760438692994000000e+12,2.000000000000000000e+00,8.000000000000000000e+00,1.000000000000000000e+00,0.000000000000000000e+00,2.000000000000000000e+00,-3.498281356033623446e-01,3.107144658296294715e-01,-3.498699261130557292e-01,3.006672183048828551e-01,9.141723225406022876e-04,8.027220414266110771e-01,9.600000000000025180e-02,3.739999999999999436e-01,6.918823773630245096e-04,7.495620016131369079e-01,5.000000000000000000e-01,3.739999999999999436e-01,0.000000000000000000e+00,-2.000000000000000111e-01
1.760438693199000000e+12,2.000000000000000000e+00,8.000000000000000000e+00,1.000000000000000000e+00,0.000000000000000000e+00,2.000000000000000000e+00,-3.498715547136300175e-01,3.002652774886069853e-01,-3.499109150138962065e-01,2.902153477321948172e-01,6.832196083508529751e-04,7.474353306275502984e-01,-7.450580569168252509e-09,3.739999999999999436e-01,4.738563090626131055e-04,6.942610991121419550e-01,5.000000000000000000e-01,3.739999999999999436e-01,0.000000000000000000e+00,-2.000000000000000111e-01
1.760438693403000000e+12,2.000000000000000000e+00,8.000000000000000000e+00,1.000000000000000000e+00,1.000000000000000056e-01,2.000000000000000000e+00,-3.499109150138962065e-01,2.902153477321948172e-01,-3.499481100379688847e-01,2.801966665918367849e-01,4.738563090626131055e-04,6.942610991121419550e-01,9.999999254941882576e-02,3.739999999999999436e-01,2.760104363356015293e-04,6.412522041896127067e-01,5.000000000000000000e-01,3.819999999999999507e-01,2.000000000000000042e-02,-2.000000000000000111e-01
1.760438693606000000e+12,2.000000000000000000e+00,8.000000000000000000e+00,1.000000000000000000e+00,1.000000000000000056e-01,0.000000000000000000e+00,-3.499481100379688847e-01,2.801966665918367849e-01,-3.499841681730763154e-01,2.726672766392261305e-01,2.760104363356015293e-04,6.412522041896127067e-01,2.039999925494183630e-01,3.819999999999999507e-01,8.421184533862959172e-05,6.014141621123076931e-01,5.000000000000000000e-01,4.319999999999999951e-01,2.000000000000000042e-02,0.000000000000000000e+00
1.760438693810000000e+12,2.000000000000000000e+00,8.000000000000000000e+00,1.000000000000000000e+00,1.000000000000000056e-01,1.000000000000000000e+00,-3.499856005137351733e-01,2.724490811742600882e-01,-3.462495066852380732e-01,2.690774591325432730e-01,7.659301204683231226e-05,6.002596887526989722e-01,5.000000000000000000e-01,4.340000000000000524e-01,1.994943252532928313e-02,5.824204186907052661e-01,5.999999999999999778e-01,4.839999999999999858e-01,2.000000000000000042e-02,2.000000000000000111e-01
1.760438694012000000e+12,2.000000000000000000e+00,8.000000000000000000e+00,1.000000000000000000e+00,0.000000000000000000e+00,1.000000000000000000e+00,-3.462495066852380732e-01,2.690774591325432730e-01,-3.345155882685063031e-01,2.686350006063600304e-01,1.994943252532928313e-02,5.824204186907052661e-01,5.000000000000000000e-01,4.839999999999999858e-01,8.236389218879615337e-02,5.800793682876193014e-01,7.000000000000000666e-01,4.960000000000000520e-01,0.000000000000000000e+00,2.000000000000000111e-01
1.760438694215000000e+12,2.000000000000000000e+00,8.000000000000000000e+00,1.000000000000000000e+00,0.000000000000000000e+00,0.000000000000000000e+00,-3.345155882685063031e-01,2.686350006063600304e-01,-3.175918467270398282e-01,2.683232992615624535e-01,8.236389218879615337e-02,5.800793682876193014e-01,5.999999999999999778e-01,4.960000000000000520e-01,1.723837940051071993e-01,5.784301548230817991e-01,7.039999999999999591e-01,4.960000000000000520e-01,0.000000000000000000e+00,0.000000000000000000e+00
1.760438694419000000e+12,2.000000000000000000e+00,8.000000000000000000e+00,1.000000000000000000e+00,-1.000000000000000056e-01,0.000000000000000000e+00,-3.175918467270398282e-01,2.683232992615624535e-01,-3.012973304191953750e-01,2.676154407130846291e-01,1.723837940051071993e-01,5.784301548230817991e-01,5.000000000000000000e-01,4.960000000000000520e-01,2.590567530893862491e-01,5.746848714978023409e-01,7.039999999999999591e-01,4.719999999999999751e-01,-2.000000000000000042e-02,0.000000000000000000e+00
1.760438694622000000e+12,2.000000000000000000e+00,8.000000000000000000e+00,1.000000000000000000e+00,-1.000000000000000056e-01,1.000000000000000000e+00,-3.012973304191953750e-01,2.676154407130846291e-01,-2.812277788726077477e-01,2.635085994347344251e-01,2.590567530893862491e-01,5.746848714978023409e-01,6.039999999999999813e-01,4.719999999999999751e-01,3.658096868478310504e-01,5.529555525647324998e-01,8.040000000000002700e-01,4.220000000000000417e-01,-2.000000000000000042e-02,2.000000000000000111e-01
1.760438694826000000e+12,2.000000000000000000e+00,8.000000000000000000e+00,1.000000000000000000e+00,0.000000000000000000e+00,2.000000000000000000e+00,-2.802589489897511776e-01,2.632612022755560499e-01,-2.594089638380240315e-01,2.555558678797804073e-01,3.709630372885575067e-01,5.516465728865400653e-01,5.040000000000000036e-01,4.200000000000000955e-01,4.818672136275317097e-01,5.108776078295260703e-01,7.079999999999999627e-01,3.980000000000000204e-01,0.000000000000000000e+00,-2.000000000000000111e-01
1.760438695029000000e+12,2.000000000000000000e+00,8.000000000000000000e+00,1.000000000000000000e+00,1.000000000000000056e-01,2.000000000000000000e+00,-2.594089638380240315e-01,2.555558678797804073e-01,-2.465464819076768621e-01,2.474167546351157820e-01,4.818672136275317097e-01,5.108776078295260703e-01,4.040000000000000258e-01,3.980000000000000204e-01,5.502846707038464569e-01,4.678135165879142576e-01,6.079999999999999849e-01,4.019999999999999685e-01,2.000000000000000042e-02,-2.000000000000000111e-01
1.760438695233000000e+12,2.000000000000000000e+00,8.000000000000000000e+00,1.000000000000000000e+00,1.000000000000000056e-01,2.000000000000000000e+00,-2.465464819076768621e-01,2.474167546351157820e-01,-2.416557952365597783e-01,2.413204405804965369e-01,5.502846707038464569e-01,4.678135165879142576e-01,4.040000000000000258e-01,4.019999999999999685e-01,5.762989615076606897e-01,4.355578866692939033e-01,5.040000000000000036e-01,4.540000000000000147e-01,2.000000000000000042e-02,-2.000000000000000111e-01
1.760438695437000000e+12,2.000000000000000000e+00,8.000000000000000000e+00,1.000000000000000000e+00,0.000000000000000000e+00,2.000000000000000000e+00,-2.416557952365597783e-01,2.413204405804965369e-01,-2.451116713810732317e-01,2.393684606973867368e-01,5.762989615076606897e-01,4.355578866692939033e-01,5.000000000000000000e-01,4.540000000000000147e-01,5.579166415900359555e-01,4.252299507798240619e-01,4.040000000000000258e-01,4.879999999999999893e-01,0.000000000000000000e+00,-2.000000000000000111e-01
0.000000000000000000e+00,0.000000000000000000e+00,0.000000000000000000e+00,0.000000000000000000e+00,0.000000000000000000e+00,0.000000000000000000e+00,0.000000000000000000e+00,0.000000000000000000e+00,0.000000000000000000e+00,0.000000000000000000e+00,0.000000000000000000e+00,0.000000000000000000e+00,0.000000000000000000e+00,0.000000000000000000e+00,0.000000000000000000e+00,0.000000000000000000e+00,0.000000000000000000e+00,0.000000000000000000e+00,0.000000000000000000e+00,0.000000000000000000e+00
1.760438701173000000e+12,3.000000000000000000e+00,8.000000000000000000e+00,1.000000000000000000e+00,-1.000000000000000056e-01,1.000000000000000000e+00,-2.464065510122847580e-01,2.392172215901636201e-01,-3.373424280159856292e-01,3.202822069951697936e-01,5.510289839772086751e-01,4.244297438632996244e-01,5.000000000000000000e-01,4.879999999999999893e-01,6.732751055326782752e-02,8.533450105564540644e-01,4.840000000000000413e-01,4.719999999999999751e-01,-2.000000000000000042e-02,2.000000000000000111e-01
1.760438701376000000e+12,3.000000000000000000e+00,8.000000000000000000e+00,1.000000000000000000e+00,-1.000000000000000056e-01,2.000000000000000000e+00,-3.373424280159856292e-01,3.202822069951697936e-01,-3.421142287713433427e-01,3.160371367636314877e-01,6.732751055326782752e-02,8.533450105564540644e-01,5.000000000000000000e-01,4.699999999999999734e-01,4.194559164179061800e-02,8.308843215006957994e-01,3.880000000000000671e-01,4.200000000000000955e-01,-2.000000000000000042e-02,-2.000000000000000111e-01
1.760438701579000000e+12,3.000000000000000000e+00,8.000000000000000000e+00,1.000000000000000000e+00,-1.000000000000000056e-01,2.000000000000000000e+00,-3.421142287713433427e-01,3.160371367636314877e-01,-3.495291582709256217e-01,3.077832398200687214e-01,4.194559164179061800e-02,8.308843215006957994e-01,4.000000000000000777e-01,4.200000000000000955e-01,2.504477282310404833e-03,7.872129091008928103e-01,5.000000000000000000e-01,3.699999999999998845e-01,-2.000000000000000042e-02,-2.000000000000000111e-01
1.760438701781000000e+12,3.000000000000000000e+00,8.000000000000000000e+00,1.000000000000000000e+00,0.000000000000000000e+00,2.000000000000000000e+00,-3.495291582709256217e-01,3.077832398200687214e-01,-3.495715040070501156e-01,2.968434848002942661e-01,2.504477282310404833e-03,7.872129091008928103e-01,2.999999999999999889e-01,3.699999999999998845e-01,2.279234005052458659e-03,7.293306074089644930e-01,5.000000000000000000e-01,3.679999999999998828e-01,0.000000000000000000e+00,-2.000000000000000111e-01
1.760438701984000000e+12,3.000000000000000000e+00,8.000000000000000000e+00,1.000000000000000000e+00,0.000000000000000000e+00,2.000000000000000000e+00,-3.495715040070501156e-01,2.968434848002942661e-01,-3.496097997555566161e-01,2.863125997686309931e-01,2.279234005052458659e-03,7.293306074089644930e-01,1.959999999999997300e-01,3.679999999999998828e-01,2.075533215124264388e-03,6.736116389874656774e-01,5.000000000000000000e-01,3.679999999999998828e-01,0.000000000000000000e+00,-2.000000000000000111e-01
1.760438702187000000e+12,3.000000000000000000e+00,8.000000000000000000e+00,1.000000000000000000e+00,0.000000000000000000e+00,0.000000000000000000e+00,-3.496097997555566161e-01,2.863125997686309931e-01,-3.496459403857168913e-01,2.757793804748386313e-01,2.075533215124264388e-03,6.736116389874656774e-01,9.600000000000025180e-02,3.679999999999998828e-01,1.883295820654715732e-03,6.178803199726912165e-01,5.000000000000000000e-01,3.679999999999998828e-01,0.000000000000000000e+00,0.000000000000000000e+00
1.760438702392000000e+12,3.000000000000000000e+00,8.000000000000000000e+00,1.000000000000000000e+00,1.000000000000000056e-01,1.000000000000000000e+00,-3.496473369328418901e-01,2.753580024816720262e-01,-3.459063362348632209e-01,2.653871041137088049e-01,1.875867378500466892e-03,6.156508067813335483e-01,-7.450580569168252509e-09,3.679999999999998828e-01,2.177480726136573133e-02,5.628947307603641148e-01,5.999999999999999778e-01,3.960000000000000187e-01,2.000000000000000042e-02,2.000000000000000111e-01
1.760438702595000000e+12,3.000000000000000000e+00,8.000000000000000000e+00,1.000000000000000000e+00,1.000000000000000056e-01,1.000000000000000000e+00,-3.459063362348632209e-01,2.653871041137088049e-01,-3.341652150688976253e-01,2.589739412487125914e-01,2.177480726136573133e-02,5.628947307603641148e-01,9.999999254941882576e-02,3.960000000000000187e-01,8.422757942075720372e-02,5.289626521095904810e-01,7.000000000000000666e-01,4.460000000000000075e-01,2.000000000000000042e-02,2.000000000000000111e-01
1.760438702799000000e+12,3.000000000000000000e+00,8.000000000000000000e+00,1.000000000000000000e+00,0.000000000000000000e+00,1.000000000000000000e+00,-3.341652150688976253e-01,2.589739412487125914e-01,-3.144168457906044711e-01,2.559042741589355741e-01,8.422757942075720372e-02,5.289626521095904810e-01,2.039999925494183630e-01,4.460000000000000075e-01,1.892720968584867547e-01,5.127210272959554782e-01,8.000000000000002665e-01,4.660000000000000253e-01,0.000000000000000000e+00,2.000000000000000111e-01
1.760438703002000000e+12,3.000000000000000000e+00,8.000000000000000000e+00,1.000000000000000000e+00,0.000000000000000000e+00,1.000000000000000000e+00,-3.134593956847040452e-01,2.557960940267514083e-01,-2.853957072534722417e-01,2.530889758812495116e-01,1.943649165707230786e-01,5.121486456441873836e-01,5.000000000000000000e-01,4.660000000000000253e-01,3.436398550347220526e-01,4.978252692129604418e-01,9.039999999999998037e-01,4.660000000000000253e-01,0.000000000000000000e+00,2.000000000000000111e-01
1.760438703205000000e+12,3.000000000000000000e+00,8.000000000000000000e+00,1.000000000000000000e+00,0.000000000000000000e+00,2.000000000000000000e+00,-2.853957072534722417e-01,2.530889758812495116e-01,-2.568673841966760407e-01,2.503801680647677608e-01,3.436398550347220526e-01,4.978252692129604418e-01,5.000000000000000000e-01,4.660000000000000253e-01,4.953862542729997598e-01,4.834929527236390134e-01,8.040000000000002700e-01,4.660000000000000253e-01,0.000000000000000000e+00,-2.000000000000000111e-01
1.760438703410000000e+12,3.000000000000000000e+00,8.000000000000000000e+00,1.000000000000000000e+00,0.000000000000000000e+00,2.000000000000000000e+00,-2.568673841966760407e-01,2.503801680647677608e-01,-2.356726567782498061e-01,2.475651215130558747e-01,4.953862542729997598e-01,4.834929527236390134e-01,5.999999999999999778e-01,4.660000000000000253e-01,6.081241660731393495e-01,4.685985265241052189e-01,7.039999999999999591e-01,4.660000000000000253e-01,0.000000000000000000e+00,-2.000000000000000111e-01
1.760438703613000000e+12,3.000000000000000000e+00,8.000000000000000000e+00,1.000000000000000000e+00,0.000000000000000000e+00,2.000000000000000000e+00,-2.356726567782498061e-01,2.475651215130558747e-01,-2.234478990189846526e-01,2.448597264797130191e-01,6.081241660731393495e-01,4.685985265241052189e-01,5.000000000000000000e-01,4.660000000000000253e-01,6.731494733032731270e-01,4.542842670884287282e-01,5.999999999999999778e-01,4.660000000000000253e-01,0.000000000000000000e+00,-2.000000000000000111e-01
1.760438703817000000e+12,3.000000000000000000e+00,8.000000000000000000e+00,1.000000000000000000e+00,0.000000000000000000e+00,2.000000000000000000e+00,-2.234478990189846526e-01,2.448597264797130191e-01,-2.192234346815558621e-01,2.421548911380349278e-01,6.731494733032731270e-01,4.542842670884287282e-01,6.039999999999999813e-01,4.660000000000000253e-01,6.956200282895964593e-01,4.399729689843118186e-01,5.000000000000000000e-01,4.660000000000000253e-01,0.000000000000000000e+00,-2.000000000000000111e-01
1.760438704020000000e+12,3.000000000000000000e+00,8.000000000000000000e+00,1.000000000000000000e+00,0.000000000000000000e+00,2.000000000000000000e+00,-2.192206503829722819e-01,2.420466968520102458e-01,-2.233142232188494170e-01,2.393414691593950816e-01,6.956348383884453090e-01,4.394005124444986810e-01,5.040000000000000036e-01,4.660000000000000253e-01,6.738605147933541817e-01,4.250871384094978556e-01,3.960000000000000187e-01,4.660000000000000253e-01,0.000000000000000000e+00,-2.000000000000000111e-01
1.760438704224000000e+12,3.000000000000000000e+00,8.000000000000000000e+00,1.000000000000000000e+00,0.000000000000000000e+00,2.000000000000000000e+00,-2.233142232188494170e-01,2.393414691593950816e-01,-2.354084463264010663e-01,2.366349103283178767e-01,6.738605147933541817e-01,4.250871384094978556e-01,4.040000000000000258e-01,4.660000000000000253e-01,6.095295408170156026e-01,4.107667213138512241e-01,2.959999999999999853e-01,4.660000000000000253e-01,0.000000000000000000e+00,-2.000000000000000111e-01
1.760438704428000000e+12,3.000000000000000000e+00,8.000000000000000000e+00,1.000000000000000000e+00,1.000000000000000056e-01,1.000000000000000000e+00,-2.354084463264010663e-01,2.366349103283178767e-01,-2.489380814989489432e-01,2.340391205191158785e-01,6.095295408170156026e-01,4.107667213138512241e-01,4.040000000000000258e-01,4.660000000000000253e-01,5.375633962821864120e-01,3.970323836990258815e-01,3.880000000000000115e-01,4.819999999999999840e-01,2.000000000000000042e-02,2.000000000000000111e-01
1.760438704631000000e+12,3.000000000000000000e+00,8.000000000000000000e+00,1.000000000000000000e+00,1.000000000000000056e-01,1.000000000000000000e+00,-2.489380814989489432e-01,2.340391205191158785e-01,-2.538233853697906550e-01,2.346578612800191699e-01,5.375633962821864120e-01,3.970323836990258815e-01,5.000000000000000000e-01,4.839999999999999858e-01,5.115777373947305584e-01,4.003061443387258000e-01,4.919999999999999929e-01,5.340000000000000302e-01,2.000000000000000042e-02,2.000000000000000111e-01
1.760438704834000000e+12,3.000000000000000000e+00,8.000000000000000000e+00,1.000000000000000000e+00,0.000000000000000000e+00,0.000000000000000000e+00,-2.538233853697906550e-01,2.346578612800191699e-01,-2.544785999527910958e-01,2.380899766777195559e-01,5.115777373947305584e-01,4.003061443387258000e-01,5.000000000000000000e-01,5.340000000000000302e-01,5.080925534426005141e-01,4.184654850672993032e-01,4.919999999999999929e-01,5.440000000000000391e-01,0.000000000000000000e+00,0.000000000000000000e+00
0.000000000000000000e+00,0.000000000000000000e+00,0.000000000000000000e+00,0.000000000000000000e+00,0.000000000000000000e+00,0.000000000000000000e+00,0.000000000000000000e+00,0.000000000000000000e+00,0.000000000000000000e+00,0.000000000000000000e+00,0.000000000000000000e+00,0.000000000000000000e+00,0.000000000000000000e+00,0.000000000000000000e+00,0.000000000000000000e+00,0.000000000000000000e+00,0.000000000000000000e+00,0.000000000000000000e+00,0.000000000000000000e+00,0.000000000000000000e+00
1.760438710562000000e+12,4.000000000000000000e+00,8.000000000000000000e+00,2.000000000000000000e+00,0.000000000000000000e+00,0.000000000000000000e+00,-2.545832147037861981e-01,2.386556639423463300e-01,-1.718173453254986660e-01,1.662692505611196858e-01,5.075360920011372512e-01,4.214585393774938349e-01,5.000000000000000000e-01,5.440000000000000391e-01,9.477800780558581772e-01,3.846164318052743003e-02,4.919999999999999929e-01,5.440000000000000391e-01,0.000000000000000000e+00,0.000000000000000000e+00
1.760438710764000000e+12,4.000000000000000000e+00,8.000000000000000000e+00,2.000000000000000000e+00,0.000000000000000000e+00,2.000000000000000000e+00,-1.718430196453900050e-01,1.664103762382383445e-01,-1.762532720640565542e-01,1.699386207879690358e-01,9.476435125245212809e-01,3.920833988485895871e-02,5.000000000000000000e-01,5.440000000000000391e-01,9.241847230635289456e-01,5.787630046544462586e-02,3.920000000000000151e-01,5.440000000000000391e-01,0.000000000000000000e+00,-2.000000000000000111e-01
1.760438710968000000e+12,4.000000000000000000e+00,8.000000000000000000e+00,2.000000000000000000e+00,0.000000000000000000e+00,2.000000000000000000e+00,-1.762532720640565542e-01,1.699386207879690358e-01,-1.886695619098423538e-01,1.734663584441643591e-01,9.241847230635289456e-01,5.787630046544462586e-02,4.000000000000000777e-01,5.440000000000000391e-01,8.581406281391363855e-01,7.654157906965268487e-02,2.919999999999999818e-01,5.440000000000000391e-01,0.000000000000000000e+00,-2.000000000000000111e-01
1.760438711171000000e+12,4.000000000000000000e+00,8.000000000000000000e+00,2.000000000000000000e+00,1.000000000000000056e-01,1.000000000000000000e+00,-1.886695619098423538e-01,1.734663584441643591e-01,-2.018950320244060348e-01,1.790195288717689737e-01,8.581406281391363855e-01,7.654157906965268487e-02,2.999999999999999889e-01,5.440000000000000391e-01,7.877923828489040714e-01,1.059234331839628285e-01,3.920000000000000151e-01,5.919999999999999707e-01,2.000000000000000042e-02,2.000000000000000111e-01
1.760438711373000000e+12,4.000000000000000000e+00,8.000000000000000000e+00,2.000000000000000000e+00,0.000000000000000000e+00,2.000000000000000000e+00,-2.018950320244060348e-01,1.790195288717689737e-01,-2.139960709725682586e-01,1.880966322194442542e-01,7.877923828489040714e-01,1.059234331839628285e-01,1.959999999999997300e-01,5.939999999999999725e-01,7.234251544012326729e-01,1.539504350235145758e-01,2.959999999999999853e-01,6.219999999999999973e-01,0.000000000000000000e+00,-2.000000000000000111e-01
1.760438711577000000e+12,4.000000000000000000e+00,8.000000000000000000e+00,2.000000000000000000e+00,0.000000000000000000e+00,0.000000000000000000e+00,-2.139960709725682586e-01,1.880966322194442542e-01,-2.303197796982353329e-01,1.978677437650862847e-01,7.234251544012326729e-01,1.539504350235145758e-01,9.600000000000025180e-02,6.219999999999999973e-01,6.365969164987481665e-01,2.056494379105094639e-01,2.959999999999999853e-01,6.219999999999999973e-01,0.000000000000000000e+00,0.000000000000000000e+00
1.760438711781000000e+12,4.000000000000000000e+00,8.000000000000000000e+00,2.000000000000000000e+00,0.000000000000000000e+00,1.000000000000000000e+00,-2.309728972224027177e-01,1.982586065238965412e-01,-2.435367629414171287e-01,2.080310687658200874e-01,6.331228871148791848e-01,2.077174948354314488e-01,-7.450580569168252509e-09,6.219999999999999973e-01,5.662938141413982329e-01,2.594236442635983741e-01,3.960000000000000187e-01,6.219999999999999973e-01,0.000000000000000000e+00,2.000000000000000111e-01
1.760438711983000000e+12,4.000000000000000000e+00,8.000000000000000000e+00,2.000000000000000000e+00,0.000000000000000000e+00,1.000000000000000000e+00,-2.435367629414171287e-01,2.080310687658200874e-01,-2.481067495530855926e-01,2.178047754643310241e-01,5.662938141413982329e-01,2.594236442635983741e-01,9.999999254941882576e-02,6.219999999999999973e-01,5.419853747176297531e-01,3.111363781181535892e-01,4.960000000000000520e-01,6.219999999999999973e-01,0.000000000000000000e+00,2.000000000000000111e-01
1.760438712186000000e+12,4.000000000000000000e+00,8.000000000000000000e+00,2.000000000000000000e+00,0.000000000000000000e+00,0.000000000000000000e+00,-2.481067495530855926e-01,2.178047754643310241e-01,-2.484408373676214588e-01,2.275791943849660437e-01,5.419853747176297531e-01,3.111363781181535892e-01,2.039999925494183630e-01,6.219999999999999973e-01,5.402083118743539192e-01,3.628528803437356953e-01,4.960000000000000520e-01,6.219999999999999973e-01,0.000000000000000000e+00,0.000000000000000000e+00
1.760438712388000000e+12,4.000000000000000000e+00,8.000000000000000000e+00,2.000000000000000000e+00,0.000000000000000000e+00,0.000000000000000000e+00,-2.484408373676214588e-01,2.275791943849660437e-01,-2.487858860102657166e-01,2.377455385396227139e-01,5.402083118743539192e-01,3.628528803437356953e-01,5.000000000000000000e-01,6.219999999999999973e-01,5.383729467539056790e-01,4.166430610562048553e-01,4.960000000000000520e-01,6.219999999999999973e-01,0.000000000000000000e+00,0.000000000000000000e+00
0.000000000000000000e+00,0.000000000000000000e+00,0.000000000000000000e+00,0.000000000000000000e+00,0.000000000000000000e+00,0.000000000000000000e+00,0.000000000000000000e+00,0.000000000000000000e+00,0.000000000000000000e+00,0.000000000000000000e+00,0.000000000000000000e+00,0.000000000000000000e+00,0.000000000000000000e+00,0.000000000000000000e+00,0.000000000000000000e+00,0.000000000000000000e+00,0.000000000000000000e+00,0.000000000000000000e+00,0.000000000000000000e+00,0.000000000000000000e+00
1.760438718118000000e+12,5.000000000000000000e+00,8.000000000000000000e+00,0.000000000000000000e+00,-1.000000000000000056e-01,0.000000000000000000e+00,-2.488257640764895418e-01,2.389186457267788166e-01,-1.734899494103726569e-01,3.302986547969735120e-01,5.381608293803746834e-01,4.228499773903641734e-01,5.000000000000000000e-01,6.219999999999999973e-01,9.388832478171666995e-01,9.063420888728758174e-01,4.960000000000000520e-01,6.019999999999999796e-01,-2.000000000000000042e-02,0.000000000000000000e+00
1.760438718321000000e+12,5.000000000000000000e+00,8.000000000000000000e+00,0.000000000000000000e+00,-1.000000000000000056e-01,2.000000000000000000e+00,-1.734899494103726569e-01,3.302986547969735120e-01,-1.775909843478933881e-01,3.366043114426471861e-01,9.388832478171666995e-01,9.063420888728758174e-01,5.000000000000000000e-01,6.019999999999999796e-01,9.170692321920564938e-01,9.397053515483979602e-01,3.960000000000000187e-01,5.519999999999999352e-01,-2.000000000000000042e-02,-2.000000000000000111e-01
1.760438718525000000e+12,5.000000000000000000e+00,8.000000000000000000e+00,0.000000000000000000e+00,-1.000000000000000056e-01,2.000000000000000000e+00,-1.775909843478933881e-01,3.366043114426471861e-01,-1.896924413907964124e-01,3.389103799459010080e-01,9.170692321920564938e-01,9.397053515483979602e-01,4.000000000000000777e-01,5.519999999999999352e-01,8.526997798361892755e-01,9.519067722005345455e-01,2.959999999999999853e-01,5.020000000000000018e-01,-2.000000000000000042e-02,-2.000000000000000111e-01
1.760438718728000000e+12,5.000000000000000000e+00,8.000000000000000000e+00,0.000000000000000000e+00,-1.000000000000000056e-01,2.000000000000000000e+00,-1.903427503532759135e-01,3.389195108692903968e-01,-2.107647012642359097e-01,3.370652480489398917e-01,8.492406896102344671e-01,9.519550839644995710e-01,2.999999999999999889e-01,5.000000000000000000e-01,7.406132911476813740e-01,9.421441695711106901e-01,1.919999999999997264e-01,4.500000000000000111e-01,-2.000000000000000042e-02,-2.000000000000000111e-01
1.760438718931000000e+12,5.000000000000000000e+00,8.000000000000000000e+00,0.000000000000000000e+00,-1.000000000000000056e-01,2.000000000000000000e+00,-2.107647012642359097e-01,3.370652480489398917e-01,-2.391954125446424384e-01,3.312050533245193829e-01,7.406132911476813740e-01,9.421441695711106901e-01,1.959999999999997300e-01,4.500000000000000111e-01,5.893861034859444459e-01,9.111378482778804688e-01,9.200000000000027600e-02,3.999999999999999667e-01,-2.000000000000000042e-02,-2.000000000000000111e-01
1.760438719134000000e+12,5.000000000000000000e+00,8.000000000000000000e+00,0.000000000000000000e+00,-1.000000000000000056e-01,2.000000000000000000e+00,-2.391954125446424384e-01,3.312050533245193829e-01,-2.772174224233033835e-01,3.208644406501922064e-01,5.893861034859444459e-01,9.111378482778804688e-01,9.600000000000025180e-02,3.999999999999999667e-01,3.871413700888117204e-01,8.564256119057789274e-01,-7.450580569168252509e-09,3.499999999999998668e-01,-2.000000000000000042e-02,-2.000000000000000111e-01
1.760438719339000000e+12,5.000000000000000000e+00,8.000000000000000000e+00,0.000000000000000000e+00,0.000000000000000000e+00,2.000000000000000000e+00,-2.772174224233033835e-01,3.208644406501922064e-01,-3.172458736821119341e-01,3.079056646363209082e-01,3.871413700888117204e-01,8.564256119057789274e-01,-7.450580569168252509e-09,3.479999999999998650e-01,1.742240761589789744e-01,7.878606594514334649e-01,-7.450580569168252509e-09,3.359999999999999098e-01,0.000000000000000000e+00,-2.000000000000000111e-01
1.760438719541000000e+12,5.000000000000000000e+00,8.000000000000000000e+00,0.000000000000000000e+00,0.000000000000000000e+00,2.000000000000000000e+00,-3.172458736821119341e-01,3.079056646363209082e-01,-3.496796411751916800e-01,2.948043595242000880e-01,1.742240761589789744e-01,7.878606594514334649e-01,9.999999254941882576e-02,3.359999999999999098e-01,1.704036302171797052e-03,7.185415847841275516e-01,5.000000000000000000e-01,3.359999999999999098e-01,0.000000000000000000e+00,-2.000000000000000111e-01
1.760438719743000000e+12,5.000000000000000000e+00,8.000000000000000000e+00,0.000000000000000000e+00,0.000000000000000000e+00,2.000000000000000000e+00,-3.496796411751916800e-01,2.948043595242000880e-01,-3.497161333107353109e-01,2.817125417988266545e-01,1.704036302171797052e-03,7.185415847841275516e-01,2.039999925494183630e-01,3.359999999999999098e-01,1.509929198216313287e-03,6.492727079302997861e-01,5.000000000000000000e-01,3.359999999999999098e-01,0.000000000000000000e+00,-2.000000000000000111e-01
1.760438719946000000e+12,5.000000000000000000e+00,8.000000000000000000e+00,0.000000000000000000e+00,0.000000000000000000e+00,2.000000000000000000e+00,-3.497175485520643834e-01,2.811888164511571198e-01,-3.497514713418280463e-01,2.680942365646137304e-01,1.502401318806353492e-03,6.465016743447467018e-01,5.000000000000000000e-01,3.359999999999999098e-01,1.321960947723040082e-03,5.772181828815542426e-01,5.000000000000000000e-01,3.359999999999999098e-01,0.000000000000000000e+00,-2.000000000000000111e-01
1.760438720149000000e+12,5.000000000000000000e+00,8.000000000000000000e+00,0.000000000000000000e+00,1.000000000000000056e-01,2.000000000000000000e+00,-3.497514713418280463e-01,2.680942365646137304e-01,-3.497831405119005144e-01,2.550860560682809419e-01,1.321960947723040082e-03,5.772181828815542426e-01,5.000000000000000000e-01,3.359999999999999098e-01,1.153507915422677995e-03,5.083918310491055692e-01,5.000000000000000000e-01,3.479999999999998650e-01,2.000000000000000042e-02,-2.000000000000000111e-01
1.760438720353000000e+12,5.000000000000000000e+00,8.000000000000000000e+00,0.000000000000000000e+00,1.000000000000000056e-01,0.000000000000000000e+00,-3.497831405119005144e-01,2.550860560682809419e-01,-3.498137365831316403e-01,2.448326024177522875e-01,1.153507915422677995e-03,5.083918310491055692e-01,5.999999999999999778e-01,3.479999999999998650e-01,9.907628556826463331e-04,4.541407535330809209e-01,5.000000000000000000e-01,3.980000000000000204e-01,2.000000000000000042e-02,0.000000000000000000e+00
1.760438720557000000e+12,5.000000000000000000e+00,8.000000000000000000e+00,0.000000000000000000e+00,1.000000000000000056e-01,1.000000000000000000e+00,-3.498149472371662183e-01,2.445054044146504624e-01,-3.460749942908148413e-01,2.384079753396819434e-01,9.843232065625505400e-04,4.524095471674627889e-01,5.000000000000000000e-01,3.999999999999999667e-01,2.087768994247413482e-02,4.201480176702748759e-01,5.999999999999999778e-01,4.500000000000000111e-01,2.000000000000000042e-02,2.000000000000000111e-01
1.760438720760000000e+12,5.000000000000000000e+00,8.000000000000000000e+00,0.000000000000000000e+00,1.000000000000000056e-01,0.000000000000000000e+00,-3.460749942908148413e-01,2.384079753396819434e-01,-3.381060082167891556e-01,2.363131496585894609e-01,2.087768994247413482e-02,4.201480176702748759e-01,6.039999999999999813e-01,4.500000000000000111e-01,6.326591374048311234e-02,4.090642839078807991e-01,5.999999999999999778e-01,5.000000000000000000e-01,2.000000000000000042e-02,0.000000000000000000e+00
1.760438720963000000e+12,5.000000000000000000e+00,8.000000000000000000e+00,0.000000000000000000e+00,0.000000000000000000e+00,1.000000000000000000e+00,-3.381060082167891556e-01,2.363131496585894609e-01,-3.263671480998038277e-01,2.378746954747058828e-01,6.326591374048311234e-02,4.090642839078807991e-01,5.040000000000000036e-01,5.000000000000000000e-01,1.257066590435965692e-01,4.173264310830999690e-01,7.000000000000000666e-01,5.279999999999999138e-01,0.000000000000000000e+00,2.000000000000000111e-01
1.760438721165000000e+12,5.000000000000000000e+00,8.000000000000000000e+00,0.000000000000000000e+00,0.000000000000000000e+00,1.000000000000000000e+00,-3.257313338991955076e-01,2.379649253500099315e-01,-3.056643906332809912e-01,2.402190957702169394e-01,1.290886494723642308e-01,4.178038378307404321e-01,4.040000000000000258e-01,5.279999999999999138e-01,2.358277093974414651e-01,4.297306654508833423e-01,8.040000000000002700e-01,5.279999999999999138e-01,0.000000000000000000e+00,2.000000000000000111e-01
1.760438721370000000e+12,5.000000000000000000e+00,8.000000000000000000e+00,0.000000000000000000e+00,0.000000000000000000e+00,0.000000000000000000e+00,-3.056643906332809912e-01,2.402190957702169394e-01,-2.813668066094154874e-01,2.424711755039893890e-01,2.358277093974414651e-01,4.297306654508833423e-01,4.040000000000000258e-01,5.279999999999999138e-01,3.650701776094920081e-01,4.416464312380391499e-01,8.040000000000002700e-01,5.279999999999999138e-01,0.000000000000000000e+00,0.000000000000000000e+00
1.760438721574000000e+12,5.000000000000000000e+00,8.000000000000000000e+00,0.000000000000000000e+00,0.000000000000000000e+00,2.000000000000000000e+00,-2.803947178155510311e-01,2.425612480744334110e-01,-2.598702800443000172e-01,2.448140883080061891e-01,3.702408626832391358e-01,4.421230056848329260e-01,5.000000000000000000e-01,5.279999999999999138e-01,4.794134040196806890e-01,4.540427952804561018e-01,7.039999999999999591e-01,5.279999999999999138e-01,0.000000000000000000e+00,-2.000000000000000111e-01
1.760438721777000000e+12,5.000000000000000000e+00,8.000000000000000000e+00,0.000000000000000000e+00,0.000000000000000000e+00,2.000000000000000000e+00,-2.598702800443000172e-01,2.448140883080061891e-01,-2.473279998951631586e-01,2.470689363172751396e-01,4.794134040196806890e-01,4.540427952804561018e-01,5.000000000000000000e-01,5.279999999999999138e-01,5.461276601321107815e-01,4.659732080279108679e-01,6.039999999999999813e-01,5.279999999999999138e-01,0.000000000000000000e+00,-2.000000000000000111e-01
0.000000000000000000e+00,0.000000000000000000e+00,0.000000000000000000e+00,0.000000000000000000e+00,0.000000000000000000e+00,0.000000000000000000e+00,0.000000000000000000e+00,0.000000000000000000e+00,0.000000000000000000e+00,0.000000000000000000e+00,0.000000000000000000e+00,0.000000000000000000e+00,0.000000000000000000e+00,0.000000000000000000e+00,0.000000000000000000e+00,0.000000000000000000e+00,0.000000000000000000e+00,0.000000000000000000e+00,0.000000000000000000e+00,0.000000000000000000e+00
1.760438727512000000e+12,6.000000000000000000e+00,8.000000000000000000e+00,2.000000000000000000e+00,0.000000000000000000e+00,2.000000000000000000e+00,-2.466699112018292950e-01,2.472493895311043965e-01,-1.677021232191020506e-01,1.651762413334084689e-01,5.496281319051632419e-01,4.669279869370603353e-01,5.000000000000000000e-01,5.279999999999999138e-01,9.696695573452018824e-01,3.267852557358977283e-02,5.000000000000000000e-01,5.279999999999999138e-01,0.000000000000000000e+00,-2.000000000000000111e-01
1.760438727715000000e+12,6.000000000000000000e+00,8.000000000000000000e+00,2.000000000000000000e+00,1.000000000000000056e-01,2.000000000000000000e+00,-1.677021232191020506e-01,1.651762413334084689e-01,-1.717968707289616592e-01,1.676441102153415352e-01,9.696695573452018824e-01,3.267852557358977283e-02,5.000000000000000000e-01,5.279999999999999138e-01,9.478889854842464935e-01,4.573603288540493972e-02,3.960000000000000187e-01,5.460000000000000409e-01,2.000000000000000042e-02,-2.000000000000000111e-01
1.760438727922000000e+12,6.000000000000000000e+00,8.000000000000000000e+00,2.000000000000000000e+00,1.000000000000000056e-01,0.000000000000000000e+00,-1.721265642168204324e-01,1.677900266840254839e-01,-1.807659283241351278e-01,1.735226836135260742e-01,9.461352967190402863e-01,4.650807769325652347e-02,4.000000000000000777e-01,5.460000000000000409e-01,9.001812323184301690e-01,7.683959583876229238e-02,3.920000000000000151e-01,5.959999999999999742e-01,2.000000000000000042e-02,0.000000000000000000e+00
1.760438728125000000e+12,6.000000000000000000e+00,8.000000000000000000e+00,2.000000000000000000e+00,0.000000000000000000e+00,0.000000000000000000e+00,-1.807659283241351278e-01,1.735226836135260742e-01,-1.894087078725780471e-01,1.831346495902824167e-01,9.001812323184301690e-01,7.683959583876229238e-02,2.999999999999999889e-01,5.979999999999999760e-01,8.542090006777763866e-01,1.276965586787429385e-01,3.920000000000000151e-01,6.340000000000001190e-01,0.000000000000000000e+00,0.000000000000000000e+00
1.760438728328000000e+12,6.000000000000000000e+00,8.000000000000000000e+00,2.000000000000000000e+00,0.000000000000000000e+00,2.000000000000000000e+00,-1.894087078725780471e-01,1.831346495902824167e-01,-2.018209002725920298e-01,1.938656479398589150e-01,8.542090006777763866e-01,1.276965586787429385e-01,1.959999999999997300e-01,6.340000000000001190e-01,7.881867006777019125e-01,1.844743277241212565e-01,2.919999999999999818e-01,6.340000000000001190e-01,0.000000000000000000e+00,-2.000000000000000111e-01
1.760438728531000000e+12,6.000000000000000000e+00,8.000000000000000000e+00,2.000000000000000000e+00,0.000000000000000000e+00,0.000000000000000000e+00,-2.024851215470012677e-01,1.942948800260749509e-01,-2.194483749905321301e-01,2.050260643520437354e-01,7.846536087925464198e-01,1.867453969633595390e-01,9.600000000000025180e-02,6.340000000000001190e-01,6.944235372844035359e-01,2.435241500108134283e-01,2.879999999999999782e-01,6.340000000000001190e-01,0.000000000000000000e+00,0.000000000000000000e+00
1.760438728734000000e+12,6.000000000000000000e+00,8.000000000000000000e+00,2.000000000000000000e+00,0.000000000000000000e+00,1.000000000000000000e+00,-2.194483749905321301e-01,2.050260643520437354e-01,-2.326420441204833101e-01,2.157587970292693946e-01,6.944235372844035359e-01,2.435241500108134283e-01,-7.450580569168252509e-09,6.340000000000001190e-01,6.242444461676419643e-01,3.003110953929598037e-01,3.880000000000000115e-01,6.340000000000001190e-01,0.000000000000000000e+00,2.000000000000000111e-01
1.760438728936000000e+12,6.000000000000000000e+00,8.000000000000000000e+00,2.000000000000000000e+00,0.000000000000000000e+00,1.000000000000000000e+00,-2.326420441204833101e-01,2.157587970292693946e-01,-2.378433509339101248e-01,2.264930514265435513e-01,6.242444461676419643e-01,3.003110953929598037e-01,9.999999254941882576e-02,6.340000000000001190e-01,5.965779205643078065e-01,3.571060922039341889e-01,4.879999999999999893e-01,6.340000000000001190e-01,0.000000000000000000e+00,2.000000000000000111e-01
1.760438729140000000e+12,6.000000000000000000e+00,8.000000000000000000e+00,2.000000000000000000e+00,0.000000000000000000e+00,0.000000000000000000e+00,-2.378837403295905040e-01,2.269224374015431367e-01,-2.385372568804894344e-01,2.376576310392153890e-01,5.963630833532419517e-01,3.593779756695404393e-01,2.039999925494183630e-01,6.340000000000001190e-01,5.928869314867583062e-01,4.161779420064306567e-01,4.919999999999999929e-01,6.340000000000001190e-01,0.000000000000000000e+00,0.000000000000000000e+00
1.760438729344000000e+12,6.000000000000000000e+00,8.000000000000000000e+00,2.000000000000000000e+00,0.000000000000000000e+00,0.000000000000000000e+00,-2.385372568804894344e-01,2.376576310392153890e-01,-2.391885849417799137e-01,2.483938637841042185e-01,5.928869314867583062e-01,4.161779420064306567e-01,5.000000000000000000e-01,6.340000000000001190e-01,5.894224205224471991e-01,4.729834062651017135e-01,4.919999999999999929e-01,6.340000000000001190e-01,0.000000000000000000e+00,0.000000000000000000e+00
1.760438729546000000e+12,6.000000000000000000e+00,8.000000000000000000e+00,2.000000000000000000e+00,-1.000000000000000056e-01,0.000000000000000000e+00,-2.391885849417799137e-01,2.483938637841042185e-01,-2.398412237391684965e-01,2.581775756270653921e-01,5.894224205224471991e-01,4.729834062651017135e-01,5.000000000000000000e-01,6.340000000000001190e-01,5.859509375576142931e-01,5.247490773918804807e-01,4.919999999999999929e-01,5.979999999999999760e-01,-2.000000000000000042e-02,0.000000000000000000e+00
1.760438729749000000e+12,6.000000000000000000e+00,8.000000000000000000e+00,2.000000000000000000e+00,-1.000000000000000056e-01,0.000000000000000000e+00,-2.398673708714977315e-01,2.584926889863549127e-01,-2.405217342758550481e-01,2.643068452617718944e-01,5.858118570665014069e-01,5.264163438431477271e-01,5.999999999999999778e-01,5.979999999999999760e-01,5.823312006603454938e-01,5.571790754591106065e-01,4.919999999999999929e-01,5.460000000000000409e-01,-2.000000000000000042e-02,0.000000000000000000e+00
1.760438729953000000e+12,6.000000000000000000e+00,8.000000000000000000e+00,2.000000000000000000e+00,-1.000000000000000056e-01,2.000000000000000000e+00,-2.405217342758550481e-01,2.643068452617718944e-01,-2.449515380026417999e-01,2.661196795967736284e-01,5.823312006603454938e-01,5.571790754591106065e-01,5.000000000000000000e-01,5.460000000000000409e-01,5.587684148795648564e-01,5.667707915173209043e-01,3.920000000000000151e-01,4.960000000000000520e-01,-2.000000000000000042e-02,-2.000000000000000111e-01
1.760438730158000000e+12,6.000000000000000000e+00,8.000000000000000000e+00,2.000000000000000000e+00,-1.000000000000000056e-01,0.000000000000000000e+00,-2.449515380026417999e-01,2.661196795967736284e-01,-2.536045908895810941e-01,2.639338318759362756e-01,5.587684148795648564e-01,5.667707915173209043e-01,6.039999999999999813e-01,4.960000000000000520e-01,5.127415378213771024e-01,5.552054596610385140e-01,3.920000000000000151e-01,4.460000000000000075e-01,-2.000000000000000042e-02,0.000000000000000000e+00
1.760438730362000000e+12,6.000000000000000000e+00,8.000000000000000000e+00,2.000000000000000000e+00,0.000000000000000000e+00,0.000000000000000000e+00,-2.539508488258988561e-01,2.637633530549217120e-01,-2.626074412391912194e-01,2.580699711166162813e-01,5.108997402877719640e-01,5.543034553170461676e-01,5.040000000000000036e-01,4.440000000000000058e-01,4.648540359617487905e-01,5.241797413577581333e-01,3.920000000000000151e-01,4.240000000000000435e-01,0.000000000000000000e+00,0.000000000000000000e+00
1.760438730565000000e+12,6.000000000000000000e+00,8.000000000000000000e+00,2.000000000000000000e+00,0.000000000000000000e+00,1.000000000000000000e+00,-2.626074412391912194e-01,2.580699711166162813e-01,-2.674899397760586162e-01,2.520076540102634821e-01,4.648540359617487905e-01,5.241797413577581333e-01,4.040000000000000258e-01,4.240000000000000435e-01,4.388832990635179176e-01,4.921039894722936126e-01,4.919999999999999929e-01,4.240000000000000435e-01,0.000000000000000000e+00,2.000000000000000111e-01
1.760438730768000000e+12,6.000000000000000000e+00,8.000000000000000000e+00,2.000000000000000000e+00,0.000000000000000000e+00,1.000000000000000000e+00,-2.674899397760586162e-01,2.520076540102634821e-01,-2.640877169188252660e-01,2.457023499414639767e-01,4.388832990635179176e-01,4.921039894722936126e-01,4.040000000000000258e-01,4.240000000000000435e-01,4.569802291551847140e-01,4.587425922828782254e-01,5.919999999999999707e-01,4.240000000000000435e-01,0.000000000000000000e+00,2.000000000000000111e-01
1.760438730972000000e+12,6.000000000000000000e+00,8.000000000000000000e+00,2.000000000000000000e+00,0.000000000000000000e+00,2.000000000000000000e+00,-2.640877169188252660e-01,2.457023499414639767e-01,-2.602003149373410817e-01,2.396386698420825689e-01,4.569802291551847140e-01,4.587425922828782254e-01,5.000000000000000000e-01,4.240000000000000435e-01,4.776578992694622827e-01,4.266596287940876975e-01,4.960000000000000520e-01,4.240000000000000435e-01,0.000000000000000000e+00,-2.000000000000000111e-01
0.000000000000000000e+00,0.000000000000000000e+00,0.000000000000000000e+00,0.000000000000000000e+00,0.000000000000000000e+00,0.000000000000000000e+00,0.000000000000000000e+00,0.000000000000000000e+00,0.000000000000000000e+00,0.000000000000000000e+00,0.000000000000000000e+00,0.000000000000000000e+00,0.000000000000000000e+00,0.000000000000000000e+00,0.000000000000000000e+00,0.000000000000000000e+00,0.000000000000000000e+00,0.000000000000000000e+00,0.000000000000000000e+00,0.000000000000000000e+00
1.760438736665000000e+12,7.000000000000000000e+00,8.000000000000000000e+00,3.000000000000000000e+00,1.000000000000000056e-01,0.000000000000000000e+00,-2.602692552536074455e-01,2.389109852633809206e-01,-3.338743177600662082e-01,1.590868198571712966e-01,4.772911954595348005e-01,4.228094458379943466e-01,5.000000000000000000e-01,4.240000000000000435e-01,8.577490553156261188e-02,4.593643236576410273e-04,4.839999999999999858e-01,5.000000000000000000e-01,2.000000000000000042e-02,0.000000000000000000e+00
1.760438736868000000e+12,7.000000000000000000e+00,8.000000000000000000e+00,3.000000000000000000e+00,1.000000000000000056e-01,0.000000000000000000e+00,-3.338743177600662082e-01,1.590868198571712966e-01,-3.351729893873268140e-01,1.611396809432061594e-01,8.577490553156261188e-02,4.593643236576410273e-04,5.000000000000000000e-01,5.020000000000000018e-01,7.886707772698492436e-02,1.132106319156696989e-02,4.839999999999999858e-01,5.519999999999999352e-01,2.000000000000000042e-02,0.000000000000000000e+00
1.760438737071000000e+12,7.000000000000000000e+00,8.000000000000000000e+00,3.000000000000000000e+00,1.000000000000000056e-01,1.000000000000000000e+00,-3.351729893873268140e-01,1.611396809432061594e-01,-3.327020749180892301e-01,1.671934561459427759e-01,7.886707772698492436e-02,1.132106319156696989e-02,4.000000000000000777e-01,5.519999999999999352e-01,9.201023979739761383e-02,4.335161981980303891e-02,5.840000000000000746e-01,6.019999999999999796e-01,2.000000000000000042e-02,2.000000000000000111e-01
1.760438737275000000e+12,7.000000000000000000e+00,8.000000000000000000e+00,3.000000000000000000e+00,0.000000000000000000e+00,1.000000000000000000e+00,-3.324372080182151357e-01,1.675186679190832639e-01,-3.216468939102983815e-01,1.768851596522699188e-01,9.341910628608959821e-02,4.507231703218657348e-02,2.999999999999999889e-01,6.019999999999999796e-01,1.508143940941574501e-01,9.463047435063448587e-02,6.879999999999999449e-01,6.199999999999999956e-01,0.000000000000000000e+00,2.000000000000000111e-01
1.760438737477000000e+12,7.000000000000000000e+00,8.000000000000000000e+00,3.000000000000000000e+00,0.000000000000000000e+00,0.000000000000000000e+00,-3.216468939102983815e-01,1.768851596522699188e-01,-3.066263076886241445e-01,1.864943037480771282e-01,1.508143940941574501e-01,9.463047435063448587e-02,1.959999999999997300e-01,6.199999999999999956e-01,2.307111293158289334e-01,1.454725066035826853e-01,6.879999999999999449e-01,6.199999999999999956e-01,0.000000000000000000e+00,0.000000000000000000e+00
1.760438737680000000e+12,7.000000000000000000e+00,8.000000000000000000e+00,3.000000000000000000e+00,0.000000000000000000e+00,1.000000000000000000e+00,-3.066263076886241445e-01,1.864943037480771282e-01,-2.878360668594945881e-01,1.961026405196408529e-01,2.307111293158289334e-01,1.454725066035826853e-01,9.600000000000025180e-02,6.199999999999999956e-01,3.306592188324755099e-01,1.963102672996870635e-01,7.880000000000001448e-01,6.199999999999999956e-01,0.000000000000000000e+00,2.000000000000000111e-01
1.760438737883000000e+12,7.000000000000000000e+00,8.000000000000000000e+00,3.000000000000000000e+00,0.000000000000000000e+00,2.000000000000000000e+00,-2.869182039416184882e-01,1.964869181246781671e-01,-2.673387007361024414e-01,2.060953392147644170e-01,3.355414683956462474e-01,1.983434821411543258e-01,-7.450580569168252509e-09,6.199999999999999956e-01,4.396877620420082122e-01,2.491816889670075141e-01,6.919999999999999485e-01,6.199999999999999956e-01,0.000000000000000000e+00,-2.000000000000000111e-01
1.760438738088000000e+12,7.000000000000000000e+00,8.000000000000000000e+00,3.000000000000000000e+00,0.000000000000000000e+00,2.000000000000000000e+00,-2.673387007361024414e-01,2.060953392147644170e-01,-2.557596244786807249e-01,2.157068728285251868e-01,4.396877620420082122e-01,2.491816889670075141e-01,9.999999254941882576e-02,6.199999999999999956e-01,5.012785931985067611e-01,3.000363641720909524e-01,5.919999999999999707e-01,6.199999999999999956e-01,0.000000000000000000e+00,-2.000000000000000111e-01
1.760438738290000000e+12,7.000000000000000000e+00,8.000000000000000000e+00,3.000000000000000000e+00,0.000000000000000000e+00,2.000000000000000000e+00,-2.557596244786807249e-01,2.157068728285251868e-01,-2.522032999749800330e-01,2.257053008221002466e-01,5.012785931985067611e-01,3.000363641720909524e-01,2.039999925494183630e-01,6.199999999999999956e-01,5.201952128990423585e-01,3.529380995878320104e-01,4.919999999999999929e-01,6.199999999999999956e-01,0.000000000000000000e+00,-2.000000000000000111e-01
1.760438738494000000e+12,7.000000000000000000e+00,8.000000000000000000e+00,3.000000000000000000e+00,-1.000000000000000056e-01,0.000000000000000000e+00,-2.522032999749800330e-01,2.257053008221002466e-01,-2.531721478228772249e-01,2.353036874592419614e-01,5.201952128990423585e-01,3.529380995878320104e-01,5.000000000000000000e-01,6.199999999999999956e-01,5.150417668995891374e-01,4.037232140700633409e-01,4.879999999999999893e-01,6.140000000000001013e-01,-2.000000000000000042e-02,0.000000000000000000e+00
0.000000000000000000e+00,0.000000000000000000e+00,0.000000000000000000e+00,0.000000000000000000e+00,0.000000000000000000e+00,0.000000000000000000e+00,0.000000000000000000e+00,0.000000000000000000e+00,0.000000000000000000e+00,0.000000000000000000e+00,0.000000000000000000e+00,0.000000000000000000e+00,0.000000000000000000e+00,0.000000000000000000e+00,0.000000000000000000e+00,0.000000000000000000e+00,0.000000000000000000e+00,0.000000000000000000e+00,0.000000000000000000e+00,0.000000000000000000e+00
1.760438744231000000e+12,8.000000000000000000e+00,8.000000000000000000e+00,3.000000000000000000e+00,0.000000000000000000e+00,1.000000000000000000e+00,-2.532888765003450393e-01,2.363839667601936589e-01,-3.298021041424812894e-01,1.706999716120865540e-01,5.144208696790156798e-01,4.094389775671622433e-01,5.000000000000000000e-01,6.079999999999999849e-01,1.074356162633972878e-01,6.190461170416165781e-02,5.840000000000000746e-01,6.079999999999999849e-01,0.000000000000000000e+00,2.000000000000000111e-01
1.760438744434000000e+12,8.000000000000000000e+00,8.000000000000000000e+00,3.000000000000000000e+00,1.000000000000000056e-01,1.000000000000000000e+00,-3.298021041424812894e-01,1.706999716120865540e-01,-3.190068429643488912e-01,1.803058665899770763e-01,1.074356162633972878e-01,6.190461170416165781e-02,5.000000000000000000e-01,6.079999999999999849e-01,1.648572182747398418e-01,1.127294528570215726e-01,6.879999999999999449e-01,6.440000000000001279e-01,2.000000000000000042e-02,2.000000000000000111e-01
1.760438744638000000e+12,8.000000000000000000e+00,8.000000000000000000e+00,3.000000000000000000e+00,0.000000000000000000e+00,1.000000000000000000e+00,-3.190068429643488912e-01,1.803058665899770763e-01,-3.002139846071472107e-01,1.937177473855525023e-01,1.648572182747398418e-01,1.127294528570215726e-01,4.000000000000000777e-01,6.440000000000001279e-01,2.648192308130466466e-01,1.836917851087433995e-01,7.880000000000001448e-01,6.939999999999998392e-01,0.000000000000000000e+00,2.000000000000000111e-01
1.760438744842000000e+12,8.000000000000000000e+00,8.000000000000000000e+00,3.000000000000000000e+00,0.000000000000000000e+00,0.000000000000000000e+00,-2.992961208878408552e-01,1.943372039918934702e-01,-2.759516861142122246e-01,2.098639724121181271e-01,2.697014846391442844e-01,1.869693332904416583e-01,2.999999999999999889e-01,6.939999999999998392e-01,3.938740100307859815e-01,2.691215471540641668e-01,7.920000000000001483e-01,6.939999999999998392e-01,0.000000000000000000e+00,0.000000000000000000e+00
1.760438745045000000e+12,8.000000000000000000e+00,8.000000000000000000e+00,3.000000000000000000e+00,-1.000000000000000056e-01,0.000000000000000000e+00,-2.759516861142122246e-01,2.098639724121181271e-01,-2.526023543152516315e-01,2.246438639691353267e-01,3.938740100307859815e-01,2.691215471540641668e-01,1.959999999999997300e-01,6.939999999999998392e-01,5.180725834295125676e-01,3.473220315827266202e-01,7.920000000000001483e-01,6.620000000000000329e-01,-2.000000000000000042e-02,0.000000000000000000e+00
1.760438745249000000e+12,8.000000000000000000e+00,8.000000000000000000e+00,3.000000000000000000e+00,-1.000000000000000056e-01,2.000000000000000000e+00,-2.526023543152516315e-01,2.246438639691353267e-01,-2.330238127284519623e-01,2.357304023259448045e-01,5.180725834295125676e-01,3.473220315827266202e-01,9.600000000000025180e-02,6.620000000000000329e-01,6.222137620827022930e-01,4.059809646875386924e-01,6.919999999999999485e-01,6.119999999999999885e-01,-2.000000000000000042e-02,-2.000000000000000111e-01
1.760438745452000000e+12,8.000000000000000000e+00,8.000000000000000000e+00,3.000000000000000000e+00,-1.000000000000000056e-01,2.000000000000000000e+00,-2.324082239844730280e-01,2.360901027930161211e-01,-2.211481883600000253e-01,2.430191347714435179e-01,6.254881702953561939e-01,4.078841417619901155e-01,-7.450580569168252509e-09,6.099999999999999867e-01,6.853819768085105402e-01,4.445456866213943203e-01,5.879999999999999671e-01,5.599999999999999423e-01,-2.000000000000000042e-02,-2.000000000000000111e-01
1.760438745655000000e+12,8.000000000000000000e+00,8.000000000000000000e+00,3.000000000000000000e+00,-1.000000000000000056e-01,2.000000000000000000e+00,-2.211481883600000253e-01,2.430191347714435179e-01,-2.178900685841885787e-01,2.459488981626800630e-01,6.853819768085105402e-01,4.445456866213943203e-01,9.999999254941882576e-02,5.599999999999999423e-01,7.027124011479330967e-01,4.600470802258204706e-01,4.879999999999999893e-01,5.100000000000000089e-01,-2.000000000000000042e-02,-2.000000000000000111e-01
1.760438745859000000e+12,8.000000000000000000e+00,8.000000000000000000e+00,3.000000000000000000e+00,-1.000000000000000056e-01,2.000000000000000000e+00,-2.178900685841885787e-01,2.459488981626800630e-01,-2.229878660512943644e-01,2.447528556076754569e-01,7.027124011479330967e-01,4.600470802258204706e-01,2.039999925494183630e-01,5.100000000000000089e-01,6.755964571739661029e-01,4.537188127390236470e-01,3.880000000000000671e-01,4.599999999999999645e-01,-2.000000000000000042e-02,-2.000000000000000111e-01
1.760438746062000000e+12,8.000000000000000000e+00,8.000000000000000000e+00,3.000000000000000000e+00,0.000000000000000000e+00,0.000000000000000000e+00,-2.229878660512943644e-01,2.447528556076754569e-01,-2.322774080060382162e-01,2.399298611605263642e-01,6.755964571739661029e-01,4.537188127390236470e-01,5.000000000000000000e-01,4.579999999999999627e-01,6.261839999678817659e-01,4.282003236006686198e-01,3.840000000000000080e-01,4.320000000000000506e-01,0.000000000000000000e+00,0.000000000000000000e+00
1.760438746264000000e+12,8.000000000000000000e+00,8.000000000000000000e+00,3.000000000000000000e+00,1.000000000000000056e-01,0.000000000000000000e+00,-2.322774080060382162e-01,2.399298611605263642e-01,-2.415690496804521747e-01,2.347232860889103545e-01,6.261839999678817659e-01,4.282003236006686198e-01,5.000000000000000000e-01,4.320000000000000506e-01,5.767603740401480161e-01,4.006523073487320841e-01,3.840000000000000080e-01,4.500000000000000111e-01,2.000000000000000042e-02,0.000000000000000000e+00
1.760438746467000000e+12,8.000000000000000000e+00,8.000000000000000000e+00,3.000000000000000000e+00,1.000000000000000056e-01,0.000000000000000000e+00,-2.415690496804521747e-01,2.347232860889103545e-01,-2.512334826655063802e-01,2.326203335844391207e-01,5.767603740401480161e-01,4.006523073487320841e-01,5.999999999999999778e-01,4.500000000000000111e-01,5.253538156090086231e-01,3.895255745208419662e-01,3.840000000000000080e-01,5.000000000000000000e-01,2.000000000000000042e-02,0.000000000000000000e+00
1.760438746671000000e+12,8.000000000000000000e+00,8.000000000000000000e+00,3.000000000000000000e+00,1.000000000000000056e-01,1.000000000000000000e+00,-2.512334826655063802e-01,2.326203335844391207e-01,-2.567575810477603637e-01,2.346783795251194404e-01,5.253538156090086231e-01,3.895255745208419662e-01,5.000000000000000000e-01,5.020000000000000018e-01,4.959703135757427273e-01,4.004147064821134694e-01,4.840000000000000413e-01,5.519999999999999352e-01,2.000000000000000042e-02,2.000000000000000111e-01
1.760438746873000000e+12,8.000000000000000000e+00,8.000000000000000000e+00,3.000000000000000000e+00,0.000000000000000000e+00,0.000000000000000000e+00,-2.567575810477603637e-01,2.346783795251194404e-01,-2.580531242810114589e-01,2.407036963432283849e-01,4.959703135757427273e-01,4.004147064821134694e-01,6.039999999999999813e-01,5.519999999999999352e-01,4.890791261648326227e-01,4.322946896467110833e-01,4.840000000000000413e-01,5.939999999999999725e-01,0.000000000000000000e+00,0.000000000000000000e+00
0.000000000000000000e+00,0.000000000000000000e+00,0.000000000000000000e+00,0.000000000000000000e+00,0.000000000000000000e+00,0.000000000000000000e+00,0.000000000000000000e+00,0.000000000000000000e+00,0.000000000000000000e+00,0.000000000000000000e+00,0.000000000000000000e+00,0.000000000000000000e+00,0.000000000000000000e+00,0.000000000000000000e+00,0.000000000000000000e+00,0.000000000000000000e+00,0.000000000000000000e+00,0.000000000000000000e+00,0.000000000000000000e+00,0.000000000000000000e+00
1.760439012593000000e+12,1.000000000000000000e+00,1.000000000000000000e+01,0.000000000000000000e+00,0.000000000000000000e+00,2.000000000000000000e+00,-1.620863833528044529e-01,1.591462485900831947e-01,-1.769561657860855286e-01,3.212531583661633605e-01,9.995405140808274469e-01,7.738020639322341562e-04,5.000000000000000000e-01,5.000000000000000000e-01,9.204459266697578856e-01,8.584823193976898192e-01,4.040000000000000258e-01,5.000000000000000000e-01,0.000000000000000000e+00,-2.000000000000000111e-01
1.760439012798000000e+12,1.000000000000000000e+00,1.000000000000000000e+01,0.000000000000000000e+00,1.000000000000000056e-01,1.000000000000000000e+00,-1.769561657860855286e-01,3.212531583661633605e-01,-1.811974964059629989e-01,3.212790670165455720e-01,9.204459266697578856e-01,8.584823193976898192e-01,5.000000000000000000e-01,5.000000000000000000e-01,8.978856574150904102e-01,8.586194022039449480e-01,5.000000000000000000e-01,5.000000000000000000e-01,2.000000000000000042e-02,2.000000000000000111e-01
1.760439013002000000e+12,1.000000000000000000e+00,1.000000000000000000e+01,0.000000000000000000e+00,1.000000000000000056e-01,0.000000000000000000e+00,-1.811974964059629989e-01,3.212790670165455720e-01,-1.812149736855133697e-01,3.213051350428601238e-01,8.978856574150904102e-01,8.586194022039449480e-01,4.000000000000000777e-01,5.000000000000000000e-01,8.977926931621629247e-01,8.587573282691013388e-01,5.000000000000000000e-01,5.000000000000000000e-01,2.000000000000000042e-02,0.000000000000000000e+00
1.760439013205000000e+12,1.000000000000000000e+00,1.000000000000000000e+01,0.000000000000000000e+00,-1.000000000000000056e-01,2.000000000000000000e+00,-1.812155459286425296e-01,3.213061794178746489e-01,-1.849978131906741818e-01,3.196001128179043471e-01,8.977896493157312419e-01,8.587628540628289286e-01,2.999999999999999889e-01,5.000000000000000000e-01,8.776712064325841167e-01,8.497360466555786696e-01,4.000000000000000777e-01,4.520000000000000129e-01,-2.000000000000000042e-02,-2.000000000000000111e-01
1.760439013409000000e+12,1.000000000000000000e+00,1.000000000000000000e+01,0.000000000000000000e+00,-1.000000000000000056e-01,2.000000000000000000e+00,-1.849978131906741818e-01,3.196001128179043471e-01,-1.967767489926568747e-01,3.139022328234510328e-01,8.776712064325841167e-01,8.497360466555786696e-01,1.959999999999997300e-01,4.520000000000000129e-01,8.150172925922506417e-01,8.195885334574130043e-01,2.999999999999999889e-01,4.019999999999999685e-01,-2.000000000000000042e-02,-2.000000000000000111e-01
1.760439013611000000e+12,1.000000000000000000e+00,1.000000000000000000e+01,0.000000000000000000e+00,-1.000000000000000056e-01,0.000000000000000000e+00,-1.967767489926568747e-01,3.139022328234510328e-01,-2.127874615949759129e-01,3.041984297335066367e-01,8.150172925922506417e-01,8.195885334574130043e-01,9.600000000000025180e-02,4.019999999999999685e-01,7.298539276862983094e-01,7.682456599656436458e-01,2.999999999999999889e-01,3.519999999999998685e-01,-2.000000000000000042e-02,0.000000000000000000e+00
1.760439013815000000e+12,1.000000000000000000e+00,1.000000000000000000e+01,0.000000000000000000e+00,0.000000000000000000e+00,0.000000000000000000e+00,-2.134280103989271704e-01,3.037265056328061763e-01,-2.294418911079099122e-01,2.914506583284891539e-01,7.264467531971958714e-01,7.657487070518845806e-01,-7.450580569168252509e-09,3.499999999999998668e-01,6.412665366600536210e-01,7.007971340131702309e-01,2.999999999999999889e-01,3.459999999999999187e-01,0.000000000000000000e+00,0.000000000000000000e+00
1.760439014017000000e+12,1.000000000000000000e+00,1.000000000000000000e+01,0.000000000000000000e+00,0.000000000000000000e+00,0.000000000000000000e+00,-2.294418911079099122e-01,2.914506583284891539e-01,-2.454565997133173472e-01,2.791500247924273981e-01,6.412665366600536210e-01,7.007971340131702309e-01,9.999999254941882576e-02,3.459999999999999187e-01,5.560819164185246688e-01,6.357144168911503801e-01,2.999999999999999889e-01,3.459999999999999187e-01,0.000000000000000000e+00,0.000000000000000000e+00
1.760439014220000000e+12,1.000000000000000000e+00,1.000000000000000000e+01,0.000000000000000000e+00,0.000000000000000000e+00,1.000000000000000000e+00,-2.454565997133173472e-01,2.791500247924273981e-01,-2.577024512858994143e-01,2.668488055851281904e-01,5.560819164185246688e-01,6.357144168911503801e-01,2.039999925494183630e-01,3.459999999999999187e-01,4.909444080537264665e-01,5.706286009795142888e-01,3.999999999999999667e-01,3.459999999999999187e-01,0.000000000000000000e+00,2.000000000000000111e-01
1.760439014423000000e+12,1.000000000000000000e+00,1.000000000000000000e+01,0.000000000000000000e+00,1.000000000000000056e-01,0.000000000000000000e+00,-2.580262745403703040e-01,2.663567600645211919e-01,-2.657235840010903627e-01,2.549037153177634019e-01,4.892219439342004872e-01,5.680251855265672223e-01,5.000000000000000000e-01,3.459999999999999187e-01,4.482788085048384219e-01,5.074270651733513438e-01,4.040000000000000258e-01,3.799999999999999489e-01,2.000000000000000042e-02,0.000000000000000000e+00
1.760439014627000000e+12,1.000000000000000000e+00,1.000000000000000000e+01,0.000000000000000000e+00,1.000000000000000056e-01,1.000000000000000000e+00,-2.657235840010903627e-01,2.549037153177634019e-01,-2.696505086052040090e-01,2.472043133909667401e-01,4.482788085048384219e-01,5.074270651733513438e-01,5.000000000000000000e-01,3.799999999999999489e-01,4.273909116744467052e-01,4.666894888410939024e-01,5.040000000000000036e-01,4.299999999999999933e-01,2.000000000000000042e-02,2.000000000000000111e-01
1.760439014830000000e+12,1.000000000000000000e+00,1.000000000000000000e+01,0.000000000000000000e+00,0.000000000000000000e+00,1.000000000000000000e+00,-2.696505086052040090e-01,2.472043133909667401e-01,-2.655852756594633823e-01,2.425490381489845693e-01,4.273909116744467052e-01,4.666894888410939024e-01,5.999999999999999778e-01,4.299999999999999933e-01,4.490144911730670763e-01,4.420584029046802921e-01,6.039999999999999813e-01,4.440000000000000058e-01,0.000000000000000000e+00,2.000000000000000111e-01
1.760439015033000000e+12,1.000000000000000000e+00,1.000000000000000000e+01,0.000000000000000000e+00,0.000000000000000000e+00,2.000000000000000000e+00,-2.652563050017182067e-01,2.423704796890142898e-01,-2.604025882162821492e-01,2.379064268752112965e-01,4.507643350972435070e-01,4.411136491482238187e-01,5.000000000000000000e-01,4.440000000000000058e-01,4.765819775729672192e-01,4.174943220910651287e-01,5.080000000000000071e-01,4.440000000000000058e-01,0.000000000000000000e+00,-2.000000000000000111e-01
1.760439015238000000e+12,1.000000000000000000e+00,1.000000000000000000e+01,0.000000000000000000e+00,0.000000000000000000e+00,0.000000000000000000e+00,-2.604025882162821492e-01,2.379064268752112965e-01,-2.597737536638650702e-01,2.334419808833854415e-01,4.765819775729672192e-01,4.174943220910651287e-01,6.039999999999999813e-01,4.440000000000000058e-01,4.799268422134836398e-01,3.938729147269071640e-01,5.080000000000000071e-01,4.440000000000000058e-01,0.000000000000000000e+00,0.000000000000000000e+00
1.760439015441000000e+12,1.000000000000000000e+00,1.000000000000000000e+01,0.000000000000000000e+00,1.000000000000000056e-01,2.000000000000000000e+00,-2.597487185624238748e-01,2.332633936566443911e-01,-2.629035584568590878e-01,2.293654580200960025e-01,4.800600076466814414e-01,3.929280087653143072e-01,5.040000000000000036e-01,4.440000000000000058e-01,4.632789443784090522e-01,3.723040106883386824e-01,4.080000000000000293e-01,4.719999999999999751e-01,2.000000000000000042e-02,-2.000000000000000111e-01
1.760439015645000000e+12,1.000000000000000000e+00,1.000000000000000000e+01,0.000000000000000000e+00,1.000000000000000056e-01,1.000000000000000000e+00,-2.629035584568590878e-01,2.293654580200960025e-01,-2.665069534772039339e-01,2.290225425069767340e-01,4.632789443784090522e-01,3.723040106883386824e-01,4.040000000000000258e-01,4.719999999999999751e-01,4.441119495893407487e-01,3.704896428940568365e-01,5.080000000000000071e-01,5.220000000000000195e-01,2.000000000000000042e-02,2.000000000000000111e-01
1.760439015849000000e+12,1.000000000000000000e+00,1.000000000000000000e+01,0.000000000000000000e+00,1.000000000000000056e-01,0.000000000000000000e+00,-2.665069534772039339e-01,2.290225425069767340e-01,-2.655429621048231992e-01,2.329101894326463806e-01,4.441119495893407487e-01,3.704896428940568365e-01,4.040000000000000258e-01,5.220000000000000195e-01,4.492395632722169796e-01,3.910592033473354046e-01,5.120000000000000107e-01,5.739999999999999547e-01,2.000000000000000042e-02,0.000000000000000000e+00
1.760439016053000000e+12,1.000000000000000000e+00,1.000000000000000000e+01,0.000000000000000000e+00,0.000000000000000000e+00,1.000000000000000000e+00,-2.655429621048231992e-01,2.329101894326463806e-01,-2.608292668357428679e-01,2.405095537205564349e-01,4.492395632722169796e-01,3.910592033473354046e-01,5.000000000000000000e-01,5.739999999999999547e-01,4.743124104481761805e-01,4.312674800029441258e-01,6.119999999999999885e-01,6.059999999999999831e-01,0.000000000000000000e+00,2.000000000000000111e-01
1.760439016256000000e+12,1.000000000000000000e+00,1.000000000000000000e+01,0.000000000000000000e+00,0.000000000000000000e+00,2.000000000000000000e+00,-2.608292668357428679e-01,2.405095537205564349e-01,-2.556529733790935399e-01,2.490056623576139272e-01,4.743124104481761805e-01,4.312674800029441258e-01,5.000000000000000000e-01,6.059999999999999831e-01,5.018458862814172416e-01,4.762204357545710698e-01,5.120000000000000107e-01,6.059999999999999831e-01,0.000000000000000000e+00,-2.000000000000000111e-01
0.000000000000000000e+00,0.000000000000000000e+00,0.000000000000000000e+00,0.000000000000000000e+00,0.000000000000000000e+00,0.000000000000000000e+00,0.000000000000000000e+00,0.000000000000000000e+00,0.000000000000000000e+00,0.000000000000000000e+00,0.000000000000000000e+00,0.000000000000000000e+00,0.000000000000000000e+00,0.000000000000000000e+00,0.000000000000000000e+00,0.000000000000000000e+00,0.000000000000000000e+00,0.000000000000000000e+00,0.000000000000000000e+00,0.000000000000000000e+00
1.760439021951000000e+12,2.000000000000000000e+00,1.000000000000000000e+01,3.000000000000000000e+00,0.000000000000000000e+00,1.000000000000000000e+00,-2.555688693670091771e-01,2.503651900291696264e-01,-3.291988716331162301e-01,1.705902697977929872e-01,5.022932480478234929e-01,4.834137038580403889e-01,5.000000000000000000e-01,6.059999999999999831e-01,1.106442998238497399e-01,6.132417882430151596e-02,5.959999999999999742e-01,6.059999999999999831e-01,0.000000000000000000e+00,2.000000000000000111e-01
1.760439022155000000e+12,2.000000000000000000e+00,1.000000000000000000e+01,3.000000000000000000e+00,0.000000000000000000e+00,1.000000000000000000e+00,-3.291988716331162301e-01,1.705902697977929872e-01,-3.177732108789826926e-01,1.790800467601003088e-01,1.106442998238497399e-01,6.132417882430151596e-02,5.000000000000000000e-01,6.059999999999999831e-01,1.714190910692409142e-01,1.062436336513243873e-01,6.959999999999999520e-01,6.059999999999999831e-01,0.000000000000000000e+00,2.000000000000000111e-01
1.760439022359000000e+12,2.000000000000000000e+00,1.000000000000000000e+01,3.000000000000000000e+00,0.000000000000000000e+00,0.000000000000000000e+00,-3.177732108789826926e-01,1.790800467601003088e-01,-3.011657400777525417e-01,1.879086513983130591e-01,1.714190910692409142e-01,1.062436336513243873e-01,4.000000000000000777e-01,6.059999999999999831e-01,2.597567017140821610e-01,1.529558275043019222e-01,7.000000000000000666e-01,6.059999999999999831e-01,0.000000000000000000e+00,0.000000000000000000e+00
1.760439022562000000e+12,2.000000000000000000e+00,1.000000000000000000e+01,3.000000000000000000e+00,0.000000000000000000e+00,0.000000000000000000e+00,-3.011657400777525417e-01,1.879086513983130591e-01,-2.851800395815726197e-01,1.963980412305179335e-01,2.597567017140821610e-01,1.529558275043019222e-01,2.999999999999999889e-01,6.059999999999999831e-01,3.447870235022732488e-01,1.978732340239044152e-01,7.000000000000000666e-01,6.059999999999999831e-01,0.000000000000000000e+00,0.000000000000000000e+00
1.760439022765000000e+12,2.000000000000000000e+00,1.000000000000000000e+01,3.000000000000000000e+00,0.000000000000000000e+00,0.000000000000000000e+00,-2.851800395815726197e-01,1.963980412305179335e-01,-2.691929049756062176e-01,2.048878012095383672e-01,3.447870235022732488e-01,1.978732340239044152e-01,1.959999999999997300e-01,6.059999999999999831e-01,4.298249735340094468e-01,2.427925989922665173e-01,7.000000000000000666e-01,6.059999999999999831e-01,0.000000000000000000e+00,0.000000000000000000e+00
1.760439022970000000e+12,2.000000000000000000e+00,1.000000000000000000e+01,3.000000000000000000e+00,0.000000000000000000e+00,2.000000000000000000e+00,-2.691929049756062176e-01,2.048878012095383672e-01,-2.563346354819719397e-01,2.137186831596976644e-01,4.298249735340094468e-01,2.427925989922665173e-01,9.600000000000025180e-02,6.059999999999999831e-01,4.982200240320641127e-01,2.895168421148024973e-01,6.039999999999999813e-01,6.059999999999999831e-01,0.000000000000000000e+00,-2.000000000000000111e-01
1.760439023173000000e+12,2.000000000000000000e+00,1.000000000000000000e+01,3.000000000000000000e+00,0.000000000000000000e+00,2.000000000000000000e+00,-2.563346354819719397e-01,2.137186831596976644e-01,-2.521107751458682156e-01,2.222121618748010285e-01,4.982200240320641127e-01,2.895168421148024973e-01,-7.450580569168252509e-09,6.059999999999999831e-01,5.206873662453818108e-01,3.344558829354551954e-01,5.000000000000000000e-01,6.059999999999999831e-01,0.000000000000000000e+00,-2.000000000000000111e-01
1.760439023377000000e+12,2.000000000000000000e+00,1.000000000000000000e+01,3.000000000000000000e+00,-1.000000000000000056e-01,0.000000000000000000e+00,-2.521107751458682156e-01,2.222121618748010285e-01,-2.521212575603956618e-01,2.298595672570533932e-01,5.206873662453818108e-01,3.344558829354551954e-01,9.999999254941882576e-02,6.059999999999999831e-01,5.206316087212996546e-01,3.749183452754148438e-01,5.000000000000000000e-01,5.719999999999999529e-01,-2.000000000000000042e-02,0.000000000000000000e+00
1.760439023579000000e+12,2.000000000000000000e+00,1.000000000000000000e+01,3.000000000000000000e+00,-1.000000000000000056e-01,0.000000000000000000e+00,-2.521217659649836462e-01,2.300921599941480600e-01,-2.521349693110427337e-01,2.338231563108688349e-01,5.206289044415762790e-01,3.761489946780320892e-01,2.039999925494183630e-01,5.699999999999999512e-01,5.205586738774322653e-01,3.958897159305229674e-01,5.000000000000000000e-01,5.200000000000000178e-01,-2.000000000000000042e-02,0.000000000000000000e+00
1.760439023782000000e+12,2.000000000000000000e+00,1.000000000000000000e+01,3.000000000000000000e+00,0.000000000000000000e+00,2.000000000000000000e+00,-2.521349693110427337e-01,2.338231563108688349e-01,-2.559182806468643934e-01,2.344029555441059787e-01,5.205586738774322653e-01,3.958897159305229674e-01,5.000000000000000000e-01,5.200000000000000178e-01,5.004346774102956807e-01,3.989574367413015188e-01,4.000000000000000777e-01,5.040000000000000036e-01,0.000000000000000000e+00,-2.000000000000000111e-01
1.760439023987000000e+12,2.000000000000000000e+00,1.000000000000000000e+01,3.000000000000000000e+00,0.000000000000000000e+00,1.000000000000000000e+00,-2.562356464466069017e-01,2.344163469138484945e-01,-2.607988938785204547e-01,2.347514650615589171e-01,4.987465614542185843e-01,3.990282905494629828e-01,5.000000000000000000e-01,5.040000000000000036e-01,4.744739687312741205e-01,4.008014024421107102e-01,4.919999999999999929e-01,5.040000000000000036e-01,0.000000000000000000e+00,2.000000000000000111e-01
1.760439024189000000e+12,2.000000000000000000e+00,1.000000000000000000e+01,3.000000000000000000e+00,1.000000000000000056e-01,0.000000000000000000e+00,-2.607988938785204547e-01,2.347514650615589171e-01,-2.611367751491919242e-01,2.355684735969123256e-01,4.744739687312741205e-01,4.008014024421107102e-01,5.999999999999999778e-01,5.040000000000000036e-01,4.726767279298301205e-01,4.051241989254620868e-01,4.960000000000000520e-01,5.300000000000000266e-01,2.000000000000000042e-02,0.000000000000000000e+00
1.760439024392000000e+12,2.000000000000000000e+00,1.000000000000000000e+01,3.000000000000000000e+00,1.000000000000000056e-01,0.000000000000000000e+00,-2.611367751491919242e-01,2.355684735969123256e-01,-2.614714583355052246e-01,2.398698127769703925e-01,4.726767279298301205e-01,4.051241989254620868e-01,5.000000000000000000e-01,5.300000000000000266e-01,4.708964982153976964e-01,4.278826072855576590e-01,4.960000000000000520e-01,5.799999999999999600e-01,2.000000000000000042e-02,0.000000000000000000e+00
1.760439024595000000e+12,2.000000000000000000e+00,1.000000000000000000e+01,3.000000000000000000e+00,0.000000000000000000e+00,1.000000000000000000e+00,-2.614714583355052246e-01,2.398698127769703925e-01,-2.583406243698608273e-01,2.468564585906590225e-01,4.708964982153976964e-01,4.278826072855576590e-01,6.039999999999999813e-01,5.799999999999999600e-01,4.875498703730806738e-01,4.648489872521641697e-01,5.919999999999999707e-01,5.879999999999999671e-01,0.000000000000000000e+00,2.000000000000000111e-01
1.760439024799000000e+12,2.000000000000000000e+00,1.000000000000000000e+01,3.000000000000000000e+00,0.000000000000000000e+00,2.000000000000000000e+00,-2.580500165721444916e-01,2.471387056027639639e-01,-2.541544291826628443e-01,2.541956026825273884e-01,4.890956565311462834e-01,4.663423576865818876e-01,5.040000000000000036e-01,5.879999999999999671e-01,5.098168660496656956e-01,5.036804374736899570e-01,4.960000000000000520e-01,5.879999999999999671e-01,0.000000000000000000e+00,-2.000000000000000111e-01
0.000000000000000000e+00,0.000000000000000000e+00,0.000000000000000000e+00,0.000000000000000000e+00,0.000000000000000000e+00,0.000000000000000000e+00,0.000000000000000000e+00,0.000000000000000000e+00,0.000000000000000000e+00,0.000000000000000000e+00,0.000000000000000000e+00,0.000000000000000000e+00,0.000000000000000000e+00,0.000000000000000000e+00,0.000000000000000000e+00,0.000000000000000000e+00,0.000000000000000000e+00,0.000000000000000000e+00,0.000000000000000000e+00,0.000000000000000000e+00
1.760439030533000000e+12,3.000000000000000000e+00,1.000000000000000000e+01,0.000000000000000000e+00,0.000000000000000000e+00,1.000000000000000000e+00,-2.542266375219090491e-01,2.550425170692617316e-01,-1.706308170437714766e-01,3.279416606296861048e-01,5.094327791387815996e-01,5.081614659749298379e-01,5.000000000000000000e-01,5.879999999999999671e-01,9.540913987033432520e-01,8.938712202628895653e-01,5.840000000000000746e-01,5.879999999999999671e-01,0.000000000000000000e+00,2.000000000000000111e-01
1.760439030737000000e+12,3.000000000000000000e+00,1.000000000000000000e+01,0.000000000000000000e+00,0.000000000000000000e+00,1.000000000000000000e+00,-1.706308170437714766e-01,3.279416606296861048e-01,-1.622467250244060133e-01,3.350086824836290278e-01,9.540913987033432520e-01,8.938712202628895653e-01,5.000000000000000000e-01,5.879999999999999671e-01,9.986876328489041610e-01,9.312628702837515426e-01,5.000000000000000000e-01,5.879999999999999671e-01,0.000000000000000000e+00,2.000000000000000111e-01
1.760439030939000000e+12,3.000000000000000000e+00,1.000000000000000000e+01,0.000000000000000000e+00,-1.000000000000000056e-01,2.000000000000000000e+00,-1.622467250244060133e-01,3.350086824836290278e-01,-1.660301976723062567e-01,3.412302391075450192e-01,9.986876328489041610e-01,9.312628702837515426e-01,4.000000000000000777e-01,5.879999999999999671e-01,9.785627783387965684e-01,9.641811592991801350e-01,4.000000000000000777e-01,5.540000000000000480e-01,-2.000000000000000042e-02,-2.000000000000000111e-01
1.760439031143000000e+12,3.000000000000000000e+00,1.000000000000000000e+01,0.000000000000000000e+00,-1.000000000000000056e-01,1.000000000000000000e+00,-1.660301976723062567e-01,3.412302391075450192e-01,-1.709133854445060996e-01,3.437143569014676214e-01,9.785627783387965684e-01,9.641811592991801350e-01,2.999999999999999889e-01,5.540000000000000480e-01,9.525883752951803674e-01,9.773246396903050304e-01,4.960000000000000520e-01,5.020000000000000018e-01,-2.000000000000000042e-02,2.000000000000000111e-01
1.760439031347000000e+12,3.000000000000000000e+00,1.000000000000000000e+01,0.000000000000000000e+00,-1.000000000000000056e-01,0.000000000000000000e+00,-1.709133854445060996e-01,3.437143569014676214e-01,-1.712521450025534242e-01,3.420233231074158997e-01,9.525883752951803674e-01,9.773246396903050304e-01,1.959999999999997300e-01,5.020000000000000018e-01,9.507864627523754386e-01,9.683773709387085704e-01,4.960000000000000520e-01,4.520000000000000129e-01,-2.000000000000000042e-02,0.000000000000000000e+00
1.760439031551000000e+12,3.000000000000000000e+00,1.000000000000000000e+01,0.000000000000000000e+00,-1.000000000000000056e-01,0.000000000000000000e+00,-1.712521450025534242e-01,3.420233231074158997e-01,-1.715869345710044902e-01,3.363280714118634940e-01,9.507864627523754386e-01,9.683773709387085704e-01,9.600000000000025180e-02,4.520000000000000129e-01,9.490056671755080497e-01,9.382437640839339510e-01,4.960000000000000520e-01,4.019999999999999685e-01,-2.000000000000000042e-02,0.000000000000000000e+00
1.760439031754000000e+12,3.000000000000000000e+00,1.000000000000000000e+01,0.000000000000000000e+00,-1.000000000000000056e-01,0.000000000000000000e+00,-1.716003006067511050e-01,3.360172214198600127e-01,-1.719334236576209318e-01,3.261623265823669904e-01,9.489345712406855871e-01,9.365990551315346302e-01,-7.450580569168252509e-09,3.999999999999999667e-01,9.471626401190376132e-01,8.844567544040582430e-01,4.960000000000000520e-01,3.499999999999998668e-01,-2.000000000000000042e-02,0.000000000000000000e+00
1.760439031957000000e+12,3.000000000000000000e+00,1.000000000000000000e+01,0.000000000000000000e+00,0.000000000000000000e+00,0.000000000000000000e+00,-1.719334236576209318e-01,3.261623265823669904e-01,-1.722646209942295670e-01,3.136178067165775740e-01,9.471626401190376132e-01,8.844567544040582430e-01,9.999999254941882576e-02,3.499999999999998668e-01,9.454009521583534026e-01,8.180836334210455085e-01,4.960000000000000520e-01,3.419999999999998597e-01,0.000000000000000000e+00,0.000000000000000000e+00
1.760439032160000000e+12,3.000000000000000000e+00,1.000000000000000000e+01,0.000000000000000000e+00,0.000000000000000000e+00,0.000000000000000000e+00,-1.722646209942295670e-01,3.136178067165775740e-01,-1.726076998767783754e-01,3.004960581738951308e-01,9.454009521583534026e-01,8.180836334210455085e-01,2.039999925494183630e-01,3.419999999999998597e-01,9.435760644852214662e-01,7.486563924544716864e-01,4.960000000000000520e-01,3.419999999999998597e-01,0.000000000000000000e+00,0.000000000000000000e+00
1.760439032364000000e+12,3.000000000000000000e+00,1.000000000000000000e+01,0.000000000000000000e+00,0.000000000000000000e+00,0.000000000000000000e+00,-1.726076998767783754e-01,3.004960581738951308e-01,-1.729363593373578478e-01,2.878770154330007047e-01,9.435760644852214662e-01,7.486563924544716864e-01,5.000000000000000000e-01,3.419999999999998597e-01,9.418278758651178473e-01,6.818889705449773242e-01,4.960000000000000520e-01,3.419999999999998597e-01,0.000000000000000000e+00,0.000000000000000000e+00
1.760439032566000000e+12,3.000000000000000000e+00,1.000000000000000000e+01,0.000000000000000000e+00,1.000000000000000056e-01,0.000000000000000000e+00,-1.729363593373578478e-01,2.878770154330007047e-01,-1.732640318037855787e-01,2.757394368772177473e-01,9.418278758651178473e-01,6.818889705449773242e-01,5.000000000000000000e-01,3.419999999999998597e-01,9.400849372139065130e-01,6.176689781863373696e-01,4.960000000000000520e-01,3.679999999999998828e-01,2.000000000000000042e-02,0.000000000000000000e+00
1.760439032770000000e+12,3.000000000000000000e+00,1.000000000000000000e+01,0.000000000000000000e+00,1.000000000000000056e-01,0.000000000000000000e+00,-1.732640318037855787e-01,2.757394368772177473e-01,-1.736048424083475039e-01,2.668179434751110080e-01,9.400849372139065130e-01,6.176689781863373696e-01,5.999999999999999778e-01,3.679999999999998828e-01,9.382721148492154661e-01,5.704653093921218110e-01,4.960000000000000520e-01,4.180000000000000382e-01,2.000000000000000042e-02,0.000000000000000000e+00
1.760439032974000000e+12,3.000000000000000000e+00,1.000000000000000000e+01,0.000000000000000000e+00,1.000000000000000056e-01,2.000000000000000000e+00,-1.736048424083475039e-01,2.668179434751110080e-01,-1.776991392607368825e-01,2.623162518072417182e-01,9.382721148492154661e-01,5.704653093921218110e-01,5.000000000000000000e-01,4.200000000000000955e-01,9.164939401024634336e-01,5.466468349589509446e-01,3.960000000000000187e-01,4.699999999999999734e-01,2.000000000000000042e-02,-2.000000000000000111e-01
1.760439033178000000e+12,3.000000000000000000e+00,1.000000000000000000e+01,0.000000000000000000e+00,0.000000000000000000e+00,1.000000000000000000e+00,-1.776991392607368825e-01,2.623162518072417182e-01,-1.822596955373673999e-01,2.616454891482401512e-01,9.164939401024634336e-01,5.466468349589509446e-01,6.039999999999999813e-01,4.699999999999999734e-01,8.922356620352798195e-01,5.430978261811648666e-01,4.960000000000000520e-01,5.040000000000000036e-01,0.000000000000000000e+00,2.000000000000000111e-01
1.760439033382000000e+12,3.000000000000000000e+00,1.000000000000000000e+01,0.000000000000000000e+00,0.000000000000000000e+00,2.000000000000000000e+00,-1.822596955373673999e-01,2.616454891482401512e-01,-1.860593094797200475e-01,2.619955042505490161e-01,8.922356620352798195e-01,5.430978261811648666e-01,5.040000000000000036e-01,5.040000000000000036e-01,8.720249495759572200e-01,5.449497579394128044e-01,4.000000000000000777e-01,5.040000000000000036e-01,0.000000000000000000e+00,-2.000000000000000111e-01
1.760439033586000000e+12,3.000000000000000000e+00,1.000000000000000000e+01,0.000000000000000000e+00,-1.000000000000000056e-01,0.000000000000000000e+00,-1.860593094797200475e-01,2.619955042505490161e-01,-1.940672725077302874e-01,2.623150585492304843e-01,8.720249495759572200e-01,5.449497579394128044e-01,4.040000000000000258e-01,5.040000000000000036e-01,8.294294015546261889e-01,5.466405214244999256e-01,4.000000000000000777e-01,4.979999999999999982e-01,-2.000000000000000042e-02,0.000000000000000000e+00
1.760439033789000000e+12,3.000000000000000000e+00,1.000000000000000000e+01,0.000000000000000000e+00,-1.000000000000000056e-01,0.000000000000000000e+00,-1.940672725077302874e-01,2.623150585492304843e-01,-2.023977474100008278e-01,2.601217536146698817e-01,8.294294015546261889e-01,5.466405214244999256e-01,4.040000000000000258e-01,4.979999999999999982e-01,7.851183648404210791e-01,5.350357334109517859e-01,4.000000000000000777e-01,4.460000000000000075e-01,-2.000000000000000042e-02,0.000000000000000000e+00
1.760439033994000000e+12,3.000000000000000000e+00,1.000000000000000000e+01,0.000000000000000000e+00,0.000000000000000000e+00,2.000000000000000000e+00,-2.023977474100008278e-01,2.601217536146698817e-01,-2.141836979103111938e-01,2.539299214297741636e-01,7.851183648404210791e-01,5.350357334109517859e-01,5.000000000000000000e-01,4.460000000000000075e-01,7.224271387749404694e-01,5.022747165596517238e-01,2.999999999999999889e-01,3.980000000000000204e-01,0.000000000000000000e+00,-2.000000000000000111e-01
1.760439034198000000e+12,3.000000000000000000e+00,1.000000000000000000e+01,0.000000000000000000e+00,0.000000000000000000e+00,0.000000000000000000e+00,-2.141836979103111938e-01,2.539299214297741636e-01,-2.301908801396896909e-01,2.457836274664766119e-01,7.224271387749404694e-01,5.022747165596517238e-01,5.000000000000000000e-01,3.980000000000000204e-01,6.372825524484591053e-01,4.591726320977598808e-01,2.999999999999999889e-01,3.980000000000000204e-01,0.000000000000000000e+00,0.000000000000000000e+00
1.760439034403000000e+12,3.000000000000000000e+00,1.000000000000000000e+01,0.000000000000000000e+00,1.000000000000000056e-01,0.000000000000000000e+00,-2.308313204315717015e-01,2.454577638879122947e-01,-2.468429284311403626e-01,2.375292250887412471e-01,6.338759551512143098e-01,4.574484861794301804e-01,5.000000000000000000e-01,3.980000000000000204e-01,5.487078274939342082e-01,4.154985454430754066e-01,2.999999999999999889e-01,4.160000000000000364e-01,2.000000000000000042e-02,0.000000000000000000e+00
1.760439034606000000e+12,3.000000000000000000e+00,1.000000000000000000e+01,0.000000000000000000e+00,1.000000000000000056e-01,1.000000000000000000e+00,-2.468429284311403626e-01,2.375292250887412471e-01,-2.590898897822517255e-01,2.327053098591923552e-01,5.487078274939342082e-01,4.154985454430754066e-01,5.999999999999999778e-01,4.160000000000000364e-01,4.835644160518524637e-01,3.899751844401712075e-01,3.999999999999999667e-01,4.660000000000000253e-01,2.000000000000000042e-02,2.000000000000000111e-01
1.760439034810000000e+12,3.000000000000000000e+00,1.000000000000000000e+01,0.000000000000000000e+00,1.000000000000000056e-01,1.000000000000000000e+00,-2.590898897822517255e-01,2.327053098591923552e-01,-2.633448854436679643e-01,2.319319716635712680e-01,4.835644160518524637e-01,3.899751844401712075e-01,5.000000000000000000e-01,4.660000000000000253e-01,4.609314604060213982e-01,3.858834479554035801e-01,5.000000000000000000e-01,5.160000000000000142e-01,2.000000000000000042e-02,2.000000000000000111e-01
1.760439035013000000e+12,3.000000000000000000e+00,1.000000000000000000e+01,0.000000000000000000e+00,1.000000000000000056e-01,0.000000000000000000e+00,-2.633448854436679643e-01,2.319319716635712680e-01,-2.630426130677427921e-01,2.352712208591694054e-01,4.609314604060213982e-01,3.858834479554035801e-01,6.039999999999999813e-01,5.180000000000000160e-01,4.625392921928574430e-01,4.035514331172984637e-01,5.040000000000000036e-01,5.679999999999999494e-01,2.000000000000000042e-02,0.000000000000000000e+00
1.760439035217000000e+12,3.000000000000000000e+00,1.000000000000000000e+01,0.000000000000000000e+00,0.000000000000000000e+00,1.000000000000000000e+00,-2.630426130677427921e-01,2.352712208591694054e-01,-2.589624559805059345e-01,2.426132098350704536e-01,4.625392921928574430e-01,4.035514331172984637e-01,7.039999999999999591e-01,5.679999999999999494e-01,4.842422554228407172e-01,4.423979356352934489e-01,6.039999999999999813e-01,6.160000000000001030e-01,0.000000000000000000e+00,2.000000000000000111e-01
1.760439035420000000e+12,3.000000000000000000e+00,1.000000000000000000e+01,0.000000000000000000e+00,0.000000000000000000e+00,2.000000000000000000e+00,-2.589624559805059345e-01,2.426132098350704536e-01,-2.537785091375983071e-01,2.522814648271805571e-01,4.842422554228407172e-01,4.423979356352934489e-01,6.039999999999999813e-01,6.160000000000001030e-01,5.118164407574558039e-01,4.935527239533363253e-01,5.120000000000000107e-01,6.160000000000001030e-01,0.000000000000000000e+00,-2.000000000000000111e-01
0.000000000000000000e+00,0.000000000000000000e+00,0.000000000000000000e+00,0.000000000000000000e+00,0.000000000000000000e+00,0.000000000000000000e+00,0.000000000000000000e+00,0.000000000000000000e+00,0.000000000000000000e+00,0.000000000000000000e+00,0.000000000000000000e+00,0.000000000000000000e+00,0.000000000000000000e+00,0.000000000000000000e+00,0.000000000000000000e+00,0.000000000000000000e+00,0.000000000000000000e+00,0.000000000000000000e+00,0.000000000000000000e+00,0.000000000000000000e+00
1.760439041067000000e+12,4.000000000000000000e+00,1.000000000000000000e+01,1.000000000000000000e+00,0.000000000000000000e+00,1.000000000000000000e+00,-2.537338147138932798e-01,2.533971519663768546e-01,-3.291028380417210797e-01,3.302365858146565358e-01,5.120541770537591075e-01,4.994558305099305318e-01,5.000000000000000000e-01,6.160000000000001030e-01,1.111551167993558575e-01,9.060136815590293935e-01,5.959999999999999742e-01,6.160000000000001030e-01,0.000000000000000000e+00,2.000000000000000111e-01
1.760439041271000000e+12,4.000000000000000000e+00,1.000000000000000000e+01,1.000000000000000000e+00,0.000000000000000000e+00,2.000000000000000000e+00,-3.291028380417210797e-01,3.302365858146565358e-01,-3.252384824312437583e-01,3.395554973922561004e-01,1.111551167993558575e-01,9.060136815590293935e-01,5.000000000000000000e-01,6.160000000000001030e-01,1.317101998338096880e-01,9.553200920225192183e-01,4.960000000000000520e-01,6.160000000000001030e-01,0.000000000000000000e+00,-2.000000000000000111e-01
1.760439041474000000e+12,4.000000000000000000e+00,1.000000000000000000e+01,1.000000000000000000e+00,0.000000000000000000e+00,2.000000000000000000e+00,-3.252384824312437583e-01,3.395554973922561004e-01,-3.296979358729644760e-01,3.478565734099073881e-01,1.317101998338096880e-01,9.553200920225192183e-01,4.000000000000000777e-01,6.160000000000001030e-01,1.079897028033803413e-01,9.992411291529492701e-01,3.960000000000000187e-01,5.000000000000000000e-01,0.000000000000000000e+00,-2.000000000000000111e-01
1.760439041678000000e+12,4.000000000000000000e+00,1.000000000000000000e+01,1.000000000000000000e+00,0.000000000000000000e+00,2.000000000000000000e+00,-3.296979358729644760e-01,3.478565734099073881e-01,-3.421517902507379971e-01,3.478980992241061387e-01,1.079897028033803413e-01,9.992411291529492701e-01,2.999999999999999889e-01,5.000000000000000000e-01,4.174579653862756090e-02,9.994608424555881943e-01,2.919999999999999818e-01,5.000000000000000000e-01,0.000000000000000000e+00,-2.000000000000000111e-01
1.760439041882000000e+12,4.000000000000000000e+00,1.000000000000000000e+01,1.000000000000000000e+00,-1.000000000000000056e-01,2.000000000000000000e+00,-3.421517902507379971e-01,3.478980992241061387e-01,-3.493792387445709968e-01,3.474242341965074754e-01,4.174579653862756090e-02,9.994608424555881943e-01,1.959999999999997300e-01,5.000000000000000000e-01,3.301921571430750137e-03,9.969536200873412302e-01,5.000000000000000000e-01,4.779999999999999805e-01,-2.000000000000000042e-02,-2.000000000000000111e-01
1.760439042086000000e+12,4.000000000000000000e+00,1.000000000000000000e+01,1.000000000000000000e+00,-1.000000000000000056e-01,2.000000000000000000e+00,-3.493816465904806545e-01,3.473574712733878411e-01,-3.494381427701351295e-01,3.436029461126905438e-01,3.289113880421932600e-03,9.966003771078723039e-01,9.600000000000025180e-02,4.760000000000000342e-01,2.988602286515150940e-03,9.767351646174103896e-01,5.000000000000000000e-01,4.260000000000000453e-01,-2.000000000000000042e-02,-2.000000000000000111e-01
1.760439042290000000e+12,4.000000000000000000e+00,1.000000000000000000e+01,1.000000000000000000e+00,-1.000000000000000056e-01,2.000000000000000000e+00,-3.494381427701351295e-01,3.436029461126905438e-01,-3.494893654541436079e-01,3.358423202518394102e-01,2.988602286515150940e-03,9.767351646174103896e-01,-7.450580569168252509e-09,4.260000000000000453e-01,2.716141201363670137e-03,9.356736521261345141e-01,5.000000000000000000e-01,3.759999999999999454e-01,-2.000000000000000042e-02,-2.000000000000000111e-01
1.760439042493000000e+12,4.000000000000000000e+00,1.000000000000000000e+01,1.000000000000000000e+00,0.000000000000000000e+00,2.000000000000000000e+00,-3.494913215070772350e-01,3.354487735388347325e-01,-3.495371987473976372e-01,3.235307436333325071e-01,2.705736664482674865e-03,9.335913943853690888e-01,9.999999254941882576e-02,3.759999999999999454e-01,2.461708790437982380e-03,8.705330350969975317e-01,5.000000000000000000e-01,3.279999999999999583e-01,0.000000000000000000e+00,-2.000000000000000111e-01
1.760439042697000000e+12,4.000000000000000000e+00,1.000000000000000000e+01,1.000000000000000000e+00,0.000000000000000000e+00,0.000000000000000000e+00,-3.495371987473976372e-01,3.235307436333325071e-01,-3.495790529256386225e-01,3.098055307121417301e-01,2.461708790437982380e-03,8.705330350969975317e-01,2.039999925494183630e-01,3.279999999999999583e-01,2.239080182773166457e-03,7.979128609108029346e-01,5.000000000000000000e-01,3.279999999999999583e-01,0.000000000000000000e+00,0.000000000000000000e+00
1.760439042901000000e+12,4.000000000000000000e+00,1.000000000000000000e+01,1.000000000000000000e+00,0.000000000000000000e+00,0.000000000000000000e+00,-3.495790529256386225e-01,3.098055307121417301e-01,-3.496195440220487005e-01,2.955277511084986597e-01,2.239080182773166457e-03,7.979128609108029346e-01,5.000000000000000000e-01,3.279999999999999583e-01,2.023702010379134671e-03,7.223690534841199495e-01,5.000000000000000000e-01,3.279999999999999583e-01,0.000000000000000000e+00,0.000000000000000000e+00
1.760439043105000000e+12,4.000000000000000000e+00,1.000000000000000000e+01,1.000000000000000000e+00,0.000000000000000000e+00,1.000000000000000000e+00,-3.496195440220487005e-01,2.955277511084986597e-01,-3.458847393534275616e-01,2.817953521991751753e-01,2.023702010379134671e-03,7.223690534841199495e-01,5.000000000000000000e-01,3.279999999999999583e-01,2.188968429027881440e-02,6.497108581966941632e-01,5.999999999999999778e-01,3.279999999999999583e-01,0.000000000000000000e+00,2.000000000000000111e-01
1.760439043308000000e+12,4.000000000000000000e+00,1.000000000000000000e+01,1.000000000000000000e+00,1.000000000000000056e-01,0.000000000000000000e+00,-3.458847393534275616e-01,2.817953521991751753e-01,-3.379185843815771806e-01,2.695098682234202681e-01,2.188968429027881440e-02,6.497108581966941632e-01,5.999999999999999778e-01,3.279999999999999583e-01,6.426284903416382144e-02,5.847082974784142406e-01,5.999999999999999778e-01,3.719999999999999418e-01,2.000000000000000042e-02,0.000000000000000000e+00
1.760439043512000000e+12,4.000000000000000000e+00,1.000000000000000000e+01,1.000000000000000000e+00,0.000000000000000000e+00,1.000000000000000000e+00,-3.375997812494737627e-01,2.691003895189712503e-01,-3.258629501573612752e-01,2.608887473049276151e-01,6.595861037513944813e-02,5.825417434866204669e-01,5.000000000000000000e-01,3.739999999999999436e-01,1.283885629927590810e-01,5.390939010842731305e-01,7.000000000000000666e-01,4.160000000000000364e-01,0.000000000000000000e+00,2.000000000000000111e-01
1.760439043714000000e+12,4.000000000000000000e+00,1.000000000000000000e+01,1.000000000000000000e+00,0.000000000000000000e+00,1.000000000000000000e+00,-3.258629501573612752e-01,2.608887473049276151e-01,-3.061168486486225970e-01,2.541860445446341155e-01,1.283885629927590810e-01,5.390939010842731305e-01,6.039999999999999813e-01,4.160000000000000364e-01,2.334210178264754521e-01,5.036298653155244498e-01,8.000000000000002665e-01,4.160000000000000364e-01,0.000000000000000000e+00,2.000000000000000111e-01
1.760439043917000000e+12,4.000000000000000000e+00,1.000000000000000000e+01,1.000000000000000000e+00,1.000000000000000056e-01,2.000000000000000000e+00,-3.061168486486225970e-01,2.541860445446341155e-01,-2.859140304873651339e-01,2.478886916384515637e-01,2.334210178264754521e-01,5.036298653155244498e-01,5.040000000000000036e-01,4.160000000000000364e-01,3.408828165565683799e-01,4.703105377695850353e-01,7.000000000000000666e-01,4.400000000000000022e-01,2.000000000000000042e-02,-2.000000000000000111e-01
1.760439044120000000e+12,4.000000000000000000e+00,1.000000000000000000e+01,1.000000000000000000e+00,0.000000000000000000e+00,2.000000000000000000e+00,-2.859140304873651339e-01,2.478886916384515637e-01,-2.733724162689136761e-01,2.449189118699161838e-01,3.408828165565683799e-01,4.703105377695850353e-01,4.040000000000000258e-01,4.400000000000000022e-01,4.075935304845016427e-01,4.545974173011438912e-01,5.959999999999999742e-01,4.839999999999999858e-01,0.000000000000000000e+00,-2.000000000000000111e-01
1.760439044323000000e+12,4.000000000000000000e+00,1.000000000000000000e+01,1.000000000000000000e+00,0.000000000000000000e+00,0.000000000000000000e+00,-2.733724162689136761e-01,2.449189118699161838e-01,-2.657055925496901727e-01,2.436549813725132907e-01,4.075935304845016427e-01,4.545974173011438912e-01,4.040000000000000258e-01,4.839999999999999858e-01,4.483745077144138946e-01,4.479099543519222126e-01,5.959999999999999742e-01,4.839999999999999858e-01,0.000000000000000000e+00,0.000000000000000000e+00
1.760439044527000000e+12,4.000000000000000000e+00,1.000000000000000000e+01,1.000000000000000000e+00,0.000000000000000000e+00,2.000000000000000000e+00,-2.657055925496901727e-01,2.436549813725132907e-01,-2.618153792247253087e-01,2.423910020051078806e-01,4.483745077144138946e-01,4.479099543519222126e-01,5.000000000000000000e-01,4.839999999999999858e-01,4.690671317833759457e-01,4.412222328312586650e-01,4.960000000000000520e-01,4.839999999999999858e-01,0.000000000000000000e+00,-2.000000000000000111e-01
1.760439044730000000e+12,4.000000000000000000e+00,1.000000000000000000e+01,1.000000000000000000e+00,0.000000000000000000e+00,1.000000000000000000e+00,-2.618255855637710017e-01,2.423404443612079961e-01,-2.587045391626954238e-01,2.410762800684097262e-01,4.690128427458988836e-01,4.409547320698836148e-01,5.000000000000000000e-01,4.839999999999999858e-01,4.856141533899179241e-01,4.342660321079880315e-01,5.919999999999999707e-01,4.839999999999999858e-01,0.000000000000000000e+00,2.000000000000000111e-01
0.000000000000000000e+00,0.000000000000000000e+00,0.000000000000000000e+00,0.000000000000000000e+00,0.000000000000000000e+00,0.000000000000000000e+00,0.000000000000000000e+00,0.000000000000000000e+00,0.000000000000000000e+00,0.000000000000000000e+00,0.000000000000000000e+00,0.000000000000000000e+00,0.000000000000000000e+00,0.000000000000000000e+00,0.000000000000000000e+00,0.000000000000000000e+00,0.000000000000000000e+00,0.000000000000000000e+00,0.000000000000000000e+00,0.000000000000000000e+00
1.760439050451000000e+12,5.000000000000000000e+00,1.000000000000000000e+01,2.000000000000000000e+00,0.000000000000000000e+00,2.000000000000000000e+00,-2.574652632463041435e-01,2.408739315105767609e-01,-1.667934247584929031e-01,1.618321868496195859e-01,4.922060465622119518e-01,4.331954048178665029e-01,5.000000000000000000e-01,4.839999999999999858e-01,9.745030597952505369e-01,1.498511560645282396e-02,5.080000000000000071e-01,4.839999999999999858e-01,0.000000000000000000e+00,-2.000000000000000111e-01
1.760439050655000000e+12,5.000000000000000000e+00,1.000000000000000000e+01,2.000000000000000000e+00,0.000000000000000000e+00,2.000000000000000000e+00,-1.667934247584929031e-01,1.618321868496195859e-01,-1.699213185694981587e-01,1.605594626866569397e-01,9.745030597952505369e-01,1.498511560645282396e-02,5.000000000000000000e-01,4.839999999999999858e-01,9.578653267579885222e-01,8.251125326227182200e-03,4.080000000000000293e-01,4.839999999999999858e-01,0.000000000000000000e+00,-2.000000000000000111e-01
1.760439050859000000e+12,5.000000000000000000e+00,1.000000000000000000e+01,2.000000000000000000e+00,1.000000000000000056e-01,2.000000000000000000e+00,-1.699213185694981587e-01,1.605594626866569397e-01,-1.810514601978325255e-01,1.599377097924283841e-01,9.578653267579885222e-01,8.251125326227182200e-03,4.000000000000000777e-01,4.839999999999999858e-01,8.986624457562100154e-01,4.961427473166041095e-03,3.080000000000000515e-01,5.140000000000000124e-01,2.000000000000000042e-02,-2.000000000000000111e-01
1.760439051062000000e+12,5.000000000000000000e+00,1.000000000000000000e+01,2.000000000000000000e+00,1.000000000000000056e-01,0.000000000000000000e+00,-1.816627771670195624e-01,1.599811414912261087e-01,-1.973431708137566021e-01,1.631535141152724855e-01,8.954107597498959237e-01,5.191224821302149912e-03,2.999999999999999889e-01,5.160000000000000142e-01,8.120044105651244015e-01,2.197626516017187059e-02,3.039999999999999925e-01,5.659999999999999476e-01,2.000000000000000042e-02,0.000000000000000000e+00
1.760439051266000000e+12,5.000000000000000000e+00,1.000000000000000000e+01,2.000000000000000000e+00,1.000000000000000056e-01,0.000000000000000000e+00,-1.973431708137566021e-01,1.631535141152724855e-01,-2.130276717709748691e-01,1.703257153804998425e-01,8.120044105651244015e-01,2.197626516017187059e-02,1.959999999999997300e-01,5.659999999999999476e-01,7.285762139841762686e-01,5.992442000264466134e-02,3.039999999999999925e-01,6.160000000000001030e-01,2.000000000000000042e-02,0.000000000000000000e+00
1.760439051471000000e+12,5.000000000000000000e+00,1.000000000000000000e+01,2.000000000000000000e+00,0.000000000000000000e+00,0.000000000000000000e+00,-2.136550675244612840e-01,1.706957232675307690e-01,-2.293405325772862047e-01,1.811819335595076519e-01,7.252390025294612741e-01,6.188213369063898239e-02,9.600000000000025180e-02,6.160000000000001030e-01,6.418056777803925472e-01,1.173647278280828127e-01,3.039999999999999925e-01,6.340000000000001190e-01,0.000000000000000000e+00,0.000000000000000000e+00
1.760439051675000000e+12,5.000000000000000000e+00,1.000000000000000000e+01,2.000000000000000000e+00,0.000000000000000000e+00,1.000000000000000000e+00,-2.293405325772862047e-01,1.811819335595076519e-01,-2.412547498835192206e-01,1.919139498729765525e-01,6.418056777803925472e-01,1.173647278280828127e-01,-7.450580569168252509e-09,6.340000000000001190e-01,5.784321814706424592e-01,1.741478829258018834e-01,4.040000000000000258e-01,6.340000000000001190e-01,0.000000000000000000e+00,2.000000000000000111e-01
1.760439051878000000e+12,5.000000000000000000e+00,1.000000000000000000e+01,2.000000000000000000e+00,0.000000000000000000e+00,0.000000000000000000e+00,-2.412547498835192206e-01,1.919139498729765525e-01,-2.489463933822338437e-01,2.026468120676018503e-01,5.784321814706424592e-01,1.741478829258018834e-01,9.999999254941882576e-02,6.340000000000001190e-01,5.375191841370540180e-01,2.309355135851949847e-01,4.040000000000000258e-01,6.340000000000001190e-01,0.000000000000000000e+00,0.000000000000000000e+00
1.760439052083000000e+12,5.000000000000000000e+00,1.000000000000000000e+01,2.000000000000000000e+00,0.000000000000000000e+00,0.000000000000000000e+00,-2.492539621345424838e-01,2.030761411770956315e-01,-2.569440635173492193e-01,2.138098077035545663e-01,5.358831801354122515e-01,2.332070961751091798e-01,2.039999925494183630e-01,6.340000000000001190e-01,4.949783855460147541e-01,2.899989825584897707e-01,4.040000000000000258e-01,6.340000000000001190e-01,0.000000000000000000e+00,0.000000000000000000e+00
1.760439052285000000e+12,5.000000000000000000e+00,1.000000000000000000e+01,2.000000000000000000e+00,0.000000000000000000e+00,0.000000000000000000e+00,-2.569440635173492193e-01,2.138098077035545663e-01,-2.646358954941336883e-01,2.245443756073345620e-01,4.949783855460147541e-01,2.899989825584897707e-01,5.000000000000000000e-01,6.340000000000001190e-01,4.540643856695015801e-01,3.467956381340453476e-01,4.040000000000000258e-01,6.340000000000001190e-01,0.000000000000000000e+00,0.000000000000000000e+00
1.760439052489000000e+12,5.000000000000000000e+00,1.000000000000000000e+01,2.000000000000000000e+00,0.000000000000000000e+00,1.000000000000000000e+00,-2.646358954941336883e-01,2.245443756073345620e-01,-2.688676488062960446e-01,2.357094663172961402e-01,4.540643856695015801e-01,3.467956381340453476e-01,5.000000000000000000e-01,6.340000000000001190e-01,4.315550595409784473e-01,4.058701921550060820e-01,5.000000000000000000e-01,6.340000000000001190e-01,0.000000000000000000e+00,2.000000000000000111e-01
1.760439052693000000e+12,5.000000000000000000e+00,1.000000000000000000e+01,2.000000000000000000e+00,-1.000000000000000056e-01,1.000000000000000000e+00,-2.688676488062960446e-01,2.357094663172961402e-01,-2.647928644660563768e-01,2.458833244123233286e-01,4.315550595409784473e-01,4.058701921550060820e-01,5.999999999999999778e-01,6.340000000000001190e-01,4.532294443294873076e-01,4.597001291657319411e-01,6.039999999999999813e-01,6.059999999999999831e-01,-2.000000000000000042e-02,2.000000000000000111e-01
1.760439052896000000e+12,5.000000000000000000e+00,1.000000000000000000e+01,2.000000000000000000e+00,-1.000000000000000056e-01,1.000000000000000000e+00,-2.647928644660563768e-01,2.458833244123233286e-01,-2.527202547732139148e-01,2.524949617746181652e-01,4.532294443294873076e-01,4.597001291657319411e-01,5.000000000000000000e-01,6.059999999999999831e-01,5.174454533339685192e-01,4.946823374318422006e-01,7.039999999999999591e-01,5.560000000000000497e-01,-2.000000000000000042e-02,2.000000000000000111e-01
1.760439053099000000e+12,5.000000000000000000e+00,1.000000000000000000e+01,2.000000000000000000e+00,0.000000000000000000e+00,2.000000000000000000e+00,-2.520712601532461017e-01,2.526763548976516671e-01,-2.392249095380349355e-01,2.567152729117493370e-01,5.208975523763504922e-01,4.956420894055644233e-01,6.039999999999999813e-01,5.560000000000000497e-01,5.892292045849205628e-01,5.170120259880918168e-01,6.079999999999999849e-01,5.499999999999999334e-01,0.000000000000000000e+00,-2.000000000000000111e-01
1.760439053302000000e+12,5.000000000000000000e+00,1.000000000000000000e+01,2.000000000000000000e+00,0.000000000000000000e+00,2.000000000000000000e+00,-2.392249095380349355e-01,2.567152729117493370e-01,-2.343698451709667618e-01,2.607325458489455627e-01,5.892292045849205628e-01,5.170120259880918168e-01,5.040000000000000036e-01,5.499999999999999334e-01,6.150540150480491297e-01,5.382674383542094265e-01,5.080000000000000071e-01,5.499999999999999334e-01,0.000000000000000000e+00,-2.000000000000000111e-01
1.760439053504000000e+12,5.000000000000000000e+00,1.000000000000000000e+01,2.000000000000000000e+00,-1.000000000000000056e-01,2.000000000000000000e+00,-2.343698451709667618e-01,2.607325458489455627e-01,-2.375119856466824664e-01,2.636816393039876916e-01,6.150540150480491297e-01,5.382674383542094265e-01,4.040000000000000258e-01,5.499999999999999334e-01,5.983405018793485075e-01,5.538711074285063152e-01,4.080000000000000293e-01,5.120000000000000107e-01,-2.000000000000000042e-02,-2.000000000000000111e-01
1.760439053707000000e+12,5.000000000000000000e+00,1.000000000000000000e+01,2.000000000000000000e+00,-1.000000000000000056e-01,1.000000000000000000e+00,-2.375119856466824664e-01,2.636816393039876916e-01,-2.417307187274260749e-01,2.626580458015012054e-01,5.983405018793485075e-01,5.538711074285063152e-01,4.040000000000000258e-01,5.120000000000000107e-01,5.759004323009251358e-01,5.484552687910116964e-01,5.040000000000000036e-01,4.599999999999999645e-01,-2.000000000000000042e-02,2.000000000000000111e-01
1.760439053911000000e+12,5.000000000000000000e+00,1.000000000000000000e+01,2.000000000000000000e+00,0.000000000000000000e+00,2.000000000000000000e+00,-2.417307187274260749e-01,2.626580458015012054e-01,-2.452012689363360920e-01,2.576790330942653195e-01,5.759004323009251358e-01,5.484552687910116964e-01,5.000000000000000000e-01,4.599999999999999645e-01,5.574400588492760544e-01,5.221112862130440346e-01,4.040000000000000258e-01,4.220000000000000417e-01,0.000000000000000000e+00,-2.000000000000000111e-01
1.760439054114000000e+12,5.000000000000000000e+00,1.000000000000000000e+01,2.000000000000000000e+00,0.000000000000000000e+00,1.000000000000000000e+00,-2.452012689363360920e-01,2.576790330942653195e-01,-2.491260444270247121e-01,2.514561903996972991e-01,5.574400588492760544e-01,5.221112862130440346e-01,5.000000000000000000e-01,4.220000000000000417e-01,5.365635934732727597e-01,4.891861925909910536e-01,5.040000000000000036e-01,4.220000000000000417e-01,0.000000000000000000e+00,2.000000000000000111e-01
0.000000000000000000e+00,0.000000000000000000e+00,0.000000000000000000e+00,0.000000000000000000e+00,0.000000000000000000e+00,0.000000000000000000e+00,0.000000000000000000e+00,0.000000000000000000e+00,0.000000000000000000e+00,0.000000000000000000e+00,0.000000000000000000e+00,0.000000000000000000e+00,0.000000000000000000e+00,0.000000000000000000e+00,0.000000000000000000e+00,0.000000000000000000e+00,0.000000000000000000e+00,0.000000000000000000e+00,0.000000000000000000e+00,0.000000000000000000e+00
1.760439059794000000e+12,6.000000000000000000e+00,1.000000000000000000e+01,2.000000000000000000e+00,0.000000000000000000e+00,2.000000000000000000e+00,-2.490115181933853505e-01,2.504605134829757662e-01,-1.734873675014860228e-01,1.591573139684218097e-01,5.371727755670991922e-01,4.839180607564855796e-01,5.000000000000000000e-01,4.240000000000000435e-01,9.388969813750743798e-01,8.323490392688213989e-04,4.239999999999999880e-01,5.000000000000000000e-01,0.000000000000000000e+00,-2.000000000000000111e-01
1.760439059998000000e+12,6.000000000000000000e+00,1.000000000000000000e+01,2.000000000000000000e+00,1.000000000000000056e-01,2.000000000000000000e+00,-1.734873675014860228e-01,1.591573139684218097e-01,-1.836528942330697134e-01,1.593319391888107228e-01,9.388969813750743798e-01,8.323490392688213989e-04,5.000000000000000000e-01,5.000000000000000000e-01,8.848250306751611616e-01,1.756292004289525992e-03,3.200000000000000622e-01,5.160000000000000142e-01,2.000000000000000042e-02,-2.000000000000000111e-01
1.760439060202000000e+12,6.000000000000000000e+00,1.000000000000000000e+01,2.000000000000000000e+00,1.000000000000000056e-01,0.000000000000000000e+00,-1.836528942330697134e-01,1.593319391888107228e-01,-1.980532342893432662e-01,1.625006355793646162e-01,8.848250306751611616e-01,1.756292004289525992e-03,4.000000000000000777e-01,5.160000000000000142e-01,8.082274771843442895e-01,1.852188137229954581e-02,3.200000000000000622e-01,5.659999999999999476e-01,2.000000000000000042e-02,0.000000000000000000e+00
1.760439060405000000e+12,6.000000000000000000e+00,1.000000000000000000e+01,2.000000000000000000e+00,1.000000000000000056e-01,0.000000000000000000e+00,-1.986293950004077713e-01,1.627113615811920377e-01,-2.130337875994930963e-01,1.700430334316607450e-01,8.051627925510225214e-01,1.963683376292082311e-02,2.999999999999999889e-01,5.679999999999999494e-01,7.285436829814196935e-01,5.842874831566531590e-02,3.200000000000000622e-01,6.179999999999999938e-01,2.000000000000000042e-02,0.000000000000000000e+00
1.760439060608000000e+12,6.000000000000000000e+00,1.000000000000000000e+01,2.000000000000000000e+00,0.000000000000000000e+00,0.000000000000000000e+00,-2.130337875994930963e-01,1.700430334316607450e-01,-2.274392460973641561e-01,1.796449953988728254e-01,7.285436829814196935e-01,5.842874831566531590e-02,1.959999999999997300e-01,6.179999999999999938e-01,6.519189037374246709e-01,1.092327798882160167e-01,3.200000000000000622e-01,6.199999999999999956e-01,0.000000000000000000e+00,0.000000000000000000e+00
1.760439060811000000e+12,6.000000000000000000e+00,1.000000000000000000e+01,2.000000000000000000e+00,0.000000000000000000e+00,0.000000000000000000e+00,-2.274392460973641561e-01,1.796449953988728254e-01,-2.418464224241924643e-01,1.892563770692478053e-01,6.519189037374246709e-01,1.092327798882160167e-01,9.600000000000025180e-02,6.199999999999999956e-01,5.752849871053592468e-01,1.600866511600413100e-01,3.200000000000000622e-01,6.199999999999999956e-01,0.000000000000000000e+00,0.000000000000000000e+00
1.760439061014000000e+12,6.000000000000000000e+00,1.000000000000000000e+01,2.000000000000000000e+00,0.000000000000000000e+00,1.000000000000000000e+00,-2.424227458055334128e-01,1.896408450738584495e-01,-2.530589020629389618e-01,1.992532197692338802e-01,5.722194372046094379e-01,1.621208734066584833e-01,-7.450580569168252509e-09,6.199999999999999956e-01,5.156441379630906097e-01,2.129799987790152449e-01,4.199999999999999289e-01,6.199999999999999956e-01,0.000000000000000000e+00,2.000000000000000111e-01
1.760439061217000000e+12,6.000000000000000000e+00,1.000000000000000000e+01,2.000000000000000000e+00,0.000000000000000000e+00,0.000000000000000000e+00,-2.530589020629389618e-01,1.992532197692338802e-01,-2.594708953648606764e-01,2.088664826767646365e-01,5.156441379630906097e-01,2.129799987790152449e-01,9.999999254941882576e-02,6.199999999999999956e-01,4.815377906124431728e-01,2.638438236865853770e-01,4.199999999999999289e-01,6.199999999999999956e-01,0.000000000000000000e+00,0.000000000000000000e+00
1.760439061420000000e+12,6.000000000000000000e+00,1.000000000000000000e+01,2.000000000000000000e+00,0.000000000000000000e+00,1.000000000000000000e+00,-2.594708953648606764e-01,2.088664826767646365e-01,-2.621194184946099570e-01,2.184804537199132590e-01,4.815377906124431728e-01,2.638438236865853770e-01,2.039999925494183630e-01,6.199999999999999956e-01,4.674499016244150762e-01,3.147113953434564348e-01,5.200000000000000178e-01,6.199999999999999956e-01,0.000000000000000000e+00,2.000000000000000111e-01
1.760439061622000000e+12,6.000000000000000000e+00,1.000000000000000000e+01,2.000000000000000000e+00,0.000000000000000000e+00,0.000000000000000000e+00,-2.620591046365567389e-01,2.188650189264114421e-01,-2.601532139121748299e-01,2.284795759301598839e-01,4.677707200183151559e-01,3.167461318857748842e-01,5.000000000000000000e-01,6.199999999999999956e-01,4.779084366373678727e-01,3.676168038632798285e-01,5.240000000000000213e-01,6.199999999999999956e-01,0.000000000000000000e+00,0.000000000000000000e+00
1.760439061825000000e+12,6.000000000000000000e+00,1.000000000000000000e+01,2.000000000000000000e+00,0.000000000000000000e+00,0.000000000000000000e+00,-2.601532139121748299e-01,2.284795759301598839e-01,-2.582463465593319851e-01,2.380950254280926881e-01,4.779084366373678727e-01,3.676168038632798285e-01,5.000000000000000000e-01,6.199999999999999956e-01,4.880513480886596311e-01,4.184921980322364732e-01,5.240000000000000213e-01,6.199999999999999956e-01,0.000000000000000000e+00,0.000000000000000000e+00
0.000000000000000000e+00,0.000000000000000000e+00,0.000000000000000000e+00,0.000000000000000000e+00,0.000000000000000000e+00,0.000000000000000000e+00,0.000000000000000000e+00,0.000000000000000000e+00,0.000000000000000000e+00,0.000000000000000000e+00,0.000000000000000000e+00,0.000000000000000000e+00,0.000000000000000000e+00,0.000000000000000000e+00,0.000000000000000000e+00,0.000000000000000000e+00,0.000000000000000000e+00,0.000000000000000000e+00,0.000000000000000000e+00,0.000000000000000000e+00
1.760439067512000000e+12,7.000000000000000000e+00,1.000000000000000000e+01,1.000000000000000000e+00,-1.000000000000000056e-01,0.000000000000000000e+00,-2.579413105493899572e-01,2.396335865228882700e-01,-3.307398951396884335e-01,3.286566018601524419e-01,4.896738800564363614e-01,4.266327329253348233e-01,5.000000000000000000e-01,6.199999999999999956e-01,1.024473662782529049e-01,8.976539780960447468e-01,5.240000000000000213e-01,5.719999999999999529e-01,-2.000000000000000042e-02,0.000000000000000000e+00
1.760439067715000000e+12,7.000000000000000000e+00,1.000000000000000000e+01,1.000000000000000000e+00,-1.000000000000000056e-01,2.000000000000000000e+00,-3.307398951396884335e-01,3.286566018601524419e-01,-3.326369308882486386e-01,3.324103177975764600e-01,1.024473662782529049e-01,8.976539780960447468e-01,5.000000000000000000e-01,5.699999999999999512e-01,9.235675059442202683e-02,9.175149089818861459e-01,4.239999999999999880e-01,5.200000000000000178e-01,-2.000000000000000042e-02,-2.000000000000000111e-01
1.760439067918000000e+12,7.000000000000000000e+00,1.000000000000000000e+01,1.000000000000000000e+00,-1.000000000000000056e-01,2.000000000000000000e+00,-3.326369308882486386e-01,3.324103177975764600e-01,-3.425328242958893266e-01,3.321644035491185809e-01,9.235675059442202683e-02,9.175149089818861459e-01,4.000000000000000777e-01,5.200000000000000178e-01,3.971901970271623367e-02,9.162137753921618666e-01,3.240000000000001212e-01,4.699999999999999734e-01,-2.000000000000000042e-02,-2.000000000000000111e-01
1.760439068122000000e+12,7.000000000000000000e+00,1.000000000000000000e+01,1.000000000000000000e+00,-1.000000000000000056e-01,2.000000000000000000e+00,-3.430947226848543030e-01,3.320715397464329421e-01,-3.496244258569267127e-01,3.276675438824237507e-01,3.673019848481742095e-02,9.157224325208093152e-01,2.999999999999999889e-01,4.699999999999999734e-01,1.997734803581197385e-03,8.924208671027712425e-01,5.000000000000000000e-01,4.180000000000000382e-01,-2.000000000000000042e-02,-2.000000000000000111e-01
1.760439068324000000e+12,7.000000000000000000e+00,1.000000000000000000e+01,1.000000000000000000e+00,-1.000000000000000056e-01,2.000000000000000000e+00,-3.496244258569267127e-01,3.276675438824237507e-01,-3.496718243640407064e-01,3.192620641730735676e-01,1.997734803581197385e-03,8.924208671027712425e-01,1.959999999999997300e-01,4.180000000000000382e-01,1.745615084889741561e-03,8.479474294871618412e-01,5.000000000000000000e-01,3.679999999999998828e-01,-2.000000000000000042e-02,-2.000000000000000111e-01
1.760439068528000000e+12,7.000000000000000000e+00,1.000000000000000000e+01,1.000000000000000000e+00,-1.000000000000000056e-01,0.000000000000000000e+00,-3.496718243640407064e-01,3.192620641730735676e-01,-3.497141337836309205e-01,3.068508948614214749e-01,1.745615084889741561e-03,8.479474294871618412e-01,9.600000000000025180e-02,3.679999999999998828e-01,1.520564980686475243e-03,7.822798669916480874e-01,5.000000000000000000e-01,3.180000000000000049e-01,-2.000000000000000042e-02,0.000000000000000000e+00
1.760439068732000000e+12,7.000000000000000000e+00,1.000000000000000000e+01,1.000000000000000000e+00,0.000000000000000000e+00,2.000000000000000000e+00,-3.497157149613235871e-01,3.062705854105673420e-01,-3.497523108512401446e-01,2.898670313071479154e-01,1.512154461044631438e-03,7.792094466167585054e-01,-7.450580569168252509e-09,3.160000000000000031e-01,1.317495472126772264e-03,6.924181550642747318e-01,5.000000000000000000e-01,2.820000000000001950e-01,0.000000000000000000e+00,-2.000000000000000111e-01
1.760439068936000000e+12,7.000000000000000000e+00,1.000000000000000000e+01,1.000000000000000000e+00,1.000000000000000056e-01,0.000000000000000000e+00,-3.497523108512401446e-01,2.898670313071479154e-01,-3.497852327663610317e-01,2.724871276994402791e-01,1.317495472126772264e-03,6.924181550642747318e-01,9.999999254941882576e-02,2.820000000000001950e-01,1.142378902334820027e-03,6.004609931187316896e-01,5.000000000000000000e-01,2.900000000000001465e-01,2.000000000000000042e-02,0.000000000000000000e+00
1.760439069139000000e+12,7.000000000000000000e+00,1.000000000000000000e+01,1.000000000000000000e+00,1.000000000000000056e-01,1.000000000000000000e+00,-3.497852327663610317e-01,2.724871276994402791e-01,-3.460488696578495338e-01,2.570801584503533133e-01,1.142378902334820027e-03,6.004609931187316896e-01,2.039999925494183630e-01,2.900000000000001465e-01,2.101665075611938716e-02,5.189426373034566886e-01,5.999999999999999778e-01,3.419999999999998597e-01,2.000000000000000042e-02,2.000000000000000111e-01
1.760439069342000000e+12,7.000000000000000000e+00,1.000000000000000000e+01,1.000000000000000000e+00,1.000000000000000056e-01,1.000000000000000000e+00,-3.460488696578495338e-01,2.570801584503533133e-01,-3.343079070019630006e-01,2.463440642697197203e-01,2.101665075611938716e-02,5.189426373034566886e-01,5.000000000000000000e-01,3.419999999999998597e-01,8.346857977679245089e-02,4.621379061889933082e-01,7.000000000000000666e-01,3.919999999999999596e-01,2.000000000000000042e-02,2.000000000000000111e-01
1.760439069545000000e+12,7.000000000000000000e+00,1.000000000000000000e+01,1.000000000000000000e+00,1.000000000000000056e-01,1.000000000000000000e+00,-3.343079070019630006e-01,2.463440642697197203e-01,-3.145630204254132312e-01,2.396040562259195705e-01,8.346857977679245089e-02,4.621379061889933082e-01,5.000000000000000000e-01,3.919999999999999596e-01,1.884945722052486783e-01,4.264764879678284437e-01,8.000000000000002665e-01,4.420000000000000040e-01,2.000000000000000042e-02,2.000000000000000111e-01
1.760439069748000000e+12,7.000000000000000000e+00,1.000000000000000000e+01,1.000000000000000000e+00,0.000000000000000000e+00,2.000000000000000000e+00,-3.136070563688088120e-01,2.394174010232214822e-01,-2.930812897694755059e-01,2.360881672080360483e-01,1.935794873999530374e-01,4.254888943027592130e-01,5.999999999999999778e-01,4.420000000000000040e-01,3.027590969708748858e-01,4.078739005716193744e-01,7.039999999999999591e-01,4.619999999999999662e-01,0.000000000000000000e+00,-2.000000000000000111e-01
1.760439069951000000e+12,7.000000000000000000e+00,1.000000000000000000e+01,1.000000000000000000e+00,-1.000000000000000056e-01,0.000000000000000000e+00,-2.930812897694755059e-01,2.360881672080360483e-01,-2.767754334212418343e-01,2.327863585284657699e-01,3.027590969708748858e-01,4.078739005716193744e-01,5.000000000000000000e-01,4.619999999999999662e-01,3.894923754189263398e-01,3.904040133781258026e-01,7.039999999999999591e-01,4.420000000000000040e-01,-2.000000000000000042e-02,0.000000000000000000e+00
1.760439070154000000e+12,7.000000000000000000e+00,1.000000000000000000e+01,1.000000000000000000e+00,0.000000000000000000e+00,2.000000000000000000e+00,-2.767754334212418343e-01,2.327863585284657699e-01,-2.642411799334938305e-01,2.262815312584630090e-01,3.894923754189263398e-01,3.904040133781258026e-01,6.039999999999999813e-01,4.420000000000000040e-01,4.561639365239689159e-01,3.559869378754657032e-01,6.039999999999999813e-01,3.960000000000000187e-01,0.000000000000000000e+00,-2.000000000000000111e-01
1.760439070358000000e+12,7.000000000000000000e+00,1.000000000000000000e+01,1.000000000000000000e+00,1.000000000000000056e-01,2.000000000000000000e+00,-2.639025044883174798e-01,2.259493161989339083e-01,-2.596797432284272955e-01,2.178628463535563220e-01,4.579654016578856845e-01,3.542291862377455747e-01,5.040000000000000036e-01,3.960000000000000187e-01,4.804268977211313407e-01,3.114436315002980238e-01,5.000000000000000000e-01,4.140000000000000346e-01,2.000000000000000042e-02,-2.000000000000000111e-01
1.760439070560000000e+12,7.000000000000000000e+00,1.000000000000000000e+01,1.000000000000000000e+00,1.000000000000000056e-01,2.000000000000000000e+00,-2.596797432284272955e-01,2.178628463535563220e-01,-2.634520502025308186e-01,2.128760182197585449e-01,4.804268977211313407e-01,3.114436315002980238e-01,4.040000000000000258e-01,4.140000000000000346e-01,4.603614350929211008e-01,2.850582974590399332e-01,4.000000000000000777e-01,4.640000000000000235e-01,2.000000000000000042e-02,-2.000000000000000111e-01
1.760439070763000000e+12,7.000000000000000000e+00,1.000000000000000000e+01,1.000000000000000000e+00,1.000000000000000056e-01,1.000000000000000000e+00,-2.634520502025308186e-01,2.128760182197585449e-01,-2.676954478220820444e-01,2.118921491957356518e-01,4.603614350929211008e-01,2.850582974590399332e-01,4.040000000000000258e-01,4.640000000000000235e-01,4.377901711591379863e-01,2.798526412472785996e-01,5.000000000000000000e-01,5.140000000000000124e-01,2.000000000000000042e-02,2.000000000000000111e-01
1.760439070967000000e+12,7.000000000000000000e+00,1.000000000000000000e+01,1.000000000000000000e+00,1.000000000000000056e-01,0.000000000000000000e+00,-2.676991758198671301e-01,2.119358767917377262e-01,-2.673954951722404272e-01,2.151107989522921260e-01,4.377703413836854240e-01,2.800840041890885201e-01,5.000000000000000000e-01,5.160000000000000142e-01,4.393856639774444961e-01,2.968825341391118089e-01,5.040000000000000036e-01,5.659999999999999476e-01,2.000000000000000042e-02,0.000000000000000000e+00
1.760439071171000000e+12,7.000000000000000000e+00,1.000000000000000000e+01,1.000000000000000000e+00,1.000000000000000056e-01,0.000000000000000000e+00,-2.673954951722404272e-01,2.151107989522921260e-01,-2.670884480112885595e-01,2.222879546814982288e-01,4.393856639774444961e-01,2.968825341391118089e-01,5.000000000000000000e-01,5.659999999999999476e-01,4.410188935569757107e-01,3.348569030767102328e-01,5.040000000000000036e-01,6.160000000000001030e-01,2.000000000000000042e-02,0.000000000000000000e+00
1.760439071375000000e+12,7.000000000000000000e+00,1.000000000000000000e+01,1.000000000000000000e+00,0.000000000000000000e+00,1.000000000000000000e+00,-2.670761611496791366e-01,2.226589330890589857e-01,-2.629979026036827205e-01,2.328079325071709116e-01,4.410842492038343221e-01,3.368197517939628960e-01,5.000000000000000000e-01,6.160000000000001030e-01,4.627771138101982595e-01,3.905181614136027379e-01,6.039999999999999813e-01,6.280000000000000027e-01,0.000000000000000000e+00,2.000000000000000111e-01
1.760439071578000000e+12,7.000000000000000000e+00,1.000000000000000000e+01,1.000000000000000000e+00,0.000000000000000000e+00,2.000000000000000000e+00,-2.629979026036827205e-01,2.328079325071709116e-01,-2.584654471970424527e-01,2.430633945717645683e-01,4.627771138101982595e-01,3.905181614136027379e-01,5.999999999999999778e-01,6.280000000000000027e-01,4.868859191646677798e-01,4.447798654590718326e-01,5.040000000000000036e-01,6.280000000000000027e-01,0.000000000000000000e+00,-2.000000000000000111e-01
1.760439071781000000e+12,7.000000000000000000e+00,1.000000000000000000e+01,1.000000000000000000e+00,0.000000000000000000e+00,1.000000000000000000e+00,-2.584654471970424527e-01,2.430633945717645683e-01,-2.543848251259888116e-01,2.533200079329261389e-01,4.868859191646677798e-01,4.447798654590718326e-01,5.000000000000000000e-01,6.280000000000000027e-01,5.085913557128254325e-01,4.990476610207733033e-01,6.039999999999999813e-01,6.280000000000000027e-01,0.000000000000000000e+00,2.000000000000000111e-01
1.760439071983000000e+12,7.000000000000000000e+00,1.000000000000000000e+01,1.000000000000000000e+00,-1.000000000000000056e-01,0.000000000000000000e+00,-2.543848251259888116e-01,2.533200079329261389e-01,-2.454328835683449450e-01,2.638977980874055440e-01,5.085913557128254325e-01,4.990476610207733033e-01,6.039999999999999813e-01,6.280000000000000027e-01,5.562080661258247405e-01,5.550148046952675385e-01,6.079999999999999849e-01,6.160000000000001030e-01,-2.000000000000000042e-02,0.000000000000000000e+00
1.760439072187000000e+12,7.000000000000000000e+00,1.000000000000000000e+01,1.000000000000000000e+00,-1.000000000000000056e-01,2.000000000000000000e+00,-2.454328835683449450e-01,2.638977980874055440e-01,-2.405787050363460966e-01,2.713123479230453716e-01,5.562080661258247405e-01,5.550148046952675385e-01,7.039999999999999591e-01,6.160000000000001030e-01,5.820281647002867320e-01,5.942452271060602031e-01,5.080000000000000071e-01,5.659999999999999476e-01,-2.000000000000000042e-02,-2.000000000000000111e-01
1.760439072390000000e+12,7.000000000000000000e+00,1.000000000000000000e+01,1.000000000000000000e+00,-1.000000000000000056e-01,1.000000000000000000e+00,-2.405787050363460966e-01,2.713123479230453716e-01,-2.361765460675595840e-01,2.747259915571858002e-01,5.820281647002867320e-01,5.942452271060602031e-01,6.039999999999999813e-01,5.659999999999999476e-01,6.054439038959595898e-01,6.123068336359037689e-01,6.079999999999999849e-01,5.160000000000000142e-01,-2.000000000000000042e-02,2.000000000000000111e-01
1.760439072595000000e+12,7.000000000000000000e+00,1.000000000000000000e+01,1.000000000000000000e+00,-1.000000000000000056e-01,2.000000000000000000e+00,-2.358347618656322364e-01,2.747795486115714447e-01,-2.306689385698011407e-01,2.740323315020956607e-01,6.072619049700412885e-01,6.125902042940288839e-01,5.040000000000000036e-01,5.140000000000000124e-01,6.347396884585045918e-01,6.086366746142628514e-01,5.120000000000000107e-01,4.640000000000000235e-01,-2.000000000000000042e-02,-2.000000000000000111e-01
1.760439072797000000e+12,7.000000000000000000e+00,1.000000000000000000e+01,1.000000000000000000e+00,-1.000000000000000056e-01,0.000000000000000000e+00,-2.306689385698011407e-01,2.740323315020956607e-01,-2.297214000903160525e-01,2.692857363958022221e-01,6.347396884585045918e-01,6.086366746142628514e-01,4.000000000000000777e-01,4.640000000000000235e-01,6.397797867536380023e-01,5.835224147926044713e-01,5.120000000000000107e-01,4.140000000000000346e-01,-2.000000000000000042e-02,0.000000000000000000e+00
1.760439073002000000e+12,7.000000000000000000e+00,1.000000000000000000e+01,1.000000000000000000e+00,0.000000000000000000e+00,2.000000000000000000e+00,-2.296835348424352552e-01,2.690128806866123323e-01,-2.325060762891491550e-01,2.618396859205170402e-01,6.399811976466209806e-01,5.820787337915996895e-01,2.999999999999999889e-01,4.120000000000000329e-01,6.249676793130364283e-01,5.441253223307780384e-01,4.159999999999999809e-01,4.100000000000000866e-01,0.000000000000000000e+00,-2.000000000000000111e-01
1.760439073204000000e+12,7.000000000000000000e+00,1.000000000000000000e+01,1.000000000000000000e+00,0.000000000000000000e+00,0.000000000000000000e+00,-2.325060762891491550e-01,2.618396859205170402e-01,-2.395556682937265980e-01,2.546565182998230537e-01,6.249676793130364283e-01,5.441253223307780384e-01,1.959999999999997300e-01,4.100000000000000866e-01,5.874698495014541999e-01,5.061191444435082509e-01,4.119999999999999774e-01,4.100000000000000866e-01,0.000000000000000000e+00,0.000000000000000000e+00
1.760439073408000000e+12,7.000000000000000000e+00,1.000000000000000000e+01,1.000000000000000000e+00,1.000000000000000056e-01,0.000000000000000000e+00,-2.395556682937265980e-01,2.546565182998230537e-01,-2.466087850506051282e-01,2.484270448251686136e-01,5.874698495014541999e-01,5.061191444435082509e-01,5.000000000000000000e-01,4.100000000000000866e-01,5.499532710074195307e-01,4.731589673289345321e-01,4.119999999999999774e-01,4.460000000000000075e-01,2.000000000000000042e-02,0.000000000000000000e+00
0.000000000000000000e+00,0.000000000000000000e+00,0.000000000000000000e+00,0.000000000000000000e+00,0.000000000000000000e+00,0.000000000000000000e+00,0.000000000000000000e+00,0.000000000000000000e+00,0.000000000000000000e+00,0.000000000000000000e+00,0.000000000000000000e+00,0.000000000000000000e+00,0.000000000000000000e+00,0.000000000000000000e+00,0.000000000000000000e+00,0.000000000000000000e+00,0.000000000000000000e+00,0.000000000000000000e+00,0.000000000000000000e+00,0.000000000000000000e+00
1.760439079109000000e+12,8.000000000000000000e+00,1.000000000000000000e+01,3.000000000000000000e+00,1.000000000000000056e-01,1.000000000000000000e+00,-2.477373651468366411e-01,2.477703766146551190e-01,-3.355803277105625648e-01,1.592699057607210866e-01,5.439501853891667293e-01,4.696845323526726568e-01,5.000000000000000000e-01,4.540000000000000147e-01,7.670038451828412041e-02,1.428072808048064723e-03,5.080000000000000071e-01,4.719999999999999751e-01,2.000000000000000042e-02,2.000000000000000111e-01
1.760439079314000000e+12,8.000000000000000000e+00,1.000000000000000000e+01,3.000000000000000000e+00,1.000000000000000056e-01,0.000000000000000000e+00,-3.355803277105625648e-01,1.592699057607210866e-01,-3.346423244234432715e-01,1.604866967152832891e-01,7.670038451828412041e-02,1.428072808048064723e-03,5.000000000000000000e-01,4.740000000000000324e-01,8.168976370508887475e-02,7.866120186684057852e-03,5.120000000000000107e-01,5.440000000000000391e-01,2.000000000000000042e-02,0.000000000000000000e+00
1.760439079516000000e+12,8.000000000000000000e+00,1.000000000000000000e+01,3.000000000000000000e+00,1.000000000000000056e-01,1.000000000000000000e+00,-3.346423244234432715e-01,1.604866967152832891e-01,-3.299327376821964974e-01,1.658993292003395348e-01,8.168976370508887475e-02,7.866120186684057852e-03,4.000000000000000777e-01,5.440000000000000391e-01,1.067407570095929986e-01,3.650438730338377569e-02,6.119999999999999885e-01,5.939999999999999725e-01,2.000000000000000042e-02,2.000000000000000111e-01
1.760439079720000000e+12,8.000000000000000000e+00,1.000000000000000000e+01,3.000000000000000000e+00,0.000000000000000000e+00,1.000000000000000000e+00,-3.295782520639272128e-01,1.661989206892109383e-01,-3.165503633338160872e-01,1.752878970598680253e-01,1.086263188088976983e-01,3.808952745614252455e-02,2.999999999999999889e-01,5.939999999999999725e-01,1.779235992882122197e-01,8.617934952311123720e-02,7.120000000000000773e-01,6.199999999999999956e-01,0.000000000000000000e+00,2.000000000000000111e-01
1.760439079922000000e+12,8.000000000000000000e+00,1.000000000000000000e+01,3.000000000000000000e+00,0.000000000000000000e+00,0.000000000000000000e+00,-3.165503633338160872e-01,1.752878970598680253e-01,-2.992886557916395462e-01,1.848960985322295469e-01,1.779235992882122197e-01,8.617934952311123720e-02,1.959999999999997300e-01,6.199999999999999956e-01,2.697411925976618829e-01,1.370163943504209003e-01,7.160000000000000808e-01,6.199999999999999956e-01,0.000000000000000000e+00,0.000000000000000000e+00
1.760439080125000000e+12,8.000000000000000000e+00,1.000000000000000000e+01,3.000000000000000000e+00,0.000000000000000000e+00,0.000000000000000000e+00,-2.992886557916395462e-01,1.848960985322295469e-01,-2.820221049662495760e-01,1.945046897905021999e-01,2.697411925976618829e-01,1.370163943504209003e-01,9.600000000000025180e-02,6.199999999999999956e-01,3.615845480518639077e-01,1.878555015370486914e-01,7.160000000000000808e-01,6.199999999999999956e-01,0.000000000000000000e+00,0.000000000000000000e+00
1.760439080328000000e+12,8.000000000000000000e+00,1.000000000000000000e+01,3.000000000000000000e+00,0.000000000000000000e+00,0.000000000000000000e+00,-2.813314123578233850e-01,1.948890427208601339e-01,-2.640633162317781446e-01,2.044980915311251368e-01,3.652584449051947124e-01,1.898891149251858979e-01,-7.450580569168252509e-09,6.199999999999999956e-01,4.571100200437332450e-01,2.407306430218261462e-01,7.160000000000000808e-01,6.199999999999999956e-01,0.000000000000000000e+00,0.000000000000000000e+00
1.760439080532000000e+12,8.000000000000000000e+00,1.000000000000000000e+01,3.000000000000000000e+00,0.000000000000000000e+00,2.000000000000000000e+00,-2.640633162317781446e-01,2.044980915311251368e-01,-2.505619861940163728e-01,2.141088510794847688e-01,4.571100200437332450e-01,2.407306430218261462e-01,9.999999254941882576e-02,6.199999999999999956e-01,5.289256053509766575e-01,2.915812226427765830e-01,6.159999999999999920e-01,6.199999999999999956e-01,0.000000000000000000e+00,-2.000000000000000111e-01
1.760439080736000000e+12,8.000000000000000000e+00,1.000000000000000000e+01,3.000000000000000000e+00,0.000000000000000000e+00,2.000000000000000000e+00,-2.505619861940163728e-01,2.141088510794847688e-01,-2.450555142892270333e-01,2.237221434497258521e-01,5.289256053509766575e-01,2.915812226427765830e-01,2.039999925494183630e-01,6.199999999999999956e-01,5.582153495253880937e-01,3.424452034377029608e-01,5.160000000000000142e-01,6.199999999999999956e-01,0.000000000000000000e+00,-2.000000000000000111e-01
1.760439080939000000e+12,8.000000000000000000e+00,1.000000000000000000e+01,3.000000000000000000e+00,0.000000000000000000e+00,2.000000000000000000e+00,-2.450015391647236140e-01,2.241067162732763018e-01,-2.478190634679084958e-01,2.337216009180535792e-01,5.585024512514701334e-01,3.444799802818852563e-01,5.000000000000000000e-01,6.199999999999999956e-01,5.435156198515505022e-01,3.953523858098073607e-01,4.119999999999999774e-01,6.199999999999999956e-01,0.000000000000000000e+00,-2.000000000000000111e-01
1.760439081142000000e+12,8.000000000000000000e+00,1.000000000000000000e+01,3.000000000000000000e+00,-1.000000000000000056e-01,1.000000000000000000e+00,-2.478190634679084958e-01,2.337216009180535792e-01,-2.511006552429729810e-01,2.418901574367117724e-01,5.435156198515505022e-01,3.953523858098073607e-01,5.000000000000000000e-01,6.199999999999999956e-01,5.260603444522713446e-01,4.385722615699035876e-01,5.120000000000000107e-01,5.759999999999999565e-01,-2.000000000000000042e-02,2.000000000000000111e-01
0.000000000000000000e+00,0.000000000000000000e+00,0.000000000000000000e+00,0.000000000000000000e+00,0.000000000000000000e+00,0.000000000000000000e+00,0.000000000000000000e+00,0.000000000000000000e+00,0.000000000000000000e+00,0.000000000000000000e+00,0.000000000000000000e+00,0.000000000000000000e+00,0.000000000000000000e+00,0.000000000000000000e+00,0.000000000000000000e+00,0.000000000000000000e+00,0.000000000000000000e+00,0.000000000000000000e+00,0.000000000000000000e+00,0.000000000000000000e+00
1.760439349658000000e+12,1.000000000000000000e+00,1.200000000000000000e+01,1.000000000000000000e+00,-1.000000000000000056e-01,1.000000000000000000e+00,-3.501548273087364826e-01,1.630857672962401639e-01,-3.287959275109512691e-01,3.174488478077464593e-01,-8.235495145558769910e-04,2.161781638222308108e-02,5.000000000000000000e-01,4.500000000000000111e-01,1.127876196225995331e-01,8.383536921044787427e-01,5.959999999999999742e-01,4.360000000000000542e-01,-2.000000000000000042e-02,2.000000000000000111e-01
1.760439349862000000e+12,1.000000000000000000e+00,1.200000000000000000e+01,1.000000000000000000e+00,-1.000000000000000056e-01,2.000000000000000000e+00,-3.287959275109512691e-01,3.174488478077464593e-01,-3.246060169593688038e-01,3.103178732889226299e-01,1.127876196225995331e-01,8.383536921044787427e-01,5.000000000000000000e-01,4.340000000000000524e-01,1.350743778756977598e-01,8.006236681953579071e-01,5.000000000000000000e-01,3.839999999999999525e-01,-2.000000000000000042e-02,-2.000000000000000111e-01
1.760439350065000000e+12,1.000000000000000000e+00,1.200000000000000000e+01,1.000000000000000000e+00,-1.000000000000000056e-01,2.000000000000000000e+00,-3.246060169593688038e-01,3.103178732889226299e-01,-3.284105735969662931e-01,2.991832871476219347e-01,1.350743778756977598e-01,8.006236681953579071e-01,4.000000000000000777e-01,3.839999999999999525e-01,1.148373744842217381e-01,7.417105140085817894e-01,3.999999999999999667e-01,3.339999999999999081e-01,-2.000000000000000042e-02,-2.000000000000000111e-01
1.760439350270000000e+12,1.000000000000000000e+00,1.200000000000000000e+01,1.000000000000000000e+00,0.000000000000000000e+00,0.000000000000000000e+00,-3.287287375769435416e-01,2.986548361733363799e-01,-3.370789409139676729e-01,2.845461253905224308e-01,1.131450128885980871e-01,7.389144771075999429e-01,2.999999999999999889e-01,3.319999999999999063e-01,6.872903769166120724e-02,6.642652137064679607e-01,3.960000000000000187e-01,3.219999999999999529e-01,0.000000000000000000e+00,0.000000000000000000e+00
1.760439350474000000e+12,1.000000000000000000e+00,1.200000000000000000e+01,1.000000000000000000e+00,1.000000000000000056e-01,1.000000000000000000e+00,-3.370789409139676729e-01,2.845461253905224308e-01,-3.416538323252816811e-01,2.710793117959459098e-01,6.872903769166120724e-02,6.642652137064679607e-01,1.959999999999997300e-01,3.219999999999999529e-01,4.439450890807605105e-02,5.930122317245816177e-01,4.960000000000000520e-01,3.539999999999998703e-01,2.000000000000000042e-02,2.000000000000000111e-01
1.760439350676000000e+12,1.000000000000000000e+00,1.200000000000000000e+01,1.000000000000000000e+00,1.000000000000000056e-01,1.000000000000000000e+00,-3.416538323252816811e-01,2.710793117959459098e-01,-3.379371653618171711e-01,2.609968393398345299e-01,4.439450890807605105e-02,5.930122317245816177e-01,9.600000000000025180e-02,3.539999999999998703e-01,6.416401403288728156e-02,5.396658166128811551e-01,5.959999999999999742e-01,4.040000000000000258e-01,2.000000000000000042e-02,2.000000000000000111e-01
1.760439350879000000e+12,1.000000000000000000e+00,1.200000000000000000e+01,1.000000000000000000e+00,1.000000000000000056e-01,1.000000000000000000e+00,-3.379371653618171711e-01,2.609968393398345299e-01,-3.261988574917652484e-01,2.553802163493773536e-01,6.416401403288728156e-02,5.396658166128811551e-01,-7.450580569168252509e-09,4.060000000000000275e-01,1.266018218523124184e-01,5.099482346527902665e-01,7.000000000000000666e-01,4.560000000000000164e-01,2.000000000000000042e-02,2.000000000000000111e-01
1.760439351082000000e+12,1.000000000000000000e+00,1.200000000000000000e+01,1.000000000000000000e+00,1.000000000000000056e-01,1.000000000000000000e+00,-3.261988574917652484e-01,2.553802163493773536e-01,-3.064570262768296915e-01,2.537600892641013739e-01,1.266018218523124184e-01,5.099482346527902665e-01,9.999999254941882576e-02,4.560000000000000164e-01,2.316115623572888027e-01,5.013761336724941176e-01,8.000000000000002665e-01,5.060000000000000053e-01,2.000000000000000042e-02,2.000000000000000111e-01
1.760439351286000000e+12,1.000000000000000000e+00,1.200000000000000000e+01,1.000000000000000000e+00,0.000000000000000000e+00,2.000000000000000000e+00,-3.055011238024488707e-01,2.537782678350245513e-01,-2.849783307112059294e-01,2.550015670087643627e-01,2.366961499869739971e-01,5.014723165874315214e-01,2.039999925494183630e-01,5.060000000000000053e-01,3.458599430255003271e-01,5.079447989881712422e-01,7.039999999999999591e-01,5.160000000000000142e-01,0.000000000000000000e+00,-2.000000000000000111e-01
1.760439351489000000e+12,1.000000000000000000e+00,1.200000000000000000e+01,1.000000000000000000e+00,0.000000000000000000e+00,0.000000000000000000e+00,-2.849783307112059294e-01,2.550015670087643627e-01,-2.686740509774699914e-01,2.562976768794760218e-01,3.458599430255003271e-01,5.079447989881712422e-01,5.000000000000000000e-01,5.160000000000000142e-01,4.325848352262233742e-01,5.148025231718308392e-01,7.039999999999999591e-01,5.160000000000000142e-01,0.000000000000000000e+00,0.000000000000000000e+00
1.760439351692000000e+12,1.000000000000000000e+00,1.200000000000000000e+01,1.000000000000000000e+00,-1.000000000000000056e-01,2.000000000000000000e+00,-2.686740509774699914e-01,2.562976768794760218e-01,-2.561422342106424166e-01,2.575886993095295452e-01,4.325848352262233742e-01,5.148025231718308392e-01,5.000000000000000000e-01,5.160000000000000142e-01,4.992434350497743090e-01,5.216333296800506059e-01,6.039999999999999813e-01,5.120000000000000107e-01,-2.000000000000000042e-02,-2.000000000000000111e-01
1.760439351896000000e+12,1.000000000000000000e+00,1.200000000000000000e+01,1.000000000000000000e+00,-1.000000000000000056e-01,2.000000000000000000e+00,-2.558068858513725119e-01,2.576293919506178476e-01,-2.515971388967100375e-01,2.565598189584040734e-01,5.010272029182313291e-01,5.218486346593537162e-01,5.999999999999999778e-01,5.100000000000000089e-01,5.234194739536699448e-01,5.161895182984342911e-01,5.000000000000000000e-01,4.599999999999999645e-01,-2.000000000000000042e-02,-2.000000000000000111e-01
1.760439352101000000e+12,1.000000000000000000e+00,1.200000000000000000e+01,1.000000000000000000e+00,0.000000000000000000e+00,0.000000000000000000e+00,-2.515971388967100375e-01,2.565598189584040734e-01,-2.516107112810669344e-01,2.526820595765671418e-01,5.234194739536699448e-01,5.161895182984342911e-01,5.000000000000000000e-01,4.599999999999999645e-01,5.233472804198566752e-01,4.956722728918896981e-01,5.000000000000000000e-01,4.500000000000000111e-01,0.000000000000000000e+00,0.000000000000000000e+00
0.000000000000000000e+00,0.000000000000000000e+00,0.000000000000000000e+00,0.000000000000000000e+00,0.000000000000000000e+00,0.000000000000000000e+00,0.000000000000000000e+00,0.000000000000000000e+00,0.000000000000000000e+00,0.000000000000000000e+00,0.000000000000000000e+00,0.000000000000000000e+00,0.000000000000000000e+00,0.000000000000000000e+00,0.000000000000000000e+00,0.000000000000000000e+00,0.000000000000000000e+00,0.000000000000000000e+00,0.000000000000000000e+00,0.000000000000000000e+00
1.760439357825000000e+12,2.000000000000000000e+00,1.200000000000000000e+01,0.000000000000000000e+00,-1.000000000000000056e-01,0.000000000000000000e+00,-2.516125017777563477e-01,2.522041186021654058e-01,-1.731843093838839054e-01,3.167087891971843150e-01,5.233377565012959920e-01,4.931434846675418759e-01,5.000000000000000000e-01,4.500000000000000111e-01,9.405089926389154087e-01,8.344380380803404496e-01,5.000000000000000000e-01,4.200000000000000955e-01,-2.000000000000000042e-02,0.000000000000000000e+00
1.760439358028000000e+12,2.000000000000000000e+00,1.200000000000000000e+01,0.000000000000000000e+00,-1.000000000000000056e-01,0.000000000000000000e+00,-1.731843093838839054e-01,3.167087891971843150e-01,-1.731959517612503829e-01,3.082865377696830667e-01,9.405089926389154087e-01,8.344380380803404496e-01,5.000000000000000000e-01,4.180000000000000382e-01,9.404470650997319714e-01,7.898758612152544378e-01,5.000000000000000000e-01,3.679999999999998828e-01,-2.000000000000000042e-02,0.000000000000000000e+00
1.760439358231000000e+12,2.000000000000000000e+00,1.200000000000000000e+01,0.000000000000000000e+00,0.000000000000000000e+00,0.000000000000000000e+00,-1.731959517612503829e-01,3.082865377696830667e-01,-1.732058313322528686e-01,2.967136434534399791e-01,9.404470650997319714e-01,7.898758612152544378e-01,4.000000000000000777e-01,3.679999999999998828e-01,9.403945141901443039e-01,7.286436161557672264e-01,5.000000000000000000e-01,3.519999999999998685e-01,0.000000000000000000e+00,0.000000000000000000e+00
1.760439358435000000e+12,2.000000000000000000e+00,1.200000000000000000e+01,0.000000000000000000e+00,1.000000000000000056e-01,2.000000000000000000e+00,-1.732061999554447285e-01,2.962408970582321444e-01,-1.769810552890601629e-01,2.845892420036095771e-01,9.403925534284854892e-01,7.261423124774188942e-01,2.999999999999999889e-01,3.519999999999998685e-01,9.203135356964885494e-01,6.644933439344422599e-01,4.040000000000000258e-01,3.659999999999999365e-01,2.000000000000000042e-02,-2.000000000000000111e-01
1.760439358637000000e+12,2.000000000000000000e+00,1.200000000000000000e+01,0.000000000000000000e+00,1.000000000000000056e-01,2.000000000000000000e+00,-1.769810552890601629e-01,2.845892420036095771e-01,-1.887609812960356903e-01,2.759328087690077203e-01,9.203135356964885494e-01,6.644933439344422599e-01,1.959999999999997300e-01,3.679999999999998828e-01,8.576543548083207513e-01,6.186921098889298642e-01,2.999999999999999889e-01,4.180000000000000382e-01,2.000000000000000042e-02,-2.000000000000000111e-01
1.760439358841000000e+12,2.000000000000000000e+00,1.200000000000000000e+01,0.000000000000000000e+00,0.000000000000000000e+00,0.000000000000000000e+00,-1.887609812960356903e-01,2.759328087690077203e-01,-2.047699117013249692e-01,2.707067210369570875e-01,8.576543548083207513e-01,6.186921098889298642e-01,9.600000000000025180e-02,4.180000000000000382e-01,7.725004696738033694e-01,5.910408520473920957e-01,2.999999999999999889e-01,4.400000000000000022e-01,0.000000000000000000e+00,0.000000000000000000e+00
1.760439359045000000e+12,2.000000000000000000e+00,1.200000000000000000e+01,0.000000000000000000e+00,0.000000000000000000e+00,1.000000000000000000e+00,-2.054103645481585305e-01,2.705153674873684300e-01,-2.176557966502823960e-01,2.657322369533433037e-01,7.690938055949014807e-01,5.900283994040658175e-01,-7.450580569168252509e-09,4.400000000000000022e-01,7.039585284559446432e-01,5.647208304409698787e-01,3.999999999999999667e-01,4.400000000000000022e-01,0.000000000000000000e+00,2.000000000000000111e-01
1.760439359248000000e+12,2.000000000000000000e+00,1.200000000000000000e+01,0.000000000000000000e+00,0.000000000000000000e+00,0.000000000000000000e+00,-2.176557966502823960e-01,2.657322369533433037e-01,-2.256714320643692373e-01,2.609495143937785033e-01,7.039585284559446432e-01,5.647208304409698787e-01,9.999999254941882576e-02,4.400000000000000022e-01,6.613221698703763973e-01,5.394154200729022186e-01,3.999999999999999667e-01,4.400000000000000022e-01,0.000000000000000000e+00,0.000000000000000000e+00
1.760439359451000000e+12,2.000000000000000000e+00,1.200000000000000000e+01,0.000000000000000000e+00,0.000000000000000000e+00,0.000000000000000000e+00,-2.256714320643692373e-01,2.609495143937785033e-01,-2.340048553958019029e-01,2.559750383626965831e-01,6.613221698703763973e-01,5.394154200729022186e-01,2.039999925494183630e-01,4.400000000000000022e-01,6.169954500223302496e-01,5.130954410724687387e-01,3.999999999999999667e-01,4.400000000000000022e-01,0.000000000000000000e+00,0.000000000000000000e+00
1.760439359655000000e+12,2.000000000000000000e+00,1.200000000000000000e+01,0.000000000000000000e+00,0.000000000000000000e+00,0.000000000000000000e+00,-2.340048553958019029e-01,2.559750383626965831e-01,-2.420182389639648768e-01,2.511914666609038060e-01,6.169954500223302496e-01,5.130954410724687387e-01,5.000000000000000000e-01,4.400000000000000022e-01,5.743710693406123280e-01,4.877855378883799720e-01,3.999999999999999667e-01,4.400000000000000022e-01,0.000000000000000000e+00,0.000000000000000000e+00
1.760439359857000000e+12,2.000000000000000000e+00,1.200000000000000000e+01,0.000000000000000000e+00,0.000000000000000000e+00,0.000000000000000000e+00,-2.420182389639648768e-01,2.511914666609038060e-01,-2.500321316271141292e-01,2.464075152564950411e-01,5.743710693406123280e-01,4.877855378883799720e-01,5.000000000000000000e-01,4.400000000000000022e-01,5.317439807068397029e-01,4.624736256957410196e-01,3.999999999999999667e-01,4.400000000000000022e-01,0.000000000000000000e+00,0.000000000000000000e+00
0.000000000000000000e+00,0.000000000000000000e+00,0.000000000000000000e+00,0.000000000000000000e+00,0.000000000000000000e+00,0.000000000000000000e+00,0.000000000000000000e+00,0.000000000000000000e+00,0.000000000000000000e+00,0.000000000000000000e+00,0.000000000000000000e+00,0.000000000000000000e+00,0.000000000000000000e+00,0.000000000000000000e+00,0.000000000000000000e+00,0.000000000000000000e+00,0.000000000000000000e+00,0.000000000000000000e+00,0.000000000000000000e+00,0.000000000000000000e+00
1.760439365592000000e+12,3.000000000000000000e+00,1.200000000000000000e+01,2.000000000000000000e+00,1.000000000000000056e-01,1.000000000000000000e+00,-2.513144004075632543e-01,2.456420469499506765e-01,-1.750475383459774159e-01,1.595262809585719088e-01,5.249234020874294915e-01,4.584235288357179083e-01,5.000000000000000000e-01,4.400000000000000022e-01,9.305982002873541825e-01,2.784555336359293472e-03,4.960000000000000520e-01,4.740000000000000324e-01,2.000000000000000042e-02,2.000000000000000111e-01
1.760439365793000000e+12,3.000000000000000000e+00,1.200000000000000000e+01,2.000000000000000000e+00,1.000000000000000056e-01,1.000000000000000000e+00,-1.750636110161047088e-01,1.594417869558367173e-01,-1.712973657499257396e-01,1.599810594829828569e-01,9.305127073611452193e-01,2.337497120829179573e-03,5.000000000000000000e-01,4.760000000000000342e-01,9.505459268620971569e-01,5.190790915253199432e-03,5.999999999999999778e-01,5.360000000000000320e-01,2.000000000000000042e-02,2.000000000000000111e-01
1.760439365997000000e+12,3.000000000000000000e+00,1.200000000000000000e+01,2.000000000000000000e+00,0.000000000000000000e+00,2.000000000000000000e+00,-1.712973657499257396e-01,1.599810594829828569e-01,-1.670762768494657990e-01,1.633034804020771225e-01,9.505459268620971569e-01,5.190790915253199432e-03,4.000000000000000777e-01,5.360000000000000320e-01,9.729985273964585346e-01,2.276973757712762170e-02,5.000000000000000000e-01,5.420000000000000373e-01,0.000000000000000000e+00,-2.000000000000000111e-01
1.760439366200000000e+12,3.000000000000000000e+00,1.200000000000000000e+01,2.000000000000000000e+00,0.000000000000000000e+00,2.000000000000000000e+00,-1.670762768494657990e-01,1.633034804020771225e-01,-1.711596881134827275e-01,1.668060608850026327e-01,9.729985273964585346e-01,2.276973757712762170e-02,2.999999999999999889e-01,5.420000000000000373e-01,9.512782547155174129e-01,4.130190944445836371e-02,3.960000000000000187e-01,5.420000000000000373e-01,0.000000000000000000e+00,-2.000000000000000111e-01
1.760439366404000000e+12,3.000000000000000000e+00,1.200000000000000000e+01,2.000000000000000000e+00,0.000000000000000000e+00,2.000000000000000000e+00,-1.711596881134827275e-01,1.668060608850026327e-01,-1.832506453185734629e-01,1.701734362950003410e-01,9.512782547155174129e-01,4.130190944445836371e-02,1.959999999999997300e-01,5.420000000000000373e-01,8.869646525607794985e-01,5.911871055555735499e-02,2.959999999999999853e-01,5.420000000000000373e-01,0.000000000000000000e+00,-2.000000000000000111e-01
1.760439366607000000e+12,3.000000000000000000e+00,1.200000000000000000e+01,2.000000000000000000e+00,0.000000000000000000e+00,0.000000000000000000e+00,-1.832506453185734629e-01,1.701734362950003410e-01,-1.995718273712936419e-01,1.735406206057753531e-01,8.869646525607794985e-01,5.911871055555735499e-02,9.600000000000025180e-02,5.420000000000000373e-01,8.001498544080125619e-01,7.693450055965794787e-02,2.959999999999999853e-01,5.420000000000000373e-01,0.000000000000000000e+00,0.000000000000000000e+00
1.760439366811000000e+12,3.000000000000000000e+00,1.200000000000000000e+01,2.000000000000000000e+00,0.000000000000000000e+00,1.000000000000000000e+00,-2.002248278078075649e-01,1.736753248857947629e-01,-2.127805963309878368e-01,1.770440132348000128e-01,7.966764478308108188e-01,7.764722161796171196e-02,-7.450580569168252509e-09,5.420000000000000373e-01,7.298904450479369865e-01,9.547096949629636786e-02,3.960000000000000187e-01,5.420000000000000373e-01,0.000000000000000000e+00,2.000000000000000111e-01
1.760439367014000000e+12,3.000000000000000000e+00,1.200000000000000000e+01,2.000000000000000000e+00,0.000000000000000000e+00,0.000000000000000000e+00,-2.127805963309878368e-01,1.770440132348000128e-01,-2.211098861825271100e-01,1.804137780452146622e-01,7.298904450479369865e-01,9.547096949629636786e-02,9.999999254941882576e-02,5.420000000000000373e-01,6.855857117950685531e-01,1.133004129376437158e-01,3.960000000000000187e-01,5.420000000000000373e-01,0.000000000000000000e+00,0.000000000000000000e+00
1.760439367217000000e+12,3.000000000000000000e+00,1.200000000000000000e+01,2.000000000000000000e+00,0.000000000000000000e+00,0.000000000000000000e+00,-2.211098861825271100e-01,1.804137780452146622e-01,-2.294368689941929385e-01,1.837839339405125949e-01,6.855857117950685531e-01,1.133004129376437158e-01,2.039999925494183630e-01,5.420000000000000373e-01,6.412932500308885508e-01,1.311319256111777576e-01,3.960000000000000187e-01,5.420000000000000373e-01,0.000000000000000000e+00,0.000000000000000000e+00
1.760439367420000000e+12,3.000000000000000000e+00,1.200000000000000000e+01,2.000000000000000000e+00,0.000000000000000000e+00,0.000000000000000000e+00,-2.297699677339437030e-01,1.839187482383815853e-01,-2.380979352270200244e-01,1.872893070748469779e-01,6.395214482237037146e-01,1.318452287745057461e-01,5.000000000000000000e-01,5.420000000000000373e-01,5.952237487924466608e-01,1.496788734118887909e-01,3.960000000000000187e-01,5.420000000000000373e-01,0.000000000000000000e+00,0.000000000000000000e+00
1.760439367623000000e+12,3.000000000000000000e+00,1.200000000000000000e+01,2.000000000000000000e+00,0.000000000000000000e+00,1.000000000000000000e+00,-2.380979352270200244e-01,1.872893070748469779e-01,-2.426586948067627481e-01,1.906603875342848253e-01,5.952237487924466608e-01,1.496788734118887909e-01,5.000000000000000000e-01,5.420000000000000373e-01,5.709643893257300151e-01,1.675152779591789765e-01,4.960000000000000520e-01,5.420000000000000373e-01,0.000000000000000000e+00,2.000000000000000111e-01
1.760439367827000000e+12,3.000000000000000000e+00,1.200000000000000000e+01,2.000000000000000000e+00,0.000000000000000000e+00,0.000000000000000000e+00,-2.426586948067627481e-01,1.906603875342848253e-01,-2.426857500250179378e-01,1.941666132793546939e-01,5.709643893257300151e-01,1.675152779591789765e-01,5.999999999999999778e-01,5.420000000000000373e-01,5.708204785903301381e-01,1.860667369278026229e-01,5.000000000000000000e-01,5.420000000000000373e-01,0.000000000000000000e+00,0.000000000000000000e+00
1.760439368031000000e+12,3.000000000000000000e+00,1.200000000000000000e+01,2.000000000000000000e+00,0.000000000000000000e+00,0.000000000000000000e+00,-2.426857500250179378e-01,1.941666132793546939e-01,-2.426950698973307508e-01,1.975382286081537042e-01,5.708204785903301381e-01,1.860667369278026229e-01,5.000000000000000000e-01,5.420000000000000373e-01,5.707709048014321107e-01,2.039059714717127436e-01,5.000000000000000000e-01,5.420000000000000373e-01,0.000000000000000000e+00,0.000000000000000000e+00
1.760439368235000000e+12,3.000000000000000000e+00,1.200000000000000000e+01,2.000000000000000000e+00,0.000000000000000000e+00,0.000000000000000000e+00,-2.426950698973307508e-01,1.975382286081537042e-01,-2.427046243376433377e-01,2.009100942349082708e-01,5.707709048014321107e-01,2.039059714717127436e-01,6.039999999999999813e-01,5.420000000000000373e-01,5.707200833104076887e-01,2.217465303434300317e-01,5.000000000000000000e-01,5.420000000000000373e-01,0.000000000000000000e+00,0.000000000000000000e+00
1.760439368438000000e+12,3.000000000000000000e+00,1.200000000000000000e+01,2.000000000000000000e+00,0.000000000000000000e+00,0.000000000000000000e+00,-2.427050129817513724e-01,2.010449750180281492e-01,-2.427147975431223625e-01,2.044170979451744585e-01,5.707180160545138881e-01,2.224601852805722368e-01,5.040000000000000036e-01,5.420000000000000373e-01,5.706659705153065421e-01,2.403021055300236242e-01,5.000000000000000000e-01,5.420000000000000373e-01,0.000000000000000000e+00,0.000000000000000000e+00
1.760439368641000000e+12,3.000000000000000000e+00,1.200000000000000000e+01,2.000000000000000000e+00,0.000000000000000000e+00,2.000000000000000000e+00,-2.427147975431223625e-01,2.044170979451744585e-01,-2.464961861649540564e-01,2.077894627437042729e-01,5.706659705153065421e-01,2.403021055300236242e-01,4.040000000000000258e-01,5.420000000000000373e-01,5.505522012502442886e-01,2.581453055222448500e-01,3.999999999999999667e-01,5.420000000000000373e-01,0.000000000000000000e+00,-2.000000000000000111e-01
1.760439368845000000e+12,3.000000000000000000e+00,1.200000000000000000e+01,2.000000000000000000e+00,0.000000000000000000e+00,1.000000000000000000e+00,-2.464961861649540564e-01,2.077894627437042729e-01,-2.513700804930780186e-01,2.112970811955295902e-01,5.505522012502442886e-01,2.581453055222448500e-01,4.040000000000000258e-01,5.420000000000000373e-01,5.246272314197977238e-01,2.767041333096804112e-01,4.919999999999999929e-01,5.420000000000000373e-01,0.000000000000000000e+00,2.000000000000000111e-01
1.760439369048000000e+12,3.000000000000000000e+00,1.200000000000000000e+01,2.000000000000000000e+00,0.000000000000000000e+00,0.000000000000000000e+00,-2.513700804930780186e-01,2.112970811955295902e-01,-2.517047655244251114e-01,2.146702033874160753e-01,5.246272314197977238e-01,2.767041333096804112e-01,5.000000000000000000e-01,5.420000000000000373e-01,5.228469918913557501e-01,2.945513406741591678e-01,4.960000000000000520e-01,5.420000000000000373e-01,0.000000000000000000e+00,0.000000000000000000e+00
1.760439369251000000e+12,3.000000000000000000e+00,1.200000000000000000e+01,2.000000000000000000e+00,0.000000000000000000e+00,0.000000000000000000e+00,-2.517047655244251114e-01,2.146702033874160753e-01,-2.520365522104708322e-01,2.180436223386536532e-01,5.228469918913557501e-01,2.945513406741591678e-01,5.000000000000000000e-01,5.420000000000000373e-01,5.210821690932402328e-01,3.124001181939347060e-01,4.960000000000000520e-01,5.420000000000000373e-01,0.000000000000000000e+00,0.000000000000000000e+00
1.760439369456000000e+12,3.000000000000000000e+00,1.200000000000000000e+01,2.000000000000000000e+00,0.000000000000000000e+00,0.000000000000000000e+00,-2.520498296598600030e-01,2.181785651694861383e-01,-2.523819297966917174e-01,2.215522981207476982e-01,5.210115443624467879e-01,3.131141014258526090e-01,5.000000000000000000e-01,5.420000000000000373e-01,5.192450542729163399e-01,3.309645403214164228e-01,4.960000000000000520e-01,5.420000000000000373e-01,0.000000000000000000e+00,0.000000000000000000e+00
1.760439369659000000e+12,3.000000000000000000e+00,1.200000000000000000e+01,2.000000000000000000e+00,0.000000000000000000e+00,0.000000000000000000e+00,-2.523819297966917174e-01,2.215522981207476982e-01,-2.527143416353034300e-01,2.249263446824803503e-01,5.192450542729163399e-01,3.309645403214164228e-01,5.999999999999999778e-01,5.420000000000000373e-01,5.174769061951944860e-01,3.488166385316420759e-01,4.960000000000000520e-01,5.420000000000000373e-01,0.000000000000000000e+00,0.000000000000000000e+00
1.760439369862000000e+12,3.000000000000000000e+00,1.200000000000000000e+01,2.000000000000000000e+00,0.000000000000000000e+00,0.000000000000000000e+00,-2.527143416353034300e-01,2.249263446824803503e-01,-2.530470662725251563e-01,2.283007109789433331e-01,5.174769061951944860e-01,3.488166385316420759e-01,5.000000000000000000e-01,5.420000000000000373e-01,5.157070942950788828e-01,3.666704284600176833e-01,4.960000000000000520e-01,5.420000000000000373e-01,0.000000000000000000e+00,0.000000000000000000e+00
1.760439370066000000e+12,3.000000000000000000e+00,1.200000000000000000e+01,2.000000000000000000e+00,0.000000000000000000e+00,0.000000000000000000e+00,-2.530603842564988493e-01,2.284356939720316171e-01,-2.533934568838386858e-01,2.318104134145085315e-01,5.156362539547932888e-01,3.673846241906434940e-01,6.039999999999999813e-01,5.420000000000000373e-01,5.138645910434112007e-01,3.852402826164472716e-01,4.960000000000000520e-01,5.420000000000000373e-01,0.000000000000000000e+00,0.000000000000000000e+00
1.760439370270000000e+12,3.000000000000000000e+00,1.200000000000000000e+01,2.000000000000000000e+00,0.000000000000000000e+00,0.000000000000000000e+00,-2.533934568838386858e-01,2.318104134145085315e-01,-2.537268554566305956e-01,2.351854727361987751e-01,5.138645910434112007e-01,3.852402826164472716e-01,7.039999999999999591e-01,5.420000000000000373e-01,5.120911943796244703e-01,4.030977393449671209e-01,4.960000000000000520e-01,5.420000000000000373e-01,0.000000000000000000e+00,0.000000000000000000e+00
0.000000000000000000e+00,0.000000000000000000e+00,0.000000000000000000e+00,0.000000000000000000e+00,0.000000000000000000e+00,0.000000000000000000e+00,0.000000000000000000e+00,0.000000000000000000e+00,0.000000000000000000e+00,0.000000000000000000e+00,0.000000000000000000e+00,0.000000000000000000e+00,0.000000000000000000e+00,0.000000000000000000e+00,0.000000000000000000e+00,0.000000000000000000e+00,0.000000000000000000e+00,0.000000000000000000e+00,0.000000000000000000e+00,0.000000000000000000e+00
1.760439375995000000e+12,4.000000000000000000e+00,1.200000000000000000e+01,3.000000000000000000e+00,1.000000000000000056e-01,0.000000000000000000e+00,-2.537802278118470034e-01,2.357255130243910979e-01,-3.329641255472874928e-01,1.674312440135466429e-01,5.118072988731542372e-01,4.059550953671486884e-01,5.000000000000000000e-01,5.420000000000000373e-01,9.061635347187493861e-02,4.460975668543196854e-02,4.960000000000000520e-01,5.879999999999999671e-01,2.000000000000000042e-02,0.000000000000000000e+00
1.760439376198000000e+12,4.000000000000000000e+00,1.200000000000000000e+01,3.000000000000000000e+00,1.000000000000000056e-01,1.000000000000000000e+00,-3.329641255472874928e-01,1.674312440135466429e-01,-3.295297846145789356e-01,1.765271634178495475e-01,9.061635347187493861e-02,4.460975668543196854e-02,5.000000000000000000e-01,5.899999999999999689e-01,1.088841243905374762e-01,9.273631438015633721e-02,5.959999999999999742e-01,6.400000000000001243e-01,2.000000000000000042e-02,2.000000000000000111e-01
1.760439376401000000e+12,4.000000000000000000e+00,1.200000000000000000e+01,3.000000000000000000e+00,0.000000000000000000e+00,1.000000000000000000e+00,-3.295297846145789356e-01,1.765271634178495475e-01,-3.180991626177118725e-01,1.892854301938612926e-01,1.088841243905374762e-01,9.273631438015633721e-02,4.000000000000000777e-01,6.400000000000001243e-01,1.696853052249367444e-01,1.602403713960915133e-01,6.959999999999999520e-01,6.680000000000000382e-01,0.000000000000000000e+00,2.000000000000000111e-01
1.760439376604000000e+12,4.000000000000000000e+00,1.200000000000000000e+01,3.000000000000000000e+00,0.000000000000000000e+00,1.000000000000000000e+00,-3.180991626177118725e-01,1.892854301938612926e-01,-2.977235234670142505e-01,2.032718183346515495e-01,1.696853052249367444e-01,1.602403713960915133e-01,2.999999999999999889e-01,6.680000000000000382e-01,2.780663645371581616e-01,2.342424250510664330e-01,7.960000000000002629e-01,6.680000000000000382e-01,0.000000000000000000e+00,2.000000000000000111e-01
1.760439376807000000e+12,4.000000000000000000e+00,1.200000000000000000e+01,3.000000000000000000e+00,0.000000000000000000e+00,2.000000000000000000e+00,-2.977235234670142505e-01,2.032718183346515495e-01,-2.775099929851819192e-01,2.167208769347976904e-01,2.780663645371581616e-01,2.342424250510664330e-01,1.959999999999997300e-01,6.680000000000000382e-01,3.855851436958407930e-01,3.054014652634798876e-01,7.000000000000000666e-01,6.680000000000000382e-01,0.000000000000000000e+00,-2.000000000000000111e-01
1.760439377009000000e+12,4.000000000000000000e+00,1.200000000000000000e+01,3.000000000000000000e+00,0.000000000000000000e+00,2.000000000000000000e+00,-2.775099929851819192e-01,2.167208769347976904e-01,-2.652905834193245438e-01,2.301737881059677526e-01,3.855851436958407930e-01,3.054014652634798876e-01,9.600000000000025180e-02,6.680000000000000382e-01,4.505820030886991678e-01,3.765808894495648596e-01,5.999999999999999778e-01,6.680000000000000382e-01,0.000000000000000000e+00,-2.000000000000000111e-01
1.760439377213000000e+12,4.000000000000000000e+00,1.200000000000000000e+01,3.000000000000000000e+00,0.000000000000000000e+00,0.000000000000000000e+00,-2.649678798254097023e-01,2.307119717119150426e-01,-2.572972320371864630e-01,2.441673245851407881e-01,4.522985115669695966e-01,3.794284217561643135e-01,-7.450580569168252509e-09,6.680000000000000382e-01,4.930998295894336581e-01,4.506207650007449383e-01,5.959999999999999742e-01,6.680000000000000382e-01,0.000000000000000000e+00,0.000000000000000000e+00
1.760439377416000000e+12,4.000000000000000000e+00,1.200000000000000000e+01,3.000000000000000000e+00,-1.000000000000000056e-01,2.000000000000000000e+00,-2.572972320371864630e-01,2.441673245851407881e-01,-2.533971113364530403e-01,2.561780291901042950e-01,4.930998295894336581e-01,4.506207650007449383e-01,9.999999254941882576e-02,6.680000000000000382e-01,5.138451524656753033e-01,5.141694666143085124e-01,4.960000000000000520e-01,6.240000000000001101e-01,-2.000000000000000042e-02,-2.000000000000000111e-01
1.760439377619000000e+12,4.000000000000000000e+00,1.200000000000000000e+01,3.000000000000000000e+00,-1.000000000000000056e-01,1.000000000000000000e+00,-2.533971113364530403e-01,2.561780291901042950e-01,-2.499612155229435917e-01,2.642338240747871825e-01,5.138451524656753033e-01,5.141694666143085124e-01,2.039999925494183630e-01,6.240000000000001101e-01,5.321211940268957274e-01,5.567927199724189702e-01,5.959999999999999742e-01,5.739999999999999547e-01,-2.000000000000000042e-02,2.000000000000000111e-01
1.760439377823000000e+12,4.000000000000000000e+00,1.200000000000000000e+01,3.000000000000000000e+00,-1.000000000000000056e-01,2.000000000000000000e+00,-2.496578475919428719e-01,2.644729515725541824e-01,-2.454449734358819524e-01,2.683692689828595102e-01,5.337348532343464402e-01,5.580579448283290445e-01,5.000000000000000000e-01,5.719999999999999529e-01,5.561437583197768042e-01,5.786733808616906227e-01,5.000000000000000000e-01,5.220000000000000195e-01,-2.000000000000000042e-02,-2.000000000000000111e-01
1.760439378025000000e+12,4.000000000000000000e+00,1.200000000000000000e+01,3.000000000000000000e+00,-1.000000000000000056e-01,1.000000000000000000e+00,-2.454449734358819524e-01,2.683692689828595102e-01,-2.416961921129865964e-01,2.682674109673339191e-01,5.561437583197768042e-01,5.786733808616906227e-01,5.000000000000000000e-01,5.220000000000000195e-01,5.760840845053903925e-01,5.781344495626133950e-01,5.999999999999999778e-01,4.720000000000000306e-01,-2.000000000000000042e-02,2.000000000000000111e-01
1.760439378228000000e+12,4.000000000000000000e+00,1.200000000000000000e+01,3.000000000000000000e+00,-1.000000000000000056e-01,2.000000000000000000e+00,-2.416961921129865964e-01,2.682674109673339191e-01,-2.374855019926921107e-01,2.641619145222599552e-01,5.760840845053903925e-01,5.781344495626133950e-01,5.999999999999999778e-01,4.720000000000000306e-01,5.984813723792972162e-01,5.564122461495236704e-01,5.000000000000000000e-01,4.220000000000000417e-01,-2.000000000000000042e-02,-2.000000000000000111e-01
1.760439378432000000e+12,4.000000000000000000e+00,1.200000000000000000e+01,3.000000000000000000e+00,-1.000000000000000056e-01,2.000000000000000000e+00,-2.374855019926921107e-01,2.641619145222599552e-01,-2.415874700823868459e-01,2.556467070878633563e-01,5.984813723792972162e-01,5.564122461495236704e-01,5.000000000000000000e-01,4.220000000000000417e-01,5.766623931787933088e-01,5.113582385601236346e-01,3.960000000000000187e-01,3.699999999999998845e-01,-2.000000000000000042e-02,-2.000000000000000111e-01
1.760439378638000000e+12,4.000000000000000000e+00,1.200000000000000000e+01,3.000000000000000000e+00,0.000000000000000000e+00,0.000000000000000000e+00,-2.415874700823868459e-01,2.556467070878633563e-01,-2.499168962860137677e-01,2.451124800256940794e-01,5.766623931787933088e-01,5.113582385601236346e-01,6.039999999999999813e-01,3.699999999999998845e-01,5.323569346488629117e-01,4.556215874375348363e-01,3.960000000000000187e-01,3.679999999999998828e-01,0.000000000000000000e+00,0.000000000000000000e+00
1.760439378843000000e+12,4.000000000000000000e+00,1.200000000000000000e+01,3.000000000000000000e+00,1.000000000000000056e-01,1.000000000000000000e+00,-2.502502036156190046e-01,2.446907062169825509e-01,-2.548132980062567388e-01,2.347087079050039216e-01,5.305840233211754908e-01,4.533899799840346856e-01,5.040000000000000036e-01,3.679999999999998828e-01,5.063122446475705196e-01,4.005751741005498801e-01,4.960000000000000520e-01,3.960000000000000187e-01,2.000000000000000042e-02,2.000000000000000111e-01
1.760439379045000000e+12,4.000000000000000000e+00,1.200000000000000000e+01,3.000000000000000000e+00,0.000000000000000000e+00,0.000000000000000000e+00,-2.548132980062567388e-01,2.347087079050039216e-01,-2.551478409798760283e-01,2.282876871277260133e-01,5.063122446475705196e-01,4.005751741005498801e-01,4.040000000000000258e-01,3.960000000000000187e-01,5.045327607453402585e-01,3.666015191943175489e-01,4.960000000000000520e-01,4.440000000000000058e-01,0.000000000000000000e+00,0.000000000000000000e+00
1.760439379249000000e+12,4.000000000000000000e+00,1.200000000000000000e+01,3.000000000000000000e+00,0.000000000000000000e+00,0.000000000000000000e+00,-2.551478409798760283e-01,2.282876871277260133e-01,-2.554806541166594336e-01,2.238220649802803996e-01,5.045327607453402585e-01,3.666015191943175489e-01,4.040000000000000258e-01,4.440000000000000058e-01,5.027624781028753320e-01,3.429738887845524276e-01,4.960000000000000520e-01,4.440000000000000058e-01,0.000000000000000000e+00,0.000000000000000000e+00
1.760439379453000000e+12,4.000000000000000000e+00,1.200000000000000000e+01,3.000000000000000000e+00,1.000000000000000056e-01,2.000000000000000000e+00,-2.554939599026262442e-01,2.236434317343769795e-01,-2.596025191069107341e-01,2.192106881304282107e-01,5.026917026456050319e-01,3.420287393353279581e-01,5.000000000000000000e-01,4.440000000000000058e-01,4.808376643249428484e-01,3.185750694731651622e-01,3.960000000000000187e-01,4.520000000000000129e-01,2.000000000000000042e-02,-2.000000000000000111e-01
1.760439379656000000e+12,4.000000000000000000e+00,1.200000000000000000e+01,3.000000000000000000e+00,1.000000000000000056e-01,1.000000000000000000e+00,-2.596025191069107341e-01,2.192106881304282107e-01,-2.641644355701249780e-01,2.172664743749523064e-01,4.808376643249428484e-01,3.185750694731651622e-01,5.000000000000000000e-01,4.520000000000000129e-01,4.565721512227394197e-01,3.082882242060969169e-01,4.960000000000000520e-01,5.020000000000000018e-01,2.000000000000000042e-02,2.000000000000000111e-01
1.760439379859000000e+12,4.000000000000000000e+00,1.200000000000000000e+01,3.000000000000000000e+00,1.000000000000000056e-01,1.000000000000000000e+00,-2.641644355701249780e-01,2.172664743749523064e-01,-2.604293219269536164e-01,2.194876769803977556e-01,4.565721512227394197e-01,3.082882242060969169e-01,5.000000000000000000e-01,5.020000000000000018e-01,4.764397769842892427e-01,3.200406189439035098e-01,5.959999999999999742e-01,5.519999999999999352e-01,2.000000000000000042e-02,2.000000000000000111e-01
1.760439380063000000e+12,4.000000000000000000e+00,1.200000000000000000e+01,3.000000000000000000e+00,0.000000000000000000e+00,2.000000000000000000e+00,-2.604293219269536164e-01,2.194876769803977556e-01,-2.562225374752947760e-01,2.256750475488795704e-01,4.764397769842892427e-01,3.200406189439035098e-01,5.999999999999999778e-01,5.540000000000000480e-01,4.988162900250277532e-01,3.527780293591512017e-01,5.000000000000000000e-01,5.959999999999999742e-01,0.000000000000000000e+00,-2.000000000000000111e-01
1.760439380268000000e+12,4.000000000000000000e+00,1.200000000000000000e+01,3.000000000000000000e+00,0.000000000000000000e+00,1.000000000000000000e+00,-2.562225374752947760e-01,2.256750475488795704e-01,-2.524653815989635897e-01,2.333695473186089830e-01,4.988162900250277532e-01,3.527780293591512017e-01,5.000000000000000000e-01,5.959999999999999742e-01,5.188011617076404569e-01,3.934896683524285455e-01,5.999999999999999778e-01,5.959999999999999742e-01,0.000000000000000000e+00,2.000000000000000111e-01
1.760439380471000000e+12,4.000000000000000000e+00,1.200000000000000000e+01,3.000000000000000000e+00,-1.000000000000000056e-01,2.000000000000000000e+00,-2.521490803229980981e-01,2.336773197091364385e-01,-2.476128651123965241e-01,2.407211831839006499e-01,5.204836153032015300e-01,3.951180936991346426e-01,6.039999999999999813e-01,5.959999999999999742e-01,5.446124196149120245e-01,4.323872126132309868e-01,5.040000000000000036e-01,5.659999999999999476e-01,-2.000000000000000042e-02,-2.000000000000000111e-01
0.000000000000000000e+00,0.000000000000000000e+00,0.000000000000000000e+00,0.000000000000000000e+00,0.000000000000000000e+00,0.000000000000000000e+00,0.000000000000000000e+00,0.000000000000000000e+00,0.000000000000000000e+00,0.000000000000000000e+00,0.000000000000000000e+00,0.000000000000000000e+00,0.000000000000000000e+00,0.000000000000000000e+00,0.000000000000000000e+00,0.000000000000000000e+00,0.000000000000000000e+00,0.000000000000000000e+00,0.000000000000000000e+00,0.000000000000000000e+00
1.760439386193000000e+12,5.000000000000000000e+00,1.200000000000000000e+01,0.000000000000000000e+00,-1.000000000000000056e-01,0.000000000000000000e+00,-2.476080343855199539e-01,2.413406679571113433e-01,-1.737928624567300073e-01,3.257799969087175618e-01,5.446381149706385205e-01,4.356649098259859909e-01,5.000000000000000000e-01,5.599999999999999423e-01,9.372720082088830118e-01,8.824338460778707871e-01,4.919999999999999929e-01,5.540000000000000480e-01,-2.000000000000000042e-02,0.000000000000000000e+00
1.760439386396000000e+12,5.000000000000000000e+00,1.200000000000000000e+01,0.000000000000000000e+00,-1.000000000000000056e-01,2.000000000000000000e+00,-1.737928624567300073e-01,3.257799969087175618e-01,-1.782231293541350903e-01,3.280804730660983881e-01,9.372720082088830118e-01,8.824338460778707871e-01,5.000000000000000000e-01,5.519999999999999352e-01,9.137067587546006120e-01,8.946056775984042586e-01,3.920000000000000151e-01,5.020000000000000018e-01,-2.000000000000000042e-02,-2.000000000000000111e-01
1.760439386600000000e+12,5.000000000000000000e+00,1.200000000000000000e+01,0.000000000000000000e+00,-1.000000000000000056e-01,2.000000000000000000e+00,-1.782231293541350903e-01,3.280804730660983881e-01,-1.906415558402709820e-01,3.263851956459746795e-01,9.137067587546006120e-01,8.946056775984042586e-01,4.000000000000000777e-01,5.020000000000000018e-01,8.476512987219628759e-01,8.856359557988079390e-01,2.919999999999999818e-01,4.520000000000000129e-01,-2.000000000000000042e-02,-2.000000000000000111e-01
1.760439386801000000e+12,5.000000000000000000e+00,1.200000000000000000e+01,0.000000000000000000e+00,-1.000000000000000056e-01,1.000000000000000000e+00,-1.906415558402709820e-01,3.263851956459746795e-01,-2.045077226167095752e-01,3.203768874219837248e-01,8.476512987219628759e-01,8.856359557988079390e-01,2.999999999999999889e-01,4.520000000000000129e-01,7.738950924643107632e-01,8.538459651956812335e-01,3.840000000000000080e-01,4.019999999999999685e-01,-2.000000000000000042e-02,2.000000000000000111e-01
1.760439387005000000e+12,5.000000000000000000e+00,1.200000000000000000e+01,0.000000000000000000e+00,0.000000000000000000e+00,1.000000000000000000e+00,-2.045077226167095752e-01,3.203768874219837248e-01,-2.097216024159768155e-01,3.108584708040119104e-01,7.738950924643107632e-01,8.538459651956812335e-01,1.959999999999997300e-01,3.999999999999999667e-01,7.461616892767191089e-01,8.034839725079996331e-01,4.879999999999999893e-01,3.719999999999999418e-01,0.000000000000000000e+00,2.000000000000000111e-01
1.760439387208000000e+12,5.000000000000000000e+00,1.200000000000000000e+01,0.000000000000000000e+00,0.000000000000000000e+00,0.000000000000000000e+00,-2.097216024159768155e-01,3.108584708040119104e-01,-2.106977602313078735e-01,3.006424135954066656e-01,7.461616892767191089e-01,8.034839725079996331e-01,9.600000000000025180e-02,3.719999999999999418e-01,7.409693604717666471e-01,7.494307597640564866e-01,4.879999999999999893e-01,3.719999999999999418e-01,0.000000000000000000e+00,0.000000000000000000e+00
1.760439387412000000e+12,5.000000000000000000e+00,1.200000000000000000e+01,0.000000000000000000e+00,0.000000000000000000e+00,0.000000000000000000e+00,-2.107367235586458110e-01,3.002337388211553937e-01,-2.117102014208229743e-01,2.900159442522587394e-01,7.407621087306073271e-01,7.472684593711926837e-01,-7.450580569168252509e-09,3.719999999999999418e-01,7.355840349956224156e-01,6.932060542447553431e-01,4.879999999999999893e-01,3.719999999999999418e-01,0.000000000000000000e+00,0.000000000000000000e+00
1.760439387614000000e+12,5.000000000000000000e+00,1.200000000000000000e+01,0.000000000000000000e+00,0.000000000000000000e+00,0.000000000000000000e+00,-2.117102014208229743e-01,2.900159442522587394e-01,-2.126826906414770457e-01,2.797966197989915083e-01,7.355840349956224156e-01,6.932060542447553431e-01,9.999999254941882576e-02,3.719999999999999418e-01,7.304112199921433124e-01,6.391355544920186427e-01,4.879999999999999893e-01,3.719999999999999418e-01,0.000000000000000000e+00,0.000000000000000000e+00
1.760439387818000000e+12,5.000000000000000000e+00,1.200000000000000000e+01,0.000000000000000000e+00,0.000000000000000000e+00,0.000000000000000000e+00,-2.126826906414770457e-01,2.797966197989915083e-01,-2.136542407769920215e-01,2.695758956750789470e-01,7.304112199921433124e-01,6.391355544920186427e-01,2.039999925494183630e-01,3.719999999999999418e-01,7.252434001223828641e-01,5.850576490744918701e-01,4.879999999999999893e-01,3.719999999999999418e-01,0.000000000000000000e+00,0.000000000000000000e+00
1.760439388021000000e+12,5.000000000000000000e+00,1.200000000000000000e+01,0.000000000000000000e+00,1.000000000000000056e-01,2.000000000000000000e+00,-2.136930862953816956e-01,2.691670415521651982e-01,-2.184303369876758327e-01,2.597911008536930022e-01,7.250367750245654275e-01,5.828943997469059335e-01,5.000000000000000000e-01,3.719999999999999418e-01,6.998386330442775138e-01,5.332862479031376113e-01,3.880000000000000115e-01,4.060000000000000275e-01,2.000000000000000042e-02,-2.000000000000000111e-01
1.760439388224000000e+12,5.000000000000000000e+00,1.200000000000000000e+01,0.000000000000000000e+00,1.000000000000000056e-01,0.000000000000000000e+00,-2.184303369876758327e-01,2.597911008536930022e-01,-2.274004716671106652e-01,2.541721757970301088e-01,6.998386330442775138e-01,5.332862479031376113e-01,5.000000000000000000e-01,4.060000000000000275e-01,6.521251507068581699e-01,5.035564856985720317e-01,3.880000000000000115e-01,4.560000000000000164e-01,2.000000000000000042e-02,0.000000000000000000e+00
1.760439388428000000e+12,5.000000000000000000e+00,1.200000000000000000e+01,0.000000000000000000e+00,0.000000000000000000e+00,0.000000000000000000e+00,-2.274004716671106652e-01,2.541721757970301088e-01,-2.367322078352293024e-01,2.512560166515721560e-01,6.521251507068581699e-01,5.035564856985720317e-01,5.999999999999999778e-01,4.560000000000000164e-01,6.024882561955887672e-01,4.881270722305405818e-01,3.880000000000000115e-01,4.660000000000000253e-01,0.000000000000000000e+00,0.000000000000000000e+00
1.760439388631000000e+12,5.000000000000000000e+00,1.200000000000000000e+01,0.000000000000000000e+00,0.000000000000000000e+00,1.000000000000000000e+00,-2.367322078352293024e-01,2.512560166515721560e-01,-2.419312896136895930e-01,2.485523265833188833e-01,6.024882561955887672e-01,4.881270722305405818e-01,5.000000000000000000e-01,4.660000000000000253e-01,5.748335658846297491e-01,4.738218337741740283e-01,4.879999999999999893e-01,4.660000000000000253e-01,0.000000000000000000e+00,2.000000000000000111e-01
1.760439388833000000e+12,5.000000000000000000e+00,1.200000000000000000e+01,0.000000000000000000e+00,-1.000000000000000056e-01,2.000000000000000000e+00,-2.419312896136895930e-01,2.485523265833188833e-01,-2.466759980503929195e-01,2.448956054897854229e-01,5.748335658846297491e-01,4.738218337741740283e-01,6.039999999999999813e-01,4.660000000000000253e-01,5.495957550511014755e-01,4.544741031205578596e-01,3.880000000000000115e-01,4.299999999999999933e-01,-2.000000000000000042e-02,-2.000000000000000111e-01
1.760439389037000000e+12,5.000000000000000000e+00,1.200000000000000000e+01,0.000000000000000000e+00,0.000000000000000000e+00,1.000000000000000000e+00,-2.466759980503929195e-01,2.448956054897854229e-01,-2.525490121044862146e-01,2.376957910915392103e-01,5.495957550511014755e-01,4.544741031205578596e-01,5.040000000000000036e-01,4.299999999999999933e-01,5.183563185931583384e-01,4.163798470451810507e-01,4.799999999999999822e-01,4.080000000000000293e-01,0.000000000000000000e+00,2.000000000000000111e-01
0.000000000000000000e+00,0.000000000000000000e+00,0.000000000000000000e+00,0.000000000000000000e+00,0.000000000000000000e+00,0.000000000000000000e+00,0.000000000000000000e+00,0.000000000000000000e+00,0.000000000000000000e+00,0.000000000000000000e+00,0.000000000000000000e+00,0.000000000000000000e+00,0.000000000000000000e+00,0.000000000000000000e+00,0.000000000000000000e+00,0.000000000000000000e+00,0.000000000000000000e+00,0.000000000000000000e+00,0.000000000000000000e+00,0.000000000000000000e+00
1.760439394776000000e+12,6.000000000000000000e+00,1.200000000000000000e+01,3.000000000000000000e+00,0.000000000000000000e+00,2.000000000000000000e+00,-2.526737865969089780e-01,2.368144658367980493e-01,-3.367335916741984736e-01,1.592899225444253941e-01,5.176926244845266867e-01,4.117167504592489924e-01,5.000000000000000000e-01,4.080000000000000293e-01,7.056600173298673007e-02,1.533981716536464077e-03,3.999999999999999667e-01,5.000000000000000000e-01,0.000000000000000000e+00,-2.000000000000000111e-01
1.760439394979000000e+12,6.000000000000000000e+00,1.200000000000000000e+01,3.000000000000000000e+00,0.000000000000000000e+00,2.000000000000000000e+00,-3.367335916741984736e-01,1.592899225444253941e-01,-3.488442926098719310e-01,1.592997637018489232e-01,7.056600173298673007e-02,1.533981716536464077e-03,5.000000000000000000e-01,5.000000000000000000e-01,6.147379734723654003e-03,1.586051332533972577e-03,2.959999999999999853e-01,5.000000000000000000e-01,0.000000000000000000e+00,-2.000000000000000111e-01
1.760439395184000000e+12,6.000000000000000000e+00,1.200000000000000000e+01,3.000000000000000000e+00,1.000000000000000056e-01,2.000000000000000000e+00,-3.488442926098719310e-01,1.592997637018489232e-01,-3.496799627393379351e-01,1.593102506047210098e-01,6.147379734723654003e-03,1.586051332533972577e-03,4.000000000000000777e-01,5.000000000000000000e-01,1.702325854585333897e-03,1.641537591116441590e-03,5.000000000000000000e-01,5.020000000000000018e-01,2.000000000000000042e-02,-2.000000000000000111e-01
1.760439395388000000e+12,6.000000000000000000e+00,1.200000000000000000e+01,3.000000000000000000e+00,1.000000000000000056e-01,1.000000000000000000e+00,-3.496808141915478396e-01,1.593154719078725412e-01,-3.459338550059518069e-01,1.615290425684021980e-01,1.697796853468820253e-03,1.669163533717136442e-03,2.999999999999999889e-01,5.040000000000000036e-01,2.162843081940516582e-02,1.338117761059362879e-02,5.999999999999999778e-01,5.540000000000000480e-01,2.000000000000000042e-02,2.000000000000000111e-01
1.760439395592000000e+12,6.000000000000000000e+00,1.200000000000000000e+01,3.000000000000000000e+00,1.000000000000000056e-01,2.000000000000000000e+00,-3.459338550059518069e-01,1.615290425684021980e-01,-3.417315528741705077e-01,1.677452207482728053e-01,2.162843081940516582e-02,1.338117761059362879e-02,1.959999999999997300e-01,5.540000000000000480e-01,4.398110173313548449e-02,4.627100925012065519e-02,5.000000000000000000e-01,6.039999999999999813e-01,2.000000000000000042e-02,-2.000000000000000111e-01
1.760439395795000000e+12,6.000000000000000000e+00,1.200000000000000000e+01,3.000000000000000000e+00,0.000000000000000000e+00,2.000000000000000000e+00,-3.417315528741705077e-01,1.677452207482728053e-01,-3.455192897547821329e-01,1.779023078479166631e-01,4.398110173313548449e-02,4.627100925012065519e-02,9.600000000000025180e-02,6.039999999999999813e-01,2.383356513413747643e-02,1.000122108355379069e-01,3.999999999999999667e-01,6.440000000000001279e-01,0.000000000000000000e+00,-2.000000000000000111e-01
1.760439395999000000e+12,6.000000000000000000e+00,1.200000000000000000e+01,3.000000000000000000e+00,0.000000000000000000e+00,1.000000000000000000e+00,-3.458368955059326622e-01,1.783636392779181234e-01,-3.497175764953310284e-01,1.898970741482349234e-01,2.214417284078359568e-02,1.024531178725826691e-01,-7.450580569168252509e-09,6.440000000000001279e-01,1.502252684409305416e-03,1.634765827948937711e-01,5.279999999999999138e-01,6.440000000000001279e-01,0.000000000000000000e+00,2.000000000000000111e-01
1.760439396203000000e+12,6.000000000000000000e+00,1.200000000000000000e+01,3.000000000000000000e+00,0.000000000000000000e+00,1.000000000000000000e+00,-3.497175764953310284e-01,1.898970741482349234e-01,-3.437325598430798212e-01,2.014302828887368779e-01,1.502252684409305416e-03,1.634765827948937711e-01,9.999999254941882576e-02,6.440000000000001279e-01,3.333744764319232501e-02,2.244988512631581057e-01,6.279999999999998916e-01,6.440000000000001279e-01,0.000000000000000000e+00,2.000000000000000111e-01
1.760439396407000000e+12,6.000000000000000000e+00,1.200000000000000000e+01,3.000000000000000000e+00,0.000000000000000000e+00,1.000000000000000000e+00,-3.433270781051003251e-01,2.018916000265405242e-01,-3.290245076567361870e-01,2.134238860407077776e-01,3.549426539840241229e-02,2.269396826801086120e-01,2.039999925494183630e-01,6.440000000000001279e-01,1.115717677833180516e-01,2.879570689984538578e-01,7.320000000000000950e-01,6.440000000000001279e-01,0.000000000000000000e+00,2.000000000000000111e-01
1.760439396609000000e+12,6.000000000000000000e+00,1.200000000000000000e+01,3.000000000000000000e+00,0.000000000000000000e+00,1.000000000000000000e+00,-3.290245076567361870e-01,2.134238860407077776e-01,-3.067164131451151077e-01,2.249541617342149524e-01,1.115717677833180516e-01,2.879570689984538578e-01,5.000000000000000000e-01,6.440000000000001279e-01,2.302318449727918936e-01,3.489638186995500657e-01,8.320000000000001839e-01,6.440000000000001279e-01,0.000000000000000000e+00,2.000000000000000111e-01
1.760439396813000000e+12,6.000000000000000000e+00,1.200000000000000000e+01,3.000000000000000000e+00,-1.000000000000000056e-01,2.000000000000000000e+00,-3.067164131451151077e-01,2.249541617342149524e-01,-2.825663827013545903e-01,2.363826891489020088e-01,2.302318449727918936e-01,3.489638186995500657e-01,5.000000000000000000e-01,6.440000000000001279e-01,3.586894537161989249e-01,4.094322177190583001e-01,7.400000000000001021e-01,6.179999999999999938e-01,-2.000000000000000042e-02,-2.000000000000000111e-01
1.760439397016000000e+12,6.000000000000000000e+00,1.200000000000000000e+01,3.000000000000000000e+00,0.000000000000000000e+00,2.000000000000000000e+00,-2.825663827013545903e-01,2.363826891489020088e-01,-2.674754229183907706e-01,2.438247669274754004e-01,3.586894537161989249e-01,4.094322177190583001e-01,5.999999999999999778e-01,6.160000000000001030e-01,4.389605163915383801e-01,4.488082906215630219e-01,6.359999999999998987e-01,5.739999999999999547e-01,0.000000000000000000e+00,-2.000000000000000111e-01
1.760439397219000000e+12,6.000000000000000000e+00,1.200000000000000000e+01,3.000000000000000000e+00,0.000000000000000000e+00,2.000000000000000000e+00,-2.674754229183907706e-01,2.438247669274754004e-01,-2.603790538855040304e-01,2.497610075244314776e-01,4.389605163915383801e-01,4.488082906215630219e-01,5.000000000000000000e-01,5.739999999999999547e-01,4.767071601834891315e-01,4.802169710287380044e-01,5.360000000000000320e-01,5.739999999999999547e-01,0.000000000000000000e+00,-2.000000000000000111e-01
0.000000000000000000e+00,0.000000000000000000e+00,0.000000000000000000e+00,0.000000000000000000e+00,0.000000000000000000e+00,0.000000000000000000e+00,0.000000000000000000e+00,0.000000000000000000e+00,0.000000000000000000e+00,0.000000000000000000e+00,0.000000000000000000e+00,0.000000000000000000e+00,0.000000000000000000e+00,0.000000000000000000e+00,0.000000000000000000e+00,0.000000000000000000e+00,0.000000000000000000e+00,0.000000000000000000e+00,0.000000000000000000e+00,0.000000000000000000e+00
1.760439402914000000e+12,7.000000000000000000e+00,1.200000000000000000e+01,2.000000000000000000e+00,0.000000000000000000e+00,1.000000000000000000e+00,-2.599847444769751159e-01,2.507109418543158608e-01,-1.659399035487653107e-01,1.686722677781977153e-01,4.788045506543876506e-01,4.852430785942638547e-01,5.000000000000000000e-01,5.739999999999999547e-01,9.790430662299717257e-01,5.117601999046409583e-02,6.159999999999999920e-01,5.739999999999999547e-01,0.000000000000000000e+00,2.000000000000000111e-01
1.760439403117000000e+12,7.000000000000000000e+00,1.200000000000000000e+01,2.000000000000000000e+00,1.000000000000000056e-01,2.000000000000000000e+00,-1.659399035487653107e-01,1.686722677781977153e-01,-1.630863297326039518e-01,1.757900761427562131e-01,9.790430662299717257e-01,5.117601999046409583e-02,5.000000000000000000e-01,5.739999999999999547e-01,9.942216503584896392e-01,8.883638170770483122e-02,4.479999999999999538e-01,6.140000000000001013e-01,2.000000000000000042e-02,-2.000000000000000111e-01
1.760439403321000000e+12,7.000000000000000000e+00,1.200000000000000000e+01,2.000000000000000000e+00,1.000000000000000056e-01,2.000000000000000000e+00,-1.630863297326039518e-01,1.757900761427562131e-01,-1.710173640343464474e-01,1.868052387281795013e-01,9.942216503584896392e-01,8.883638170770483122e-02,4.000000000000000777e-01,6.140000000000001013e-01,9.520352976896465647e-01,1.471176652284629793e-01,3.480000000000000870e-01,6.640000000000001457e-01,2.000000000000000042e-02,-2.000000000000000111e-01
1.760439403526000000e+12,7.000000000000000000e+00,1.200000000000000000e+01,2.000000000000000000e+00,0.000000000000000000e+00,0.000000000000000000e+00,-1.715006450546945060e-01,1.873288803306157879e-01,-1.839801314024385737e-01,2.011885946055253782e-01,9.494646539643909477e-01,1.498882557175438557e-01,2.999999999999999889e-01,6.660000000000001474e-01,8.830844074338374261e-01,2.232200772779120712e-01,3.440000000000001390e-01,6.740000000000001545e-01,0.000000000000000000e+00,0.000000000000000000e+00
1.760439403729000000e+12,7.000000000000000000e+00,1.200000000000000000e+01,2.000000000000000000e+00,0.000000000000000000e+00,0.000000000000000000e+00,-1.839801314024385737e-01,2.011885946055253782e-01,-1.964644565152266487e-01,2.151212115334815989e-01,8.830844074338374261e-01,2.232200772779120712e-01,1.959999999999997300e-01,6.740000000000001545e-01,8.166784227913476135e-01,2.969376271612783058e-01,3.440000000000001390e-01,6.740000000000001545e-01,0.000000000000000000e+00,0.000000000000000000e+00
1.760439403931000000e+12,7.000000000000000000e+00,1.200000000000000000e+01,2.000000000000000000e+00,-1.000000000000000056e-01,0.000000000000000000e+00,-1.964644565152266487e-01,2.151212115334815989e-01,-2.089505983784344378e-01,2.290548374989921088e-01,8.166784227913476135e-01,2.969376271612783058e-01,9.600000000000025180e-02,6.740000000000001545e-01,7.502627745827955552e-01,3.706605158676831713e-01,3.440000000000001390e-01,6.720000000000000417e-01,-2.000000000000000042e-02,0.000000000000000000e+00
1.760439404135000000e+12,7.000000000000000000e+00,1.200000000000000000e+01,2.000000000000000000e+00,-1.000000000000000056e-01,0.000000000000000000e+00,-2.094500844916890592e-01,2.296074035301806093e-01,-2.219389256856886539e-01,2.413386649977574960e-01,7.476059335548453921e-01,3.735841456623312795e-01,-7.450580569168252509e-09,6.700000000000000400e-01,6.811759272037837265e-01,4.356543121574470989e-01,3.440000000000001390e-01,6.199999999999999956e-01,-2.000000000000000042e-02,0.000000000000000000e+00
1.760439404338000000e+12,7.000000000000000000e+00,1.200000000000000000e+01,2.000000000000000000e+00,-1.000000000000000056e-01,0.000000000000000000e+00,-2.219389256856886539e-01,2.413386649977574960e-01,-2.344305469367571337e-01,2.490713577816311142e-01,6.811759272037837265e-01,4.356543121574470989e-01,9.999999254941882576e-02,6.199999999999999956e-01,6.147311333151216362e-01,4.765680305906408454e-01,3.440000000000001390e-01,5.699999999999999512e-01,-2.000000000000000042e-02,0.000000000000000000e+00
1.760439404542000000e+12,7.000000000000000000e+00,1.200000000000000000e+01,2.000000000000000000e+00,-1.000000000000000056e-01,1.000000000000000000e+00,-2.349302613772589476e-01,2.492967739580327358e-01,-2.436544375073586288e-01,2.528690522231218929e-01,6.120730777805374334e-01,4.777607087726600255e-01,2.039999925494183630e-01,5.699999999999999512e-01,5.656678855991561505e-01,4.966616519741899882e-01,4.440000000000000058e-01,5.180000000000000160e-01,-2.000000000000000042e-02,2.000000000000000111e-01
1.760439404745000000e+12,7.000000000000000000e+00,1.200000000000000000e+01,2.000000000000000000e+00,0.000000000000000000e+00,1.000000000000000000e+00,-2.436544375073586288e-01,2.528690522231218929e-01,-2.443841924692630174e-01,2.536309546933207537e-01,5.656678855991561505e-01,4.966616519741899882e-01,5.000000000000000000e-01,5.180000000000000160e-01,5.617862102698775173e-01,5.006928819752420878e-01,5.440000000000000391e-01,5.080000000000000071e-01,0.000000000000000000e+00,2.000000000000000111e-01
1.760439404949000000e+12,7.000000000000000000e+00,1.200000000000000000e+01,2.000000000000000000e+00,0.000000000000000000e+00,2.000000000000000000e+00,-2.443841924692630174e-01,2.536309546933207537e-01,-2.446530919236478419e-01,2.542881029738423004e-01,5.617862102698775173e-01,5.006928819752420878e-01,5.000000000000000000e-01,5.080000000000000071e-01,5.603558940231497809e-01,5.041698570044567118e-01,4.440000000000000058e-01,5.080000000000000071e-01,0.000000000000000000e+00,-2.000000000000000111e-01
1.760439405154000000e+12,7.000000000000000000e+00,1.200000000000000000e+01,2.000000000000000000e+00,0.000000000000000000e+00,1.000000000000000000e+00,-2.448312781559036089e-01,2.543143871992599170e-01,-2.458700980713566797e-01,2.549716623826880912e-01,5.594080949154063287e-01,5.043089269802112362e-01,5.999999999999999778e-01,5.080000000000000071e-01,5.538824570672516989e-01,5.077865734533761888e-01,5.400000000000000355e-01,5.080000000000000071e-01,0.000000000000000000e+00,2.000000000000000111e-01
1.760439405357000000e+12,7.000000000000000000e+00,1.200000000000000000e+01,2.000000000000000000e+00,0.000000000000000000e+00,2.000000000000000000e+00,-2.458700980713566797e-01,2.549716623826880912e-01,-2.464625072718707455e-01,2.556290029077368797e-01,5.538824570672516989e-01,5.077865734533761888e-01,5.000000000000000000e-01,5.080000000000000071e-01,5.507313442985598551e-01,5.112645656494015922e-01,4.400000000000000022e-01,5.080000000000000071e-01,0.000000000000000000e+00,-2.000000000000000111e-01
1.760439405561000000e+12,7.000000000000000000e+00,1.200000000000000000e+01,2.000000000000000000e+00,0.000000000000000000e+00,1.000000000000000000e+00,-2.466519057591877728e-01,2.556552934639587660e-01,-2.480126829418270451e-01,2.563127699667984150e-01,5.497239055362351801e-01,5.114036691214750574e-01,6.039999999999999813e-01,5.080000000000000071e-01,5.424857290328348736e-01,5.148823807767112237e-01,5.360000000000000320e-01,5.080000000000000071e-01,0.000000000000000000e+00,2.000000000000000111e-01
1.760439405765000000e+12,7.000000000000000000e+00,1.200000000000000000e+01,2.000000000000000000e+00,-1.000000000000000056e-01,2.000000000000000000e+00,-2.480126829418270451e-01,2.563127699667984150e-01,-2.489270631785846510e-01,2.561206947843339132e-01,5.424857290328348736e-01,5.148823807767112237e-01,5.040000000000000036e-01,5.080000000000000071e-01,5.376220043692305772e-01,5.138661099700208013e-01,4.359999999999999987e-01,4.740000000000000324e-01,-2.000000000000000042e-02,-2.000000000000000111e-01
1.760439405968000000e+12,7.000000000000000000e+00,1.200000000000000000e+01,2.000000000000000000e+00,-1.000000000000000056e-01,1.000000000000000000e+00,-2.489270631785846510e-01,2.561206947843339132e-01,-2.508131254415914002e-01,2.519347318435347094e-01,5.376220043692305772e-01,5.138661099700208013e-01,4.040000000000000258e-01,4.740000000000000324e-01,5.275897582894073512e-01,4.917181579023001126e-01,5.280000000000000249e-01,4.240000000000000435e-01,-2.000000000000000042e-02,2.000000000000000111e-01
0.000000000000000000e+00,0.000000000000000000e+00,0.000000000000000000e+00,0.000000000000000000e+00,0.000000000000000000e+00,0.000000000000000000e+00,0.000000000000000000e+00,0.000000000000000000e+00,0.000000000000000000e+00,0.000000000000000000e+00,0.000000000000000000e+00,0.000000000000000000e+00,0.000000000000000000e+00,0.000000000000000000e+00,0.000000000000000000e+00,0.000000000000000000e+00,0.000000000000000000e+00,0.000000000000000000e+00,0.000000000000000000e+00,0.000000000000000000e+00
1.760439411664000000e+12,8.000000000000000000e+00,1.200000000000000000e+01,1.000000000000000000e+00,0.000000000000000000e+00,2.000000000000000000e+00,-2.504788693221082774e-01,2.511735917779236993e-01,-3.329957059218399129e-01,3.150343700498496324e-01,5.293677163717644962e-01,4.876909617879561232e-01,5.000000000000000000e-01,4.160000000000000364e-01,9.044837275617056971e-02,8.255786775124319687e-01,4.440000000000000058e-01,4.160000000000000364e-01,0.000000000000000000e+00,-2.000000000000000111e-01
1.760439411868000000e+12,8.000000000000000000e+00,1.200000000000000000e+01,1.000000000000000000e+00,-1.000000000000000056e-01,0.000000000000000000e+00,-3.329957059218399129e-01,3.150343700498496324e-01,-3.375145228827652888e-01,3.083315713738661867e-01,9.044837275617056971e-02,8.255786775124319687e-01,5.000000000000000000e-01,4.160000000000000364e-01,6.641211232571643530e-02,7.901141342532603806e-01,4.440000000000000058e-01,4.100000000000000866e-01,-2.000000000000000042e-02,0.000000000000000000e+00
1.760439412071000000e+12,8.000000000000000000e+00,1.200000000000000000e+01,1.000000000000000000e+00,-1.000000000000000056e-01,2.000000000000000000e+00,-3.375145228827652888e-01,3.083315713738661867e-01,-3.457992669956907461e-01,2.992820654400401570e-01,6.641211232571643530e-02,7.901141342532603806e-01,4.000000000000000777e-01,4.100000000000000866e-01,2.234432449100655360e-02,7.422331504764030363e-01,3.440000000000001390e-01,3.599999999999998757e-01,-2.000000000000000042e-02,-2.000000000000000111e-01
1.760439412274000000e+12,8.000000000000000000e+00,1.200000000000000000e+01,1.000000000000000000e+00,-1.000000000000000056e-01,1.000000000000000000e+00,-3.462968593309500021e-01,2.988368560910988347e-01,-3.478651026106491795e-01,2.856231783325435258e-01,1.969755675026583011e-02,7.398775454555495124e-01,2.999999999999999889e-01,3.579999999999998739e-01,1.135583717739786433e-02,6.699639065213943701e-01,5.720000000000000639e-01,3.080000000000000515e-01,-2.000000000000000042e-02,2.000000000000000111e-01
1.760439412477000000e+12,8.000000000000000000e+00,1.200000000000000000e+01,1.000000000000000000e+00,0.000000000000000000e+00,2.000000000000000000e+00,-3.478651026106491795e-01,2.856231783325435258e-01,-3.459074158373033892e-01,2.684637853674454178e-01,1.135583717739786433e-02,6.699639065213943701e-01,1.959999999999997300e-01,3.080000000000000515e-01,2.176906469519462525e-02,5.791734675526213350e-01,4.720000000000000306e-01,2.680000000000002935e-01,0.000000000000000000e+00,-2.000000000000000111e-01
1.760439412679000000e+12,8.000000000000000000e+00,1.200000000000000000e+01,1.000000000000000000e+00,1.000000000000000056e-01,1.000000000000000000e+00,-3.459074158373033892e-01,2.684637853674454178e-01,-3.444038953974988271e-01,2.500511324695781634e-01,2.176906469519462525e-02,5.791734675526213350e-01,9.600000000000025180e-02,2.680000000000002935e-01,2.976651384309123016e-02,4.817520236485617890e-01,5.720000000000000639e-01,2.820000000000001950e-01,2.000000000000000042e-02,2.000000000000000111e-01
1.760439412884000000e+12,8.000000000000000000e+00,1.200000000000000000e+01,1.000000000000000000e+00,1.000000000000000056e-01,0.000000000000000000e+00,-3.441777238517604864e-01,2.493527730443559354e-01,-3.381257991769582860e-01,2.339780254261199510e-01,3.096955397999729895e-02,4.780570002346875569e-01,-7.450580569168252509e-09,2.840000000000001967e-01,6.316064267575369207e-02,3.967091292387299184e-01,5.760000000000000675e-01,3.339999999999999081e-01,2.000000000000000042e-02,0.000000000000000000e+00
1.760439413087000000e+12,8.000000000000000000e+00,1.200000000000000000e+01,1.000000000000000000e+00,1.000000000000000056e-01,1.000000000000000000e+00,-3.381257991769582860e-01,2.339780254261199510e-01,-3.282990579264025155e-01,2.225984071340620929e-01,6.316064267575369207e-02,3.967091292387299184e-01,9.999999254941882576e-02,3.339999999999999081e-01,1.154305429446673692e-01,3.364995086458312246e-01,6.759999999999999343e-01,3.839999999999999525e-01,2.000000000000000042e-02,2.000000000000000111e-01
1.760439413290000000e+12,8.000000000000000000e+00,1.200000000000000000e+01,1.000000000000000000e+00,1.000000000000000056e-01,1.000000000000000000e+00,-3.282990579264025155e-01,2.225984071340620929e-01,-3.104740097138476429e-01,2.152149292447619044e-01,1.154305429446673692e-01,3.364995086458312246e-01,2.039999925494183630e-01,3.839999999999999525e-01,2.102446291816613966e-01,2.974334880675233439e-01,7.760000000000002451e-01,4.340000000000000524e-01,2.000000000000000042e-02,2.000000000000000111e-01
1.760439413494000000e+12,8.000000000000000000e+00,1.200000000000000000e+01,1.000000000000000000e+00,1.000000000000000056e-01,2.000000000000000000e+00,-3.095931379663890981e-01,2.150034196518705587e-01,-2.909909561125443855e-01,2.117827662205716277e-01,2.149301172000578908e-01,2.963143896924368415e-01,5.000000000000000000e-01,4.360000000000000542e-01,3.138778930183808713e-01,2.792738953469398600e-01,6.800000000000000488e-01,4.860000000000000431e-01,2.000000000000000042e-02,-2.000000000000000111e-01
1.760439413696000000e+12,8.000000000000000000e+00,1.200000000000000000e+01,1.000000000000000000e+00,0.000000000000000000e+00,0.000000000000000000e+00,-2.909909561125443855e-01,2.117827662205716277e-01,-2.766030287119038977e-01,2.124307525630795557e-01,3.138778930183808713e-01,2.792738953469398600e-01,5.000000000000000000e-01,4.860000000000000431e-01,3.904094217451919979e-01,2.827023945136484806e-01,6.800000000000000488e-01,5.220000000000000195e-01,0.000000000000000000e+00,0.000000000000000000e+00
1.760439413900000000e+12,8.000000000000000000e+00,1.200000000000000000e+01,1.000000000000000000e+00,0.000000000000000000e+00,2.000000000000000000e+00,-2.766030287119038977e-01,2.124307525630795557e-01,-2.654076958995614799e-01,2.142739941683336202e-01,3.904094217451919979e-01,2.827023945136484806e-01,5.999999999999999778e-01,5.220000000000000195e-01,4.499590643640346554e-01,2.924549955996488260e-01,5.840000000000000746e-01,5.220000000000000195e-01,0.000000000000000000e+00,-2.000000000000000111e-01
1.760439414103000000e+12,8.000000000000000000e+00,1.200000000000000000e+01,1.000000000000000000e+00,0.000000000000000000e+00,0.000000000000000000e+00,-2.654076958995614799e-01,2.142739941683336202e-01,-2.590173853033317375e-01,2.160470016373205460e-01,4.499590643640346554e-01,2.924549955996488260e-01,5.000000000000000000e-01,5.220000000000000195e-01,4.839500781737672841e-01,3.018359874990505509e-01,5.800000000000000711e-01,5.220000000000000195e-01,0.000000000000000000e+00,0.000000000000000000e+00
1.760439414305000000e+12,8.000000000000000000e+00,1.200000000000000000e+01,1.000000000000000000e+00,1.000000000000000056e-01,2.000000000000000000e+00,-2.590173853033317375e-01,2.160470016373205460e-01,-2.563976912462544444e-01,2.197044269291169583e-01,4.839500781737672841e-01,3.018359874990505509e-01,6.039999999999999813e-01,5.220000000000000195e-01,4.978846210305614139e-01,3.211874440694019173e-01,4.799999999999999822e-01,5.719999999999999529e-01,2.000000000000000042e-02,-2.000000000000000111e-01
1.760439414508000000e+12,8.000000000000000000e+00,1.200000000000000000e+01,1.000000000000000000e+00,0.000000000000000000e+00,0.000000000000000000e+00,-2.563976912462544444e-01,2.197044269291169583e-01,-2.580714183758860969e-01,2.264360586142714626e-01,4.978846210305614139e-01,3.211874440694019173e-01,5.040000000000000036e-01,5.719999999999999529e-01,4.889818171495419752e-01,3.568045429326532902e-01,4.799999999999999822e-01,5.819999999999999618e-01,0.000000000000000000e+00,0.000000000000000000e+00
1.760439414713000000e+12,8.000000000000000000e+00,1.200000000000000000e+01,1.000000000000000000e+00,0.000000000000000000e+00,1.000000000000000000e+00,-2.580714183758860969e-01,2.264360586142714626e-01,-2.559148552049047010e-01,2.330107559360515002e-01,4.889818171495419752e-01,3.568045429326532902e-01,4.040000000000000258e-01,5.819999999999999618e-01,5.004528978462515765e-01,3.915913012489497524e-01,5.800000000000000711e-01,5.819999999999999618e-01,0.000000000000000000e+00,2.000000000000000111e-01
1.760439414915000000e+12,8.000000000000000000e+00,1.200000000000000000e+01,1.000000000000000000e+00,0.000000000000000000e+00,2.000000000000000000e+00,-2.559148552049047010e-01,2.330107559360515002e-01,-2.532944291725739427e-01,2.395859950942254013e-01,5.004528978462515765e-01,3.915913012489497524e-01,4.040000000000000258e-01,5.819999999999999618e-01,5.143913341884364110e-01,4.263809264244730612e-01,4.799999999999999822e-01,5.819999999999999618e-01,0.000000000000000000e+00,-2.000000000000000111e-01
0.000000000000000000e+00,0.000000000000000000e+00,0.000000000000000000e+00,0.000000000000000000e+00,0.000000000000000000e+00,0.000000000000000000e+00,0.000000000000000000e+00,0.000000000000000000e+00,0.000000000000000000e+00,0.000000000000000000e+00,0.000000000000000000e+00,0.000000000000000000e+00,0.000000000000000000e+00,0.000000000000000000e+00,0.000000000000000000e+00,0.000000000000000000e+00,0.000000000000000000e+00,0.000000000000000000e+00,0.000000000000000000e+00,0.000000000000000000e+00
