timestamps,block,episode,init_pos,human_action,agent_action,prev_x,prev_y,next_x,next_y,ee_pos_x_prev,ee_pos_y_prev,ee_vel_x_prev,ee_vel_y_prev,ee_pos_x_next,ee_pos_y_next,ee_vel_x_next,ee_vel_y_next,cmd_acc_human,cmd_acc_agent
1.760439975782000000e+12,1.000000000000000000e+00,2.000000000000000000e+00,2.000000000000000000e+00,0.000000000000000000e+00,1.000000000000000000e+00,-3.160123604118818541e-01,3.352779933513629351e-01,-1.712318546757961024e-01,1.630481642526017683e-01,1.807853169580751485e-01,9.326877955098569206e-01,5.000000000000000000e-01,5.000000000000000000e-01,9.508943900223612022e-01,2.141885847937442452e-02,5.000000000000000000e-01,5.000000000000000000e-01,0.000000000000000000e+00,2.000000000000000111e-01
1.760439975984000000e+12,1.000000000000000000e+00,2.000000000000000000e+00,2.000000000000000000e+00,0.000000000000000000e+00,2.000000000000000000e+00,-1.712319290137411798e-01,1.630484725174262406e-01,-1.750067149333540129e-01,1.630560326129154580e-01,9.508939946077596961e-01,2.142048951019174044e-02,5.999999999999999778e-01,5.000000000000000000e-01,9.308153460991808181e-01,2.146049001542569418e-02,4.000000000000000777e-01,5.000000000000000000e-01,0.000000000000000000e+00,-2.000000000000000111e-01
1.760439976187000000e+12,1.000000000000000000e+00,2.000000000000000000e+00,2.000000000000000000e+00,1.000000000000000056e-01,1.000000000000000000e+00,-1.750067149333540129e-01,1.630560326129154580e-01,-1.792330490388873432e-01,1.630637195420350516e-01,9.308153460991808181e-01,2.146049001542569418e-02,5.999999999999999778e-01,5.000000000000000000e-01,9.083348455378332797e-01,2.150116159806904695e-02,5.000000000000000000e-01,5.000000000000000000e-01,2.000000000000000042e-02,2.000000000000000111e-01
1.760439976389000000e+12,1.000000000000000000e+00,2.000000000000000000e+00,2.000000000000000000e+00,1.000000000000000056e-01,1.000000000000000000e+00,-1.792330490388873432e-01,1.630637195420350516e-01,-1.754656407586614453e-01,1.649569873464575287e-01,9.083348455378332797e-01,2.150116159806904695e-02,5.999999999999999778e-01,5.000000000000000000e-01,9.283742512837157568e-01,3.151845156855834218e-02,5.999999999999999778e-01,5.499999999999999334e-01,2.000000000000000042e-02,2.000000000000000111e-01
1.760439976593000000e+12,1.000000000000000000e+00,2.000000000000000000e+00,2.000000000000000000e+00,1.000000000000000056e-01,0.000000000000000000e+00,-1.751489123949964699e-01,1.651156698307962023e-01,-1.668331987485990597e-01,1.711651960818821872e-01,9.300589766223592569e-01,3.235804143278413203e-02,5.000000000000000000e-01,5.519999999999999352e-01,9.742914960180901751e-01,6.436611683535548023e-02,6.039999999999999813e-01,6.019999999999999796e-01,2.000000000000000042e-02,0.000000000000000000e+00
1.760439976795000000e+12,1.000000000000000000e+00,2.000000000000000000e+00,2.000000000000000000e+00,0.000000000000000000e+00,0.000000000000000000e+00,-1.668331987485990597e-01,1.711651960818821872e-01,-1.620909263002314749e-01,1.804705185567967995e-01,9.742914960180901751e-01,6.436611683535548023e-02,5.000000000000000000e-01,6.019999999999999796e-01,9.995163494668538595e-01,1.136006272846391552e-01,5.000000000000000000e-01,6.199999999999999956e-01,0.000000000000000000e+00,0.000000000000000000e+00
1.760439976999000000e+12,1.000000000000000000e+00,2.000000000000000000e+00,2.000000000000000000e+00,0.000000000000000000e+00,1.000000000000000000e+00,-1.620909263002314749e-01,1.804705185567967995e-01,-1.620918460186192289e-01,1.904649855163204619e-01,9.995163494668538595e-01,1.136006272846391552e-01,3.999999999999999667e-01,6.199999999999999956e-01,9.995114573477701381e-01,1.664814048482564091e-01,5.000000000000000000e-01,6.199999999999999956e-01,0.000000000000000000e+00,2.000000000000000111e-01
1.760439977202000000e+12,1.000000000000000000e+00,2.000000000000000000e+00,2.000000000000000000e+00,0.000000000000000000e+00,2.000000000000000000e+00,-1.620918460186192289e-01,1.904649855163204619e-01,-1.658650369207781416e-01,2.000757614430446751e-01,9.995114573477701381e-01,1.664814048482564091e-01,3.999999999999999667e-01,6.199999999999999956e-01,9.794412929745843766e-01,2.173320711272205275e-01,4.000000000000000777e-01,6.199999999999999956e-01,0.000000000000000000e+00,-2.000000000000000111e-01
1.760439977405000000e+12,1.000000000000000000e+00,2.000000000000000000e+00,2.000000000000000000e+00,-1.000000000000000056e-01,1.000000000000000000e+00,-1.658650369207781416e-01,2.000757614430446751e-01,-1.700936402932560487e-01,2.095192590427864821e-01,9.794412929745843766e-01,2.173320711272205275e-01,5.000000000000000000e-01,6.199999999999999956e-01,9.569487218443827325e-01,2.672976668930501787e-01,5.000000000000000000e-01,6.039999999999999813e-01,-2.000000000000000042e-02,2.000000000000000111e-01
1.760439977610000000e+12,1.000000000000000000e+00,2.000000000000000000e+00,2.000000000000000000e+00,-1.000000000000000056e-01,2.000000000000000000e+00,-1.700969696524912700e-01,2.098541276066453742e-01,-1.735555780992213970e-01,2.161418919792498228e-01,9.569310124867486111e-01,2.690694582362189169e-01,5.040000000000000036e-01,6.039999999999999813e-01,9.385341590466946826e-01,3.023380528002636569e-01,4.040000000000000258e-01,5.519999999999999352e-01,-2.000000000000000042e-02,-2.000000000000000111e-01
1.760439977812000000e+12,1.000000000000000000e+00,2.000000000000000000e+00,2.000000000000000000e+00,-1.000000000000000056e-01,0.000000000000000000e+00,-1.735555780992213970e-01,2.161418919792498228e-01,-1.812378650726314822e-01,2.184303021717124427e-01,9.385341590466946826e-01,3.023380528002636569e-01,6.039999999999999813e-01,5.519999999999999352e-01,8.976709304647261245e-01,3.144460432365738245e-01,4.040000000000000258e-01,5.020000000000000018e-01,-2.000000000000000042e-02,0.000000000000000000e+00
1.760439978016000000e+12,1.000000000000000000e+00,2.000000000000000000e+00,2.000000000000000000e+00,0.000000000000000000e+00,2.000000000000000000e+00,-1.812378650726314822e-01,2.184303021717124427e-01,-1.930011929519040159e-01,2.184513694321068289e-01,8.976709304647261245e-01,3.144460432365738245e-01,6.039999999999999813e-01,5.020000000000000018e-01,8.351000374898722711e-01,3.145575102227874953e-01,3.080000000000000515e-01,5.000000000000000000e-01,0.000000000000000000e+00,-2.000000000000000111e-01
1.760439978219000000e+12,1.000000000000000000e+00,2.000000000000000000e+00,2.000000000000000000e+00,1.000000000000000056e-01,2.000000000000000000e+00,-1.930011929519040159e-01,2.184513694321068289e-01,-2.124523110846864293e-01,2.185188511239042897e-01,8.351000374898722711e-01,3.145575102227874953e-01,5.000000000000000000e-01,5.000000000000000000e-01,7.316366431665615178e-01,3.149145562111338448e-01,2.039999999999997649e-01,5.100000000000000089e-01,2.000000000000000042e-02,-2.000000000000000111e-01
1.760439978423000000e+12,1.000000000000000000e+00,2.000000000000000000e+00,2.000000000000000000e+00,1.000000000000000056e-01,1.000000000000000000e+00,-2.124523110846864293e-01,2.185188511239042897e-01,-2.323725448244134406e-01,2.212104139873502240e-01,7.316366431665615178e-01,3.149145562111338448e-01,5.999999999999999778e-01,5.100000000000000089e-01,6.256779530616306539e-01,3.291556295626996143e-01,3.039999999999999925e-01,5.599999999999999423e-01,2.000000000000000042e-02,2.000000000000000111e-01
1.760439978627000000e+12,1.000000000000000000e+00,2.000000000000000000e+00,2.000000000000000000e+00,0.000000000000000000e+00,1.000000000000000000e+00,-2.330017669553400839e-01,2.214020943346226844e-01,-2.446063562794359436e-01,2.280891157900540311e-01,6.223310268332974404e-01,3.301698112942999530e-01,5.000000000000000000e-01,5.619999999999999440e-01,5.606044878753406735e-01,3.655508771960531145e-01,4.080000000000000293e-01,5.959999999999999742e-01,0.000000000000000000e+00,2.000000000000000111e-01
1.760439978830000000e+12,1.000000000000000000e+00,2.000000000000000000e+00,2.000000000000000000e+00,0.000000000000000000e+00,0.000000000000000000e+00,-2.446063562794359436e-01,2.280891157900540311e-01,-2.519818086027517667e-01,2.357840562321728839e-01,5.606044878753406735e-01,3.655508771960531145e-01,5.919999999999999707e-01,5.959999999999999742e-01,5.213733584960011935e-01,4.062648477892745746e-01,4.080000000000000293e-01,5.959999999999999742e-01,0.000000000000000000e+00,0.000000000000000000e+00
1.760439979033000000e+12,1.000000000000000000e+00,2.000000000000000000e+00,2.000000000000000000e+00,0.000000000000000000e+00,1.000000000000000000e+00,-2.519818086027517667e-01,2.357840562321728839e-01,-2.555858017383843550e-01,2.434800235989481865e-01,5.213733584960011935e-01,4.062648477892745746e-01,5.959999999999999742e-01,5.959999999999999742e-01,5.022031822426363812e-01,4.469842518462867620e-01,5.080000000000000071e-01,5.959999999999999742e-01,0.000000000000000000e+00,2.000000000000000111e-01
0.000000000000000000e+00,0.000000000000000000e+00,0.000000000000000000e+00,0.000000000000000000e+00,0.000000000000000000e+00,0.000000000000000000e+00,0.000000000000000000e+00,0.000000000000000000e+00,0.000000000000000000e+00,0.000000000000000000e+00,0.000000000000000000e+00,0.000000000000000000e+00,0.000000000000000000e+00,0.000000000000000000e+00,0.000000000000000000e+00,0.000000000000000000e+00,0.000000000000000000e+00,0.000000000000000000e+00,0.000000000000000000e+00,0.000000000000000000e+00
1.760439984715000000e+12,2.000000000000000000e+00,2.000000000000000000e+00,1.000000000000000000e+00,0.000000000000000000e+00,2.000000000000000000e+00,-2.554216624555471493e-01,2.447114559557177771e-01,-3.345154230695175368e-01,3.287160785439905974e-01,5.030762635343236644e-01,4.534997669614697635e-01,5.000000000000000000e-01,5.959999999999999742e-01,8.236477090682151059e-02,8.979686695449239364e-01,4.279999999999999361e-01,5.959999999999999742e-01,0.000000000000000000e+00,-2.000000000000000111e-01
1.760439984918000000e+12,2.000000000000000000e+00,2.000000000000000000e+00,1.000000000000000000e+00,-1.000000000000000056e-01,1.000000000000000000e+00,-3.345154230695175368e-01,3.287160785439905974e-01,-3.368631775674312823e-01,3.346999759314510103e-01,8.236477090682151059e-02,8.979686695449239364e-01,5.999999999999999778e-01,5.959999999999999742e-01,6.987671506685477762e-02,9.296295022828097165e-01,5.240000000000000213e-01,5.479999999999999316e-01,-2.000000000000000042e-02,2.000000000000000111e-01
1.760439985123000000e+12,2.000000000000000000e+00,2.000000000000000000e+00,1.000000000000000000e+00,-1.000000000000000056e-01,0.000000000000000000e+00,-3.368631775674312823e-01,3.346999759314510103e-01,-3.349948780619739774e-01,3.366978476364625439e-01,6.987671506685477762e-02,9.296295022828097165e-01,5.999999999999999778e-01,5.479999999999999316e-01,7.981447839375532816e-02,9.402002520447755307e-01,5.240000000000000213e-01,4.979999999999999982e-01,-2.000000000000000042e-02,0.000000000000000000e+00
1.760439985325000000e+12,2.000000000000000000e+00,2.000000000000000000e+00,1.000000000000000000e+00,-1.000000000000000056e-01,0.000000000000000000e+00,-3.349948780619739774e-01,3.366978476364625439e-01,-3.330475173223613750e-01,3.345312701866555716e-01,7.981447839375532816e-02,9.402002520447755307e-01,5.999999999999999778e-01,4.979999999999999982e-01,9.017278020020534635e-02,9.287368792944740159e-01,5.240000000000000213e-01,4.480000000000000648e-01,-2.000000000000000042e-02,0.000000000000000000e+00
1.760439985528000000e+12,2.000000000000000000e+00,2.000000000000000000e+00,1.000000000000000000e+00,-1.000000000000000056e-01,2.000000000000000000e+00,-3.330475173223613750e-01,3.345312701866555716e-01,-3.349456769888882191e-01,3.283659298415030903e-01,9.017278020020534635e-02,9.287368792944740159e-01,5.000000000000000000e-01,4.460000000000000075e-01,8.007618622931787777e-02,8.961160309074238661e-01,4.239999999999999880e-01,3.960000000000000187e-01,-2.000000000000000042e-02,-2.000000000000000111e-01
1.760439985732000000e+12,2.000000000000000000e+00,2.000000000000000000e+00,1.000000000000000000e+00,0.000000000000000000e+00,0.000000000000000000e+00,-3.349456769888882191e-01,3.283659298415030903e-01,-3.413129685792785639e-01,3.182724657788369993e-01,8.007618622931787777e-02,8.961160309074238661e-01,5.000000000000000000e-01,3.960000000000000187e-01,4.620761394000752476e-02,8.427114591472858462e-01,4.239999999999999880e-01,3.719999999999999418e-01,0.000000000000000000e+00,0.000000000000000000e+00
1.760439985937000000e+12,2.000000000000000000e+00,2.000000000000000000e+00,1.000000000000000000e+00,0.000000000000000000e+00,1.000000000000000000e+00,-3.413129685792785639e-01,3.182724657788369993e-01,-3.436621086755542454e-01,3.080667213633359602e-01,4.620761394000752476e-02,8.427114591472858462e-01,3.999999999999999667e-01,3.719999999999999418e-01,3.371218789598794119e-02,7.887128114462220729e-01,5.240000000000000213e-01,3.719999999999999418e-01,0.000000000000000000e+00,2.000000000000000111e-01
1.760439986141000000e+12,2.000000000000000000e+00,2.000000000000000000e+00,1.000000000000000000e+00,0.000000000000000000e+00,1.000000000000000000e+00,-3.436621086755542454e-01,3.080667213633359602e-01,-3.380146216760228639e-01,2.978569499652035657e-01,3.371218789598794119e-02,7.887128114462220729e-01,3.999999999999999667e-01,3.719999999999999418e-01,6.375201236158040130e-02,7.346928569587490854e-01,6.239999999999998881e-01,3.719999999999999418e-01,0.000000000000000000e+00,2.000000000000000111e-01
1.760439986344000000e+12,2.000000000000000000e+00,2.000000000000000000e+00,1.000000000000000000e+00,0.000000000000000000e+00,2.000000000000000000e+00,-3.376223774345372686e-01,2.974484505362154363e-01,-3.311899212068831200e-01,2.872355665986078277e-01,6.583841790139739747e-02,7.325314843186002678e-01,5.000000000000000000e-01,3.719999999999999418e-01,1.000536106016854249e-01,6.784950613682955156e-01,5.279999999999999138e-01,3.719999999999999418e-01,0.000000000000000000e+00,-2.000000000000000111e-01
1.760439986548000000e+12,2.000000000000000000e+00,2.000000000000000000e+00,1.000000000000000000e+00,0.000000000000000000e+00,1.000000000000000000e+00,-3.311899212068831200e-01,2.872355665986078277e-01,-3.252106844032180977e-01,2.770204715912788496e-01,1.000536106016854249e-01,6.784950613682955156e-01,5.040000000000000036e-01,3.719999999999999418e-01,1.318580616850100196e-01,6.244469396363960811e-01,6.279999999999998916e-01,3.719999999999999418e-01,0.000000000000000000e+00,2.000000000000000111e-01
1.760439986751000000e+12,2.000000000000000000e+00,2.000000000000000000e+00,1.000000000000000000e+00,1.000000000000000056e-01,1.000000000000000000e+00,-3.252106844032180977e-01,2.770204715912788496e-01,-3.112284547316474526e-01,2.670776655999697047e-01,1.318580616850100196e-01,6.244469396363960811e-01,6.039999999999999813e-01,3.719999999999999418e-01,2.062316237678326059e-01,5.718395005289402810e-01,7.279999999999999805e-01,3.919999999999999596e-01,2.000000000000000042e-02,2.000000000000000111e-01
1.760439986956000000e+12,2.000000000000000000e+00,2.000000000000000000e+00,1.000000000000000000e+00,1.000000000000000056e-01,2.000000000000000000e+00,-3.105030080705477591e-01,2.667312302387546130e-01,-2.957384867372783721e-01,2.601532642238412185e-01,2.100903826034692667e-01,5.700065091997599254e-01,6.039999999999999813e-01,3.940000000000000169e-01,2.886250705463915822e-01,5.352024562108002037e-01,6.319999999999998952e-01,4.440000000000000058e-01,2.000000000000000042e-02,-2.000000000000000111e-01
1.760439987159000000e+12,2.000000000000000000e+00,2.000000000000000000e+00,1.000000000000000000e+00,0.000000000000000000e+00,1.000000000000000000e+00,-2.957384867372783721e-01,2.601532642238412185e-01,-2.814294200733627460e-01,2.556892539633958683e-01,2.886250705463915822e-01,5.352024562108002037e-01,5.000000000000000000e-01,4.440000000000000058e-01,3.647371272693470390e-01,5.115833543036818476e-01,7.320000000000000950e-01,4.440000000000000058e-01,0.000000000000000000e+00,2.000000000000000111e-01
1.760439987363000000e+12,2.000000000000000000e+00,2.000000000000000000e+00,1.000000000000000000e+00,0.000000000000000000e+00,0.000000000000000000e+00,-2.806909774467694629e-01,2.555106922339581144e-01,-2.618300174713217299e-01,2.510459100096087415e-01,3.686650135810134454e-01,5.106385832484556797e-01,5.999999999999999778e-01,4.440000000000000058e-01,4.689892687695652040e-01,4.870153968762367946e-01,7.360000000000000986e-01,4.440000000000000058e-01,0.000000000000000000e+00,0.000000000000000000e+00
1.760439987566000000e+12,2.000000000000000000e+00,2.000000000000000000e+00,1.000000000000000000e+00,0.000000000000000000e+00,2.000000000000000000e+00,-2.618300174713217299e-01,2.510459100096087415e-01,-2.467296691847249424e-01,2.465809821573247962e-01,4.689892687695652040e-01,4.870153968762367946e-01,5.000000000000000000e-01,4.440000000000000058e-01,5.493102702940162452e-01,4.633914399858455324e-01,6.359999999999998987e-01,4.440000000000000058e-01,0.000000000000000000e+00,-2.000000000000000111e-01
1.760439987771000000e+12,2.000000000000000000e+00,2.000000000000000000e+00,1.000000000000000000e+00,0.000000000000000000e+00,0.000000000000000000e+00,-2.467296691847249424e-01,2.465809821573247962e-01,-2.357431089393447754e-01,2.419375305365019657e-01,5.493102702940162452e-01,4.633914399858455324e-01,5.919999999999999707e-01,4.440000000000000058e-01,6.077494205354001533e-01,4.388229128915448474e-01,6.319999999999998952e-01,4.440000000000000058e-01,0.000000000000000000e+00,0.000000000000000000e+00
1.760439987975000000e+12,2.000000000000000000e+00,2.000000000000000000e+00,1.000000000000000000e+00,1.000000000000000056e-01,2.000000000000000000e+00,-2.357431089393447754e-01,2.419375305365019657e-01,-2.289657228617032747e-01,2.376923854665955183e-01,6.077494205354001533e-01,4.388229128915448474e-01,5.959999999999999742e-01,4.440000000000000058e-01,6.437993464803016819e-01,4.163618278655847882e-01,5.320000000000000284e-01,4.619999999999999662e-01,2.000000000000000042e-02,-2.000000000000000111e-01
1.760439988177000000e+12,2.000000000000000000e+00,2.000000000000000000e+00,1.000000000000000000e+00,1.000000000000000056e-01,2.000000000000000000e+00,-2.289657228617032747e-01,2.376923854665955183e-01,-2.301798541940472953e-01,2.365486557096810327e-01,6.437993464803016819e-01,4.163618278655847882e-01,6.959999999999999520e-01,4.619999999999999662e-01,6.373412010954930818e-01,4.103103476702700814e-01,4.319999999999999951e-01,5.120000000000000107e-01,2.000000000000000042e-02,-2.000000000000000111e-01
1.760439988381000000e+12,2.000000000000000000e+00,2.000000000000000000e+00,1.000000000000000000e+00,0.000000000000000000e+00,1.000000000000000000e+00,-2.301798541940472953e-01,2.365486557096810327e-01,-2.323900040512155152e-01,2.377191831820140988e-01,6.373412010954930818e-01,4.103103476702700814e-01,6.959999999999999520e-01,5.120000000000000107e-01,6.255850848339600256e-01,4.165036147196513605e-01,5.240000000000000213e-01,5.140000000000000124e-01,0.000000000000000000e+00,2.000000000000000111e-01
1.760439988584000000e+12,2.000000000000000000e+00,2.000000000000000000e+00,1.000000000000000000e+00,0.000000000000000000e+00,1.000000000000000000e+00,-2.323900040512155152e-01,2.377191831820140988e-01,-2.263963972968422722e-01,2.388536782883907417e-01,6.255850848339600256e-01,4.165036147196513605e-01,5.959999999999999742e-01,5.140000000000000124e-01,6.574659718253070828e-01,4.225062343301098089e-01,6.279999999999998916e-01,5.140000000000000124e-01,0.000000000000000000e+00,2.000000000000000111e-01
1.760439988786000000e+12,2.000000000000000000e+00,2.000000000000000000e+00,1.000000000000000000e+00,0.000000000000000000e+00,0.000000000000000000e+00,-2.263963972968422722e-01,2.388536782883907417e-01,-2.161700275616362243e-01,2.399875083269552289e-01,6.574659718253070828e-01,4.225062343301098089e-01,6.959999999999999520e-01,5.140000000000000124e-01,7.118615555232115089e-01,4.285053350632552216e-01,6.279999999999998916e-01,5.140000000000000124e-01,0.000000000000000000e+00,0.000000000000000000e+00
1.760439988989000000e+12,2.000000000000000000e+00,2.000000000000000000e+00,1.000000000000000000e+00,-1.000000000000000056e-01,0.000000000000000000e+00,-2.161700275616362243e-01,2.399875083269552289e-01,-2.055303315271937159e-01,2.408297702116095895e-01,7.118615555232115089e-01,4.285053350632552216e-01,5.919999999999999707e-01,5.140000000000000124e-01,7.684556833659909048e-01,4.329617471513735327e-01,6.279999999999998916e-01,4.939999999999999947e-01,-2.000000000000000042e-02,0.000000000000000000e+00
1.760439989193000000e+12,2.000000000000000000e+00,2.000000000000000000e+00,1.000000000000000000e+00,-1.000000000000000056e-01,1.000000000000000000e+00,-2.055303315271937159e-01,2.408297702116095895e-01,-1.915279138444854201e-01,2.383184675511386963e-01,7.684556833659909048e-01,4.329617471513735327e-01,6.919999999999999485e-01,4.919999999999999929e-01,8.429366284867796377e-01,4.196744314875063830e-01,7.279999999999999805e-01,4.420000000000000040e-01,-2.000000000000000042e-02,2.000000000000000111e-01
1.760439989396000000e+12,2.000000000000000000e+00,2.000000000000000000e+00,1.000000000000000000e+00,0.000000000000000000e+00,0.000000000000000000e+00,-1.915279138444854201e-01,2.383184675511386963e-01,-1.732987004664714448e-01,2.328741985585773000e-01,8.429366284867796377e-01,4.196744314875063830e-01,5.919999999999999707e-01,4.420000000000000040e-01,9.399005294336625349e-01,3.908687754422079941e-01,7.279999999999999805e-01,4.299999999999999933e-01,0.000000000000000000e+00,0.000000000000000000e+00
1.760439989600000000e+12,2.000000000000000000e+00,2.000000000000000000e+00,1.000000000000000000e+00,1.000000000000000056e-01,0.000000000000000000e+00,-1.725693724574281496e-01,2.326506150326132227e-01,-1.622691992040971032e-01,2.271882098042265763e-01,9.437799337370843533e-01,3.896857938233504459e-01,4.919999999999999929e-01,4.299999999999999933e-01,9.985680893399090374e-01,3.607841788583416864e-01,5.000000000000000000e-01,4.440000000000000058e-01,2.000000000000000042e-02,0.000000000000000000e+00
1.760439989804000000e+12,2.000000000000000000e+00,2.000000000000000000e+00,1.000000000000000000e+00,0.000000000000000000e+00,1.000000000000000000e+00,-1.622691992040971032e-01,2.271882098042265763e-01,-1.622735342075835585e-01,2.246044832426116744e-01,9.985680893399090374e-01,3.607841788583416864e-01,5.879999999999999671e-01,4.440000000000000058e-01,9.985450308107257644e-01,3.471136679503263323e-01,5.000000000000000000e-01,4.939999999999999947e-01,0.000000000000000000e+00,2.000000000000000111e-01
1.760439990006000000e+12,2.000000000000000000e+00,2.000000000000000000e+00,1.000000000000000000e+00,0.000000000000000000e+00,2.000000000000000000e+00,-1.622735342075835585e-01,2.246044832426116744e-01,-1.663629950955805570e-01,2.241160886647793615e-01,9.985450308107257644e-01,3.471136679503263323e-01,6.879999999999999449e-01,4.939999999999999947e-01,9.767925792788269002e-01,3.445295696549172670e-01,4.000000000000000777e-01,4.939999999999999947e-01,0.000000000000000000e+00,-2.000000000000000111e-01
1.760439990210000000e+12,2.000000000000000000e+00,2.000000000000000000e+00,1.000000000000000000e+00,0.000000000000000000e+00,2.000000000000000000e+00,-1.663629950955805570e-01,2.241160886647793615e-01,-1.784594049871928156e-01,2.236468330888617961e-01,9.767925792788269002e-01,3.445295696549172670e-01,5.879999999999999671e-01,4.939999999999999947e-01,9.124499734723786615e-01,3.420467359199036994e-01,2.959999999999999853e-01,4.939999999999999947e-01,0.000000000000000000e+00,-2.000000000000000111e-01
1.760439990412000000e+12,2.000000000000000000e+00,2.000000000000000000e+00,1.000000000000000000e+00,0.000000000000000000e+00,0.000000000000000000e+00,-1.784594049871928156e-01,2.236468330888617961e-01,-1.947826511458009835e-01,2.231767449974863537e-01,9.124499734723786615e-01,3.420467359199036994e-01,4.879999999999999893e-01,4.939999999999999947e-01,8.256241960329735452e-01,3.395594973411976691e-01,2.959999999999999853e-01,4.939999999999999947e-01,0.000000000000000000e+00,0.000000000000000000e+00
1.760439990614000000e+12,2.000000000000000000e+00,2.000000000000000000e+00,1.000000000000000000e+00,0.000000000000000000e+00,1.000000000000000000e+00,-1.947826511458009835e-01,2.231767449974863537e-01,-2.073388889741674956e-01,2.227079452790105274e-01,8.256241960329735452e-01,3.395594973411976691e-01,4.879999999999999893e-01,4.939999999999999947e-01,7.588356969459175705e-01,3.370790755503202951e-01,3.960000000000000187e-01,4.939999999999999947e-01,0.000000000000000000e+00,2.000000000000000111e-01
1.760439990818000000e+12,2.000000000000000000e+00,2.000000000000000000e+00,1.000000000000000000e+00,1.000000000000000056e-01,1.000000000000000000e+00,-2.076751994374213539e-01,2.226892315932300637e-01,-2.119103598402387045e-01,2.232923121073271400e-01,7.570468115030778433e-01,3.369800613398416522e-01,5.879999999999999671e-01,4.939999999999999947e-01,7.345193625519217395e-01,3.401709635308314827e-01,5.000000000000000000e-01,5.320000000000000284e-01,2.000000000000000042e-02,2.000000000000000111e-01
1.760439991021000000e+12,2.000000000000000000e+00,2.000000000000000000e+00,1.000000000000000000e+00,1.000000000000000056e-01,0.000000000000000000e+00,-2.119103598402387045e-01,2.232923121073271400e-01,-2.119215002392875191e-01,2.277487450366368071e-01,7.345193625519217395e-01,3.401709635308314827e-01,5.000000000000000000e-01,5.320000000000000284e-01,7.344601051101727895e-01,3.637499737388191212e-01,5.000000000000000000e-01,5.819999999999999618e-01,2.000000000000000042e-02,0.000000000000000000e+00
1.760439991224000000e+12,2.000000000000000000e+00,2.000000000000000000e+00,1.000000000000000000e+00,0.000000000000000000e+00,2.000000000000000000e+00,-2.119215002392875191e-01,2.277487450366368071e-01,-2.156962777885902405e-01,2.362897638511460563e-01,7.344601051101727895e-01,3.637499737388191212e-01,5.000000000000000000e-01,5.819999999999999618e-01,7.143815011245200353e-01,4.089405494769632887e-01,4.040000000000000258e-01,6.119999999999999885e-01,0.000000000000000000e+00,-2.000000000000000111e-01
1.760439991427000000e+12,2.000000000000000000e+00,2.000000000000000000e+00,1.000000000000000000e+00,-1.000000000000000056e-01,2.000000000000000000e+00,-2.156962777885902405e-01,2.362897638511460563e-01,-2.274708787953585998e-01,2.452640858200292595e-01,7.143815011245200353e-01,4.089405494769632887e-01,4.000000000000000777e-01,6.119999999999999885e-01,6.517506447055393393e-01,4.564237344975093369e-01,2.999999999999999889e-01,6.099999999999999867e-01,-2.000000000000000042e-02,-2.000000000000000111e-01
1.760439991631000000e+12,2.000000000000000000e+00,2.000000000000000000e+00,1.000000000000000000e+00,-1.000000000000000056e-01,1.000000000000000000e+00,-2.274708787953585998e-01,2.452640858200292595e-01,-2.397086630910916782e-01,2.521952927307737902e-01,6.517506447055393393e-01,4.564237344975093369e-01,5.000000000000000000e-01,6.099999999999999867e-01,5.866560473878101867e-01,4.930967869353111155e-01,3.999999999999999667e-01,5.599999999999999423e-01,-2.000000000000000042e-02,2.000000000000000111e-01
1.760439991834000000e+12,2.000000000000000000e+00,2.000000000000000000e+00,1.000000000000000000e+00,-1.000000000000000056e-01,1.000000000000000000e+00,-2.397086630910916782e-01,2.521952927307737902e-01,-2.439560748183482453e-01,2.551288461136178576e-01,5.866560473878101867e-01,4.930967869353111155e-01,5.040000000000000036e-01,5.599999999999999423e-01,5.640634318172965678e-01,5.086182334053855891e-01,5.000000000000000000e-01,5.100000000000000089e-01,-2.000000000000000042e-02,2.000000000000000111e-01
1.760439992038000000e+12,2.000000000000000000e+00,2.000000000000000000e+00,1.000000000000000000e+00,0.000000000000000000e+00,0.000000000000000000e+00,-2.439598426037150880e-01,2.551631289301986016e-01,-2.436572225843399164e-01,2.551257907169448003e-01,5.640433904057707837e-01,5.087996239693047817e-01,5.040000000000000036e-01,5.080000000000000071e-01,5.656530713598940663e-01,5.086020672854222324e-01,5.040000000000000036e-01,4.979999999999999982e-01,0.000000000000000000e+00,0.000000000000000000e+00
1.760439992242000000e+12,2.000000000000000000e+00,2.000000000000000000e+00,1.000000000000000000e+00,0.000000000000000000e+00,0.000000000000000000e+00,-2.436572225843399164e-01,2.551257907169448003e-01,-2.433513291017321278e-01,2.549828102545000919e-01,5.656530713598940663e-01,5.086020672854222324e-01,5.040000000000000036e-01,4.979999999999999982e-01,5.672801643524886250e-01,5.078455569021169680e-01,5.040000000000000036e-01,4.979999999999999982e-01,0.000000000000000000e+00,0.000000000000000000e+00
1.760439992445000000e+12,2.000000000000000000e+00,2.000000000000000000e+00,1.000000000000000000e+00,0.000000000000000000e+00,2.000000000000000000e+00,-2.433513291017321278e-01,2.549828102545000919e-01,-2.467980866230294335e-01,2.548339631454713539e-01,5.672801643524886250e-01,5.078455569021169680e-01,5.040000000000000036e-01,4.979999999999999982e-01,5.489463477498434107e-01,5.070580060606950656e-01,4.080000000000000293e-01,4.979999999999999982e-01,0.000000000000000000e+00,-2.000000000000000111e-01
1.760439992648000000e+12,2.000000000000000000e+00,2.000000000000000000e+00,1.000000000000000000e+00,0.000000000000000000e+00,2.000000000000000000e+00,-2.467980866230294335e-01,2.548339631454713539e-01,-2.582579985899256525e-01,2.546900167742148224e-01,5.489463477498434107e-01,5.070580060606950656e-01,4.040000000000000258e-01,4.979999999999999982e-01,4.879893692025230600e-01,5.062963850487557371e-01,3.039999999999999925e-01,4.979999999999999982e-01,0.000000000000000000e+00,-2.000000000000000111e-01
1.760439992850000000e+12,2.000000000000000000e+00,2.000000000000000000e+00,1.000000000000000000e+00,0.000000000000000000e+00,0.000000000000000000e+00,-2.582579985899256525e-01,2.546900167742148224e-01,-2.739516867690304780e-01,2.545455811114440969e-01,4.879893692025230600e-01,5.062963850487557371e-01,3.039999999999999925e-01,4.979999999999999982e-01,4.045123044200505946e-01,5.055321751928260054e-01,3.039999999999999925e-01,4.979999999999999982e-01,0.000000000000000000e+00,0.000000000000000000e+00
1.760439993053000000e+12,2.000000000000000000e+00,2.000000000000000000e+00,1.000000000000000000e+00,0.000000000000000000e+00,1.000000000000000000e+00,-2.739516867690304780e-01,2.545455811114440969e-01,-2.865105858962300189e-01,2.543966978716490912e-01,4.045123044200505946e-01,5.055321751928260054e-01,1.999999999999997613e-01,4.979999999999999982e-01,3.377096494881381417e-01,5.047444331833286224e-01,3.999999999999999667e-01,4.979999999999999982e-01,0.000000000000000000e+00,2.000000000000000111e-01
1.760439993257000000e+12,2.000000000000000000e+00,2.000000000000000000e+00,1.000000000000000000e+00,0.000000000000000000e+00,1.000000000000000000e+00,-2.865105858962300189e-01,2.543966978716490912e-01,-2.904444508912445433e-01,2.542548953816139434e-01,3.377096494881381417e-01,5.047444331833286224e-01,1.999999999999997613e-01,4.979999999999999982e-01,3.167848356848693703e-01,5.039941554582748617e-01,5.040000000000000036e-01,4.979999999999999982e-01,0.000000000000000000e+00,2.000000000000000111e-01
1.760439993460000000e+12,2.000000000000000000e+00,2.000000000000000000e+00,1.000000000000000000e+00,0.000000000000000000e+00,2.000000000000000000e+00,-2.904444508912445433e-01,2.542548953816139434e-01,-2.939178544310033780e-01,2.541131796418522604e-01,3.167848356848693703e-01,5.039941554582748617e-01,9.600000000000025180e-02,4.979999999999999982e-01,2.983092849414712977e-01,5.032443367293770731e-01,4.040000000000000258e-01,4.979999999999999982e-01,0.000000000000000000e+00,-2.000000000000000111e-01
1.760439993664000000e+12,2.000000000000000000e+00,2.000000000000000000e+00,1.000000000000000000e+00,0.000000000000000000e+00,0.000000000000000000e+00,-2.942226901980173892e-01,2.541074998101653382e-01,-3.022410989780310309e-01,2.539656446434144788e-01,2.966878180956520894e-01,5.032142847098696192e-01,9.600000000000025180e-02,4.979999999999999982e-01,2.540367075636646432e-01,5.024637282720343379e-01,3.999999999999999667e-01,4.979999999999999982e-01,0.000000000000000000e+00,0.000000000000000000e+00
1.760439993867000000e+12,2.000000000000000000e+00,2.000000000000000000e+00,1.000000000000000000e+00,0.000000000000000000e+00,2.000000000000000000e+00,-3.022410989780310309e-01,2.539656446434144788e-01,-3.140320635170009145e-01,2.538234909855298649e-01,2.540367075636646432e-01,5.024637282720343379e-01,-7.450580569168252509e-09,4.979999999999999982e-01,1.913188110797822694e-01,5.017115925160310352e-01,2.999999999999999889e-01,4.979999999999999982e-01,0.000000000000000000e+00,-2.000000000000000111e-01
1.760439994070000000e+12,2.000000000000000000e+00,2.000000000000000000e+00,1.000000000000000000e+00,0.000000000000000000e+00,2.000000000000000000e+00,-3.140320635170009145e-01,2.538234909855298649e-01,-3.338282166312209753e-01,2.536799355746941487e-01,1.913188110797822694e-01,5.017115925160310352e-01,5.000000000000000000e-01,4.979999999999999982e-01,8.602012430201598503e-02,5.009520400777468518e-01,1.999999999999997613e-01,4.979999999999999982e-01,0.000000000000000000e+00,-2.000000000000000111e-01
1.760439994274000000e+12,2.000000000000000000e+00,2.000000000000000000e+00,1.000000000000000000e+00,0.000000000000000000e+00,1.000000000000000000e+00,-3.347860748996336344e-01,2.536741602842673693e-01,-3.495066166800427365e-01,2.535322556149820494e-01,8.092513351258694143e-02,5.009214829855417328e-01,5.000000000000000000e-01,4.979999999999999982e-01,2.624379361474687890e-03,5.001706646295347447e-01,5.320000000000000284e-01,4.979999999999999982e-01,0.000000000000000000e+00,2.000000000000000111e-01
1.760439994477000000e+12,2.000000000000000000e+00,2.000000000000000000e+00,1.000000000000000000e+00,0.000000000000000000e+00,1.000000000000000000e+00,-3.495066166800427365e-01,2.535322556149820494e-01,-3.432082700589759727e-01,2.533929548201190318e-01,2.624379361474687890e-03,5.001706646295347447e-01,5.999999999999999778e-01,4.979999999999999982e-01,3.612622309055322362e-02,4.994336233868732489e-01,6.319999999999998952e-01,4.979999999999999982e-01,0.000000000000000000e+00,2.000000000000000111e-01
1.760439994680000000e+12,2.000000000000000000e+00,2.000000000000000000e+00,1.000000000000000000e+00,0.000000000000000000e+00,2.000000000000000000e+00,-3.432082700589759727e-01,2.533929548201190318e-01,-3.357106694090018495e-01,2.532474147925461438e-01,3.612622309055322362e-02,4.994336233868732489e-01,5.999999999999999778e-01,4.979999999999999982e-01,7.600707761169218923e-02,4.986635703309320600e-01,5.400000000000000355e-01,4.979999999999999982e-01,0.000000000000000000e+00,-2.000000000000000111e-01
1.760439994883000000e+12,2.000000000000000000e+00,2.000000000000000000e+00,1.000000000000000000e+00,0.000000000000000000e+00,1.000000000000000000e+00,-3.357106694090018495e-01,2.532474147925461438e-01,-3.290858793927141646e-01,2.531071999134747452e-01,7.600707761169218923e-02,4.986635703309320600e-01,5.000000000000000000e-01,4.979999999999999982e-01,1.112453223791798756e-01,4.979216926638875829e-01,6.359999999999998987e-01,4.979999999999999982e-01,0.000000000000000000e+00,2.000000000000000111e-01
1.760439995087000000e+12,2.000000000000000000e+00,2.000000000000000000e+00,1.000000000000000000e+00,0.000000000000000000e+00,1.000000000000000000e+00,-3.290858793927141646e-01,2.531071999134747452e-01,-3.144599633710720710e-01,2.529649894145147293e-01,1.112453223791798756e-01,4.979216926638875829e-01,3.999999999999999667e-01,4.979999999999999982e-01,1.890427480262122928e-01,4.971692561614536321e-01,7.360000000000000986e-01,4.979999999999999982e-01,0.000000000000000000e+00,2.000000000000000111e-01
1.760439995289000000e+12,2.000000000000000000e+00,2.000000000000000000e+00,1.000000000000000000e+00,-1.000000000000000056e-01,2.000000000000000000e+00,-3.144599633710720710e-01,2.529649894145147293e-01,-2.982990686040998263e-01,2.528160095986560774e-01,1.890427480262122928e-01,4.971692561614536321e-01,2.959999999999999853e-01,4.979999999999999982e-01,2.750049542335115116e-01,4.963810031674925072e-01,6.439999999999999059e-01,4.979999999999999982e-01,-2.000000000000000042e-02,-2.000000000000000111e-01
1.760439995493000000e+12,2.000000000000000000e+00,2.000000000000000000e+00,1.000000000000000000e+00,0.000000000000000000e+00,1.000000000000000000e+00,-2.982990686040998263e-01,2.528160095986560774e-01,-2.833412254879174585e-01,2.506315207650841037e-01,2.750049542335115116e-01,4.963810031674925072e-01,5.000000000000000000e-01,4.960000000000000520e-01,3.545679495323538766e-01,4.848228611909212171e-01,7.400000000000001021e-01,4.500000000000000111e-01,0.000000000000000000e+00,2.000000000000000111e-01
1.760439995696000000e+12,2.000000000000000000e+00,2.000000000000000000e+00,1.000000000000000000e+00,1.000000000000000056e-01,2.000000000000000000e+00,-2.833412254879174585e-01,2.506315207650841037e-01,-2.679340742994698044e-01,2.466468035168412620e-01,3.545679495323538766e-01,4.848228611909212171e-01,5.000000000000000000e-01,4.500000000000000111e-01,4.365208813857988646e-01,4.637397011473083364e-01,6.400000000000000133e-01,4.520000000000000129e-01,2.000000000000000042e-02,-2.000000000000000111e-01
1.760439995900000000e+12,2.000000000000000000e+00,2.000000000000000000e+00,1.000000000000000000e+00,1.000000000000000056e-01,2.000000000000000000e+00,-2.674835057082749490e-01,2.464922309332789885e-01,-2.603883061994052284e-01,2.447128444228192645e-01,4.389175228283246910e-01,4.629218567898359948e-01,5.000000000000000000e-01,4.520000000000000129e-01,4.766579457478444803e-01,4.535071133482501127e-01,5.360000000000000320e-01,5.040000000000000036e-01,2.000000000000000042e-02,-2.000000000000000111e-01
0.000000000000000000e+00,0.000000000000000000e+00,0.000000000000000000e+00,0.000000000000000000e+00,0.000000000000000000e+00,0.000000000000000000e+00,0.000000000000000000e+00,0.000000000000000000e+00,0.000000000000000000e+00,0.000000000000000000e+00,0.000000000000000000e+00,0.000000000000000000e+00,0.000000000000000000e+00,0.000000000000000000e+00,0.000000000000000000e+00,0.000000000000000000e+00,0.000000000000000000e+00,0.000000000000000000e+00,0.000000000000000000e+00,0.000000000000000000e+00
1.760440001582000000e+12,3.000000000000000000e+00,2.000000000000000000e+00,0.000000000000000000e+00,0.000000000000000000e+00,0.000000000000000000e+00,-2.600732850994990630e-01,2.447675632474745344e-01,-1.713607268246234161e-01,3.220132096285195367e-01,4.783335898962815524e-01,4.537966309390187303e-01,5.000000000000000000e-01,5.100000000000000089e-01,9.502088998690243482e-01,8.625037546482515749e-01,5.240000000000000213e-01,5.100000000000000089e-01,0.000000000000000000e+00,0.000000000000000000e+00
1.760440001785000000e+12,3.000000000000000000e+00,2.000000000000000000e+00,0.000000000000000000e+00,0.000000000000000000e+00,2.000000000000000000e+00,-1.713607268246234161e-01,3.220132096285195367e-01,-1.732220597701733256e-01,3.228391487592154885e-01,9.502088998690243482e-01,8.625037546482515749e-01,5.999999999999999778e-01,5.100000000000000089e-01,9.403081927118440708e-01,8.668738029588122229e-01,4.239999999999999880e-01,5.100000000000000089e-01,0.000000000000000000e+00,-2.000000000000000111e-01
1.760440001989000000e+12,3.000000000000000000e+00,2.000000000000000000e+00,0.000000000000000000e+00,0.000000000000000000e+00,0.000000000000000000e+00,-1.732220597701733256e-01,3.228391487592154885e-01,-1.793128547512522486e-01,3.236652270707591761e-01,9.403081927118440708e-01,8.668738029588122229e-01,5.999999999999999778e-01,5.100000000000000089e-01,9.079103470678071552e-01,8.712445876759745689e-01,4.239999999999999880e-01,5.100000000000000089e-01,0.000000000000000000e+00,0.000000000000000000e+00
1.760440002193000000e+12,3.000000000000000000e+00,2.000000000000000000e+00,0.000000000000000000e+00,-1.000000000000000056e-01,2.000000000000000000e+00,-1.795566317064369588e-01,3.236982794728742174e-01,-1.894242605190123996e-01,3.227897829032870813e-01,9.066136611359736364e-01,8.714194681104456830e-01,5.999999999999999778e-01,5.100000000000000089e-01,8.541262738350404726e-01,8.666126079539000493e-01,3.240000000000001212e-01,4.620000000000000218e-01,-2.000000000000000042e-02,-2.000000000000000111e-01
1.760440002396000000e+12,3.000000000000000000e+00,2.000000000000000000e+00,0.000000000000000000e+00,-1.000000000000000056e-01,2.000000000000000000e+00,-1.894242605190123996e-01,3.227897829032870813e-01,-2.072879072625948282e-01,3.178898882670845305e-01,8.541262738350404726e-01,8.666126079539000493e-01,5.000000000000000000e-01,4.620000000000000218e-01,7.591068762627934952e-01,8.406872395083838656e-01,2.239999999999998104e-01,4.120000000000000329e-01,-2.000000000000000042e-02,-2.000000000000000111e-01
1.760440002601000000e+12,3.000000000000000000e+00,2.000000000000000000e+00,0.000000000000000000e+00,0.000000000000000000e+00,2.000000000000000000e+00,-2.072879072625948282e-01,3.178898882670845305e-01,-2.343549430242147791e-01,3.085801842977571319e-01,7.591068762627934952e-01,8.406872395083838656e-01,5.000000000000000000e-01,4.120000000000000329e-01,6.151332817860916125e-01,7.914295465489796788e-01,1.240000000000000824e-01,3.679999999999998828e-01,0.000000000000000000e+00,-2.000000000000000111e-01
1.760440002804000000e+12,3.000000000000000000e+00,2.000000000000000000e+00,0.000000000000000000e+00,0.000000000000000000e+00,2.000000000000000000e+00,-2.343549430242147791e-01,3.085801842977571319e-01,-2.685377133853691367e-01,2.980359195780935000e-01,6.151332817860916125e-01,7.914295465489796788e-01,3.999999999999999667e-01,3.679999999999998828e-01,4.333100351842066877e-01,7.356397861274789340e-01,2.000000000000071165e-02,3.679999999999998828e-01,0.000000000000000000e+00,-2.000000000000000111e-01
1.760440003007000000e+12,3.000000000000000000e+00,2.000000000000000000e+00,0.000000000000000000e+00,0.000000000000000000e+00,1.000000000000000000e+00,-2.685377133853691367e-01,2.980359195780935000e-01,-3.031935652795380576e-01,2.874907265941288870e-01,4.333100351842066877e-01,7.356397861274789340e-01,3.999999999999999667e-01,3.679999999999998828e-01,2.489703974492655791e-01,6.798451142546503290e-01,1.200000000000001066e-01,3.679999999999998828e-01,0.000000000000000000e+00,2.000000000000000111e-01
1.760440003213000000e+12,3.000000000000000000e+00,2.000000000000000000e+00,0.000000000000000000e+00,0.000000000000000000e+00,1.000000000000000000e+00,-3.044138216606180336e-01,2.870690071324061288e-01,-3.307575450908836756e-01,2.765276355259654317e-01,2.424796720179890896e-01,6.776137943513552697e-01,5.000000000000000000e-01,3.679999999999998828e-01,1.023534835591292796e-01,6.218393414072246328e-01,2.239999999999998104e-01,3.679999999999998828e-01,0.000000000000000000e+00,2.000000000000000111e-01
1.760440003416000000e+12,3.000000000000000000e+00,2.000000000000000000e+00,0.000000000000000000e+00,1.000000000000000056e-01,0.000000000000000000e+00,-3.307575450908836756e-01,2.765276355259654317e-01,-3.495611674942760705e-01,2.674369914562734207e-01,1.023534835591292796e-01,6.218393414072246328e-01,5.040000000000000036e-01,3.679999999999998828e-01,2.334215455978230595e-03,5.737406955358382854e-01,5.000000000000000000e-01,4.120000000000000329e-01,2.000000000000000042e-02,0.000000000000000000e+00
1.760440003619000000e+12,3.000000000000000000e+00,2.000000000000000000e+00,0.000000000000000000e+00,1.000000000000000056e-01,1.000000000000000000e+00,-3.495611674942760705e-01,2.674369914562734207e-01,-3.458300266247127386e-01,2.623010135443623603e-01,2.334215455978230595e-03,5.737406955358382854e-01,6.039999999999999813e-01,4.120000000000000329e-01,2.218070944301723385e-02,5.465662092294305552e-01,5.999999999999999778e-01,4.619999999999999662e-01,2.000000000000000042e-02,2.000000000000000111e-01
1.760440003823000000e+12,3.000000000000000000e+00,2.000000000000000000e+00,0.000000000000000000e+00,0.000000000000000000e+00,0.000000000000000000e+00,-3.455145222287509532e-01,2.621786981751434986e-01,-3.372290622918865388e-01,2.597555180100703520e-01,2.385892431515438880e-02,5.459190379637223201e-01,6.039999999999999813e-01,4.640000000000000235e-01,6.793051972400766803e-02,5.330979788892611371e-01,6.039999999999999813e-01,4.699999999999999734e-01,0.000000000000000000e+00,0.000000000000000000e+00
1.760440004027000000e+12,3.000000000000000000e+00,2.000000000000000000e+00,0.000000000000000000e+00,0.000000000000000000e+00,2.000000000000000000e+00,-3.372290622918865388e-01,2.597555180100703520e-01,-3.327066830978096523e-01,2.573766712671547996e-01,6.793051972400766803e-02,5.330979788892611371e-01,5.000000000000000000e-01,4.699999999999999734e-01,9.198572820314004916e-02,5.205114881860043452e-01,5.040000000000000036e-01,4.699999999999999734e-01,0.000000000000000000e+00,-2.000000000000000111e-01
1.760440004229000000e+12,3.000000000000000000e+00,2.000000000000000000e+00,0.000000000000000000e+00,0.000000000000000000e+00,1.000000000000000000e+00,-3.327066830978096523e-01,2.573766712671547996e-01,-3.289396867625374310e-01,2.549021439979659021e-01,9.198572820314004916e-02,5.205114881860043452e-01,5.999999999999999778e-01,4.699999999999999734e-01,1.120229427524603721e-01,5.074187513119889914e-01,5.959999999999999742e-01,4.699999999999999734e-01,0.000000000000000000e+00,2.000000000000000111e-01
1.760440004433000000e+12,3.000000000000000000e+00,2.000000000000000000e+00,0.000000000000000000e+00,0.000000000000000000e+00,0.000000000000000000e+00,-3.289396867625374310e-01,2.549021439979659021e-01,-3.209696133008939634e-01,2.525217300651779184e-01,1.120229427524603721e-01,5.074187513119889914e-01,5.000000000000000000e-01,4.699999999999999734e-01,1.544169505271596743e-01,4.948239685988250480e-01,5.999999999999999778e-01,4.699999999999999734e-01,0.000000000000000000e+00,0.000000000000000000e+00
1.760440004635000000e+12,3.000000000000000000e+00,2.000000000000000000e+00,0.000000000000000000e+00,0.000000000000000000e+00,2.000000000000000000e+00,-3.209696133008939634e-01,2.525217300651779184e-01,-3.167660180388952029e-01,2.501409269610957997e-01,1.544169505271596743e-01,4.948239685988250480e-01,5.919999999999999707e-01,4.699999999999999734e-01,1.767764997931105253e-01,4.822271267782847204e-01,5.000000000000000000e-01,4.699999999999999734e-01,0.000000000000000000e+00,-2.000000000000000111e-01
1.760440004839000000e+12,3.000000000000000000e+00,2.000000000000000000e+00,0.000000000000000000e+00,1.000000000000000056e-01,0.000000000000000000e+00,-3.167660180388952029e-01,2.501409269610957997e-01,-3.171070415862788372e-01,2.492510722321714112e-01,1.767764997931105253e-01,4.822271267782847204e-01,5.959999999999999742e-01,4.699999999999999734e-01,1.749625447538358802e-01,4.775189006993196816e-01,4.960000000000000520e-01,5.160000000000000142e-01,2.000000000000000042e-02,0.000000000000000000e+00
1.760440005042000000e+12,3.000000000000000000e+00,2.000000000000000000e+00,0.000000000000000000e+00,0.000000000000000000e+00,1.000000000000000000e+00,-3.171070415862788372e-01,2.492510722321714112e-01,-3.136741574550738765e-01,2.522668074753922629e-01,1.749625447538358802e-01,4.775189006993196816e-01,6.959999999999999520e-01,5.160000000000000142e-01,1.932225667283303527e-01,4.934751718274723586e-01,5.959999999999999742e-01,5.499999999999999334e-01,0.000000000000000000e+00,2.000000000000000111e-01
1.760440005246000000e+12,3.000000000000000000e+00,2.000000000000000000e+00,0.000000000000000000e+00,0.000000000000000000e+00,2.000000000000000000e+00,-3.136741574550738765e-01,2.522668074753922629e-01,-3.091799087400933232e-01,2.562859826522648765e-01,1.932225667283303527e-01,4.934751718274723586e-01,6.959999999999999520e-01,5.499999999999999334e-01,2.171281449995035029e-01,5.147406489537824648e-01,5.040000000000000036e-01,5.499999999999999334e-01,0.000000000000000000e+00,-2.000000000000000111e-01
1.760440005449000000e+12,3.000000000000000000e+00,2.000000000000000000e+00,0.000000000000000000e+00,-1.000000000000000056e-01,2.000000000000000000e+00,-3.091648738800558682e-01,2.564467699382686483e-01,-3.129605688242279582e-01,2.602466700210623873e-01,2.172081176592772223e-01,5.155913753347548534e-01,5.959999999999999742e-01,5.499999999999999334e-01,1.970182509349575894e-01,5.356966667781078995e-01,3.999999999999999667e-01,5.320000000000000284e-01,-2.000000000000000042e-02,-2.000000000000000111e-01
1.760440005652000000e+12,3.000000000000000000e+00,2.000000000000000000e+00,0.000000000000000000e+00,-1.000000000000000056e-01,0.000000000000000000e+00,-3.129605688242279582e-01,2.602466700210623873e-01,-3.209835405309853229e-01,2.609420547849364835e-01,1.970182509349575894e-01,5.356966667781078995e-01,6.959999999999999520e-01,5.320000000000000284e-01,1.543428695160354303e-01,5.393759512430502667e-01,3.999999999999999667e-01,4.819999999999999840e-01,-2.000000000000000042e-02,0.000000000000000000e+00
1.760440005855000000e+12,3.000000000000000000e+00,2.000000000000000000e+00,0.000000000000000000e+00,0.000000000000000000e+00,2.000000000000000000e+00,-3.209835405309853229e-01,2.609420547849364835e-01,-3.331036287690435915e-01,2.586114400633506283e-01,1.543428695160354303e-01,5.393759512430502667e-01,5.919999999999999707e-01,4.819999999999999840e-01,8.987431505827866984e-02,5.270446564198446593e-01,3.039999999999999925e-01,4.699999999999999734e-01,0.000000000000000000e+00,-2.000000000000000111e-01
1.760440006059000000e+12,3.000000000000000000e+00,2.000000000000000000e+00,0.000000000000000000e+00,0.000000000000000000e+00,2.000000000000000000e+00,-3.331036287690435915e-01,2.586114400633506283e-01,-3.494280518536568292e-01,2.562301750163699654e-01,8.987431505827866984e-02,5.270446564198446593e-01,6.919999999999999485e-01,4.699999999999999734e-01,3.042277374165684462e-03,5.144453704569840191e-01,5.000000000000000000e-01,4.699999999999999734e-01,0.000000000000000000e+00,-2.000000000000000111e-01
1.760440006263000000e+12,3.000000000000000000e+00,2.000000000000000000e+00,0.000000000000000000e+00,0.000000000000000000e+00,1.000000000000000000e+00,-3.494280518536568292e-01,2.562301750163699654e-01,-3.456921043961486140e-01,2.538515332361602206e-01,3.042277374165684462e-03,5.144453704569840191e-01,5.919999999999999707e-01,4.699999999999999734e-01,2.291433831835832172e-02,5.018599642124880189e-01,5.999999999999999778e-01,4.699999999999999734e-01,0.000000000000000000e+00,2.000000000000000111e-01
1.760440006466000000e+12,3.000000000000000000e+00,2.000000000000000000e+00,0.000000000000000000e+00,0.000000000000000000e+00,1.000000000000000000e+00,-3.456921043961486140e-01,2.538515332361602206e-01,-3.333207491767667952e-01,2.513757598849508668e-01,2.291433831835832172e-02,5.018599642124880189e-01,4.919999999999999929e-01,4.699999999999999734e-01,8.871941927251694726e-02,4.887606343119094143e-01,7.039999999999999591e-01,4.699999999999999734e-01,0.000000000000000000e+00,2.000000000000000111e-01
1.760440006671000000e+12,3.000000000000000000e+00,2.000000000000000000e+00,0.000000000000000000e+00,0.000000000000000000e+00,2.000000000000000000e+00,-3.333207491767667952e-01,2.513757598849508668e-01,-3.208041960393105962e-01,2.489940156625810863e-01,8.871941927251694726e-02,4.887606343119094143e-01,5.879999999999999671e-01,4.699999999999999734e-01,1.552968295781350372e-01,4.761588130295296151e-01,6.039999999999999813e-01,4.699999999999999734e-01,0.000000000000000000e+00,-2.000000000000000111e-01
1.760440006874000000e+12,3.000000000000000000e+00,2.000000000000000000e+00,0.000000000000000000e+00,1.000000000000000056e-01,2.000000000000000000e+00,-3.208041960393105962e-01,2.489940156625810863e-01,-3.162781904071825245e-01,2.466469623872181993e-01,1.552968295781350372e-01,4.761588130295296151e-01,6.879999999999999449e-01,4.699999999999999734e-01,1.793713276213694530e-01,4.637405417313132938e-01,5.040000000000000036e-01,4.779999999999999805e-01,2.000000000000000042e-02,-2.000000000000000111e-01
1.760440007078000000e+12,3.000000000000000000e+00,2.000000000000000000e+00,0.000000000000000000e+00,1.000000000000000056e-01,2.000000000000000000e+00,-3.162631516446643976e-01,2.465757001566057927e-01,-3.200569374723002403e-01,2.468788219137404982e-01,1.794513210390190627e-01,4.633634928920942198e-01,5.879999999999999671e-01,4.799999999999999822e-01,1.592716091898922492e-01,4.649673117129127231e-01,4.000000000000000777e-01,5.300000000000000266e-01,2.000000000000000042e-02,-2.000000000000000111e-01
1.760440007281000000e+12,3.000000000000000000e+00,2.000000000000000000e+00,0.000000000000000000e+00,0.000000000000000000e+00,1.000000000000000000e+00,-3.200569374723002403e-01,2.468788219137404982e-01,-3.243126386064248412e-01,2.497328612078002497e-01,1.592716091898922492e-01,4.649673117129127231e-01,4.879999999999999893e-01,5.300000000000000266e-01,1.366349010296550037e-01,4.800680487185198797e-01,5.000000000000000000e-01,5.360000000000000320e-01,0.000000000000000000e+00,2.000000000000000111e-01
1.760440007484000000e+12,3.000000000000000000e+00,2.000000000000000000e+00,0.000000000000000000e+00,0.000000000000000000e+00,0.000000000000000000e+00,-3.243126386064248412e-01,2.497328612078002497e-01,-3.240246039814070889e-01,2.527483237294415597e-01,1.366349010296550037e-01,4.800680487185198797e-01,4.879999999999999893e-01,5.360000000000000320e-01,1.381670000988983737e-01,4.960228768753522366e-01,5.040000000000000036e-01,5.360000000000000320e-01,0.000000000000000000e+00,0.000000000000000000e+00
1.760440007688000000e+12,3.000000000000000000e+00,2.000000000000000000e+00,0.000000000000000000e+00,0.000000000000000000e+00,2.000000000000000000e+00,-3.240246039814070889e-01,2.527483237294415597e-01,-3.275007806512091890e-01,2.556481803900447769e-01,1.381670000988983737e-01,4.960228768753522366e-01,5.879999999999999671e-01,5.360000000000000320e-01,1.196766986637808061e-01,5.113660338097607561e-01,4.040000000000000258e-01,5.360000000000000320e-01,0.000000000000000000e+00,-2.000000000000000111e-01
1.760440007890000000e+12,3.000000000000000000e+00,2.000000000000000000e+00,0.000000000000000000e+00,-1.000000000000000056e-01,0.000000000000000000e+00,-3.275007806512091890e-01,2.556481803900447769e-01,-3.352072403354945385e-01,2.583780871592975537e-01,1.196766986637808061e-01,5.113660338097607561e-01,5.000000000000000000e-01,5.360000000000000320e-01,7.868489183247574792e-02,5.258099849698283368e-01,4.040000000000000258e-01,5.200000000000000178e-01,-2.000000000000000042e-02,0.000000000000000000e+00
1.760440008094000000e+12,3.000000000000000000e+00,2.000000000000000000e+00,0.000000000000000000e+00,-1.000000000000000056e-01,2.000000000000000000e+00,-3.352072403354945385e-01,2.583780871592975537e-01,-3.469986760489442434e-01,2.580200753312226203e-01,7.868489183247574792e-02,5.258099849698283368e-01,5.000000000000000000e-01,5.200000000000000178e-01,1.596448910136029006e-02,5.239157424932414653e-01,3.039999999999999925e-01,4.679999999999999716e-01,-2.000000000000000042e-02,-2.000000000000000111e-01
1.760440008298000000e+12,3.000000000000000000e+00,2.000000000000000000e+00,0.000000000000000000e+00,0.000000000000000000e+00,0.000000000000000000e+00,-3.469986760489442434e-01,2.580200753312226203e-01,-3.496951412137497828e-01,2.553303254923421362e-01,1.596448910136029006e-02,5.239157424932414653e-01,4.000000000000000777e-01,4.679999999999999716e-01,1.621589288564867417e-03,5.096842618642442035e-01,5.000000000000000000e-01,4.660000000000000253e-01,0.000000000000000000e+00,0.000000000000000000e+00
1.760440008499000000e+12,3.000000000000000000e+00,2.000000000000000000e+00,0.000000000000000000e+00,0.000000000000000000e+00,0.000000000000000000e+00,-3.496951412137497828e-01,2.553303254923421362e-01,-3.497273479518751005e-01,2.526316948271180585e-01,1.621589288564867417e-03,5.096842618642442035e-01,5.000000000000000000e-01,4.660000000000000253e-01,1.450276851728071010e-03,4.954057927360744351e-01,5.000000000000000000e-01,4.660000000000000253e-01,0.000000000000000000e+00,0.000000000000000000e+00
1.760440008702000000e+12,3.000000000000000000e+00,2.000000000000000000e+00,0.000000000000000000e+00,0.000000000000000000e+00,0.000000000000000000e+00,-3.497273479518751005e-01,2.526316948271180585e-01,-3.497603255090155350e-01,2.498246140107616975e-01,1.450276851728071010e-03,4.954057927360744351e-01,5.040000000000000036e-01,4.660000000000000253e-01,1.274864313747036499e-03,4.805535132844535040e-01,5.000000000000000000e-01,4.660000000000000253e-01,0.000000000000000000e+00,0.000000000000000000e+00
1.760440008906000000e+12,3.000000000000000000e+00,2.000000000000000000e+00,0.000000000000000000e+00,0.000000000000000000e+00,2.000000000000000000e+00,-3.497603255090155350e-01,2.498246140107616975e-01,-3.497915534294129269e-01,2.471250281685452577e-01,1.274864313747036499e-03,4.805535132844535040e-01,5.040000000000000036e-01,4.660000000000000253e-01,1.108758354186440863e-03,4.662699903097632936e-01,5.000000000000000000e-01,4.660000000000000253e-01,0.000000000000000000e+00,-2.000000000000000111e-01
1.760440009109000000e+12,3.000000000000000000e+00,2.000000000000000000e+00,0.000000000000000000e+00,0.000000000000000000e+00,2.000000000000000000e+00,-3.497915534294129269e-01,2.471250281685452577e-01,-3.498223216492024612e-01,2.444249947576920823e-01,1.108758354186440863e-03,4.662699903097632936e-01,5.040000000000000036e-01,4.660000000000000253e-01,9.450976106250883564e-04,4.519840992470481322e-01,5.000000000000000000e-01,4.660000000000000253e-01,0.000000000000000000e+00,-2.000000000000000111e-01
1.760440009313000000e+12,3.000000000000000000e+00,2.000000000000000000e+00,0.000000000000000000e+00,0.000000000000000000e+00,2.000000000000000000e+00,-3.498235418130050123e-01,2.443169837448657122e-01,-3.498538193914199068e-01,2.416164858888957823e-01,9.386073776327954164e-04,4.514126124066969448e-01,5.040000000000000036e-01,4.660000000000000253e-01,7.775564286173989453e-04,4.371242639624116078e-01,5.000000000000000000e-01,4.660000000000000253e-01,0.000000000000000000e+00,-2.000000000000000111e-01
1.760440009517000000e+12,3.000000000000000000e+00,2.000000000000000000e+00,0.000000000000000000e+00,0.000000000000000000e+00,0.000000000000000000e+00,-3.498538193914199068e-01,2.416164858888957823e-01,-3.498836416680853323e-01,2.389155564248731378e-01,7.775564286173989453e-04,4.371242639624116078e-01,4.040000000000000258e-01,4.660000000000000253e-01,6.189272974183272899e-04,4.228336318776356739e-01,5.000000000000000000e-01,4.660000000000000253e-01,0.000000000000000000e+00,0.000000000000000000e+00
1.760440009721000000e+12,3.000000000000000000e+00,2.000000000000000000e+00,0.000000000000000000e+00,1.000000000000000056e-01,1.000000000000000000e+00,-3.498848248267384942e-01,2.388075102395204596e-01,-3.461377533098929926e-01,2.362323712063688630e-01,6.126339003270406909e-04,4.222619589392617168e-01,3.039999999999999925e-01,4.660000000000000253e-01,2.054386537290949985e-02,4.086368846897823759e-01,5.999999999999999778e-01,4.799999999999999822e-01,2.000000000000000042e-02,2.000000000000000111e-01
1.760440009924000000e+12,3.000000000000000000e+00,2.000000000000000000e+00,0.000000000000000000e+00,1.000000000000000056e-01,0.000000000000000000e+00,-3.461377533098929926e-01,2.362323712063688630e-01,-3.381681839805290024e-01,2.365314807355352322e-01,2.054386537290949985e-02,4.086368846897823759e-01,1.999999999999997613e-01,4.799999999999999822e-01,6.293519159293073373e-02,4.102194747911917516e-01,5.999999999999999778e-01,5.300000000000000266e-01,2.000000000000000042e-02,0.000000000000000000e+00
1.760440010128000000e+12,3.000000000000000000e+00,2.000000000000000000e+00,0.000000000000000000e+00,0.000000000000000000e+00,2.000000000000000000e+00,-3.381681839805290024e-01,2.365314807355352322e-01,-3.336401801270821310e-01,2.401323345071816606e-01,6.293519159293073373e-02,4.102194747911917516e-01,1.999999999999997613e-01,5.300000000000000266e-01,8.702031847296728961e-02,4.292716111491093889e-01,5.040000000000000036e-01,5.460000000000000409e-01,0.000000000000000000e+00,-2.000000000000000111e-01
1.760440010331000000e+12,3.000000000000000000e+00,2.000000000000000000e+00,0.000000000000000000e+00,0.000000000000000000e+00,1.000000000000000000e+00,-3.336401801270821310e-01,2.401323345071816606e-01,-3.298950890331211472e-01,2.438305332273814630e-01,8.702031847296728961e-02,4.292716111491093889e-01,9.600000000000025180e-02,5.460000000000000409e-01,1.069410157812703960e-01,4.488388001448755382e-01,5.999999999999999778e-01,5.460000000000000409e-01,0.000000000000000000e+00,2.000000000000000111e-01
1.760440010534000000e+12,3.000000000000000000e+00,2.000000000000000000e+00,0.000000000000000000e+00,0.000000000000000000e+00,1.000000000000000000e+00,-3.298950890331211472e-01,2.438305332273814630e-01,-3.181551957370000183e-01,2.475278032864260402e-01,1.069410157812703960e-01,4.488388001448755382e-01,9.600000000000025180e-02,5.460000000000000409e-01,1.693872567180849109e-01,4.684010755895558487e-01,7.000000000000000666e-01,5.460000000000000409e-01,0.000000000000000000e+00,2.000000000000000111e-01
1.760440010738000000e+12,3.000000000000000000e+00,2.000000000000000000e+00,0.000000000000000000e+00,0.000000000000000000e+00,2.000000000000000000e+00,-3.175193405289272186e-01,2.476756541320712657e-01,-3.050013395918239056e-01,2.513726882340224789e-01,1.727694652716636470e-01,4.691833551961442916e-01,-7.450580569168252509e-09,5.460000000000000409e-01,2.393545766392344565e-01,4.887443821905951835e-01,6.039999999999999813e-01,5.460000000000000409e-01,0.000000000000000000e+00,-2.000000000000000111e-01
1.760440010941000000e+12,3.000000000000000000e+00,2.000000000000000000e+00,0.000000000000000000e+00,-1.000000000000000056e-01,0.000000000000000000e+00,-3.050013395918239056e-01,2.513726882340224789e-01,-2.966998562952168350e-01,2.543234279458410629e-01,2.393545766392344565e-01,4.887443821905951835e-01,5.000000000000000000e-01,5.460000000000000409e-01,2.835114026850167335e-01,5.043567616182067503e-01,6.039999999999999813e-01,5.140000000000000124e-01,-2.000000000000000042e-02,0.000000000000000000e+00
1.760440011144000000e+12,3.000000000000000000e+00,2.000000000000000000e+00,0.000000000000000000e+00,0.000000000000000000e+00,1.000000000000000000e+00,-2.966998562952168350e-01,2.543234279458410629e-01,-2.846288723039993585e-01,2.538525550264683073e-01,2.835114026850167335e-01,5.043567616182067503e-01,5.000000000000000000e-01,5.140000000000000124e-01,3.477187643404288653e-01,5.018653705104143548e-01,7.039999999999999591e-01,4.839999999999999858e-01,0.000000000000000000e+00,2.000000000000000111e-01
1.760440011348000000e+12,3.000000000000000000e+00,2.000000000000000000e+00,0.000000000000000000e+00,0.000000000000000000e+00,0.000000000000000000e+00,-2.839800338171926120e-01,2.538019937587637775e-01,-2.673609277969429265e-01,2.525373957536187208e-01,3.511700328872732757e-01,5.015978505754697947e-01,5.999999999999999778e-01,4.839999999999999858e-01,4.395695329949843577e-01,4.949068558392525352e-01,7.079999999999999627e-01,4.839999999999999858e-01,0.000000000000000000e+00,0.000000000000000000e+00
1.760440011551000000e+12,3.000000000000000000e+00,2.000000000000000000e+00,0.000000000000000000e+00,0.000000000000000000e+00,2.000000000000000000e+00,-2.673609277969429265e-01,2.525373957536187208e-01,-2.545061054947398427e-01,2.512729619992283281e-01,4.395695329949843577e-01,4.949068558392525352e-01,5.999999999999999778e-01,4.839999999999999858e-01,5.079462473684051016e-01,4.882167301546472826e-01,6.079999999999999849e-01,4.839999999999999858e-01,0.000000000000000000e+00,-2.000000000000000111e-01
0.000000000000000000e+00,0.000000000000000000e+00,0.000000000000000000e+00,0.000000000000000000e+00,0.000000000000000000e+00,0.000000000000000000e+00,0.000000000000000000e+00,0.000000000000000000e+00,0.000000000000000000e+00,0.000000000000000000e+00,0.000000000000000000e+00,0.000000000000000000e+00,0.000000000000000000e+00,0.000000000000000000e+00,0.000000000000000000e+00,0.000000000000000000e+00,0.000000000000000000e+00,0.000000000000000000e+00,0.000000000000000000e+00,0.000000000000000000e+00
1.760440017231000000e+12,4.000000000000000000e+00,2.000000000000000000e+00,1.000000000000000000e+00,0.000000000000000000e+00,2.000000000000000000e+00,-2.531900514058066376e-01,2.510707371659336995e-01,-3.293405452025091051e-01,3.202029905779538721e-01,5.149465350754965920e-01,4.871467574917127674e-01,5.000000000000000000e-01,4.839999999999999858e-01,1.098907170079301832e-01,8.529258760738300804e-01,4.919999999999999929e-01,4.839999999999999858e-01,0.000000000000000000e+00,-2.000000000000000111e-01
1.760440017435000000e+12,4.000000000000000000e+00,2.000000000000000000e+00,1.000000000000000000e+00,0.000000000000000000e+00,1.000000000000000000e+00,-3.293405452025091051e-01,3.202029905779538721e-01,-3.262452636463554767e-01,3.189576285403684652e-01,1.098907170079301832e-01,8.529258760738300804e-01,5.999999999999999778e-01,4.839999999999999858e-01,1.263549806044920454e-01,8.463366589437485432e-01,5.919999999999999707e-01,4.839999999999999858e-01,0.000000000000000000e+00,2.000000000000000111e-01
1.760440017638000000e+12,4.000000000000000000e+00,2.000000000000000000e+00,1.000000000000000000e+00,0.000000000000000000e+00,2.000000000000000000e+00,-3.262452636463554767e-01,3.189576285403684652e-01,-3.227002891343796476e-01,3.177113278427679544e-01,1.263549806044920454e-01,8.463366589437485432e-01,5.999999999999999778e-01,4.839999999999999858e-01,1.452112280086187979e-01,8.397424753585607249e-01,4.919999999999999929e-01,4.839999999999999858e-01,0.000000000000000000e+00,-2.000000000000000111e-01
1.760440017842000000e+12,4.000000000000000000e+00,2.000000000000000000e+00,1.000000000000000000e+00,-1.000000000000000056e-01,0.000000000000000000e+00,-3.227242379435660835e-01,3.176614732501332750e-01,-3.237196491495354933e-01,3.155677149974833728e-01,1.450838407257122320e-01,8.394786944451496646e-01,5.999999999999999778e-01,4.839999999999999858e-01,1.397891002684281403e-01,8.284006084522931301e-01,4.879999999999999893e-01,4.500000000000000111e-01,-2.000000000000000042e-02,0.000000000000000000e+00
1.760440018044000000e+12,4.000000000000000000e+00,2.000000000000000000e+00,1.000000000000000000e+00,-1.000000000000000056e-01,2.000000000000000000e+00,-3.237196491495354933e-01,3.155677149974833728e-01,-3.284872418939944749e-01,3.097169354138749608e-01,1.397891002684281403e-01,8.284006084522931301e-01,5.000000000000000000e-01,4.500000000000000111e-01,1.144295643936463075e-01,7.974441027189151932e-01,3.880000000000000671e-01,3.999999999999999667e-01,-2.000000000000000042e-02,-2.000000000000000111e-01
1.760440018249000000e+12,4.000000000000000000e+00,2.000000000000000000e+00,1.000000000000000000e+00,0.000000000000000000e+00,1.000000000000000000e+00,-3.284872418939944749e-01,3.097169354138749608e-01,-3.343933684376783066e-01,3.003410290498433888e-01,1.144295643936463075e-01,7.974441027189151932e-01,5.000000000000000000e-01,3.999999999999999667e-01,8.301399767192380041e-02,7.478361325388539482e-01,4.799999999999999822e-01,3.839999999999999525e-01,0.000000000000000000e+00,2.000000000000000111e-01
1.760440018453000000e+12,4.000000000000000000e+00,2.000000000000000000e+00,1.000000000000000000e+00,0.000000000000000000e+00,0.000000000000000000e+00,-3.343933684376783066e-01,3.003410290498433888e-01,-3.357123192894898578e-01,2.910899101737351446e-01,8.301399767192380041e-02,7.478361325388539482e-01,3.999999999999999667e-01,3.839999999999999525e-01,7.599830165164958573e-02,6.988884136176463091e-01,4.840000000000000413e-01,3.839999999999999525e-01,0.000000000000000000e+00,0.000000000000000000e+00
1.760440018656000000e+12,4.000000000000000000e+00,2.000000000000000000e+00,1.000000000000000000e+00,0.000000000000000000e+00,0.000000000000000000e+00,-3.357123192894898578e-01,2.910899101737351446e-01,-3.370265355122247231e-01,2.818368158588405170e-01,7.599830165164958573e-02,6.988884136176463091e-01,3.999999999999999667e-01,3.839999999999999525e-01,6.900778982859179234e-02,6.499302426393679388e-01,4.840000000000000413e-01,3.839999999999999525e-01,0.000000000000000000e+00,0.000000000000000000e+00
1.760440018859000000e+12,4.000000000000000000e+00,2.000000000000000000e+00,1.000000000000000000e+00,1.000000000000000056e-01,0.000000000000000000e+00,-3.370265355122247231e-01,2.818368158588405170e-01,-3.383923191189769364e-01,2.739437902502165345e-01,6.900778982859179234e-02,6.499302426393679388e-01,5.000000000000000000e-01,3.839999999999999525e-01,6.174298340969703452e-02,6.081682023820981220e-01,4.840000000000000413e-01,4.319999999999999951e-01,2.000000000000000042e-02,0.000000000000000000e+00
1.760440019062000000e+12,4.000000000000000000e+00,2.000000000000000000e+00,1.000000000000000000e+00,1.000000000000000056e-01,0.000000000000000000e+00,-3.383923191189769364e-01,2.739437902502165345e-01,-3.397054488008571793e-01,2.704119102999225088e-01,6.174298340969703452e-02,6.081682023820981220e-01,5.040000000000000036e-01,4.319999999999999951e-01,5.475825105927021458e-02,5.894810068778969514e-01,4.840000000000000413e-01,4.819999999999999840e-01,2.000000000000000042e-02,0.000000000000000000e+00
1.760440019265000000e+12,4.000000000000000000e+00,2.000000000000000000e+00,1.000000000000000000e+00,0.000000000000000000e+00,0.000000000000000000e+00,-3.397054488008571793e-01,2.704119102999225088e-01,-3.410187087192091959e-01,2.698109671023113942e-01,5.475825105927021458e-02,5.894810068778969514e-01,6.039999999999999813e-01,4.819999999999999840e-01,4.777282596165310230e-02,5.863014132397429412e-01,4.840000000000000413e-01,4.939999999999999947e-01,0.000000000000000000e+00,0.000000000000000000e+00
1.760440019468000000e+12,4.000000000000000000e+00,2.000000000000000000e+00,1.000000000000000000e+00,0.000000000000000000e+00,2.000000000000000000e+00,-3.410187087192091959e-01,2.698109671023113942e-01,-3.461545277020299238e-01,2.693364106611198516e-01,4.777282596165310230e-02,5.863014132397429412e-01,6.039999999999999813e-01,4.939999999999999947e-01,2.045463988281943923e-02,5.837905325985177640e-01,3.840000000000000080e-01,4.939999999999999947e-01,0.000000000000000000e+00,-2.000000000000000111e-01
1.760440019671000000e+12,4.000000000000000000e+00,2.000000000000000000e+00,1.000000000000000000e+00,0.000000000000000000e+00,1.000000000000000000e+00,-3.461545277020299238e-01,2.693364106611198516e-01,-3.489207554235820297e-01,2.688803776036684523e-01,2.045463988281943923e-02,5.837905325985177640e-01,5.000000000000000000e-01,4.939999999999999947e-01,5.740662640521001364e-03,5.813776592786691344e-01,5.520000000000000462e-01,4.939999999999999947e-01,0.000000000000000000e+00,2.000000000000000111e-01
1.760440019876000000e+12,4.000000000000000000e+00,2.000000000000000000e+00,1.000000000000000000e+00,0.000000000000000000e+00,2.000000000000000000e+00,-3.489207554235820297e-01,2.688803776036684523e-01,-3.485716089768762793e-01,2.684244228713540958e-01,5.740662640521001364e-03,5.813776592786691344e-01,5.999999999999999778e-01,4.939999999999999947e-01,7.597824591083503741e-03,5.789652003775349609e-01,4.520000000000000129e-01,4.939999999999999947e-01,0.000000000000000000e+00,-2.000000000000000111e-01
1.760440020079000000e+12,4.000000000000000000e+00,2.000000000000000000e+00,1.000000000000000000e+00,0.000000000000000000e+00,1.000000000000000000e+00,-3.487234014757975009e-01,2.684061788457709485e-01,-3.491393626611218881e-01,2.679502550766535984e-01,6.790417681928069549e-03,5.788686711416453079e-01,5.000000000000000000e-01,4.939999999999999947e-01,4.577858185521753963e-03,5.764563760669503267e-01,5.479999999999999316e-01,4.939999999999999947e-01,0.000000000000000000e+00,2.000000000000000111e-01
1.760440020283000000e+12,4.000000000000000000e+00,2.000000000000000000e+00,1.000000000000000000e+00,0.000000000000000000e+00,1.000000000000000000e+00,-3.491393626611218881e-01,2.679502550766535984e-01,-3.415667479425741893e-01,2.674934316723875938e-01,4.577858185521753963e-03,5.764563760669503267e-01,5.919999999999999707e-01,4.939999999999999947e-01,4.485772370971164574e-02,5.740393210179238759e-01,6.479999999999999094e-01,4.939999999999999947e-01,0.000000000000000000e+00,2.000000000000000111e-01
1.760440020486000000e+12,4.000000000000000000e+00,2.000000000000000000e+00,1.000000000000000000e+00,0.000000000000000000e+00,2.000000000000000000e+00,-3.415667479425741893e-01,2.674934316723875938e-01,-3.327401067688993686e-01,2.670174165808450462e-01,4.485772370971164574e-02,5.740393210179238759e-01,5.959999999999999742e-01,4.939999999999999947e-01,9.180794271862027789e-02,5.715207226499738891e-01,5.560000000000000497e-01,4.939999999999999947e-01,0.000000000000000000e+00,-2.000000000000000111e-01
1.760440020690000000e+12,4.000000000000000000e+00,2.000000000000000000e+00,1.000000000000000000e+00,0.000000000000000000e+00,2.000000000000000000e+00,-3.327401067688993686e-01,2.670174165808450462e-01,-3.323754217173047198e-01,2.665599739209521535e-01,9.180794271862027789e-02,5.715207226499738891e-01,6.959999999999999520e-01,4.939999999999999947e-01,9.374775682284712530e-02,5.691003911161490736e-01,4.520000000000000129e-01,4.939999999999999947e-01,0.000000000000000000e+00,-2.000000000000000111e-01
1.760440020893000000e+12,4.000000000000000000e+00,2.000000000000000000e+00,1.000000000000000000e+00,0.000000000000000000e+00,2.000000000000000000e+00,-3.323754217173047198e-01,2.665599739209521535e-01,-3.400112329997976301e-01,2.661021504930699000e-01,9.374775682284712530e-02,5.691003911161490736e-01,6.959999999999999520e-01,4.939999999999999947e-01,5.313173936277845039e-02,5.666780449368777894e-01,3.520000000000000906e-01,4.939999999999999947e-01,0.000000000000000000e+00,-2.000000000000000111e-01
1.760440021096000000e+12,4.000000000000000000e+00,2.000000000000000000e+00,1.000000000000000000e+00,-1.000000000000000056e-01,1.000000000000000000e+00,-3.404828970788084108e-01,2.660838184122293337e-01,-3.489032559910417719e-01,2.654576255750932812e-01,5.062288787867855189e-02,5.665810498001552231e-01,5.959999999999999742e-01,4.939999999999999947e-01,5.833744728501096335e-03,5.632678601856787592e-01,4.479999999999999538e-01,4.779999999999999805e-01,-2.000000000000000042e-02,2.000000000000000111e-01
1.760440021299000000e+12,4.000000000000000000e+00,2.000000000000000000e+00,1.000000000000000000e+00,0.000000000000000000e+00,0.000000000000000000e+00,-3.489032559910417719e-01,2.654576255750932812e-01,-3.499806001735373262e-01,2.619616730944629990e-01,5.833744728501096335e-03,5.632678601856787592e-01,6.959999999999999520e-01,4.779999999999999805e-01,1.031905662906999809e-04,5.447707571135609328e-01,5.000000000000000000e-01,4.420000000000000040e-01,0.000000000000000000e+00,0.000000000000000000e+00
1.760440021503000000e+12,4.000000000000000000e+00,2.000000000000000000e+00,1.000000000000000000e+00,0.000000000000000000e+00,0.000000000000000000e+00,-3.499806001735373262e-01,2.619616730944629990e-01,-3.500138583885259447e-01,2.573441649903470685e-01,1.031905662906999809e-04,5.447707571135609328e-01,5.919999999999999707e-01,4.420000000000000040e-01,-7.371483258493023174e-05,5.203394973034236592e-01,5.000000000000000000e-01,4.420000000000000040e-01,0.000000000000000000e+00,0.000000000000000000e+00
1.760440021706000000e+12,4.000000000000000000e+00,2.000000000000000000e+00,1.000000000000000000e+00,1.000000000000000056e-01,2.000000000000000000e+00,-3.500151753239418850e-01,2.571594497999601936e-01,-3.500477315429169067e-01,2.536091217875807713e-01,-8.071980820163424943e-05,5.193621682537576945e-01,6.919999999999999485e-01,4.420000000000000040e-01,-2.538911857283454219e-04,5.005773639554538246e-01,5.000000000000000000e-01,4.799999999999999822e-01,2.000000000000000042e-02,-2.000000000000000111e-01
1.760440021909000000e+12,4.000000000000000000e+00,2.000000000000000000e+00,1.000000000000000000e+00,0.000000000000000000e+00,2.000000000000000000e+00,-3.500477315429169067e-01,2.536091217875807713e-01,-3.500801441997713481e-01,2.538792625040096618e-01,-2.538911857283454219e-04,5.005773639554538246e-01,5.919999999999999707e-01,4.799999999999999822e-01,-4.262989349540975714e-04,5.020066799153950488e-01,5.000000000000000000e-01,5.220000000000000195e-01,0.000000000000000000e+00,-2.000000000000000111e-01
1.760440022113000000e+12,4.000000000000000000e+00,2.000000000000000000e+00,1.000000000000000000e+00,0.000000000000000000e+00,2.000000000000000000e+00,-3.500801441997713481e-01,2.538792625040096618e-01,-3.501140694447542612e-01,2.557321095258223154e-01,-4.262989349540975714e-04,5.020066799153950488e-01,4.919999999999999929e-01,5.220000000000000195e-01,-6.067523657142733255e-04,5.118101033112292253e-01,5.000000000000000000e-01,5.220000000000000195e-01,0.000000000000000000e+00,-2.000000000000000111e-01
1.760440022318000000e+12,4.000000000000000000e+00,2.000000000000000000e+00,1.000000000000000000e+00,0.000000000000000000e+00,0.000000000000000000e+00,-3.501140694447542612e-01,2.557321095258223154e-01,-3.501469680574522680e-01,2.575139975118500013e-01,-6.067523657142733255e-04,5.118101033112292253e-01,5.879999999999999671e-01,5.220000000000000195e-01,-7.817449864483524882e-04,5.212380820732804843e-01,5.000000000000000000e-01,5.220000000000000195e-01,0.000000000000000000e+00,0.000000000000000000e+00
1.760440022521000000e+12,4.000000000000000000e+00,2.000000000000000000e+00,1.000000000000000000e+00,0.000000000000000000e+00,2.000000000000000000e+00,-3.501469680574522680e-01,2.575139975118500013e-01,-3.501801874641283785e-01,2.592962127836020980e-01,-7.817449864483524882e-04,5.212380820732804843e-01,6.879999999999999449e-01,5.220000000000000195e-01,-9.584439581297911218e-04,5.306677925058312928e-01,5.000000000000000000e-01,5.220000000000000195e-01,0.000000000000000000e+00,-2.000000000000000111e-01
1.760440022725000000e+12,4.000000000000000000e+00,2.000000000000000000e+00,1.000000000000000000e+00,-1.000000000000000056e-01,0.000000000000000000e+00,-3.501815241078798380e-01,2.593675089011405199e-01,-3.502151022090693178e-01,2.608124709320990275e-01,-9.655537653184052913e-04,5.310450206409551566e-01,5.879999999999999671e-01,5.220000000000000195e-01,-1.144160686539042598e-03,5.386903223920583850e-01,5.000000000000000000e-01,5.020000000000000018e-01,-2.000000000000000042e-02,0.000000000000000000e+00
1.760440022928000000e+12,4.000000000000000000e+00,2.000000000000000000e+00,1.000000000000000000e+00,-1.000000000000000056e-01,1.000000000000000000e+00,-3.502151022090693178e-01,2.608124709320990275e-01,-3.464769129011582294e-01,2.589523806214599211e-01,-1.144160686539042598e-03,5.386903223920583850e-01,4.879999999999999893e-01,5.000000000000000000e-01,1.873982499383908956e-02,5.288485747167191997e-01,5.999999999999999778e-01,4.500000000000000111e-01,-2.000000000000000042e-02,2.000000000000000111e-01
1.760440023131000000e+12,4.000000000000000000e+00,2.000000000000000000e+00,1.000000000000000000e+00,0.000000000000000000e+00,0.000000000000000000e+00,-3.464769129011582294e-01,2.589523806214599211e-01,-3.378746024814665572e-01,2.546572796030672214e-01,1.873982499383908956e-02,5.288485747167191997e-01,4.879999999999999893e-01,4.500000000000000111e-01,6.449679531134798471e-02,5.061231725030012063e-01,6.039999999999999813e-01,4.480000000000000648e-01,0.000000000000000000e+00,0.000000000000000000e+00
1.760440023336000000e+12,4.000000000000000000e+00,2.000000000000000000e+00,1.000000000000000000e+00,1.000000000000000056e-01,2.000000000000000000e+00,-3.378746024814665572e-01,2.546572796030672214e-01,-3.333539181043263522e-01,2.505517686720681869e-01,6.449679531134798471e-02,5.061231725030012063e-01,5.879999999999999671e-01,4.480000000000000648e-01,8.854298880677462236e-02,4.844008924448052755e-01,5.040000000000000036e-01,4.560000000000000164e-01,2.000000000000000042e-02,-2.000000000000000111e-01
1.760440023539000000e+12,4.000000000000000000e+00,2.000000000000000000e+00,1.000000000000000000e+00,1.000000000000000056e-01,2.000000000000000000e+00,-3.333539181043263522e-01,2.505517686720681869e-01,-3.368281615072299395e-01,2.489345020105978301e-01,8.854298880677462236e-02,4.844008924448052755e-01,5.000000000000000000e-01,4.560000000000000164e-01,7.006297070622362344e-02,4.758439259819991496e-01,4.040000000000000258e-01,5.060000000000000053e-01,2.000000000000000042e-02,-2.000000000000000111e-01
1.760440023743000000e+12,4.000000000000000000e+00,2.000000000000000000e+00,1.000000000000000000e+00,0.000000000000000000e+00,2.000000000000000000e+00,-3.371332859613551669e-01,2.489528721518683707e-01,-3.489268792091765325e-01,2.505398500209137236e-01,6.843996829066389953e-02,4.759411224966580978e-01,5.000000000000000000e-01,5.060000000000000053e-01,5.708089312890666893e-03,4.843378307984853581e-01,2.999999999999999889e-01,5.220000000000000195e-01,0.000000000000000000e+00,-2.000000000000000111e-01
1.760440023947000000e+12,4.000000000000000000e+00,2.000000000000000000e+00,1.000000000000000000e+00,0.000000000000000000e+00,1.000000000000000000e+00,-3.489268792091765325e-01,2.505398500209137236e-01,-3.462878578083719017e-01,2.523204286098880145e-01,5.708089312890666893e-03,4.843378307984853581e-01,4.000000000000000777e-01,5.220000000000000195e-01,1.974543718951104684e-02,4.937588815337990988e-01,5.959999999999999742e-01,5.220000000000000195e-01,0.000000000000000000e+00,2.000000000000000111e-01
1.760440024150000000e+12,4.000000000000000000e+00,2.000000000000000000e+00,1.000000000000000000e+00,0.000000000000000000e+00,0.000000000000000000e+00,-3.462878578083719017e-01,2.523204286098880145e-01,-3.383351986353435592e-01,2.541718722429684441e-01,1.974543718951104684e-02,4.937588815337990988e-01,5.000000000000000000e-01,5.220000000000000195e-01,6.204681576944904436e-02,5.035548795924257304e-01,5.959999999999999742e-01,5.220000000000000195e-01,0.000000000000000000e+00,0.000000000000000000e+00
1.760440024354000000e+12,4.000000000000000000e+00,2.000000000000000000e+00,1.000000000000000000e+00,0.000000000000000000e+00,2.000000000000000000e+00,-3.383351986353435592e-01,2.541718722429684441e-01,-3.344570579686138023e-01,2.559523745494465818e-01,6.204681576944904436e-02,5.035548795924257304e-01,5.040000000000000036e-01,5.220000000000000195e-01,8.267522357120307697e-02,5.129755267166485888e-01,4.960000000000000520e-01,5.220000000000000195e-01,0.000000000000000000e+00,-2.000000000000000111e-01
1.760440024556000000e+12,4.000000000000000000e+00,2.000000000000000000e+00,1.000000000000000000e+00,0.000000000000000000e+00,0.000000000000000000e+00,-3.344570579686138023e-01,2.559523745494465818e-01,-3.348029706631684421e-01,2.577333036993228466e-01,8.267522357120307697e-02,5.129755267166485888e-01,5.040000000000000036e-01,5.220000000000000195e-01,8.083526242995499322e-02,5.223984322715494732e-01,4.960000000000000520e-01,5.220000000000000195e-01,0.000000000000000000e+00,0.000000000000000000e+00
1.760440024760000000e+12,4.000000000000000000e+00,2.000000000000000000e+00,1.000000000000000000e+00,0.000000000000000000e+00,0.000000000000000000e+00,-3.348169408344995324e-01,2.578045466312294254e-01,-3.351664378981071279e-01,2.595858182319892848e-01,8.076095300798109833e-02,5.227753790012139579e-01,5.040000000000000036e-01,5.220000000000000195e-01,7.890192607389814872e-02,5.322000964655518862e-01,4.960000000000000520e-01,5.220000000000000195e-01,0.000000000000000000e+00,0.000000000000000000e+00
1.760440024964000000e+12,4.000000000000000000e+00,2.000000000000000000e+00,1.000000000000000000e+00,0.000000000000000000e+00,0.000000000000000000e+00,-3.351664378981071279e-01,2.595858182319892848e-01,-3.355162797421475385e-01,2.613674083174574170e-01,7.890192607389814872e-02,5.322000964655518862e-01,5.040000000000000036e-01,5.220000000000000195e-01,7.704106520134276770e-02,5.416264990341662644e-01,4.960000000000000520e-01,5.220000000000000195e-01,0.000000000000000000e+00,0.000000000000000000e+00
1.760440025167000000e+12,4.000000000000000000e+00,2.000000000000000000e+00,1.000000000000000000e+00,-1.000000000000000056e-01,2.000000000000000000e+00,-3.355162797421475385e-01,2.613674083174574170e-01,-3.396410047997745485e-01,2.624011595910620276e-01,7.704106520134276770e-02,5.416264990341662644e-01,4.040000000000000258e-01,5.220000000000000195e-01,5.510103829907143924e-02,5.470960824923917221e-01,3.960000000000000187e-01,4.899999999999999911e-01,-2.000000000000000042e-02,-2.000000000000000111e-01
1.760440025370000000e+12,4.000000000000000000e+00,2.000000000000000000e+00,1.000000000000000000e+00,0.000000000000000000e+00,2.000000000000000000e+00,-3.396410047997745485e-01,2.624011595910620276e-01,-3.493685047442771641e-01,2.596041654057900105e-01,5.510103829907143924e-02,5.470960824923917221e-01,3.039999999999999925e-01,4.899999999999999911e-01,3.359017317674541786e-03,5.322971714592065196e-01,5.000000000000000000e-01,4.480000000000000648e-01,0.000000000000000000e+00,-2.000000000000000111e-01
1.760440025573000000e+12,4.000000000000000000e+00,2.000000000000000000e+00,1.000000000000000000e+00,0.000000000000000000e+00,2.000000000000000000e+00,-3.493685047442771641e-01,2.596041654057900105e-01,-3.494009819339409795e-01,2.554661535539312078e-01,3.359017317674541786e-03,5.322971714592065196e-01,1.999999999999997613e-01,4.480000000000000648e-01,3.186266308824459593e-03,5.104029288567789591e-01,5.000000000000000000e-01,4.480000000000000648e-01,0.000000000000000000e+00,-2.000000000000000111e-01
1.760440025776000000e+12,4.000000000000000000e+00,2.000000000000000000e+00,1.000000000000000000e+00,0.000000000000000000e+00,1.000000000000000000e+00,-3.494009819339409795e-01,2.554661535539312078e-01,-3.456641115124901020e-01,2.513271585399952102e-01,3.186266308824459593e-03,5.104029288567789591e-01,1.999999999999997613e-01,4.480000000000000648e-01,2.306323663569083068e-02,4.885034843385990255e-01,5.999999999999999778e-01,4.480000000000000648e-01,0.000000000000000000e+00,2.000000000000000111e-01
1.760440025979000000e+12,4.000000000000000000e+00,2.000000000000000000e+00,1.000000000000000000e+00,0.000000000000000000e+00,0.000000000000000000e+00,-3.453484935690130930e-01,2.511615603587998846e-01,-3.370600447186463677e-01,2.470210467663873366e-01,2.474205548397279478e-02,4.876273034857137034e-01,9.600000000000025180e-02,4.480000000000000648e-01,6.882954936890219033e-02,4.657198241607796163e-01,6.039999999999999813e-01,4.480000000000000648e-01,0.000000000000000000e+00,0.000000000000000000e+00
1.760440026183000000e+12,4.000000000000000000e+00,2.000000000000000000e+00,1.000000000000000000e+00,0.000000000000000000e+00,0.000000000000000000e+00,-3.370600447186463677e-01,2.470210467663873366e-01,-3.287659799448945375e-01,2.428794562876769592e-01,6.882954936890219033e-02,4.657198241607796163e-01,9.600000000000025180e-02,4.480000000000000648e-01,1.129469151867310839e-01,4.438066470247458706e-01,6.039999999999999813e-01,4.480000000000000648e-01,0.000000000000000000e+00,0.000000000000000000e+00
1.760440026386000000e+12,4.000000000000000000e+00,2.000000000000000000e+00,1.000000000000000000e+00,1.000000000000000056e-01,1.000000000000000000e+00,-3.287659799448945375e-01,2.428794562876769592e-01,-3.166933451027729163e-01,2.395842295349797091e-01,1.129469151867310839e-01,4.438066470247458706e-01,-7.450580569168252509e-09,4.480000000000000648e-01,1.771630579639737468e-01,4.263715848411625542e-01,7.039999999999999591e-01,4.819999999999999840e-01,2.000000000000000042e-02,2.000000000000000111e-01
1.760440026589000000e+12,4.000000000000000000e+00,2.000000000000000000e+00,1.000000000000000000e+00,0.000000000000000000e+00,2.000000000000000000e+00,-3.160446200234687253e-01,2.395256427273384781e-01,-3.031967774509958802e-01,2.400852377412438510e-01,1.806137232794215730e-01,4.260616017319496796e-01,5.000000000000000000e-01,4.819999999999999840e-01,2.489533114308729034e-01,4.290224219113431547e-01,6.079999999999999849e-01,5.240000000000000213e-01,0.000000000000000000e+00,-2.000000000000000111e-01
1.760440026793000000e+12,4.000000000000000000e+00,2.000000000000000000e+00,1.000000000000000000e+00,0.000000000000000000e+00,2.000000000000000000e+00,-3.031967774509958802e-01,2.400852377412438510e-01,-2.983495583185053479e-01,2.420218024397261525e-01,2.489533114308729034e-01,4.290224219113431547e-01,5.000000000000000000e-01,5.240000000000000213e-01,2.747363919228438256e-01,4.392687959773871054e-01,5.080000000000000071e-01,5.240000000000000213e-01,0.000000000000000000e+00,-2.000000000000000111e-01
1.760440026997000000e+12,4.000000000000000000e+00,2.000000000000000000e+00,1.000000000000000000e+00,0.000000000000000000e+00,2.000000000000000000e+00,-2.983495583185053479e-01,2.420218024397261525e-01,-3.014959691169281086e-01,2.439587489456422065e-01,2.747363919228438256e-01,4.392687959773871054e-01,5.999999999999999778e-01,5.240000000000000213e-01,2.580001642716588939e-01,4.495171901885831600e-01,4.080000000000000293e-01,5.240000000000000213e-01,0.000000000000000000e+00,-2.000000000000000111e-01
1.760440027199000000e+12,4.000000000000000000e+00,2.000000000000000000e+00,1.000000000000000000e+00,0.000000000000000000e+00,1.000000000000000000e+00,-3.017879836227448931e-01,2.440362235635701593e-01,-3.057146654938582842e-01,2.459735899040367824e-01,2.564468956236973241e-01,4.499271088019585751e-01,5.999999999999999778e-01,5.240000000000000213e-01,2.355602899262856376e-01,4.601777243599830536e-01,5.040000000000000036e-01,5.240000000000000213e-01,0.000000000000000000e+00,2.000000000000000111e-01
1.760440027402000000e+12,4.000000000000000000e+00,2.000000000000000000e+00,1.000000000000000000e+00,0.000000000000000000e+00,2.000000000000000000e+00,-3.057146654938582842e-01,2.459735899040367824e-01,-3.091924034377984132e-01,2.479113355517947037e-01,2.355602899262856376e-01,4.601777243599830536e-01,5.000000000000000000e-01,5.240000000000000213e-01,2.170616838414977101e-01,4.704303468348926542e-01,4.040000000000000258e-01,5.240000000000000213e-01,0.000000000000000000e+00,-2.000000000000000111e-01
1.760440027606000000e+12,4.000000000000000000e+00,2.000000000000000000e+00,1.000000000000000000e+00,0.000000000000000000e+00,1.000000000000000000e+00,-3.091924034377984132e-01,2.479113355517947037e-01,-3.137378357825065800e-01,2.499270605187753069e-01,2.170616838414977101e-01,4.704303468348926542e-01,3.999999999999999667e-01,5.240000000000000213e-01,1.928838522207095840e-01,4.810955583003985181e-01,4.960000000000000520e-01,5.240000000000000213e-01,0.000000000000000000e+00,2.000000000000000111e-01
1.760440027809000000e+12,4.000000000000000000e+00,2.000000000000000000e+00,1.000000000000000000e+00,-1.000000000000000056e-01,0.000000000000000000e+00,-3.137378357825065800e-01,2.499270605187753069e-01,-3.137646005357636048e-01,2.502809245978168673e-01,1.928838522207095840e-01,4.810955583003985181e-01,2.959999999999999853e-01,5.240000000000000213e-01,1.927414865118956266e-01,4.829678550149041349e-01,5.000000000000000000e-01,4.779999999999999805e-01,-2.000000000000000042e-02,0.000000000000000000e+00
1.760440028012000000e+12,4.000000000000000000e+00,2.000000000000000000e+00,1.000000000000000000e+00,0.000000000000000000e+00,0.000000000000000000e+00,-3.137646005357636048e-01,2.502809245978168673e-01,-3.137878804910608221e-01,2.476105930479357564e-01,1.927414865118956266e-01,4.829678550149041349e-01,5.000000000000000000e-01,4.779999999999999805e-01,1.926176569624423462e-01,4.688391166557447920e-01,5.000000000000000000e-01,4.640000000000000235e-01,0.000000000000000000e+00,0.000000000000000000e+00
1.760440028217000000e+12,4.000000000000000000e+00,2.000000000000000000e+00,1.000000000000000000e+00,0.000000000000000000e+00,2.000000000000000000e+00,-3.137888030810523365e-01,2.474961234527940923e-01,-3.175862590409525010e-01,2.446340084135207871e-01,1.926127495688704505e-01,4.682334574221910239e-01,5.000000000000000000e-01,4.640000000000000235e-01,1.724135157396142759e-01,4.530899916059301646e-01,4.000000000000000777e-01,4.640000000000000235e-01,0.000000000000000000e+00,-2.000000000000000111e-01
1.760440028420000000e+12,4.000000000000000000e+00,2.000000000000000000e+00,1.000000000000000000e+00,1.000000000000000056e-01,0.000000000000000000e+00,-3.175862590409525010e-01,2.446340084135207871e-01,-3.256069239035443430e-01,2.432194633860464972e-01,1.724135157396142759e-01,4.530899916059301646e-01,5.000000000000000000e-01,4.640000000000000235e-01,1.297504047683810668e-01,4.456056263811984386e-01,4.000000000000000777e-01,5.080000000000000071e-01,2.000000000000000042e-02,0.000000000000000000e+00
1.760440028623000000e+12,4.000000000000000000e+00,2.000000000000000000e+00,1.000000000000000000e+00,0.000000000000000000e+00,1.000000000000000000e+00,-3.256069239035443430e-01,2.432194633860464972e-01,-3.301819920590493562e-01,2.454648376651776542e-01,1.297504047683810668e-01,4.456056263811984386e-01,5.000000000000000000e-01,5.080000000000000071e-01,1.054149358561203426e-01,4.574859135723686188e-01,5.000000000000000000e-01,5.340000000000000302e-01,0.000000000000000000e+00,2.000000000000000111e-01
1.760440028827000000e+12,4.000000000000000000e+00,2.000000000000000000e+00,1.000000000000000000e+00,0.000000000000000000e+00,1.000000000000000000e+00,-3.301819920590493562e-01,2.454648376651776542e-01,-3.264414592791304859e-01,2.482034950159321685e-01,1.054149358561203426e-01,4.574859135723686188e-01,5.999999999999999778e-01,5.340000000000000302e-01,1.253113868131356112e-01,4.719761641054612822e-01,5.999999999999999778e-01,5.340000000000000302e-01,0.000000000000000000e+00,2.000000000000000111e-01
1.760440029029000000e+12,4.000000000000000000e+00,2.000000000000000000e+00,1.000000000000000000e+00,0.000000000000000000e+00,0.000000000000000000e+00,-3.264414592791304859e-01,2.482034950159321685e-01,-3.184695732551896530e-01,2.509418479595969531e-01,1.253113868131356112e-01,4.719761641054612822e-01,6.039999999999999813e-01,5.340000000000000302e-01,1.677150358766506810e-01,4.864648040190315270e-01,5.999999999999999778e-01,5.340000000000000302e-01,0.000000000000000000e+00,0.000000000000000000e+00
1.760440029233000000e+12,4.000000000000000000e+00,2.000000000000000000e+00,1.000000000000000000e+00,-1.000000000000000056e-01,0.000000000000000000e+00,-3.181505423860462312e-01,2.510513805520346309e-01,-3.101743097282664285e-01,2.537017705394891132e-01,1.694120085848603852e-01,4.870443415451568558e-01,6.039999999999999813e-01,5.340000000000000302e-01,2.118387780411359333e-01,5.010675689920059961e-01,5.999999999999999778e-01,5.220000000000000195e-01,-2.000000000000000042e-02,0.000000000000000000e+00
1.760440029436000000e+12,4.000000000000000000e+00,2.000000000000000000e+00,1.000000000000000000e+00,-1.000000000000000056e-01,2.000000000000000000e+00,-3.101743097282664285e-01,2.537017705394891132e-01,-3.059683230397045040e-01,2.535964571558294578e-01,2.118387780411359333e-01,5.010675689920059961e-01,6.039999999999999813e-01,5.220000000000000195e-01,2.342110476611461711e-01,5.005103553218490653e-01,5.000000000000000000e-01,4.719999999999999751e-01,-2.000000000000000042e-02,-2.000000000000000111e-01
1.760440029639000000e+12,4.000000000000000000e+00,2.000000000000000000e+00,1.000000000000000000e+00,0.000000000000000000e+00,0.000000000000000000e+00,-3.059683230397045040e-01,2.535964571558294578e-01,-3.059873371589140745e-01,2.509390059702771292e-01,2.342110476611461711e-01,5.005103553218490653e-01,6.039999999999999813e-01,4.719999999999999751e-01,2.341099087291803604e-01,4.864497670385034001e-01,5.000000000000000000e-01,4.660000000000000253e-01,0.000000000000000000e+00,0.000000000000000000e+00
1.760440029843000000e+12,4.000000000000000000e+00,2.000000000000000000e+00,1.000000000000000000e+00,0.000000000000000000e+00,0.000000000000000000e+00,-3.059882201403210655e-01,2.508309411030212877e-01,-3.060100258447258081e-01,2.481290726606442398e-01,2.341052120195687147e-01,4.858779952540809299e-01,6.039999999999999813e-01,4.660000000000000253e-01,2.339892242301817860e-01,4.715823950298637657e-01,5.000000000000000000e-01,4.660000000000000253e-01,0.000000000000000000e+00,0.000000000000000000e+00
1.760440030046000000e+12,4.000000000000000000e+00,2.000000000000000000e+00,1.000000000000000000e+00,0.000000000000000000e+00,2.000000000000000000e+00,-3.060100258447258081e-01,2.481290726606442398e-01,-3.098028541274098768e-01,2.454266622964366151e-01,2.339892242301817860e-01,4.715823950298637657e-01,6.039999999999999813e-01,4.660000000000000253e-01,2.138146057052665305e-01,4.572839274943736876e-01,4.000000000000000777e-01,4.660000000000000253e-01,0.000000000000000000e+00,-2.000000000000000111e-01
1.760440030249000000e+12,4.000000000000000000e+00,2.000000000000000000e+00,1.000000000000000000e+00,0.000000000000000000e+00,0.000000000000000000e+00,-3.098028541274098768e-01,2.454266622964366151e-01,-3.184613577949705343e-01,2.426155945790267332e-01,2.138146057052665305e-01,4.572839274943736876e-01,6.039999999999999813e-01,4.660000000000000253e-01,1.677587351331353560e-01,4.424105533281837976e-01,3.960000000000000187e-01,4.660000000000000253e-01,0.000000000000000000e+00,0.000000000000000000e+00
1.760440030453000000e+12,4.000000000000000000e+00,2.000000000000000000e+00,1.000000000000000000e+00,0.000000000000000000e+00,2.000000000000000000e+00,-3.184613577949705343e-01,2.426155945790267332e-01,-3.305777353680360298e-01,2.399119742697059521e-01,1.677587351331353560e-01,4.424105533281837976e-01,5.040000000000000036e-01,4.660000000000000253e-01,1.033099182551273920e-01,4.281056839666981806e-01,2.959999999999999853e-01,4.660000000000000253e-01,0.000000000000000000e+00,-2.000000000000000111e-01
1.760440030657000000e+12,4.000000000000000000e+00,2.000000000000000000e+00,1.000000000000000000e+00,1.000000000000000056e-01,1.000000000000000000e+00,-3.305777353680360298e-01,2.399119742697059521e-01,-3.431523444965665637e-01,2.383966089251460807e-01,1.033099182551273920e-01,4.281056839666981806e-01,5.040000000000000036e-01,4.660000000000000253e-01,3.642369948634795185e-02,4.200878779108258576e-01,3.960000000000000187e-01,5.060000000000000053e-01,2.000000000000000042e-02,2.000000000000000111e-01
1.760440030860000000e+12,4.000000000000000000e+00,2.000000000000000000e+00,1.000000000000000000e+00,0.000000000000000000e+00,2.000000000000000000e+00,-3.434894369954197835e-01,2.384149193370078690e-01,-3.497512268304124872e-01,2.407410864286748664e-01,3.463065427968189253e-02,4.201847583968670863e-01,4.040000000000000258e-01,5.060000000000000053e-01,1.323261540358992849e-03,4.324925207866395782e-01,5.000000000000000000e-01,5.400000000000000355e-01,0.000000000000000000e+00,-2.000000000000000111e-01
1.760440031063000000e+12,4.000000000000000000e+00,2.000000000000000000e+00,1.000000000000000000e+00,0.000000000000000000e+00,0.000000000000000000e+00,-3.497512268304124872e-01,2.407410864286748664e-01,-3.497808674463135925e-01,2.439603828835858745e-01,1.323261540358992849e-03,4.324925207866395782e-01,3.039999999999999925e-01,5.400000000000000355e-01,1.165598689821198538e-03,4.495258353628882597e-01,5.000000000000000000e-01,5.400000000000000355e-01,0.000000000000000000e+00,0.000000000000000000e+00
1.760440031265000000e+12,4.000000000000000000e+00,2.000000000000000000e+00,1.000000000000000000e+00,0.000000000000000000e+00,2.000000000000000000e+00,-3.497808674463135925e-01,2.439603828835858745e-01,-3.498110309303534282e-01,2.471801972706459960e-01,1.165598689821198538e-03,4.495258353628882597e-01,3.039999999999999925e-01,5.400000000000000355e-01,1.005154625779519206e-03,4.665618903208783586e-01,5.000000000000000000e-01,5.400000000000000355e-01,0.000000000000000000e+00,-2.000000000000000111e-01
1.760440031468000000e+12,4.000000000000000000e+00,2.000000000000000000e+00,1.000000000000000000e+00,0.000000000000000000e+00,1.000000000000000000e+00,-3.498110309303534282e-01,2.471801972706459960e-01,-3.460747987820660398e-01,2.505291527238573401e-01,1.005154625779519206e-03,4.665618903208783586e-01,4.040000000000000258e-01,5.400000000000000355e-01,2.087872988262733098e-02,4.842812313431605897e-01,5.959999999999999742e-01,5.400000000000000355e-01,0.000000000000000000e+00,2.000000000000000111e-01
1.760440031672000000e+12,4.000000000000000000e+00,2.000000000000000000e+00,1.000000000000000000e+00,0.000000000000000000e+00,2.000000000000000000e+00,-3.460747987820660398e-01,2.505291527238573401e-01,-3.418742282708314706e-01,2.537494896578146308e-01,2.087872988262733098e-02,4.842812313431605897e-01,3.080000000000000515e-01,5.400000000000000355e-01,4.322219004876866333e-02,5.013200510995483583e-01,5.000000000000000000e-01,5.400000000000000355e-01,0.000000000000000000e+00,-2.000000000000000111e-01
1.760440031875000000e+12,4.000000000000000000e+00,2.000000000000000000e+00,1.000000000000000000e+00,-1.000000000000000056e-01,2.000000000000000000e+00,-3.418742282708314706e-01,2.537494896578146308e-01,-3.456755723218672971e-01,2.553815259377775759e-01,4.322219004876866333e-02,5.013200510995483583e-01,5.000000000000000000e-01,5.400000000000000355e-01,2.300227488368447593e-02,5.099551636919449349e-01,3.999999999999999667e-01,4.939999999999999947e-01,-2.000000000000000042e-02,-2.000000000000000111e-01
1.760440032080000000e+12,4.000000000000000000e+00,2.000000000000000000e+00,1.000000000000000000e+00,0.000000000000000000e+00,0.000000000000000000e+00,-3.459936087115008663e-01,2.553647573350949496e-01,-3.497659970108242811e-01,2.535122471859297955e-01,2.131059196010166162e-02,5.098664409264284103e-01,5.000000000000000000e-01,4.939999999999999947e-01,1.244696750934557155e-03,5.000647999255545262e-01,5.000000000000000000e-01,4.719999999999999751e-01,0.000000000000000000e+00,0.000000000000000000e+00
1.760440032284000000e+12,4.000000000000000000e+00,2.000000000000000000e+00,1.000000000000000000e+00,0.000000000000000000e+00,1.000000000000000000e+00,-3.497659970108242811e-01,2.535122471859297955e-01,-3.460225906404829077e-01,2.512930426302880660e-01,1.244696750934557155e-03,5.000647999255545262e-01,5.999999999999999778e-01,4.719999999999999751e-01,2.115643276338867451e-02,4.883229768798311166e-01,5.999999999999999778e-01,4.719999999999999751e-01,0.000000000000000000e+00,2.000000000000000111e-01
1.760440032487000000e+12,4.000000000000000000e+00,2.000000000000000000e+00,1.000000000000000000e+00,0.000000000000000000e+00,2.000000000000000000e+00,-3.460225906404829077e-01,2.512930426302880660e-01,-3.411920557204667359e-01,2.489841782838059514e-01,2.115643276338867451e-02,4.883229768798311166e-01,5.000000000000000000e-01,4.719999999999999751e-01,4.685076744432575824e-02,4.761067634063807508e-01,5.080000000000000071e-01,4.719999999999999751e-01,0.000000000000000000e+00,-2.000000000000000111e-01
1.760440032690000000e+12,4.000000000000000000e+00,2.000000000000000000e+00,1.000000000000000000e+00,0.000000000000000000e+00,0.000000000000000000e+00,-3.411920557204667359e-01,2.489841782838059514e-01,-3.408973862538060562e-01,2.467638482695240498e-01,4.685076744432575824e-02,4.761067634063807508e-01,3.999999999999999667e-01,4.719999999999999751e-01,4.841815822443575751e-02,4.643589855530373400e-01,5.040000000000000036e-01,4.719999999999999751e-01,0.000000000000000000e+00,0.000000000000000000e+00
1.760440032894000000e+12,4.000000000000000000e+00,2.000000000000000000e+00,1.000000000000000000e+00,0.000000000000000000e+00,1.000000000000000000e+00,-3.408973862538060562e-01,2.467638482695240498e-01,-3.368385711377070990e-01,2.445428804700654490e-01,4.841815822443575751e-02,4.643589855530373400e-01,5.000000000000000000e-01,4.719999999999999751e-01,7.000760033134510729e-02,4.526078331749495143e-01,6.039999999999999813e-01,4.719999999999999751e-01,0.000000000000000000e+00,2.000000000000000111e-01
1.760440033098000000e+12,4.000000000000000000e+00,2.000000000000000000e+00,1.000000000000000000e+00,0.000000000000000000e+00,0.000000000000000000e+00,-3.365100292165007501e-01,2.444540131978701347e-01,-3.278985396770189853e-01,2.422318672686501473e-01,7.175516374201718062e-02,4.521376359675668977e-01,5.000000000000000000e-01,4.719999999999999751e-01,1.175609591647925334e-01,4.403802500986780943e-01,6.079999999999999849e-01,4.719999999999999751e-01,0.000000000000000000e+00,0.000000000000000000e+00
1.760440033302000000e+12,4.000000000000000000e+00,2.000000000000000000e+00,1.000000000000000000e+00,1.000000000000000056e-01,0.000000000000000000e+00,-3.278985396770189853e-01,2.422318672686501473e-01,-3.192818339779394110e-01,2.400977660595686458e-01,1.175609591647925334e-01,4.403802500986780943e-01,5.999999999999999778e-01,4.719999999999999751e-01,1.633945001173434663e-01,4.290887093098870730e-01,6.079999999999999849e-01,4.839999999999999858e-01,2.000000000000000042e-02,0.000000000000000000e+00
1.760440033505000000e+12,4.000000000000000000e+00,2.000000000000000000e+00,1.000000000000000000e+00,1.000000000000000056e-01,2.000000000000000000e+00,-3.192818339779394110e-01,2.400977660595686458e-01,-3.144302949169185402e-01,2.407162593694259223e-01,1.633945001173434663e-01,4.290887093098870730e-01,7.039999999999999591e-01,4.839999999999999858e-01,1.892005589525608544e-01,4.323611606847932998e-01,5.080000000000000071e-01,5.340000000000000302e-01,2.000000000000000042e-02,-2.000000000000000111e-01
1.760440033708000000e+12,4.000000000000000000e+00,2.000000000000000000e+00,1.000000000000000000e+00,0.000000000000000000e+00,2.000000000000000000e+00,-3.144302949169185402e-01,2.407162593694259223e-01,-3.178708299599367071e-01,2.440182686435337367e-01,1.892005589525608544e-01,4.323611606847932998e-01,7.039999999999999591e-01,5.340000000000000302e-01,1.708998406386344482e-01,4.498321092250462949e-01,4.040000000000000258e-01,5.400000000000000355e-01,0.000000000000000000e+00,-2.000000000000000111e-01
1.760440033911000000e+12,4.000000000000000000e+00,2.000000000000000000e+00,1.000000000000000000e+00,0.000000000000000000e+00,1.000000000000000000e+00,-3.178708299599367071e-01,2.440182686435337367e-01,-3.218030765127018467e-01,2.472362712671837826e-01,1.708998406386344482e-01,4.498321092250462949e-01,7.039999999999999591e-01,5.400000000000000355e-01,1.499836355707347690e-01,4.668585781332476037e-01,5.040000000000000036e-01,5.400000000000000355e-01,0.000000000000000000e+00,2.000000000000000111e-01
1.760440034113000000e+12,4.000000000000000000e+00,2.000000000000000000e+00,1.000000000000000000e+00,-1.000000000000000056e-01,0.000000000000000000e+00,-3.218030765127018467e-01,2.472362712671837826e-01,-3.215106332738372763e-01,2.501173473407045655e-01,1.499836355707347690e-01,4.668585781332476037e-01,7.039999999999999591e-01,5.400000000000000355e-01,1.515391847136314252e-01,4.821023668820347829e-01,5.040000000000000036e-01,5.180000000000000160e-01,-2.000000000000000042e-02,0.000000000000000000e+00
1.760440034318000000e+12,4.000000000000000000e+00,2.000000000000000000e+00,1.000000000000000000e+00,-1.000000000000000056e-01,1.000000000000000000e+00,-3.215106332738372763e-01,2.501173473407045655e-01,-3.174302946792512681e-01,2.495911543671683053e-01,1.515391847136314252e-01,4.821023668820347829e-01,7.039999999999999591e-01,5.180000000000000160e-01,1.732431134082378366e-01,4.793182770749646049e-01,5.999999999999999778e-01,4.679999999999999716e-01,-2.000000000000000042e-02,2.000000000000000111e-01
1.760440034521000000e+12,4.000000000000000000e+00,2.000000000000000000e+00,1.000000000000000000e+00,0.000000000000000000e+00,1.000000000000000000e+00,-3.174302946792512681e-01,2.495911543671683053e-01,-3.053640745374762711e-01,2.465913070058133039e-01,1.732431134082378366e-01,4.793182770749646049e-01,6.039999999999999813e-01,4.660000000000000253e-01,2.374251354389559088e-01,4.634460688138270501e-01,7.039999999999999591e-01,4.619999999999999662e-01,0.000000000000000000e+00,2.000000000000000111e-01
1.760440034724000000e+12,4.000000000000000000e+00,2.000000000000000000e+00,1.000000000000000000e+00,0.000000000000000000e+00,1.000000000000000000e+00,-3.053640745374762711e-01,2.465913070058133039e-01,-2.852944615640715109e-01,2.435651677399172099e-01,2.374251354389559088e-01,4.634460688138270501e-01,7.000000000000000666e-01,4.619999999999999662e-01,3.441783959357897493e-01,4.474347499466519440e-01,8.040000000000002700e-01,4.619999999999999662e-01,0.000000000000000000e+00,2.000000000000000111e-01
1.760440034927000000e+12,4.000000000000000000e+00,2.000000000000000000e+00,1.000000000000000000e+00,0.000000000000000000e+00,0.000000000000000000e+00,-2.852944615640715109e-01,2.435651677399172099e-01,-2.597036392854289444e-01,2.404150585318111377e-01,3.441783959357897493e-01,4.474347499466519440e-01,5.999999999999999778e-01,4.619999999999999662e-01,4.802997910349523503e-01,4.307675054593182451e-01,8.080000000000003846e-01,4.619999999999999662e-01,0.000000000000000000e+00,0.000000000000000000e+00
1.760440035131000000e+12,4.000000000000000000e+00,2.000000000000000000e+00,1.000000000000000000e+00,1.000000000000000056e-01,1.000000000000000000e+00,-2.597036392854289444e-01,2.404150585318111377e-01,-2.313096242469148134e-01,2.389685727030276541e-01,4.802997910349523503e-01,4.307675054593182451e-01,5.000000000000000000e-01,4.619999999999999662e-01,6.313317859206658555e-01,4.231141412858606676e-01,9.079999999999996962e-01,5.080000000000000071e-01,2.000000000000000042e-02,2.000000000000000111e-01
1.760440035333000000e+12,4.000000000000000000e+00,2.000000000000000000e+00,1.000000000000000000e+00,0.000000000000000000e+00,0.000000000000000000e+00,-2.313096242469148134e-01,2.389685727030276541e-01,-1.986827069834042059e-01,2.411576623846765077e-01,6.313317859206658555e-01,4.231141412858606676e-01,3.960000000000000187e-01,5.080000000000000071e-01,8.048792181733819273e-01,4.346966263739498459e-01,9.079999999999996962e-01,5.360000000000000320e-01,0.000000000000000000e+00,0.000000000000000000e+00
1.760440035537000000e+12,4.000000000000000000e+00,2.000000000000000000e+00,1.000000000000000000e+00,0.000000000000000000e+00,2.000000000000000000e+00,-1.973774504136758812e-01,2.412730170582812750e-01,-1.685159001406436874e-01,2.441588481159988888e-01,8.118220722676814383e-01,4.353069685623348617e-01,3.960000000000000187e-01,5.360000000000000320e-01,9.653409566987037893e-01,4.505759159576661066e-01,8.080000000000003846e-01,5.360000000000000320e-01,0.000000000000000000e+00,-2.000000000000000111e-01
1.760440035740000000e+12,4.000000000000000000e+00,2.000000000000000000e+00,1.000000000000000000e+00,-1.000000000000000056e-01,2.000000000000000000e+00,-1.685159001406436874e-01,2.441588481159988888e-01,-1.646878894788562919e-01,2.470456809440216284e-01,9.653409566987037893e-01,4.505759159576661066e-01,2.919999999999999818e-01,5.360000000000000320e-01,9.857027155379984862e-01,4.658501637249822247e-01,4.239999999999999880e-01,5.320000000000000284e-01,-2.000000000000000042e-02,-2.000000000000000111e-01
1.760440035942000000e+12,4.000000000000000000e+00,2.000000000000000000e+00,1.000000000000000000e+00,-1.000000000000000056e-01,0.000000000000000000e+00,-1.646878894788562919e-01,2.470456809440216284e-01,-1.707707123505501634e-01,2.477386844423882517e-01,9.857027155379984862e-01,4.658501637249822247e-01,3.920000000000000151e-01,5.320000000000000284e-01,9.533472747311161344e-01,4.695168489015251745e-01,4.239999999999999880e-01,4.819999999999999840e-01,-2.000000000000000042e-02,0.000000000000000000e+00
1.760440036144000000e+12,4.000000000000000000e+00,2.000000000000000000e+00,1.000000000000000000e+00,0.000000000000000000e+00,1.000000000000000000e+00,-1.707707123505501634e-01,2.477386844423882517e-01,-1.733305002747168033e-01,2.443019802263477758e-01,9.533472747311161344e-01,4.695168489015251745e-01,4.919999999999999929e-01,4.819999999999999840e-01,9.397313815174638263e-01,4.513332287108348662e-01,5.200000000000000178e-01,4.420000000000000040e-01,0.000000000000000000e+00,2.000000000000000111e-01
1.760440036349000000e+12,4.000000000000000000e+00,2.000000000000000000e+00,1.000000000000000000e+00,0.000000000000000000e+00,1.000000000000000000e+00,-1.733305002747168033e-01,2.443019802263477758e-01,-1.676497911218913228e-01,2.396752310871163860e-01,9.397313815174638263e-01,4.513332287108348662e-01,3.880000000000000115e-01,4.420000000000000040e-01,9.699479195644078455e-01,4.268530745350073707e-01,6.239999999999998881e-01,4.420000000000000040e-01,0.000000000000000000e+00,2.000000000000000111e-01
1.760440036552000000e+12,4.000000000000000000e+00,2.000000000000000000e+00,1.000000000000000000e+00,1.000000000000000056e-01,1.000000000000000000e+00,-1.676497911218913228e-01,2.396752310871163860e-01,-1.624851268194834331e-01,2.353836481070273046e-01,9.699479195644078455e-01,4.268530745350073707e-01,3.880000000000000115e-01,4.420000000000000040e-01,9.974195381942371208e-01,4.041462862805678125e-01,5.000000000000000000e-01,4.640000000000000235e-01,2.000000000000000042e-02,2.000000000000000111e-01
1.760440036755000000e+12,4.000000000000000000e+00,2.000000000000000000e+00,1.000000000000000000e+00,0.000000000000000000e+00,0.000000000000000000e+00,-1.624853072098320084e-01,2.352673549111541917e-01,-1.624898378289792999e-01,2.343902986772613273e-01,9.974185786711063928e-01,4.035309783658952432e-01,4.879999999999999893e-01,4.640000000000000235e-01,9.973944796330888041e-01,3.988904691918589429e-01,5.000000000000000000e-01,5.060000000000000053e-01,0.000000000000000000e+00,0.000000000000000000e+00
1.760440036960000000e+12,4.000000000000000000e+00,2.000000000000000000e+00,1.000000000000000000e+00,0.000000000000000000e+00,1.000000000000000000e+00,-1.624898378289792999e-01,2.343902986772613273e-01,-1.624944063158098584e-01,2.348828520202907721e-01,9.973944796330888041e-01,3.988904691918589429e-01,5.919999999999999707e-01,5.060000000000000053e-01,9.973701791712241693e-01,4.014965715359300469e-01,5.000000000000000000e-01,5.060000000000000053e-01,0.000000000000000000e+00,2.000000000000000111e-01
1.760440037163000000e+12,4.000000000000000000e+00,2.000000000000000000e+00,1.000000000000000000e+00,0.000000000000000000e+00,0.000000000000000000e+00,-1.624944063158098584e-01,2.348828520202907721e-01,-1.624990108013158741e-01,2.353754563485797313e-01,9.973701791712241693e-01,4.014965715359300469e-01,4.919999999999999929e-01,5.060000000000000053e-01,9.973456872270431983e-01,4.041029436432790334e-01,5.000000000000000000e-01,5.060000000000000053e-01,0.000000000000000000e+00,0.000000000000000000e+00
1.760440037367000000e+12,4.000000000000000000e+00,2.000000000000000000e+00,1.000000000000000000e+00,0.000000000000000000e+00,2.000000000000000000e+00,-1.624991963758784241e-01,2.353951622863441062e-01,-1.662751654965256565e-01,2.358876535307349309e-01,9.973447001283062274e-01,4.042072078642545696e-01,3.920000000000000151e-01,5.060000000000000053e-01,9.772597579972039927e-01,4.068129816441001800e-01,4.000000000000000777e-01,5.060000000000000053e-01,0.000000000000000000e+00,-2.000000000000000111e-01
1.760440037570000000e+12,4.000000000000000000e+00,2.000000000000000000e+00,1.000000000000000000e+00,0.000000000000000000e+00,2.000000000000000000e+00,-1.662751654965256565e-01,2.358876535307349309e-01,-1.780455059012335250e-01,2.363791277925675061e-01,9.772597579972039927e-01,4.068129816441001800e-01,3.920000000000000151e-01,5.060000000000000053e-01,9.146515643551408337e-01,4.094133745638492972e-01,2.999999999999999889e-01,5.060000000000000053e-01,0.000000000000000000e+00,-2.000000000000000111e-01
1.760440037774000000e+12,4.000000000000000000e+00,2.000000000000000000e+00,1.000000000000000000e+00,0.000000000000000000e+00,2.000000000000000000e+00,-1.780455059012335250e-01,2.363791277925675061e-01,-1.978173732900236348e-01,2.368685863484582821e-01,9.146515643551408337e-01,4.094133745638492972e-01,2.919999999999999818e-01,5.060000000000000053e-01,8.094820569679593847e-01,4.120031023727951935e-01,1.999999999999997613e-01,5.060000000000000053e-01,0.000000000000000000e+00,-2.000000000000000111e-01
1.760440037976000000e+12,4.000000000000000000e+00,2.000000000000000000e+00,1.000000000000000000e+00,0.000000000000000000e+00,2.000000000000000000e+00,-1.987744951065212873e-01,2.368881081088960172e-01,-2.268670909772344257e-01,2.373746503255697582e-01,8.043909834759506161e-01,4.121063921105609928e-01,1.919999999999997264e-01,5.060000000000000053e-01,6.549622820359870534e-01,4.146806895532791915e-01,9.600000000000025180e-02,5.060000000000000053e-01,0.000000000000000000e+00,-2.000000000000000111e-01
1.760440038180000000e+12,4.000000000000000000e+00,2.000000000000000000e+00,1.000000000000000000e+00,1.000000000000000056e-01,2.000000000000000000e+00,-2.268670909772344257e-01,2.373746503255697582e-01,-2.629639410157972867e-01,2.381956264244163568e-01,6.549622820359870534e-01,4.146806895532791915e-01,5.000000000000000000e-01,5.060000000000000053e-01,4.629577605542696817e-01,4.190244784360654395e-01,-7.450580569168252509e-09,5.279999999999999138e-01,2.000000000000000042e-02,-2.000000000000000111e-01
1.760440038384000000e+12,4.000000000000000000e+00,2.000000000000000000e+00,1.000000000000000000e+00,0.000000000000000000e+00,2.000000000000000000e+00,-2.645644630325654223e-01,2.382837029026599329e-01,-3.045786179541779548e-01,2.423519459521717434e-01,4.544443455714604618e-01,4.194904915484652941e-01,5.000000000000000000e-01,5.279999999999999138e-01,2.416030959884150620e-01,4.410155870485277796e-01,-7.450580569168252509e-09,5.619999999999999440e-01,0.000000000000000000e+00,-2.000000000000000111e-01
1.760440038587000000e+12,4.000000000000000000e+00,2.000000000000000000e+00,1.000000000000000000e+00,0.000000000000000000e+00,2.000000000000000000e+00,-3.045786179541779548e-01,2.423519459521717434e-01,-3.445944333771503443e-01,2.473170826090874963e-01,2.416030959884150620e-01,4.410155870485277796e-01,5.000000000000000000e-01,5.619999999999999440e-01,2.875301395132784377e-02,4.672861513708333470e-01,-7.450580569168252509e-09,5.619999999999999440e-01,0.000000000000000000e+00,-2.000000000000000111e-01
1.760440038790000000e+12,4.000000000000000000e+00,2.000000000000000000e+00,1.000000000000000000e+00,0.000000000000000000e+00,0.000000000000000000e+00,-3.445944333771503443e-01,2.473170826090874963e-01,-3.496232529443991099e-01,2.522958449937268144e-01,2.875301395132784377e-02,4.672861513708333470e-01,5.000000000000000000e-01,5.619999999999999440e-01,2.003973700004616377e-03,4.936288094906181034e-01,5.000000000000000000e-01,5.619999999999999440e-01,0.000000000000000000e+00,0.000000000000000000e+00
1.760440038993000000e+12,4.000000000000000000e+00,2.000000000000000000e+00,1.000000000000000000e+00,0.000000000000000000e+00,2.000000000000000000e+00,-3.496244923669076798e-01,2.524950863151582681e-01,-3.496561391217774539e-01,2.574766901868208446e-01,1.997381027086691727e-03,4.946829963764988181e-01,5.999999999999999778e-01,5.619999999999999440e-01,1.829047224587893082e-03,5.210406888191579933e-01,5.000000000000000000e-01,5.619999999999999440e-01,0.000000000000000000e+00,-2.000000000000000111e-01
1.760440039196000000e+12,4.000000000000000000e+00,2.000000000000000000e+00,1.000000000000000000e+00,0.000000000000000000e+00,1.000000000000000000e+00,-3.496561391217774539e-01,2.574766901868208446e-01,-3.459143279682911909e-01,2.624590766307672296e-01,1.829047224587893082e-03,5.210406888191579933e-01,5.999999999999999778e-01,5.619999999999999440e-01,2.173229804100419021e-02,5.474025218559113171e-01,5.999999999999999778e-01,5.619999999999999440e-01,0.000000000000000000e+00,2.000000000000000111e-01
1.760440039400000000e+12,4.000000000000000000e+00,2.000000000000000000e+00,1.000000000000000000e+00,-1.000000000000000056e-01,2.000000000000000000e+00,-3.459143279682911909e-01,2.624590766307672296e-01,-3.410854590177782031e-01,2.660524398212311681e-01,2.173229804100419021e-02,5.474025218559113171e-01,5.000000000000000000e-01,5.619999999999999440e-01,4.741777118203072128e-02,5.664150255091596753e-01,5.040000000000000036e-01,5.160000000000000142e-01,-2.000000000000000042e-02,-2.000000000000000111e-01
1.760440039603000000e+12,4.000000000000000000e+00,2.000000000000000000e+00,1.000000000000000000e+00,-1.000000000000000056e-01,1.000000000000000000e+00,-3.410854590177782031e-01,2.660524398212311681e-01,-3.370291146945692540e-01,2.654729808159975168e-01,4.741777118203072128e-02,5.664150255091596753e-01,5.000000000000000000e-01,5.160000000000000142e-01,6.899407077356768669e-02,5.633491048465477657e-01,6.039999999999999813e-01,4.660000000000000253e-01,-2.000000000000000042e-02,2.000000000000000111e-01
1.760440039806000000e+12,4.000000000000000000e+00,2.000000000000000000e+00,1.000000000000000000e+00,0.000000000000000000e+00,0.000000000000000000e+00,-3.370291146945692540e-01,2.654729808159975168e-01,-3.287409201276036974e-01,2.615439932220962604e-01,6.899407077356768669e-02,5.633491048465477657e-01,5.999999999999999778e-01,4.660000000000000253e-01,1.130802120872142769e-01,5.425608106989220358e-01,6.039999999999999813e-01,4.460000000000000075e-01,0.000000000000000000e+00,0.000000000000000000e+00
1.760440040010000000e+12,4.000000000000000000e+00,2.000000000000000000e+00,1.000000000000000000e+00,0.000000000000000000e+00,2.000000000000000000e+00,-3.284091991697019042e-01,2.613720175538160606e-01,-3.238884409641843987e-01,2.570725216573995220e-01,1.148446852675429619e-01,5.416508865281273177e-01,5.000000000000000000e-01,4.460000000000000075e-01,1.388912714671041715e-01,5.189022309915318765e-01,5.040000000000000036e-01,4.460000000000000075e-01,0.000000000000000000e+00,-2.000000000000000111e-01
1.760440040212000000e+12,4.000000000000000000e+00,2.000000000000000000e+00,1.000000000000000000e+00,0.000000000000000000e+00,2.000000000000000000e+00,-3.238884409641843987e-01,2.570725216573995220e-01,-3.273607703830683224e-01,2.527722888312225469e-01,1.388912714671041715e-01,5.189022309915318765e-01,3.999999999999999667e-01,4.460000000000000075e-01,1.204214341326152043e-01,4.961496763556749179e-01,4.040000000000000258e-01,4.460000000000000075e-01,0.000000000000000000e+00,-2.000000000000000111e-01
1.760440040415000000e+12,4.000000000000000000e+00,2.000000000000000000e+00,1.000000000000000000e+00,1.000000000000000056e-01,2.000000000000000000e+00,-3.273607703830683224e-01,2.527722888312225469e-01,-3.388289109406698030e-01,2.502011569430799831e-01,1.204214341326152043e-01,4.961496763556749179e-01,3.960000000000000187e-01,4.460000000000000075e-01,5.942068648579881124e-02,4.825458039316401493e-01,3.039999999999999925e-01,4.939999999999999947e-01,2.000000000000000042e-02,-2.000000000000000111e-01
1.760440040618000000e+12,4.000000000000000000e+00,2.000000000000000000e+00,1.000000000000000000e+00,0.000000000000000000e+00,0.000000000000000000e+00,-3.394539882123974173e-01,2.501810632956041336e-01,-3.498798651038161900e-01,2.514888811776589961e-01,5.609580738086469148e-02,4.824394883365298869e-01,3.960000000000000187e-01,4.939999999999999947e-01,6.390154052329140039e-04,4.893591596701534763e-01,5.000000000000000000e-01,5.260000000000000231e-01,0.000000000000000000e+00,0.000000000000000000e+00
1.760440040821000000e+12,4.000000000000000000e+00,2.000000000000000000e+00,1.000000000000000000e+00,0.000000000000000000e+00,0.000000000000000000e+00,-3.498798651038161900e-01,2.514888811776589961e-01,-3.499115116906347245e-01,2.535901227579034356e-01,6.390154052329140039e-04,4.893591596701534763e-01,3.960000000000000187e-01,5.260000000000000231e-01,4.706824966236879105e-04,5.004768399889071295e-01,5.000000000000000000e-01,5.260000000000000231e-01,0.000000000000000000e+00,0.000000000000000000e+00
1.760440041026000000e+12,4.000000000000000000e+00,2.000000000000000000e+00,1.000000000000000000e+00,0.000000000000000000e+00,1.000000000000000000e+00,-3.499115116906347245e-01,2.535901227579034356e-01,-3.461752925769130962e-01,2.556915239382801519e-01,4.706824966236879105e-04,5.004768399889071295e-01,4.960000000000000520e-01,5.260000000000000231e-01,2.034418842067490379e-02,5.115953647528050929e-01,5.999999999999999778e-01,5.260000000000000231e-01,0.000000000000000000e+00,2.000000000000000111e-01
1.760440041230000000e+12,4.000000000000000000e+00,2.000000000000000000e+00,1.000000000000000000e+00,0.000000000000000000e+00,0.000000000000000000e+00,-3.458581403986893954e-01,2.557755652562062609e-01,-3.375715719186129782e-01,2.578763965987427298e-01,2.203116809207756807e-02,5.120400278106151948e-01,3.960000000000000187e-01,5.260000000000000231e-01,6.610866000737766757e-02,5.231555375594854063e-01,6.039999999999999813e-01,5.260000000000000231e-01,0.000000000000000000e+00,0.000000000000000000e+00
1.760440041433000000e+12,4.000000000000000000e+00,2.000000000000000000e+00,1.000000000000000000e+00,0.000000000000000000e+00,0.000000000000000000e+00,-3.375715719186129782e-01,2.578763965987427298e-01,-3.292802362672055394e-01,2.599770473357111977e-01,6.610866000737766757e-02,5.231555375594854063e-01,3.960000000000000187e-01,5.260000000000000231e-01,1.102115092169917154e-01,5.342700917233397240e-01,6.039999999999999813e-01,5.260000000000000231e-01,0.000000000000000000e+00,0.000000000000000000e+00
1.760440041636000000e+12,4.000000000000000000e+00,2.000000000000000000e+00,1.000000000000000000e+00,0.000000000000000000e+00,1.000000000000000000e+00,-3.292802362672055394e-01,2.599770473357111977e-01,-3.168855515393497746e-01,2.621607193377876177e-01,1.102115092169917154e-01,5.342700917233397240e-01,3.960000000000000187e-01,5.260000000000000231e-01,1.761406833013308970e-01,5.458239118401462253e-01,7.000000000000000666e-01,5.260000000000000231e-01,0.000000000000000000e+00,2.000000000000000111e-01
1.760440041840000000e+12,4.000000000000000000e+00,2.000000000000000000e+00,1.000000000000000000e+00,-1.000000000000000056e-01,1.000000000000000000e+00,-3.168855515393497746e-01,2.621607193377876177e-01,-2.968191164238347390e-01,2.641990862350787617e-01,1.761406833013308970e-01,5.458239118401462253e-01,4.960000000000000520e-01,5.260000000000000231e-01,2.828770402987513255e-01,5.566089218787236836e-01,8.040000000000002700e-01,5.160000000000000142e-01,-2.000000000000000042e-02,2.000000000000000111e-01
1.760440042043000000e+12,4.000000000000000000e+00,2.000000000000000000e+00,1.000000000000000000e+00,-1.000000000000000056e-01,2.000000000000000000e+00,-2.968191164238347390e-01,2.641990862350787617e-01,-2.762915908719245639e-01,2.636116471044759879e-01,2.828770402987513255e-01,5.566089218787236836e-01,4.960000000000000520e-01,5.160000000000000142e-01,3.920660060004012015e-01,5.535007783305608831e-01,7.039999999999999591e-01,4.660000000000000253e-01,-2.000000000000000042e-02,-2.000000000000000111e-01
1.760440042245000000e+12,4.000000000000000000e+00,2.000000000000000000e+00,1.000000000000000000e+00,0.000000000000000000e+00,2.000000000000000000e+00,-2.762915908719245639e-01,2.636116471044759879e-01,-2.634229685269757759e-01,2.603453624264326915e-01,3.920660060004012015e-01,5.535007783305608831e-01,5.959999999999999742e-01,4.660000000000000253e-01,4.605161248565117771e-01,5.362188488171042433e-01,6.039999999999999813e-01,4.599999999999999645e-01,0.000000000000000000e+00,-2.000000000000000111e-01
1.760440042449000000e+12,4.000000000000000000e+00,2.000000000000000000e+00,1.000000000000000000e+00,0.000000000000000000e+00,0.000000000000000000e+00,-2.634229685269757759e-01,2.603453624264326915e-01,-2.554352599576916183e-01,2.571623675079973692e-01,4.605161248565117771e-01,5.362188488171042433e-01,4.960000000000000520e-01,4.599999999999999645e-01,5.030039363952573117e-01,5.193776058624199887e-01,5.999999999999999778e-01,4.599999999999999645e-01,0.000000000000000000e+00,0.000000000000000000e+00
1.760440042652000000e+12,4.000000000000000000e+00,2.000000000000000000e+00,1.000000000000000000e+00,0.000000000000000000e+00,0.000000000000000000e+00,-2.554352599576916183e-01,2.571623675079973692e-01,-2.474493667071094860e-01,2.539786491476854757e-01,5.030039363952573117e-01,5.193776058624199887e-01,4.960000000000000520e-01,4.599999999999999645e-01,5.454820919834600934e-01,5.025325351729390544e-01,5.999999999999999778e-01,4.599999999999999645e-01,0.000000000000000000e+00,0.000000000000000000e+00
1.760440042854000000e+12,4.000000000000000000e+00,2.000000000000000000e+00,1.000000000000000000e+00,0.000000000000000000e+00,1.000000000000000000e+00,-2.474493667071094860e-01,2.539786491476854757e-01,-2.353714072168358595e-01,2.506661796681362020e-01,5.454820919834600934e-01,5.025325351729390544e-01,5.959999999999999742e-01,4.599999999999999645e-01,6.097265573572560049e-01,4.850062416303503321e-01,6.959999999999999520e-01,4.599999999999999645e-01,0.000000000000000000e+00,2.000000000000000111e-01
1.760440043058000000e+12,4.000000000000000000e+00,2.000000000000000000e+00,1.000000000000000000e+00,0.000000000000000000e+00,2.000000000000000000e+00,-2.353714072168358595e-01,2.506661796681362020e-01,-2.231536452323666375e-01,2.474802181835100701e-01,6.097265573572560049e-01,4.850062416303503321e-01,6.039999999999999813e-01,4.599999999999999645e-01,6.747146530193264269e-01,4.681493025582543765e-01,5.999999999999999778e-01,4.599999999999999645e-01,0.000000000000000000e+00,-2.000000000000000111e-01
1.760440043261000000e+12,4.000000000000000000e+00,2.000000000000000000e+00,1.000000000000000000e+00,1.000000000000000056e-01,0.000000000000000000e+00,-2.231536452323666375e-01,2.474802181835100701e-01,-2.151602113131026728e-01,2.450399859590418061e-01,6.747146530193264269e-01,4.681493025582543765e-01,6.039999999999999813e-01,4.599999999999999645e-01,7.172329185473261814e-01,4.552380209473111949e-01,5.999999999999999778e-01,4.919999999999999929e-01,2.000000000000000042e-02,0.000000000000000000e+00
1.760440043464000000e+12,4.000000000000000000e+00,2.000000000000000000e+00,1.000000000000000000e+00,0.000000000000000000e+00,2.000000000000000000e+00,-2.151602113131026728e-01,2.450399859590418061e-01,-2.106159732717730604e-01,2.464243703600378088e-01,7.172329185473261814e-01,4.552380209473111949e-01,5.040000000000000036e-01,4.919999999999999929e-01,7.414043974905688561e-01,4.625628061377662359e-01,5.000000000000000000e-01,5.400000000000000355e-01,0.000000000000000000e+00,-2.000000000000000111e-01
1.760440043667000000e+12,4.000000000000000000e+00,2.000000000000000000e+00,1.000000000000000000e+00,0.000000000000000000e+00,2.000000000000000000e+00,-2.106159732717730604e-01,2.464243703600378088e-01,-2.143915700807326463e-01,2.496390194433803777e-01,7.414043974905688561e-01,4.625628061377662359e-01,3.999999999999999667e-01,5.400000000000000355e-01,7.213214357407837785e-01,4.795715314464570889e-01,4.000000000000000777e-01,5.400000000000000355e-01,0.000000000000000000e+00,-2.000000000000000111e-01
1.760440043871000000e+12,4.000000000000000000e+00,2.000000000000000000e+00,1.000000000000000000e+00,0.000000000000000000e+00,2.000000000000000000e+00,-2.143915700807326463e-01,2.496390194433803777e-01,-2.261668195905637280e-01,2.528532147060265634e-01,7.213214357407837785e-01,4.795715314464570889e-01,2.999999999999999889e-01,5.400000000000000355e-01,6.586871298374269434e-01,4.965778555874421629e-01,2.999999999999999889e-01,5.400000000000000355e-01,0.000000000000000000e+00,-2.000000000000000111e-01
1.760440044075000000e+12,4.000000000000000000e+00,2.000000000000000000e+00,1.000000000000000000e+00,-1.000000000000000056e-01,2.000000000000000000e+00,-2.268040704168368116e-01,2.529817569054955695e-01,-2.469046364803894889e-01,2.559185468926426510e-01,6.552974977827829006e-01,4.972579730449501745e-01,2.999999999999999889e-01,5.400000000000000355e-01,5.483795931894175357e-01,5.127965444055166966e-01,1.959999999999997300e-01,5.200000000000000178e-01,-2.000000000000000042e-02,-2.000000000000000111e-01
1.760440044278000000e+12,4.000000000000000000e+00,2.000000000000000000e+00,1.000000000000000000e+00,0.000000000000000000e+00,2.000000000000000000e+00,-2.469046364803894889e-01,2.559185468926426510e-01,-2.750094404730156206e-01,2.557016647749036364e-01,5.483795931894175357e-01,5.127965444055166966e-01,5.000000000000000000e-01,5.200000000000000178e-01,3.988859549307678942e-01,5.116490199730351351e-01,9.600000000000025180e-02,4.799999999999999822e-01,0.000000000000000000e+00,-2.000000000000000111e-01
1.760440044483000000e+12,4.000000000000000000e+00,2.000000000000000000e+00,1.000000000000000000e+00,0.000000000000000000e+00,2.000000000000000000e+00,-2.750094404730156206e-01,2.557016647749036364e-01,-3.127141642862202864e-01,2.540447120151984595e-01,3.988859549307678942e-01,5.116490199730351351e-01,5.999999999999999778e-01,4.799999999999999822e-01,1.983289133711685914e-01,5.028820741544892670e-01,-7.450580569168252509e-09,4.799999999999999822e-01,0.000000000000000000e+00,-2.000000000000000111e-01
1.760440044689000000e+12,4.000000000000000000e+00,2.000000000000000000e+00,1.000000000000000000e+00,0.000000000000000000e+00,2.000000000000000000e+00,-3.127141642862202864e-01,2.540447120151984595e-01,-3.499340707909353587e-01,2.524509863822387845e-01,1.983289133711685914e-01,5.028820741544892670e-01,4.960000000000000520e-01,4.799999999999999822e-01,3.506872822586121793e-04,4.944496633980888789e-01,5.000000000000000000e-01,4.799999999999999822e-01,0.000000000000000000e+00,-2.000000000000000111e-01
1.760440044893000000e+12,4.000000000000000000e+00,2.000000000000000000e+00,1.000000000000000000e+00,0.000000000000000000e+00,0.000000000000000000e+00,-3.499340707909353587e-01,2.524509863822387845e-01,-3.499657691100779289e-01,2.508722232412915476e-01,3.506872822586121793e-04,4.944496633980888789e-01,3.960000000000000187e-01,4.799999999999999822e-01,1.820792017130262220e-04,4.860964192660928718e-01,5.000000000000000000e-01,4.799999999999999822e-01,0.000000000000000000e+00,0.000000000000000000e+00
1.760440045096000000e+12,4.000000000000000000e+00,2.000000000000000000e+00,1.000000000000000000e+00,0.000000000000000000e+00,2.000000000000000000e+00,-3.499670299152746189e-01,2.508090661920870934e-01,-3.499983845641361779e-01,2.492299835890536275e-01,1.753727910923345715e-04,4.857622549845878601e-01,5.000000000000000000e-01,4.799999999999999822e-01,8.592743956382253804e-06,4.774073205770033579e-01,5.000000000000000000e-01,4.799999999999999822e-01,0.000000000000000000e+00,-2.000000000000000111e-01
1.760440045299000000e+12,4.000000000000000000e+00,2.000000000000000000e+00,1.000000000000000000e+00,1.000000000000000056e-01,0.000000000000000000e+00,-3.499983845641361779e-01,2.492299835890536275e-01,-3.500294635512038455e-01,2.483050260811464072e-01,8.592743956382253804e-06,4.774073205770033579e-01,5.999999999999999778e-01,4.799999999999999822e-01,-1.567210170418493695e-04,4.725133655087112028e-01,5.000000000000000000e-01,5.100000000000000089e-01,2.000000000000000042e-02,0.000000000000000000e+00
1.760440045504000000e+12,4.000000000000000000e+00,2.000000000000000000e+00,1.000000000000000000e+00,0.000000000000000000e+00,0.000000000000000000e+00,-3.500294635512038455e-01,2.483050260811464072e-01,-3.500618572605472267e-01,2.509810562887327956e-01,-1.567210170418493695e-04,4.725133655087112028e-01,5.000000000000000000e-01,5.100000000000000089e-01,-3.290279816343028886e-04,4.866722554959407865e-01,5.000000000000000000e-01,5.440000000000000391e-01,0.000000000000000000e+00,0.000000000000000000e+00
1.760440045707000000e+12,4.000000000000000000e+00,2.000000000000000000e+00,1.000000000000000000e+00,0.000000000000000000e+00,2.000000000000000000e+00,-3.500618572605472267e-01,2.509810562887327956e-01,-3.500937033500205464e-01,2.545225566039700515e-01,-3.290279816343028886e-04,4.866722554959407865e-01,5.999999999999999778e-01,5.440000000000000391e-01,-4.984220745774927200e-04,5.054103524019579741e-01,5.000000000000000000e-01,5.440000000000000391e-01,0.000000000000000000e+00,-2.000000000000000111e-01
1.760440045911000000e+12,4.000000000000000000e+00,2.000000000000000000e+00,1.000000000000000000e+00,-1.000000000000000056e-01,2.000000000000000000e+00,-3.500937033500205464e-01,2.545225566039700515e-01,-3.501264181597761316e-01,2.575008007385228836e-01,-4.984220745774927200e-04,5.054103524019579741e-01,7.039999999999999591e-01,5.440000000000000391e-01,-6.724370200859244731e-04,5.211682578757824702e-01,5.000000000000000000e-01,5.160000000000000142e-01,-2.000000000000000042e-02,-2.000000000000000111e-01
1.760440046115000000e+12,4.000000000000000000e+00,2.000000000000000000e+00,1.000000000000000000e+00,-1.000000000000000056e-01,2.000000000000000000e+00,-3.501277486663194050e-01,2.575545046346643385e-01,-3.501609835610109966e-01,2.568082891176299287e-01,-6.795141825501445831e-04,5.214524054744145154e-01,6.039999999999999813e-01,5.160000000000000142e-01,-8.562955372926535922e-04,5.175041752255552518e-01,5.000000000000000000e-01,4.640000000000000235e-01,-2.000000000000000042e-02,-2.000000000000000111e-01
1.760440046318000000e+12,4.000000000000000000e+00,2.000000000000000000e+00,1.000000000000000000e+00,0.000000000000000000e+00,1.000000000000000000e+00,-3.501609835610109966e-01,2.568082891176299287e-01,-3.464248901599787378e-01,2.537996712605851135e-01,-8.562955372926535922e-04,5.175041752255552518e-01,7.039999999999999591e-01,4.640000000000000235e-01,1.901654170224064203e-02,5.015855622253181378e-01,5.999999999999999778e-01,4.619999999999999662e-01,0.000000000000000000e+00,2.000000000000000111e-01
1.760440046521000000e+12,4.000000000000000000e+00,2.000000000000000000e+00,1.000000000000000000e+00,0.000000000000000000e+00,2.000000000000000000e+00,-3.464248901599787378e-01,2.537996712605851135e-01,-3.415900818425317009e-01,2.506595126456768741e-01,1.901654170224064203e-02,5.015855622253181378e-01,7.039999999999999591e-01,4.619999999999999662e-01,4.473360722057594802e-02,4.849709663792427516e-01,5.080000000000000071e-01,4.619999999999999662e-01,0.000000000000000000e+00,-2.000000000000000111e-01
1.760440046725000000e+12,4.000000000000000000e+00,2.000000000000000000e+00,1.000000000000000000e+00,0.000000000000000000e+00,2.000000000000000000e+00,-3.415900818425317009e-01,2.506595126456768741e-01,-3.450673155351450805e-01,2.476396018191720227e-01,4.473360722057594802e-02,4.849709663792427516e-01,7.039999999999999591e-01,4.619999999999999662e-01,2.623768332369626546e-02,4.689926022178414478e-01,4.040000000000000258e-01,4.619999999999999662e-01,0.000000000000000000e+00,-2.000000000000000111e-01
1.760440046928000000e+12,4.000000000000000000e+00,2.000000000000000000e+00,1.000000000000000000e+00,1.000000000000000056e-01,2.000000000000000000e+00,-3.450673155351450805e-01,2.476396018191720227e-01,-3.497037796384342423e-01,2.453673348873900428e-01,2.623768332369626546e-02,4.689926022178414478e-01,8.040000000000002700e-01,4.619999999999999662e-01,1.575640221094338047e-03,4.569700258592066522e-01,5.000000000000000000e-01,4.939999999999999947e-01,2.000000000000000042e-02,-2.000000000000000111e-01
1.760440047132000000e+12,4.000000000000000000e+00,2.000000000000000000e+00,1.000000000000000000e+00,0.000000000000000000e+00,0.000000000000000000e+00,-3.497049996024162444e-01,2.453481393602129912e-01,-3.497354928324452050e-01,2.468739137543430329e-01,1.569151050977305676e-03,4.568684622233492032e-01,7.000000000000000666e-01,4.960000000000000520e-01,1.406953018908366042e-03,4.649413426155716289e-01,5.000000000000000000e-01,5.360000000000000320e-01,0.000000000000000000e+00,0.000000000000000000e+00
1.760440047334000000e+12,4.000000000000000000e+00,2.000000000000000000e+00,1.000000000000000000e+00,0.000000000000000000e+00,0.000000000000000000e+00,-3.497354928324452050e-01,2.468739137543430329e-01,-3.497664554930176584e-01,2.497745854548604205e-01,1.406953018908366042e-03,4.649413426155716289e-01,7.000000000000000666e-01,5.360000000000000320e-01,1.242258015863401512e-03,4.802888119304784542e-01,5.000000000000000000e-01,5.360000000000000320e-01,0.000000000000000000e+00,0.000000000000000000e+00
1.760440047537000000e+12,4.000000000000000000e+00,2.000000000000000000e+00,1.000000000000000000e+00,0.000000000000000000e+00,0.000000000000000000e+00,-3.497664554930176584e-01,2.497745854548604205e-01,-3.497981112144687987e-01,2.526758703472586354e-01,1.242258015863401512e-03,4.802888119304784542e-01,5.999999999999999778e-01,5.360000000000000320e-01,1.073876518782867443e-03,4.956395256468711374e-01,5.000000000000000000e-01,5.360000000000000320e-01,0.000000000000000000e+00,0.000000000000000000e+00
0.000000000000000000e+00,0.000000000000000000e+00,0.000000000000000000e+00,0.000000000000000000e+00,0.000000000000000000e+00,0.000000000000000000e+00,0.000000000000000000e+00,0.000000000000000000e+00,0.000000000000000000e+00,0.000000000000000000e+00,0.000000000000000000e+00,0.000000000000000000e+00,0.000000000000000000e+00,0.000000000000000000e+00,0.000000000000000000e+00,0.000000000000000000e+00,0.000000000000000000e+00,0.000000000000000000e+00,0.000000000000000000e+00,0.000000000000000000e+00
1.760440053266000000e+12,5.000000000000000000e+00,2.000000000000000000e+00,3.000000000000000000e+00,0.000000000000000000e+00,0.000000000000000000e+00,-3.498032401026550664e-01,2.531401334601879882e-01,-3.326579028732631338e-01,1.651122441220351511e-01,1.046595198643145760e-03,4.980959442337989374e-01,5.000000000000000000e-01,5.360000000000000320e-01,9.224519748264280172e-02,3.233991598960396507e-02,5.000000000000000000e-01,5.360000000000000320e-01,0.000000000000000000e+00,0.000000000000000000e+00
1.760440053468000000e+12,5.000000000000000000e+00,2.000000000000000000e+00,3.000000000000000000e+00,0.000000000000000000e+00,0.000000000000000000e+00,-3.326586557013449519e-01,1.652278767187669861e-01,-3.326775816762501670e-01,1.681187962524230417e-01,9.224119307795228262e-02,3.295172867072478778e-02,5.999999999999999778e-01,5.360000000000000320e-01,9.214052299866921925e-02,4.824759921916952493e-02,5.000000000000000000e-01,5.360000000000000320e-01,0.000000000000000000e+00,0.000000000000000000e+00
1.760440053671000000e+12,5.000000000000000000e+00,2.000000000000000000e+00,3.000000000000000000e+00,0.000000000000000000e+00,1.000000000000000000e+00,-3.326775816762501670e-01,1.681187962524230417e-01,-3.289301144976797819e-01,1.710096686888060991e-01,9.214052299866921925e-02,4.824759921916952493e-02,5.999999999999999778e-01,5.360000000000000320e-01,1.120738590548946700e-01,6.354322057569364302e-02,5.999999999999999778e-01,5.360000000000000320e-01,0.000000000000000000e+00,2.000000000000000111e-01
1.760440053875000000e+12,5.000000000000000000e+00,2.000000000000000000e+00,3.000000000000000000e+00,0.000000000000000000e+00,2.000000000000000000e+00,-3.289301144976797819e-01,1.710096686888060991e-01,-3.240850738955612376e-01,1.740162374269541012e-01,1.120738590548946700e-01,6.354322057569364302e-02,5.999999999999999778e-01,5.360000000000000320e-01,1.378453516193550166e-01,7.945099167700582499e-02,5.080000000000000071e-01,5.360000000000000320e-01,0.000000000000000000e+00,-2.000000000000000111e-01
1.760440054078000000e+12,5.000000000000000000e+00,2.000000000000000000e+00,3.000000000000000000e+00,1.000000000000000056e-01,1.000000000000000000e+00,-3.240850738955612376e-01,1.740162374269541012e-01,-3.200038409758001468e-01,1.769121813037278224e-01,1.378453516193550166e-01,7.945099167700582499e-02,5.000000000000000000e-01,5.360000000000000320e-01,1.595540373627650776e-01,9.477344605146996448e-02,6.039999999999999813e-01,5.400000000000000355e-01,2.000000000000000042e-02,2.000000000000000111e-01
1.760440054282000000e+12,5.000000000000000000e+00,2.000000000000000000e+00,3.000000000000000000e+00,1.000000000000000056e-01,2.000000000000000000e+00,-3.200038409758001468e-01,1.769121813037278224e-01,-3.154754312197174393e-01,1.820074798803381355e-01,1.595540373627650776e-01,9.477344605146996448e-02,5.000000000000000000e-01,5.400000000000000355e-01,1.836413232993752420e-01,1.217326977795668563e-01,5.040000000000000036e-01,5.899999999999999689e-01,2.000000000000000042e-02,-2.000000000000000111e-01
1.760440054486000000e+12,5.000000000000000000e+00,2.000000000000000000e+00,3.000000000000000000e+00,0.000000000000000000e+00,2.000000000000000000e+00,-3.154601048298423804e-01,1.822943583344131813e-01,-3.192385916039913729e-01,1.913303605619459669e-01,1.837228466497744794e-01,1.232505731979533503e-01,3.999999999999999667e-01,5.899999999999999689e-01,1.636245127447266412e-01,1.710601087933649178e-01,3.999999999999999667e-01,6.240000000000001101e-01,0.000000000000000000e+00,-2.000000000000000111e-01
1.760440054689000000e+12,5.000000000000000000e+00,2.000000000000000000e+00,3.000000000000000000e+00,0.000000000000000000e+00,0.000000000000000000e+00,-3.192385916039913729e-01,1.913303605619459669e-01,-3.272537179003056629e-01,2.012642833908243889e-01,1.636245127447266412e-01,1.710601087933649178e-01,3.999999999999999667e-01,6.240000000000001101e-01,1.209908622324165905e-01,2.236205470413989149e-01,3.999999999999999667e-01,6.240000000000001101e-01,0.000000000000000000e+00,0.000000000000000000e+00
1.760440054892000000e+12,5.000000000000000000e+00,2.000000000000000000e+00,3.000000000000000000e+00,0.000000000000000000e+00,1.000000000000000000e+00,-3.272537179003056629e-01,2.012642833908243889e-01,-3.315080367173953713e-01,2.111991128941998752e-01,1.209908622324165905e-01,2.236205470413989149e-01,5.000000000000000000e-01,6.240000000000001101e-01,9.836150682236494136e-02,2.761857825089940599e-01,5.000000000000000000e-01,6.240000000000001101e-01,0.000000000000000000e+00,2.000000000000000111e-01
1.760440055096000000e+12,5.000000000000000000e+00,2.000000000000000000e+00,3.000000000000000000e+00,0.000000000000000000e+00,1.000000000000000000e+00,-3.315121050781720813e-01,2.115965182324158200e-01,-3.274447846636622805e-01,2.215317473565234785e-01,9.833986660546754910e-02,2.782884562561683817e-01,5.040000000000000036e-01,6.240000000000001101e-01,1.199745496613707496e-01,3.308558061191718691e-01,6.039999999999999813e-01,6.240000000000001101e-01,0.000000000000000000e+00,2.000000000000000111e-01
1.760440055301000000e+12,5.000000000000000000e+00,2.000000000000000000e+00,3.000000000000000000e+00,0.000000000000000000e+00,2.000000000000000000e+00,-3.274447846636622805e-01,2.215317473565234785e-01,-3.229199595056982952e-01,2.314678774738985756e-01,1.199745496613707496e-01,3.308558061191718691e-01,6.039999999999999813e-01,6.240000000000001101e-01,1.440427685867111118e-01,3.834279231423205481e-01,5.040000000000000036e-01,6.240000000000001101e-01,0.000000000000000000e+00,-2.000000000000000111e-01
1.760440055504000000e+12,5.000000000000000000e+00,2.000000000000000000e+00,3.000000000000000000e+00,-1.000000000000000056e-01,2.000000000000000000e+00,-3.229048651507770984e-01,2.318653649900296043e-01,-3.266931666137780077e-01,2.399190317596344157e-01,1.441230577086323461e-01,3.855310316932783476e-01,6.039999999999999813e-01,6.240000000000001101e-01,1.239725180118190079e-01,4.281430251832509248e-01,3.999999999999999667e-01,5.739999999999999547e-01,-2.000000000000000042e-02,-2.000000000000000111e-01
1.760440055709000000e+12,5.000000000000000000e+00,2.000000000000000000e+00,3.000000000000000000e+00,-1.000000000000000056e-01,2.000000000000000000e+00,-3.266931666137780077e-01,2.399190317596344157e-01,-3.384790198395462024e-01,2.439767856732721618e-01,1.239725180118190079e-01,4.281430251832509248e-01,5.000000000000000000e-01,5.739999999999999547e-01,6.128180936411583429e-02,4.496126226099056433e-01,2.999999999999999889e-01,5.240000000000000213e-01,-2.000000000000000042e-02,-2.000000000000000111e-01
1.760440055910000000e+12,5.000000000000000000e+00,2.000000000000000000e+00,3.000000000000000000e+00,0.000000000000000000e+00,0.000000000000000000e+00,-3.384790198395462024e-01,2.439767856732721618e-01,-3.495450898416944674e-01,2.454799343167148873e-01,6.128180936411583429e-02,4.496126226099056433e-01,5.999999999999999778e-01,5.240000000000000213e-01,2.419734884603778891e-03,4.575657900355285523e-01,5.000000000000000000e-01,5.180000000000000160e-01,0.000000000000000000e+00,0.000000000000000000e+00
1.760440056114000000e+12,5.000000000000000000e+00,2.000000000000000000e+00,3.000000000000000000e+00,-1.000000000000000056e-01,1.000000000000000000e+00,-3.495450898416944674e-01,2.454799343167148873e-01,-3.458045447831040176e-01,2.469630620526906684e-01,2.419734884603778891e-03,4.575657900355285523e-01,5.000000000000000000e-01,5.180000000000000160e-01,2.231625115370191800e-02,4.654130267338131288e-01,5.999999999999999778e-01,5.100000000000000089e-01,-2.000000000000000042e-02,2.000000000000000111e-01
1.760440056318000000e+12,5.000000000000000000e+00,2.000000000000000000e+00,3.000000000000000000e+00,-1.000000000000000056e-01,0.000000000000000000e+00,-3.458045447831040176e-01,2.469630620526906684e-01,-3.378370234098456160e-01,2.458975963129406139e-01,2.231625115370191800e-02,4.654130267338131288e-01,5.919999999999999707e-01,5.100000000000000089e-01,6.469668399018278782e-02,4.597756418674107115e-01,5.999999999999999778e-01,4.599999999999999645e-01,-2.000000000000000042e-02,0.000000000000000000e+00
1.760440056522000000e+12,5.000000000000000000e+00,2.000000000000000000e+00,3.000000000000000000e+00,0.000000000000000000e+00,0.000000000000000000e+00,-3.378370234098456160e-01,2.458975963129406139e-01,-3.295446914732478860e-01,2.409545620465288474e-01,6.469668399018278782e-02,4.597756418674107115e-01,5.959999999999999742e-01,4.599999999999999645e-01,1.088048325891068924e-01,4.336220214102056159e-01,5.999999999999999778e-01,4.320000000000000506e-01,0.000000000000000000e+00,0.000000000000000000e+00
1.760440056726000000e+12,5.000000000000000000e+00,2.000000000000000000e+00,3.000000000000000000e+00,1.000000000000000056e-01,0.000000000000000000e+00,-3.295446914732478860e-01,2.409545620465288474e-01,-3.215688619007132099e-01,2.355657359727006961e-01,1.088048325891068924e-01,4.336220214102056159e-01,6.959999999999999520e-01,4.320000000000000506e-01,1.512294579749296486e-01,4.051097141412735581e-01,5.999999999999999778e-01,4.400000000000000022e-01,2.000000000000000042e-02,0.000000000000000000e+00
1.760440056929000000e+12,5.000000000000000000e+00,2.000000000000000000e+00,3.000000000000000000e+00,1.000000000000000056e-01,1.000000000000000000e+00,-3.215688619007132099e-01,2.355657359727006961e-01,-3.098245511988177991e-01,2.326632775321803570e-01,1.512294579749296486e-01,4.051097141412735581e-01,6.959999999999999520e-01,4.400000000000000022e-01,2.136991957509690732e-01,3.897527911755575003e-01,7.000000000000000666e-01,4.899999999999999911e-01,2.000000000000000042e-02,2.000000000000000111e-01
1.760440057132000000e+12,5.000000000000000000e+00,2.000000000000000000e+00,3.000000000000000000e+00,0.000000000000000000e+00,0.000000000000000000e+00,-3.098245511988177991e-01,2.326632775321803570e-01,-2.928913813880960060e-01,2.338315054433594831e-01,2.136991957509690732e-01,3.897527911755575003e-01,5.959999999999999742e-01,4.899999999999999911e-01,3.037692479356594588e-01,3.959338912347062922e-01,7.039999999999999591e-01,5.320000000000000284e-01,0.000000000000000000e+00,0.000000000000000000e+00
1.760440057335000000e+12,5.000000000000000000e+00,2.000000000000000000e+00,3.000000000000000000e+00,0.000000000000000000e+00,1.000000000000000000e+00,-2.928913813880960060e-01,2.338315054433594831e-01,-2.728142435502488028e-01,2.364039116276126229e-01,3.037692479356594588e-01,3.959338912347062922e-01,6.959999999999999520e-01,5.320000000000000284e-01,4.105625343071871436e-01,4.095445059662043974e-01,8.040000000000002700e-01,5.320000000000000284e-01,0.000000000000000000e+00,2.000000000000000111e-01
1.760440057538000000e+12,5.000000000000000000e+00,2.000000000000000000e+00,3.000000000000000000e+00,0.000000000000000000e+00,0.000000000000000000e+00,-2.728142435502488028e-01,2.364039116276126229e-01,-2.485104903750069427e-01,2.389743145613343889e-01,4.105625343071871436e-01,4.095445059662043974e-01,5.919999999999999707e-01,5.320000000000000284e-01,5.398378171542183024e-01,4.231445214885418138e-01,8.040000000000002700e-01,5.320000000000000284e-01,0.000000000000000000e+00,0.000000000000000000e+00
1.760440057741000000e+12,5.000000000000000000e+00,2.000000000000000000e+00,3.000000000000000000e+00,0.000000000000000000e+00,0.000000000000000000e+00,-2.475382292034287168e-01,2.390771227071699367e-01,-2.232303991794161169e-01,2.416470040610245451e-01,5.450094191306982250e-01,4.236884799321161132e-01,6.919999999999999485e-01,5.320000000000000284e-01,6.743063873435313216e-01,4.372857357726167016e-01,8.040000000000002700e-01,5.320000000000000284e-01,0.000000000000000000e+00,0.000000000000000000e+00
1.760440057944000000e+12,5.000000000000000000e+00,2.000000000000000000e+00,3.000000000000000000e+00,0.000000000000000000e+00,1.000000000000000000e+00,-2.232303991794161169e-01,2.416470040610245451e-01,-1.951557485925515811e-01,2.442145789962056335e-01,6.743063873435313216e-01,4.372857357726167016e-01,5.919999999999999707e-01,5.320000000000000284e-01,8.236396351460022469e-01,4.508707883397123917e-01,9.039999999999998037e-01,5.320000000000000284e-01,0.000000000000000000e+00,2.000000000000000111e-01
1.760440058148000000e+12,5.000000000000000000e+00,2.000000000000000000e+00,3.000000000000000000e+00,0.000000000000000000e+00,2.000000000000000000e+00,-1.951557485925515811e-01,2.442145789962056335e-01,-1.666131178702907611e-01,2.467814065439204729e-01,8.236396351460022469e-01,4.508707883397123917e-01,4.919999999999999929e-01,5.320000000000000284e-01,9.754621389878150861e-01,4.644518864757697374e-01,8.040000000000002700e-01,5.320000000000000284e-01,0.000000000000000000e+00,-2.000000000000000111e-01
1.760440058352000000e+12,5.000000000000000000e+00,2.000000000000000000e+00,3.000000000000000000e+00,0.000000000000000000e+00,0.000000000000000000e+00,-1.656389727568098880e-01,2.468841570783324724e-01,-1.625216841320262229e-01,2.494579965689898982e-01,9.806437619318623122e-01,4.649955400969972841e-01,5.879999999999999671e-01,5.320000000000000284e-01,9.972250844041158357e-01,4.786137384602640599e-01,5.000000000000000000e-01,5.320000000000000284e-01,0.000000000000000000e+00,0.000000000000000000e+00
1.760440058555000000e+12,5.000000000000000000e+00,2.000000000000000000e+00,3.000000000000000000e+00,0.000000000000000000e+00,1.000000000000000000e+00,-1.625216841320262229e-01,2.494579965689898982e-01,-1.625277115938867922e-01,2.520328300967686896e-01,9.972250844041158357e-01,4.786137384602640599e-01,6.879999999999999449e-01,5.320000000000000284e-01,9.971930234367724077e-01,4.922371962791994848e-01,5.000000000000000000e-01,5.320000000000000284e-01,0.000000000000000000e+00,2.000000000000000111e-01
1.760440058759000000e+12,5.000000000000000000e+00,2.000000000000000000e+00,3.000000000000000000e+00,0.000000000000000000e+00,2.000000000000000000e+00,-1.625279560284394464e-01,2.521358289279427289e-01,-1.663071924407385771e-01,2.547108169324136528e-01,9.971917232529816655e-01,4.927821636399086769e-01,5.879999999999999671e-01,5.320000000000000284e-01,9.770894019109650497e-01,5.064064387958394642e-01,4.000000000000000777e-01,5.320000000000000284e-01,0.000000000000000000e+00,-2.000000000000000111e-01
1.760440058962000000e+12,5.000000000000000000e+00,2.000000000000000000e+00,3.000000000000000000e+00,-1.000000000000000056e-01,1.000000000000000000e+00,-1.663071924407385771e-01,2.547108169324136528e-01,-1.705446464515822935e-01,2.565405378923621971e-01,9.770894019109650497e-01,5.064064387958394642e-01,4.879999999999999893e-01,5.320000000000000284e-01,9.545497529171155238e-01,5.160875020759905230e-01,5.000000000000000000e-01,5.000000000000000000e-01,-2.000000000000000042e-02,2.000000000000000111e-01
1.760440059167000000e+12,5.000000000000000000e+00,2.000000000000000000e+00,3.000000000000000000e+00,0.000000000000000000e+00,2.000000000000000000e+00,-1.705446464515822935e-01,2.565405378923621971e-01,-1.743309515703704848e-01,2.549463247617246853e-01,9.545497529171155238e-01,5.160875020759905230e-01,4.879999999999999893e-01,5.000000000000000000e-01,9.344098320724973927e-01,5.076525119667972819e-01,4.000000000000000777e-01,4.699999999999999734e-01,0.000000000000000000e+00,-2.000000000000000111e-01
1.760440059370000000e+12,5.000000000000000000e+00,2.000000000000000000e+00,3.000000000000000000e+00,0.000000000000000000e+00,2.000000000000000000e+00,-1.746480386103499149e-01,2.548509211034973299e-01,-1.867388365855724985e-01,2.524649636295870914e-01,9.327231988811175434e-01,5.071477307063351203e-01,5.879999999999999671e-01,4.699999999999999734e-01,8.684104436937633009e-01,4.945236170877624349e-01,2.959999999999999853e-01,4.699999999999999734e-01,0.000000000000000000e+00,-2.000000000000000111e-01
1.760440059572000000e+12,5.000000000000000000e+00,2.000000000000000000e+00,3.000000000000000000e+00,0.000000000000000000e+00,2.000000000000000000e+00,-1.867388365855724985e-01,2.524649636295870914e-01,-2.068327110748631736e-01,2.500766963483908589e-01,8.684104436937633009e-01,4.945236170877624349e-01,5.000000000000000000e-01,4.699999999999999734e-01,7.615281325805149937e-01,4.818872822666183664e-01,1.959999999999997300e-01,4.699999999999999734e-01,0.000000000000000000e+00,-2.000000000000000111e-01
1.760440059776000000e+12,5.000000000000000000e+00,2.000000000000000000e+00,3.000000000000000000e+00,1.000000000000000056e-01,1.000000000000000000e+00,-2.068327110748631736e-01,2.500766963483908589e-01,-2.273909195091604885e-01,2.481709292111497489e-01,7.615281325805149937e-01,4.818872822666183664e-01,5.000000000000000000e-01,4.699999999999999734e-01,6.521759600576569893e-01,4.718038582600516118e-01,2.959999999999999853e-01,4.960000000000000520e-01,2.000000000000000042e-02,2.000000000000000111e-01
1.760440059979000000e+12,5.000000000000000000e+00,2.000000000000000000e+00,3.000000000000000000e+00,0.000000000000000000e+00,0.000000000000000000e+00,-2.280473997278261722e-01,2.481570707704802148e-01,-2.440634577255081927e-01,2.498382683539656368e-01,6.486840440009246089e-01,4.717305331771440291e-01,4.000000000000000777e-01,4.979999999999999982e-01,5.634922461409138661e-01,4.806257584865907262e-01,2.999999999999999889e-01,5.380000000000000338e-01,0.000000000000000000e+00,0.000000000000000000e+00
1.760440060182000000e+12,5.000000000000000000e+00,2.000000000000000000e+00,3.000000000000000000e+00,0.000000000000000000e+00,0.000000000000000000e+00,-2.440634577255081927e-01,2.498382683539656368e-01,-2.600782692486166003e-01,2.528931292115829121e-01,5.634922461409138661e-01,4.806257584865907262e-01,5.000000000000000000e-01,5.380000000000000338e-01,4.783070784648052465e-01,4.967890434475286665e-01,2.999999999999999889e-01,5.380000000000000338e-01,0.000000000000000000e+00,0.000000000000000000e+00
1.760440060384000000e+12,5.000000000000000000e+00,2.000000000000000000e+00,3.000000000000000000e+00,0.000000000000000000e+00,2.000000000000000000e+00,-2.600782692486166003e-01,2.528931292115829121e-01,-2.798601971195239235e-01,2.559477974792988553e-01,4.783070784648052465e-01,4.967890434475286665e-01,5.040000000000000036e-01,5.380000000000000338e-01,3.730840578748726988e-01,5.129513094142796881e-01,1.999999999999997613e-01,5.380000000000000338e-01,0.000000000000000000e+00,-2.000000000000000111e-01
1.760440060587000000e+12,5.000000000000000000e+00,2.000000000000000000e+00,3.000000000000000000e+00,0.000000000000000000e+00,0.000000000000000000e+00,-2.808177350978914855e-01,2.560699488019763104e-01,-3.051547889044102790e-01,2.591243035207211332e-01,3.679907707558963126e-01,5.135976127088693888e-01,5.040000000000000036e-01,5.380000000000000338e-01,2.385383568914345997e-01,5.297582196863552806e-01,1.959999999999997300e-01,5.380000000000000338e-01,0.000000000000000000e+00,0.000000000000000000e+00
1.760440060790000000e+12,5.000000000000000000e+00,2.000000000000000000e+00,3.000000000000000000e+00,-1.000000000000000056e-01,2.000000000000000000e+00,-3.051547889044102790e-01,2.591243035207211332e-01,-3.332630033865613961e-01,2.619047444501364508e-01,2.385383568914345997e-01,5.297582196863552806e-01,5.040000000000000036e-01,5.380000000000000338e-01,8.902657773105629446e-02,5.444695473552193521e-01,9.600000000000025180e-02,5.180000000000000160e-01,-2.000000000000000042e-02,-2.000000000000000111e-01
1.760440060992000000e+12,5.000000000000000000e+00,2.000000000000000000e+00,3.000000000000000000e+00,-1.000000000000000056e-01,1.000000000000000000e+00,-3.332630033865613961e-01,2.619047444501364508e-01,-3.486050087059889280e-01,2.614796240703923802e-01,8.902657773105629446e-02,5.444695473552193521e-01,5.040000000000000036e-01,5.180000000000000160e-01,7.420166457505585240e-03,5.422202331766793337e-01,5.479999999999999316e-01,4.679999999999999716e-01,-2.000000000000000042e-02,2.000000000000000111e-01
1.760440061196000000e+12,5.000000000000000000e+00,2.000000000000000000e+00,3.000000000000000000e+00,0.000000000000000000e+00,1.000000000000000000e+00,-3.484559385964343114e-01,2.613797278182031225e-01,-3.405611061725123401e-01,2.583852905435979341e-01,8.213092572157800267e-03,5.416916815777943484e-01,4.040000000000000258e-01,4.679999999999999716e-01,5.020688206110446306e-02,5.258480981142747979e-01,6.519999999999999130e-01,4.620000000000000218e-01,0.000000000000000000e+00,2.000000000000000111e-01
1.760440061400000000e+12,5.000000000000000000e+00,2.000000000000000000e+00,3.000000000000000000e+00,0.000000000000000000e+00,1.000000000000000000e+00,-3.405611061725123401e-01,2.583852905435979341e-01,-3.246669973315510216e-01,2.553640663268824662e-01,5.020688206110446306e-02,5.258480981142747979e-01,3.039999999999999925e-01,4.620000000000000218e-01,1.347500141938774432e-01,5.098627847983200345e-01,7.520000000000001128e-01,4.620000000000000218e-01,0.000000000000000000e+00,2.000000000000000111e-01
1.760440061603000000e+12,5.000000000000000000e+00,2.000000000000000000e+00,3.000000000000000000e+00,0.000000000000000000e+00,0.000000000000000000e+00,-3.246669973315510216e-01,2.553640663268824662e-01,-3.045334042822149812e-01,2.523403060128026620e-01,1.347500141938774432e-01,5.098627847983200345e-01,1.999999999999997613e-01,4.620000000000000218e-01,2.418435942435372410e-01,4.938640529777919008e-01,7.520000000000001128e-01,4.620000000000000218e-01,0.000000000000000000e+00,0.000000000000000000e+00
1.760440061807000000e+12,5.000000000000000000e+00,2.000000000000000000e+00,3.000000000000000000e+00,1.000000000000000056e-01,2.000000000000000000e+00,-3.037278543894421645e-01,2.522193259941942767e-01,-2.873624160926302462e-01,2.498473509019582817e-01,2.461284340987117958e-01,4.932239470592290065e-01,1.999999999999997613e-01,4.620000000000000218e-01,3.331786378051582176e-01,4.806738142960756410e-01,6.519999999999999130e-01,4.919999999999999929e-01,2.000000000000000042e-02,-2.000000000000000111e-01
1.760440062011000000e+12,5.000000000000000000e+00,2.000000000000000000e+00,3.000000000000000000e+00,0.000000000000000000e+00,2.000000000000000000e+00,-2.873624160926302462e-01,2.498473509019582817e-01,-2.789874441403840666e-01,2.505426313524954929e-01,3.331786378051582176e-01,4.806738142960756410e-01,9.600000000000025180e-02,4.919999999999999929e-01,3.777263609554038504e-01,4.843525468386005728e-01,5.520000000000000462e-01,5.140000000000000124e-01,0.000000000000000000e+00,-2.000000000000000111e-01
1.760440062214000000e+12,5.000000000000000000e+00,2.000000000000000000e+00,3.000000000000000000e+00,0.000000000000000000e+00,2.000000000000000000e+00,-2.788185717977953448e-01,2.505881231712034918e-01,-2.787582869612458270e-01,2.517255719045231044e-01,3.786246180968332320e-01,4.845932442920820038e-01,9.600000000000025180e-02,5.140000000000000124e-01,3.789452821210327893e-01,4.906114915583233427e-01,4.479999999999999538e-01,5.140000000000000124e-01,0.000000000000000000e+00,-2.000000000000000111e-01
1.760440062417000000e+12,5.000000000000000000e+00,2.000000000000000000e+00,3.000000000000000000e+00,0.000000000000000000e+00,2.000000000000000000e+00,-2.787582869612458270e-01,2.517255719045231044e-01,-2.867034359378812791e-01,2.528628201932131558e-01,3.789452821210327893e-01,4.906114915583233427e-01,-7.450580569168252509e-09,5.140000000000000124e-01,3.366838513942484457e-01,4.966286782709691261e-01,3.480000000000000870e-01,5.140000000000000124e-01,0.000000000000000000e+00,-2.000000000000000111e-01
1.760440062621000000e+12,5.000000000000000000e+00,2.000000000000000000e+00,3.000000000000000000e+00,0.000000000000000000e+00,0.000000000000000000e+00,-2.867034359378812791e-01,2.528628201932131558e-01,-2.996847004511799528e-01,2.540454214840454639e-01,3.366838513942484457e-01,4.966286782709691261e-01,5.000000000000000000e-01,5.140000000000000124e-01,2.676345720681916340e-01,5.028858279579125901e-01,3.440000000000001390e-01,5.140000000000000124e-01,0.000000000000000000e+00,0.000000000000000000e+00
1.760440062825000000e+12,5.000000000000000000e+00,2.000000000000000000e+00,3.000000000000000000e+00,-1.000000000000000056e-01,0.000000000000000000e+00,-2.996847004511799528e-01,2.540454214840454639e-01,-3.121873260518716608e-01,2.550135985244322834e-01,2.676345720681916340e-01,5.028858279579125901e-01,5.000000000000000000e-01,5.140000000000000124e-01,2.011312444049378756e-01,5.080084578012290519e-01,3.440000000000001390e-01,4.979999999999999982e-01,-2.000000000000000042e-02,0.000000000000000000e+00
1.760440063027000000e+12,5.000000000000000000e+00,2.000000000000000000e+00,3.000000000000000000e+00,0.000000000000000000e+00,0.000000000000000000e+00,-3.121873260518716608e-01,2.550135985244322834e-01,-3.246922824060181068e-01,2.530462246668153115e-01,2.011312444049378756e-01,5.080084578012290519e-01,5.999999999999999778e-01,4.979999999999999982e-01,1.346155191169248755e-01,4.975990723111921588e-01,3.440000000000001390e-01,4.579999999999999627e-01,0.000000000000000000e+00,0.000000000000000000e+00
1.760440063231000000e+12,5.000000000000000000e+00,2.000000000000000000e+00,3.000000000000000000e+00,0.000000000000000000e+00,2.000000000000000000e+00,-3.246922824060181068e-01,2.530462246668153115e-01,-3.414706715490293254e-01,2.495700084437553756e-01,1.346155191169248755e-01,4.975990723111921588e-01,5.999999999999999778e-01,4.579999999999999627e-01,4.536876835622687815e-02,4.792063938823036273e-01,2.439999999999998559e-01,4.579999999999999627e-01,0.000000000000000000e+00,-2.000000000000000111e-01
1.760440063434000000e+12,5.000000000000000000e+00,2.000000000000000000e+00,3.000000000000000000e+00,0.000000000000000000e+00,1.000000000000000000e+00,-3.414706715490293254e-01,2.495700084437553756e-01,-3.488781791696418666e-01,2.462287264818141808e-01,4.536876835622687815e-02,4.792063938823036273e-01,5.000000000000000000e-01,4.579999999999999627e-01,5.967132076372933143e-03,4.615276533429322203e-01,5.560000000000000497e-01,4.579999999999999627e-01,0.000000000000000000e+00,2.000000000000000111e-01
1.760440063637000000e+12,5.000000000000000000e+00,2.000000000000000000e+00,3.000000000000000000e+00,0.000000000000000000e+00,2.000000000000000000e+00,-3.488781791696418666e-01,2.462287264818141808e-01,-3.481976623173420049e-01,2.428883074681469356e-01,5.967132076372933143e-03,4.615276533429322203e-01,3.999999999999999667e-01,4.579999999999999627e-01,9.586902567329644645e-03,4.438534786674441790e-01,4.560000000000000164e-01,4.579999999999999627e-01,0.000000000000000000e+00,-2.000000000000000111e-01
1.760440063840000000e+12,5.000000000000000000e+00,2.000000000000000000e+00,3.000000000000000000e+00,0.000000000000000000e+00,0.000000000000000000e+00,-3.483364543480754194e-01,2.427546770948992572e-01,-3.502462842794830666e-01,2.394137768014265588e-01,8.848647084705098254e-03,4.431464396555516716e-01,2.959999999999999853e-01,4.579999999999999627e-01,-1.310022763207919485e-03,4.254697185260665204e-01,5.000000000000000000e-01,4.579999999999999627e-01,0.000000000000000000e+00,0.000000000000000000e+00
1.760440064043000000e+12,5.000000000000000000e+00,2.000000000000000000e+00,3.000000000000000000e+00,1.000000000000000056e-01,2.000000000000000000e+00,-3.502462842794830666e-01,2.394137768014265588e-01,-3.502757744849610555e-01,2.373876965680788986e-01,-1.310022763207919485e-03,4.254697185260665204e-01,5.000000000000000000e-01,4.579999999999999627e-01,-1.466885558303604974e-03,4.147497172914227925e-01,5.000000000000000000e-01,5.000000000000000000e-01,2.000000000000000042e-02,-2.000000000000000111e-01
1.760440064247000000e+12,5.000000000000000000e+00,2.000000000000000000e+00,3.000000000000000000e+00,0.000000000000000000e+00,1.000000000000000000e+00,-3.502757744849610555e-01,2.373876965680788986e-01,-3.465369520558396754e-01,2.388069332297590441e-01,-1.466885558303604974e-03,4.147497172914227925e-01,5.000000000000000000e-01,5.000000000000000000e-01,1.842046778808671681e-02,4.222589059775611053e-01,5.999999999999999778e-01,5.240000000000000213e-01,0.000000000000000000e+00,2.000000000000000111e-01
1.760440064450000000e+12,5.000000000000000000e+00,2.000000000000000000e+00,3.000000000000000000e+00,0.000000000000000000e+00,1.000000000000000000e+00,-3.462212963931103893e-01,2.388844564501884371e-01,-3.341620943513889941e-01,2.408216377535205011e-01,2.009948727068930352e-02,4.226690817470288297e-01,5.000000000000000000e-01,5.240000000000000213e-01,8.424417898197332499e-02,4.329187182725953154e-01,7.039999999999999591e-01,5.240000000000000213e-01,0.000000000000000000e+00,2.000000000000000111e-01
1.760440064653000000e+12,5.000000000000000000e+00,2.000000000000000000e+00,3.000000000000000000e+00,0.000000000000000000e+00,1.000000000000000000e+00,-3.341620943513889941e-01,2.408216377535205011e-01,-3.141009086394526140e-01,2.427562150457699963e-01,8.424417898197332499e-02,4.329187182725953154e-01,5.000000000000000000e-01,5.240000000000000213e-01,1.909526136199328206e-01,4.431545769617460384e-01,8.040000000000002700e-01,5.240000000000000213e-01,0.000000000000000000e+00,2.000000000000000111e-01
1.760440064857000000e+12,5.000000000000000000e+00,2.000000000000000000e+00,3.000000000000000000e+00,-1.000000000000000056e-01,1.000000000000000000e+00,-3.141009086394526140e-01,2.427562150457699963e-01,-2.847402614800789156e-01,2.447591926402546414e-01,1.909526136199328206e-01,4.431545769617460384e-01,5.999999999999999778e-01,5.240000000000000213e-01,3.471262687229844102e-01,4.537523420119293771e-01,9.039999999999998037e-01,5.220000000000000195e-01,-2.000000000000000042e-02,2.000000000000000111e-01
1.760440065060000000e+12,5.000000000000000000e+00,2.000000000000000000e+00,3.000000000000000000e+00,-1.000000000000000056e-01,1.000000000000000000e+00,-2.847402614800789156e-01,2.447591926402546414e-01,-2.483574029329023714e-01,2.444805136116908473e-01,3.471262687229844102e-01,4.537523420119293771e-01,6.039999999999999813e-01,5.200000000000000178e-01,5.406521120590298546e-01,4.522778497973061196e-01,1.000000007450580597e+00,4.699999999999999734e-01,-2.000000000000000042e-02,2.000000000000000111e-01
1.760440065264000000e+12,5.000000000000000000e+00,2.000000000000000000e+00,3.000000000000000000e+00,0.000000000000000000e+00,2.000000000000000000e+00,-2.483574029329023714e-01,2.444805136116908473e-01,-2.121410807462434933e-01,2.419341334164852864e-01,5.406521120590298546e-01,4.522778497973061196e-01,6.039999999999999813e-01,4.699999999999999734e-01,7.332921236901941420e-01,4.388049387115623978e-01,9.000000074505811742e-01,4.679999999999999716e-01,0.000000000000000000e+00,-2.000000000000000111e-01
1.760440065467000000e+12,5.000000000000000000e+00,2.000000000000000000e+00,3.000000000000000000e+00,0.000000000000000000e+00,2.000000000000000000e+00,-2.108599098025636664e-01,2.418319555797010800e-01,-1.829492190330470058e-01,2.392790915428835430e-01,7.401068627523209598e-01,4.382643152365137129e-01,6.039999999999999813e-01,4.679999999999999716e-01,8.885679838667712716e-01,4.247570981104950016e-01,7.960000074505816370e-01,4.679999999999999716e-01,0.000000000000000000e+00,-2.000000000000000111e-01
1.760440065670000000e+12,5.000000000000000000e+00,2.000000000000000000e+00,3.000000000000000000e+00,0.000000000000000000e+00,0.000000000000000000e+00,-1.829492190330470058e-01,2.392790915428835430e-01,-1.629432486396318602e-01,2.367280682076200737e-01,8.885679838667712716e-01,4.247570981104950016e-01,6.039999999999999813e-01,4.679999999999999716e-01,9.949827200019581985e-01,4.112596201461379830e-01,5.000000000000000000e-01,4.679999999999999716e-01,0.000000000000000000e+00,0.000000000000000000e+00
1.760440065873000000e+12,5.000000000000000000e+00,2.000000000000000000e+00,3.000000000000000000e+00,0.000000000000000000e+00,2.000000000000000000e+00,-1.629432486396318602e-01,2.367280682076200737e-01,-1.667175985642648794e-01,2.341807966028897903e-01,9.949827200019581985e-01,4.112596201461379830e-01,6.039999999999999813e-01,4.679999999999999716e-01,9.749063906156123505e-01,3.977819926078825508e-01,4.000000000000000777e-01,4.679999999999999716e-01,0.000000000000000000e+00,-2.000000000000000111e-01
1.760440066080000000e+12,5.000000000000000000e+00,2.000000000000000000e+00,3.000000000000000000e+00,0.000000000000000000e+00,2.000000000000000000e+00,-1.670345900005449358e-01,2.340788833309479511e-01,-1.791213527499616875e-01,2.315301455764235128e-01,9.732202659545482470e-01,3.972427689468145950e-01,6.039999999999999813e-01,4.679999999999999716e-01,9.089289747342463865e-01,3.837573840022408533e-01,2.959999999999999853e-01,4.679999999999999716e-01,0.000000000000000000e+00,-2.000000000000000111e-01
1.760440066283000000e+12,5.000000000000000000e+00,2.000000000000000000e+00,3.000000000000000000e+00,0.000000000000000000e+00,0.000000000000000000e+00,-1.791213527499616875e-01,2.315301455764235128e-01,-1.954443511870960215e-01,2.289802906107055169e-01,9.089289747342463865e-01,3.837573840022408533e-01,6.039999999999999813e-01,4.679999999999999716e-01,8.221045149622552284e-01,3.702660878873308414e-01,2.959999999999999853e-01,4.679999999999999716e-01,0.000000000000000000e+00,0.000000000000000000e+00
1.760440066487000000e+12,5.000000000000000000e+00,2.000000000000000000e+00,3.000000000000000000e+00,1.000000000000000056e-01,0.000000000000000000e+00,-1.954443511870960215e-01,2.289802906107055169e-01,-2.124248296549502979e-01,2.265461625470161500e-01,8.221045149622552284e-01,3.702660878873308414e-01,5.040000000000000036e-01,4.679999999999999716e-01,7.317828209843069143e-01,3.573871034233659372e-01,2.959999999999999853e-01,4.840000000000000413e-01,2.000000000000000042e-02,0.000000000000000000e+00
1.760440066690000000e+12,5.000000000000000000e+00,2.000000000000000000e+00,3.000000000000000000e+00,1.000000000000000056e-01,2.000000000000000000e+00,-2.124248296549502979e-01,2.265461625470161500e-01,-2.325316849007495468e-01,2.273229788740565860e-01,7.317828209843069143e-01,3.573871034233659372e-01,5.040000000000000036e-01,4.860000000000000431e-01,6.248314632938853919e-01,3.614972427198761551e-01,1.959999999999997300e-01,5.360000000000000320e-01,2.000000000000000042e-02,-2.000000000000000111e-01
1.760440066893000000e+12,5.000000000000000000e+00,2.000000000000000000e+00,3.000000000000000000e+00,0.000000000000000000e+00,0.000000000000000000e+00,-2.325316849007495468e-01,2.273229788740565860e-01,-2.568599680349971659e-01,2.320086171372886807e-01,6.248314632938853919e-01,3.614972427198761551e-01,4.040000000000000258e-01,5.360000000000000320e-01,4.954257019415043706e-01,3.862889795623740130e-01,1.959999999999997300e-01,5.739999999999999547e-01,0.000000000000000000e+00,0.000000000000000000e+00
1.760440067096000000e+12,5.000000000000000000e+00,2.000000000000000000e+00,3.000000000000000000e+00,0.000000000000000000e+00,0.000000000000000000e+00,-2.578332685180358963e-01,2.322458342223716887e-01,-2.821673642541809857e-01,2.381770298382507034e-01,4.902485717125749654e-01,3.875440964146650846e-01,3.039999999999999925e-01,5.739999999999999547e-01,3.608118922649947158e-01,4.189260838002683007e-01,1.959999999999997300e-01,5.739999999999999547e-01,0.000000000000000000e+00,0.000000000000000000e+00
1.760440067300000000e+12,5.000000000000000000e+00,2.000000000000000000e+00,3.000000000000000000e+00,0.000000000000000000e+00,2.000000000000000000e+00,-2.821673642541809857e-01,2.381770298382507034e-01,-3.102754536529961360e-01,2.441081048272550347e-01,3.608118922649947158e-01,4.189260838002683007e-01,3.039999999999999925e-01,5.739999999999999547e-01,2.113007784415098234e-01,4.503074329484393901e-01,9.600000000000025180e-02,5.739999999999999547e-01,0.000000000000000000e+00,-2.000000000000000111e-01
1.760440067505000000e+12,5.000000000000000000e+00,2.000000000000000000e+00,3.000000000000000000e+00,-1.000000000000000056e-01,0.000000000000000000e+00,-3.102754536529961360e-01,2.441081048272550347e-01,-3.442224503554864867e-01,2.502711271765382106e-01,2.113007784415098234e-01,4.503074329484393901e-01,4.040000000000000258e-01,5.739999999999999547e-01,3.073164704528453042e-02,4.829160168070805170e-01,9.200000000000027600e-02,5.699999999999999512e-01,-2.000000000000000042e-02,0.000000000000000000e+00
1.760440067708000000e+12,5.000000000000000000e+00,2.000000000000000000e+00,3.000000000000000000e+00,-1.000000000000000056e-01,0.000000000000000000e+00,-3.442224503554864867e-01,2.502711271765382106e-01,-3.498012250945020107e-01,2.540065588434255450e-01,3.073164704528453042e-02,4.829160168070805170e-01,3.080000000000000515e-01,5.699999999999999512e-01,1.057313327116846243e-03,5.026802055207700848e-01,5.000000000000000000e-01,5.200000000000000178e-01,-2.000000000000000042e-02,0.000000000000000000e+00
1.760440067912000000e+12,5.000000000000000000e+00,2.000000000000000000e+00,3.000000000000000000e+00,0.000000000000000000e+00,0.000000000000000000e+00,-3.498012250945020107e-01,2.540065588434255450e-01,-3.498332461019182937e-01,2.538718906185091773e-01,1.057313327116846243e-03,5.026802055207700848e-01,5.000000000000000000e-01,5.200000000000000178e-01,8.869888195834259867e-04,5.019676752302073552e-01,5.000000000000000000e-01,4.840000000000000413e-01,0.000000000000000000e+00,0.000000000000000000e+00
1.760440068117000000e+12,5.000000000000000000e+00,2.000000000000000000e+00,3.000000000000000000e+00,0.000000000000000000e+00,0.000000000000000000e+00,-3.498345248281519715e-01,2.538215418062189643e-01,-3.498663501343184934e-01,2.525626923015897862e-01,8.801870842979060520e-04,5.017012793979840346e-01,5.000000000000000000e-01,4.840000000000000413e-01,7.109035408589596495e-04,4.950407000084116049e-01,5.000000000000000000e-01,4.840000000000000413e-01,0.000000000000000000e+00,0.000000000000000000e+00
1.760440068321000000e+12,5.000000000000000000e+00,2.000000000000000000e+00,3.000000000000000000e+00,0.000000000000000000e+00,1.000000000000000000e+00,-3.498663501343184934e-01,2.525626923015897862e-01,-3.461326911959993757e-01,2.513033794620272432e-01,7.109035408589596495e-04,4.950407000084116049e-01,5.999999999999999778e-01,4.840000000000000413e-01,2.057079151064150277e-02,4.883776691112552970e-01,5.999999999999999778e-01,4.840000000000000413e-01,0.000000000000000000e+00,2.000000000000000111e-01
1.760440068523000000e+12,5.000000000000000000e+00,2.000000000000000000e+00,3.000000000000000000e+00,0.000000000000000000e+00,0.000000000000000000e+00,-3.461326911959993757e-01,2.513033794620272432e-01,-3.381649422661084925e-01,2.500430465040412442e-01,2.057079151064150277e-02,4.883776691112552970e-01,5.000000000000000000e-01,4.840000000000000413e-01,6.295243475474195105e-02,4.817092407621230143e-01,5.999999999999999778e-01,4.840000000000000413e-01,0.000000000000000000e+00,0.000000000000000000e+00
1.760440068726000000e+12,5.000000000000000000e+00,2.000000000000000000e+00,3.000000000000000000e+00,0.000000000000000000e+00,0.000000000000000000e+00,-3.378460672931475894e-01,2.499926214523373602e-01,-3.298730791175675248e-01,2.487315962344435194e-01,6.464857822793824982e-02,4.814424415467585816e-01,3.999999999999999667e-01,4.840000000000000413e-01,1.070580898001726317e-01,4.747703504467911673e-01,5.999999999999999778e-01,4.840000000000000413e-01,0.000000000000000000e+00,0.000000000000000000e+00
1.760440068929000000e+12,5.000000000000000000e+00,2.000000000000000000e+00,3.000000000000000000e+00,0.000000000000000000e+00,1.000000000000000000e+00,-3.298730791175675248e-01,2.487315962344435194e-01,-3.181265470253742955e-01,2.474692561344222497e-01,1.070580898001726317e-01,4.747703504467911673e-01,5.000000000000000000e-01,4.840000000000000413e-01,1.695396434820515275e-01,4.680913022985304650e-01,7.000000000000000666e-01,4.840000000000000413e-01,0.000000000000000000e+00,2.000000000000000111e-01
1.760440069132000000e+12,5.000000000000000000e+00,2.000000000000000000e+00,3.000000000000000000e+00,0.000000000000000000e+00,1.000000000000000000e+00,-3.181265470253742955e-01,2.474692561344222497e-01,-2.983780106557888945e-01,2.462039841600454637e-01,1.695396434820515275e-01,4.680913022985304650e-01,5.000000000000000000e-01,4.840000000000000413e-01,2.745850497032504833e-01,4.613967415875421807e-01,8.000000000000002665e-01,4.840000000000000413e-01,0.000000000000000000e+00,2.000000000000000111e-01
1.760440069336000000e+12,5.000000000000000000e+00,2.000000000000000000e+00,3.000000000000000000e+00,0.000000000000000000e+00,1.000000000000000000e+00,-2.974219791071537333e-01,2.461532997718516302e-01,-2.693526395898866999e-01,2.448836673150327492e-01,2.796703238981183559e-01,4.611285702214372728e-01,5.999999999999999778e-01,4.840000000000000413e-01,4.289753213303898471e-01,4.544109381747765131e-01,9.039999999999998037e-01,4.840000000000000413e-01,0.000000000000000000e+00,2.000000000000000111e-01
1.760440069538000000e+12,5.000000000000000000e+00,2.000000000000000000e+00,3.000000000000000000e+00,0.000000000000000000e+00,0.000000000000000000e+00,-2.693526395898866999e-01,2.448836673150327492e-01,-2.370497047028777282e-01,2.436106545566611992e-01,4.289753213303898471e-01,4.544109381747765131e-01,7.039999999999999591e-01,4.840000000000000413e-01,6.007994430697992660e-01,4.476754209347154068e-01,9.039999999999998037e-01,4.840000000000000413e-01,0.000000000000000000e+00,0.000000000000000000e+00
1.760440069741000000e+12,5.000000000000000000e+00,2.000000000000000000e+00,3.000000000000000000e+00,0.000000000000000000e+00,2.000000000000000000e+00,-2.370497047028777282e-01,2.436106545566611992e-01,-2.085167744236152143e-01,2.423382826772637055e-01,6.007994430697992660e-01,4.476754209347154068e-01,7.039999999999999591e-01,4.840000000000000413e-01,7.525703488105573991e-01,4.409432945886969102e-01,8.040000000000002700e-01,4.840000000000000413e-01,0.000000000000000000e+00,-2.000000000000000111e-01
1.760440069944000000e+12,5.000000000000000000e+00,2.000000000000000000e+00,3.000000000000000000e+00,0.000000000000000000e+00,1.000000000000000000e+00,-2.085167744236152143e-01,2.423382826772637055e-01,-1.797757240294783065e-01,2.410144138662900226e-01,7.525703488105573991e-01,4.409432945886969102e-01,7.039999999999999591e-01,4.840000000000000413e-01,9.054482764389452099e-01,4.339386977052382410e-01,8.959999999999997966e-01,4.840000000000000413e-01,0.000000000000000000e+00,2.000000000000000111e-01
1.760440070148000000e+12,5.000000000000000000e+00,2.000000000000000000e+00,3.000000000000000000e+00,0.000000000000000000e+00,2.000000000000000000e+00,-1.797757240294783065e-01,2.410144138662900226e-01,-1.633918223727814090e-01,2.397430085419569035e-01,9.054482764389452099e-01,4.339386977052382410e-01,7.039999999999999591e-01,4.840000000000000413e-01,9.925966895064819440e-01,4.272116854071794090e-01,4.560000000000000164e-01,4.840000000000000413e-01,0.000000000000000000e+00,-2.000000000000000111e-01
1.760440070351000000e+12,5.000000000000000000e+00,2.000000000000000000e+00,3.000000000000000000e+00,0.000000000000000000e+00,1.000000000000000000e+00,-1.633918223727814090e-01,2.397430085419569035e-01,-1.631488596065360230e-01,2.384761306151557680e-01,9.925966895064819440e-01,4.272116854071794090e-01,7.039999999999999591e-01,4.840000000000000413e-01,9.938890446460849626e-01,4.205086275934167839e-01,5.560000000000000497e-01,4.840000000000000413e-01,0.000000000000000000e+00,2.000000000000000111e-01
1.760440070554000000e+12,5.000000000000000000e+00,2.000000000000000000e+00,3.000000000000000000e+00,0.000000000000000000e+00,1.000000000000000000e+00,-1.631488596065360230e-01,2.384761306151557680e-01,-1.587042724775037938e-01,2.371581407512475814e-01,9.938890446460849626e-01,4.205086275934167839e-01,6.039999999999999813e-01,4.840000000000000413e-01,1.017530465545192664e+00,4.135351362499872230e-01,5.000000000000000000e-01,4.840000000000000413e-01,0.000000000000000000e+00,2.000000000000000111e-01
1.760440070758000000e+12,5.000000000000000000e+00,2.000000000000000000e+00,3.000000000000000000e+00,0.000000000000000000e+00,1.000000000000000000e+00,-1.587042724775037938e-01,2.371581407512475814e-01,-1.587087850451500692e-01,2.358909632158852354e-01,1.017530465545192664e+00,4.135351362499872230e-01,7.000000000000000666e-01,4.840000000000000413e-01,1.017506462525797462e+00,4.068304932057420498e-01,5.000000000000000000e-01,4.840000000000000413e-01,0.000000000000000000e+00,2.000000000000000111e-01
1.760440070961000000e+12,5.000000000000000000e+00,2.000000000000000000e+00,3.000000000000000000e+00,0.000000000000000000e+00,0.000000000000000000e+00,-1.587087850451500692e-01,2.358909632158852354e-01,-1.587131998183852477e-01,2.346236418272512614e-01,1.017506462525797462e+00,4.068304932057420498e-01,5.999999999999999778e-01,4.840000000000000413e-01,1.017482979689440237e+00,4.001250890330754761e-01,5.000000000000000000e-01,4.840000000000000413e-01,0.000000000000000000e+00,0.000000000000000000e+00
1.760440071165000000e+12,5.000000000000000000e+00,2.000000000000000000e+00,3.000000000000000000e+00,0.000000000000000000e+00,0.000000000000000000e+00,-1.587133734434288401e-01,2.345729449622885321e-01,-1.587177000948243322e-01,2.333054897032155184e-01,1.017482056151974179e+00,3.998568516523203220e-01,5.000000000000000000e-01,4.840000000000000413e-01,1.017459042048806772e+00,3.931507391704525123e-01,5.000000000000000000e-01,4.840000000000000413e-01,0.000000000000000000e+00,0.000000000000000000e+00
1.760440071367000000e+12,5.000000000000000000e+00,2.000000000000000000e+00,3.000000000000000000e+00,0.000000000000000000e+00,0.000000000000000000e+00,-1.587177000948243322e-01,2.333054897032155184e-01,-1.587219318498919174e-01,2.320378954254955772e-01,1.017459042048806772e+00,3.931507391704525123e-01,3.960000000000000187e-01,4.840000000000000413e-01,1.017436532713341002e+00,3.864438911401882892e-01,5.000000000000000000e-01,4.840000000000000413e-01,0.000000000000000000e+00,0.000000000000000000e+00
1.760440071568000000e+12,5.000000000000000000e+00,2.000000000000000000e+00,3.000000000000000000e+00,0.000000000000000000e+00,2.000000000000000000e+00,-1.587219318498919174e-01,2.320378954254955772e-01,-1.624973290167038842e-01,2.307699820148700898e-01,1.017436532713341002e+00,3.864438911401882892e-01,3.960000000000000187e-01,4.840000000000000413e-01,9.973546328898730273e-01,3.797353545760322469e-01,4.000000000000000777e-01,4.840000000000000413e-01,0.000000000000000000e+00,-2.000000000000000111e-01
1.760440071773000000e+12,5.000000000000000000e+00,2.000000000000000000e+00,3.000000000000000000e+00,0.000000000000000000e+00,2.000000000000000000e+00,-1.624973290167038842e-01,2.307699820148700898e-01,-1.749006618148880587e-01,2.294500145242732714e-01,9.973546328898730273e-01,3.797353545760322469e-01,2.919999999999999818e-01,4.840000000000000413e-01,9.313794584314465386e-01,3.727513995993295137e-01,2.999999999999999889e-01,4.840000000000000413e-01,0.000000000000000000e+00,-2.000000000000000111e-01
1.760440071976000000e+12,5.000000000000000000e+00,2.000000000000000000e+00,3.000000000000000000e+00,1.000000000000000056e-01,1.000000000000000000e+00,-1.749006618148880587e-01,2.294500145242732714e-01,-1.874550656566215667e-01,2.281975773666284346e-01,9.313794584314465386e-01,3.727513995993295137e-01,3.920000000000000151e-01,4.840000000000000413e-01,8.646007145924384796e-01,3.661247479715790676e-01,3.960000000000000187e-01,4.899999999999999911e-01,2.000000000000000042e-02,2.000000000000000111e-01
1.760440072179000000e+12,5.000000000000000000e+00,2.000000000000000000e+00,3.000000000000000000e+00,1.000000000000000056e-01,2.000000000000000000e+00,-1.874550656566215667e-01,2.281975773666284346e-01,-1.995528031646853218e-01,2.292911599198638184e-01,8.646007145924384796e-01,3.661247479715790676e-01,4.919999999999999929e-01,4.899999999999999911e-01,8.002510469963546313e-01,3.719108990468985576e-01,2.959999999999999853e-01,5.400000000000000355e-01,2.000000000000000042e-02,-2.000000000000000111e-01
1.760440072383000000e+12,5.000000000000000000e+00,2.000000000000000000e+00,3.000000000000000000e+00,0.000000000000000000e+00,1.000000000000000000e+00,-2.002043025474722904e-01,2.294187849960897529e-01,-2.130842041285093136e-01,2.333585992925505392e-01,7.967856247474878195e-01,3.725861640004748954e-01,3.880000000000000115e-01,5.420000000000000373e-01,7.282755099547376654e-01,3.934317422886272064e-01,3.920000000000000151e-01,5.499999999999999334e-01,0.000000000000000000e+00,2.000000000000000111e-01
1.760440072587000000e+12,5.000000000000000000e+00,2.000000000000000000e+00,3.000000000000000000e+00,0.000000000000000000e+00,2.000000000000000000e+00,-2.130842041285093136e-01,2.333585992925505392e-01,-2.255028898424949468e-01,2.373711692234124482e-01,7.282755099547376654e-01,3.934317422886272064e-01,3.880000000000000115e-01,5.499999999999999334e-01,6.622186710505587603e-01,4.146622710233463516e-01,2.919999999999999818e-01,5.499999999999999334e-01,0.000000000000000000e+00,-2.000000000000000111e-01
1.760440072791000000e+12,5.000000000000000000e+00,2.000000000000000000e+00,3.000000000000000000e+00,0.000000000000000000e+00,2.000000000000000000e+00,-2.255028898424949468e-01,2.373711692234124482e-01,-2.468985731435143771e-01,2.415428504413789645e-01,6.622186710505587603e-01,4.146622710233463516e-01,4.879999999999999893e-01,5.499999999999999334e-01,5.484118449813064622e-01,4.367346584199945925e-01,1.919999999999997264e-01,5.499999999999999334e-01,0.000000000000000000e+00,-2.000000000000000111e-01
1.760440072994000000e+12,5.000000000000000000e+00,2.000000000000000000e+00,3.000000000000000000e+00,-1.000000000000000056e-01,2.000000000000000000e+00,-2.468985731435143771e-01,2.415428504413789645e-01,-2.756373446976184693e-01,2.452144251613634085e-01,5.484118449813064622e-01,4.367346584199945925e-01,5.919999999999999707e-01,5.499999999999999334e-01,3.955460388424548723e-01,4.561609796897535540e-01,8.800000000000030020e-02,5.280000000000000249e-01,-2.000000000000000042e-02,-2.000000000000000111e-01
1.760440073197000000e+12,5.000000000000000000e+00,2.000000000000000000e+00,3.000000000000000000e+00,0.000000000000000000e+00,1.000000000000000000e+00,-2.756373446976184693e-01,2.452144251613634085e-01,-3.048373295038333541e-01,2.456675755094145652e-01,3.955460388424548723e-01,4.561609796897535540e-01,4.919999999999999929e-01,5.280000000000000249e-01,2.402269707242905838e-01,4.585586005789130670e-01,1.879999999999997229e-01,4.899999999999999911e-01,0.000000000000000000e+00,2.000000000000000111e-01
1.760440073400000000e+12,5.000000000000000000e+00,2.000000000000000000e+00,3.000000000000000000e+00,0.000000000000000000e+00,2.000000000000000000e+00,-3.048373295038333541e-01,2.456675755094145652e-01,-3.342767898569976026e-01,2.448473272061705841e-01,2.402269707242905838e-01,4.585586005789130670e-01,3.920000000000000151e-01,4.899999999999999911e-01,8.363409650533179529e-02,4.542186624665111028e-01,9.600000000000025180e-02,4.899999999999999911e-01,0.000000000000000000e+00,-2.000000000000000111e-01
1.760440073603000000e+12,5.000000000000000000e+00,2.000000000000000000e+00,3.000000000000000000e+00,0.000000000000000000e+00,0.000000000000000000e+00,-3.342767898569976026e-01,2.448473272061705841e-01,-3.489882143055874075e-01,2.440625197113412692e-01,8.363409650533179529e-02,4.542186624665111028e-01,3.920000000000000151e-01,4.899999999999999911e-01,5.381838800066864222e-03,4.500662418589485569e-01,5.000000000000000000e-01,4.899999999999999911e-01,0.000000000000000000e+00,0.000000000000000000e+00
1.760440073806000000e+12,5.000000000000000000e+00,2.000000000000000000e+00,3.000000000000000000e+00,0.000000000000000000e+00,0.000000000000000000e+00,-3.489882143055874075e-01,2.440625197113412692e-01,-3.490179387344987116e-01,2.432819307736003300e-01,5.381838800066864222e-03,4.500662418589485569e-01,2.919999999999999818e-01,4.899999999999999911e-01,5.223730135645033613e-03,4.459361416592610428e-01,5.000000000000000000e-01,4.899999999999999911e-01,0.000000000000000000e+00,0.000000000000000000e+00
1.760440074010000000e+12,5.000000000000000000e+00,2.000000000000000000e+00,3.000000000000000000e+00,0.000000000000000000e+00,2.000000000000000000e+00,-3.490179387344987116e-01,2.432819307736003300e-01,-3.490487121252420222e-01,2.424699850355523656e-01,5.223730135645033613e-03,4.459361416592610428e-01,1.919999999999997264e-01,4.899999999999999911e-01,5.060041887010402993e-03,4.416401324632400760e-01,5.000000000000000000e-01,4.899999999999999911e-01,0.000000000000000000e+00,-2.000000000000000111e-01
1.760440074213000000e+12,5.000000000000000000e+00,2.000000000000000000e+00,3.000000000000000000e+00,0.000000000000000000e+00,1.000000000000000000e+00,-3.490487121252420222e-01,2.424699850355523656e-01,-3.453113403962672634e-01,2.416889109064107588e-01,5.060041887010402993e-03,4.416401324632400760e-01,5.000000000000000000e-01,4.899999999999999911e-01,2.493967874325912423e-02,4.375074651132844772e-01,5.999999999999999778e-01,4.899999999999999911e-01,0.000000000000000000e+00,2.000000000000000111e-01
1.760440074416000000e+12,5.000000000000000000e+00,2.000000000000000000e+00,3.000000000000000000e+00,0.000000000000000000e+00,1.000000000000000000e+00,-3.453113403962672634e-01,2.416889109064107588e-01,-3.335730312149458032e-01,2.409062609637818708e-01,2.493967874325912423e-02,4.375074651132844772e-01,5.000000000000000000e-01,4.899999999999999911e-01,8.737749353752222170e-02,4.333664601258300775e-01,7.000000000000000666e-01,4.899999999999999911e-01,0.000000000000000000e+00,2.000000000000000111e-01
1.760440074619000000e+12,5.000000000000000000e+00,2.000000000000000000e+00,3.000000000000000000e+00,0.000000000000000000e+00,2.000000000000000000e+00,-3.329372117325042346e-01,2.408749024663269511e-01,-3.204118636926120978e-01,2.400912555680113081e-01,9.075951206114758751e-02,4.332005421498780762e-01,5.000000000000000000e-01,4.899999999999999911e-01,1.573837037627014990e-01,4.290542622646101312e-01,6.039999999999999813e-01,4.899999999999999911e-01,0.000000000000000000e+00,-2.000000000000000111e-01
1.760440074824000000e+12,5.000000000000000000e+00,2.000000000000000000e+00,3.000000000000000000e+00,1.000000000000000056e-01,1.000000000000000000e+00,-3.204118636926120978e-01,2.400912555680113081e-01,-3.083453120098532119e-01,2.393070940782904277e-01,1.573837037627014990e-01,4.290542622646101312e-01,5.000000000000000000e-01,4.899999999999999911e-01,2.215674893092913489e-01,4.249052596734943510e-01,7.039999999999999591e-01,4.899999999999999911e-01,2.000000000000000042e-02,2.000000000000000111e-01
1.760440075027000000e+12,5.000000000000000000e+00,2.000000000000000000e+00,3.000000000000000000e+00,1.000000000000000056e-01,0.000000000000000000e+00,-3.083453120098532119e-01,2.393070940782904277e-01,-2.920473875568759814e-01,2.404092583095228108e-01,2.215674893092913489e-01,4.249052596734943510e-01,5.999999999999999778e-01,4.899999999999999911e-01,3.082585768251276948e-01,4.307368164525016696e-01,7.039999999999999591e-01,5.400000000000000355e-01,2.000000000000000042e-02,0.000000000000000000e+00
1.760440075229000000e+12,5.000000000000000000e+00,2.000000000000000000e+00,3.000000000000000000e+00,0.000000000000000000e+00,0.000000000000000000e+00,-2.913953002026953287e-01,2.405370123123998782e-01,-2.750920546099069330e-01,2.447259371368738778e-01,3.117271265814077763e-01,4.314127635576713859e-01,5.999999999999999778e-01,5.420000000000000373e-01,3.984465180324098799e-01,4.535763869675867310e-01,7.039999999999999591e-01,5.540000000000000480e-01,0.000000000000000000e+00,0.000000000000000000e+00
1.760440075433000000e+12,5.000000000000000000e+00,2.000000000000000000e+00,3.000000000000000000e+00,0.000000000000000000e+00,0.000000000000000000e+00,-2.750920546099069330e-01,2.447259371368738778e-01,-2.587871201592393255e-01,2.490596559319098457e-01,3.984465180324098799e-01,4.535763869675867310e-01,5.000000000000000000e-01,5.540000000000000480e-01,4.851748927700035297e-01,4.765061160418511133e-01,7.039999999999999591e-01,5.540000000000000480e-01,0.000000000000000000e+00,0.000000000000000000e+00
1.760440075637000000e+12,5.000000000000000000e+00,2.000000000000000000e+00,3.000000000000000000e+00,0.000000000000000000e+00,0.000000000000000000e+00,-2.587871201592393255e-01,2.490596559319098457e-01,-2.418283762733174358e-01,2.535667885563845925e-01,4.851748927700035297e-01,4.765061160418511133e-01,5.000000000000000000e-01,5.540000000000000480e-01,5.753809772695880342e-01,5.003533786052095644e-01,7.039999999999999591e-01,5.540000000000000480e-01,0.000000000000000000e+00,0.000000000000000000e+00
1.760440075841000000e+12,5.000000000000000000e+00,2.000000000000000000e+00,3.000000000000000000e+00,-1.000000000000000056e-01,1.000000000000000000e+00,-2.418283762733174358e-01,2.535667885563845925e-01,-2.217493222821627086e-01,2.574946166442159678e-01,5.753809772695880342e-01,5.003533786052095644e-01,5.999999999999999778e-01,5.540000000000000480e-01,6.821844559459430135e-01,5.211355378000845917e-01,8.040000000000002700e-01,5.300000000000000266e-01,-2.000000000000000042e-02,2.000000000000000111e-01
1.760440076044000000e+12,5.000000000000000000e+00,2.000000000000000000e+00,3.000000000000000000e+00,-1.000000000000000056e-01,0.000000000000000000e+00,-2.217493222821627086e-01,2.574946166442159678e-01,-1.974434082002924917e-01,2.580231104210651827e-01,6.821844559459430135e-01,5.211355378000845917e-01,5.000000000000000000e-01,5.300000000000000266e-01,8.114712329771676114e-01,5.239318011696570965e-01,8.040000000000002700e-01,4.799999999999999822e-01,-2.000000000000000042e-02,0.000000000000000000e+00
1.760440076248000000e+12,5.000000000000000000e+00,2.000000000000000000e+00,3.000000000000000000e+00,0.000000000000000000e+00,0.000000000000000000e+00,-1.964710185540725629e-01,2.579611416926626544e-01,-1.721603836888353778e-01,2.548098588400609099e-01,8.166435183294012967e-01,5.236039242998025145e-01,3.999999999999999667e-01,4.779999999999999805e-01,9.459554059104501311e-01,5.069304700532324404e-01,8.040000000000002700e-01,4.540000000000000147e-01,0.000000000000000000e+00,0.000000000000000000e+00
1.760440076449000000e+12,5.000000000000000000e+00,2.000000000000000000e+00,3.000000000000000000e+00,0.000000000000000000e+00,0.000000000000000000e+00,-1.721603836888353778e-01,2.548098588400609099e-01,-1.623175233561776620e-01,2.511424972974421466e-01,9.459554059104501311e-01,5.069304700532324404e-01,3.960000000000000187e-01,4.540000000000000147e-01,9.983110459777784218e-01,4.875264407272071887e-01,5.000000000000000000e-01,4.540000000000000147e-01,0.000000000000000000e+00,0.000000000000000000e+00
1.760440076653000000e+12,5.000000000000000000e+00,2.000000000000000000e+00,3.000000000000000000e+00,0.000000000000000000e+00,2.000000000000000000e+00,-1.623175233561776620e-01,2.511424972974421466e-01,-1.660862017390914158e-01,2.474765894810684874e-01,9.983110459777784218e-01,4.875264407272071887e-01,3.960000000000000187e-01,4.540000000000000147e-01,9.782648843665350258e-01,4.681301030744364766e-01,4.000000000000000777e-01,4.540000000000000147e-01,0.000000000000000000e+00,-2.000000000000000111e-01
1.760440076857000000e+12,5.000000000000000000e+00,2.000000000000000000e+00,3.000000000000000000e+00,0.000000000000000000e+00,2.000000000000000000e+00,-1.664032196532962138e-01,2.473299292297872487e-01,-1.784984751220587973e-01,2.436623653706811998e-01,9.765786188654457245e-01,4.673541229089273052e-01,3.960000000000000187e-01,4.540000000000000147e-01,9.122421536060701941e-01,4.479490231252973853e-01,2.959999999999999853e-01,4.540000000000000147e-01,0.000000000000000000e+00,-2.000000000000000111e-01
1.760440077059000000e+12,5.000000000000000000e+00,2.000000000000000000e+00,3.000000000000000000e+00,0.000000000000000000e+00,1.000000000000000000e+00,-1.784984751220587973e-01,2.436623653706811998e-01,-1.910536334622492949e-01,2.399944480124375223e-01,9.122421536060701941e-01,4.479490231252973853e-01,4.960000000000000520e-01,4.540000000000000147e-01,8.454593964773973180e-01,4.285420529758599550e-01,3.960000000000000187e-01,4.540000000000000147e-01,0.000000000000000000e+00,2.000000000000000111e-01
1.760440077261000000e+12,5.000000000000000000e+00,2.000000000000000000e+00,3.000000000000000000e+00,1.000000000000000056e-01,0.000000000000000000e+00,-1.910536334622492949e-01,2.399944480124375223e-01,-1.993836479013899599e-01,2.366647797250267249e-01,8.454593964773973180e-01,4.285420529758599550e-01,3.960000000000000187e-01,4.540000000000000147e-01,8.011508090351597833e-01,4.109247604498769135e-01,3.960000000000000187e-01,4.760000000000000342e-01,2.000000000000000042e-02,0.000000000000000000e+00
1.760440077466000000e+12,5.000000000000000000e+00,2.000000000000000000e+00,3.000000000000000000e+00,0.000000000000000000e+00,2.000000000000000000e+00,-1.997167360011475323e-01,2.365868853844027009e-01,-2.118126287676784236e-01,2.367045305796318111e-01,7.993790638236832891e-01,4.105126210814958321e-01,3.960000000000000187e-01,4.779999999999999805e-01,7.350392086825615623e-01,4.111350824319143782e-01,2.959999999999999853e-01,5.220000000000000195e-01,0.000000000000000000e+00,-2.000000000000000111e-01
1.760440077668000000e+12,5.000000000000000000e+00,2.000000000000000000e+00,3.000000000000000000e+00,0.000000000000000000e+00,1.000000000000000000e+00,-2.118126287676784236e-01,2.367045305796318111e-01,-2.243722378339436108e-01,2.384769771799960525e-01,7.350392086825615623e-01,4.111350824319143782e-01,3.960000000000000187e-01,5.220000000000000195e-01,6.682327774790233210e-01,4.205131067724659499e-01,3.960000000000000187e-01,5.220000000000000195e-01,0.000000000000000000e+00,2.000000000000000111e-01
1.760440077871000000e+12,5.000000000000000000e+00,2.000000000000000000e+00,3.000000000000000000e+00,0.000000000000000000e+00,1.000000000000000000e+00,-2.243722378339436108e-01,2.384769771799960525e-01,-2.289521760660460092e-01,2.403219171299816603e-01,6.682327774790233210e-01,4.205131067724659499e-01,4.960000000000000520e-01,5.220000000000000195e-01,6.438714039040105419e-01,4.302746938094268447e-01,5.000000000000000000e-01,5.220000000000000195e-01,0.000000000000000000e+00,2.000000000000000111e-01
1.760440078075000000e+12,5.000000000000000000e+00,2.000000000000000000e+00,3.000000000000000000e+00,0.000000000000000000e+00,1.000000000000000000e+00,-2.289521760660460092e-01,2.403219171299816603e-01,-2.251942835125513298e-01,2.420960996154611911e-01,6.438714039040105419e-01,4.302746938094268447e-01,4.960000000000000520e-01,5.220000000000000195e-01,6.638601940821737823e-01,4.396619027273079294e-01,5.999999999999999778e-01,5.220000000000000195e-01,0.000000000000000000e+00,2.000000000000000111e-01
1.760440078279000000e+12,5.000000000000000000e+00,2.000000000000000000e+00,3.000000000000000000e+00,0.000000000000000000e+00,2.000000000000000000e+00,-2.251942835125513298e-01,2.420960996154611911e-01,-2.209800474111146551e-01,2.438703323631621900e-01,6.638601940821737823e-01,4.396619027273079294e-01,5.959999999999999742e-01,5.220000000000000195e-01,6.862763435579007920e-01,4.490493775828687806e-01,5.000000000000000000e-01,5.220000000000000195e-01,0.000000000000000000e+00,-2.000000000000000111e-01
1.760440078483000000e+12,5.000000000000000000e+00,2.000000000000000000e+00,3.000000000000000000e+00,-1.000000000000000056e-01,1.000000000000000000e+00,-2.209772346471473026e-01,2.439413127749079091e-01,-2.175357462714421208e-01,2.455477631022601193e-01,6.862913050683654426e-01,4.494249353169731398e-01,4.960000000000000520e-01,5.220000000000000195e-01,7.045970943008397214e-01,4.579246724987308670e-01,5.959999999999999742e-01,5.060000000000000053e-01,-2.000000000000000042e-02,2.000000000000000111e-01
1.760440078686000000e+12,5.000000000000000000e+00,2.000000000000000000e+00,3.000000000000000000e+00,0.000000000000000000e+00,1.000000000000000000e+00,-2.175357462714421208e-01,2.455477631022601193e-01,-2.060938804804413049e-01,2.441731153484658079e-01,7.045970943008397214e-01,4.579246724987308670e-01,4.960000000000000520e-01,5.060000000000000053e-01,7.654580825508441322e-01,4.506514039601365873e-01,6.959999999999999520e-01,4.620000000000000218e-01,0.000000000000000000e+00,2.000000000000000111e-01
1.760440078889000000e+12,5.000000000000000000e+00,2.000000000000000000e+00,3.000000000000000000e+00,0.000000000000000000e+00,2.000000000000000000e+00,-2.060938804804413049e-01,2.441731153484658079e-01,-1.932542635935795006e-01,2.410246851941180435e-01,7.654580825508441322e-01,4.506514039601365873e-01,5.959999999999999742e-01,4.620000000000000218e-01,8.337539170554282286e-01,4.339930433551219546e-01,6.039999999999999813e-01,4.620000000000000218e-01,0.000000000000000000e+00,-2.000000000000000111e-01
1.760440079093000000e+12,5.000000000000000000e+00,2.000000000000000000e+00,3.000000000000000000e+00,0.000000000000000000e+00,1.000000000000000000e+00,-1.932542635935795006e-01,2.410246851941180435e-01,-1.814868521884654418e-01,2.379969008690570043e-01,8.337539170554282286e-01,4.339930433551219546e-01,6.039999999999999813e-01,4.620000000000000218e-01,8.963465309124178937e-01,4.179730204712011066e-01,7.000000000000000666e-01,4.620000000000000218e-01,0.000000000000000000e+00,2.000000000000000111e-01
1.760440079297000000e+12,5.000000000000000000e+00,2.000000000000000000e+00,3.000000000000000000e+00,0.000000000000000000e+00,2.000000000000000000e+00,-1.814868521884654418e-01,2.379969008690570043e-01,-1.692671718411823678e-01,2.349684570881672152e-01,8.963465309124178937e-01,4.179730204712011066e-01,6.039999999999999813e-01,4.620000000000000218e-01,9.613448306320087067e-01,4.019495084030011989e-01,5.999999999999999778e-01,4.620000000000000218e-01,0.000000000000000000e+00,-2.000000000000000111e-01
1.760440079500000000e+12,5.000000000000000000e+00,2.000000000000000000e+00,3.000000000000000000e+00,0.000000000000000000e+00,1.000000000000000000e+00,-1.689457799230010826e-01,2.348473425884316512e-01,-1.624161458843943473e-01,2.318191925404697873e-01,9.630543621116963715e-01,4.013086909440828354e-01,5.040000000000000036e-01,4.620000000000000218e-01,9.977864580617322732e-01,3.852867330183586958e-01,5.000000000000000000e-01,4.620000000000000218e-01,0.000000000000000000e+00,2.000000000000000111e-01
1.760440079703000000e+12,5.000000000000000000e+00,2.000000000000000000e+00,3.000000000000000000e+00,0.000000000000000000e+00,0.000000000000000000e+00,-1.624161458843943473e-01,2.318191925404697873e-01,-1.624202145907882033e-01,2.287912860435895035e-01,9.977864580617322732e-01,3.852867330183586958e-01,3.999999999999999667e-01,4.620000000000000218e-01,9.977648160064457317e-01,3.692660637226958253e-01,5.000000000000000000e-01,4.620000000000000218e-01,0.000000000000000000e+00,0.000000000000000000e+00
1.760440079906000000e+12,5.000000000000000000e+00,2.000000000000000000e+00,3.000000000000000000e+00,0.000000000000000000e+00,0.000000000000000000e+00,-1.624202145907882033e-01,2.287912860435895035e-01,-1.624240605352004208e-01,2.257630702903410946e-01,9.977648160064457317e-01,3.692660637226958253e-01,2.999999999999999889e-01,4.620000000000000218e-01,9.977443588553169818e-01,3.532437581499529022e-01,5.000000000000000000e-01,4.620000000000000218e-01,0.000000000000000000e+00,0.000000000000000000e+00
1.760440080108000000e+12,5.000000000000000000e+00,2.000000000000000000e+00,3.000000000000000000e+00,1.000000000000000056e-01,0.000000000000000000e+00,-1.624240605352004208e-01,2.257630702903410946e-01,-1.624278788402516160e-01,2.232646009378045360e-01,9.977443588553169818e-01,3.532437581499529022e-01,2.999999999999999889e-01,4.620000000000000218e-01,9.977240487220658816e-01,3.400243435862674302e-01,5.000000000000000000e-01,4.899999999999999911e-01,2.000000000000000042e-02,0.000000000000000000e+00
1.760440080312000000e+12,5.000000000000000000e+00,2.000000000000000000e+00,3.000000000000000000e+00,1.000000000000000056e-01,2.000000000000000000e+00,-1.624278788402516160e-01,2.232646009378045360e-01,-1.661997277108061277e-01,2.245182290954588489e-01,9.977240487220658816e-01,3.400243435862674302e-01,5.000000000000000000e-01,4.919999999999999929e-01,9.776610228148610027e-01,3.466572968013695855e-01,4.000000000000000777e-01,5.420000000000000373e-01,2.000000000000000042e-02,-2.000000000000000111e-01
1.760440080515000000e+12,5.000000000000000000e+00,2.000000000000000000e+00,3.000000000000000000e+00,0.000000000000000000e+00,2.000000000000000000e+00,-1.661997277108061277e-01,2.245182290954588489e-01,-1.779742271545833310e-01,2.283240238030685432e-01,9.776610228148610027e-01,3.466572968013695855e-01,5.999999999999999778e-01,5.420000000000000373e-01,9.150307066245567666e-01,3.667937767358124268e-01,2.999999999999999889e-01,5.479999999999999316e-01,0.000000000000000000e+00,-2.000000000000000111e-01
1.760440080718000000e+12,5.000000000000000000e+00,2.000000000000000000e+00,3.000000000000000000e+00,0.000000000000000000e+00,0.000000000000000000e+00,-1.779742271545833310e-01,2.283240238030685432e-01,-1.949345151447136049e-01,2.323282221114076895e-01,9.150307066245567666e-01,3.667937767358124268e-01,4.960000000000000520e-01,5.479999999999999316e-01,8.248164088047148512e-01,3.879800111714692967e-01,2.959999999999999853e-01,5.479999999999999316e-01,0.000000000000000000e+00,0.000000000000000000e+00
1.760440080924000000e+12,5.000000000000000000e+00,2.000000000000000000e+00,3.000000000000000000e+00,0.000000000000000000e+00,0.000000000000000000e+00,-1.949345151447136049e-01,2.323282221114076895e-01,-2.112623144525292984e-01,2.361791735170257200e-01,8.248164088047148512e-01,3.879800111714692967e-01,3.960000000000000187e-01,5.479999999999999316e-01,7.379664124865462638e-01,4.083554154339985587e-01,2.959999999999999853e-01,5.479999999999999316e-01,0.000000000000000000e+00,0.000000000000000000e+00
1.760440081127000000e+12,5.000000000000000000e+00,2.000000000000000000e+00,3.000000000000000000e+00,-1.000000000000000056e-01,0.000000000000000000e+00,-2.112623144525292984e-01,2.361791735170257200e-01,-2.282448607148289399e-01,2.388688564458176788e-01,7.379664124865462638e-01,4.083554154339985587e-01,5.000000000000000000e-01,5.479999999999999316e-01,6.476337196019736897e-01,4.225865420413634221e-01,2.959999999999999853e-01,5.060000000000000053e-01,-2.000000000000000042e-02,0.000000000000000000e+00
1.760440081331000000e+12,5.000000000000000000e+00,2.000000000000000000e+00,3.000000000000000000e+00,0.000000000000000000e+00,0.000000000000000000e+00,-2.282448607148289399e-01,2.388688564458176788e-01,-2.445757030453989955e-01,2.380423276441836766e-01,6.476337196019736897e-01,4.225865420413634221e-01,5.999999999999999778e-01,5.060000000000000053e-01,5.607675369925585462e-01,4.182133737787496752e-01,2.959999999999999853e-01,4.840000000000000413e-01,0.000000000000000000e+00,0.000000000000000000e+00
1.760440081534000000e+12,5.000000000000000000e+00,2.000000000000000000e+00,3.000000000000000000e+00,1.000000000000000056e-01,0.000000000000000000e+00,-2.445757030453989955e-01,2.380423276441836766e-01,-2.609080661645918342e-01,2.368088915900142810e-01,5.607675369925585462e-01,4.182133737787496752e-01,5.000000000000000000e-01,4.840000000000000413e-01,4.738932650819582815e-01,4.116872570900226846e-01,2.959999999999999853e-01,4.919999999999999929e-01,2.000000000000000042e-02,0.000000000000000000e+00
1.760440081737000000e+12,5.000000000000000000e+00,2.000000000000000000e+00,3.000000000000000000e+00,1.000000000000000056e-01,0.000000000000000000e+00,-2.609080661645918342e-01,2.368088915900142810e-01,-2.778955384512155069e-01,2.381982336120528065e-01,4.738932650819582815e-01,4.116872570900226846e-01,5.999999999999999778e-01,4.919999999999999929e-01,3.835343699403430118e-01,4.190382730796445299e-01,2.959999999999999853e-01,5.440000000000000391e-01,2.000000000000000042e-02,0.000000000000000000e+00
1.760440081940000000e+12,5.000000000000000000e+00,2.000000000000000000e+00,3.000000000000000000e+00,0.000000000000000000e+00,0.000000000000000000e+00,-2.778955384512155069e-01,2.381982336120528065e-01,-2.942316616713254174e-01,2.426602500454906886e-01,3.835343699403430118e-01,4.190382730796445299e-01,7.039999999999999591e-01,5.440000000000000391e-01,2.966400974929498391e-01,4.426468256375168941e-01,2.959999999999999853e-01,5.579999999999999405e-01,0.000000000000000000e+00,0.000000000000000000e+00
1.760440082144000000e+12,5.000000000000000000e+00,2.000000000000000000e+00,3.000000000000000000e+00,0.000000000000000000e+00,0.000000000000000000e+00,-2.942316616713254174e-01,2.426602500454906886e-01,-3.105704977333908490e-01,2.473154291926484838e-01,2.966400974929498391e-01,4.426468256375168941e-01,6.039999999999999813e-01,5.579999999999999405e-01,2.097313950351549772e-01,4.672774031357063151e-01,2.959999999999999853e-01,5.579999999999999405e-01,0.000000000000000000e+00,0.000000000000000000e+00
1.760440082346000000e+12,5.000000000000000000e+00,2.000000000000000000e+00,3.000000000000000000e+00,0.000000000000000000e+00,0.000000000000000000e+00,-3.112241232361151466e-01,2.475016678442577556e-01,-3.275662151856326698e-01,2.521582037607295601e-01,2.062546636376852982e-01,4.682627928267606432e-01,7.039999999999999591e-01,5.579999999999999405e-01,1.193286426296133601e-01,4.929005489985691657e-01,2.959999999999999853e-01,5.579999999999999405e-01,0.000000000000000000e+00,0.000000000000000000e+00
1.760440082551000000e+12,5.000000000000000000e+00,2.000000000000000000e+00,3.000000000000000000e+00,0.000000000000000000e+00,2.000000000000000000e+00,-3.275662151856326698e-01,2.521582037607295601e-01,-3.476868406650303056e-01,2.568148682154452467e-01,1.193286426296133601e-01,4.929005489985691657e-01,7.039999999999999591e-01,5.579999999999999405e-01,1.230403901579613102e-02,5.175389852669061153e-01,1.959999999999997300e-01,5.579999999999999405e-01,0.000000000000000000e+00,-2.000000000000000111e-01
1.760440082755000000e+12,5.000000000000000000e+00,2.000000000000000000e+00,3.000000000000000000e+00,-1.000000000000000056e-01,1.000000000000000000e+00,-3.476868406650303056e-01,2.568148682154452467e-01,-3.464528387838915480e-01,2.616630525993687839e-01,1.230403901579613102e-02,5.175389852669061153e-01,7.039999999999999591e-01,5.579999999999999405e-01,1.886787880908739543e-02,5.431907544940147714e-01,5.919999999999999707e-01,5.579999999999999405e-01,-2.000000000000000042e-02,2.000000000000000111e-01
1.760440082959000000e+12,5.000000000000000000e+00,2.000000000000000000e+00,3.000000000000000000e+00,-1.000000000000000056e-01,2.000000000000000000e+00,-3.464528387838915480e-01,2.616630525993687839e-01,-3.425794777387949908e-01,2.642817427782947481e-01,1.886787880908739543e-02,5.431907544940147714e-01,8.040000000000002700e-01,5.560000000000000497e-01,3.947086309151589395e-02,5.570462580862156621e-01,4.960000000000000520e-01,5.060000000000000053e-01,-2.000000000000000042e-02,-2.000000000000000111e-01
1.760440083163000000e+12,5.000000000000000000e+00,2.000000000000000000e+00,3.000000000000000000e+00,0.000000000000000000e+00,0.000000000000000000e+00,-3.425794777387949908e-01,2.642817427782947481e-01,-3.429284957916286514e-01,2.637471138929515235e-01,3.947086309151589395e-02,5.570462580862156621e-01,7.000000000000000666e-01,5.060000000000000053e-01,3.761438408708153019e-02,5.542175338251403849e-01,4.960000000000000520e-01,4.899999999999999911e-01,0.000000000000000000e+00,0.000000000000000000e+00
1.760440083366000000e+12,5.000000000000000000e+00,2.000000000000000000e+00,3.000000000000000000e+00,0.000000000000000000e+00,0.000000000000000000e+00,-3.429425835759701835e-01,2.637160305123580351e-01,-3.432947326644169017e-01,2.629388737313702040e-01,3.753944906398827552e-02,5.540530714939578827e-01,7.000000000000000666e-01,4.899999999999999911e-01,3.566631561480360091e-02,5.499411308538106891e-01,4.960000000000000520e-01,4.899999999999999911e-01,0.000000000000000000e+00,0.000000000000000000e+00
1.760440083569000000e+12,5.000000000000000000e+00,2.000000000000000000e+00,3.000000000000000000e+00,0.000000000000000000e+00,0.000000000000000000e+00,-3.432947326644169017e-01,2.629388737313702040e-01,-3.436468062572932691e-01,2.621615859120453584e-01,3.566631561480360091e-02,5.499411308538106891e-01,5.999999999999999778e-01,4.899999999999999911e-01,3.379358373780164820e-02,5.458284968891289335e-01,4.960000000000000520e-01,4.899999999999999911e-01,0.000000000000000000e+00,0.000000000000000000e+00
0.000000000000000000e+00,0.000000000000000000e+00,0.000000000000000000e+00,0.000000000000000000e+00,0.000000000000000000e+00,0.000000000000000000e+00,0.000000000000000000e+00,0.000000000000000000e+00,0.000000000000000000e+00,0.000000000000000000e+00,0.000000000000000000e+00,0.000000000000000000e+00,0.000000000000000000e+00,0.000000000000000000e+00,0.000000000000000000e+00,0.000000000000000000e+00,0.000000000000000000e+00,0.000000000000000000e+00,0.000000000000000000e+00,0.000000000000000000e+00
1.760440089307000000e+12,6.000000000000000000e+00,2.000000000000000000e+00,3.000000000000000000e+00,0.000000000000000000e+00,2.000000000000000000e+00,-3.437031305494084310e-01,2.620372074602296819e-01,-3.367324012675552702e-01,1.617316086532588071e-01,3.349398643931674607e-02,5.451704098424851042e-01,5.000000000000000000e-01,4.899999999999999911e-01,7.057233368321653988e-02,1.445295583734817514e-02,3.999999999999999667e-01,4.899999999999999911e-01,0.000000000000000000e+00,-2.000000000000000111e-01
1.760440089510000000e+12,6.000000000000000000e+00,2.000000000000000000e+00,3.000000000000000000e+00,1.000000000000000056e-01,0.000000000000000000e+00,-3.367324012675552702e-01,1.617316086532588071e-01,-3.450689682841078798e-01,1.610298369228946869e-01,7.057233368321653988e-02,1.445295583734817514e-02,5.999999999999999778e-01,4.899999999999999911e-01,2.622889210580903532e-02,1.073987789891367624e-02,3.960000000000000187e-01,5.020000000000000018e-01,2.000000000000000042e-02,0.000000000000000000e+00
1.760440089716000000e+12,6.000000000000000000e+00,2.000000000000000000e+00,3.000000000000000000e+00,1.000000000000000056e-01,2.000000000000000000e+00,-3.450689682841078798e-01,1.610298369228946869e-01,-3.494852515801372128e-01,1.630844504905512860e-01,2.622889210580903532e-02,1.073987789891367624e-02,5.999999999999999778e-01,5.020000000000000018e-01,2.738023509908324785e-03,2.161084915635599901e-02,5.000000000000000000e-01,5.519999999999999352e-01,2.000000000000000042e-02,-2.000000000000000111e-01
1.760440089919000000e+12,6.000000000000000000e+00,2.000000000000000000e+00,3.000000000000000000e+00,1.000000000000000056e-01,2.000000000000000000e+00,-3.494861101825968430e-01,1.632496868536811307e-01,-3.495075166553132107e-01,1.694640997274654837e-01,2.733456475548589650e-03,2.248511562794247923e-02,5.999999999999999778e-01,5.540000000000000480e-01,2.619592258972165775e-03,5.536560702362688935e-02,5.000000000000000000e-01,6.039999999999999813e-01,2.000000000000000042e-02,-2.000000000000000111e-01
1.760440090122000000e+12,6.000000000000000000e+00,2.000000000000000000e+00,3.000000000000000000e+00,0.000000000000000000e+00,1.000000000000000000e+00,-3.495075166553132107e-01,1.694640997274654837e-01,-3.457624471108627917e-01,1.796196425795944518e-01,2.619592258972165775e-03,5.536560702362688935e-02,5.000000000000000000e-01,6.039999999999999813e-01,2.254017494221907669e-02,1.090986379872722345e-01,5.999999999999999778e-01,6.440000000000001279e-01,0.000000000000000000e+00,2.000000000000000111e-01
1.760440090325000000e+12,6.000000000000000000e+00,2.000000000000000000e+00,3.000000000000000000e+00,0.000000000000000000e+00,1.000000000000000000e+00,-3.457624471108627917e-01,1.796196425795944518e-01,-3.333775152971386047e-01,1.916116175870231364e-01,2.254017494221907669e-02,1.090986379872722345e-01,5.000000000000000000e-01,6.440000000000001279e-01,8.841747182373072000e-02,1.725482412011806188e-01,7.000000000000000666e-01,6.440000000000001279e-01,0.000000000000000000e+00,2.000000000000000111e-01
1.760440090529000000e+12,6.000000000000000000e+00,2.000000000000000000e+00,3.000000000000000000e+00,0.000000000000000000e+00,0.000000000000000000e+00,-3.333775152971386047e-01,1.916116175870231364e-01,-3.170797288227671373e-01,2.031419194233440861e-01,8.841747182373072000e-02,1.725482412011806188e-01,3.999999999999999667e-01,6.440000000000001279e-01,1.751078254108130172e-01,2.335551292240428123e-01,7.039999999999999591e-01,6.440000000000001279e-01,0.000000000000000000e+00,0.000000000000000000e+00
1.760440090732000000e+12,6.000000000000000000e+00,2.000000000000000000e+00,3.000000000000000000e+00,0.000000000000000000e+00,2.000000000000000000e+00,-3.170797288227671373e-01,2.031419194233440861e-01,-3.045485927759800648e-01,2.146740849977148979e-01,1.751078254108130172e-01,2.335551292240428123e-01,3.999999999999999667e-01,6.440000000000001279e-01,2.417628043830846729e-01,2.945718782947878700e-01,6.039999999999999813e-01,6.440000000000001279e-01,0.000000000000000000e+00,-2.000000000000000111e-01
1.760440090935000000e+12,6.000000000000000000e+00,2.000000000000000000e+00,3.000000000000000000e+00,-1.000000000000000056e-01,0.000000000000000000e+00,-3.045485927759800648e-01,2.146740849977148979e-01,-2.962275577180146224e-01,2.257144942941683441e-01,2.417628043830846729e-01,2.945718782947878700e-01,5.000000000000000000e-01,6.440000000000001279e-01,2.860236291594966396e-01,3.529867422971870172e-01,5.999999999999999778e-01,6.079999999999999849e-01,-2.000000000000000042e-02,0.000000000000000000e+00
1.760440091139000000e+12,6.000000000000000000e+00,2.000000000000000000e+00,3.000000000000000000e+00,0.000000000000000000e+00,1.000000000000000000e+00,-2.962275577180146224e-01,2.257144942941683441e-01,-2.844676233636804774e-01,2.326998610619697982e-01,2.860236291594966396e-01,3.529867422971870172e-01,5.040000000000000036e-01,6.079999999999999849e-01,3.485764714697846545e-01,3.899463548252370959e-01,7.000000000000000666e-01,5.759999999999999565e-01,0.000000000000000000e+00,2.000000000000000111e-01
1.760440091344000000e+12,6.000000000000000000e+00,2.000000000000000000e+00,3.000000000000000000e+00,0.000000000000000000e+00,2.000000000000000000e+00,-2.844676233636804774e-01,2.326998610619697982e-01,-2.722601266795698916e-01,2.387942717088962774e-01,3.485764714697846545e-01,3.899463548252370959e-01,6.039999999999999813e-01,5.759999999999999565e-01,4.135099644703728594e-01,4.221919138036840380e-01,5.999999999999999778e-01,5.759999999999999565e-01,0.000000000000000000e+00,-2.000000000000000111e-01
1.760440091547000000e+12,6.000000000000000000e+00,2.000000000000000000e+00,3.000000000000000000e+00,0.000000000000000000e+00,0.000000000000000000e+00,-2.719391685566590056e-01,2.390380906904193969e-01,-2.642717734805437590e-01,2.451338757206064922e-01,4.152171885284094976e-01,4.234819613249704018e-01,6.039999999999999813e-01,5.759999999999999565e-01,4.560012048907246540e-01,4.557347921725211637e-01,5.959999999999999742e-01,5.759999999999999565e-01,0.000000000000000000e+00,0.000000000000000000e+00
1.760440091750000000e+12,6.000000000000000000e+00,2.000000000000000000e+00,3.000000000000000000e+00,-1.000000000000000056e-01,2.000000000000000000e+00,-2.642717734805437590e-01,2.451338757206064922e-01,-2.603818765877641273e-01,2.496409278005682075e-01,4.560012048907246540e-01,4.557347921725211637e-01,5.000000000000000000e-01,5.759999999999999565e-01,4.766921458097652109e-01,4.795816285744350371e-01,4.960000000000000520e-01,5.300000000000000266e-01,-2.000000000000000042e-02,-2.000000000000000111e-01
0.000000000000000000e+00,0.000000000000000000e+00,0.000000000000000000e+00,0.000000000000000000e+00,0.000000000000000000e+00,0.000000000000000000e+00,0.000000000000000000e+00,0.000000000000000000e+00,0.000000000000000000e+00,0.000000000000000000e+00,0.000000000000000000e+00,0.000000000000000000e+00,0.000000000000000000e+00,0.000000000000000000e+00,0.000000000000000000e+00,0.000000000000000000e+00,0.000000000000000000e+00,0.000000000000000000e+00,0.000000000000000000e+00,0.000000000000000000e+00
1.760440097479000000e+12,7.000000000000000000e+00,2.000000000000000000e+00,2.000000000000000000e+00,0.000000000000000000e+00,1.000000000000000000e+00,-2.605012354569977706e-01,2.499948613767700445e-01,-1.689806718702666632e-01,1.647203916186809614e-01,4.760572582074586445e-01,4.814542929987833397e-01,5.000000000000000000e-01,5.220000000000000195e-01,9.628687666475177487e-01,3.026662232106328010e-02,5.760000000000000675e-01,5.220000000000000195e-01,0.000000000000000000e+00,2.000000000000000111e-01
1.760440097682000000e+12,7.000000000000000000e+00,2.000000000000000000e+00,2.000000000000000000e+00,1.000000000000000056e-01,0.000000000000000000e+00,-1.689806718702666632e-01,1.647203916186809614e-01,-1.625854644134951954e-01,1.665211563864014421e-01,9.628687666475177487e-01,3.026662232106328010e-02,5.999999999999999778e-01,5.220000000000000195e-01,9.968858275877915398e-01,3.979447823492825859e-02,5.800000000000000711e-01,5.300000000000000266e-01,2.000000000000000042e-02,0.000000000000000000e+00
1.760440097885000000e+12,7.000000000000000000e+00,2.000000000000000000e+00,2.000000000000000000e+00,1.000000000000000056e-01,1.000000000000000000e+00,-1.625854644134951954e-01,1.665211563864014421e-01,-1.622986964414880884e-01,1.708156071388712005e-01,9.968858275877915398e-01,3.979447823492825859e-02,5.999999999999999778e-01,5.300000000000000266e-01,9.984111891410207829e-01,6.251643988820740350e-02,5.000000000000000000e-01,5.799999999999999600e-01,2.000000000000000042e-02,2.000000000000000111e-01
1.760440098088000000e+12,7.000000000000000000e+00,2.000000000000000000e+00,2.000000000000000000e+00,1.000000000000000056e-01,2.000000000000000000e+00,-1.622987357121743746e-01,1.710703483400545788e-01,-1.660758470936537778e-01,1.795261230319881718e-01,9.984109802543916778e-01,6.386427693150570351e-02,5.999999999999999778e-01,5.799999999999999600e-01,9.783199622677990481e-01,1.086038255660749796e-01,4.000000000000000777e-01,6.320000000000000062e-01,2.000000000000000042e-02,-2.000000000000000111e-01
1.760440098292000000e+12,7.000000000000000000e+00,2.000000000000000000e+00,2.000000000000000000e+00,0.000000000000000000e+00,1.000000000000000000e+00,-1.660758470936537778e-01,1.795261230319881718e-01,-1.702975655747729078e-01,1.916459249254743591e-01,9.783199622677990481e-01,1.086038255660749796e-01,5.000000000000000000e-01,6.320000000000000062e-01,9.558640129001441110e-01,1.727297615104463613e-01,5.000000000000000000e-01,6.600000000000001421e-01,0.000000000000000000e+00,2.000000000000000111e-01
1.760440098496000000e+12,7.000000000000000000e+00,2.000000000000000000e+00,2.000000000000000000e+00,0.000000000000000000e+00,2.000000000000000000e+00,-1.702975655747729078e-01,1.916459249254743591e-01,-1.737535837185587295e-01,2.049702456211062451e-01,9.558640129001441110e-01,1.727297615104463613e-01,5.000000000000000000e-01,6.600000000000001421e-01,9.374809376672408323e-01,2.432288128100859870e-01,4.080000000000000293e-01,6.600000000000001421e-01,0.000000000000000000e+00,-2.000000000000000111e-01
1.760440098699000000e+12,7.000000000000000000e+00,2.000000000000000000e+00,2.000000000000000000e+00,0.000000000000000000e+00,0.000000000000000000e+00,-1.737535837185587295e-01,2.049702456211062451e-01,-1.814338264376991194e-01,2.177829009173894992e-01,9.374809376672408323e-01,2.432288128100859870e-01,3.999999999999999667e-01,6.600000000000001421e-01,8.966285827781962370e-01,3.110206397745476359e-01,4.040000000000000258e-01,6.600000000000001421e-01,0.000000000000000000e+00,0.000000000000000000e+00
1.760440098903000000e+12,7.000000000000000000e+00,2.000000000000000000e+00,2.000000000000000000e+00,0.000000000000000000e+00,0.000000000000000000e+00,-1.814338264376991194e-01,2.177829009173894992e-01,-1.891186664081896951e-01,2.305965259457062599e-01,8.966285827781962370e-01,3.110206397745476359e-01,3.999999999999999667e-01,6.600000000000001421e-01,8.557517744245228819e-01,3.788175975963294362e-01,4.040000000000000258e-01,6.600000000000001421e-01,0.000000000000000000e+00,0.000000000000000000e+00
1.760440099106000000e+12,7.000000000000000000e+00,2.000000000000000000e+00,2.000000000000000000e+00,-1.000000000000000056e-01,2.000000000000000000e+00,-1.891186664081896951e-01,2.305965259457062599e-01,-2.008829123233715208e-01,2.427343753725201836e-01,8.557517744245228819e-01,3.788175975963294362e-01,5.000000000000000000e-01,6.600000000000001421e-01,7.931759982799386766e-01,4.430390231350274655e-01,3.039999999999999925e-01,6.199999999999999956e-01,-2.000000000000000042e-02,-2.000000000000000111e-01
1.760440099309000000e+12,7.000000000000000000e+00,2.000000000000000000e+00,2.000000000000000000e+00,-1.000000000000000056e-01,0.000000000000000000e+00,-2.008829123233715208e-01,2.427343753725201836e-01,-2.165699485420335413e-01,2.504643661911770125e-01,7.931759982799386766e-01,4.430390231350274655e-01,5.040000000000000036e-01,6.199999999999999956e-01,7.097343162657789861e-01,4.839384454559630955e-01,3.039999999999999925e-01,5.699999999999999512e-01,-2.000000000000000042e-02,0.000000000000000000e+00
1.760440099513000000e+12,7.000000000000000000e+00,2.000000000000000000e+00,2.000000000000000000e+00,-1.000000000000000056e-01,1.000000000000000000e+00,-2.165699485420335413e-01,2.504643661911770125e-01,-2.284925280133548453e-01,2.541966095956095240e-01,7.097343162657789861e-01,4.839384454559630955e-01,6.039999999999999813e-01,5.699999999999999512e-01,6.463163403544954777e-01,5.036857650561351596e-01,4.040000000000000258e-01,5.200000000000000178e-01,-2.000000000000000042e-02,2.000000000000000111e-01
1.760440099716000000e+12,7.000000000000000000e+00,2.000000000000000000e+00,2.000000000000000000e+00,-1.000000000000000056e-01,2.000000000000000000e+00,-2.288034404310417824e-01,2.542628639815568414e-01,-2.399464533265852073e-01,2.538355303313521993e-01,6.446625508987139375e-01,5.040363173627346871e-01,6.039999999999999813e-01,5.180000000000000160e-01,5.853912057096530841e-01,5.017752927584773204e-01,3.080000000000000515e-01,4.679999999999999716e-01,-2.000000000000000042e-02,-2.000000000000000111e-01
1.760440099921000000e+12,7.000000000000000000e+00,2.000000000000000000e+00,2.000000000000000000e+00,0.000000000000000000e+00,0.000000000000000000e+00,-2.399464533265852073e-01,2.538355303313521993e-01,-2.553180285792194248e-01,2.512921488995004671e-01,5.853912057096530841e-01,5.017752927584773204e-01,5.000000000000000000e-01,4.679999999999999716e-01,5.036275075573434234e-01,4.883182481455051738e-01,3.080000000000000515e-01,4.679999999999999716e-01,0.000000000000000000e+00,0.000000000000000000e+00
1.760440100127000000e+12,7.000000000000000000e+00,2.000000000000000000e+00,2.000000000000000000e+00,1.000000000000000056e-01,0.000000000000000000e+00,-2.559330564090765980e-01,2.511903544312760195e-01,-2.713095828102790041e-01,2.489199318349428758e-01,5.003560829304435353e-01,4.877796530755345583e-01,5.999999999999999778e-01,4.679999999999999716e-01,4.185660488814946234e-01,4.757668351055179268e-01,3.080000000000000515e-01,4.879999999999999893e-01,2.000000000000000042e-02,0.000000000000000000e+00
1.760440100330000000e+12,7.000000000000000000e+00,2.000000000000000000e+00,2.000000000000000000e+00,0.000000000000000000e+00,0.000000000000000000e+00,-2.713095828102790041e-01,2.489199318349428758e-01,-2.866880582437871250e-01,2.498532708452640139e-01,4.185660488814946234e-01,4.757668351055179268e-01,5.000000000000000000e-01,4.879999999999999893e-01,3.367656476394301213e-01,4.807051367474287074e-01,3.080000000000000515e-01,5.340000000000000302e-01,0.000000000000000000e+00,0.000000000000000000e+00
1.760440100534000000e+12,7.000000000000000000e+00,2.000000000000000000e+00,2.000000000000000000e+00,0.000000000000000000e+00,2.000000000000000000e+00,-2.866880582437871250e-01,2.498532708452640139e-01,-3.064536428480583163e-01,2.526984018487901662e-01,3.367656476394301213e-01,4.807051367474287074e-01,5.919999999999999707e-01,5.340000000000000302e-01,2.316295593188386626e-01,4.957587399406887529e-01,2.119999999999997720e-01,5.340000000000000302e-01,0.000000000000000000e+00,-2.000000000000000111e-01
1.760440100737000000e+12,7.000000000000000000e+00,2.000000000000000000e+00,2.000000000000000000e+00,0.000000000000000000e+00,0.000000000000000000e+00,-3.064536428480583163e-01,2.526984018487901662e-01,-3.298344316770689399e-01,2.554339343276543772e-01,2.316295593188386626e-01,4.957587399406887529e-01,5.959999999999999742e-01,5.340000000000000302e-01,1.072636612921863825e-01,5.102324567600761140e-01,2.079999999999997684e-01,5.340000000000000302e-01,0.000000000000000000e+00,0.000000000000000000e+00
1.760440100940000000e+12,7.000000000000000000e+00,2.000000000000000000e+00,2.000000000000000000e+00,-1.000000000000000056e-01,2.000000000000000000e+00,-3.298344316770689399e-01,2.554339343276543772e-01,-3.488807829388570481e-01,2.564383415030351832e-01,1.072636612921863825e-01,5.102324567600761140e-01,6.959999999999999520e-01,5.340000000000000302e-01,5.953282240121967293e-03,5.155467804393396580e-01,5.000000000000000000e-01,4.860000000000000431e-01,-2.000000000000000042e-02,-2.000000000000000111e-01
1.760440101145000000e+12,7.000000000000000000e+00,2.000000000000000000e+00,2.000000000000000000e+00,0.000000000000000000e+00,2.000000000000000000e+00,-3.488807829388570481e-01,2.564383415030351832e-01,-3.489146656568651306e-01,2.532664514768356856e-01,5.953282240121967293e-03,5.155467804393396580e-01,6.959999999999999520e-01,4.860000000000000431e-01,5.773055016674719792e-03,4.987642935282312062e-01,5.000000000000000000e-01,4.400000000000000022e-01,0.000000000000000000e+00,-2.000000000000000111e-01
1.760440101349000000e+12,7.000000000000000000e+00,2.000000000000000000e+00,2.000000000000000000e+00,0.000000000000000000e+00,0.000000000000000000e+00,-3.489146656568651306e-01,2.532664514768356856e-01,-3.489463598622236651e-01,2.484873816916053080e-01,5.773055016674719792e-03,4.987642935282312062e-01,5.959999999999999742e-01,4.400000000000000022e-01,5.604468817959110637e-03,4.734782100084937717e-01,5.000000000000000000e-01,4.400000000000000022e-01,0.000000000000000000e+00,0.000000000000000000e+00
1.760440101551000000e+12,7.000000000000000000e+00,2.000000000000000000e+00,2.000000000000000000e+00,0.000000000000000000e+00,0.000000000000000000e+00,-3.489463598622236651e-01,2.484873816916053080e-01,-3.489772481303343721e-01,2.437075195350384416e-01,5.604468817959110637e-03,4.734782100084937717e-01,6.959999999999999520e-01,4.400000000000000022e-01,5.440169519497903804e-03,4.481879340478224782e-01,5.000000000000000000e-01,4.400000000000000022e-01,0.000000000000000000e+00,0.000000000000000000e+00
1.760440101754000000e+12,7.000000000000000000e+00,2.000000000000000000e+00,2.000000000000000000e+00,1.000000000000000056e-01,1.000000000000000000e+00,-3.489772481303343721e-01,2.437075195350384416e-01,-3.452417035064496709e-01,2.389043296190444809e-01,5.440169519497903804e-03,4.481879340478224782e-01,5.919999999999999707e-01,4.400000000000000022e-01,2.531008773165057193e-02,4.227742307885951623e-01,5.959999999999999742e-01,4.540000000000000147e-01,2.000000000000000042e-02,2.000000000000000111e-01
1.760440101959000000e+12,7.000000000000000000e+00,2.000000000000000000e+00,2.000000000000000000e+00,1.000000000000000056e-01,0.000000000000000000e+00,-3.452417035064496709e-01,2.389043296190444809e-01,-3.372726444107919663e-01,2.372855181486464571e-01,2.531008773165057193e-02,4.227742307885951623e-01,6.919999999999999485e-01,4.560000000000000164e-01,6.769869994259582191e-02,4.142090907335791994e-01,5.999999999999999778e-01,5.060000000000000053e-01,2.000000000000000042e-02,0.000000000000000000e+00
1.760440102163000000e+12,7.000000000000000000e+00,2.000000000000000000e+00,2.000000000000000000e+00,0.000000000000000000e+00,2.000000000000000000e+00,-3.372726444107919663e-01,2.372855181486464571e-01,-3.330752664559266107e-01,2.393306486034366409e-01,6.769869994259582191e-02,4.142090907335791994e-01,5.919999999999999707e-01,5.060000000000000053e-01,9.002517842592218378e-02,4.250298867906701084e-01,5.000000000000000000e-01,5.340000000000000302e-01,0.000000000000000000e+00,-2.000000000000000111e-01
1.760440102367000000e+12,7.000000000000000000e+00,2.000000000000000000e+00,2.000000000000000000e+00,0.000000000000000000e+00,1.000000000000000000e+00,-3.330747270253427983e-01,2.394401793678434254e-01,-3.296420083813798585e-01,2.421784166903539759e-01,9.002804773753819712e-02,4.256094146446742776e-01,4.919999999999999929e-01,5.340000000000000302e-01,1.082871894607453367e-01,4.400974428061057431e-01,5.959999999999999742e-01,5.340000000000000302e-01,0.000000000000000000e+00,2.000000000000000111e-01
1.760440102572000000e+12,7.000000000000000000e+00,2.000000000000000000e+00,2.000000000000000000e+00,0.000000000000000000e+00,1.000000000000000000e+00,-3.296420083813798585e-01,2.421784166903539759e-01,-3.182175910102552074e-01,2.449156846005632326e-01,1.082871894607453367e-01,4.400974428061057431e-01,5.879999999999999671e-01,5.340000000000000302e-01,1.690553669667275161e-01,4.545803418019219166e-01,6.959999999999999520e-01,5.340000000000000302e-01,0.000000000000000000e+00,2.000000000000000111e-01
1.760440102776000000e+12,7.000000000000000000e+00,2.000000000000000000e+00,2.000000000000000000e+00,0.000000000000000000e+00,1.000000000000000000e+00,-3.175945433702860310e-01,2.450251338096786913e-01,-2.978519690034325818e-01,2.477599451147416421e-01,1.723694501580529392e-01,4.551594381464481587e-01,6.879999999999999449e-01,5.340000000000000302e-01,2.773831435987627603e-01,4.696293392314372928e-01,8.000000000000002665e-01,5.340000000000000302e-01,0.000000000000000000e+00,2.000000000000000111e-01
1.760440102979000000e+12,7.000000000000000000e+00,2.000000000000000000e+00,2.000000000000000000e+00,-1.000000000000000056e-01,2.000000000000000000e+00,-2.978519690034325818e-01,2.477599451147416421e-01,-2.776423885370813416e-01,2.489069734947517154e-01,2.773831435987627603e-01,4.696293392314372928e-01,5.879999999999999671e-01,5.340000000000000302e-01,3.848809120368013037e-01,4.756982724590038125e-01,7.000000000000000666e-01,4.879999999999999893e-01,-2.000000000000000042e-02,-2.000000000000000111e-01
1.760440103182000000e+12,7.000000000000000000e+00,2.000000000000000000e+00,2.000000000000000000e+00,0.000000000000000000e+00,1.000000000000000000e+00,-2.776423885370813416e-01,2.489069734947517154e-01,-2.578878554003670165e-01,2.471448441179995847e-01,3.848809120368013037e-01,4.756982724590038125e-01,4.879999999999999893e-01,4.879999999999999893e-01,4.899582159554945471e-01,4.663748366031724712e-01,8.000000000000002665e-01,4.760000000000000342e-01,0.000000000000000000e+00,2.000000000000000111e-01
1.760440103386000000e+12,7.000000000000000000e+00,2.000000000000000000e+00,2.000000000000000000e+00,0.000000000000000000e+00,2.000000000000000000e+00,-2.569316645968814372e-01,2.470685215464827333e-01,-2.363999671098401534e-01,2.451611875441270239e-01,4.950443372506306283e-01,4.659710134734536546e-01,4.879999999999999893e-01,4.760000000000000342e-01,6.042554940965948473e-01,4.558792991752753099e-01,7.039999999999999591e-01,4.760000000000000342e-01,0.000000000000000000e+00,-2.000000000000000111e-01
1.760440103589000000e+12,7.000000000000000000e+00,2.000000000000000000e+00,2.000000000000000000e+00,0.000000000000000000e+00,2.000000000000000000e+00,-2.363999671098401534e-01,2.451611875441270239e-01,-2.238533493913878736e-01,2.432553524576087367e-01,6.042554940965948473e-01,4.558792991752753099e-01,5.879999999999999671e-01,4.760000000000000342e-01,6.709928223862346996e-01,4.457955156487235504e-01,6.039999999999999813e-01,4.760000000000000342e-01,0.000000000000000000e+00,-2.000000000000000111e-01
1.760440103793000000e+12,7.000000000000000000e+00,2.000000000000000000e+00,2.000000000000000000e+00,0.000000000000000000e+00,0.000000000000000000e+00,-2.238533493913878736e-01,2.432553524576087367e-01,-2.155250606717279138e-01,2.412736639247287929e-01,6.709928223862346996e-01,4.457955156487235504e-01,5.000000000000000000e-01,4.760000000000000342e-01,7.152922304695323863e-01,4.353103911361312361e-01,5.999999999999999778e-01,4.760000000000000342e-01,0.000000000000000000e+00,0.000000000000000000e+00
1.760440103997000000e+12,7.000000000000000000e+00,2.000000000000000000e+00,2.000000000000000000e+00,0.000000000000000000e+00,1.000000000000000000e+00,-2.155250606717279138e-01,2.412736639247287929e-01,-2.037682487559064615e-01,2.393670824006105813e-01,7.152922304695323863e-01,4.353103911361312361e-01,5.000000000000000000e-01,4.760000000000000342e-01,7.778284640643273740e-01,4.252226582042888392e-01,7.000000000000000666e-01,4.760000000000000342e-01,0.000000000000000000e+00,2.000000000000000111e-01
1.760440104201000000e+12,7.000000000000000000e+00,2.000000000000000000e+00,2.000000000000000000e+00,0.000000000000000000e+00,2.000000000000000000e+00,-2.037682487559064615e-01,2.393670824006105813e-01,-1.915477526101387329e-01,2.374598971344259457e-01,7.778284640643273740e-01,4.252226582042888392e-01,4.000000000000000777e-01,4.760000000000000342e-01,8.428311031375599338e-01,4.151317308699786213e-01,5.999999999999999778e-01,4.760000000000000342e-01,0.000000000000000000e+00,-2.000000000000000111e-01
1.760440104405000000e+12,7.000000000000000000e+00,2.000000000000000000e+00,2.000000000000000000e+00,0.000000000000000000e+00,0.000000000000000000e+00,-1.912264544973621971e-01,2.373836318319605121e-01,-1.835504144769804502e-01,2.354768809053520151e-01,8.445401356523287717e-01,4.147282107511138793e-01,5.000000000000000000e-01,4.760000000000000342e-01,8.853701357607423050e-01,4.046395815097990623e-01,5.959999999999999742e-01,4.760000000000000342e-01,0.000000000000000000e+00,0.000000000000000000e+00
1.760440104608000000e+12,7.000000000000000000e+00,2.000000000000000000e+00,2.000000000000000000e+00,0.000000000000000000e+00,0.000000000000000000e+00,-1.835504144769804502e-01,2.354768809053520151e-01,-1.758768449946118140e-01,2.335697766982050561e-01,8.853701357607423050e-01,4.046395815097990623e-01,5.040000000000000036e-01,4.760000000000000342e-01,9.261869947095116018e-01,3.945490830592860432e-01,5.959999999999999742e-01,4.760000000000000342e-01,0.000000000000000000e+00,0.000000000000000000e+00
1.760440104811000000e+12,7.000000000000000000e+00,2.000000000000000000e+00,2.000000000000000000e+00,0.000000000000000000e+00,0.000000000000000000e+00,-1.758768449946118140e-01,2.335697766982050561e-01,-1.678956003175085532e-01,2.315860187217529953e-01,9.261869947095116018e-01,3.945490830592860432e-01,5.040000000000000036e-01,4.760000000000000342e-01,9.686404238430396108e-01,3.840530091098042220e-01,5.959999999999999742e-01,4.760000000000000342e-01,0.000000000000000000e+00,0.000000000000000000e+00
1.760440105015000000e+12,7.000000000000000000e+00,2.000000000000000000e+00,2.000000000000000000e+00,1.000000000000000056e-01,0.000000000000000000e+00,-1.678956003175085532e-01,2.315860187217529953e-01,-1.622942081650056712e-01,2.297359577908144601e-01,9.686404238430396108e-01,3.840530091098042220e-01,5.040000000000000036e-01,4.760000000000000342e-01,9.984350629520974962e-01,3.742643269355263036e-01,5.000000000000000000e-01,4.860000000000000431e-01,2.000000000000000042e-02,0.000000000000000000e+00
1.760440105217000000e+12,7.000000000000000000e+00,2.000000000000000000e+00,2.000000000000000000e+00,1.000000000000000056e-01,0.000000000000000000e+00,-1.622942081650056712e-01,2.297359577908144601e-01,-1.622988475550061205e-01,2.305125549115771000e-01,9.984350629520974962e-01,3.742643269355263036e-01,5.040000000000000036e-01,4.860000000000000431e-01,9.984103853457121369e-01,3.783733064104609078e-01,5.000000000000000000e-01,5.360000000000000320e-01,2.000000000000000042e-02,0.000000000000000000e+00
1.760440105420000000e+12,7.000000000000000000e+00,2.000000000000000000e+00,2.000000000000000000e+00,0.000000000000000000e+00,2.000000000000000000e+00,-1.622988475550061205e-01,2.305125549115771000e-01,-1.660767210282903528e-01,2.347170757854601386e-01,9.984103853457121369e-01,3.783733064104609078e-01,4.040000000000000258e-01,5.360000000000000320e-01,9.783153136793066862e-01,4.006194486003182287e-01,4.040000000000000258e-01,5.540000000000000480e-01,0.000000000000000000e+00,-2.000000000000000111e-01
1.760440105625000000e+12,7.000000000000000000e+00,2.000000000000000000e+00,2.000000000000000000e+00,0.000000000000000000e+00,1.000000000000000000e+00,-1.660767210282903528e-01,2.347170757854601386e-01,-1.703094560956498471e-01,2.390503813079689066e-01,9.783153136793066862e-01,4.006194486003182287e-01,3.039999999999999925e-01,5.540000000000000480e-01,9.558007654486710969e-01,4.235469910474545796e-01,5.000000000000000000e-01,5.540000000000000480e-01,0.000000000000000000e+00,2.000000000000000111e-01
1.760440105828000000e+12,7.000000000000000000e+00,2.000000000000000000e+00,2.000000000000000000e+00,0.000000000000000000e+00,2.000000000000000000e+00,-1.703094560956498471e-01,2.390503813079689066e-01,-1.740914441851030281e-01,2.433841946643718890e-01,9.558007654486710969e-01,4.235469910474545796e-01,1.999999999999997613e-01,5.540000000000000480e-01,9.356838075260477394e-01,4.464772204464121375e-01,4.000000000000000777e-01,5.540000000000000480e-01,0.000000000000000000e+00,-2.000000000000000111e-01
1.760440106032000000e+12,7.000000000000000000e+00,2.000000000000000000e+00,2.000000000000000000e+00,-1.000000000000000056e-01,2.000000000000000000e+00,-1.744085074805248881e-01,2.435575439838682521e-01,-1.865055561224145120e-01,2.477212376928438209e-01,9.339973006355059004e-01,4.473944126130595667e-01,1.999999999999997613e-01,5.540000000000000480e-01,8.696512972211993819e-01,4.694245380573747739e-01,2.959999999999999853e-01,5.380000000000000338e-01,-2.000000000000000042e-02,-2.000000000000000111e-01
1.760440106235000000e+12,7.000000000000000000e+00,2.000000000000000000e+00,2.000000000000000000e+00,0.000000000000000000e+00,1.000000000000000000e+00,-1.865055561224145120e-01,2.477212376928438209e-01,-1.990646811425071661e-01,2.488933185392998015e-01,8.696512972211993819e-01,4.694245380573747739e-01,9.600000000000025180e-02,5.380000000000000338e-01,8.028474407313448413e-01,4.756260240174593479e-01,3.960000000000000187e-01,4.879999999999999893e-01,0.000000000000000000e+00,2.000000000000000111e-01
1.760440106439000000e+12,7.000000000000000000e+00,2.000000000000000000e+00,2.000000000000000000e+00,0.000000000000000000e+00,2.000000000000000000e+00,-1.990646811425071661e-01,2.488933185392998015e-01,-2.111801120791634012e-01,2.479110834306049171e-01,8.028474407313448413e-01,4.756260240174593479e-01,9.600000000000025180e-02,4.879999999999999893e-01,7.384036591533861271e-01,4.704290128603435539e-01,2.999999999999999889e-01,4.879999999999999893e-01,0.000000000000000000e+00,-2.000000000000000111e-01
1.760440106642000000e+12,7.000000000000000000e+00,2.000000000000000000e+00,2.000000000000000000e+00,1.000000000000000056e-01,1.000000000000000000e+00,-2.111801120791634012e-01,2.479110834306049171e-01,-2.234179924998571931e-01,2.469987622175755793e-01,7.384036591533861271e-01,4.704290128603435539e-01,-7.450580569168252509e-09,4.879999999999999893e-01,6.733085505326744657e-01,4.656019164951089584e-01,3.999999999999999667e-01,4.960000000000000520e-01,2.000000000000000042e-02,2.000000000000000111e-01
1.760440106846000000e+12,7.000000000000000000e+00,2.000000000000000000e+00,2.000000000000000000e+00,0.000000000000000000e+00,2.000000000000000000e+00,-2.234179924998571931e-01,2.469987622175755793e-01,-2.352009900294452782e-01,2.485197100072056298e-01,6.733085505326744657e-01,4.656019164951089584e-01,5.000000000000000000e-01,4.960000000000000520e-01,6.106330317582697731e-01,4.736492592973843285e-01,2.999999999999999889e-01,5.360000000000000320e-01,0.000000000000000000e+00,-2.000000000000000111e-01
1.760440107049000000e+12,7.000000000000000000e+00,2.000000000000000000e+00,2.000000000000000000e+00,0.000000000000000000e+00,2.000000000000000000e+00,-2.358399021152960962e-01,2.486354732528899825e-01,-2.559450549207058501e-01,2.515286747540075307e-01,6.072345632165101481e-01,4.742617632428041685e-01,5.000000000000000000e-01,5.360000000000000320e-01,5.002922610600751829e-01,4.895697076931616043e-01,1.959999999999997300e-01,5.360000000000000320e-01,0.000000000000000000e+00,-2.000000000000000111e-01
1.760440107253000000e+12,7.000000000000000000e+00,2.000000000000000000e+00,2.000000000000000000e+00,0.000000000000000000e+00,2.000000000000000000e+00,-2.559450549207058501e-01,2.515286747540075307e-01,-2.840482117414467877e-01,2.544198953560207754e-01,5.002922610600751829e-01,4.895697076931616043e-01,5.999999999999999778e-01,5.360000000000000320e-01,3.508073843540063796e-01,5.048671711958772068e-01,9.600000000000025180e-02,5.360000000000000320e-01,0.000000000000000000e+00,-2.000000000000000111e-01
1.760440107456000000e+12,7.000000000000000000e+00,2.000000000000000000e+00,2.000000000000000000e+00,0.000000000000000000e+00,1.000000000000000000e+00,-2.840482117414467877e-01,2.544198953560207754e-01,-3.126157967691044481e-01,2.573123584384132689e-01,3.508073843540063796e-01,5.048671711958772068e-01,5.999999999999999778e-01,5.360000000000000320e-01,1.988521448451890106e-01,5.201712086688533576e-01,1.959999999999997300e-01,5.360000000000000320e-01,0.000000000000000000e+00,2.000000000000000111e-01
1.760440107659000000e+12,7.000000000000000000e+00,2.000000000000000000e+00,2.000000000000000000e+00,-1.000000000000000056e-01,1.000000000000000000e+00,-3.135927182821909298e-01,2.574281651608604227e-01,-3.338485656222440756e-01,2.601061918269841344e-01,1.936557538181332694e-01,5.207839426500552316e-01,5.000000000000000000e-01,5.360000000000000320e-01,8.591188498806331952e-02,5.349533959099690428e-01,2.999999999999999889e-01,5.180000000000000160e-01,-2.000000000000000042e-02,2.000000000000000111e-01
1.760440107862000000e+12,7.000000000000000000e+00,2.000000000000000000e+00,2.000000000000000000e+00,-1.000000000000000056e-01,2.000000000000000000e+00,-3.338485656222440756e-01,2.601061918269841344e-01,-3.491714627695549633e-01,2.596807272005951517e-01,8.591188498806331952e-02,5.349533959099690428e-01,3.999999999999999667e-01,5.180000000000000160e-01,4.407112927899014057e-03,5.327022603206092999e-01,5.000000000000000000e-01,4.679999999999999716e-01,-2.000000000000000042e-02,-2.000000000000000111e-01
1.760440108066000000e+12,7.000000000000000000e+00,2.000000000000000000e+00,2.000000000000000000e+00,0.000000000000000000e+00,1.000000000000000000e+00,-3.491714627695549633e-01,2.596807272005951517e-01,-3.454351181123129777e-01,2.552737724690101184e-01,4.407112927899014057e-03,5.327022603206092999e-01,2.959999999999999853e-01,4.679999999999999716e-01,2.428128663663298159e-02,5.093850395185720581e-01,5.959999999999999742e-01,4.360000000000000542e-01,0.000000000000000000e+00,2.000000000000000111e-01
1.760440108268000000e+12,7.000000000000000000e+00,2.000000000000000000e+00,2.000000000000000000e+00,0.000000000000000000e+00,0.000000000000000000e+00,-3.454351181123129777e-01,2.552737724690101184e-01,-3.374673187154006992e-01,2.501739364031644319e-01,2.428128663663298159e-02,5.093850395185720581e-01,5.000000000000000000e-01,4.360000000000000542e-01,6.666319832233659481e-02,4.824017799109229787e-01,5.999999999999999778e-01,4.360000000000000542e-01,0.000000000000000000e+00,0.000000000000000000e+00
1.760440108471000000e+12,7.000000000000000000e+00,2.000000000000000000e+00,2.000000000000000000e+00,0.000000000000000000e+00,1.000000000000000000e+00,-3.374673187154006992e-01,2.501739364031644319e-01,-3.257252097175299954e-01,2.450722740321182314e-01,6.666319832233659481e-02,4.824017799109229787e-01,5.000000000000000000e-01,4.360000000000000542e-01,1.291212249067552331e-01,4.554088573127949013e-01,7.000000000000000666e-01,4.360000000000000542e-01,0.000000000000000000e+00,2.000000000000000111e-01
1.760440108675000000e+12,7.000000000000000000e+00,2.000000000000000000e+00,2.000000000000000000e+00,1.000000000000000056e-01,0.000000000000000000e+00,-3.257252097175299954e-01,2.450722740321182314e-01,-3.094464926118677961e-01,2.400587983860799635e-01,1.291212249067552331e-01,4.554088573127949013e-01,5.000000000000000000e-01,4.360000000000000542e-01,2.157101456815541940e-01,4.288825311432802878e-01,7.039999999999999591e-01,4.480000000000000648e-01,2.000000000000000042e-02,0.000000000000000000e+00
1.760440108876000000e+12,7.000000000000000000e+00,2.000000000000000000e+00,2.000000000000000000e+00,1.000000000000000056e-01,1.000000000000000000e+00,-3.087945111517881314e-01,2.398914117644473099e-01,-2.887239714354877251e-01,2.377889903233015023e-01,2.191781321713396347e-01,4.279968876425784274e-01,5.000000000000000000e-01,4.500000000000000111e-01,3.259363221516609621e-01,4.168729646735529482e-01,8.040000000000002700e-01,5.000000000000000000e-01,2.000000000000000042e-02,2.000000000000000111e-01
1.760440109079000000e+12,7.000000000000000000e+00,2.000000000000000000e+00,2.000000000000000000e+00,0.000000000000000000e+00,0.000000000000000000e+00,-2.887239714354877251e-01,2.377889903233015023e-01,-2.644217128519255611e-01,2.389375121660918810e-01,3.259363221516609621e-01,4.168729646735529482e-01,5.999999999999999778e-01,5.000000000000000000e-01,4.552036550429490736e-01,4.229497998205919984e-01,8.040000000000002700e-01,5.180000000000000160e-01,0.000000000000000000e+00,0.000000000000000000e+00
1.760440109283000000e+12,7.000000000000000000e+00,2.000000000000000000e+00,2.000000000000000000e+00,0.000000000000000000e+00,0.000000000000000000e+00,-2.644217128519255611e-01,2.389375121660918810e-01,-2.391429729164019635e-01,2.404457032738307465e-01,4.552036550429490736e-01,4.229497998205919984e-01,6.039999999999999813e-01,5.180000000000000160e-01,5.896650376787129222e-01,4.309296469514855010e-01,8.040000000000002700e-01,5.180000000000000160e-01,0.000000000000000000e+00,0.000000000000000000e+00
1.760440109486000000e+12,7.000000000000000000e+00,2.000000000000000000e+00,2.000000000000000000e+00,0.000000000000000000e+00,0.000000000000000000e+00,-2.391429729164019635e-01,2.404457032738307465e-01,-2.148341633837690667e-01,2.418952525967226763e-01,5.896650376787129222e-01,4.309296469514855010e-01,6.039999999999999813e-01,5.180000000000000160e-01,7.189672160437815540e-01,4.385992200884797909e-01,8.040000000000002700e-01,5.180000000000000160e-01,0.000000000000000000e+00,0.000000000000000000e+00
1.760440109691000000e+12,7.000000000000000000e+00,2.000000000000000000e+00,2.000000000000000000e+00,0.000000000000000000e+00,2.000000000000000000e+00,-2.148341633837690667e-01,2.418952525967226763e-01,-1.942928104167059300e-01,2.433458000293621804e-01,7.189672160437815540e-01,4.385992200884797909e-01,6.039999999999999813e-01,5.180000000000000160e-01,8.282297318260323227e-01,4.462740742294295515e-01,7.039999999999999591e-01,5.180000000000000160e-01,0.000000000000000000e+00,-2.000000000000000111e-01
1.760440109894000000e+12,7.000000000000000000e+00,2.000000000000000000e+00,2.000000000000000000e+00,0.000000000000000000e+00,0.000000000000000000e+00,-1.936371322867654066e-01,2.434038736239436118e-01,-1.776413397888885193e-01,2.448557414458165937e-01,8.317173814533754816e-01,4.465813419256276506e-01,6.039999999999999813e-01,5.180000000000000160e-01,9.168013841016567911e-01,4.542631822529978880e-01,7.000000000000000666e-01,5.180000000000000160e-01,0.000000000000000000e+00,0.000000000000000000e+00
1.760440110098000000e+12,7.000000000000000000e+00,2.000000000000000000e+00,2.000000000000000000e+00,0.000000000000000000e+00,1.000000000000000000e+00,-1.776413397888885193e-01,2.448557414458165937e-01,-1.623596306206045725e-01,2.463071116730355392e-01,9.168013841016567911e-01,4.542631822529978880e-01,6.039999999999999813e-01,5.180000000000000160e-01,9.980870711669970197e-01,4.619423898044208721e-01,5.000000000000000000e-01,5.180000000000000160e-01,0.000000000000000000e+00,2.000000000000000111e-01
1.760440110300000000e+12,7.000000000000000000e+00,2.000000000000000000e+00,2.000000000000000000e+00,0.000000000000000000e+00,0.000000000000000000e+00,-1.623596306206045725e-01,2.463071116730355392e-01,-1.623654975697276237e-01,2.478195044283164061e-01,9.980870711669970197e-01,4.619423898044208721e-01,6.039999999999999813e-01,5.180000000000000160e-01,9.980558639908105878e-01,4.699444678746900195e-01,5.000000000000000000e-01,5.180000000000000160e-01,0.000000000000000000e+00,0.000000000000000000e+00
1.760440110504000000e+12,7.000000000000000000e+00,2.000000000000000000e+00,2.000000000000000000e+00,0.000000000000000000e+00,2.000000000000000000e+00,-1.623654975697276237e-01,2.478195044283164061e-01,-1.661378148021789847e-01,2.492737288123650641e-01,9.980558639908105878e-01,4.699444678746900195e-01,6.039999999999999813e-01,5.180000000000000160e-01,9.779903467969203179e-01,4.776387767850003851e-01,4.000000000000000777e-01,5.180000000000000160e-01,0.000000000000000000e+00,-2.000000000000000111e-01
1.760440110706000000e+12,7.000000000000000000e+00,2.000000000000000000e+00,2.000000000000000000e+00,0.000000000000000000e+00,2.000000000000000000e+00,-1.661378148021789847e-01,2.492737288123650641e-01,-1.779046996715244744e-01,2.507271085539935496e-01,9.779903467969203179e-01,4.776387767850003851e-01,5.040000000000000036e-01,5.180000000000000160e-01,9.154005336621038325e-01,4.853286166877965879e-01,2.999999999999999889e-01,5.180000000000000160e-01,0.000000000000000000e+00,-2.000000000000000111e-01
1.760440110909000000e+12,7.000000000000000000e+00,2.000000000000000000e+00,2.000000000000000000e+00,0.000000000000000000e+00,2.000000000000000000e+00,-1.779046996715244744e-01,2.507271085539935496e-01,-1.986417819557455555e-01,2.522367286656655438e-01,9.154005336621038325e-01,4.853286166877965879e-01,5.040000000000000036e-01,5.180000000000000160e-01,8.050969044907151373e-01,4.933160246860611164e-01,1.999999999999997613e-01,5.180000000000000160e-01,0.000000000000000000e+00,-2.000000000000000111e-01
1.760440111113000000e+12,7.000000000000000000e+00,2.000000000000000000e+00,2.000000000000000000e+00,0.000000000000000000e+00,1.000000000000000000e+00,-1.986417819557455555e-01,2.522367286656655438e-01,-2.192012770287398993e-01,2.536887793443963202e-01,8.050969044907151373e-01,4.933160246860611164e-01,4.040000000000000258e-01,5.180000000000000160e-01,6.957378881450004826e-01,5.009988325100335205e-01,2.959999999999999853e-01,5.180000000000000160e-01,0.000000000000000000e+00,2.000000000000000111e-01
1.760440111314000000e+12,7.000000000000000000e+00,2.000000000000000000e+00,2.000000000000000000e+00,-1.000000000000000056e-01,2.000000000000000000e+00,-2.192012770287398993e-01,2.536887793443963202e-01,-2.393081396531871463e-01,2.545776482097672488e-01,6.957378881450004826e-01,5.009988325100335205e-01,3.039999999999999925e-01,5.180000000000000160e-01,5.887864912064513234e-01,5.057018423797209339e-01,1.959999999999997300e-01,4.899999999999999911e-01,-2.000000000000000042e-02,-2.000000000000000111e-01
1.760440111519000000e+12,7.000000000000000000e+00,2.000000000000000000e+00,2.000000000000000000e+00,0.000000000000000000e+00,2.000000000000000000e+00,-2.393081396531871463e-01,2.545776482097672488e-01,-2.686964314575572277e-01,2.522784128782454283e-01,5.887864912064513234e-01,5.057018423797209339e-01,3.039999999999999925e-01,4.899999999999999911e-01,4.324657901193764142e-01,4.935365760753727127e-01,9.600000000000025180e-02,4.660000000000000253e-01,0.000000000000000000e+00,-2.000000000000000111e-01
1.760440111723000000e+12,7.000000000000000000e+00,2.000000000000000000e+00,2.000000000000000000e+00,0.000000000000000000e+00,2.000000000000000000e+00,-2.686964314575572277e-01,2.522784128782454283e-01,-3.051158704165700675e-01,2.495648404647393404e-01,4.324657901193764142e-01,4.935365760753727127e-01,4.040000000000000258e-01,4.660000000000000253e-01,2.387453701246272098e-01,4.791790500779860018e-01,-7.450580569168252509e-09,4.660000000000000253e-01,0.000000000000000000e+00,-2.000000000000000111e-01
1.760440111926000000e+12,7.000000000000000000e+00,2.000000000000000000e+00,2.000000000000000000e+00,0.000000000000000000e+00,1.000000000000000000e+00,-3.051158704165700675e-01,2.495648404647393404e-01,-3.413711748513790223e-01,2.468525752361168113e-01,2.387453701246272098e-01,4.791790500779860018e-01,3.080000000000000515e-01,4.660000000000000253e-01,4.589800610968593902e-02,4.648284404027345218e-01,9.999999254941882576e-02,4.660000000000000253e-01,0.000000000000000000e+00,2.000000000000000111e-01
1.760440112133000000e+12,7.000000000000000000e+00,2.000000000000000000e+00,2.000000000000000000e+00,0.000000000000000000e+00,0.000000000000000000e+00,-3.426537529846461760e-01,2.467442001003556651e-01,-3.493374067228299795e-01,2.440421196709651463e-01,3.907578199656278062e-02,4.642550269860088452e-01,5.000000000000000000e-01,4.660000000000000253e-01,3.524432325372331594e-03,4.499583051373817755e-01,5.000000000000000000e-01,4.660000000000000253e-01,0.000000000000000000e+00,0.000000000000000000e+00
1.760440112338000000e+12,7.000000000000000000e+00,2.000000000000000000e+00,2.000000000000000000e+00,0.000000000000000000e+00,2.000000000000000000e+00,-3.493374067228299795e-01,2.440421196709651463e-01,-3.493672781337266997e-01,2.413414600869543403e-01,3.524432325372331594e-03,4.499583051373817755e-01,5.000000000000000000e-01,4.660000000000000253e-01,3.365541841879139424e-03,4.356691009891764388e-01,5.000000000000000000e-01,4.660000000000000253e-01,0.000000000000000000e+00,-2.000000000000000111e-01
1.760440112541000000e+12,7.000000000000000000e+00,2.000000000000000000e+00,2.000000000000000000e+00,1.000000000000000056e-01,2.000000000000000000e+00,-3.493672781337266997e-01,2.413414600869543403e-01,-3.493968251940979819e-01,2.398276231523165658e-01,3.365541841879139424e-03,4.356691009891764388e-01,5.999999999999999778e-01,4.660000000000000253e-01,3.208376627138276403e-03,4.276593817582887702e-01,5.000000000000000000e-01,5.060000000000000053e-01,2.000000000000000042e-02,-2.000000000000000111e-01
1.760440112746000000e+12,7.000000000000000000e+00,2.000000000000000000e+00,2.000000000000000000e+00,0.000000000000000000e+00,2.000000000000000000e+00,-3.493980045543683688e-01,2.398467779877296591e-01,-3.494275586710367532e-01,2.419833921629003237e-01,3.202103434210686484e-03,4.277607300938077728e-01,5.000000000000000000e-01,5.080000000000000071e-01,3.044900685974599730e-03,4.390655669994726340e-01,5.000000000000000000e-01,5.340000000000000302e-01,0.000000000000000000e+00,-2.000000000000000111e-01
1.760440112949000000e+12,7.000000000000000000e+00,2.000000000000000000e+00,2.000000000000000000e+00,0.000000000000000000e+00,0.000000000000000000e+00,-3.494275586710367532e-01,2.419833921629003237e-01,-3.494575229202345756e-01,2.447228346819268763e-01,3.044900685974599730e-03,4.390655669994726340e-01,3.999999999999999667e-01,5.340000000000000302e-01,2.885516381730862927e-03,4.535599718620469956e-01,5.000000000000000000e-01,5.340000000000000302e-01,0.000000000000000000e+00,0.000000000000000000e+00
1.760440113152000000e+12,7.000000000000000000e+00,2.000000000000000000e+00,2.000000000000000000e+00,0.000000000000000000e+00,1.000000000000000000e+00,-3.494575229202345756e-01,2.447228346819268763e-01,-3.457193000163426566e-01,2.475720733540854868e-01,2.885516381730862927e-03,4.535599718620469956e-01,5.000000000000000000e-01,5.340000000000000302e-01,2.276968076413469003e-02,4.686353087517751148e-01,5.959999999999999742e-01,5.340000000000000302e-01,0.000000000000000000e+00,2.000000000000000111e-01
1.760440113355000000e+12,7.000000000000000000e+00,2.000000000000000000e+00,2.000000000000000000e+00,0.000000000000000000e+00,2.000000000000000000e+00,-3.457193000163426566e-01,2.475720733540854868e-01,-3.415294270648527863e-01,2.503118060683948154e-01,2.276968076413469003e-02,4.686353087517751148e-01,5.000000000000000000e-01,5.340000000000000302e-01,4.505623901674038478e-02,4.831312490391260761e-01,5.000000000000000000e-01,5.340000000000000302e-01,0.000000000000000000e+00,-2.000000000000000111e-01
1.760440113559000000e+12,7.000000000000000000e+00,2.000000000000000000e+00,2.000000000000000000e+00,0.000000000000000000e+00,1.000000000000000000e+00,-3.415294270648527863e-01,2.503118060683948154e-01,-3.377794124277838650e-01,2.530518756736669927e-01,4.505623901674038478e-02,4.831312490391260761e-01,5.999999999999999778e-01,5.340000000000000302e-01,6.500312538412826580e-02,4.976289718183439237e-01,5.999999999999999778e-01,5.340000000000000302e-01,0.000000000000000000e+00,2.000000000000000111e-01
1.760440113763000000e+12,7.000000000000000000e+00,2.000000000000000000e+00,2.000000000000000000e+00,-1.000000000000000056e-01,1.000000000000000000e+00,-3.377794124277838650e-01,2.530518756736669927e-01,-3.254048019354163213e-01,2.551547656317444401e-01,6.500312538412826580e-02,4.976289718183439237e-01,7.039999999999999591e-01,5.340000000000000302e-01,1.308255216201258397e-01,5.087553737129335563e-01,7.000000000000000666e-01,5.040000000000000036e-01,-2.000000000000000042e-02,2.000000000000000111e-01
1.760440113967000000e+12,7.000000000000000000e+00,2.000000000000000000e+00,2.000000000000000000e+00,0.000000000000000000e+00,0.000000000000000000e+00,-3.254048019354163213e-01,2.551547656317444401e-01,-3.091118890494591875e-01,2.536168539605539451e-01,1.308255216201258397e-01,5.087553737129335563e-01,7.039999999999999591e-01,5.020000000000000018e-01,2.174899518645787011e-01,5.006182749235659202e-01,7.039999999999999591e-01,4.679999999999999716e-01,0.000000000000000000e+00,0.000000000000000000e+00
1.760440114168000000e+12,7.000000000000000000e+00,2.000000000000000000e+00,2.000000000000000000e+00,0.000000000000000000e+00,2.000000000000000000e+00,-3.091118890494591875e-01,2.536168539605539451e-01,-2.965890680375679600e-01,2.510740066437473494e-01,2.174899518645787011e-01,5.006182749235659202e-01,7.039999999999999591e-01,4.679999999999999716e-01,2.841007019278299350e-01,4.871640563161235837e-01,6.039999999999999813e-01,4.679999999999999716e-01,0.000000000000000000e+00,-2.000000000000000111e-01
1.760440114370000000e+12,7.000000000000000000e+00,2.000000000000000000e+00,2.000000000000000000e+00,1.000000000000000056e-01,0.000000000000000000e+00,-2.965890680375679600e-01,2.510740066437473494e-01,-2.882869551943157416e-01,2.485663320186644598e-01,2.841007019278299350e-01,4.871640563161235837e-01,7.039999999999999591e-01,4.679999999999999716e-01,3.282608766259800248e-01,4.738959366066903267e-01,6.039999999999999813e-01,4.760000000000000342e-01,2.000000000000000042e-02,0.000000000000000000e+00
1.760440114574000000e+12,7.000000000000000000e+00,2.000000000000000000e+00,2.000000000000000000e+00,0.000000000000000000e+00,0.000000000000000000e+00,-2.879549007816114559e-01,2.484886009182334932e-01,-2.796530064024892459e-01,2.485962952945920956e-01,3.300271235020666438e-01,4.734846609430344300e-01,7.039999999999999591e-01,4.779999999999999805e-01,3.741861361569720490e-01,4.740544724581592928e-01,6.039999999999999813e-01,5.200000000000000178e-01,0.000000000000000000e+00,0.000000000000000000e+00
1.760440114778000000e+12,7.000000000000000000e+00,2.000000000000000000e+00,2.000000000000000000e+00,0.000000000000000000e+00,0.000000000000000000e+00,-2.796530064024892459e-01,2.485962952945920956e-01,-2.713500619390197266e-01,2.502126068086358290e-01,3.741861361569720490e-01,4.740544724581592928e-01,6.039999999999999813e-01,5.200000000000000178e-01,4.183507343669162770e-01,4.826063852308774549e-01,6.039999999999999813e-01,5.200000000000000178e-01,0.000000000000000000e+00,0.000000000000000000e+00
1.760440114982000000e+12,7.000000000000000000e+00,2.000000000000000000e+00,2.000000000000000000e+00,0.000000000000000000e+00,0.000000000000000000e+00,-2.710179263303652553e-01,2.502772593793385347e-01,-2.627139840429270068e-01,2.518934979939200791e-01,4.201174131363549780e-01,4.829484623245425823e-01,7.000000000000000666e-01,5.200000000000000178e-01,4.642873189206009887e-01,4.914999893858205682e-01,6.039999999999999813e-01,5.200000000000000178e-01,0.000000000000000000e+00,0.000000000000000000e+00
1.760440115185000000e+12,7.000000000000000000e+00,2.000000000000000000e+00,2.000000000000000000e+00,0.000000000000000000e+00,0.000000000000000000e+00,-2.627139840429270068e-01,2.518934979939200791e-01,-2.544091308071051438e-01,2.535096777677758872e-01,4.642873189206009887e-01,4.914999893858205682e-01,5.999999999999999778e-01,5.200000000000000178e-01,5.084620701749725802e-01,5.000512051205073805e-01,6.039999999999999813e-01,5.200000000000000178e-01,0.000000000000000000e+00,0.000000000000000000e+00
0.000000000000000000e+00,0.000000000000000000e+00,0.000000000000000000e+00,0.000000000000000000e+00,0.000000000000000000e+00,0.000000000000000000e+00,0.000000000000000000e+00,0.000000000000000000e+00,0.000000000000000000e+00,0.000000000000000000e+00,0.000000000000000000e+00,0.000000000000000000e+00,0.000000000000000000e+00,0.000000000000000000e+00,0.000000000000000000e+00,0.000000000000000000e+00,0.000000000000000000e+00,0.000000000000000000e+00,0.000000000000000000e+00,0.000000000000000000e+00
1.760440120906000000e+12,8.000000000000000000e+00,2.000000000000000000e+00,0.000000000000000000e+00,0.000000000000000000e+00,1.000000000000000000e+00,-2.537447022682871034e-01,2.536389682554463509e-01,-1.626978921346390328e-01,3.227721921616634737e-01,5.119962645303877125e-01,5.007352817748484952e-01,5.000000000000000000e-01,5.200000000000000178e-01,9.962878077944732347e-01,8.665195352468968437e-01,5.000000000000000000e-01,5.200000000000000178e-01,0.000000000000000000e+00,2.000000000000000111e-01
1.760440121109000000e+12,8.000000000000000000e+00,2.000000000000000000e+00,0.000000000000000000e+00,0.000000000000000000e+00,0.000000000000000000e+00,-1.626978921346390328e-01,3.227721921616634737e-01,-1.627103394185920315e-01,3.243981940877963543e-01,9.962878077944732347e-01,8.665195352468968437e-01,5.999999999999999778e-01,5.200000000000000178e-01,9.962215988372764564e-01,8.751227200412506901e-01,5.000000000000000000e-01,5.200000000000000178e-01,0.000000000000000000e+00,0.000000000000000000e+00
1.760440121313000000e+12,8.000000000000000000e+00,2.000000000000000000e+00,0.000000000000000000e+00,-1.000000000000000056e-01,2.000000000000000000e+00,-1.627103394185920315e-01,3.243981940877963543e-01,-1.664958251611137752e-01,3.242898899708285820e-01,9.962215988372764564e-01,8.751227200412506901e-01,5.999999999999999778e-01,5.200000000000000178e-01,9.760860363770543779e-01,8.745496823853364798e-01,4.000000000000000777e-01,4.720000000000000306e-01,-2.000000000000000042e-02,-2.000000000000000111e-01
1.760440121517000000e+12,8.000000000000000000e+00,2.000000000000000000e+00,0.000000000000000000e+00,-1.000000000000000056e-01,0.000000000000000000e+00,-1.668131388307845242e-01,3.242029222520831921e-01,-1.751427356013873782e-01,3.199428155376769500e-01,9.743981977085929280e-01,8.740895357253080089e-01,5.999999999999999778e-01,4.720000000000000306e-01,9.300918319075139884e-01,8.515492885591373629e-01,3.960000000000000187e-01,4.200000000000000955e-01,-2.000000000000000042e-02,0.000000000000000000e+00
1.760440121720000000e+12,8.000000000000000000e+00,2.000000000000000000e+00,0.000000000000000000e+00,0.000000000000000000e+00,0.000000000000000000e+00,-1.751427356013873782e-01,3.199428155376769500e-01,-1.834749558209765596e-01,3.117177248660613076e-01,9.300918319075139884e-01,8.515492885591373629e-01,5.000000000000000000e-01,4.200000000000000955e-01,8.857715115905502312e-01,8.080302902966207679e-01,3.960000000000000187e-01,3.780000000000000027e-01,0.000000000000000000e+00,0.000000000000000000e+00
1.760440121924000000e+12,8.000000000000000000e+00,2.000000000000000000e+00,0.000000000000000000e+00,0.000000000000000000e+00,1.000000000000000000e+00,-1.834749558209765596e-01,3.117177248660613076e-01,-1.880387948155368139e-01,3.019809919288715672e-01,8.857715115905502312e-01,8.080302902966207679e-01,5.000000000000000000e-01,3.780000000000000027e-01,8.614957722577829546e-01,7.565131848088443300e-01,4.960000000000000520e-01,3.780000000000000027e-01,0.000000000000000000e+00,2.000000000000000111e-01
1.760440122127000000e+12,8.000000000000000000e+00,2.000000000000000000e+00,0.000000000000000000e+00,0.000000000000000000e+00,0.000000000000000000e+00,-1.880552629859262859e-01,3.015914938595158912e-01,-1.880697299704499059e-01,2.918532976483972918e-01,8.614081756067750728e-01,7.544523484630470955e-01,3.999999999999999667e-01,3.780000000000000027e-01,8.613312235614366541e-01,7.029275007851709667e-01,5.000000000000000000e-01,3.780000000000000027e-01,0.000000000000000000e+00,0.000000000000000000e+00
1.760440122331000000e+12,8.000000000000000000e+00,2.000000000000000000e+00,0.000000000000000000e+00,0.000000000000000000e+00,2.000000000000000000e+00,-1.880697299704499059e-01,2.918532976483972918e-01,-1.918527075958463834e-01,2.821134971291884841e-01,8.613312235614366541e-01,7.029275007851709667e-01,3.999999999999999667e-01,3.780000000000000027e-01,8.412090021497532488e-01,6.513941647047010175e-01,4.000000000000000777e-01,3.780000000000000027e-01,0.000000000000000000e+00,-2.000000000000000111e-01
1.760440122534000000e+12,8.000000000000000000e+00,2.000000000000000000e+00,0.000000000000000000e+00,0.000000000000000000e+00,2.000000000000000000e+00,-1.921698960136978274e-01,2.817238625827120369e-01,-2.042660001806661796e-01,2.719816528213404028e-01,8.395218297143732800e-01,6.493326062577357005e-01,5.000000000000000000e-01,3.780000000000000027e-01,7.751808501028394360e-01,5.977865228642350592e-01,2.959999999999999853e-01,3.780000000000000027e-01,0.000000000000000000e+00,-2.000000000000000111e-01
1.760440122737000000e+12,8.000000000000000000e+00,2.000000000000000000e+00,0.000000000000000000e+00,1.000000000000000056e-01,0.000000000000000000e+00,-2.042660001806661796e-01,2.719816528213404028e-01,-2.205932312940058204e-01,2.623621876510398021e-01,7.751808501028394360e-01,5.977865228642350592e-01,5.040000000000000036e-01,3.780000000000000027e-01,6.883338760957137259e-01,5.468898817515334132e-01,2.959999999999999853e-01,3.919999999999999596e-01,2.000000000000000042e-02,0.000000000000000000e+00
1.760440122942000000e+12,8.000000000000000000e+00,2.000000000000000000e+00,0.000000000000000000e+00,1.000000000000000056e-01,0.000000000000000000e+00,-2.205932312940058204e-01,2.623621876510398021e-01,-2.369256076390366950e-01,2.556227601186543130e-01,6.883338760957137259e-01,5.468898817515334132e-01,6.039999999999999813e-01,3.919999999999999596e-01,6.014595338349111309e-01,5.112315350193350483e-01,2.959999999999999853e-01,4.420000000000000040e-01,2.000000000000000042e-02,0.000000000000000000e+00
1.760440123142000000e+12,8.000000000000000000e+00,2.000000000000000000e+00,0.000000000000000000e+00,0.000000000000000000e+00,0.000000000000000000e+00,-2.369256076390366950e-01,2.556227601186543130e-01,-2.532600900479447525e-01,2.522303989316864725e-01,6.014595338349111309e-01,5.112315350193350483e-01,6.039999999999999813e-01,4.420000000000000040e-01,5.145739891066768434e-01,4.932825340300872052e-01,2.959999999999999853e-01,4.619999999999999662e-01,0.000000000000000000e+00,0.000000000000000000e+00
1.760440123346000000e+12,8.000000000000000000e+00,2.000000000000000000e+00,0.000000000000000000e+00,0.000000000000000000e+00,2.000000000000000000e+00,-2.539135043569250572e-01,2.521093931463174176e-01,-2.740243768852064776e-01,2.490831632297058895e-01,5.110983810801857929e-01,4.926422917794572864e-01,5.000000000000000000e-01,4.619999999999999662e-01,4.041256548659229453e-01,4.766304932788671955e-01,1.959999999999997300e-01,4.619999999999999662e-01,0.000000000000000000e+00,-2.000000000000000111e-01
1.760440123550000000e+12,8.000000000000000000e+00,2.000000000000000000e+00,0.000000000000000000e+00,0.000000000000000000e+00,0.000000000000000000e+00,-2.740243768852064776e-01,2.490831632297058895e-01,-2.983618598307009040e-01,2.460557973924091812e-01,4.041256548659229453e-01,4.766304932788671955e-01,5.999999999999999778e-01,4.619999999999999662e-01,2.746709583473355143e-01,4.606126846159216415e-01,1.959999999999997300e-01,4.619999999999999662e-01,0.000000000000000000e+00,0.000000000000000000e+00
1.760440123754000000e+12,8.000000000000000000e+00,2.000000000000000000e+00,0.000000000000000000e+00,0.000000000000000000e+00,2.000000000000000000e+00,-2.993354927552205336e-01,2.459347180203177718e-01,-3.274423708634625063e-01,2.429063385788522988e-01,2.694920598126566702e-01,4.599720530175543942e-01,5.000000000000000000e-01,4.619999999999999662e-01,1.199873890241354990e-01,4.439488813695889324e-01,9.600000000000025180e-02,4.619999999999999662e-01,0.000000000000000000e+00,-2.000000000000000111e-01
1.760440123957000000e+12,8.000000000000000000e+00,2.000000000000000000e+00,0.000000000000000000e+00,0.000000000000000000e+00,0.000000000000000000e+00,-3.274423708634625063e-01,2.429063385788522988e-01,-3.497664997889944338e-01,2.398794677264038111e-01,1.199873890241354990e-01,4.439488813695889324e-01,5.919999999999999707e-01,4.619999999999999662e-01,1.242022398965659516e-03,4.279336916740942853e-01,5.000000000000000000e-01,4.619999999999999662e-01,0.000000000000000000e+00,0.000000000000000000e+00
1.760440124160000000e+12,8.000000000000000000e+00,2.000000000000000000e+00,0.000000000000000000e+00,1.000000000000000056e-01,2.000000000000000000e+00,-3.497664997889944338e-01,2.398794677264038111e-01,-3.497966938526170244e-01,2.375105078462015906e-01,1.242022398965659516e-03,4.279336916740942853e-01,5.959999999999999742e-01,4.619999999999999662e-01,1.081415677568901227e-03,4.153995124137650485e-01,5.000000000000000000e-01,4.919999999999999929e-01,2.000000000000000042e-02,-2.000000000000000111e-01
1.760440124363000000e+12,8.000000000000000000e+00,2.000000000000000000e+00,0.000000000000000000e+00,0.000000000000000000e+00,1.000000000000000000e+00,-3.497978972382769225e-01,2.374840620070709785e-01,-3.460564655719293170e-01,2.386882958266576260e-01,1.075014690016251823e-03,4.152595873389999248e-01,6.959999999999999520e-01,4.919999999999999929e-01,2.097624695782266541e-02,4.216311948500404139e-01,5.999999999999999778e-01,5.260000000000000231e-01,0.000000000000000000e+00,2.000000000000000111e-01
1.760440124567000000e+12,8.000000000000000000e+00,2.000000000000000000e+00,0.000000000000000000e+00,0.000000000000000000e+00,1.000000000000000000e+00,-3.460564655719293170e-01,2.386882958266576260e-01,-3.343164276267117097e-01,2.407857843924746666e-01,2.097624695782266541e-02,4.216311948500404139e-01,6.959999999999999520e-01,5.260000000000000231e-01,8.342325730472484324e-02,4.327290179496014466e-01,7.000000000000000666e-01,5.260000000000000231e-01,0.000000000000000000e+00,2.000000000000000111e-01
1.760440124771000000e+12,8.000000000000000000e+00,2.000000000000000000e+00,0.000000000000000000e+00,0.000000000000000000e+00,2.000000000000000000e+00,-3.343164276267117097e-01,2.407857843924746666e-01,-3.211572371335413290e-01,2.429666204353295722e-01,8.342325730472484324e-02,4.327290179496014466e-01,5.959999999999999742e-01,5.260000000000000231e-01,1.534189514173332491e-01,4.442678329911617929e-01,6.079999999999999849e-01,5.260000000000000231e-01,0.000000000000000000e+00,-2.000000000000000111e-01
1.760440124974000000e+12,8.000000000000000000e+00,2.000000000000000000e+00,0.000000000000000000e+00,0.000000000000000000e+00,0.000000000000000000e+00,-3.211572371335413290e-01,2.429666204353295722e-01,-3.128596318435479251e-01,2.450642254599834091e-01,1.534189514173332491e-01,4.442678329911617929e-01,6.959999999999999520e-01,5.260000000000000231e-01,1.975551497683619984e-01,4.553662722750445591e-01,6.039999999999999813e-01,5.260000000000000231e-01,0.000000000000000000e+00,0.000000000000000000e+00
1.760440125177000000e+12,8.000000000000000000e+00,2.000000000000000000e+00,0.000000000000000000e+00,-1.000000000000000056e-01,0.000000000000000000e+00,-3.128596318435479251e-01,2.450642254599834091e-01,-3.045623966580627839e-01,2.471041725576306747e-01,1.975551497683619984e-01,4.553662722750445591e-01,5.919999999999999707e-01,5.260000000000000231e-01,2.416893794783893656e-01,4.661596431620670944e-01,6.039999999999999813e-01,5.160000000000000142e-01,-2.000000000000000042e-02,0.000000000000000000e+00
1.760440125380000000e+12,8.000000000000000000e+00,2.000000000000000000e+00,0.000000000000000000e+00,-1.000000000000000056e-01,0.000000000000000000e+00,-3.042304848176271004e-01,2.471576750086208751e-01,-2.959318367481176271e-01,2.464111006143346883e-01,2.434548679913451363e-01,4.664427249133379916e-01,6.919999999999999485e-01,5.160000000000000142e-01,2.875966130419274625e-01,4.624925958430407547e-01,6.039999999999999813e-01,4.640000000000000235e-01,-2.000000000000000042e-02,0.000000000000000000e+00
1.760440125584000000e+12,8.000000000000000000e+00,2.000000000000000000e+00,0.000000000000000000e+00,0.000000000000000000e+00,2.000000000000000000e+00,-2.959318367481176271e-01,2.464111006143346883e-01,-2.914093284939887618e-01,2.435491760262281369e-01,2.875966130419274625e-01,4.624925958430407547e-01,5.919999999999999707e-01,4.640000000000000235e-01,3.116525080106979928e-01,4.473501377049108330e-01,5.040000000000000036e-01,4.640000000000000235e-01,0.000000000000000000e+00,-2.000000000000000111e-01
1.760440125788000000e+12,8.000000000000000000e+00,2.000000000000000000e+00,0.000000000000000000e+00,1.000000000000000056e-01,0.000000000000000000e+00,-2.914093284939887618e-01,2.435491760262281369e-01,-2.914102464242415147e-01,2.407900404589759236e-01,3.116525080106979928e-01,4.473501377049108330e-01,4.919999999999999929e-01,4.640000000000000235e-01,3.116476254029705850e-01,4.327515368199784662e-01,5.000000000000000000e-01,4.799999999999999822e-01,2.000000000000000042e-02,0.000000000000000000e+00
1.760440125992000000e+12,8.000000000000000000e+00,2.000000000000000000e+00,0.000000000000000000e+00,0.000000000000000000e+00,0.000000000000000000e+00,-2.914102464242415147e-01,2.407900404589759236e-01,-2.914294855872245904e-01,2.412140216422997974e-01,3.116476254029705850e-01,4.327515368199784662e-01,5.879999999999999671e-01,4.819999999999999840e-01,3.115452894296563691e-01,4.349948235042317979e-01,5.000000000000000000e-01,5.240000000000000213e-01,0.000000000000000000e+00,0.000000000000000000e+00
1.760440126195000000e+12,8.000000000000000000e+00,2.000000000000000000e+00,0.000000000000000000e+00,0.000000000000000000e+00,0.000000000000000000e+00,-2.914294855872245904e-01,2.412140216422997974e-01,-2.914488543323663361e-01,2.431509883150536622e-01,3.115452894296563691e-01,4.349948235042317979e-01,6.879999999999999449e-01,5.240000000000000213e-01,3.114422641895406851e-01,4.452433244182734118e-01,5.000000000000000000e-01,5.240000000000000213e-01,0.000000000000000000e+00,0.000000000000000000e+00
1.760440126399000000e+12,8.000000000000000000e+00,2.000000000000000000e+00,0.000000000000000000e+00,0.000000000000000000e+00,2.000000000000000000e+00,-2.914496309137987184e-01,2.432284703166016082e-01,-2.952389523641015812e-01,2.451655933608261617e-01,3.114381334372408050e-01,4.456532820984212551e-01,5.879999999999999671e-01,5.240000000000000213e-01,2.912821682760553532e-01,4.559026103747416681e-01,4.040000000000000258e-01,5.240000000000000213e-01,0.000000000000000000e+00,-2.000000000000000111e-01
1.760440126601000000e+12,8.000000000000000000e+00,2.000000000000000000e+00,0.000000000000000000e+00,0.000000000000000000e+00,2.000000000000000000e+00,-2.952389523641015812e-01,2.451655933608261617e-01,-3.070278745107103413e-01,2.471023082437210361e-01,2.912821682760553532e-01,4.559026103747416681e-01,4.879999999999999893e-01,5.240000000000000213e-01,2.285751355813278873e-01,4.661497790673071462e-01,2.999999999999999889e-01,5.240000000000000213e-01,0.000000000000000000e+00,-2.000000000000000111e-01
1.760440126804000000e+12,8.000000000000000000e+00,2.000000000000000000e+00,0.000000000000000000e+00,-1.000000000000000056e-01,0.000000000000000000e+00,-3.070278745107103413e-01,2.471023082437210361e-01,-3.230479468050444503e-01,2.489813840108046905e-01,2.285751355813278873e-01,4.661497790673071462e-01,4.879999999999999893e-01,5.240000000000000213e-01,1.433619850795506967e-01,4.760919788931465835e-01,2.999999999999999889e-01,5.140000000000000124e-01,-2.000000000000000042e-02,0.000000000000000000e+00
1.760440127007000000e+12,8.000000000000000000e+00,2.000000000000000000e+00,0.000000000000000000e+00,0.000000000000000000e+00,0.000000000000000000e+00,-3.230479468050444503e-01,2.489813840108046905e-01,-3.397155728426409227e-01,2.481250455064529514e-01,1.433619850795506967e-01,4.760919788931465835e-01,5.879999999999999671e-01,5.140000000000000124e-01,5.470439977318647395e-02,4.715610873357299337e-01,2.999999999999999889e-01,4.640000000000000235e-01,0.000000000000000000e+00,0.000000000000000000e+00
1.760440127210000000e+12,8.000000000000000000e+00,2.000000000000000000e+00,0.000000000000000000e+00,0.000000000000000000e+00,2.000000000000000000e+00,-3.397155728426409227e-01,2.481250455064529514e-01,-3.491277180996385510e-01,2.452635461308259879e-01,5.470439977318647395e-02,4.715610873357299337e-01,5.000000000000000000e-01,4.640000000000000235e-01,4.639797342348015580e-03,4.564208789990793491e-01,5.000000000000000000e-01,4.640000000000000235e-01,0.000000000000000000e+00,-2.000000000000000111e-01
1.760440127413000000e+12,8.000000000000000000e+00,2.000000000000000000e+00,0.000000000000000000e+00,0.000000000000000000e+00,0.000000000000000000e+00,-3.491277180996385510e-01,2.452635461308259879e-01,-3.491581741437520536e-01,2.424032140806169633e-01,4.639797342348015580e-03,4.564208789990793491e-01,5.000000000000000000e-01,4.640000000000000235e-01,4.477797107701724649e-03,4.412868469873914012e-01,5.000000000000000000e-01,4.640000000000000235e-01,0.000000000000000000e+00,0.000000000000000000e+00
1.760440127617000000e+12,8.000000000000000000e+00,2.000000000000000000e+00,0.000000000000000000e+00,0.000000000000000000e+00,1.000000000000000000e+00,-3.491593820327641984e-01,2.422887910766574338e-01,-3.454144982513094875e-01,2.394278156619253362e-01,4.471372166147763449e-03,4.406814342680288044e-01,4.000000000000000777e-01,4.640000000000000235e-01,2.439096674835367420e-02,4.255439982112452224e-01,5.999999999999999778e-01,4.640000000000000235e-01,0.000000000000000000e+00,2.000000000000000111e-01
1.760440127820000000e+12,8.000000000000000000e+00,2.000000000000000000e+00,0.000000000000000000e+00,0.000000000000000000e+00,1.000000000000000000e+00,-3.454144982513094875e-01,2.394278156619253362e-01,-3.336764022067327251e-01,2.365651565391174160e-01,2.439096674835367420e-02,4.255439982112452224e-01,5.000000000000000000e-01,4.640000000000000235e-01,8.682764783652795193e-02,4.103976536461239610e-01,7.000000000000000666e-01,4.640000000000000235e-01,0.000000000000000000e+00,2.000000000000000111e-01
1.760440128024000000e+12,8.000000000000000000e+00,2.000000000000000000e+00,0.000000000000000000e+00,0.000000000000000000e+00,0.000000000000000000e+00,-3.336764022067327251e-01,2.365651565391174160e-01,-3.167467449587102468e-01,2.335860157666238557e-01,8.682764783652795193e-02,4.103976536461239610e-01,5.040000000000000036e-01,4.640000000000000235e-01,1.768790161770730507e-01,3.946350040562109363e-01,7.039999999999999591e-01,4.640000000000000235e-01,0.000000000000000000e+00,0.000000000000000000e+00
1.760440128228000000e+12,8.000000000000000000e+00,2.000000000000000000e+00,0.000000000000000000e+00,1.000000000000000056e-01,2.000000000000000000e+00,-3.167467449587102468e-01,2.335860157666238557e-01,-3.042216673940568716e-01,2.316764105956237718e-01,1.768790161770730507e-01,3.946350040562109363e-01,5.040000000000000036e-01,4.640000000000000235e-01,2.435017691805484719e-01,3.845312729927183870e-01,6.039999999999999813e-01,5.000000000000000000e-01,2.000000000000000042e-02,-2.000000000000000111e-01
1.760440128431000000e+12,8.000000000000000000e+00,2.000000000000000000e+00,0.000000000000000000e+00,0.000000000000000000e+00,0.000000000000000000e+00,-3.042216673940568716e-01,2.316764105956237718e-01,-2.959177489484176027e-01,2.329237323933846249e-01,2.435017691805484719e-01,3.845312729927183870e-01,5.040000000000000036e-01,5.000000000000000000e-01,2.876715481467148061e-01,3.911308592242573323e-01,6.039999999999999813e-01,5.200000000000000178e-01,0.000000000000000000e+00,0.000000000000000000e+00
1.760440128635000000e+12,8.000000000000000000e+00,2.000000000000000000e+00,0.000000000000000000e+00,0.000000000000000000e+00,0.000000000000000000e+00,-2.955856993381531517e-01,2.329883439693318514e-01,-2.872838270196785837e-01,2.346035515218586887e-01,2.894377694779086685e-01,3.914727194144542732e-01,5.040000000000000036e-01,5.200000000000000178e-01,3.335966647889436199e-01,4.000187911209454605e-01,6.039999999999999813e-01,5.200000000000000178e-01,0.000000000000000000e+00,0.000000000000000000e+00
1.760440128838000000e+12,8.000000000000000000e+00,2.000000000000000000e+00,0.000000000000000000e+00,0.000000000000000000e+00,0.000000000000000000e+00,-2.872838270196785837e-01,2.346035515218586887e-01,-2.789809048732197483e-01,2.362186770255469970e-01,3.335966647889436199e-01,4.000187911209454605e-01,4.040000000000000258e-01,5.200000000000000178e-01,3.777611442913842432e-01,4.085644287065979263e-01,6.039999999999999813e-01,5.200000000000000178e-01,0.000000000000000000e+00,0.000000000000000000e+00
1.760440129042000000e+12,8.000000000000000000e+00,2.000000000000000000e+00,0.000000000000000000e+00,0.000000000000000000e+00,0.000000000000000000e+00,-2.786487687936027302e-01,2.362832815733043601e-01,-2.703448174721502228e-01,2.378983351625379716e-01,3.795278255659428890e-01,4.089062517106051287e-01,3.039999999999999925e-01,5.200000000000000178e-01,4.236977794034562095e-01,4.174515087964972282e-01,6.039999999999999813e-01,5.200000000000000178e-01,0.000000000000000000e+00,0.000000000000000000e+00
1.760440129246000000e+12,8.000000000000000000e+00,2.000000000000000000e+00,0.000000000000000000e+00,0.000000000000000000e+00,1.000000000000000000e+00,-2.703448174721502228e-01,2.378983351625379716e-01,-2.582685714735495353e-01,2.395125864297152629e-01,4.236977794034562095e-01,4.174515087964972282e-01,1.999999999999997613e-01,5.200000000000000178e-01,4.879331304598428232e-01,4.259925207921442802e-01,7.039999999999999591e-01,5.200000000000000178e-01,0.000000000000000000e+00,2.000000000000000111e-01
1.760440129448000000e+12,8.000000000000000000e+00,2.000000000000000000e+00,0.000000000000000000e+00,0.000000000000000000e+00,2.000000000000000000e+00,-2.582685714735495353e-01,2.395125864297152629e-01,-2.457300163761904632e-01,2.411265358625001021e-01,4.879331304598428232e-01,4.259925207921442802e-01,1.999999999999997613e-01,5.200000000000000178e-01,5.546275724670719498e-01,4.345319357804238725e-01,6.039999999999999813e-01,5.200000000000000178e-01,0.000000000000000000e+00,-2.000000000000000111e-01
0.000000000000000000e+00,0.000000000000000000e+00,0.000000000000000000e+00,0.000000000000000000e+00,0.000000000000000000e+00,0.000000000000000000e+00,0.000000000000000000e+00,0.000000000000000000e+00,0.000000000000000000e+00,0.000000000000000000e+00,0.000000000000000000e+00,0.000000000000000000e+00,0.000000000000000000e+00,0.000000000000000000e+00,0.000000000000000000e+00,0.000000000000000000e+00,0.000000000000000000e+00,0.000000000000000000e+00,0.000000000000000000e+00,0.000000000000000000e+00
1.760440397459000000e+12,1.000000000000000000e+00,4.000000000000000000e+00,1.000000000000000000e+00,1.000000000000000056e-01,1.000000000000000000e+00,-2.595676401189379590e-01,3.478417051825057338e-01,-3.290962842089554807e-01,3.214179586660776411e-01,4.810231908567129122e-01,9.991624612830992680e-01,5.000000000000000000e-01,5.000000000000000000e-01,1.111899776119388283e-01,8.593542786564956071e-01,5.959999999999999742e-01,5.000000000000000000e-01,2.000000000000000042e-02,2.000000000000000111e-01
1.760440397660000000e+12,1.000000000000000000e+00,4.000000000000000000e+00,1.000000000000000000e+00,-1.000000000000000056e-01,1.000000000000000000e+00,-3.287939366830386345e-01,3.214193554471251879e-01,-3.170666627120051206e-01,3.213941619358409718e-01,1.127982091327731223e-01,8.593616690324085150e-01,5.999999999999999778e-01,5.000000000000000000e-01,1.751773259999726828e-01,8.592283700309046868e-01,7.000000000000000666e-01,4.899999999999999911e-01,-2.000000000000000042e-02,2.000000000000000111e-01
1.760440397863000000e+12,1.000000000000000000e+00,4.000000000000000000e+00,1.000000000000000000e+00,-1.000000000000000056e-01,1.000000000000000000e+00,-3.170666627120051206e-01,3.213941619358409718e-01,-2.973335631797413559e-01,3.187393153109192578e-01,1.751773259999726828e-01,8.592283700309046868e-01,5.999999999999999778e-01,4.899999999999999911e-01,2.801406213843544157e-01,8.451815624916363401e-01,8.000000000000002665e-01,4.400000000000000022e-01,-2.000000000000000042e-02,2.000000000000000111e-01
1.760440398067000000e+12,1.000000000000000000e+00,4.000000000000000000e+00,1.000000000000000000e+00,-1.000000000000000056e-01,0.000000000000000000e+00,-2.973335631797413559e-01,3.187393153109192578e-01,-2.720861455630113057e-01,3.117316269571481779e-01,2.801406213843544157e-01,8.451815624916363401e-01,5.999999999999999778e-01,4.400000000000000022e-01,4.144353959414291411e-01,8.081038463341174705e-01,8.040000000000002700e-01,3.899999999999999578e-01,-2.000000000000000042e-02,0.000000000000000000e+00
1.760440398270000000e+12,1.000000000000000000e+00,4.000000000000000000e+00,1.000000000000000000e+00,0.000000000000000000e+00,2.000000000000000000e+00,-2.720861455630113057e-01,3.117316269571481779e-01,-2.515587469790242503e-01,3.011839202093928858e-01,4.144353959414291411e-01,8.081038463341174705e-01,5.000000000000000000e-01,3.880000000000000115e-01,5.236236862817859050e-01,7.522958741237719682e-01,7.039999999999999591e-01,3.579999999999998739e-01,0.000000000000000000e+00,-2.000000000000000111e-01
1.760440398473000000e+12,1.000000000000000000e+00,4.000000000000000000e+00,1.000000000000000000e+00,0.000000000000000000e+00,2.000000000000000000e+00,-2.515587469790242503e-01,3.011839202093928858e-01,-2.390261216164515368e-01,2.898457703548060205e-01,5.236236862817859050e-01,7.522958741237719682e-01,5.000000000000000000e-01,3.579999999999998739e-01,5.902865871465343695e-01,6.923056632529419607e-01,6.039999999999999813e-01,3.579999999999998739e-01,0.000000000000000000e+00,-2.000000000000000111e-01
1.760440398674000000e+12,1.000000000000000000e+00,4.000000000000000000e+00,1.000000000000000000e+00,0.000000000000000000e+00,0.000000000000000000e+00,-2.390261216164515368e-01,2.898457703548060205e-01,-2.307180632569500178e-01,2.785064154653595359e-01,5.902865871465343695e-01,6.923056632529419607e-01,3.999999999999999667e-01,3.579999999999998739e-01,6.344783869311169111e-01,6.323090765362938681e-01,6.039999999999999813e-01,3.579999999999998739e-01,0.000000000000000000e+00,0.000000000000000000e+00
1.760440398877000000e+12,1.000000000000000000e+00,4.000000000000000000e+00,1.000000000000000000e+00,1.000000000000000056e-01,2.000000000000000000e+00,-2.303858243929862160e-01,2.780528048507402428e-01,-2.258530597769872750e-01,2.667167752143448367e-01,6.362456149309243525e-01,6.299090203742870875e-01,3.999999999999999667e-01,3.579999999999998739e-01,6.603560650160250622e-01,5.699300275891261425e-01,5.040000000000000036e-01,3.619999999999999329e-01,2.000000000000000042e-02,-2.000000000000000111e-01
1.760440399081000000e+12,1.000000000000000000e+00,4.000000000000000000e+00,1.000000000000000000e+00,1.000000000000000056e-01,2.000000000000000000e+00,-2.258530597769872750e-01,2.667167752143448367e-01,-2.293162386340849568e-01,2.575800437998555514e-01,6.603560650160250622e-01,5.699300275891261425e-01,5.000000000000000000e-01,3.619999999999999329e-01,6.419349008825268044e-01,5.215875333325691310e-01,4.040000000000000258e-01,4.120000000000000329e-01,2.000000000000000042e-02,-2.000000000000000111e-01
1.760440399284000000e+12,1.000000000000000000e+00,4.000000000000000000e+00,1.000000000000000000e+00,1.000000000000000056e-01,1.000000000000000000e+00,-2.293162386340849568e-01,2.575800437998555514e-01,-2.338574353406371320e-01,2.523158281596605823e-01,6.419349008825268044e-01,5.215875333325691310e-01,5.040000000000000036e-01,4.120000000000000329e-01,6.177795992519301560e-01,4.937345405273046994e-01,4.960000000000000520e-01,4.619999999999999662e-01,2.000000000000000042e-02,2.000000000000000111e-01
1.760440399488000000e+12,1.000000000000000000e+00,4.000000000000000000e+00,1.000000000000000000e+00,0.000000000000000000e+00,1.000000000000000000e+00,-2.338574353406371320e-01,2.523158281596605823e-01,-2.301038780977854858e-01,2.506842237096258974e-01,6.177795992519301560e-01,4.937345405273046994e-01,6.039999999999999813e-01,4.640000000000000235e-01,6.377453292670984819e-01,4.851017127493434389e-01,5.999999999999999778e-01,4.839999999999999858e-01,0.000000000000000000e+00,2.000000000000000111e-01
1.760440399691000000e+12,1.000000000000000000e+00,4.000000000000000000e+00,1.000000000000000000e+00,0.000000000000000000e+00,2.000000000000000000e+00,-2.301038780977854858e-01,2.506842237096258974e-01,-2.258904293468000368e-01,2.494202963953041918e-01,6.377453292670984819e-01,4.851017127493434389e-01,6.039999999999999813e-01,4.839999999999999858e-01,6.601572907085103692e-01,4.784142666418211842e-01,5.000000000000000000e-01,4.839999999999999858e-01,0.000000000000000000e+00,-2.000000000000000111e-01
1.760440399894000000e+12,1.000000000000000000e+00,4.000000000000000000e+00,1.000000000000000000e+00,1.000000000000000056e-01,0.000000000000000000e+00,-2.258877045108467763e-01,2.493697418291002110e-01,-2.262163781006742980e-01,2.498386559013199559e-01,6.601717845167724974e-01,4.781467821645514205e-01,5.000000000000000000e-01,4.839999999999999858e-01,6.584235207410941149e-01,4.806278090016929405e-01,4.960000000000000520e-01,5.320000000000000284e-01,2.000000000000000042e-02,0.000000000000000000e+00
1.760440400098000000e+12,1.000000000000000000e+00,4.000000000000000000e+00,1.000000000000000000e+00,0.000000000000000000e+00,2.000000000000000000e+00,-2.262163781006742980e-01,2.498386559013199559e-01,-2.303228964731311446e-01,2.539621960165240888e-01,6.584235207410941149e-01,4.806278090016929405e-01,5.999999999999999778e-01,5.320000000000000284e-01,6.365803379088769143e-01,5.024454815689105569e-01,3.960000000000000187e-01,5.599999999999999423e-01,0.000000000000000000e+00,-2.000000000000000111e-01
1.760440400301000000e+12,1.000000000000000000e+00,4.000000000000000000e+00,1.000000000000000000e+00,0.000000000000000000e+00,1.000000000000000000e+00,-2.303228964731311446e-01,2.539621960165240888e-01,-2.354928590745081485e-01,2.587791838308493575e-01,6.365803379088769143e-01,5.024454815689105569e-01,5.000000000000000000e-01,5.599999999999999423e-01,6.090805368377225637e-01,5.279321895812135734e-01,4.879999999999999893e-01,5.599999999999999423e-01,0.000000000000000000e+00,2.000000000000000111e-01
1.760440400506000000e+12,1.000000000000000000e+00,4.000000000000000000e+00,1.000000000000000000e+00,0.000000000000000000e+00,0.000000000000000000e+00,-2.355349989793516507e-01,2.589718841865806809e-01,-2.361920181596606216e-01,2.637897501417902357e-01,6.088563884077039523e-01,5.289517681829666307e-01,5.919999999999999707e-01,5.599999999999999423e-01,6.053616055337200930e-01,5.544431224433346017e-01,4.919999999999999929e-01,5.599999999999999423e-01,0.000000000000000000e+00,0.000000000000000000e+00
1.760440400710000000e+12,1.000000000000000000e+00,4.000000000000000000e+00,1.000000000000000000e+00,-1.000000000000000056e-01,1.000000000000000000e+00,-2.361920181596606216e-01,2.637897501417902357e-01,-2.330799557878674988e-01,2.668767890261024012e-01,6.053616055337200930e-01,5.544431224433346017e-01,5.959999999999999742e-01,5.599999999999999423e-01,6.219151287879387535e-01,5.707766615137693789e-01,5.919999999999999707e-01,5.120000000000000107e-01,-2.000000000000000042e-02,2.000000000000000111e-01
1.760440400914000000e+12,1.000000000000000000e+00,4.000000000000000000e+00,1.000000000000000000e+00,-1.000000000000000056e-01,2.000000000000000000e+00,-2.327893293615217185e-01,2.669175087761591625e-01,-2.288977057552298300e-01,2.658516992261304446e-01,6.234610140344589713e-01,5.709921099267680766e-01,6.959999999999999520e-01,5.120000000000000107e-01,6.441611395998413370e-01,5.653529059583621841e-01,4.960000000000000520e-01,4.599999999999999645e-01,-2.000000000000000042e-02,-2.000000000000000111e-01
1.760440401116000000e+12,1.000000000000000000e+00,4.000000000000000000e+00,1.000000000000000000e+00,0.000000000000000000e+00,0.000000000000000000e+00,-2.288977057552298300e-01,2.658516992261304446e-01,-2.292277624357002552e-01,2.613512629942836285e-01,6.441611395998413370e-01,5.653529059583621841e-01,6.959999999999999520e-01,4.599999999999999645e-01,6.424055189590411885e-01,5.415410740438287851e-01,4.960000000000000520e-01,4.380000000000000560e-01,0.000000000000000000e+00,0.000000000000000000e+00
1.760440401319000000e+12,1.000000000000000000e+00,4.000000000000000000e+00,1.000000000000000000e+00,0.000000000000000000e+00,2.000000000000000000e+00,-2.292277624357002552e-01,2.613512629942836285e-01,-2.333302034090789234e-01,2.564084074495042165e-01,6.424055189590411885e-01,5.415410740438287851e-01,5.959999999999999742e-01,4.380000000000000560e-01,6.205840244197928790e-01,5.153883992037260331e-01,3.960000000000000187e-01,4.380000000000000560e-01,0.000000000000000000e+00,-2.000000000000000111e-01
1.760440401524000000e+12,1.000000000000000000e+00,4.000000000000000000e+00,1.000000000000000000e+00,0.000000000000000000e+00,1.000000000000000000e+00,-2.336603187582882157e-01,2.562106649569574901e-01,-2.385405533304622017e-01,2.512672513827087784e-01,6.188280917112328749e-01,5.143421426294048082e-01,6.959999999999999520e-01,4.380000000000000560e-01,5.928693971783924876e-01,4.881865152524274554e-01,4.919999999999999929e-01,4.380000000000000560e-01,0.000000000000000000e+00,2.000000000000000111e-01
1.760440401727000000e+12,1.000000000000000000e+00,4.000000000000000000e+00,1.000000000000000000e+00,0.000000000000000000e+00,0.000000000000000000e+00,-2.385405533304622017e-01,2.512672513827087784e-01,-2.391965846235623860e-01,2.463236103741921479e-01,5.928693971783924876e-01,4.881865152524274554e-01,5.919999999999999707e-01,4.380000000000000560e-01,5.893798690236042859e-01,4.620296845195352442e-01,4.919999999999999929e-01,4.380000000000000560e-01,0.000000000000000000e+00,0.000000000000000000e+00
1.760440401930000000e+12,1.000000000000000000e+00,4.000000000000000000e+00,1.000000000000000000e+00,1.000000000000000056e-01,2.000000000000000000e+00,-2.391965846235623860e-01,2.463236103741921479e-01,-2.436187269074956141e-01,2.414367566853706515e-01,5.893798690236042859e-01,4.620296845195352442e-01,6.919999999999999485e-01,4.380000000000000560e-01,5.658578355984275055e-01,4.361733157956119711e-01,3.920000000000000151e-01,4.480000000000000648e-01,2.000000000000000042e-02,-2.000000000000000111e-01
0.000000000000000000e+00,0.000000000000000000e+00,0.000000000000000000e+00,0.000000000000000000e+00,0.000000000000000000e+00,0.000000000000000000e+00,0.000000000000000000e+00,0.000000000000000000e+00,0.000000000000000000e+00,0.000000000000000000e+00,0.000000000000000000e+00,0.000000000000000000e+00,0.000000000000000000e+00,0.000000000000000000e+00,0.000000000000000000e+00,0.000000000000000000e+00,0.000000000000000000e+00,0.000000000000000000e+00,0.000000000000000000e+00,0.000000000000000000e+00
1.760440407606000000e+12,2.000000000000000000e+00,4.000000000000000000e+00,1.000000000000000000e+00,0.000000000000000000e+00,0.000000000000000000e+00,-2.450671723424375781e-01,2.408055124452161411e-01,-3.419888461011096892e-01,3.180751212115044413e-01,5.581533386040553602e-01,4.328333991810378034e-01,5.000000000000000000e-01,4.560000000000000164e-01,4.261252073877813684e-02,8.416673079973781002e-01,3.760000000000000564e-01,4.560000000000000164e-01,0.000000000000000000e+00,0.000000000000000000e+00
1.760440407810000000e+12,2.000000000000000000e+00,4.000000000000000000e+00,1.000000000000000000e+00,0.000000000000000000e+00,0.000000000000000000e+00,-3.419888461011096892e-01,3.180751212115044413e-01,-3.496727827038441649e-01,3.145906461095366868e-01,4.261252073877813684e-02,8.416673079973781002e-01,5.999999999999999778e-01,4.560000000000000164e-01,1.740517532743685557e-03,8.232309317964905393e-01,5.000000000000000000e-01,4.560000000000000164e-01,0.000000000000000000e+00,0.000000000000000000e+00
1.760440408014000000e+12,2.000000000000000000e+00,4.000000000000000000e+00,1.000000000000000000e+00,-1.000000000000000056e-01,1.000000000000000000e+00,-3.496727827038441649e-01,3.145906461095366868e-01,-3.459510933098113861e-01,3.108878692646461772e-01,1.740517532743685557e-03,8.232309317964905393e-01,5.999999999999999778e-01,4.560000000000000164e-01,2.153673771376910656e-02,8.036395199187629235e-01,5.999999999999999778e-01,4.380000000000000560e-01,-2.000000000000000042e-02,2.000000000000000111e-01
1.760440408219000000e+12,2.000000000000000000e+00,4.000000000000000000e+00,1.000000000000000000e+00,-1.000000000000000056e-01,1.000000000000000000e+00,-3.456359852898333584e-01,3.106923911382781789e-01,-3.335857008485713093e-01,3.037182228461118294e-01,2.321284420301393536e-02,8.026052441178740393e-01,5.999999999999999778e-01,4.380000000000000560e-01,8.731010186930143746e-02,7.657048827836605565e-01,7.039999999999999591e-01,3.859999999999999543e-01,-2.000000000000000042e-02,2.000000000000000111e-01
1.760440408421000000e+12,2.000000000000000000e+00,4.000000000000000000e+00,1.000000000000000000e+00,0.000000000000000000e+00,1.000000000000000000e+00,-3.335857008485713093e-01,3.037182228461118294e-01,-3.135320114428203908e-01,2.940530389953270318e-01,8.731010186930143746e-02,7.657048827836605565e-01,5.000000000000000000e-01,3.859999999999999543e-01,1.939786625381893226e-01,7.145663438906193488e-01,8.040000000000002700e-01,3.780000000000000027e-01,0.000000000000000000e+00,2.000000000000000111e-01
1.760440408626000000e+12,2.000000000000000000e+00,4.000000000000000000e+00,1.000000000000000000e+00,0.000000000000000000e+00,0.000000000000000000e+00,-3.135320114428203908e-01,2.940530389953270318e-01,-2.892392805735167216e-01,2.843124237912452723e-01,1.939786625381893226e-01,7.145663438906193488e-01,5.000000000000000000e-01,3.780000000000000027e-01,3.231953160983152551e-01,6.630286973081761515e-01,8.040000000000002700e-01,3.780000000000000027e-01,0.000000000000000000e+00,0.000000000000000000e+00
1.760440408829000000e+12,2.000000000000000000e+00,4.000000000000000000e+00,1.000000000000000000e+00,1.000000000000000056e-01,2.000000000000000000e+00,-2.882673458651541787e-01,2.839227445156139451e-01,-2.677338529337858208e-01,2.741812167275032852e-01,3.283651815683287789e-01,6.609669021990156601e-01,3.999999999999999667e-01,3.780000000000000027e-01,4.375858886500753608e-01,6.094244271296470616e-01,7.039999999999999591e-01,3.799999999999999489e-01,2.000000000000000042e-02,-2.000000000000000111e-01
1.760440409032000000e+12,2.000000000000000000e+00,4.000000000000000000e+00,1.000000000000000000e+00,1.000000000000000056e-01,2.000000000000000000e+00,-2.677338529337858208e-01,2.741812167275032852e-01,-2.552010639368683664e-01,2.664847531496405408e-01,4.375858886500753608e-01,6.094244271296470616e-01,3.999999999999999667e-01,3.799999999999999489e-01,5.042496599102745947e-01,5.687023976171458051e-01,6.039999999999999813e-01,4.299999999999999933e-01,2.000000000000000042e-02,-2.000000000000000111e-01
1.760440409235000000e+12,2.000000000000000000e+00,4.000000000000000000e+00,1.000000000000000000e+00,0.000000000000000000e+00,2.000000000000000000e+00,-2.552010639368683664e-01,2.664847531496405408e-01,-2.506654528570383400e-01,2.625689514624425236e-01,5.042496599102745947e-01,5.687023976171458051e-01,5.000000000000000000e-01,4.299999999999999933e-01,5.283752507604343451e-01,5.479838701716536198e-01,5.040000000000000036e-01,4.619999999999999662e-01,0.000000000000000000e+00,-2.000000000000000111e-01
1.760440409438000000e+12,2.000000000000000000e+00,4.000000000000000000e+00,1.000000000000000000e+00,0.000000000000000000e+00,0.000000000000000000e+00,-2.506500959716168042e-01,2.624480912604129079e-01,-2.506627475913704162e-01,2.594263338454282919e-01,5.284569363211871762e-01,5.473443982032429878e-01,5.040000000000000036e-01,4.619999999999999662e-01,5.283896404714338857e-01,5.313562637324248383e-01,5.000000000000000000e-01,4.619999999999999662e-01,0.000000000000000000e+00,0.000000000000000000e+00
1.760440409642000000e+12,2.000000000000000000e+00,4.000000000000000000e+00,1.000000000000000000e+00,0.000000000000000000e+00,0.000000000000000000e+00,-2.506627475913704162e-01,2.594263338454282919e-01,-2.506782665446387615e-01,2.564041734103368331e-01,5.283896404714338857e-01,5.313562637324248383e-01,6.039999999999999813e-01,4.619999999999999662e-01,5.283070928476660821e-01,5.153659968800891056e-01,5.000000000000000000e-01,4.619999999999999662e-01,0.000000000000000000e+00,0.000000000000000000e+00
1.760440409846000000e+12,2.000000000000000000e+00,4.000000000000000000e+00,1.000000000000000000e+00,0.000000000000000000e+00,0.000000000000000000e+00,-2.506782665446387615e-01,2.564041734103368331e-01,-2.506940545022409705e-01,2.532607068661235084e-01,5.283070928476660821e-01,5.153659968800891056e-01,6.039999999999999813e-01,4.619999999999999662e-01,5.282231143497819748e-01,4.987338987625583031e-01,5.000000000000000000e-01,4.619999999999999662e-01,0.000000000000000000e+00,0.000000000000000000e+00
0.000000000000000000e+00,0.000000000000000000e+00,0.000000000000000000e+00,0.000000000000000000e+00,0.000000000000000000e+00,0.000000000000000000e+00,0.000000000000000000e+00,0.000000000000000000e+00,0.000000000000000000e+00,0.000000000000000000e+00,0.000000000000000000e+00,0.000000000000000000e+00,0.000000000000000000e+00,0.000000000000000000e+00,0.000000000000000000e+00,0.000000000000000000e+00,0.000000000000000000e+00,0.000000000000000000e+00,0.000000000000000000e+00,0.000000000000000000e+00
1.760440415569000000e+12,3.000000000000000000e+00,4.000000000000000000e+00,2.000000000000000000e+00,0.000000000000000000e+00,2.000000000000000000e+00,-2.506958549139904902e-01,2.528979733317536227e-01,-1.750045132333924447e-01,1.601449882666093338e-01,5.282135376915398917e-01,4.968146737129822132e-01,5.000000000000000000e-01,4.619999999999999662e-01,9.308270572691891287e-01,6.058138976768949815e-03,4.040000000000000258e-01,4.619999999999999662e-01,0.000000000000000000e+00,-2.000000000000000111e-01
1.760440415772000000e+12,3.000000000000000000e+00,4.000000000000000000e+00,2.000000000000000000e+00,0.000000000000000000e+00,2.000000000000000000e+00,-1.750045132333924447e-01,1.601449882666093338e-01,-1.867733140778835010e-01,1.590264052453122523e-01,9.308270572691891287e-01,6.058138976768949815e-03,5.999999999999999778e-01,4.619999999999999662e-01,8.682270527772154578e-01,1.397102926574066660e-04,2.999999999999999889e-01,5.000000000000000000e-01,0.000000000000000000e+00,-2.000000000000000111e-01
1.760440415975000000e+12,3.000000000000000000e+00,4.000000000000000000e+00,2.000000000000000000e+00,0.000000000000000000e+00,2.000000000000000000e+00,-1.867733140778835010e-01,1.590264052453122523e-01,-2.065421948374836780e-01,1.590310817059107373e-01,8.682270527772154578e-01,1.397102926574066660e-04,5.999999999999999778e-01,5.000000000000000000e-01,7.630734317155123403e-01,1.644534704271687694e-04,1.999999999999997613e-01,5.000000000000000000e-01,0.000000000000000000e+00,-2.000000000000000111e-01
1.760440416177000000e+12,3.000000000000000000e+00,4.000000000000000000e+00,2.000000000000000000e+00,0.000000000000000000e+00,2.000000000000000000e+00,-2.065421948374836780e-01,1.590310817059107373e-01,-2.355951086196137745e-01,1.590340412948345050e-01,7.630734317155123403e-01,1.644534704271687694e-04,5.999999999999999778e-01,5.000000000000000000e-01,6.085366562786500566e-01,1.801126710820242463e-04,1.000000000000002276e-01,5.000000000000000000e-01,0.000000000000000000e+00,-2.000000000000000111e-01
1.760440416381000000e+12,3.000000000000000000e+00,4.000000000000000000e+00,2.000000000000000000e+00,0.000000000000000000e+00,1.000000000000000000e+00,-2.355951086196137745e-01,1.590340412948345050e-01,-2.641523075044272528e-01,1.590381723822679172e-01,6.085366562786500566e-01,1.801126710820242463e-04,5.000000000000000000e-01,5.000000000000000000e-01,4.566366622104932604e-01,2.019702765498135322e-04,1.959999999999997300e-01,5.000000000000000000e-01,0.000000000000000000e+00,2.000000000000000111e-01
1.760440416585000000e+12,3.000000000000000000e+00,4.000000000000000000e+00,2.000000000000000000e+00,0.000000000000000000e+00,1.000000000000000000e+00,-2.641523075044272528e-01,1.590381723822679172e-01,-2.847195456591297136e-01,1.590455017953959216e-01,4.566366622104932604e-01,2.019702765498135322e-04,5.000000000000000000e-01,5.000000000000000000e-01,3.472364592599482824e-01,2.407502401900484033e-04,2.959999999999999853e-01,5.000000000000000000e-01,0.000000000000000000e+00,2.000000000000000111e-01
1.760440416789000000e+12,3.000000000000000000e+00,4.000000000000000000e+00,2.000000000000000000e+00,0.000000000000000000e+00,2.000000000000000000e+00,-2.853760038710332347e-01,1.590458376339979052e-01,-3.051612387150979266e-01,1.590538004812072082e-01,3.437446602604614654e-01,2.425271640100674941e-04,3.999999999999999667e-01,5.000000000000000000e-01,2.385040493877768897e-01,2.846586307259561886e-04,1.999999999999997613e-01,5.000000000000000000e-01,0.000000000000000000e+00,-2.000000000000000111e-01
1.760440416991000000e+12,3.000000000000000000e+00,4.000000000000000000e+00,2.000000000000000000e+00,0.000000000000000000e+00,1.000000000000000000e+00,-3.051612387150979266e-01,1.590538004812072082e-01,-3.254066198910596786e-01,1.590620647345827587e-01,2.385040493877768897e-01,2.846586307259561886e-04,3.999999999999999667e-01,5.000000000000000000e-01,1.308158516432994800e-01,3.283848390622026714e-04,2.999999999999999889e-01,5.000000000000000000e-01,0.000000000000000000e+00,2.000000000000000111e-01
1.760440417198000000e+12,3.000000000000000000e+00,4.000000000000000000e+00,2.000000000000000000e+00,0.000000000000000000e+00,2.000000000000000000e+00,-3.260504795424413182e-01,1.590624287313760488e-01,-3.455144376210473878e-01,1.590711603076942204e-01,1.273910662636099089e-01,3.303107480214091370e-04,5.000000000000000000e-01,5.000000000000000000e-01,2.385937435613080110e-02,3.765095645196719714e-04,2.039999999999997649e-01,5.000000000000000000e-01,0.000000000000000000e+00,-2.000000000000000111e-01
1.760440417400000000e+12,3.000000000000000000e+00,4.000000000000000000e+00,2.000000000000000000e+00,0.000000000000000000e+00,0.000000000000000000e+00,-3.455144376210473878e-01,1.590711603076942204e-01,-3.494391779742742621e-01,1.590812700491766041e-01,2.385937435613080110e-02,3.765095645196719714e-04,5.040000000000000036e-01,5.000000000000000000e-01,2.983095881519765014e-03,4.300002601936594678e-04,5.000000000000000000e-01,5.000000000000000000e-01,0.000000000000000000e+00,0.000000000000000000e+00
1.760440417603000000e+12,3.000000000000000000e+00,4.000000000000000000e+00,2.000000000000000000e+00,0.000000000000000000e+00,2.000000000000000000e+00,-3.494391779742742621e-01,1.590812700491766041e-01,-3.494603007235834724e-01,1.590917557022543394e-01,2.983095881519765014e-03,4.300002601936594678e-04,6.039999999999999813e-01,5.000000000000000000e-01,2.870740832002688630e-03,4.854799061076028811e-04,5.000000000000000000e-01,5.000000000000000000e-01,0.000000000000000000e+00,-2.000000000000000111e-01
1.760440417808000000e+12,3.000000000000000000e+00,4.000000000000000000e+00,2.000000000000000000e+00,0.000000000000000000e+00,2.000000000000000000e+00,-3.494611438030844619e-01,1.590921747075393355e-01,-3.494822346472070129e-01,1.591026527480288166e-01,2.866256366571893685e-03,4.876968652874767891e-04,6.039999999999999813e-01,5.000000000000000000e-01,2.754071025494494399e-03,5.431362329566889312e-04,5.000000000000000000e-01,5.000000000000000000e-01,0.000000000000000000e+00,-2.000000000000000111e-01
1.760440418011000000e+12,3.000000000000000000e+00,4.000000000000000000e+00,2.000000000000000000e+00,0.000000000000000000e+00,2.000000000000000000e+00,-3.494822346472070129e-01,1.591026527480288166e-01,-3.495032955811048780e-01,1.591131236239954894e-01,2.754071025494494399e-03,5.431362329566889312e-04,5.000000000000000000e-01,5.000000000000000000e-01,2.642044781356914143e-03,5.985376930978144987e-04,5.000000000000000000e-01,5.000000000000000000e-01,0.000000000000000000e+00,-2.000000000000000111e-01
1.760440418214000000e+12,3.000000000000000000e+00,4.000000000000000000e+00,2.000000000000000000e+00,0.000000000000000000e+00,1.000000000000000000e+00,-3.495032955811048780e-01,1.591131236239954894e-01,-3.457584875815215009e-01,1.591239123344788953e-01,2.642044781356914143e-03,5.985376930978144987e-04,5.999999999999999778e-01,5.000000000000000000e-01,2.256123626850254152e-02,6.556208173486393872e-04,5.999999999999999778e-01,5.000000000000000000e-01,0.000000000000000000e+00,2.000000000000000111e-01
1.760440418417000000e+12,3.000000000000000000e+00,4.000000000000000000e+00,2.000000000000000000e+00,0.000000000000000000e+00,2.000000000000000000e+00,-3.457584875815215009e-01,1.591239123344788953e-01,-3.415494574634315161e-01,1.591341977185614931e-01,2.256123626850254152e-02,6.556208173486393872e-04,5.000000000000000000e-01,5.000000000000000000e-01,4.494969434344926740e-02,7.100408389496860873e-04,5.000000000000000000e-01,5.000000000000000000e-01,0.000000000000000000e+00,-2.000000000000000111e-01
1.760440418621000000e+12,3.000000000000000000e+00,4.000000000000000000e+00,2.000000000000000000e+00,0.000000000000000000e+00,2.000000000000000000e+00,-3.415494574634315161e-01,1.591341977185614931e-01,-3.453387662078090670e-01,1.591444907967719535e-01,4.494969434344926740e-02,7.100408389496860873e-04,5.919999999999999707e-01,5.000000000000000000e-01,2.479379676697293297e-02,7.645015702219635102e-04,3.999999999999999667e-01,5.000000000000000000e-01,0.000000000000000000e+00,-2.000000000000000111e-01
1.760440418824000000e+12,3.000000000000000000e+00,4.000000000000000000e+00,2.000000000000000000e+00,1.000000000000000056e-01,2.000000000000000000e+00,-3.456563636641754589e-01,1.591448959291607568e-01,-3.496642236256272129e-01,1.603472145267871851e-01,2.310444859481127280e-02,7.666451278346790837e-04,5.959999999999999742e-01,5.000000000000000000e-01,1.786044544535983665e-03,7.128119189350174030e-03,5.000000000000000000e-01,5.400000000000000355e-01,2.000000000000000042e-02,-2.000000000000000111e-01
1.760440419028000000e+12,3.000000000000000000e+00,4.000000000000000000e+00,2.000000000000000000e+00,1.000000000000000056e-01,2.000000000000000000e+00,-3.496642236256272129e-01,1.603472145267871851e-01,-3.496851642373806635e-01,1.654428236848042855e-01,1.786044544535983665e-03,7.128119189350174030e-03,6.959999999999999520e-01,5.400000000000000355e-01,1.674658311804863705e-03,3.408901420531366966e-02,5.000000000000000000e-01,5.899999999999999689e-01,2.000000000000000042e-02,-2.000000000000000111e-01
1.760440419231000000e+12,3.000000000000000000e+00,4.000000000000000000e+00,2.000000000000000000e+00,0.000000000000000000e+00,2.000000000000000000e+00,-3.496851642373806635e-01,1.654428236848042855e-01,-3.497069919511230918e-01,1.746484696009460436e-01,1.674658311804863705e-03,3.408901420531366966e-02,6.959999999999999520e-01,5.899999999999999689e-01,1.558553451472798231e-03,8.279613545474097391e-02,5.000000000000000000e-01,6.199999999999999956e-01,0.000000000000000000e+00,-2.000000000000000111e-01
1.760440419434000000e+12,3.000000000000000000e+00,4.000000000000000000e+00,2.000000000000000000e+00,0.000000000000000000e+00,1.000000000000000000e+00,-3.497069919511230918e-01,1.746484696009460436e-01,-3.459542265660377480e-01,1.842603761831978493e-01,1.558553451472798231e-03,8.279613545474097391e-02,5.959999999999999742e-01,6.199999999999999956e-01,2.152007145724590606e-02,1.336527840380838661e-01,5.999999999999999778e-01,6.199999999999999956e-01,0.000000000000000000e+00,2.000000000000000111e-01
1.760440419637000000e+12,3.000000000000000000e+00,4.000000000000000000e+00,2.000000000000000000e+00,0.000000000000000000e+00,1.000000000000000000e+00,-3.459542265660377480e-01,1.842603761831978493e-01,-3.342073317489120399e-01,1.938714772066332248e-01,2.152007145724590606e-02,1.336527840380838661e-01,6.959999999999999520e-01,6.199999999999999956e-01,8.400355452706351200e-02,1.845051704054668229e-01,7.000000000000000666e-01,6.199999999999999956e-01,0.000000000000000000e+00,2.000000000000000111e-01
1.760440419840000000e+12,3.000000000000000000e+00,4.000000000000000000e+00,2.000000000000000000e+00,0.000000000000000000e+00,2.000000000000000000e+00,-3.342073317489120399e-01,1.938714772066332248e-01,-3.210388914005919969e-01,2.038674201536978536e-01,8.400355452706351200e-02,1.845051704054668229e-01,5.919999999999999707e-01,6.199999999999999956e-01,1.540484499968509946e-01,2.373937574269728012e-01,6.079999999999999849e-01,6.199999999999999956e-01,0.000000000000000000e+00,-2.000000000000000111e-01
1.760440420044000000e+12,3.000000000000000000e+00,4.000000000000000000e+00,2.000000000000000000e+00,0.000000000000000000e+00,1.000000000000000000e+00,-3.210388914005919969e-01,2.038674201536978536e-01,-3.089679738422275723e-01,2.134797411864783612e-01,1.540484499968509946e-01,2.373937574269728012e-01,6.919999999999999485e-01,6.199999999999999956e-01,2.182554582860234682e-01,2.882525988702558939e-01,7.039999999999999591e-01,6.199999999999999956e-01,0.000000000000000000e+00,2.000000000000000111e-01
1.760440420247000000e+12,3.000000000000000000e+00,4.000000000000000000e+00,2.000000000000000000e+00,0.000000000000000000e+00,2.000000000000000000e+00,-3.089679738422275723e-01,2.134797411864783612e-01,-2.964366135131116797e-01,2.230925913021519214e-01,2.182554582860234682e-01,2.882525988702558939e-01,5.919999999999999707e-01,6.199999999999999956e-01,2.849116302494058561e-01,3.391142396939255677e-01,6.039999999999999813e-01,6.199999999999999956e-01,0.000000000000000000e+00,-2.000000000000000111e-01
1.760440420452000000e+12,3.000000000000000000e+00,4.000000000000000000e+00,2.000000000000000000e+00,-1.000000000000000056e-01,0.000000000000000000e+00,-2.961012942490902078e-01,2.234771586263255283e-01,-2.881150360111454090e-01,2.330342762561609660e-01,2.866952433559030733e-01,3.411489874408758505e-01,4.919999999999999929e-01,6.199999999999999956e-01,3.291753403662477373e-01,3.917157473870950812e-01,5.999999999999999778e-01,6.099999999999999867e-01,-2.000000000000000042e-02,0.000000000000000000e+00
1.760440420654000000e+12,3.000000000000000000e+00,4.000000000000000000e+00,2.000000000000000000e+00,-1.000000000000000056e-01,1.000000000000000000e+00,-2.881150360111454090e-01,2.330342762561609660e-01,-2.763623959910050387e-01,2.399657307143724938e-01,3.291753403662477373e-01,3.917157473870950812e-01,5.879999999999999671e-01,6.099999999999999867e-01,3.916893830265688603e-01,4.283901095998545183e-01,7.000000000000000666e-01,5.599999999999999423e-01,-2.000000000000000042e-02,2.000000000000000111e-01
1.760440420857000000e+12,3.000000000000000000e+00,4.000000000000000000e+00,2.000000000000000000e+00,0.000000000000000000e+00,2.000000000000000000e+00,-2.763623959910050387e-01,2.399657307143724938e-01,-2.641512656924279168e-01,2.432349524718427358e-01,3.916893830265688603e-01,4.283901095998545183e-01,6.879999999999999449e-01,5.599999999999999423e-01,4.566422037636812536e-01,4.456875792160991945e-01,5.999999999999999778e-01,5.320000000000000284e-01,0.000000000000000000e+00,-2.000000000000000111e-01
1.760440421060000000e+12,3.000000000000000000e+00,4.000000000000000000e+00,2.000000000000000000e+00,0.000000000000000000e+00,2.000000000000000000e+00,-2.638286841617220047e-01,2.433379760907629641e-01,-2.599383798893701303e-01,2.459141045957423111e-01,4.583580629695637731e-01,4.462326777289046253e-01,5.879999999999999671e-01,5.320000000000000284e-01,4.790511708012226699e-01,4.598629872790598871e-01,4.960000000000000520e-01,5.320000000000000284e-01,0.000000000000000000e+00,-2.000000000000000111e-01
0.000000000000000000e+00,0.000000000000000000e+00,0.000000000000000000e+00,0.000000000000000000e+00,0.000000000000000000e+00,0.000000000000000000e+00,0.000000000000000000e+00,0.000000000000000000e+00,0.000000000000000000e+00,0.000000000000000000e+00,0.000000000000000000e+00,0.000000000000000000e+00,0.000000000000000000e+00,0.000000000000000000e+00,0.000000000000000000e+00,0.000000000000000000e+00,0.000000000000000000e+00,0.000000000000000000e+00,0.000000000000000000e+00,0.000000000000000000e+00
1.760440426795000000e+12,4.000000000000000000e+00,4.000000000000000000e+00,3.000000000000000000e+00,0.000000000000000000e+00,1.000000000000000000e+00,-2.600090120501029056e-01,2.462232813292875577e-01,-3.303554025243649606e-01,1.648208908924678473e-01,4.786754678186015410e-01,4.614988430121035323e-01,5.000000000000000000e-01,5.320000000000000284e-01,1.044925397640160680e-01,3.079836451041188111e-02,5.800000000000000711e-01,5.320000000000000284e-01,0.000000000000000000e+00,2.000000000000000111e-01
1.760440426998000000e+12,4.000000000000000000e+00,4.000000000000000000e+00,3.000000000000000000e+00,0.000000000000000000e+00,2.000000000000000000e+00,-3.301033379071592888e-01,1.649237049470424488e-01,-3.271710902676813193e-01,1.674943579819315187e-01,1.058333090044717706e-01,3.134235421715580311e-02,5.999999999999999778e-01,5.320000000000000284e-01,1.214303709165886203e-01,4.494369302609268341e-02,4.840000000000000413e-01,5.320000000000000284e-01,0.000000000000000000e+00,-2.000000000000000111e-01
1.760440427201000000e+12,4.000000000000000000e+00,4.000000000000000000e+00,3.000000000000000000e+00,0.000000000000000000e+00,1.000000000000000000e+00,-3.271710902676813193e-01,1.674943579819315187e-01,-3.246948027481536547e-01,1.700651965783205044e-01,1.214303709165886203e-01,4.494369302609268341e-02,5.999999999999999778e-01,5.320000000000000284e-01,1.346021130417357770e-01,5.854601364190742396e-02,5.840000000000000746e-01,5.320000000000000284e-01,0.000000000000000000e+00,2.000000000000000111e-01
1.760440427405000000e+12,4.000000000000000000e+00,4.000000000000000000e+00,3.000000000000000000e+00,1.000000000000000056e-01,2.000000000000000000e+00,-3.244299161958809075e-01,1.701680204947746133e-01,-3.211803061907154699e-01,1.729077423024207583e-01,1.360110840644631613e-01,5.909005552790800447e-02,5.999999999999999778e-01,5.320000000000000284e-01,1.532962436664069839e-01,7.358593810804633928e-02,4.879999999999999893e-01,5.479999999999999316e-01,2.000000000000000042e-02,-2.000000000000000111e-01
1.760440427608000000e+12,4.000000000000000000e+00,4.000000000000000000e+00,3.000000000000000000e+00,1.000000000000000056e-01,2.000000000000000000e+00,-3.211803061907154699e-01,1.729077423024207583e-01,-3.259226174860982428e-01,1.786418971086344842e-01,1.532962436664069839e-01,7.358593810804633928e-02,5.000000000000000000e-01,5.479999999999999316e-01,1.280711835845837199e-01,1.039253815271665854e-01,3.880000000000000671e-01,5.979999999999999760e-01,2.000000000000000042e-02,-2.000000000000000111e-01
1.760440427813000000e+12,4.000000000000000000e+00,4.000000000000000000e+00,3.000000000000000000e+00,0.000000000000000000e+00,1.000000000000000000e+00,-3.259226174860982428e-01,1.786418971086344842e-01,-3.311268178837796228e-01,1.874234616879727477e-01,1.280711835845837199e-01,1.039253815271665854e-01,5.000000000000000000e-01,5.979999999999999760e-01,1.003892665756402069e-01,1.503886861797499863e-01,4.879999999999999893e-01,6.119999999999999885e-01,0.000000000000000000e+00,2.000000000000000111e-01
1.760440428015000000e+12,4.000000000000000000e+00,4.000000000000000000e+00,3.000000000000000000e+00,0.000000000000000000e+00,1.000000000000000000e+00,-3.311675976888066031e-01,1.877823787334113870e-01,-3.280659583181321226e-01,1.967552418652966928e-01,1.001723527191137053e-01,1.522877181661978219e-01,3.999999999999999667e-01,6.119999999999999885e-01,1.166704344780205294e-01,1.997631844724692962e-01,5.919999999999999707e-01,6.119999999999999885e-01,0.000000000000000000e+00,2.000000000000000111e-01
1.760440428218000000e+12,4.000000000000000000e+00,4.000000000000000000e+00,3.000000000000000000e+00,0.000000000000000000e+00,1.000000000000000000e+00,-3.280659583181321226e-01,1.967552418652966928e-01,-3.169495915039364786e-01,2.057273667656110139e-01,1.166704344780205294e-01,1.997631844724692962e-01,3.999999999999999667e-01,6.119999999999999885e-01,1.758000451918271534e-01,2.472347447915926866e-01,6.919999999999999485e-01,6.119999999999999885e-01,0.000000000000000000e+00,2.000000000000000111e-01
1.760440428421000000e+12,4.000000000000000000e+00,4.000000000000000000e+00,3.000000000000000000e+00,0.000000000000000000e+00,2.000000000000000000e+00,-3.169495915039364786e-01,2.057273667656110139e-01,-3.053807929658956533e-01,2.146999673269734954e-01,1.758000451918271534e-01,2.472347447915926866e-01,5.000000000000000000e-01,6.119999999999999885e-01,2.373362076282145294e-01,2.947088218358386302e-01,5.919999999999999707e-01,6.119999999999999885e-01,0.000000000000000000e+00,-2.000000000000000111e-01
1.760440428625000000e+12,4.000000000000000000e+00,4.000000000000000000e+00,3.000000000000000000e+00,0.000000000000000000e+00,0.000000000000000000e+00,-3.050839136823559894e-01,2.150589205829191997e-01,-2.980586334662514991e-01,2.240332258274041755e-01,2.389153527534255139e-01,2.966080454122709265e-01,5.040000000000000036e-01,6.119999999999999885e-01,2.762838645412153404e-01,3.440911419439374730e-01,5.879999999999999671e-01,6.119999999999999885e-01,0.000000000000000000e+00,0.000000000000000000e+00
1.760440428830000000e+12,4.000000000000000000e+00,4.000000000000000000e+00,3.000000000000000000e+00,-1.000000000000000056e-01,0.000000000000000000e+00,-2.980586334662514991e-01,2.240332258274041755e-01,-2.910363890574630963e-01,2.329483247796538259e-01,2.762838645412153404e-01,3.440911419439374730e-01,6.039999999999999813e-01,6.119999999999999885e-01,3.136362284177494075e-01,3.912609776701261310e-01,5.879999999999999671e-01,6.019999999999999796e-01,-2.000000000000000042e-02,0.000000000000000000e+00
1.760440429032000000e+12,4.000000000000000000e+00,4.000000000000000000e+00,3.000000000000000000e+00,-1.000000000000000056e-01,0.000000000000000000e+00,-2.910363890574630963e-01,2.329483247796538259e-01,-2.837334678834129709e-01,2.394079368570349864e-01,3.136362284177494075e-01,3.912609776701261310e-01,6.039999999999999813e-01,6.019999999999999796e-01,3.524815538116330416e-01,4.254388193493914838e-01,5.879999999999999671e-01,5.519999999999999352e-01,-2.000000000000000042e-02,0.000000000000000000e+00
1.760440429235000000e+12,4.000000000000000000e+00,4.000000000000000000e+00,3.000000000000000000e+00,-1.000000000000000056e-01,0.000000000000000000e+00,-2.837334678834129709e-01,2.394079368570349864e-01,-2.767112344044895256e-01,2.415424511366236759e-01,3.524815538116330416e-01,4.254388193493914838e-01,5.000000000000000000e-01,5.499999999999999334e-01,3.898338595505875803e-01,4.367325456964216146e-01,5.879999999999999671e-01,5.000000000000000000e-01,-2.000000000000000042e-02,0.000000000000000000e+00
1.760440429440000000e+12,4.000000000000000000e+00,4.000000000000000000e+00,3.000000000000000000e+00,0.000000000000000000e+00,0.000000000000000000e+00,-2.767112344044895256e-01,2.415424511366236759e-01,-2.696880810371534154e-01,2.407416757684173181e-01,3.898338595505875803e-01,4.367325456964216146e-01,5.999999999999999778e-01,5.000000000000000000e-01,4.271910583130136829e-01,4.324956389863350847e-01,5.879999999999999671e-01,4.879999999999999893e-01,0.000000000000000000e+00,0.000000000000000000e+00
1.760440429641000000e+12,4.000000000000000000e+00,4.000000000000000000e+00,3.000000000000000000e+00,0.000000000000000000e+00,2.000000000000000000e+00,-2.694071319159406230e-01,2.407039098574074165e-01,-2.661542481579236563e-01,2.397599020007864234e-01,4.286854685322306624e-01,4.322958193513620206e-01,5.000000000000000000e-01,4.879999999999999893e-01,4.459880417131719677e-01,4.273010687872297875e-01,4.919999999999999929e-01,4.879999999999999893e-01,0.000000000000000000e+00,-2.000000000000000111e-01
1.760440429844000000e+12,4.000000000000000000e+00,4.000000000000000000e+00,3.000000000000000000e+00,0.000000000000000000e+00,2.000000000000000000e+00,-2.661542481579236563e-01,2.397599020007864234e-01,-2.708965390813778962e-01,2.388156618334350001e-01,4.459880417131719677e-01,4.273010687872297875e-01,5.919999999999999707e-01,4.879999999999999893e-01,4.207630899926707024e-01,4.223050890657936707e-01,3.880000000000000671e-01,4.879999999999999893e-01,0.000000000000000000e+00,-2.000000000000000111e-01
1.760440430046000000e+12,4.000000000000000000e+00,4.000000000000000000e+00,3.000000000000000000e+00,0.000000000000000000e+00,1.000000000000000000e+00,-2.708965390813778962e-01,2.388156618334350001e-01,-2.760955588367204339e-01,2.378714370820352031e-01,4.207630899926707024e-01,4.223050890657936707e-01,5.959999999999999742e-01,4.879999999999999893e-01,3.931087295919125091e-01,4.173091909102392139e-01,4.879999999999999893e-01,4.879999999999999893e-01,0.000000000000000000e+00,2.000000000000000111e-01
1.760440430250000000e+12,4.000000000000000000e+00,4.000000000000000000e+00,3.000000000000000000e+00,1.000000000000000056e-01,1.000000000000000000e+00,-2.760955588367204339e-01,2.378714370820352031e-01,-2.730281147476541492e-01,2.375399405726559832e-01,3.931087295919125091e-01,4.173091909102392139e-01,6.959999999999999520e-01,4.879999999999999893e-01,4.094249215550310739e-01,4.155552411251639544e-01,5.919999999999999707e-01,5.180000000000000160e-01,2.000000000000000042e-02,2.000000000000000111e-01
1.760440430453000000e+12,4.000000000000000000e+00,4.000000000000000000e+00,3.000000000000000000e+00,1.000000000000000056e-01,2.000000000000000000e+00,-2.730281147476541492e-01,2.375399405726559832e-01,-2.694601184017732520e-01,2.408805822235405569e-01,4.094249215550310739e-01,4.155552411251639544e-01,6.959999999999999520e-01,5.180000000000000160e-01,4.284036255224826228e-01,4.332305937753468950e-01,4.919999999999999929e-01,5.679999999999999494e-01,2.000000000000000042e-02,-2.000000000000000111e-01
1.760440430656000000e+12,4.000000000000000000e+00,4.000000000000000000e+00,3.000000000000000000e+00,0.000000000000000000e+00,0.000000000000000000e+00,-2.694601184017732520e-01,2.408805822235405569e-01,-2.701129484687261328e-01,2.472652864055355226e-01,4.284036255224826228e-01,4.332305937753468950e-01,5.959999999999999742e-01,5.679999999999999494e-01,4.249311251663502875e-01,4.670120973837859069e-01,4.919999999999999929e-01,5.819999999999999618e-01,0.000000000000000000e+00,0.000000000000000000e+00
1.760440430860000000e+12,4.000000000000000000e+00,4.000000000000000000e+00,3.000000000000000000e+00,0.000000000000000000e+00,0.000000000000000000e+00,-2.701392075078061228e-01,2.475283731945244203e-01,-2.707960119495956275e-01,2.541059106665548573e-01,4.247914494265631058e-01,4.684040909763197424e-01,6.959999999999999520e-01,5.819999999999999618e-01,4.212978087787466186e-01,5.032058765426183911e-01,4.919999999999999929e-01,5.819999999999999618e-01,0.000000000000000000e+00,0.000000000000000000e+00
1.760440431063000000e+12,4.000000000000000000e+00,4.000000000000000000e+00,3.000000000000000000e+00,-1.000000000000000056e-01,1.000000000000000000e+00,-2.707960119495956275e-01,2.541059106665548573e-01,-2.676870871861851686e-01,2.606840771040355720e-01,4.212978087787466186e-01,5.032058765426183911e-01,5.919999999999999707e-01,5.819999999999999618e-01,4.378346426266745972e-01,5.380109899684422103e-01,5.919999999999999707e-01,5.819999999999999618e-01,-2.000000000000000042e-02,2.000000000000000111e-01
1.760440431267000000e+12,4.000000000000000000e+00,4.000000000000000000e+00,3.000000000000000000e+00,-1.000000000000000056e-01,0.000000000000000000e+00,-2.676870871861851686e-01,2.606840771040355720e-01,-2.603478674706136142e-01,2.653736577940288277e-01,4.378346426266745972e-01,5.380109899684422103e-01,6.919999999999999485e-01,5.819999999999999618e-01,4.768730453690764870e-01,5.628235862117928479e-01,5.919999999999999707e-01,5.320000000000000284e-01,-2.000000000000000042e-02,0.000000000000000000e+00
1.760440431469000000e+12,4.000000000000000000e+00,4.000000000000000000e+00,3.000000000000000000e+00,-1.000000000000000056e-01,2.000000000000000000e+00,-2.603478674706136142e-01,2.653736577940288277e-01,-2.564858452096585584e-01,2.660124717616904055e-01,4.768730453690764870e-01,5.628235862117928479e-01,5.919999999999999707e-01,5.320000000000000284e-01,4.974157169699012226e-01,5.662035542946582956e-01,4.960000000000000520e-01,4.819999999999999840e-01,-2.000000000000000042e-02,-2.000000000000000111e-01
1.760440431670000000e+12,4.000000000000000000e+00,4.000000000000000000e+00,3.000000000000000000e+00,-1.000000000000000056e-01,0.000000000000000000e+00,-2.564858452096585584e-01,2.660124717616904055e-01,-2.571394657983008813e-01,2.625480785188491484e-01,4.974157169699012226e-01,5.662035542946582956e-01,4.919999999999999929e-01,4.799999999999999822e-01,4.939390117111654988e-01,5.478734313166622183e-01,4.919999999999999929e-01,4.300000000000001044e-01,-2.000000000000000042e-02,0.000000000000000000e+00
1.760440431874000000e+12,4.000000000000000000e+00,4.000000000000000000e+00,3.000000000000000000e+00,0.000000000000000000e+00,0.000000000000000000e+00,-2.571394657983008813e-01,2.625480785188491484e-01,-2.577951888383359647e-01,2.552526413518064197e-01,4.939390117111654988e-01,5.478734313166622183e-01,5.879999999999999671e-01,4.300000000000001044e-01,4.904511232003405663e-01,5.092732346656424491e-01,4.919999999999999929e-01,3.960000000000000187e-01,0.000000000000000000e+00,0.000000000000000000e+00
1.760440432077000000e+12,4.000000000000000000e+00,4.000000000000000000e+00,3.000000000000000000e+00,0.000000000000000000e+00,0.000000000000000000e+00,-2.578213950867703774e-01,2.549205497276137433e-01,-2.584760824011507196e-01,2.466177067931206168e-01,4.903117282618596473e-01,5.075161361249405090e-01,6.879999999999999449e-01,3.960000000000000187e-01,4.868293489300493104e-01,4.635857502281514608e-01,4.919999999999999929e-01,3.960000000000000187e-01,0.000000000000000000e+00,0.000000000000000000e+00
0.000000000000000000e+00,0.000000000000000000e+00,0.000000000000000000e+00,0.000000000000000000e+00,0.000000000000000000e+00,0.000000000000000000e+00,0.000000000000000000e+00,0.000000000000000000e+00,0.000000000000000000e+00,0.000000000000000000e+00,0.000000000000000000e+00,0.000000000000000000e+00,0.000000000000000000e+00,0.000000000000000000e+00,0.000000000000000000e+00,0.000000000000000000e+00,0.000000000000000000e+00,0.000000000000000000e+00,0.000000000000000000e+00,0.000000000000000000e+00
1.760440437719000000e+12,5.000000000000000000e+00,4.000000000000000000e+00,0.000000000000000000e+00,0.000000000000000000e+00,2.000000000000000000e+00,-2.585545895985219000e-01,2.456212992495446501e-01,-1.775642877286879029e-01,3.133482242133168727e-01,4.864117574546706901e-01,4.583137526430934305e-01,5.000000000000000000e-01,3.960000000000000187e-01,9.172112354857027139e-01,8.166572709699306820e-01,3.960000000000000187e-01,3.960000000000000187e-01,0.000000000000000000e+00,-2.000000000000000111e-01
1.760440437922000000e+12,5.000000000000000000e+00,4.000000000000000000e+00,0.000000000000000000e+00,-1.000000000000000056e-01,0.000000000000000000e+00,-1.775642877286879029e-01,3.133482242133168727e-01,-1.862125928423008503e-01,3.042050425087617360e-01,9.172112354857027139e-01,8.166572709699306820e-01,5.999999999999999778e-01,3.960000000000000187e-01,8.712096125409529712e-01,7.682806481945065880e-01,3.920000000000000151e-01,3.619999999999999329e-01,-2.000000000000000042e-02,0.000000000000000000e+00
1.760440438124000000e+12,5.000000000000000000e+00,4.000000000000000000e+00,0.000000000000000000e+00,0.000000000000000000e+00,2.000000000000000000e+00,-1.862125928423008503e-01,3.042050425087617360e-01,-1.986289827501462879e-01,2.913379531219272289e-01,8.712096125409529712e-01,7.682806481945065880e-01,5.999999999999999778e-01,3.619999999999999329e-01,8.051649853715623362e-01,7.002008101689272124e-01,2.919999999999999818e-01,3.200000000000000067e-01,0.000000000000000000e+00,-2.000000000000000111e-01
1.760440438328000000e+12,5.000000000000000000e+00,4.000000000000000000e+00,0.000000000000000000e+00,0.000000000000000000e+00,0.000000000000000000e+00,-1.992917529818676592e-01,2.907627142909500750e-01,-2.162581475251757201e-01,2.763806948870852764e-01,8.016396117985762348e-01,6.971572184706353870e-01,5.999999999999999778e-01,3.200000000000000067e-01,7.113928323128950737e-01,6.210618777094459864e-01,2.879999999999999782e-01,3.200000000000000067e-01,0.000000000000000000e+00,0.000000000000000000e+00
1.760440438531000000e+12,5.000000000000000000e+00,4.000000000000000000e+00,0.000000000000000000e+00,1.000000000000000056e-01,0.000000000000000000e+00,-2.162581475251757201e-01,2.763806948870852764e-01,-2.332289657058322918e-01,2.630649745332623302e-01,7.113928323128950737e-01,6.210618777094459864e-01,5.000000000000000000e-01,3.200000000000000067e-01,6.211225228413175259e-01,5.506083308638218821e-01,2.879999999999999782e-01,3.579999999999998739e-01,2.000000000000000042e-02,0.000000000000000000e+00
1.760440438733000000e+12,5.000000000000000000e+00,4.000000000000000000e+00,0.000000000000000000e+00,1.000000000000000056e-01,1.000000000000000000e+00,-2.332289657058322918e-01,2.630649745332623302e-01,-2.464372738162423915e-01,2.536018166516684214e-01,6.211225228413175259e-01,5.506083308638218821e-01,5.000000000000000000e-01,3.579999999999998739e-01,5.508655648072212641e-01,5.005387124426901035e-01,3.880000000000000115e-01,4.080000000000000293e-01,2.000000000000000042e-02,2.000000000000000111e-01
1.760440438936000000e+12,5.000000000000000000e+00,4.000000000000000000e+00,0.000000000000000000e+00,0.000000000000000000e+00,1.000000000000000000e+00,-2.464372738162423915e-01,2.536018166516684214e-01,-2.516791048846838685e-01,2.459631608599115449e-01,5.508655648072212641e-01,5.005387124426901035e-01,3.999999999999999667e-01,4.080000000000000293e-01,5.229834846559368033e-01,4.601225442323362835e-01,4.879999999999999893e-01,4.080000000000000293e-01,0.000000000000000000e+00,2.000000000000000111e-01
0.000000000000000000e+00,0.000000000000000000e+00,0.000000000000000000e+00,0.000000000000000000e+00,0.000000000000000000e+00,0.000000000000000000e+00,0.000000000000000000e+00,0.000000000000000000e+00,0.000000000000000000e+00,0.000000000000000000e+00,0.000000000000000000e+00,0.000000000000000000e+00,0.000000000000000000e+00,0.000000000000000000e+00,0.000000000000000000e+00,0.000000000000000000e+00,0.000000000000000000e+00,0.000000000000000000e+00,0.000000000000000000e+00,0.000000000000000000e+00
1.760440444657000000e+12,6.000000000000000000e+00,4.000000000000000000e+00,3.000000000000000000e+00,0.000000000000000000e+00,2.000000000000000000e+00,-2.517335760150250512e-01,2.450819544796711824e-01,-3.361255477540325276e-01,1.592531664994656371e-01,5.226937446009305432e-01,4.554600766120168731e-01,5.000000000000000000e-01,4.080000000000000293e-01,7.380027790408219546e-02,1.339505288177961261e-03,4.080000000000000293e-01,5.000000000000000000e-01,0.000000000000000000e+00,-2.000000000000000111e-01
1.760440444861000000e+12,6.000000000000000000e+00,4.000000000000000000e+00,3.000000000000000000e+00,0.000000000000000000e+00,0.000000000000000000e+00,-3.361255477540325276e-01,1.592531664994656371e-01,-3.438218003160582459e-01,1.592633605684207199e-01,7.380027790408219546e-02,1.339505288177961261e-03,5.999999999999999778e-01,5.000000000000000000e-01,3.286276427628580937e-02,1.393442160956176934e-03,4.040000000000000258e-01,5.000000000000000000e-01,0.000000000000000000e+00,0.000000000000000000e+00
1.760440445064000000e+12,6.000000000000000000e+00,4.000000000000000000e+00,3.000000000000000000e+00,1.000000000000000056e-01,2.000000000000000000e+00,-3.438218003160582459e-01,1.592633605684207199e-01,-3.498729661949774861e-01,1.603416976477226863e-01,3.286276427628580937e-02,1.393442160956176934e-03,5.999999999999999778e-01,5.000000000000000000e-01,6.757117288430412134e-04,7.098929353030074274e-03,5.000000000000000000e-01,5.379999999999999227e-01,2.000000000000000042e-02,-2.000000000000000111e-01
1.760440445267000000e+12,6.000000000000000000e+00,4.000000000000000000e+00,3.000000000000000000e+00,1.000000000000000056e-01,2.000000000000000000e+00,-3.498729661949774861e-01,1.603416976477226863e-01,-3.498951289167753220e-01,1.655538253835997509e-01,6.757117288430412134e-04,7.098929353030074274e-03,5.999999999999999778e-01,5.379999999999999227e-01,5.578249107694457053e-04,3.467632478095105525e-02,5.000000000000000000e-01,5.899999999999999689e-01,2.000000000000000042e-02,-2.000000000000000111e-01
1.760440445470000000e+12,6.000000000000000000e+00,4.000000000000000000e+00,3.000000000000000000e+00,0.000000000000000000e+00,2.000000000000000000e+00,-3.498951289167753220e-01,1.655538253835997509e-01,-3.499166203747630099e-01,1.735814152174578184e-01,5.578249107694457053e-04,3.467632478095105525e-02,5.000000000000000000e-01,5.899999999999999689e-01,4.435086448774886044e-04,7.715034506591438024e-02,5.000000000000000000e-01,6.019999999999999796e-01,0.000000000000000000e+00,-2.000000000000000111e-01
1.760440445674000000e+12,6.000000000000000000e+00,4.000000000000000000e+00,3.000000000000000000e+00,0.000000000000000000e+00,1.000000000000000000e+00,-3.499166203747630099e-01,1.735814152174578184e-01,-3.461674977253482721e-01,1.817532165951383505e-01,4.435086448774886044e-04,7.715034506591438024e-02,5.000000000000000000e-01,6.019999999999999796e-01,2.038565039708354482e-02,1.203873893922664112e-01,5.999999999999999778e-01,6.019999999999999796e-01,0.000000000000000000e+00,2.000000000000000111e-01
1.760440445877000000e+12,6.000000000000000000e+00,4.000000000000000000e+00,3.000000000000000000e+00,0.000000000000000000e+00,1.000000000000000000e+00,-3.458515770063591566e-01,1.820800771191643519e-01,-3.337848297214230930e-01,1.902509940658446419e-01,2.206607975340862601e-02,1.221168101543087386e-01,3.999999999999999667e-01,6.019999999999999796e-01,8.625090573711109709e-02,1.653491749515589582e-01,7.039999999999999591e-01,6.019999999999999796e-01,0.000000000000000000e+00,2.000000000000000111e-01
1.760440446079000000e+12,6.000000000000000000e+00,4.000000000000000000e+00,3.000000000000000000e+00,0.000000000000000000e+00,1.000000000000000000e+00,-3.337848297214230930e-01,1.902509940658446419e-01,-3.137141447864377763e-01,1.984200364027684516e-01,8.625090573711109709e-02,1.653491749515589582e-01,3.999999999999999667e-01,6.019999999999999796e-01,1.930098681572457731e-01,2.085716211786690644e-01,8.040000000000002700e-01,6.019999999999999796e-01,0.000000000000000000e+00,2.000000000000000111e-01
1.760440446283000000e+12,6.000000000000000000e+00,4.000000000000000000e+00,3.000000000000000000e+00,0.000000000000000000e+00,2.000000000000000000e+00,-3.137141447864377763e-01,1.984200364027684516e-01,-2.931864951731690816e-01,2.065890666051564961e-01,1.930098681572457731e-01,2.085716211786690644e-01,5.000000000000000000e-01,6.019999999999999796e-01,3.021994937597388686e-01,2.517940032018862184e-01,7.039999999999999591e-01,6.019999999999999796e-01,0.000000000000000000e+00,-2.000000000000000111e-01
1.760440446486000000e+12,6.000000000000000000e+00,4.000000000000000000e+00,3.000000000000000000e+00,0.000000000000000000e+00,2.000000000000000000e+00,-2.925311132229556632e-01,2.069158889868950857e-01,-2.803107696540252380e-01,2.150877962973114510e-01,3.056855679630017253e-01,2.535232221528840868e-01,5.040000000000000036e-01,6.019999999999999796e-01,3.706873954573124963e-01,2.967608269699018586e-01,5.999999999999999778e-01,6.019999999999999796e-01,0.000000000000000000e+00,-2.000000000000000111e-01
1.760440446689000000e+12,6.000000000000000000e+00,4.000000000000000000e+00,3.000000000000000000e+00,0.000000000000000000e+00,0.000000000000000000e+00,-2.803107696540252380e-01,2.150877962973114510e-01,-2.723218754185023904e-01,2.232612487460952644e-01,3.706873954573124963e-01,2.967608269699018586e-01,6.039999999999999813e-01,6.019999999999999796e-01,4.131815137313701869e-01,3.400066071221972130e-01,5.999999999999999778e-01,6.019999999999999796e-01,0.000000000000000000e+00,0.000000000000000000e+00
1.760440446892000000e+12,6.000000000000000000e+00,4.000000000000000000e+00,3.000000000000000000e+00,0.000000000000000000e+00,0.000000000000000000e+00,-2.723218754185023904e-01,2.232612487460952644e-01,-2.643358525156759287e-01,2.314353479400350910e-01,4.131815137313701869e-01,3.400066071221972130e-01,6.039999999999999813e-01,6.019999999999999796e-01,4.556603589591705639e-01,3.832558092065349031e-01,5.999999999999999778e-01,6.019999999999999796e-01,0.000000000000000000e+00,0.000000000000000000e+00
1.760440447095000000e+12,6.000000000000000000e+00,4.000000000000000000e+00,3.000000000000000000e+00,-1.000000000000000056e-01,2.000000000000000000e+00,-2.640164045564891704e-01,2.317623253944489925e-01,-2.597984997057968259e-01,2.383519503857468580e-01,4.573595502314405370e-01,3.849858486478783259e-01,5.000000000000000000e-01,6.019999999999999796e-01,4.797952143308679140e-01,4.198515893425759926e-01,5.000000000000000000e-01,5.560000000000000497e-01,-2.000000000000000042e-02,-2.000000000000000111e-01
1.760440447299000000e+12,6.000000000000000000e+00,4.000000000000000000e+00,3.000000000000000000e+00,-1.000000000000000056e-01,0.000000000000000000e+00,-2.597984997057968259e-01,2.383519503857468580e-01,-2.598101581825959516e-01,2.409638675467764279e-01,4.797952143308679140e-01,4.198515893425759926e-01,5.999999999999999778e-01,5.560000000000000497e-01,4.797332011564044429e-01,4.336712568612509644e-01,5.000000000000000000e-01,5.060000000000000053e-01,-2.000000000000000042e-02,0.000000000000000000e+00
0.000000000000000000e+00,0.000000000000000000e+00,0.000000000000000000e+00,0.000000000000000000e+00,0.000000000000000000e+00,0.000000000000000000e+00,0.000000000000000000e+00,0.000000000000000000e+00,0.000000000000000000e+00,0.000000000000000000e+00,0.000000000000000000e+00,0.000000000000000000e+00,0.000000000000000000e+00,0.000000000000000000e+00,0.000000000000000000e+00,0.000000000000000000e+00,0.000000000000000000e+00,0.000000000000000000e+00,0.000000000000000000e+00,0.000000000000000000e+00
1.760440452883000000e+12,7.000000000000000000e+00,4.000000000000000000e+00,0.000000000000000000e+00,0.000000000000000000e+00,0.000000000000000000e+00,-2.598125664929665235e-01,2.410112265970257850e-01,-1.731847945676225908e-01,3.211012035678398879e-01,4.797203909948588585e-01,4.339218338466973024e-01,5.000000000000000000e-01,4.979999999999999982e-01,9.405064118743479140e-01,8.576783257557667461e-01,5.000000000000000000e-01,4.979999999999999982e-01,0.000000000000000000e+00,0.000000000000000000e+00
1.760440453086000000e+12,7.000000000000000000e+00,4.000000000000000000e+00,0.000000000000000000e+00,-1.000000000000000056e-01,2.000000000000000000e+00,-1.731847945676225908e-01,3.211012035678398879e-01,-1.769710141714828933e-01,3.201189244962125424e-01,9.405064118743479140e-01,8.576783257557667461e-01,5.999999999999999778e-01,4.979999999999999982e-01,9.203669458963675831e-01,8.524810819905426218e-01,4.000000000000000777e-01,4.640000000000000235e-01,-2.000000000000000042e-02,-2.000000000000000111e-01
1.760440453289000000e+12,7.000000000000000000e+00,4.000000000000000000e+00,0.000000000000000000e+00,-1.000000000000000056e-01,2.000000000000000000e+00,-1.769710141714828933e-01,3.201189244962125424e-01,-1.887524944902598811e-01,3.153793938197698155e-01,9.203669458963675831e-01,8.524810819905426218e-01,5.999999999999999778e-01,4.640000000000000235e-01,8.576994973922347221e-01,8.274042001046022499e-01,2.999999999999999889e-01,4.140000000000000346e-01,-2.000000000000000042e-02,-2.000000000000000111e-01
1.760440453493000000e+12,7.000000000000000000e+00,4.000000000000000000e+00,0.000000000000000000e+00,0.000000000000000000e+00,1.000000000000000000e+00,-1.893898331649578881e-01,3.151067245826327801e-01,-2.019505664854644722e-01,3.066893053904698463e-01,8.543093980587346259e-01,8.259615057282159167e-01,5.999999999999999778e-01,4.140000000000000346e-01,7.874969867794442413e-01,7.814248962458723025e-01,3.960000000000000187e-01,3.880000000000000115e-01,0.000000000000000000e+00,2.000000000000000111e-01
1.760440453697000000e+12,7.000000000000000000e+00,4.000000000000000000e+00,0.000000000000000000e+00,0.000000000000000000e+00,1.000000000000000000e+00,-2.019505664854644722e-01,3.066893053904698463e-01,-2.065178720785847410e-01,2.977523498964195769e-01,7.874969867794442413e-01,7.814248962458723025e-01,5.000000000000000000e-01,3.880000000000000115e-01,7.632028080926342994e-01,7.341394174413735652e-01,4.960000000000000520e-01,3.880000000000000115e-01,0.000000000000000000e+00,2.000000000000000111e-01
1.760440453900000000e+12,7.000000000000000000e+00,4.000000000000000000e+00,0.000000000000000000e+00,0.000000000000000000e+00,2.000000000000000000e+00,-2.065178720785847410e-01,2.977523498964195769e-01,-2.103186758673256107e-01,2.884564778453352352e-01,7.632028080926342994e-01,7.341394174413735652e-01,5.000000000000000000e-01,3.880000000000000115e-01,7.429857666631616286e-01,6.849549092345780243e-01,4.040000000000000258e-01,3.880000000000000115e-01,0.000000000000000000e+00,-2.000000000000000111e-01
1.760440454103000000e+12,7.000000000000000000e+00,4.000000000000000000e+00,0.000000000000000000e+00,0.000000000000000000e+00,0.000000000000000000e+00,-2.103186758673256107e-01,2.884564778453352352e-01,-2.183282072750450664e-01,2.795165272188204764e-01,7.429857666631616286e-01,6.849549092345780243e-01,3.999999999999999667e-01,3.880000000000000115e-01,7.003818761965687756e-01,6.376535831683624034e-01,3.999999999999999667e-01,3.880000000000000115e-01,0.000000000000000000e+00,0.000000000000000000e+00
1.760440454307000000e+12,7.000000000000000000e+00,4.000000000000000000e+00,0.000000000000000000e+00,0.000000000000000000e+00,1.000000000000000000e+00,-2.183282072750450664e-01,2.795165272188204764e-01,-2.225713369310318435e-01,2.705758346755052224e-01,7.003818761965687756e-01,6.376535831683624034e-01,3.999999999999999667e-01,3.880000000000000115e-01,6.778120376008944792e-01,5.903483316164298556e-01,5.000000000000000000e-01,3.880000000000000115e-01,0.000000000000000000e+00,2.000000000000000111e-01
1.760440454510000000e+12,7.000000000000000000e+00,4.000000000000000000e+00,0.000000000000000000e+00,0.000000000000000000e+00,2.000000000000000000e+00,-2.225750345940858133e-01,2.702181883252263161e-01,-2.260399408806668120e-01,2.612763553206503553e-01,6.777923691803945383e-01,5.884560228847953711e-01,5.000000000000000000e-01,3.880000000000000115e-01,6.593620165921978415e-01,5.411447371462982936e-01,4.040000000000000258e-01,3.880000000000000115e-01,0.000000000000000000e+00,-2.000000000000000111e-01
1.760440454713000000e+12,7.000000000000000000e+00,4.000000000000000000e+00,0.000000000000000000e+00,1.000000000000000056e-01,0.000000000000000000e+00,-2.260399408806668120e-01,2.612763553206503553e-01,-2.337286979447314450e-01,2.527394901735910970e-01,6.593620165921978415e-01,5.411447371462982936e-01,5.040000000000000036e-01,3.880000000000000115e-01,6.184643726344072334e-01,4.959761384846090304e-01,4.040000000000000258e-01,4.120000000000000329e-01,2.000000000000000042e-02,0.000000000000000000e+00
1.760440454916000000e+12,7.000000000000000000e+00,4.000000000000000000e+00,0.000000000000000000e+00,1.000000000000000056e-01,1.000000000000000000e+00,-2.337286979447314450e-01,2.527394901735910970e-01,-2.376534588643003931e-01,2.475982516487389151e-01,6.184643726344072334e-01,4.959761384846090304e-01,6.039999999999999813e-01,4.120000000000000329e-01,5.975879847643595921e-01,4.687738182472959148e-01,5.040000000000000036e-01,4.619999999999999662e-01,2.000000000000000042e-02,2.000000000000000111e-01
1.760440455120000000e+12,7.000000000000000000e+00,4.000000000000000000e+00,0.000000000000000000e+00,0.000000000000000000e+00,0.000000000000000000e+00,-2.376443789686790431e-01,2.474757043325214179e-01,-2.370205176110573575e-01,2.460870520978002685e-01,5.976362820814944410e-01,4.681254197487906277e-01,6.039999999999999813e-01,4.640000000000000235e-01,6.009546935582055216e-01,4.607780534275147111e-01,5.080000000000000071e-01,4.899999999999999911e-01,0.000000000000000000e+00,0.000000000000000000e+00
1.760440455324000000e+12,7.000000000000000000e+00,4.000000000000000000e+00,0.000000000000000000e+00,0.000000000000000000e+00,0.000000000000000000e+00,-2.370205176110573575e-01,2.460870520978002685e-01,-2.363933144972749645e-01,2.453030627890886994e-01,6.009546935582055216e-01,4.607780534275147111e-01,5.000000000000000000e-01,4.899999999999999911e-01,6.042908803336437540e-01,4.566299618470301969e-01,5.080000000000000071e-01,4.899999999999999911e-01,0.000000000000000000e+00,0.000000000000000000e+00
1.760440455528000000e+12,7.000000000000000000e+00,4.000000000000000000e+00,0.000000000000000000e+00,0.000000000000000000e+00,0.000000000000000000e+00,-2.363682246195581427e-01,2.452717020807234083e-01,-2.357408648217878544e-01,2.444875999820751433e-01,6.044243371300098699e-01,4.564640321731397998e-01,5.999999999999999778e-01,4.899999999999999911e-01,6.077613573309156303e-01,4.523153438205034793e-01,5.080000000000000071e-01,4.899999999999999911e-01,0.000000000000000000e+00,0.000000000000000000e+00
1.760440455731000000e+12,7.000000000000000000e+00,4.000000000000000000e+00,0.000000000000000000e+00,0.000000000000000000e+00,0.000000000000000000e+00,-2.357408648217878544e-01,2.444875999820751433e-01,-2.351133418367610250e-01,2.437033789697621577e-01,6.077613573309156303e-01,4.523153438205034793e-01,5.000000000000000000e-01,4.899999999999999911e-01,6.110992455491434105e-01,4.481660262950379336e-01,5.080000000000000071e-01,4.899999999999999911e-01,0.000000000000000000e+00,0.000000000000000000e+00
1.760440455934000000e+12,7.000000000000000000e+00,4.000000000000000000e+00,0.000000000000000000e+00,0.000000000000000000e+00,0.000000000000000000e+00,-2.351133418367610250e-01,2.437033789697621577e-01,-2.344856689084160173e-01,2.429190501684913295e-01,6.110992455491434105e-01,4.481660262950379336e-01,5.919999999999999707e-01,4.899999999999999911e-01,6.144379313382126728e-01,4.440161384576261083e-01,5.080000000000000071e-01,4.899999999999999911e-01,0.000000000000000000e+00,0.000000000000000000e+00
1.760440456137000000e+12,7.000000000000000000e+00,4.000000000000000000e+00,0.000000000000000000e+00,0.000000000000000000e+00,0.000000000000000000e+00,-2.344605581893302593e-01,2.428876740842011717e-01,-2.338327217337058395e-01,2.421032268241205265e-01,6.145714989929240701e-01,4.438501274296358656e-01,5.959999999999999742e-01,4.899999999999999911e-01,6.179110546079475963e-01,4.396996128260345915e-01,5.080000000000000071e-01,4.899999999999999911e-01,0.000000000000000000e+00,0.000000000000000000e+00
1.760440456341000000e+12,7.000000000000000000e+00,4.000000000000000000e+00,0.000000000000000000e+00,0.000000000000000000e+00,0.000000000000000000e+00,-2.338327217337058395e-01,2.421032268241205265e-01,-2.332047339752868487e-01,2.413186701463171380e-01,6.179110546079475963e-01,4.396996128260345915e-01,6.959999999999999520e-01,4.899999999999999911e-01,6.212514150250699752e-01,4.355485192926833449e-01,5.080000000000000071e-01,4.899999999999999911e-01,0.000000000000000000e+00,0.000000000000000000e+00
1.760440456544000000e+12,7.000000000000000000e+00,4.000000000000000000e+00,0.000000000000000000e+00,0.000000000000000000e+00,2.000000000000000000e+00,-2.332047339752868487e-01,2.413186701463171380e-01,-2.363196103542044846e-01,2.405025221352795339e-01,6.212514150250699752e-01,4.355485192926833449e-01,6.959999999999999520e-01,4.899999999999999911e-01,6.046829236478484804e-01,4.312302758480399123e-01,4.119999999999999774e-01,4.899999999999999911e-01,0.000000000000000000e+00,-2.000000000000000111e-01
1.760440456747000000e+12,7.000000000000000000e+00,4.000000000000000000e+00,0.000000000000000000e+00,0.000000000000000000e+00,1.000000000000000000e+00,-2.363196103542044846e-01,2.405025221352795339e-01,-2.399224428324123748e-01,2.397177398430629935e-01,6.046829236478484804e-01,4.312302758480399123e-01,5.959999999999999742e-01,4.899999999999999911e-01,5.855189211041894604e-01,4.270779885876349602e-01,5.080000000000000071e-01,4.899999999999999911e-01,0.000000000000000000e+00,2.000000000000000111e-01
1.760440456951000000e+12,7.000000000000000000e+00,4.000000000000000000e+00,0.000000000000000000e+00,1.000000000000000056e-01,0.000000000000000000e+00,-2.399224428324123748e-01,2.397177398430629935e-01,-2.392964761257466433e-01,2.389330374581355165e-01,5.855189211041894604e-01,4.270779885876349602e-01,6.959999999999999520e-01,4.899999999999999911e-01,5.888485312460284282e-01,4.229261241171191621e-01,5.080000000000000071e-01,4.899999999999999911e-01,2.000000000000000042e-02,0.000000000000000000e+00
1.760440457154000000e+12,7.000000000000000000e+00,4.000000000000000000e+00,0.000000000000000000e+00,1.000000000000000056e-01,2.000000000000000000e+00,-2.392713710541103656e-01,2.389016478302976310e-01,-2.424150550603068610e-01,2.401608813422870248e-01,5.889820688611150379e-01,4.227600414301462273e-01,5.919999999999999707e-01,4.899999999999999911e-01,5.722603454238995857e-01,4.294226526046933112e-01,4.080000000000000293e-01,5.420000000000000373e-01,2.000000000000000042e-02,-2.000000000000000111e-01
1.760440457359000000e+12,7.000000000000000000e+00,4.000000000000000000e+00,0.000000000000000000e+00,1.000000000000000056e-01,0.000000000000000000e+00,-2.424150550603068610e-01,2.401608813422870248e-01,-2.497850014619823755e-01,2.454172736883198924e-01,5.722603454238995857e-01,4.294226526046933112e-01,6.919999999999999485e-01,5.420000000000000373e-01,5.330585028617957910e-01,4.572342523191529340e-01,4.080000000000000293e-01,5.919999999999999707e-01,2.000000000000000042e-02,0.000000000000000000e+00
1.760440457563000000e+12,7.000000000000000000e+00,4.000000000000000000e+00,0.000000000000000000e+00,0.000000000000000000e+00,1.000000000000000000e+00,-2.497850014619823755e-01,2.454172736883198924e-01,-2.536764079890260204e-01,2.538188362416804456e-01,5.330585028617957910e-01,4.572342523191529340e-01,5.919999999999999707e-01,5.919999999999999707e-01,5.123595319732657805e-01,5.016869642416955655e-01,5.040000000000000036e-01,6.019999999999999796e-01,0.000000000000000000e+00,2.000000000000000111e-01
0.000000000000000000e+00,0.000000000000000000e+00,0.000000000000000000e+00,0.000000000000000000e+00,0.000000000000000000e+00,0.000000000000000000e+00,0.000000000000000000e+00,0.000000000000000000e+00,0.000000000000000000e+00,0.000000000000000000e+00,0.000000000000000000e+00,0.000000000000000000e+00,0.000000000000000000e+00,0.000000000000000000e+00,0.000000000000000000e+00,0.000000000000000000e+00,0.000000000000000000e+00,0.000000000000000000e+00,0.000000000000000000e+00,0.000000000000000000e+00
1.760440463239000000e+12,8.000000000000000000e+00,4.000000000000000000e+00,2.000000000000000000e+00,0.000000000000000000e+00,2.000000000000000000e+00,-2.535725592715022403e-01,2.548001345407721052e-01,-1.734775429009410841e-01,1.708017088077103396e-01,5.129119187686050907e-01,5.068790187342440134e-01,5.000000000000000000e-01,6.019999999999999796e-01,9.389492398886112312e-01,6.244290374449914388e-02,4.239999999999999880e-01,6.019999999999999796e-01,0.000000000000000000e+00,-2.000000000000000111e-01
1.760440463442000000e+12,8.000000000000000000e+00,4.000000000000000000e+00,2.000000000000000000e+00,1.000000000000000056e-01,2.000000000000000000e+00,-1.734775429009410841e-01,1.708017088077103396e-01,-1.836463319836795227e-01,1.804188115532174008e-01,9.389492398886112312e-01,6.244290374449914388e-02,5.999999999999999778e-01,6.019999999999999796e-01,8.848599362570238602e-01,1.133270452551185248e-01,3.200000000000000622e-01,6.460000000000001297e-01,2.000000000000000042e-02,-2.000000000000000111e-01
1.760440463645000000e+12,8.000000000000000000e+00,4.000000000000000000e+00,2.000000000000000000e+00,0.000000000000000000e+00,2.000000000000000000e+00,-1.836463319836795227e-01,1.804188115532174008e-01,-2.018118308966067587e-01,1.939561969601903135e-01,8.848599362570238602e-01,1.133270452551185248e-01,5.999999999999999778e-01,6.460000000000001297e-01,7.882349420393257589e-01,1.849534230697900405e-01,2.199999999999998068e-01,6.879999999999999449e-01,0.000000000000000000e+00,-2.000000000000000111e-01
1.760440463849000000e+12,8.000000000000000000e+00,4.000000000000000000e+00,2.000000000000000000e+00,0.000000000000000000e+00,1.000000000000000000e+00,-2.027048319267146792e-01,1.945582420493768838e-01,-2.216497512852739216e-01,2.096106135910108803e-01,7.834849365600282667e-01,1.881388468220999144e-01,5.999999999999999778e-01,6.879999999999999449e-01,6.827140889081174668e-01,2.677810242910628746e-01,3.160000000000000031e-01,6.879999999999999449e-01,0.000000000000000000e+00,2.000000000000000111e-01
1.760440464052000000e+12,8.000000000000000000e+00,4.000000000000000000e+00,2.000000000000000000e+00,0.000000000000000000e+00,2.000000000000000000e+00,-2.216497512852739216e-01,2.096106135910108803e-01,-2.401536555130335815e-01,2.246639926214439587e-01,6.827140889081174668e-01,2.677810242910628746e-01,5.000000000000000000e-01,6.879999999999999449e-01,5.842890664200340867e-01,3.474285323885923926e-01,2.159999999999998033e-01,6.879999999999999449e-01,0.000000000000000000e+00,-2.000000000000000111e-01
1.760440464256000000e+12,8.000000000000000000e+00,4.000000000000000000e+00,2.000000000000000000e+00,-1.000000000000000056e-01,1.000000000000000000e+00,-2.401536555130335815e-01,2.246639926214439587e-01,-2.603410720440627601e-01,2.401950073338796343e-01,5.842890664200340867e-01,3.474285323885923926e-01,5.000000000000000000e-01,6.879999999999999449e-01,4.769091912549852652e-01,4.296032134067706010e-01,3.080000000000000515e-01,6.760000000000000453e-01,-2.000000000000000042e-02,2.000000000000000111e-01
1.760440464460000000e+12,8.000000000000000000e+00,4.000000000000000000e+00,2.000000000000000000e+00,-1.000000000000000056e-01,1.000000000000000000e+00,-2.603410720440627601e-01,2.401950073338796343e-01,-2.716294414190528195e-01,2.522487421573949562e-01,4.769091912549852652e-01,4.296032134067706010e-01,3.999999999999999667e-01,6.740000000000001545e-01,4.168646733029104934e-01,4.933795881343648881e-01,4.119999999999999774e-01,6.240000000000001101e-01,-2.000000000000000042e-02,2.000000000000000111e-01
1.760440464663000000e+12,8.000000000000000000e+00,4.000000000000000000e+00,2.000000000000000000e+00,-1.000000000000000056e-01,1.000000000000000000e+00,-2.716294414190528195e-01,2.522487421573949562e-01,-2.749209714228431078e-01,2.603041140498919548e-01,4.168646733029104934e-01,4.933795881343648881e-01,3.999999999999999667e-01,6.240000000000001101e-01,3.993565349848769985e-01,5.360006034385818019e-01,5.120000000000000107e-01,5.739999999999999547e-01,-2.000000000000000042e-02,2.000000000000000111e-01
1.760440464868000000e+12,8.000000000000000000e+00,4.000000000000000000e+00,2.000000000000000000e+00,-1.000000000000000056e-01,0.000000000000000000e+00,-2.748849269622004599e-01,2.605424741689936208e-01,-2.736275169213585046e-01,2.644385931852402116e-01,3.995482608393591817e-01,5.372617680899134385e-01,5.000000000000000000e-01,5.719999999999999529e-01,4.062366121204334379e-01,5.578761544192604171e-01,5.160000000000000142e-01,5.220000000000000195e-01,-2.000000000000000042e-02,0.000000000000000000e+00
1.760440465071000000e+12,8.000000000000000000e+00,4.000000000000000000e+00,2.000000000000000000e+00,-1.000000000000000056e-01,0.000000000000000000e+00,-2.736275169213585046e-01,2.644385931852402116e-01,-2.723671325321820880e-01,2.643333188800641720e-01,4.062366121204334379e-01,5.578761544192604171e-01,5.040000000000000036e-01,5.220000000000000195e-01,4.129407844032866870e-01,5.573191475135671480e-01,5.160000000000000142e-01,4.720000000000000306e-01,-2.000000000000000042e-02,0.000000000000000000e+00
1.760440465272000000e+12,8.000000000000000000e+00,4.000000000000000000e+00,2.000000000000000000e+00,-1.000000000000000056e-01,0.000000000000000000e+00,-2.723671325321820880e-01,2.643333188800641720e-01,-2.711060617713950682e-01,2.602301390658208202e-01,4.129407844032866870e-01,5.573191475135671480e-01,6.039999999999999813e-01,4.720000000000000306e-01,4.196486075989623310e-01,5.356092014064594009e-01,5.160000000000000142e-01,4.220000000000000417e-01,-2.000000000000000042e-02,0.000000000000000000e+00
1.760440465476000000e+12,8.000000000000000000e+00,4.000000000000000000e+00,2.000000000000000000e+00,0.000000000000000000e+00,0.000000000000000000e+00,-2.710555928260147684e-01,2.599828953948343790e-01,-2.697932670485324036e-01,2.533053260390626393e-01,4.199170594360915887e-01,5.343010338351026345e-01,6.039999999999999813e-01,4.200000000000000955e-01,4.266315582524871641e-01,4.989699790426595505e-01,5.160000000000000142e-01,4.160000000000000364e-01,0.000000000000000000e+00,0.000000000000000000e+00
1.760440465679000000e+12,8.000000000000000000e+00,4.000000000000000000e+00,2.000000000000000000e+00,1.000000000000000056e-01,2.000000000000000000e+00,-2.697932670485324036e-01,2.533053260390626393e-01,-2.722997727062897999e-01,2.466187140283855328e-01,4.266315582524871641e-01,4.989699790426595505e-01,5.000000000000000000e-01,4.160000000000000364e-01,4.132990813495222571e-01,4.635910795152674013e-01,4.159999999999999809e-01,4.220000000000000417e-01,2.000000000000000042e-02,-2.000000000000000111e-01
1.760440465882000000e+12,8.000000000000000000e+00,4.000000000000000000e+00,2.000000000000000000e+00,1.000000000000000056e-01,1.000000000000000000e+00,-2.722997727062897999e-01,2.466187140283855328e-01,-2.758456695453218033e-01,2.421904440836073757e-01,4.132990813495222571e-01,4.635910795152674013e-01,5.999999999999999778e-01,4.220000000000000417e-01,3.944379279504158786e-01,4.401610798074464537e-01,5.080000000000000071e-01,4.719999999999999751e-01,2.000000000000000042e-02,2.000000000000000111e-01
1.760440466086000000e+12,8.000000000000000000e+00,4.000000000000000000e+00,2.000000000000000000e+00,0.000000000000000000e+00,1.000000000000000000e+00,-2.758456695453218033e-01,2.421904440836073757e-01,-2.711411442924331339e-01,2.411635395127248171e-01,3.944379279504158786e-01,4.401610798074464537e-01,5.000000000000000000e-01,4.740000000000000324e-01,4.194619984445045469e-01,4.347277222895493676e-01,6.119999999999999885e-01,4.899999999999999911e-01,0.000000000000000000e+00,2.000000000000000111e-01
1.760440466289000000e+12,8.000000000000000000e+00,4.000000000000000000e+00,2.000000000000000000e+00,0.000000000000000000e+00,2.000000000000000000e+00,-2.711411442924331339e-01,2.411635395127248171e-01,-2.659732711312591258e-01,2.403795122399730866e-01,4.194619984445045469e-01,4.347277222895493676e-01,5.919999999999999707e-01,4.899999999999999911e-01,4.469506854720258771e-01,4.305794298411275145e-01,5.120000000000000107e-01,4.899999999999999911e-01,0.000000000000000000e+00,-2.000000000000000111e-01
1.760440466492000000e+12,8.000000000000000000e+00,4.000000000000000000e+00,2.000000000000000000e+00,0.000000000000000000e+00,0.000000000000000000e+00,-2.659732711312591258e-01,2.403795122399730866e-01,-2.653048253734713313e-01,2.395642009266146788e-01,4.469506854720258771e-01,4.305794298411275145e-01,5.959999999999999742e-01,4.899999999999999911e-01,4.505062480134502945e-01,4.262656133683316861e-01,5.080000000000000071e-01,4.899999999999999911e-01,0.000000000000000000e+00,0.000000000000000000e+00
1.760440466696000000e+12,8.000000000000000000e+00,4.000000000000000000e+00,2.000000000000000000e+00,0.000000000000000000e+00,0.000000000000000000e+00,-2.653048253734713313e-01,2.395642009266146788e-01,-2.646803750067136529e-01,2.387801342603009525e-01,4.505062480134502945e-01,4.262656133683316861e-01,6.959999999999999520e-01,4.899999999999999911e-01,4.538277925174805105e-01,4.221171124883648651e-01,5.080000000000000071e-01,4.899999999999999911e-01,0.000000000000000000e+00,0.000000000000000000e+00
1.760440466900000000e+12,8.000000000000000000e+00,4.000000000000000000e+00,2.000000000000000000e+00,0.000000000000000000e+00,2.000000000000000000e+00,-2.646803750067136529e-01,2.387801342603009525e-01,-2.678238872759488576e-01,2.379958404662359250e-01,4.538277925174805105e-01,4.221171124883648651e-01,6.959999999999999520e-01,4.899999999999999911e-01,4.371069825747400661e-01,4.179674098742641730e-01,4.080000000000000293e-01,4.899999999999999911e-01,0.000000000000000000e+00,-2.000000000000000111e-01
1.760440467103000000e+12,8.000000000000000000e+00,4.000000000000000000e+00,2.000000000000000000e+00,1.000000000000000056e-01,1.000000000000000000e+00,-2.681157188648901624e-01,2.379644568301656493e-01,-2.720406481511560837e-01,2.387666326330337430e-01,4.355546868888820478e-01,4.178013588897653841e-01,5.959999999999999742e-01,4.899999999999999911e-01,4.146774034512973883e-01,4.220456753070568889e-01,5.000000000000000000e-01,5.340000000000000302e-01,2.000000000000000042e-02,2.000000000000000111e-01
1.760440467305000000e+12,8.000000000000000000e+00,4.000000000000000000e+00,2.000000000000000000e+00,0.000000000000000000e+00,1.000000000000000000e+00,-2.720406481511560837e-01,2.387666326330337430e-01,-2.679672277662420998e-01,2.429826547034773521e-01,4.146774034512973883e-01,4.220456753070568889e-01,6.959999999999999520e-01,5.360000000000000320e-01,4.363445331582866404e-01,4.443526703887691331e-01,6.039999999999999813e-01,5.579999999999999405e-01,0.000000000000000000e+00,2.000000000000000111e-01
1.760440467508000000e+12,8.000000000000000000e+00,4.000000000000000000e+00,2.000000000000000000e+00,0.000000000000000000e+00,2.000000000000000000e+00,-2.679672277662420998e-01,2.429826547034773521e-01,-2.634358498966134499e-01,2.476390130842726078e-01,4.363445331582866404e-01,4.443526703887691331e-01,5.919999999999999707e-01,5.579999999999999405e-01,4.604476069329071497e-01,4.689894872183736352e-01,5.040000000000000036e-01,5.579999999999999405e-01,0.000000000000000000e+00,-2.000000000000000111e-01
1.760440467711000000e+12,8.000000000000000000e+00,4.000000000000000000e+00,2.000000000000000000e+00,0.000000000000000000e+00,0.000000000000000000e+00,-2.634204858586524090e-01,2.478252902032939964e-01,-2.634349868454707311e-01,2.524824853910269118e-01,4.605293305390829040e-01,4.699750804407090143e-01,6.919999999999999485e-01,5.579999999999999405e-01,4.604521976304747910e-01,4.946163248202482543e-01,5.000000000000000000e-01,5.579999999999999405e-01,0.000000000000000000e+00,0.000000000000000000e+00
1.760440467915000000e+12,8.000000000000000000e+00,4.000000000000000000e+00,2.000000000000000000e+00,-1.000000000000000056e-01,0.000000000000000000e+00,-2.634349868454707311e-01,2.524824853910269118e-01,-2.634515774791149068e-01,2.571066523273537463e-01,4.604521976304747910e-01,4.946163248202482543e-01,5.919999999999999707e-01,5.579999999999999405e-01,4.603639495791759795e-01,5.190828165468452937e-01,5.000000000000000000e-01,5.499999999999999334e-01,-2.000000000000000042e-02,0.000000000000000000e+00
1.760440468118000000e+12,8.000000000000000000e+00,4.000000000000000000e+00,2.000000000000000000e+00,-1.000000000000000056e-01,0.000000000000000000e+00,-2.634515774791149068e-01,2.571066523273537463e-01,-2.634687867013560392e-01,2.592392676010891739e-01,4.603639495791759795e-01,5.190828165468452937e-01,4.919999999999999929e-01,5.499999999999999334e-01,4.602724111629997172e-01,5.303664952438581492e-01,5.000000000000000000e-01,5.000000000000000000e-01,-2.000000000000000042e-02,0.000000000000000000e+00
1.760440468321000000e+12,8.000000000000000000e+00,4.000000000000000000e+00,2.000000000000000000e+00,-1.000000000000000056e-01,0.000000000000000000e+00,-2.634694815499053488e-01,2.592415997010058537e-01,-2.634866888321125700e-01,2.572174143731718599e-01,4.602687151600778903e-01,5.303788343968564023e-01,5.879999999999999671e-01,4.979999999999999982e-01,4.601771870632309636e-01,5.196688591173115324e-01,5.000000000000000000e-01,4.480000000000000648e-01,-2.000000000000000042e-02,0.000000000000000000e+00
1.760440468525000000e+12,8.000000000000000000e+00,4.000000000000000000e+00,2.000000000000000000e+00,0.000000000000000000e+00,2.000000000000000000e+00,-2.634866888321125700e-01,2.572174143731718599e-01,-2.672792561263678257e-01,2.516741643553377927e-01,4.601771870632309636e-01,5.196688591173115324e-01,6.879999999999999449e-01,4.480000000000000648e-01,4.400039567746391600e-01,4.903394939435862798e-01,3.999999999999999667e-01,4.240000000000000435e-01,0.000000000000000000e+00,-2.000000000000000111e-01
1.760440468728000000e+12,8.000000000000000000e+00,4.000000000000000000e+00,2.000000000000000000e+00,0.000000000000000000e+00,1.000000000000000000e+00,-2.672792561263678257e-01,2.516741643553377927e-01,-2.715300715571162260e-01,2.453685539465581544e-01,4.400039567746391600e-01,4.903394939435862798e-01,5.879999999999999671e-01,4.240000000000000435e-01,4.173932363983178795e-01,4.569764759077151739e-01,5.000000000000000000e-01,4.240000000000000435e-01,0.000000000000000000e+00,2.000000000000000111e-01
1.760440468931000000e+12,8.000000000000000000e+00,4.000000000000000000e+00,2.000000000000000000e+00,1.000000000000000056e-01,0.000000000000000000e+00,-2.715300715571162260e-01,2.453685539465581544e-01,-2.712294188998519706e-01,2.399546358573292903e-01,4.173932363983178795e-01,4.569764759077151739e-01,4.879999999999999893e-01,4.240000000000000435e-01,4.189924526603617805e-01,4.283314066525359953e-01,5.040000000000000036e-01,4.540000000000000147e-01,2.000000000000000042e-02,0.000000000000000000e+00
1.760440469135000000e+12,8.000000000000000000e+00,4.000000000000000000e+00,2.000000000000000000e+00,1.000000000000000056e-01,2.000000000000000000e+00,-2.712294188998519706e-01,2.399546358573292903e-01,-2.746920208972958855e-01,2.381720556671131361e-01,4.189924526603617805e-01,4.283314066525359953e-01,4.879999999999999893e-01,4.540000000000000147e-01,4.005743569292771200e-01,4.188997654344610577e-01,4.040000000000000258e-01,5.040000000000000036e-01,2.000000000000000042e-02,-2.000000000000000111e-01
1.760440469339000000e+12,8.000000000000000000e+00,4.000000000000000000e+00,2.000000000000000000e+00,0.000000000000000000e+00,1.000000000000000000e+00,-2.749966849958604964e-01,2.381838782035100577e-01,-2.792408464602256224e-01,2.388301869105265152e-01,3.989538032135079293e-01,4.189623185370903169e-01,5.879999999999999671e-01,5.060000000000000053e-01,3.763784762753955571e-01,4.223819413255371358e-01,5.000000000000000000e-01,5.080000000000000071e-01,0.000000000000000000e+00,2.000000000000000111e-01
1.760440469542000000e+12,8.000000000000000000e+00,4.000000000000000000e+00,2.000000000000000000e+00,0.000000000000000000e+00,1.000000000000000000e+00,-2.792408464602256224e-01,2.388301869105265152e-01,-2.754867144601682583e-01,2.394861760895175551e-01,3.763784762753955571e-01,4.223819413255371358e-01,5.000000000000000000e-01,5.080000000000000071e-01,3.963472635097432528e-01,4.258527835424209540e-01,5.999999999999999778e-01,5.080000000000000071e-01,0.000000000000000000e+00,2.000000000000000111e-01
1.760440469745000000e+12,8.000000000000000000e+00,4.000000000000000000e+00,2.000000000000000000e+00,0.000000000000000000e+00,2.000000000000000000e+00,-2.754867144601682583e-01,2.394861760895175551e-01,-2.706412945826901506e-01,2.401682310192507219e-01,3.963472635097432528e-01,4.258527835424209540e-01,5.000000000000000000e-01,5.080000000000000071e-01,4.221207734963289271e-01,4.294615397843953852e-01,5.080000000000000071e-01,5.080000000000000071e-01,0.000000000000000000e+00,-2.000000000000000111e-01
1.760440469949000000e+12,8.000000000000000000e+00,4.000000000000000000e+00,2.000000000000000000e+00,0.000000000000000000e+00,2.000000000000000000e+00,-2.706412945826901506e-01,2.401682310192507219e-01,-2.741007806460006857e-01,2.408242117803381654e-01,4.221207734963289271e-01,4.294615397843953852e-01,4.000000000000000777e-01,5.080000000000000071e-01,4.037192518829750276e-01,4.329323374621067422e-01,4.040000000000000258e-01,5.080000000000000071e-01,0.000000000000000000e+00,-2.000000000000000111e-01
1.760440470152000000e+12,8.000000000000000000e+00,4.000000000000000000e+00,2.000000000000000000e+00,0.000000000000000000e+00,1.000000000000000000e+00,-2.741007806460006857e-01,2.408242117803381654e-01,-2.780266055691723581e-01,2.414803787757952014e-01,4.037192518829750276e-01,4.329323374621067422e-01,5.000000000000000000e-01,5.080000000000000071e-01,3.828372044192959178e-01,4.364041205068529550e-01,5.040000000000000036e-01,5.080000000000000071e-01,0.000000000000000000e+00,2.000000000000000111e-01
1.760440470356000000e+12,8.000000000000000000e+00,4.000000000000000000e+00,2.000000000000000000e+00,0.000000000000000000e+00,0.000000000000000000e+00,-2.780176970534168901e-01,2.415066354495721268e-01,-2.773981310860214600e-01,2.421630511667867691e-01,3.828845901413994723e-01,4.365430447067308872e-01,5.040000000000000036e-01,5.080000000000000071e-01,3.861801537977581078e-01,4.400161437396125641e-01,5.080000000000000071e-01,5.080000000000000071e-01,0.000000000000000000e+00,0.000000000000000000e+00
1.760440470559000000e+12,8.000000000000000000e+00,4.000000000000000000e+00,2.000000000000000000e+00,0.000000000000000000e+00,0.000000000000000000e+00,-2.773981310860214600e-01,2.421630511667867691e-01,-2.767753399142377502e-01,2.428195230250649872e-01,3.861801537977581078e-01,4.400161437396125641e-01,5.040000000000000036e-01,5.080000000000000071e-01,3.894928727966076587e-01,4.434895398151587065e-01,5.080000000000000071e-01,5.080000000000000071e-01,0.000000000000000000e+00,0.000000000000000000e+00
1.760440470762000000e+12,8.000000000000000000e+00,4.000000000000000000e+00,2.000000000000000000e+00,0.000000000000000000e+00,0.000000000000000000e+00,-2.767753399142377502e-01,2.428195230250649872e-01,-2.761525136338253694e-01,2.434760448426252777e-01,3.894928727966076587e-01,4.434895398151587065e-01,5.040000000000000036e-01,5.080000000000000071e-01,3.928057785434820315e-01,4.469632002255305991e-01,5.080000000000000071e-01,5.080000000000000071e-01,0.000000000000000000e+00,0.000000000000000000e+00
1.760440470965000000e+12,8.000000000000000000e+00,4.000000000000000000e+00,2.000000000000000000e+00,0.000000000000000000e+00,0.000000000000000000e+00,-2.761276018781969044e-01,2.435023080728274669e-01,-2.755047442370145427e-01,2.441588851985101449e-01,3.929382878819313030e-01,4.471021591154892838e-01,5.040000000000000036e-01,5.080000000000000071e-01,3.962513604414119595e-01,4.505761121614293985e-01,5.080000000000000071e-01,5.080000000000000071e-01,0.000000000000000000e+00,0.000000000000000000e+00
1.760440471168000000e+12,8.000000000000000000e+00,4.000000000000000000e+00,2.000000000000000000e+00,0.000000000000000000e+00,1.000000000000000000e+00,-2.755047442370145427e-01,2.441588851985101449e-01,-2.711088784776898297e-01,2.448152666542821876e-01,3.962513604414119595e-01,4.505761121614293985e-01,4.040000000000000258e-01,5.080000000000000071e-01,4.196336251186710831e-01,4.540490299168370436e-01,6.079999999999999849e-01,5.080000000000000071e-01,0.000000000000000000e+00,2.000000000000000111e-01
1.760440471372000000e+12,8.000000000000000000e+00,4.000000000000000000e+00,2.000000000000000000e+00,0.000000000000000000e+00,2.000000000000000000e+00,-2.711088784776898297e-01,2.448152666542821876e-01,-2.655928558697560060e-01,2.454977061824138440e-01,4.196336251186710831e-01,4.540490299168370436e-01,3.039999999999999925e-01,5.080000000000000071e-01,4.489741709055530827e-01,4.576598210709727499e-01,5.160000000000000142e-01,5.080000000000000071e-01,0.000000000000000000e+00,-2.000000000000000111e-01
1.760440471575000000e+12,8.000000000000000000e+00,4.000000000000000000e+00,2.000000000000000000e+00,0.000000000000000000e+00,2.000000000000000000e+00,-2.655928558697560060e-01,2.454977061824138440e-01,-2.684184601516593771e-01,2.461541194598684534e-01,4.489741709055530827e-01,4.576598210709727499e-01,1.999999999999997613e-01,5.080000000000000071e-01,4.339443608954288156e-01,4.611329071950712177e-01,4.119999999999999774e-01,5.080000000000000071e-01,0.000000000000000000e+00,-2.000000000000000111e-01
1.760440471779000000e+12,8.000000000000000000e+00,4.000000000000000000e+00,2.000000000000000000e+00,0.000000000000000000e+00,1.000000000000000000e+00,-2.684184601516593771e-01,2.461541194598684534e-01,-2.717039036057786738e-01,2.468107080396696462e-01,4.339443608954288156e-01,4.611329071950712177e-01,1.999999999999997613e-01,5.080000000000000071e-01,4.164685978416027279e-01,4.646069208448129761e-01,5.120000000000000107e-01,5.080000000000000071e-01,0.000000000000000000e+00,2.000000000000000111e-01
1.760440471982000000e+12,8.000000000000000000e+00,4.000000000000000000e+00,2.000000000000000000e+00,0.000000000000000000e+00,1.000000000000000000e+00,-2.716677769374243323e-01,2.468369792565631160e-01,-2.666395711802138635e-01,2.474934772568672392e-01,4.166607609711471261e-01,4.647459219923975038e-01,9.600000000000025180e-02,5.080000000000000071e-01,4.434065362754581185e-01,4.682194563855410219e-01,6.159999999999999920e-01,5.080000000000000071e-01,0.000000000000000000e+00,2.000000000000000111e-01
1.760440472187000000e+12,8.000000000000000000e+00,4.000000000000000000e+00,2.000000000000000000e+00,0.000000000000000000e+00,2.000000000000000000e+00,-2.666395711802138635e-01,2.474934772568672392e-01,-2.611465400457935737e-01,2.481498095003336068e-01,4.434065362754581185e-01,4.682194563855410219e-01,9.600000000000025180e-02,5.080000000000000071e-01,4.726247869904596777e-01,4.716921137583789392e-01,5.160000000000000142e-01,5.080000000000000071e-01,0.000000000000000000e+00,-2.000000000000000111e-01
0.000000000000000000e+00,0.000000000000000000e+00,0.000000000000000000e+00,0.000000000000000000e+00,0.000000000000000000e+00,0.000000000000000000e+00,0.000000000000000000e+00,0.000000000000000000e+00,0.000000000000000000e+00,0.000000000000000000e+00,0.000000000000000000e+00,0.000000000000000000e+00,0.000000000000000000e+00,0.000000000000000000e+00,0.000000000000000000e+00,0.000000000000000000e+00,0.000000000000000000e+00,0.000000000000000000e+00,0.000000000000000000e+00,0.000000000000000000e+00
1.760440736667000000e+12,1.000000000000000000e+00,6.000000000000000000e+00,1.000000000000000000e+00,0.000000000000000000e+00,1.000000000000000000e+00,-3.478804506584329270e-01,2.787925567155448703e-01,-3.318490855072906420e-01,3.223367244048520597e-01,1.127419862535665451e-02,6.338230514049993936e-01,5.000000000000000000e-01,5.120000000000000107e-01,9.654741751441137110e-02,8.642154730415454456e-01,5.560000000000000497e-01,5.120000000000000107e-01,0.000000000000000000e+00,2.000000000000000111e-01
1.760440736870000000e+12,1.000000000000000000e+00,6.000000000000000000e+00,1.000000000000000000e+00,-1.000000000000000056e-01,1.000000000000000000e+00,-3.318490855072906420e-01,3.223367244048520597e-01,-3.233192148317080017e-01,3.233157376026817298e-01,9.654741751441137110e-02,8.642154730415454456e-01,5.999999999999999778e-01,5.120000000000000107e-01,1.419190700441062825e-01,8.693954370512262386e-01,6.599999999999998090e-01,5.060000000000000053e-01,-2.000000000000000042e-02,2.000000000000000111e-01
1.760440737073000000e+12,1.000000000000000000e+00,6.000000000000000000e+00,1.000000000000000000e+00,-1.000000000000000056e-01,0.000000000000000000e+00,-3.233192148317080017e-01,3.233157376026817298e-01,-3.105597298760361391e-01,3.219426931191144980e-01,1.419190700441062825e-01,8.693954370512262386e-01,5.999999999999999778e-01,5.060000000000000053e-01,2.097886708721481142e-01,8.621306514238863405e-01,6.599999999999998090e-01,4.560000000000000164e-01,-2.000000000000000042e-02,0.000000000000000000e+00
1.760440737276000000e+12,1.000000000000000000e+00,6.000000000000000000e+00,1.000000000000000000e+00,-1.000000000000000056e-01,0.000000000000000000e+00,-3.105597298760361391e-01,3.219426931191144980e-01,-2.972815589066963304e-01,3.162690768139252984e-01,2.097886708721481142e-01,8.621306514238863405e-01,5.999999999999999778e-01,4.560000000000000164e-01,2.804172398579981573e-01,8.321115175339963699e-01,6.599999999999998090e-01,4.040000000000000258e-01,-2.000000000000000042e-02,0.000000000000000000e+00
1.760440737480000000e+12,1.000000000000000000e+00,6.000000000000000000e+00,1.000000000000000000e+00,-1.000000000000000056e-01,0.000000000000000000e+00,-2.972815589066963304e-01,3.162690768139252984e-01,-2.845088905682712221e-01,3.067312207113950251e-01,2.804172398579981573e-01,8.321115175339963699e-01,5.000000000000000000e-01,4.040000000000000258e-01,3.483569650623870584e-01,7.816466704306616053e-01,6.599999999999998090e-01,3.539999999999998703e-01,-2.000000000000000042e-02,0.000000000000000000e+00
1.760440737683000000e+12,1.000000000000000000e+00,6.000000000000000000e+00,1.000000000000000000e+00,0.000000000000000000e+00,0.000000000000000000e+00,-2.845088905682712221e-01,3.067312207113950251e-01,-2.717311819076080326e-01,2.938439411390329492e-01,3.483569650623870584e-01,7.816466704306616053e-01,5.000000000000000000e-01,3.539999999999998703e-01,4.163235004914465631e-01,7.134600060266294008e-01,6.599999999999998090e-01,3.339999999999999081e-01,0.000000000000000000e+00,0.000000000000000000e+00
1.760440737886000000e+12,1.000000000000000000e+00,6.000000000000000000e+00,1.000000000000000000e+00,0.000000000000000000e+00,0.000000000000000000e+00,-2.712199973445370005e-01,2.933136458127956758e-01,-2.584385520945395864e-01,2.800549405505966538e-01,4.190425673162924691e-01,7.106542106497126809e-01,3.999999999999999667e-01,3.339999999999999081e-01,4.870289782205340923e-01,6.405023309555378797e-01,6.599999999999998090e-01,3.339999999999999081e-01,0.000000000000000000e+00,0.000000000000000000e+00
1.760440738089000000e+12,1.000000000000000000e+00,6.000000000000000000e+00,1.000000000000000000e+00,0.000000000000000000e+00,2.000000000000000000e+00,-2.584385520945395864e-01,2.800549405505966538e-01,-2.494172560895520641e-01,2.667946819129812241e-01,4.870289782205340923e-01,6.405023309555378797e-01,3.999999999999999667e-01,3.339999999999999081e-01,5.350145952683400541e-01,5.703422323438160912e-01,5.600000000000000533e-01,3.339999999999999081e-01,0.000000000000000000e+00,-2.000000000000000111e-01
1.760440738292000000e+12,1.000000000000000000e+00,6.000000000000000000e+00,1.000000000000000000e+00,1.000000000000000056e-01,2.000000000000000000e+00,-2.494172560895520641e-01,2.667946819129812241e-01,-2.484022796682242573e-01,2.551226913534350715e-01,5.350145952683400541e-01,5.703422323438160912e-01,5.000000000000000000e-01,3.339999999999999081e-01,5.404134060200836975e-01,5.085856685366935137e-01,4.599999999999999645e-01,3.799999999999999489e-01,2.000000000000000042e-02,-2.000000000000000111e-01
1.760440738496000000e+12,1.000000000000000000e+00,6.000000000000000000e+00,1.000000000000000000e+00,1.000000000000000056e-01,0.000000000000000000e+00,-2.485292332549634553e-01,2.547385912058733326e-01,-2.520600977321297287e-01,2.471995087341922748e-01,5.397381209842369021e-01,5.065533926236684970e-01,5.040000000000000036e-01,3.819999999999999507e-01,5.209569269567567718e-01,4.666640673766787595e-01,4.560000000000000164e-01,4.319999999999999951e-01,2.000000000000000042e-02,0.000000000000000000e+00
0.000000000000000000e+00,0.000000000000000000e+00,0.000000000000000000e+00,0.000000000000000000e+00,0.000000000000000000e+00,0.000000000000000000e+00,0.000000000000000000e+00,0.000000000000000000e+00,0.000000000000000000e+00,0.000000000000000000e+00,0.000000000000000000e+00,0.000000000000000000e+00,0.000000000000000000e+00,0.000000000000000000e+00,0.000000000000000000e+00,0.000000000000000000e+00,0.000000000000000000e+00,0.000000000000000000e+00,0.000000000000000000e+00,0.000000000000000000e+00
1.760440744216000000e+12,2.000000000000000000e+00,6.000000000000000000e+00,2.000000000000000000e+00,1.000000000000000056e-01,1.000000000000000000e+00,-2.526255981671508555e-01,2.463637435031503231e-01,-1.708093137155624053e-01,1.603716534156184315e-01,5.179489459194103196e-01,4.622420291171975282e-01,5.000000000000000000e-01,4.400000000000000022e-01,9.531419483214765842e-01,7.257425479462588196e-03,5.560000000000000497e-01,4.899999999999999911e-01,2.000000000000000042e-02,2.000000000000000111e-01
1.760440744420000000e+12,2.000000000000000000e+00,6.000000000000000000e+00,2.000000000000000000e+00,0.000000000000000000e+00,0.000000000000000000e+00,-1.708093137155624053e-01,1.603716534156184315e-01,-1.663340216380207459e-01,1.613716452366236453e-01,9.531419483214765842e-01,7.257425479462588196e-03,5.999999999999999778e-01,4.899999999999999911e-01,9.769466934147832404e-01,1.254838749536319256e-02,5.560000000000000497e-01,5.279999999999999138e-01,0.000000000000000000e+00,0.000000000000000000e+00
1.760440744623000000e+12,2.000000000000000000e+00,6.000000000000000000e+00,2.000000000000000000e+00,0.000000000000000000e+00,2.000000000000000000e+00,-1.663340216380207459e-01,1.613716452366236453e-01,-1.656201748903596283e-01,1.636191074723597483e-01,9.769466934147832404e-01,1.254838749536319256e-02,5.999999999999999778e-01,5.279999999999999138e-01,9.807437505831935187e-01,2.443972207597749566e-02,4.560000000000000164e-01,5.279999999999999138e-01,0.000000000000000000e+00,-2.000000000000000111e-01
1.760440744827000000e+12,2.000000000000000000e+00,6.000000000000000000e+00,2.000000000000000000e+00,0.000000000000000000e+00,2.000000000000000000e+00,-1.657578353563725626e-01,1.637090115887726849e-01,-1.733710490146181948e-01,1.659563992965804868e-01,9.800115140618480547e-01,2.491540523160149651e-02,5.999999999999999778e-01,5.279999999999999138e-01,9.395156967307543017e-01,3.680634548455283261e-02,3.520000000000000906e-01,5.279999999999999138e-01,0.000000000000000000e+00,-2.000000000000000111e-01
1.760440745030000000e+12,2.000000000000000000e+00,6.000000000000000000e+00,2.000000000000000000e+00,0.000000000000000000e+00,2.000000000000000000e+00,-1.733710490146181948e-01,1.659563992965804868e-01,-1.889856418415297168e-01,1.682027201504887048e-01,9.395156967307543017e-01,3.680634548455283261e-02,5.000000000000000000e-01,5.279999999999999138e-01,8.564593519067568161e-01,4.869164100787674171e-02,2.519999999999998908e-01,5.279999999999999138e-01,0.000000000000000000e+00,-2.000000000000000111e-01
1.760440745233000000e+12,2.000000000000000000e+00,6.000000000000000000e+00,2.000000000000000000e+00,0.000000000000000000e+00,2.000000000000000000e+00,-1.889856418415297168e-01,1.682027201504887048e-01,-2.137081151548178015e-01,1.705371662145066525e-01,8.564593519067568161e-01,4.869164100787674171e-02,5.000000000000000000e-01,5.279999999999999138e-01,7.249568342828840439e-01,6.104320748416217773e-02,1.519999999999999130e-01,5.279999999999999138e-01,0.000000000000000000e+00,-2.000000000000000111e-01
1.760440745436000000e+12,2.000000000000000000e+00,6.000000000000000000e+00,2.000000000000000000e+00,0.000000000000000000e+00,2.000000000000000000e+00,-2.137081151548178015e-01,1.705371662145066525e-01,-2.456424135285015797e-01,1.727800198476486249e-01,7.249568342828840439e-01,6.104320748416217773e-02,3.999999999999999667e-01,5.279999999999999138e-01,5.550935450611618194e-01,7.291015792406679852e-02,4.800000000000054223e-02,5.279999999999999138e-01,0.000000000000000000e+00,-2.000000000000000111e-01
1.760440745640000000e+12,2.000000000000000000e+00,6.000000000000000000e+00,2.000000000000000000e+00,0.000000000000000000e+00,2.000000000000000000e+00,-2.456424135285015797e-01,1.727800198476486249e-01,-2.846126982774199732e-01,1.750217505497907444e-01,5.550935450611618194e-01,7.291015792406679852e-02,3.999999999999999667e-01,5.279999999999999138e-01,3.478047963967021983e-01,8.477116693010976201e-02,-7.450580569168252509e-09,5.279999999999999138e-01,0.000000000000000000e+00,-2.000000000000000111e-01
1.760440745843000000e+12,2.000000000000000000e+00,6.000000000000000000e+00,2.000000000000000000e+00,-1.000000000000000056e-01,2.000000000000000000e+00,-2.846126982774199732e-01,1.750217505497907444e-01,-3.262262193551069833e-01,1.759028642058158010e-01,3.478047963967021983e-01,8.477116693010976201e-02,5.000000000000000000e-01,5.279999999999999138e-01,1.264562800260265740e-01,8.943314394611534546e-02,-7.450580569168252509e-09,4.839999999999999858e-01,-2.000000000000000042e-02,-2.000000000000000111e-01
1.760440746047000000e+12,2.000000000000000000e+00,6.000000000000000000e+00,2.000000000000000000e+00,-1.000000000000000056e-01,2.000000000000000000e+00,-3.262262193551069833e-01,1.759028642058158010e-01,-3.490448609522712742e-01,1.727460937662311791e-01,1.264562800260265740e-01,8.943314394611534546e-02,5.040000000000000036e-01,4.839999999999999858e-01,5.080526849620764507e-03,7.273065484778401535e-02,5.000000000000000000e-01,4.340000000000000524e-01,-2.000000000000000042e-02,-2.000000000000000111e-01
1.760440746250000000e+12,2.000000000000000000e+00,6.000000000000000000e+00,2.000000000000000000e+00,-1.000000000000000056e-01,2.000000000000000000e+00,-3.490448609522712742e-01,1.727460937662311791e-01,-3.490663372264052877e-01,1.655912352518396913e-01,5.080526849620764507e-03,7.273065484778401535e-02,6.039999999999999813e-01,4.340000000000000524e-01,4.966291348907926270e-03,3.487426059174438681e-02,5.000000000000000000e-01,3.839999999999999525e-01,-2.000000000000000042e-02,-2.000000000000000111e-01
1.760440746454000000e+12,2.000000000000000000e+00,6.000000000000000000e+00,2.000000000000000000e+00,0.000000000000000000e+00,2.000000000000000000e+00,-3.490671650057212139e-01,1.652220890860894575e-01,-3.490877967863383891e-01,1.592761874262646760e-01,4.961888267440234257e-03,3.292110627560558556e-02,6.039999999999999813e-01,3.819999999999999507e-01,4.852144753519090081e-03,1.461309133675521435e-03,5.000000000000000000e-01,5.000000000000000000e-01,0.000000000000000000e+00,-2.000000000000000111e-01
1.760440746658000000e+12,2.000000000000000000e+00,6.000000000000000000e+00,2.000000000000000000e+00,1.000000000000000056e-01,1.000000000000000000e+00,-3.490877967863383891e-01,1.592761874262646760e-01,-3.453389699820859637e-01,1.595601604860985290e-01,4.852144753519090081e-03,1.461309133675521435e-03,5.000000000000000000e-01,5.000000000000000000e-01,2.479271286124475754e-02,2.963812095759400106e-03,5.999999999999999778e-01,5.200000000000000178e-01,2.000000000000000042e-02,2.000000000000000111e-01
1.760440746861000000e+12,2.000000000000000000e+00,6.000000000000000000e+00,2.000000000000000000e+00,1.000000000000000056e-01,1.000000000000000000e+00,-3.453389699820859637e-01,1.595601604860985290e-01,-3.329588568784039304e-01,1.632738364806445575e-01,2.479271286124475754e-02,2.963812095759400106e-03,5.999999999999999778e-01,5.200000000000000178e-01,9.064437830636196125e-02,2.261289143198177629e-02,7.039999999999999591e-01,5.719999999999999529e-01,2.000000000000000042e-02,2.000000000000000111e-01
1.760440747064000000e+12,2.000000000000000000e+00,6.000000000000000000e+00,2.000000000000000000e+00,1.000000000000000056e-01,0.000000000000000000e+00,-3.329588568784039304e-01,1.632738364806445575e-01,-3.166586861005105114e-01,1.709242780371492409e-01,9.064437830636196125e-02,2.261289143198177629e-02,5.000000000000000000e-01,5.719999999999999529e-01,1.773474143589865437e-01,6.309141818597481521e-02,7.039999999999999591e-01,6.219999999999999973e-01,2.000000000000000042e-02,0.000000000000000000e+00
1.760440747268000000e+12,2.000000000000000000e+00,6.000000000000000000e+00,2.000000000000000000e+00,1.000000000000000056e-01,2.000000000000000000e+00,-3.166586861005105114e-01,1.709242780371492409e-01,-3.034720933442899837e-01,1.831265918196025855e-01,1.773474143589865437e-01,6.309141818597481521e-02,5.919999999999999707e-01,6.219999999999999973e-01,2.474888651899468106e-01,1.276539249714422619e-01,6.079999999999999849e-01,6.720000000000000417e-01,2.000000000000000042e-02,-2.000000000000000111e-01
1.760440747472000000e+12,2.000000000000000000e+00,6.000000000000000000e+00,2.000000000000000000e+00,0.000000000000000000e+00,2.000000000000000000e+00,-3.034720933442899837e-01,1.831265918196025855e-01,-2.989351663760922984e-01,1.972091844481461131e-01,2.474888651899468106e-01,1.276539249714422619e-01,5.959999999999999742e-01,6.740000000000001545e-01,2.716214554463174946e-01,2.021649970801381868e-01,5.040000000000000036e-01,6.760000000000000453e-01,0.000000000000000000e+00,-2.000000000000000111e-01
1.760440747675000000e+12,2.000000000000000000e+00,6.000000000000000000e+00,2.000000000000000000e+00,0.000000000000000000e+00,1.000000000000000000e+00,-2.989351663760922984e-01,1.972091844481461131e-01,-2.948597930017563540e-01,2.113026300540908897e-01,2.716214554463174946e-01,2.021649970801381868e-01,6.959999999999999520e-01,6.760000000000000453e-01,2.932989733949129540e-01,2.767334923496872490e-01,6.039999999999999813e-01,6.760000000000000453e-01,0.000000000000000000e+00,2.000000000000000111e-01
1.760440747879000000e+12,2.000000000000000000e+00,6.000000000000000000e+00,2.000000000000000000e+00,0.000000000000000000e+00,1.000000000000000000e+00,-2.945307748075807197e-01,2.118663584376527242e-01,-2.821420028669430202e-01,2.259590803447383833e-01,2.950490701724429177e-01,2.797161822098028217e-01,6.959999999999999520e-01,6.760000000000000453e-01,3.609467932609413121e-01,3.542808483848591816e-01,7.079999999999999627e-01,6.760000000000000453e-01,0.000000000000000000e+00,2.000000000000000111e-01
1.760440748082000000e+12,2.000000000000000000e+00,6.000000000000000000e+00,2.000000000000000000e+00,-1.000000000000000056e-01,2.000000000000000000e+00,-2.821420028669430202e-01,2.259590803447383833e-01,-2.692952326450130940e-01,2.389824126932834636e-01,3.609467932609413121e-01,3.542808483848591816e-01,5.959999999999999742e-01,6.760000000000000453e-01,4.292806774201430864e-01,4.231873687475316004e-01,6.079999999999999849e-01,6.380000000000000115e-01,-2.000000000000000042e-02,-2.000000000000000111e-01
1.760440748285000000e+12,2.000000000000000000e+00,6.000000000000000000e+00,2.000000000000000000e+00,-1.000000000000000056e-01,0.000000000000000000e+00,-2.692952326450130940e-01,2.389824126932834636e-01,-2.606668702443911689e-01,2.481549588310388577e-01,4.292806774201430864e-01,4.231873687475316004e-01,6.959999999999999520e-01,6.380000000000000115e-01,4.751762221043022705e-01,4.717193588943855431e-01,6.079999999999999849e-01,5.879999999999999671e-01,-2.000000000000000042e-02,0.000000000000000000e+00
1.760440748490000000e+12,2.000000000000000000e+00,6.000000000000000000e+00,2.000000000000000000e+00,0.000000000000000000e+00,2.000000000000000000e+00,-2.603218763507397782e-01,2.484388039609439769e-01,-2.554650574113828676e-01,2.549005185182311450e-01,4.770112960067032781e-01,4.732211849785395996e-01,5.919999999999999707e-01,5.859999999999999654e-01,5.028454393011548840e-01,5.074101508901119884e-01,5.080000000000000071e-01,5.799999999999999600e-01,0.000000000000000000e+00,-2.000000000000000111e-01
1.760440748694000000e+12,2.000000000000000000e+00,6.000000000000000000e+00,2.000000000000000000e+00,0.000000000000000000e+00,1.000000000000000000e+00,-2.554650574113828676e-01,2.549005185182311450e-01,-2.510644670449829197e-01,2.613181919432799871e-01,5.028454393011548840e-01,5.074101508901119884e-01,6.919999999999999485e-01,5.799999999999999600e-01,5.262528348671120515e-01,5.413660949379893728e-01,6.079999999999999849e-01,5.799999999999999600e-01,0.000000000000000000e+00,2.000000000000000111e-01
1.760440748898000000e+12,2.000000000000000000e+00,6.000000000000000000e+00,2.000000000000000000e+00,-1.000000000000000056e-01,0.000000000000000000e+00,-2.510644670449829197e-01,2.613181919432799871e-01,-2.417811518957250494e-01,2.666806419998429822e-01,5.262528348671120515e-01,5.413660949379893728e-01,5.919999999999999707e-01,5.799999999999999600e-01,5.756321707674199040e-01,5.697388465600158325e-01,6.119999999999999885e-01,5.400000000000000355e-01,-2.000000000000000042e-02,0.000000000000000000e+00
1.760440749101000000e+12,2.000000000000000000e+00,6.000000000000000000e+00,2.000000000000000000e+00,-1.000000000000000056e-01,0.000000000000000000e+00,-2.417811518957250494e-01,2.666806419998429822e-01,-2.328360357172180040e-01,2.678553848815326544e-01,5.756321707674199040e-01,5.697388465600158325e-01,4.919999999999999929e-01,5.380000000000000338e-01,6.232125759722446645e-01,5.759544173626066632e-01,6.119999999999999885e-01,4.879999999999999893e-01,-2.000000000000000042e-02,0.000000000000000000e+00
1.760440749304000000e+12,2.000000000000000000e+00,6.000000000000000000e+00,2.000000000000000000e+00,-1.000000000000000056e-01,2.000000000000000000e+00,-2.328360357172180040e-01,2.678553848815326544e-01,-2.276594369694902587e-01,2.650302460689254458e-01,6.232125759722446645e-01,5.759544173626066632e-01,5.879999999999999671e-01,4.879999999999999893e-01,6.507476756942007778e-01,5.610065929572775056e-01,5.120000000000000107e-01,4.380000000000000560e-01,-2.000000000000000042e-02,-2.000000000000000111e-01
1.760440749508000000e+12,2.000000000000000000e+00,6.000000000000000000e+00,2.000000000000000000e+00,0.000000000000000000e+00,2.000000000000000000e+00,-2.276183615610470612e-01,2.648341671142139253e-01,-2.307606661987287311e-01,2.589156932992094373e-01,6.509661619093241036e-01,5.599691381704441362e-01,6.879999999999999449e-01,4.360000000000000542e-01,6.342517755386769540e-01,5.286544619005790757e-01,4.080000000000000293e-01,4.240000000000000435e-01,0.000000000000000000e+00,-2.000000000000000111e-01
1.760440749712000000e+12,2.000000000000000000e+00,6.000000000000000000e+00,2.000000000000000000e+00,0.000000000000000000e+00,0.000000000000000000e+00,-2.307606661987287311e-01,2.589156932992094373e-01,-2.381301764940815524e-01,2.528522000958421945e-01,6.342517755386769540e-01,5.286544619005790757e-01,5.879999999999999671e-01,4.240000000000000435e-01,5.950522526910555499e-01,4.965724872795883593e-01,4.080000000000000293e-01,4.240000000000000435e-01,0.000000000000000000e+00,0.000000000000000000e+00
1.760440749916000000e+12,2.000000000000000000e+00,6.000000000000000000e+00,2.000000000000000000e+00,1.000000000000000056e-01,0.000000000000000000e+00,-2.381301764940815524e-01,2.528522000958421945e-01,-2.457981917102981528e-01,2.471087777753432357e-01,5.950522526910555499e-01,4.965724872795883593e-01,4.879999999999999893e-01,4.240000000000000435e-01,5.542649377111800169e-01,4.661840093933505291e-01,4.080000000000000293e-01,4.500000000000000111e-01,2.000000000000000042e-02,0.000000000000000000e+00
0.000000000000000000e+00,0.000000000000000000e+00,0.000000000000000000e+00,0.000000000000000000e+00,0.000000000000000000e+00,0.000000000000000000e+00,0.000000000000000000e+00,0.000000000000000000e+00,0.000000000000000000e+00,0.000000000000000000e+00,0.000000000000000000e+00,0.000000000000000000e+00,0.000000000000000000e+00,0.000000000000000000e+00,0.000000000000000000e+00,0.000000000000000000e+00,0.000000000000000000e+00,0.000000000000000000e+00,0.000000000000000000e+00,0.000000000000000000e+00
1.760440755636000000e+12,3.000000000000000000e+00,6.000000000000000000e+00,3.000000000000000000e+00,1.000000000000000056e-01,1.000000000000000000e+00,-2.466830234288700519e-01,2.466650626370513466e-01,-3.358844810159873351e-01,1.610307578372170423e-01,5.495583860166486367e-01,4.638363102489490020e-01,5.000000000000000000e-01,4.579999999999999627e-01,7.508254778730130696e-02,1.074475046146582125e-02,5.040000000000000036e-01,5.040000000000000036e-01,2.000000000000000042e-02,2.000000000000000111e-01
1.760440755839000000e+12,3.000000000000000000e+00,6.000000000000000000e+00,3.000000000000000000e+00,1.000000000000000056e-01,1.000000000000000000e+00,-3.358844810159873351e-01,1.610307578372170423e-01,-3.314984882231409857e-01,1.634034536981207597e-01,7.508254778730130696e-02,1.074475046146582125e-02,5.999999999999999778e-01,5.060000000000000053e-01,9.841229668542018916e-02,2.329869681545374688e-02,6.079999999999999849e-01,5.560000000000000497e-01,2.000000000000000042e-02,2.000000000000000111e-01
1.760440756042000000e+12,3.000000000000000000e+00,6.000000000000000000e+00,3.000000000000000000e+00,0.000000000000000000e+00,2.000000000000000000e+00,-3.314984882231409857e-01,1.634034536981207597e-01,-3.266459008275797715e-01,1.697771223165003840e-01,9.841229668542018916e-02,2.329869681545374688e-02,5.999999999999999778e-01,5.560000000000000497e-01,1.242239317681926025e-01,5.702181119841472773e-02,5.080000000000000071e-01,6.039999999999999813e-01,0.000000000000000000e+00,-2.000000000000000111e-01
1.760440756247000000e+12,3.000000000000000000e+00,6.000000000000000000e+00,3.000000000000000000e+00,0.000000000000000000e+00,0.000000000000000000e+00,-3.266178008133955313e-01,1.701103735443231513e-01,-3.263124009065163089e-01,1.784420135371293514e-01,1.243733999287470748e-01,5.878504520805899469e-02,5.999999999999999778e-01,6.039999999999999813e-01,1.259978675185301766e-01,1.028677964927478955e-01,5.040000000000000036e-01,6.039999999999999813e-01,0.000000000000000000e+00,0.000000000000000000e+00
1.760440756450000000e+12,3.000000000000000000e+00,6.000000000000000000e+00,3.000000000000000000e+00,0.000000000000000000e+00,1.000000000000000000e+00,-3.263124009065163089e-01,1.784420135371293514e-01,-3.222443313359423245e-01,1.867737911466834932e-01,1.259978675185301766e-01,1.028677964927478955e-01,5.000000000000000000e-01,6.039999999999999813e-01,1.476365354471151914e-01,1.469512759083782816e-01,6.039999999999999813e-01,6.039999999999999813e-01,0.000000000000000000e+00,2.000000000000000111e-01
1.760440756653000000e+12,3.000000000000000000e+00,6.000000000000000000e+00,3.000000000000000000e+00,0.000000000000000000e+00,2.000000000000000000e+00,-3.222443313359423245e-01,1.867737911466834932e-01,-3.177152738445875868e-01,1.951060977339447999e-01,1.476365354471151914e-01,1.469512759083782816e-01,5.000000000000000000e-01,6.039999999999999813e-01,1.717272667841084899e-01,1.910375541478560868e-01,5.040000000000000036e-01,6.039999999999999813e-01,0.000000000000000000e+00,-2.000000000000000111e-01
1.760440756856000000e+12,3.000000000000000000e+00,6.000000000000000000e+00,3.000000000000000000e+00,0.000000000000000000e+00,0.000000000000000000e+00,-3.176999993368186948e-01,1.954394236916381367e-01,-3.177169967664458805e-01,2.037730156034133211e-01,1.718085141658579063e-01,1.928011835536409535e-01,3.999999999999999667e-01,6.039999999999999813e-01,1.717181023061388478e-01,2.368942624519223550e-01,5.000000000000000000e-01,6.039999999999999813e-01,0.000000000000000000e+00,0.000000000000000000e+00
1.760440757059000000e+12,3.000000000000000000e+00,6.000000000000000000e+00,3.000000000000000000e+00,0.000000000000000000e+00,0.000000000000000000e+00,-3.177169967664458805e-01,2.037730156034133211e-01,-3.177364107823811290e-01,2.121073830928369708e-01,1.717181023061388478e-01,2.368942624519223550e-01,3.999999999999999667e-01,6.039999999999999813e-01,1.716148362639300651e-01,2.809914449356453736e-01,5.000000000000000000e-01,6.039999999999999813e-01,0.000000000000000000e+00,0.000000000000000000e+00
1.760440757265000000e+12,3.000000000000000000e+00,6.000000000000000000e+00,3.000000000000000000e+00,0.000000000000000000e+00,1.000000000000000000e+00,-3.177372057415797091e-01,2.124407750602754497e-01,-3.139829701328058498e-01,2.207755905397883467e-01,1.716106077575546562e-01,2.827554235993410270e-01,5.000000000000000000e-01,6.039999999999999813e-01,1.915799461020964434e-01,3.268549764009965886e-01,5.999999999999999778e-01,6.039999999999999813e-01,0.000000000000000000e+00,2.000000000000000111e-01
1.760440757468000000e+12,3.000000000000000000e+00,6.000000000000000000e+00,3.000000000000000000e+00,-1.000000000000000056e-01,1.000000000000000000e+00,-3.139829701328058498e-01,2.207755905397883467e-01,-3.022348224483360490e-01,2.286297419313214063e-01,1.915799461020964434e-01,3.268549764009965886e-01,5.040000000000000036e-01,6.039999999999999813e-01,2.540700933599145395e-01,3.684113329699545969e-01,7.000000000000000666e-01,5.779999999999999583e-01,-2.000000000000000042e-02,2.000000000000000111e-01
1.760440757672000000e+12,3.000000000000000000e+00,6.000000000000000000e+00,3.000000000000000000e+00,-1.000000000000000056e-01,2.000000000000000000e+00,-3.022348224483360490e-01,2.286297419313214063e-01,-2.900280310184636390e-01,2.330001976876409364e-01,2.540700933599145395e-01,3.684113329699545969e-01,6.039999999999999813e-01,5.779999999999999583e-01,3.189998350081720835e-01,3.915354375007457643e-01,5.999999999999999778e-01,5.280000000000000249e-01,-2.000000000000000042e-02,-2.000000000000000111e-01
1.760440757876000000e+12,3.000000000000000000e+00,6.000000000000000000e+00,3.000000000000000000e+00,0.000000000000000000e+00,1.000000000000000000e+00,-2.897055676062382235e-01,2.330920132581737469e-01,-2.782704133292545623e-01,2.337107787421131844e-01,3.207150659242646862e-01,3.920212341702314918e-01,6.039999999999999813e-01,5.260000000000000231e-01,3.815403546316246119e-01,3.952951256196465257e-01,6.959999999999999520e-01,5.000000000000000000e-01,0.000000000000000000e+00,2.000000000000000111e-01
1.760440758079000000e+12,3.000000000000000000e+00,6.000000000000000000e+00,3.000000000000000000e+00,1.000000000000000056e-01,2.000000000000000000e+00,-2.782704133292545623e-01,2.337107787421131844e-01,-2.663854916282673013e-01,2.337835153134109611e-01,3.815403546316246119e-01,3.952951256196465257e-01,5.000000000000000000e-01,5.000000000000000000e-01,4.447580232538972944e-01,3.956799752032326145e-01,5.959999999999999742e-01,5.100000000000000089e-01,2.000000000000000042e-02,-2.000000000000000111e-01
1.760440758283000000e+12,3.000000000000000000e+00,6.000000000000000000e+00,3.000000000000000000e+00,1.000000000000000056e-01,2.000000000000000000e+00,-2.663854916282673013e-01,2.337835153134109611e-01,-2.624867307969971919e-01,2.364819441863819094e-01,4.447580232538972944e-01,3.956799752032326145e-01,5.999999999999999778e-01,5.100000000000000089e-01,4.654961127819297606e-01,4.099573766475233527e-01,4.960000000000000520e-01,5.599999999999999423e-01,2.000000000000000042e-02,-2.000000000000000111e-01
1.760440758487000000e+12,3.000000000000000000e+00,6.000000000000000000e+00,3.000000000000000000e+00,0.000000000000000000e+00,1.000000000000000000e+00,-2.624969158422978399e-01,2.366729697564412260e-01,-2.593804001430047856e-01,2.423431312779851243e-01,4.654419370090540076e-01,4.109680939494245178e-01,5.000000000000000000e-01,5.619999999999999440e-01,4.820191481755063956e-01,4.409689485607679038e-01,5.919999999999999707e-01,5.719999999999999529e-01,0.000000000000000000e+00,2.000000000000000111e-01
0.000000000000000000e+00,0.000000000000000000e+00,0.000000000000000000e+00,0.000000000000000000e+00,0.000000000000000000e+00,0.000000000000000000e+00,0.000000000000000000e+00,0.000000000000000000e+00,0.000000000000000000e+00,0.000000000000000000e+00,0.000000000000000000e+00,0.000000000000000000e+00,0.000000000000000000e+00,0.000000000000000000e+00,0.000000000000000000e+00,0.000000000000000000e+00,0.000000000000000000e+00,0.000000000000000000e+00,0.000000000000000000e+00,0.000000000000000000e+00
1.760440764167000000e+12,4.000000000000000000e+00,6.000000000000000000e+00,2.000000000000000000e+00,1.000000000000000056e-01,2.000000000000000000e+00,-2.581411391041131820e-01,2.432672216019384492e-01,-1.667910905658930576e-01,1.686459989713676721e-01,4.886109622121638796e-01,4.458583153541717525e-01,5.000000000000000000e-01,5.719999999999999529e-01,9.745154757133348555e-01,5.103703159453794325e-02,5.120000000000000107e-01,5.839999999999999636e-01,2.000000000000000042e-02,-2.000000000000000111e-01
1.760440764370000000e+12,4.000000000000000000e+00,6.000000000000000000e+00,2.000000000000000000e+00,1.000000000000000056e-01,2.000000000000000000e+00,-1.667910905658930576e-01,1.686459989713676721e-01,-1.699185652491624898e-01,1.774186409985971102e-01,9.745154757133348555e-01,5.103703159453794325e-02,5.999999999999999778e-01,5.859999999999999654e-01,9.578799720789229477e-01,9.745312697670428792e-02,4.080000000000000293e-01,6.360000000000001208e-01,2.000000000000000042e-02,-2.000000000000000111e-01
1.760440764573000000e+12,4.000000000000000000e+00,6.000000000000000000e+00,2.000000000000000000e+00,0.000000000000000000e+00,2.000000000000000000e+00,-1.699185652491624898e-01,1.774186409985971102e-01,-1.810485170533483734e-01,1.901776994254956998e-01,9.578799720789229477e-01,9.745312697670428792e-02,5.999999999999999778e-01,6.360000000000001208e-01,8.986781007800618282e-01,1.649613726216703768e-01,3.080000000000000515e-01,6.800000000000000488e-01,0.000000000000000000e+00,-2.000000000000000111e-01
1.760440764776000000e+12,4.000000000000000000e+00,6.000000000000000000e+00,2.000000000000000000e+00,0.000000000000000000e+00,2.000000000000000000e+00,-1.816598330633808211e-01,1.907541612197972969e-01,-2.011108050080231413e-01,2.051652395572214349e-01,8.954264198756339832e-01,1.680114350253825439e-01,5.999999999999999778e-01,6.800000000000000488e-01,7.919638031488130947e-01,2.442605267577853956e-01,2.039999999999997649e-01,6.800000000000000488e-01,0.000000000000000000e+00,-2.000000000000000111e-01
1.760440764980000000e+12,4.000000000000000000e+00,6.000000000000000000e+00,2.000000000000000000e+00,0.000000000000000000e+00,2.000000000000000000e+00,-2.011108050080231413e-01,2.051652395572214349e-01,-2.285634943655201479e-01,2.195750203904302811e-01,7.919638031488130947e-01,2.442605267577853956e-01,5.000000000000000000e-01,6.800000000000000488e-01,6.459388597578715752e-01,3.205027533885200230e-01,1.040000000000002034e-01,6.800000000000000488e-01,0.000000000000000000e+00,-2.000000000000000111e-01
1.760440765184000000e+12,4.000000000000000000e+00,6.000000000000000000e+00,2.000000000000000000e+00,-1.000000000000000056e-01,1.000000000000000000e+00,-2.285634943655201479e-01,2.195750203904302811e-01,-2.564814473428427277e-01,2.335796998177615269e-01,6.459388597578715752e-01,3.205027533885200230e-01,5.000000000000000000e-01,6.800000000000000488e-01,4.974391098784960996e-01,3.946015863373626420e-01,2.039999999999997649e-01,6.560000000000001386e-01,-2.000000000000000042e-02,2.000000000000000111e-01
1.760440765387000000e+12,4.000000000000000000e+00,6.000000000000000000e+00,2.000000000000000000e+00,-1.000000000000000056e-01,1.000000000000000000e+00,-2.574323430709249405e-01,2.340810147070965241e-01,-2.770454387308002309e-01,2.445346968004090127e-01,4.923811538780588082e-01,3.972540460692938202e-01,3.999999999999999667e-01,6.540000000000001368e-01,3.880561769638284919e-01,4.525645333354974542e-01,3.080000000000000515e-01,6.039999999999999813e-01,-2.000000000000000042e-02,2.000000000000000111e-01
1.760440765592000000e+12,4.000000000000000000e+00,6.000000000000000000e+00,2.000000000000000000e+00,-1.000000000000000056e-01,1.000000000000000000e+00,-2.770454387308002309e-01,2.445346968004090127e-01,-2.886607577123829760e-01,2.509900694440151958e-01,3.880561769638284919e-01,4.525645333354974542e-01,3.999999999999999667e-01,6.039999999999999813e-01,3.262725653596649233e-01,4.867199441482286115e-01,4.080000000000000293e-01,5.540000000000000480e-01,-2.000000000000000042e-02,2.000000000000000111e-01
1.760440765795000000e+12,4.000000000000000000e+00,6.000000000000000000e+00,2.000000000000000000e+00,-1.000000000000000056e-01,1.000000000000000000e+00,-2.886607577123829760e-01,2.509900694440151958e-01,-2.922440806301647709e-01,2.534556327297095013e-01,3.262725653596649233e-01,4.867199441482286115e-01,5.000000000000000000e-01,5.540000000000000480e-01,3.072123370735915793e-01,4.997652525381455768e-01,5.080000000000000071e-01,5.040000000000000036e-01,-2.000000000000000042e-02,2.000000000000000111e-01
1.760440765999000000e+12,4.000000000000000000e+00,6.000000000000000000e+00,2.000000000000000000e+00,-1.000000000000000056e-01,1.000000000000000000e+00,-2.922440806301647709e-01,2.534556327297095013e-01,-2.875417250777858591e-01,2.517523850000920604e-01,3.072123370735915793e-01,4.997652525381455768e-01,5.040000000000000036e-01,5.020000000000000018e-01,3.322248666075219292e-01,4.907533597888469323e-01,6.119999999999999885e-01,4.520000000000000129e-01,-2.000000000000000042e-02,2.000000000000000111e-01
1.760440766202000000e+12,4.000000000000000000e+00,6.000000000000000000e+00,2.000000000000000000e+00,0.000000000000000000e+00,0.000000000000000000e+00,-2.875417250777858591e-01,2.517523850000920604e-01,-2.786037080341464689e-01,2.462161956612521352e-01,3.322248666075219292e-01,4.907533597888469323e-01,6.039999999999999813e-01,4.520000000000000129e-01,3.797675104566676785e-01,4.614613527050377972e-01,6.119999999999999885e-01,4.180000000000000382e-01,0.000000000000000000e+00,0.000000000000000000e+00
1.760440766406000000e+12,4.000000000000000000e+00,6.000000000000000000e+00,2.000000000000000000e+00,1.000000000000000056e-01,2.000000000000000000e+00,-2.782460072334412837e-01,2.459544706229081223e-01,-2.730756422186538801e-01,2.396863836664188396e-01,3.816701742902058880e-01,4.600765641423710806e-01,6.039999999999999813e-01,4.180000000000000382e-01,4.091721158582239948e-01,4.269120828911049936e-01,5.120000000000000107e-01,4.380000000000000560e-01,2.000000000000000042e-02,-2.000000000000000111e-01
1.760440766610000000e+12,4.000000000000000000e+00,6.000000000000000000e+00,2.000000000000000000e+00,1.000000000000000056e-01,0.000000000000000000e+00,-2.730756422186538801e-01,2.396863836664188396e-01,-2.721304256476482220e-01,2.366272635919413059e-01,4.091721158582239948e-01,4.269120828911049936e-01,5.000000000000000000e-01,4.380000000000000560e-01,4.141998635763392000e-01,4.107262623912238952e-01,5.120000000000000107e-01,4.879999999999999893e-01,2.000000000000000042e-02,0.000000000000000000e+00
1.760440766811000000e+12,4.000000000000000000e+00,6.000000000000000000e+00,2.000000000000000000e+00,1.000000000000000056e-01,1.000000000000000000e+00,-2.721304256476482220e-01,2.366272635919413059e-01,-2.674169135607616932e-01,2.375668592000381996e-01,4.141998635763392000e-01,4.107262623912238952e-01,5.999999999999999778e-01,4.879999999999999893e-01,4.392717363789271356e-01,4.156976677250698859e-01,6.119999999999999885e-01,5.379999999999999227e-01,2.000000000000000042e-02,2.000000000000000111e-01
1.760440767014000000e+12,4.000000000000000000e+00,6.000000000000000000e+00,2.000000000000000000e+00,0.000000000000000000e+00,2.000000000000000000e+00,-2.670639408152347682e-01,2.376866645845363002e-01,-2.615702995752043902e-01,2.426143333621078590e-01,4.411492509827937281e-01,4.163315586483402608e-01,5.000000000000000000e-01,5.379999999999999227e-01,4.703707469404021513e-01,4.424038802227929779e-01,5.160000000000000142e-01,5.739999999999999547e-01,0.000000000000000000e+00,-2.000000000000000111e-01
0.000000000000000000e+00,0.000000000000000000e+00,0.000000000000000000e+00,0.000000000000000000e+00,0.000000000000000000e+00,0.000000000000000000e+00,0.000000000000000000e+00,0.000000000000000000e+00,0.000000000000000000e+00,0.000000000000000000e+00,0.000000000000000000e+00,0.000000000000000000e+00,0.000000000000000000e+00,0.000000000000000000e+00,0.000000000000000000e+00,0.000000000000000000e+00,0.000000000000000000e+00,0.000000000000000000e+00,0.000000000000000000e+00,0.000000000000000000e+00
1.760440772736000000e+12,5.000000000000000000e+00,6.000000000000000000e+00,0.000000000000000000e+00,-1.000000000000000056e-01,1.000000000000000000e+00,-2.614457041920267288e-01,2.433266970153346587e-01,-1.691124314236407411e-01,3.267087118368080523e-01,4.710334883402833017e-01,4.461730000811358066e-01,5.000000000000000000e-01,5.739999999999999547e-01,9.621679179593577436e-01,8.873476816762332353e-01,5.999999999999999778e-01,5.599999999999999423e-01,-2.000000000000000042e-02,2.000000000000000111e-01
1.760440772940000000e+12,5.000000000000000000e+00,6.000000000000000000e+00,0.000000000000000000e+00,-1.000000000000000056e-01,2.000000000000000000e+00,-1.691124314236407411e-01,3.267087118368080523e-01,-1.645751911599623862e-01,3.294940139577806626e-01,9.621679179593577436e-01,8.873476816762332353e-01,5.999999999999999778e-01,5.579999999999999405e-01,9.863021746810511914e-01,9.020847299353474957e-01,5.040000000000000036e-01,5.080000000000000071e-01,-2.000000000000000042e-02,-2.000000000000000111e-01
1.760440773143000000e+12,5.000000000000000000e+00,6.000000000000000000e+00,0.000000000000000000e+00,-1.000000000000000056e-01,2.000000000000000000e+00,-1.645751911599623862e-01,3.294940139577806626e-01,-1.680332966489721802e-01,3.282787313795328954e-01,9.863021746810511914e-01,9.020847299353474957e-01,5.999999999999999778e-01,5.080000000000000071e-01,9.679079965480202885e-01,8.956546633837720872e-01,4.040000000000000258e-01,4.579999999999999627e-01,-2.000000000000000042e-02,-2.000000000000000111e-01
1.760440773345000000e+12,5.000000000000000000e+00,6.000000000000000000e+00,0.000000000000000000e+00,0.000000000000000000e+00,2.000000000000000000e+00,-1.680332966489721802e-01,3.282787313795328954e-01,-1.801158319700851274e-01,3.228951230541896034e-01,9.679079965480202885e-01,8.956546633837720872e-01,5.999999999999999778e-01,4.579999999999999627e-01,9.036391916484833864e-01,8.671699632496805421e-01,3.039999999999999925e-01,4.200000000000000955e-01,0.000000000000000000e+00,-2.000000000000000111e-01
1.760440773549000000e+12,5.000000000000000000e+00,6.000000000000000000e+00,0.000000000000000000e+00,0.000000000000000000e+00,2.000000000000000000e+00,-1.801158319700851274e-01,3.228951230541896034e-01,-1.998947496682241254e-01,3.165182235682178491e-01,9.036391916484833864e-01,8.671699632496805421e-01,5.000000000000000000e-01,4.200000000000000955e-01,7.984321826158291557e-01,8.334297543291950827e-01,1.999999999999997613e-01,4.200000000000000955e-01,0.000000000000000000e+00,-2.000000000000000111e-01
1.760440773752000000e+12,5.000000000000000000e+00,6.000000000000000000e+00,0.000000000000000000e+00,0.000000000000000000e+00,1.000000000000000000e+00,-1.998947496682241254e-01,3.165182235682178491e-01,-2.201413034698482818e-01,3.101405658172546875e-01,7.984321826158291557e-01,8.334297543291950827e-01,5.000000000000000000e-01,4.200000000000000955e-01,6.907377475008069645e-01,7.996855334246281144e-01,2.999999999999999889e-01,4.200000000000000955e-01,0.000000000000000000e+00,2.000000000000000111e-01
1.760440773956000000e+12,5.000000000000000000e+00,6.000000000000000000e+00,0.000000000000000000e+00,0.000000000000000000e+00,0.000000000000000000e+00,-2.207851868388281402e-01,3.098854962030598292e-01,-2.364861835781773836e-01,3.035084866252565350e-01,6.873128359636800910e-01,7.983359587463484397e-01,3.999999999999999667e-01,4.200000000000000955e-01,6.037968958607585757e-01,7.645951673293998052e-01,3.039999999999999925e-01,4.200000000000000955e-01,0.000000000000000000e+00,0.000000000000000000e+00
1.760440774158000000e+12,5.000000000000000000e+00,6.000000000000000000e+00,0.000000000000000000e+00,0.000000000000000000e+00,1.000000000000000000e+00,-2.364861835781773836e-01,3.035084866252565350e-01,-2.484140718185383900e-01,2.971316166255696944e-01,6.037968958607585757e-01,7.645951673293998052e-01,3.999999999999999667e-01,4.200000000000000955e-01,5.403506818162850944e-01,7.308551144210038153e-01,4.040000000000000258e-01,4.200000000000000955e-01,0.000000000000000000e+00,2.000000000000000111e-01
1.760440774362000000e+12,5.000000000000000000e+00,6.000000000000000000e+00,0.000000000000000000e+00,0.000000000000000000e+00,1.000000000000000000e+00,-2.484140718185383900e-01,2.971316166255696944e-01,-2.523439338999062809e-01,2.907549142319417745e-01,5.403506818162850944e-01,7.308551144210038153e-01,5.000000000000000000e-01,4.200000000000000955e-01,5.194471601068814115e-01,6.971159483171522897e-01,5.040000000000000036e-01,4.200000000000000955e-01,0.000000000000000000e+00,2.000000000000000111e-01
1.760440774565000000e+12,5.000000000000000000e+00,6.000000000000000000e+00,0.000000000000000000e+00,0.000000000000000000e+00,0.000000000000000000e+00,-2.523334998825459974e-01,2.904998274429481109e-01,-2.517154555727481591e-01,2.841221443183200579e-01,5.195026601992234205e-01,6.957662827669213179e-01,5.040000000000000036e-01,4.200000000000000955e-01,5.227901299321906503e-01,6.620219276101590999e-01,5.080000000000000071e-01,4.200000000000000955e-01,0.000000000000000000e+00,0.000000000000000000e+00
1.760440774767000000e+12,5.000000000000000000e+00,6.000000000000000000e+00,0.000000000000000000e+00,0.000000000000000000e+00,1.000000000000000000e+00,-2.517154555727481591e-01,2.841221443183200579e-01,-2.473203837558620444e-01,2.777431568729736289e-01,5.227901299321906503e-01,6.620219276101590999e-01,6.039999999999999813e-01,4.200000000000000955e-01,5.461681715113720914e-01,6.282706712855747888e-01,6.079999999999999849e-01,4.200000000000000955e-01,0.000000000000000000e+00,2.000000000000000111e-01
1.760440774970000000e+12,5.000000000000000000e+00,6.000000000000000000e+00,0.000000000000000000e+00,0.000000000000000000e+00,0.000000000000000000e+00,-2.473203837558620444e-01,2.777431568729736289e-01,-2.386997050251986052e-01,2.713625643895929973e-01,5.461681715113720914e-01,6.282706712855747888e-01,6.039999999999999813e-01,4.200000000000000955e-01,5.920228456106456649e-01,5.945109226962592697e-01,6.079999999999999849e-01,4.200000000000000955e-01,0.000000000000000000e+00,0.000000000000000000e+00
1.760440775174000000e+12,5.000000000000000000e+00,6.000000000000000000e+00,0.000000000000000000e+00,1.000000000000000056e-01,2.000000000000000000e+00,-2.383547104949150230e-01,2.711073141361562966e-01,-2.335067680007030522e-01,2.653795099841258498e-01,5.938579228993881021e-01,5.931603922547953323e-01,5.000000000000000000e-01,4.200000000000000955e-01,6.196448510600901516e-01,5.628545501805600759e-01,5.080000000000000071e-01,4.500000000000000111e-01,2.000000000000000042e-02,-2.000000000000000111e-01
1.760440775377000000e+12,5.000000000000000000e+00,6.000000000000000000e+00,0.000000000000000000e+00,1.000000000000000056e-01,0.000000000000000000e+00,-2.335067680007030522e-01,2.653795099841258498e-01,-2.328792357227578713e-01,2.632824755068523537e-01,6.196448510600901516e-01,5.628545501805600759e-01,5.999999999999999778e-01,4.500000000000000111e-01,6.229827887087346916e-01,5.517591296658855837e-01,5.080000000000000071e-01,5.000000000000000000e-01,2.000000000000000042e-02,0.000000000000000000e+00
1.760440775580000000e+12,5.000000000000000000e+00,6.000000000000000000e+00,0.000000000000000000e+00,0.000000000000000000e+00,2.000000000000000000e+00,-2.328792357227578713e-01,2.632824755068523537e-01,-2.359995627799636453e-01,2.648628101390914646e-01,6.229827887087346916e-01,5.517591296658855837e-01,5.000000000000000000e-01,5.000000000000000000e-01,6.063853043618955274e-01,5.601206885666215607e-01,4.119999999999999774e-01,5.260000000000000231e-01,0.000000000000000000e+00,-2.000000000000000111e-01
1.760440775784000000e+12,5.000000000000000000e+00,6.000000000000000000e+00,0.000000000000000000e+00,0.000000000000000000e+00,1.000000000000000000e+00,-2.359995627799636453e-01,2.648628101390914646e-01,-2.396080746528488348e-01,2.669612046362158653e-01,6.063853043618955274e-01,5.601206885666215607e-01,5.919999999999999707e-01,5.260000000000000231e-01,5.871910922720806614e-01,5.712233049535231366e-01,5.080000000000000071e-01,5.260000000000000231e-01,0.000000000000000000e+00,2.000000000000000111e-01
1.760440775987000000e+12,5.000000000000000000e+00,6.000000000000000000e+00,0.000000000000000000e+00,0.000000000000000000e+00,0.000000000000000000e+00,-2.396080746528488348e-01,2.669612046362158653e-01,-2.389864582400728632e-01,2.690600119913200694e-01,5.871910922720806614e-01,5.712233049535231366e-01,5.959999999999999742e-01,5.260000000000000231e-01,5.904975625528038341e-01,5.823281057741803712e-01,5.080000000000000071e-01,5.260000000000000231e-01,0.000000000000000000e+00,0.000000000000000000e+00
1.760440776190000000e+12,5.000000000000000000e+00,6.000000000000000000e+00,0.000000000000000000e+00,-1.000000000000000056e-01,0.000000000000000000e+00,-2.389864582400728632e-01,2.690600119913200694e-01,-2.383367981374148736e-01,2.711158525831035560e-01,5.904975625528038341e-01,5.823281057741803712e-01,6.959999999999999520e-01,5.260000000000000231e-01,5.939532013967293578e-01,5.932055692227702348e-01,5.080000000000000071e-01,5.140000000000000124e-01,-2.000000000000000042e-02,0.000000000000000000e+00
1.760440776394000000e+12,5.000000000000000000e+00,6.000000000000000000e+00,0.000000000000000000e+00,-1.000000000000000056e-01,0.000000000000000000e+00,-2.383367981374148736e-01,2.711158525831035560e-01,-2.377121617331579284e-01,2.702142314298167092e-01,5.939532013967293578e-01,5.932055692227702348e-01,6.959999999999999520e-01,5.120000000000000107e-01,5.972757354619259162e-01,5.884350869302471532e-01,5.080000000000000071e-01,4.619999999999999662e-01,-2.000000000000000042e-02,0.000000000000000000e+00
1.760440776597000000e+12,5.000000000000000000e+00,6.000000000000000000e+00,0.000000000000000000e+00,0.000000000000000000e+00,0.000000000000000000e+00,-2.377121617331579284e-01,2.702142314298167092e-01,-2.370868512890882407e-01,2.655258203841256437e-01,5.972757354619259162e-01,5.884350869302471532e-01,5.959999999999999742e-01,4.619999999999999662e-01,6.006018548452752848e-01,5.636286792810881741e-01,5.080000000000000071e-01,4.299999999999999933e-01,0.000000000000000000e+00,0.000000000000000000e+00
1.760440776800000000e+12,5.000000000000000000e+00,6.000000000000000000e+00,0.000000000000000000e+00,0.000000000000000000e+00,0.000000000000000000e+00,-2.370618190753863708e-01,2.653025556508608052e-01,-2.364357297690790616e-01,2.597206087261703655e-01,6.007350049181575669e-01,5.624473843960889896e-01,6.959999999999999520e-01,4.299999999999999933e-01,6.040652671857495992e-01,5.329132736834411022e-01,5.080000000000000071e-01,4.299999999999999933e-01,0.000000000000000000e+00,0.000000000000000000e+00
1.760440777003000000e+12,5.000000000000000000e+00,6.000000000000000000e+00,0.000000000000000000e+00,1.000000000000000056e-01,2.000000000000000000e+00,-2.364357297690790616e-01,2.597206087261703655e-01,-2.395821560055730326e-01,2.557266503553026760e-01,6.040652671857495992e-01,5.329132736834411022e-01,5.919999999999999707e-01,4.299999999999999933e-01,5.873289574171647320e-01,5.117812188111253713e-01,4.080000000000000293e-01,4.760000000000000342e-01,2.000000000000000042e-02,-2.000000000000000111e-01
1.760440777206000000e+12,5.000000000000000000e+00,6.000000000000000000e+00,0.000000000000000000e+00,1.000000000000000056e-01,1.000000000000000000e+00,-2.395821560055730326e-01,2.557266503553026760e-01,-2.431835629162205636e-01,2.557084988549830906e-01,5.873289574171647320e-01,5.117812188111253713e-01,6.919999999999999485e-01,4.760000000000000342e-01,5.681725376796777915e-01,5.116851791268947069e-01,5.080000000000000071e-01,5.260000000000000231e-01,2.000000000000000042e-02,2.000000000000000111e-01
1.760440777408000000e+12,5.000000000000000000e+00,6.000000000000000000e+00,0.000000000000000000e+00,0.000000000000000000e+00,0.000000000000000000e+00,-2.431835629162205636e-01,2.557084988549830906e-01,-2.422192789418412262e-01,2.581985714276158750e-01,5.681725376796777915e-01,5.116851791268947069e-01,5.919999999999999707e-01,5.260000000000000231e-01,5.733017077561636254e-01,5.248601662836819282e-01,5.120000000000000107e-01,5.300000000000000266e-01,0.000000000000000000e+00,0.000000000000000000e+00
1.760440777611000000e+12,5.000000000000000000e+00,6.000000000000000000e+00,0.000000000000000000e+00,-1.000000000000000056e-01,0.000000000000000000e+00,-2.422192789418412262e-01,2.581985714276158750e-01,-2.412737632270129107e-01,2.600522161090937368e-01,5.733017077561636254e-01,5.248601662836819282e-01,4.919999999999999929e-01,5.300000000000000266e-01,5.783310466648249326e-01,5.346678101010251538e-01,5.120000000000000107e-01,5.020000000000000018e-01,-2.000000000000000042e-02,0.000000000000000000e+00
1.760440777814000000e+12,5.000000000000000000e+00,6.000000000000000000e+00,0.000000000000000000e+00,0.000000000000000000e+00,0.000000000000000000e+00,-2.412737632270129107e-01,2.600522161090937368e-01,-2.403281383395509674e-01,2.583466605665016846e-01,5.783310466648249326e-01,5.346678101010251538e-01,5.879999999999999671e-01,5.020000000000000018e-01,5.833609662789841499e-01,5.256437067010671926e-01,5.120000000000000107e-01,4.540000000000000147e-01,0.000000000000000000e+00,0.000000000000000000e+00
1.760440778018000000e+12,5.000000000000000000e+00,6.000000000000000000e+00,0.000000000000000000e+00,0.000000000000000000e+00,0.000000000000000000e+00,-2.402903027541690717e-01,2.582001618970296564e-01,-2.393441054522955913e-01,2.545373998279103489e-01,5.835622193927176848e-01,5.248685814657654269e-01,6.879999999999999449e-01,4.540000000000000147e-01,5.885951837643851325e-01,5.054888879783616673e-01,5.120000000000000107e-01,4.540000000000000147e-01,0.000000000000000000e+00,0.000000000000000000e+00
1.760440778222000000e+12,5.000000000000000000e+00,6.000000000000000000e+00,0.000000000000000000e+00,0.000000000000000000e+00,0.000000000000000000e+00,-2.393441054522955913e-01,2.545373998279103489e-01,-2.383974245954942339e-01,2.508741605874866831e-01,5.885951837643851325e-01,5.054888879783616673e-01,5.879999999999999671e-01,4.540000000000000147e-01,5.936307202367328006e-01,4.861066697750618948e-01,5.120000000000000107e-01,4.540000000000000147e-01,0.000000000000000000e+00,0.000000000000000000e+00
1.760440778422000000e+12,5.000000000000000000e+00,6.000000000000000000e+00,0.000000000000000000e+00,1.000000000000000056e-01,2.000000000000000000e+00,-2.383974245954942339e-01,2.508741605874866831e-01,-2.412200282034524523e-01,2.475479557677160436e-01,5.936307202367328006e-01,4.861066697750618948e-01,4.879999999999999893e-01,4.540000000000000147e-01,5.786168712582315798e-01,4.685077024746880925e-01,4.119999999999999774e-01,4.760000000000000342e-01,2.000000000000000042e-02,-2.000000000000000111e-01
1.760440778625000000e+12,5.000000000000000000e+00,6.000000000000000000e+00,0.000000000000000000e+00,1.000000000000000056e-01,0.000000000000000000e+00,-2.412200282034524523e-01,2.475479557677160436e-01,-2.482704758551582680e-01,2.475269693971872131e-01,5.786168712582315798e-01,4.685077024746880925e-01,4.879999999999999893e-01,4.760000000000000342e-01,5.411144901321368605e-01,4.683966634771810633e-01,4.119999999999999774e-01,5.260000000000000231e-01,2.000000000000000042e-02,0.000000000000000000e+00
0.000000000000000000e+00,0.000000000000000000e+00,0.000000000000000000e+00,0.000000000000000000e+00,0.000000000000000000e+00,0.000000000000000000e+00,0.000000000000000000e+00,0.000000000000000000e+00,0.000000000000000000e+00,0.000000000000000000e+00,0.000000000000000000e+00,0.000000000000000000e+00,0.000000000000000000e+00,0.000000000000000000e+00,0.000000000000000000e+00,0.000000000000000000e+00,0.000000000000000000e+00,0.000000000000000000e+00,0.000000000000000000e+00,0.000000000000000000e+00
1.760440784342000000e+12,6.000000000000000000e+00,6.000000000000000000e+00,0.000000000000000000e+00,0.000000000000000000e+00,1.000000000000000000e+00,-2.493991424783633115e-01,2.478951423747901006e-01,-1.761035690067283277e-01,3.236854165392523131e-01,5.351109442640249458e-01,4.703446686496831064e-01,5.000000000000000000e-01,5.320000000000000284e-01,9.249810159216578231e-01,8.713514102605943723e-01,5.080000000000000071e-01,5.320000000000000284e-01,0.000000000000000000e+00,2.000000000000000111e-01
1.760440784546000000e+12,6.000000000000000000e+00,6.000000000000000000e+00,0.000000000000000000e+00,-1.000000000000000056e-01,2.000000000000000000e+00,-1.761035690067283277e-01,3.236854165392523131e-01,-1.789289377269228654e-01,3.261823616736033715e-01,9.249810159216578231e-01,8.713514102605943723e-01,5.999999999999999778e-01,5.320000000000000284e-01,9.099524588993465057e-01,8.845627601777957816e-01,4.119999999999999774e-01,5.200000000000000178e-01,-2.000000000000000042e-02,-2.000000000000000111e-01
1.760440784748000000e+12,6.000000000000000000e+00,6.000000000000000000e+00,0.000000000000000000e+00,-1.000000000000000056e-01,0.000000000000000000e+00,-1.789289377269228654e-01,3.261823616736033715e-01,-1.859807600795854166e-01,3.259252229379849264e-01,9.099524588993465057e-01,8.845627601777957816e-01,5.999999999999999778e-01,5.200000000000000178e-01,8.724427655341201460e-01,8.832022377671161495e-01,4.119999999999999774e-01,4.699999999999999734e-01,-2.000000000000000042e-02,0.000000000000000000e+00
1.760440784952000000e+12,6.000000000000000000e+00,6.000000000000000000e+00,0.000000000000000000e+00,-1.000000000000000056e-01,0.000000000000000000e+00,-1.862629700701897151e-01,3.258318987841943848e-01,-1.933181576604544039e-01,3.214177016446250756e-01,8.709416485628206361e-01,8.827084591756317877e-01,5.999999999999999778e-01,4.699999999999999734e-01,8.334140549975829204e-01,8.593529187546301573e-01,4.119999999999999774e-01,4.200000000000000955e-01,-2.000000000000000042e-02,0.000000000000000000e+00
1.760440785155000000e+12,6.000000000000000000e+00,6.000000000000000000e+00,0.000000000000000000e+00,0.000000000000000000e+00,2.000000000000000000e+00,-1.933181576604544039e-01,3.214177016446250756e-01,-2.041425759993865663e-01,3.139531462768955228e-01,8.334140549975829204e-01,8.593529187546301573e-01,5.000000000000000000e-01,4.180000000000000382e-01,7.758373617053906379e-01,8.198579168089711322e-01,3.120000000000000551e-01,4.040000000000000258e-01,0.000000000000000000e+00,-2.000000000000000111e-01
1.760440785359000000e+12,6.000000000000000000e+00,6.000000000000000000e+00,0.000000000000000000e+00,0.000000000000000000e+00,0.000000000000000000e+00,-2.041425759993865663e-01,3.139531462768955228e-01,-2.191949397387122356e-01,3.062963524641861834e-01,7.758373617053906379e-01,8.198579168089711322e-01,5.000000000000000000e-01,4.040000000000000258e-01,6.957715971345094230e-01,7.793457802337894202e-01,3.120000000000000551e-01,4.040000000000000258e-01,0.000000000000000000e+00,0.000000000000000000e+00
1.760440785562000000e+12,6.000000000000000000e+00,6.000000000000000000e+00,0.000000000000000000e+00,0.000000000000000000e+00,1.000000000000000000e+00,-2.197971846317898215e-01,3.059900597450560533e-01,-2.310729899724612291e-01,2.983330035586019835e-01,6.925681668521818102e-01,7.777251838362755354e-01,3.999999999999999667e-01,4.040000000000000258e-01,6.325904788698870629e-01,7.372116590402222336e-01,4.119999999999999774e-01,4.040000000000000258e-01,0.000000000000000000e+00,2.000000000000000111e-01
1.760440785764000000e+12,6.000000000000000000e+00,6.000000000000000000e+00,0.000000000000000000e+00,0.000000000000000000e+00,0.000000000000000000e+00,-2.310729899724612291e-01,2.983330035586019835e-01,-2.381330737412837295e-01,2.906755293077867286e-01,6.325904788698870629e-01,7.372116590402222336e-01,3.999999999999999667e-01,4.040000000000000258e-01,5.950368418016822591e-01,6.966959222634219184e-01,4.119999999999999774e-01,4.040000000000000258e-01,0.000000000000000000e+00,0.000000000000000000e+00
1.760440785967000000e+12,6.000000000000000000e+00,6.000000000000000000e+00,0.000000000000000000e+00,0.000000000000000000e+00,1.000000000000000000e+00,-2.381330737412837295e-01,2.906755293077867286e-01,-2.414154756404381375e-01,2.830172485749480327e-01,5.950368418016822591e-01,6.966959222634219184e-01,5.000000000000000000e-01,4.040000000000000258e-01,5.775772572317120490e-01,6.561759183859685596e-01,5.120000000000000107e-01,4.040000000000000258e-01,0.000000000000000000e+00,2.000000000000000111e-01
1.760440786171000000e+12,6.000000000000000000e+00,6.000000000000000000e+00,0.000000000000000000e+00,0.000000000000000000e+00,0.000000000000000000e+00,-2.413809359068692650e-01,2.827108981298761536e-01,-2.401201205218963242e-01,2.750515434405091941e-01,5.777609792187804461e-01,6.545550165601913273e-01,5.040000000000000036e-01,4.040000000000000258e-01,5.844674440324663101e-01,6.140293303730646191e-01,5.160000000000000142e-01,4.040000000000000258e-01,0.000000000000000000e+00,0.000000000000000000e+00
1.760440786373000000e+12,6.000000000000000000e+00,6.000000000000000000e+00,0.000000000000000000e+00,0.000000000000000000e+00,2.000000000000000000e+00,-2.401201205218963242e-01,2.750515434405091941e-01,-2.426247705901147800e-01,2.673909364579310499e-01,5.844674440324663101e-01,6.140293303730646191e-01,6.039999999999999813e-01,4.040000000000000258e-01,5.711448372866234635e-01,5.734970182959315821e-01,4.159999999999999809e-01,4.040000000000000258e-01,0.000000000000000000e+00,-2.000000000000000111e-01
1.760440786577000000e+12,6.000000000000000000e+00,6.000000000000000000e+00,0.000000000000000000e+00,0.000000000000000000e+00,0.000000000000000000e+00,-2.426247705901147800e-01,2.673909364579310499e-01,-2.499426350622648840e-01,2.594225477240031386e-01,5.711448372866234635e-01,5.734970182959315821e-01,6.039999999999999813e-01,4.040000000000000258e-01,5.322200262645484514e-01,5.313362313439320417e-01,4.119999999999999774e-01,4.040000000000000258e-01,0.000000000000000000e+00,0.000000000000000000e+00
1.760440786781000000e+12,6.000000000000000000e+00,6.000000000000000000e+00,0.000000000000000000e+00,0.000000000000000000e+00,1.000000000000000000e+00,-2.499426350622648840e-01,2.594225477240031386e-01,-2.532326857495362238e-01,2.517601408663216467e-01,5.322200262645484514e-01,5.313362313439320417e-01,5.000000000000000000e-01,4.040000000000000258e-01,5.147197566514030154e-01,4.907943961181039927e-01,5.120000000000000107e-01,4.040000000000000258e-01,0.000000000000000000e+00,2.000000000000000111e-01
0.000000000000000000e+00,0.000000000000000000e+00,0.000000000000000000e+00,0.000000000000000000e+00,0.000000000000000000e+00,0.000000000000000000e+00,0.000000000000000000e+00,0.000000000000000000e+00,0.000000000000000000e+00,0.000000000000000000e+00,0.000000000000000000e+00,0.000000000000000000e+00,0.000000000000000000e+00,0.000000000000000000e+00,0.000000000000000000e+00,0.000000000000000000e+00,0.000000000000000000e+00,0.000000000000000000e+00,0.000000000000000000e+00,0.000000000000000000e+00
1.760440792420000000e+12,7.000000000000000000e+00,6.000000000000000000e+00,3.000000000000000000e+00,0.000000000000000000e+00,0.000000000000000000e+00,-2.530158104583045131e-01,2.505341065160641145e-01,-3.305299094558522000e-01,1.591125613243129233e-01,5.158733486260397294e-01,4.843074418839371509e-01,5.000000000000000000e-01,4.040000000000000258e-01,1.035643114050413816e-01,5.955625625022269816e-04,5.279999999999999138e-01,5.000000000000000000e-01,0.000000000000000000e+00,0.000000000000000000e+00
1.760440792623000000e+12,7.000000000000000000e+00,6.000000000000000000e+00,3.000000000000000000e+00,1.000000000000000056e-01,1.000000000000000000e+00,-3.305299094558522000e-01,1.591125613243129233e-01,-3.245347020869709387e-01,1.593970396598501371e-01,1.035643114050413816e-01,5.955625625022269816e-04,5.999999999999999778e-01,5.000000000000000000e-01,1.354537123033459634e-01,2.100738941006004019e-03,6.279999999999998916e-01,5.200000000000000178e-01,2.000000000000000042e-02,2.000000000000000111e-01
1.760440792827000000e+12,7.000000000000000000e+00,6.000000000000000000e+00,3.000000000000000000e+00,1.000000000000000056e-01,2.000000000000000000e+00,-3.245347020869709387e-01,1.593970396598501371e-01,-3.173597232409033908e-01,1.631152691005239852e-01,1.354537123033459634e-01,2.100738941006004019e-03,5.999999999999999778e-01,5.200000000000000178e-01,1.736184933994499580e-01,2.177391058478297947e-02,5.360000000000000320e-01,5.699999999999999512e-01,2.000000000000000042e-02,-2.000000000000000111e-01
1.760440793033000000e+12,7.000000000000000000e+00,6.000000000000000000e+00,3.000000000000000000e+00,1.000000000000000056e-01,2.000000000000000000e+00,-3.173597232409033908e-01,1.631152691005239852e-01,-3.185867168735674881e-01,1.707719647639724947e-01,1.736184933994499580e-01,2.177391058478297947e-02,5.999999999999999778e-01,5.719999999999999529e-01,1.670919315235770974e-01,6.228552785170631684e-02,4.319999999999999951e-01,6.219999999999999973e-01,2.000000000000000042e-02,-2.000000000000000111e-01
1.760440793236000000e+12,7.000000000000000000e+00,6.000000000000000000e+00,3.000000000000000000e+00,0.000000000000000000e+00,1.000000000000000000e+00,-3.185867168735674881e-01,1.707719647639724947e-01,-3.202671779265096053e-01,1.806943739312554531e-01,1.670919315235770974e-01,6.228552785170631684e-02,5.000000000000000000e-01,6.219999999999999973e-01,1.581533089015445537e-01,1.147850472553198636e-01,5.320000000000000284e-01,6.240000000000001101e-01,0.000000000000000000e+00,2.000000000000000111e-01
1.760440793441000000e+12,7.000000000000000000e+00,6.000000000000000000e+00,3.000000000000000000e+00,0.000000000000000000e+00,1.000000000000000000e+00,-3.201686596662385864e-01,1.810916495236613577e-01,-3.135377733415142254e-01,1.910231905673445418e-01,1.586773422008584955e-01,1.168870345167267594e-01,5.000000000000000000e-01,6.240000000000001101e-01,1.939480141408816971e-01,1.694348707266906950e-01,6.359999999999998987e-01,6.240000000000001101e-01,0.000000000000000000e+00,2.000000000000000111e-01
1.760440793643000000e+12,7.000000000000000000e+00,6.000000000000000000e+00,3.000000000000000000e+00,0.000000000000000000e+00,2.000000000000000000e+00,-3.135377733415142254e-01,1.910231905673445418e-01,-3.064456650858642384e-01,2.009553475542116274e-01,1.939480141408816971e-01,1.694348707266906950e-01,3.999999999999999667e-01,6.240000000000001101e-01,2.316719942241263208e-01,2.219859658952996473e-01,5.360000000000000320e-01,6.240000000000001101e-01,0.000000000000000000e+00,-2.000000000000000111e-01
1.760440793847000000e+12,7.000000000000000000e+00,6.000000000000000000e+00,3.000000000000000000e+00,0.000000000000000000e+00,1.000000000000000000e+00,-3.064456650858642384e-01,2.009553475542116274e-01,-2.998080043364982350e-01,2.108883995882697981e-01,2.316719942241263208e-01,2.219859658952996473e-01,3.999999999999999667e-01,6.240000000000001101e-01,2.669787003377752654e-01,2.745417967633322909e-01,6.359999999999998987e-01,6.240000000000001101e-01,0.000000000000000000e+00,2.000000000000000111e-01
1.760440794050000000e+12,7.000000000000000000e+00,6.000000000000000000e+00,3.000000000000000000e+00,0.000000000000000000e+00,0.000000000000000000e+00,-2.993766670699398724e-01,2.112857040756045135e-01,-2.881944812653056687e-01,2.212186267953475394e-01,2.692730475003197732e-01,2.766439369079604083e-01,5.000000000000000000e-01,6.240000000000001101e-01,3.287527592270974575e-01,3.291990835732674370e-01,6.400000000000000133e-01,6.240000000000001101e-01,0.000000000000000000e+00,0.000000000000000000e+00
1.760440794254000000e+12,7.000000000000000000e+00,6.000000000000000000e+00,3.000000000000000000e+00,-1.000000000000000056e-01,0.000000000000000000e+00,-2.881944812653056687e-01,2.212186267953475394e-01,-2.770100029351879600e-01,2.311363310782269531e-01,3.287527592270974575e-01,3.291990835732674370e-01,5.040000000000000036e-01,6.240000000000001101e-01,3.882446652383618746e-01,3.816737094086082305e-01,6.400000000000000133e-01,6.179999999999999938e-01,-2.000000000000000042e-02,0.000000000000000000e+00
1.760440794457000000e+12,7.000000000000000000e+00,6.000000000000000000e+00,3.000000000000000000e+00,-1.000000000000000056e-01,0.000000000000000000e+00,-2.770100029351879600e-01,2.311363310782269531e-01,-2.653779312654249711e-01,2.389281489679519754e-01,3.882446652383618746e-01,3.816737094086082305e-01,6.039999999999999813e-01,6.179999999999999938e-01,4.501173868860373073e-01,4.229002590896930314e-01,6.400000000000000133e-01,5.679999999999999494e-01,-2.000000000000000042e-02,0.000000000000000000e+00
1.760440794661000000e+12,7.000000000000000000e+00,6.000000000000000000e+00,3.000000000000000000e+00,0.000000000000000000e+00,2.000000000000000000e+00,-2.653779312654249711e-01,2.389281489679519754e-01,-2.579626083159778371e-01,2.425092130434403082e-01,4.501173868860373073e-01,4.229002590896930314e-01,6.039999999999999813e-01,5.659999999999999476e-01,4.895605940639476406e-01,4.418476880605307633e-01,5.400000000000000355e-01,5.320000000000000284e-01,0.000000000000000000e+00,-2.000000000000000111e-01
0.000000000000000000e+00,0.000000000000000000e+00,0.000000000000000000e+00,0.000000000000000000e+00,0.000000000000000000e+00,0.000000000000000000e+00,0.000000000000000000e+00,0.000000000000000000e+00,0.000000000000000000e+00,0.000000000000000000e+00,0.000000000000000000e+00,0.000000000000000000e+00,0.000000000000000000e+00,0.000000000000000000e+00,0.000000000000000000e+00,0.000000000000000000e+00,0.000000000000000000e+00,0.000000000000000000e+00,0.000000000000000000e+00,0.000000000000000000e+00
1.760440800341000000e+12,8.000000000000000000e+00,6.000000000000000000e+00,1.000000000000000000e+00,0.000000000000000000e+00,0.000000000000000000e+00,-2.575169951595149831e-01,2.429213868516720276e-01,-3.307304791386638798e-01,3.238648220960136381e-01,4.919308768110904895e-01,4.440285018606985878e-01,5.000000000000000000e-01,5.320000000000000284e-01,1.024974513900856476e-01,8.723006460106542681e-01,5.240000000000000213e-01,5.320000000000000284e-01,0.000000000000000000e+00,0.000000000000000000e+00
1.760440800546000000e+12,8.000000000000000000e+00,6.000000000000000000e+00,1.000000000000000000e+00,-1.000000000000000056e-01,1.000000000000000000e+00,-3.307304791386638798e-01,3.238648220960136381e-01,-3.250863903555289980e-01,3.264611495734484059e-01,1.024974513900856476e-01,8.723006460106542681e-01,5.999999999999999778e-01,5.320000000000000284e-01,1.325192002365477850e-01,8.860378284309440300e-01,6.239999999999998881e-01,5.300000000000000266e-01,-2.000000000000000042e-02,2.000000000000000111e-01
1.760440800748000000e+12,8.000000000000000000e+00,6.000000000000000000e+00,1.000000000000000000e+00,-1.000000000000000056e-01,1.000000000000000000e+00,-3.250863903555289980e-01,3.264611495734484059e-01,-3.114342221886381434e-01,3.270094399434799737e-01,1.325192002365477850e-01,8.860378284309440300e-01,5.999999999999999778e-01,5.300000000000000266e-01,2.051371160178821207e-01,8.889388356797883750e-01,7.239999999999999769e-01,4.799999999999999822e-01,-2.000000000000000042e-02,2.000000000000000111e-01
1.760440800952000000e+12,8.000000000000000000e+00,6.000000000000000000e+00,1.000000000000000000e+00,-1.000000000000000056e-01,0.000000000000000000e+00,-3.114342221886381434e-01,3.270094399434799737e-01,-2.925166058996420126e-01,3.233347439839959203e-01,2.051371160178821207e-01,8.889388356797883750e-01,5.999999999999999778e-01,4.799999999999999822e-01,3.057627345763722082e-01,8.694959999153224484e-01,7.279999999999999805e-01,4.300000000000001044e-01,-2.000000000000000042e-02,0.000000000000000000e+00
1.760440801155000000e+12,8.000000000000000000e+00,6.000000000000000000e+00,1.000000000000000000e+00,0.000000000000000000e+00,0.000000000000000000e+00,-2.925166058996420126e-01,3.233347439839959203e-01,-2.743040946465332697e-01,3.157245562014470153e-01,3.057627345763722082e-01,8.694959999153224484e-01,5.000000000000000000e-01,4.280000000000000471e-01,4.026377944333336401e-01,8.292304560923123846e-01,7.279999999999999805e-01,3.819999999999999507e-01,0.000000000000000000e+00,0.000000000000000000e+00
1.760440801359000000e+12,8.000000000000000000e+00,6.000000000000000000e+00,1.000000000000000000e+00,0.000000000000000000e+00,2.000000000000000000e+00,-2.743040946465332697e-01,3.157245562014470153e-01,-2.598569287890961643e-01,3.063095442056514295e-01,4.026377944333336401e-01,8.292304560923123846e-01,5.000000000000000000e-01,3.819999999999999507e-01,4.794844213345948458e-01,7.794155778076796715e-01,6.279999999999998916e-01,3.819999999999999507e-01,0.000000000000000000e+00,-2.000000000000000111e-01
1.760440801562000000e+12,8.000000000000000000e+00,6.000000000000000000e+00,1.000000000000000000e+00,0.000000000000000000e+00,0.000000000000000000e+00,-2.598569287890961643e-01,3.063095442056514295e-01,-2.495420762028733863e-01,2.965167400104933293e-01,4.794844213345948458e-01,7.794155778076796715e-01,3.999999999999999667e-01,3.819999999999999507e-01,5.343506584953542360e-01,7.276017989973192490e-01,6.239999999999998881e-01,3.819999999999999507e-01,0.000000000000000000e+00,0.000000000000000000e+00
1.760440801765000000e+12,8.000000000000000000e+00,6.000000000000000000e+00,1.000000000000000000e+00,0.000000000000000000e+00,0.000000000000000000e+00,-2.495420762028733863e-01,2.965167400104933293e-01,-2.396398276588135590e-01,2.870985888856122936e-01,5.343506584953542360e-01,7.276017989973192490e-01,3.999999999999999667e-01,3.819999999999999507e-01,5.870221933041831486e-01,6.777703115640862919e-01,6.239999999999998881e-01,3.819999999999999507e-01,0.000000000000000000e+00,0.000000000000000000e+00
1.760440801969000000e+12,8.000000000000000000e+00,6.000000000000000000e+00,1.000000000000000000e+00,0.000000000000000000e+00,0.000000000000000000e+00,-2.396398276588135590e-01,2.870985888856122936e-01,-2.297352712541463893e-01,2.776786866042508795e-01,5.870221933041831486e-01,6.777703115640862919e-01,5.000000000000000000e-01,3.819999999999999507e-01,6.397060039673063692e-01,6.279295587526502187e-01,6.239999999999998881e-01,3.819999999999999507e-01,0.000000000000000000e+00,0.000000000000000000e+00
1.760440802173000000e+12,8.000000000000000000e+00,6.000000000000000000e+00,1.000000000000000000e+00,0.000000000000000000e+00,2.000000000000000000e+00,-2.293390420508583105e-01,2.773018550404086069e-01,-2.232098332376642180e-01,2.678807810216649599e-01,6.418136061124557479e-01,6.259357409545429629e-01,5.040000000000000036e-01,3.819999999999999507e-01,6.744157806507222741e-01,5.760887884744178011e-01,5.240000000000000213e-01,3.819999999999999507e-01,0.000000000000000000e+00,-2.000000000000000111e-01
1.760440802377000000e+12,8.000000000000000000e+00,6.000000000000000000e+00,1.000000000000000000e+00,1.000000000000000056e-01,0.000000000000000000e+00,-2.232098332376642180e-01,2.678807810216649599e-01,-2.212984663179191624e-01,2.591146910933309067e-01,6.744157806507222741e-01,5.760887884744178011e-01,6.039999999999999813e-01,3.819999999999999507e-01,6.845826259685150461e-01,5.297073602821741334e-01,5.240000000000000213e-01,4.120000000000000329e-01,2.000000000000000042e-02,0.000000000000000000e+00
1.760440802580000000e+12,8.000000000000000000e+00,6.000000000000000000e+00,1.000000000000000000e+00,1.000000000000000056e-01,2.000000000000000000e+00,-2.212984663179191624e-01,2.591146910933309067e-01,-2.230817862851183220e-01,2.538513668560969938e-01,6.845826259685150461e-01,5.297073602821741334e-01,6.039999999999999813e-01,4.120000000000000329e-01,6.750968814621365333e-01,5.018590838946931365e-01,4.280000000000000471e-01,4.619999999999999662e-01,2.000000000000000042e-02,-2.000000000000000111e-01
1.760440802783000000e+12,8.000000000000000000e+00,6.000000000000000000e+00,1.000000000000000000e+00,0.000000000000000000e+00,2.000000000000000000e+00,-2.230817862851183220e-01,2.538513668560969938e-01,-2.329421492417596828e-01,2.523078131702478633e-01,6.750968814621365333e-01,5.018590838946931365e-01,5.000000000000000000e-01,4.640000000000000235e-01,6.226481423310654684e-01,4.936921331759146492e-01,3.240000000000001212e-01,4.860000000000000431e-01,0.000000000000000000e+00,-2.000000000000000111e-01
1.760440802986000000e+12,8.000000000000000000e+00,6.000000000000000000e+00,1.000000000000000000e+00,0.000000000000000000e+00,1.000000000000000000e+00,-2.329421492417596828e-01,2.523078131702478633e-01,-2.432645233347677238e-01,2.512035359852787808e-01,6.226481423310654684e-01,4.936921331759146492e-01,5.999999999999999778e-01,4.860000000000000431e-01,5.677418971554908378e-01,4.878493967475068249e-01,4.239999999999999880e-01,4.860000000000000431e-01,0.000000000000000000e+00,2.000000000000000111e-01
1.760440803190000000e+12,8.000000000000000000e+00,6.000000000000000000e+00,1.000000000000000000e+00,0.000000000000000000e+00,0.000000000000000000e+00,-2.432645233347677238e-01,2.512035359852787808e-01,-2.492889944061453256e-01,2.500558528604220898e-01,5.677418971554908378e-01,4.878493967475068249e-01,5.000000000000000000e-01,4.860000000000000431e-01,5.356968382651844385e-01,4.817769992614925889e-01,4.279999999999999361e-01,4.860000000000000431e-01,0.000000000000000000e+00,0.000000000000000000e+00
0.000000000000000000e+00,0.000000000000000000e+00,0.000000000000000000e+00,0.000000000000000000e+00,0.000000000000000000e+00,0.000000000000000000e+00,0.000000000000000000e+00,0.000000000000000000e+00,0.000000000000000000e+00,0.000000000000000000e+00,0.000000000000000000e+00,0.000000000000000000e+00,0.000000000000000000e+00,0.000000000000000000e+00,0.000000000000000000e+00,0.000000000000000000e+00,0.000000000000000000e+00,0.000000000000000000e+00,0.000000000000000000e+00,0.000000000000000000e+00
1.760441066661000000e+12,1.000000000000000000e+00,8.000000000000000000e+00,0.000000000000000000e+00,0.000000000000000000e+00,2.000000000000000000e+00,-3.507866100433170153e-01,1.593303803003740526e-01,-1.769529651981140705e-01,3.212531570658357372e-01,-4.184095975090625953e-03,1.748043917323017149e-03,5.000000000000000000e-01,5.000000000000000000e-01,9.204629510738613352e-01,8.584823125176495040e-01,4.000000000000000777e-01,5.000000000000000000e-01,0.000000000000000000e+00,-2.000000000000000111e-01
1.760441066870000000e+12,1.000000000000000000e+00,8.000000000000000000e+00,0.000000000000000000e+00,0.000000000000000000e+00,0.000000000000000000e+00,-1.772703204520407194e-01,3.212541787239187596e-01,-1.856014924252681331e-01,3.212797833595344432e-01,9.187748912125494050e-01,8.584877181159723536e-01,5.999999999999999778e-01,5.000000000000000000e-01,8.744601466741056539e-01,8.586231923784892750e-01,3.960000000000000187e-01,5.000000000000000000e-01,0.000000000000000000e+00,0.000000000000000000e+00
1.760441067074000000e+12,1.000000000000000000e+00,8.000000000000000000e+00,0.000000000000000000e+00,-1.000000000000000056e-01,0.000000000000000000e+00,-1.856014924252681331e-01,3.212797833595344432e-01,-1.939367612102943506e-01,3.204584273955106699e-01,8.744601466741056539e-01,8.586231923784892750e-01,5.999999999999999778e-01,5.000000000000000000e-01,8.301236105835406720e-01,8.542773936270406931e-01,3.960000000000000187e-01,4.660000000000000253e-01,-2.000000000000000042e-02,0.000000000000000000e+00
1.760441067277000000e+12,1.000000000000000000e+00,8.000000000000000000e+00,0.000000000000000000e+00,-1.000000000000000056e-01,0.000000000000000000e+00,-1.939367612102943506e-01,3.204584273955106699e-01,-2.022723001082780137e-01,3.158832428806582215e-01,8.301236105835406720e-01,8.542773936270406931e-01,5.999999999999999778e-01,4.660000000000000253e-01,7.857856377219254451e-01,8.300700681516308688e-01,3.960000000000000187e-01,4.160000000000000364e-01,-2.000000000000000042e-02,0.000000000000000000e+00
1.760441067480000000e+12,1.000000000000000000e+00,8.000000000000000000e+00,0.000000000000000000e+00,-1.000000000000000056e-01,0.000000000000000000e+00,-2.026057153932523391e-01,3.156170506869639403e-01,-2.109406267570046456e-01,3.068759431226241730e-01,7.840121521635513568e-01,8.286616438463701995e-01,5.000000000000000000e-01,4.160000000000000364e-01,7.396775172499753248e-01,7.824123974742021037e-01,3.960000000000000187e-01,3.639999999999999347e-01,-2.000000000000000042e-02,0.000000000000000000e+00
1.760441067683000000e+12,1.000000000000000000e+00,8.000000000000000000e+00,0.000000000000000000e+00,0.000000000000000000e+00,0.000000000000000000e+00,-2.109406267570046456e-01,3.068759431226241730e-01,-2.192747096713926758e-01,2.957228117151292079e-01,7.396775172499753248e-01,7.824123974742021037e-01,5.000000000000000000e-01,3.639999999999999347e-01,6.953472889819538594e-01,7.234011201858688844e-01,3.960000000000000187e-01,3.599999999999998757e-01,0.000000000000000000e+00,0.000000000000000000e+00
1.760441067887000000e+12,1.000000000000000000e+00,8.000000000000000000e+00,0.000000000000000000e+00,0.000000000000000000e+00,0.000000000000000000e+00,-2.192747096713926758e-01,2.957228117151292079e-01,-2.276085784886812124e-01,2.845440679010701746e-01,6.953472889819538594e-01,7.234011201858688844e-01,3.999999999999999667e-01,3.599999999999998757e-01,6.510181995282914302e-01,6.642543275188899088e-01,3.960000000000000187e-01,3.599999999999998757e-01,0.000000000000000000e+00,0.000000000000000000e+00
1.760441068090000000e+12,1.000000000000000000e+00,8.000000000000000000e+00,0.000000000000000000e+00,0.000000000000000000e+00,1.000000000000000000e+00,-2.279419286969255332e-01,2.840968856739224391e-01,-2.325043796521299999e-01,2.729169844086006824e-01,6.492450601227365281e-01,6.618882839890076752e-01,3.999999999999999667e-01,3.599999999999998757e-01,6.249767039780318445e-01,6.027353672412735230e-01,4.960000000000000520e-01,3.599999999999998757e-01,0.000000000000000000e+00,2.000000000000000111e-01
1.760441068294000000e+12,1.000000000000000000e+00,8.000000000000000000e+00,0.000000000000000000e+00,0.000000000000000000e+00,0.000000000000000000e+00,-2.325043796521299999e-01,2.729169844086006824e-01,-2.328403803561324148e-01,2.617358784893519807e-01,6.249767039780318445e-01,6.027353672412735230e-01,5.000000000000000000e-01,3.599999999999998757e-01,6.231894661907849686e-01,5.435760766632380392e-01,4.960000000000000520e-01,3.599999999999998757e-01,0.000000000000000000e+00,0.000000000000000000e+00
1.760441068497000000e+12,1.000000000000000000e+00,8.000000000000000000e+00,0.000000000000000000e+00,1.000000000000000056e-01,2.000000000000000000e+00,-2.328403803561324148e-01,2.617358784893519807e-01,-2.372706806786002431e-01,2.516921761174960026e-01,6.231894661907849686e-01,5.435760766632380392e-01,5.040000000000000036e-01,3.599999999999998757e-01,5.996240389436157114e-01,4.904347942724656684e-01,3.960000000000000187e-01,4.040000000000000258e-01,2.000000000000000042e-02,-2.000000000000000111e-01
1.760441068700000000e+12,1.000000000000000000e+00,8.000000000000000000e+00,0.000000000000000000e+00,1.000000000000000056e-01,0.000000000000000000e+00,-2.372706806786002431e-01,2.516921761174960026e-01,-2.459206368682179122e-01,2.460727737707861240e-01,5.996240389436157114e-01,4.904347942724656684e-01,6.039999999999999813e-01,4.060000000000000275e-01,5.536136336796919633e-01,4.607025067237361382e-01,3.920000000000000151e-01,4.560000000000000164e-01,2.000000000000000042e-02,0.000000000000000000e+00
0.000000000000000000e+00,0.000000000000000000e+00,0.000000000000000000e+00,0.000000000000000000e+00,0.000000000000000000e+00,0.000000000000000000e+00,0.000000000000000000e+00,0.000000000000000000e+00,0.000000000000000000e+00,0.000000000000000000e+00,0.000000000000000000e+00,0.000000000000000000e+00,0.000000000000000000e+00,0.000000000000000000e+00,0.000000000000000000e+00,0.000000000000000000e+00,0.000000000000000000e+00,0.000000000000000000e+00,0.000000000000000000e+00,0.000000000000000000e+00
1.760441074425000000e+12,2.000000000000000000e+00,8.000000000000000000e+00,1.000000000000000000e+00,-1.000000000000000056e-01,1.000000000000000000e+00,-2.473052547737511486e-01,2.455448734759337892e-01,-3.370044942393800591e-01,3.183123567816225630e-01,5.462486448204725287e-01,4.579093834705492139e-01,5.000000000000000000e-01,4.619999999999999662e-01,6.912503064159532251e-02,8.429225226540877358e-01,4.879999999999999893e-01,4.460000000000000075e-01,-2.000000000000000042e-02,2.000000000000000111e-01
1.760441074628000000e+12,2.000000000000000000e+00,8.000000000000000000e+00,1.000000000000000000e+00,-1.000000000000000056e-01,1.000000000000000000e+00,-3.370044942393800591e-01,3.183123567816225630e-01,-3.339188974840637814e-01,3.119830475365961142e-01,6.912503064159532251e-02,8.429225226540877358e-01,5.999999999999999778e-01,4.440000000000000058e-01,8.553777934008616191e-02,8.094341139502441163e-01,5.919999999999999707e-01,3.940000000000000169e-01,-2.000000000000000042e-02,2.000000000000000111e-01
1.760441074831000000e+12,2.000000000000000000e+00,8.000000000000000000e+00,1.000000000000000000e+00,0.000000000000000000e+00,1.000000000000000000e+00,-3.339188974840637814e-01,3.119830475365961142e-01,-3.228280486511284630e-01,3.019246688934783540e-01,8.553777934008616191e-02,8.094341139502441163e-01,5.999999999999999778e-01,3.940000000000000169e-01,1.445316561110187303e-01,7.562151793305733616e-01,6.919999999999999485e-01,3.639999999999999347e-01,0.000000000000000000e+00,2.000000000000000111e-01
1.760441075034000000e+12,2.000000000000000000e+00,8.000000000000000000e+00,1.000000000000000000e+00,0.000000000000000000e+00,0.000000000000000000e+00,-3.228280486511284630e-01,3.019246688934783540e-01,-3.065691844655503151e-01,2.906347830316471370e-01,1.445316561110187303e-01,7.562151793305733616e-01,5.999999999999999778e-01,3.639999999999999347e-01,2.310149762470727064e-01,6.964803335007785368e-01,6.959999999999999520e-01,3.639999999999999347e-01,0.000000000000000000e+00,0.000000000000000000e+00
1.760441075237000000e+12,2.000000000000000000e+00,8.000000000000000000e+00,1.000000000000000000e+00,0.000000000000000000e+00,0.000000000000000000e+00,-3.065691844655503151e-01,2.906347830316471370e-01,-2.909130832519397081e-01,2.797766185310400777e-01,2.310149762470727064e-01,6.964803335007785368e-01,5.000000000000000000e-01,3.639999999999999347e-01,3.142921103620227585e-01,6.390297276774608015e-01,6.959999999999999520e-01,3.639999999999999347e-01,0.000000000000000000e+00,0.000000000000000000e+00
1.760441075439000000e+12,2.000000000000000000e+00,8.000000000000000000e+00,1.000000000000000000e+00,0.000000000000000000e+00,2.000000000000000000e+00,-2.909130832519397081e-01,2.797766185310400777e-01,-2.790248584420138567e-01,2.689171132788894525e-01,3.142921103620227585e-01,6.390297276774608015e-01,5.000000000000000000e-01,3.639999999999999347e-01,3.775273487126921679e-01,5.815720279306321183e-01,5.959999999999999742e-01,3.639999999999999347e-01,0.000000000000000000e+00,-2.000000000000000111e-01
1.760441075642000000e+12,2.000000000000000000e+00,8.000000000000000000e+00,1.000000000000000000e+00,1.000000000000000056e-01,0.000000000000000000e+00,-2.790248584420138567e-01,2.689171132788894525e-01,-2.713700646997089239e-01,2.576557022241313666e-01,3.775273487126921679e-01,5.815720279306321183e-01,3.999999999999999667e-01,3.639999999999999347e-01,4.182443367036758897e-01,5.219878424557216068e-01,5.919999999999999707e-01,3.719999999999999418e-01,2.000000000000000042e-02,0.000000000000000000e+00
1.760441075845000000e+12,2.000000000000000000e+00,8.000000000000000000e+00,1.000000000000000000e+00,1.000000000000000056e-01,0.000000000000000000e+00,-2.713700646997089239e-01,2.576557022241313666e-01,-2.640265845642569276e-01,2.493166446849097717e-01,4.182443367036758897e-01,5.219878424557216068e-01,3.999999999999999667e-01,3.719999999999999418e-01,4.573054012539524704e-01,4.778658448937025405e-01,5.919999999999999707e-01,4.220000000000000417e-01,2.000000000000000042e-02,0.000000000000000000e+00
1.760441076051000000e+12,2.000000000000000000e+00,8.000000000000000000e+00,1.000000000000000000e+00,1.000000000000000056e-01,2.000000000000000000e+00,-2.640265845642569276e-01,2.493166446849097717e-01,-2.604502839940857073e-01,2.449758350468835832e-01,4.573054012539524704e-01,4.778658448937025405e-01,5.000000000000000000e-01,4.220000000000000417e-01,4.763282766272036173e-01,4.548985981316592264e-01,4.919999999999999929e-01,4.719999999999999751e-01,2.000000000000000042e-02,-2.000000000000000111e-01
0.000000000000000000e+00,0.000000000000000000e+00,0.000000000000000000e+00,0.000000000000000000e+00,0.000000000000000000e+00,0.000000000000000000e+00,0.000000000000000000e+00,0.000000000000000000e+00,0.000000000000000000e+00,0.000000000000000000e+00,0.000000000000000000e+00,0.000000000000000000e+00,0.000000000000000000e+00,0.000000000000000000e+00,0.000000000000000000e+00,0.000000000000000000e+00,0.000000000000000000e+00,0.000000000000000000e+00,0.000000000000000000e+00,0.000000000000000000e+00
1.760441081794000000e+12,3.000000000000000000e+00,8.000000000000000000e+00,1.000000000000000000e+00,-1.000000000000000056e-01,0.000000000000000000e+00,-2.606207758536722152e-01,2.446528797642315012e-01,-3.343881579272159899e-01,3.196804734983215157e-01,4.754214050336583730e-01,4.531898400223889345e-01,5.000000000000000000e-01,4.799999999999999822e-01,8.304171315310633628e-02,8.501612354408546457e-01,4.760000000000000342e-01,4.640000000000000235e-01,-2.000000000000000042e-02,0.000000000000000000e+00
1.760441081997000000e+12,3.000000000000000000e+00,8.000000000000000000e+00,1.000000000000000000e+00,-1.000000000000000056e-01,1.000000000000000000e+00,-3.343881579272159899e-01,3.196804734983215157e-01,-3.325830992224179661e-01,3.147926625369067977e-01,8.304171315310633628e-02,8.501612354408546457e-01,5.999999999999999778e-01,4.619999999999999662e-01,9.264308924245752419e-02,8.242998017825757806e-01,5.760000000000000675e-01,4.120000000000000329e-01,-2.000000000000000042e-02,2.000000000000000111e-01
1.760441082201000000e+12,3.000000000000000000e+00,8.000000000000000000e+00,1.000000000000000000e+00,0.000000000000000000e+00,1.000000000000000000e+00,-3.325830992224179661e-01,3.147926625369067977e-01,-3.227720566719078366e-01,3.059332010612940134e-01,9.264308924245752419e-02,8.242998017825757806e-01,5.999999999999999778e-01,4.120000000000000329e-01,1.448294857877241715e-01,7.774243442396510106e-01,6.759999999999999343e-01,3.699999999999998845e-01,0.000000000000000000e+00,2.000000000000000111e-01
1.760441082405000000e+12,3.000000000000000000e+00,8.000000000000000000e+00,1.000000000000000000e+00,0.000000000000000000e+00,0.000000000000000000e+00,-3.227720566719078366e-01,3.059332010612940134e-01,-3.078440692252238930e-01,2.951438029621105685e-01,1.448294857877241715e-01,7.774243442396510106e-01,5.999999999999999778e-01,3.699999999999998845e-01,2.242336743339153893e-01,7.203375818101088734e-01,6.800000000000000488e-01,3.699999999999998845e-01,0.000000000000000000e+00,0.000000000000000000e+00
1.760441082608000000e+12,3.000000000000000000e+00,8.000000000000000000e+00,1.000000000000000000e+00,0.000000000000000000e+00,0.000000000000000000e+00,-3.078440692252238930e-01,2.951438029621105685e-01,-2.934692508055721794e-01,2.847668238258905249e-01,2.242336743339153893e-01,7.203375818101088734e-01,5.000000000000000000e-01,3.699999999999998845e-01,3.006954744384457978e-01,6.654329302957171510e-01,6.800000000000000488e-01,3.699999999999998845e-01,0.000000000000000000e+00,0.000000000000000000e+00
1.760441082812000000e+12,3.000000000000000000e+00,8.000000000000000000e+00,1.000000000000000000e+00,0.000000000000000000e+00,0.000000000000000000e+00,-2.934692508055721794e-01,2.847668238258905249e-01,-2.790908125647665328e-01,2.743876173279490294e-01,3.006954744384457978e-01,6.654329302957171510e-01,5.000000000000000000e-01,3.699999999999998845e-01,3.771765289108162666e-01,6.105164937986722329e-01,6.800000000000000488e-01,3.699999999999998845e-01,0.000000000000000000e+00,0.000000000000000000e+00
1.760441083016000000e+12,3.000000000000000000e+00,8.000000000000000000e+00,1.000000000000000000e+00,0.000000000000000000e+00,2.000000000000000000e+00,-2.785156070793690652e-01,2.739724082367395730e-01,-2.679004124875314363e-01,2.635918995646328034e-01,3.802361325565474792e-01,6.083196203002094737e-01,3.999999999999999667e-01,3.699999999999998845e-01,4.366999335769604085e-01,5.533962939927662417e-01,5.800000000000000711e-01,3.699999999999998845e-01,0.000000000000000000e+00,-2.000000000000000111e-01
1.760441083217000000e+12,3.000000000000000000e+00,8.000000000000000000e+00,1.000000000000000000e+00,0.000000000000000000e+00,2.000000000000000000e+00,-2.679004124875314363e-01,2.635918995646328034e-01,-2.652799945103974100e-01,2.532105693600681939e-01,4.366999335769604085e-01,5.533962939927662417e-01,3.999999999999999667e-01,3.699999999999998845e-01,4.506383270723541279e-01,4.984686209527418033e-01,4.799999999999999822e-01,3.699999999999998845e-01,0.000000000000000000e+00,-2.000000000000000111e-01
1.760441083421000000e+12,3.000000000000000000e+00,8.000000000000000000e+00,1.000000000000000000e+00,1.000000000000000056e-01,0.000000000000000000e+00,-2.652799945103974100e-01,2.532105693600681939e-01,-2.669572216866508696e-01,2.444557647306911385e-01,4.506383270723541279e-01,4.984686209527418033e-01,5.000000000000000000e-01,3.699999999999998845e-01,4.417169059220698024e-01,4.521469033369902024e-01,4.799999999999999822e-01,4.200000000000000955e-01,2.000000000000000042e-02,0.000000000000000000e+00
1.760441083625000000e+12,3.000000000000000000e+00,8.000000000000000000e+00,1.000000000000000000e+00,0.000000000000000000e+00,1.000000000000000000e+00,-2.669572216866508696e-01,2.444557647306911385e-01,-2.648002217999426144e-01,2.397793513580086522e-01,4.417169059220698024e-01,4.521469033369902024e-01,5.040000000000000036e-01,4.220000000000000417e-01,4.531903095747732979e-01,4.274039754391992796e-01,5.800000000000000711e-01,4.500000000000000111e-01,0.000000000000000000e+00,2.000000000000000111e-01
1.760441083827000000e+12,3.000000000000000000e+00,8.000000000000000000e+00,1.000000000000000000e+00,0.000000000000000000e+00,2.000000000000000000e+00,-2.648002217999426144e-01,2.397793513580086522e-01,-2.621879984961313359e-01,2.357951365832977320e-01,4.531903095747732979e-01,4.274039754391992796e-01,6.039999999999999813e-01,4.500000000000000111e-01,4.670851143822800644e-01,4.063234739857023436e-01,4.799999999999999822e-01,4.500000000000000111e-01,0.000000000000000000e+00,-2.000000000000000111e-01
1.760441084031000000e+12,3.000000000000000000e+00,8.000000000000000000e+00,1.000000000000000000e+00,1.000000000000000056e-01,0.000000000000000000e+00,-2.621879984961313359e-01,2.357951365832977320e-01,-2.641823944824043258e-01,2.317766692242854143e-01,4.670851143822800644e-01,4.063234739857023436e-01,6.039999999999999813e-01,4.500000000000000111e-01,4.564766250935939351e-01,3.850617419274360853e-01,4.760000000000000342e-01,4.640000000000000235e-01,2.000000000000000042e-02,0.000000000000000000e+00
1.760441084235000000e+12,3.000000000000000000e+00,8.000000000000000000e+00,1.000000000000000000e+00,1.000000000000000056e-01,1.000000000000000000e+00,-2.641823944824043258e-01,2.317766692242854143e-01,-2.623505686882151577e-01,2.307932159672292094e-01,4.564766250935939351e-01,3.850617419274360853e-01,5.000000000000000000e-01,4.640000000000000235e-01,4.662203793180044187e-01,3.798582855408953463e-01,5.760000000000000675e-01,5.140000000000000124e-01,2.000000000000000042e-02,2.000000000000000111e-01
1.760441084438000000e+12,3.000000000000000000e+00,8.000000000000000000e+00,1.000000000000000000e+00,1.000000000000000056e-01,2.000000000000000000e+00,-2.623505686882151577e-01,2.307932159672292094e-01,-2.600558814331304092e-01,2.338105625491850581e-01,4.662203793180044187e-01,3.798582855408953463e-01,5.999999999999999778e-01,5.140000000000000124e-01,4.784261625897318071e-01,3.958230822708204699e-01,4.760000000000000342e-01,5.639999999999999458e-01,2.000000000000000042e-02,-2.000000000000000111e-01
1.760441084642000000e+12,3.000000000000000000e+00,8.000000000000000000e+00,1.000000000000000000e+00,0.000000000000000000e+00,1.000000000000000000e+00,-2.601316409269576191e-01,2.340151749376308821e-01,-2.586049426509875460e-01,2.404475597742489756e-01,4.780231865587360462e-01,3.969056875006925500e-01,5.000000000000000000e-01,5.659999999999999476e-01,4.861439220692151397e-01,4.309394697050210610e-01,5.720000000000000639e-01,5.839999999999999636e-01,0.000000000000000000e+00,2.000000000000000111e-01
0.000000000000000000e+00,0.000000000000000000e+00,0.000000000000000000e+00,0.000000000000000000e+00,0.000000000000000000e+00,0.000000000000000000e+00,0.000000000000000000e+00,0.000000000000000000e+00,0.000000000000000000e+00,0.000000000000000000e+00,0.000000000000000000e+00,0.000000000000000000e+00,0.000000000000000000e+00,0.000000000000000000e+00,0.000000000000000000e+00,0.000000000000000000e+00,0.000000000000000000e+00,0.000000000000000000e+00,0.000000000000000000e+00,0.000000000000000000e+00
1.760441090281000000e+12,4.000000000000000000e+00,8.000000000000000000e+00,2.000000000000000000e+00,1.000000000000000056e-01,0.000000000000000000e+00,-2.578914447717043923e-01,2.412558309450935357e-01,-1.648467246412558818e-01,1.696017597704736479e-01,4.899391235547638224e-01,4.352160367465267021e-01,5.000000000000000000e-01,5.839999999999999636e-01,9.848578476528943026e-01,5.609396703954310642e-02,5.840000000000000746e-01,5.999999999999999778e-01,2.000000000000000042e-02,0.000000000000000000e+00
1.760441090485000000e+12,4.000000000000000000e+00,8.000000000000000000e+00,2.000000000000000000e+00,1.000000000000000056e-01,0.000000000000000000e+00,-1.648467246412558818e-01,1.696017597704736479e-01,-1.620914491702576954e-01,1.794939623747789370e-01,9.848578476528943026e-01,5.609396703954310642e-02,5.999999999999999778e-01,5.999999999999999778e-01,9.995135682433101687e-01,1.084336633586187176e-01,5.000000000000000000e-01,6.500000000000001332e-01,2.000000000000000042e-02,0.000000000000000000e+00
1.760441090688000000e+12,4.000000000000000000e+00,8.000000000000000000e+00,2.000000000000000000e+00,0.000000000000000000e+00,1.000000000000000000e+00,-1.620914491702576954e-01,1.794939623747789370e-01,-1.620908183486626519e-01,1.929810020250386227e-01,9.995135682433101687e-01,1.084336633586187176e-01,5.999999999999999778e-01,6.500000000000001332e-01,9.995169236773263632e-01,1.797936615081408840e-01,5.000000000000000000e-01,6.760000000000000453e-01,0.000000000000000000e+00,2.000000000000000111e-01
1.760441090891000000e+12,4.000000000000000000e+00,8.000000000000000000e+00,2.000000000000000000e+00,-1.000000000000000056e-01,2.000000000000000000e+00,-1.620908015335245367e-01,1.935446644690472506e-01,-1.658611807245282954e-01,2.076319652013678685e-01,9.995170131195503238e-01,1.827760024817315088e-01,5.999999999999999778e-01,6.760000000000000453e-01,9.794618046567643566e-01,2.573119851924225987e-01,4.000000000000000777e-01,6.720000000000000417e-01,-2.000000000000000042e-02,-2.000000000000000111e-01
1.760441091094000000e+12,4.000000000000000000e+00,8.000000000000000000e+00,2.000000000000000000e+00,-1.000000000000000056e-01,2.000000000000000000e+00,-1.658611807245282954e-01,2.076319652013678685e-01,-1.776332911513179846e-01,2.195198251458537475e-01,9.794618046567643566e-01,2.573119851924225987e-01,5.000000000000000000e-01,6.720000000000000417e-01,9.168441960036277649e-01,3.202107150574272643e-01,2.999999999999999889e-01,6.219999999999999973e-01,-2.000000000000000042e-02,-2.000000000000000111e-01
1.760441091298000000e+12,4.000000000000000000e+00,8.000000000000000000e+00,2.000000000000000000e+00,-1.000000000000000056e-01,1.000000000000000000e+00,-1.776332911513179846e-01,2.195198251458537475e-01,-1.908224994570970612e-01,2.276403483164865238e-01,9.168441960036277649e-01,3.202107150574272643e-01,5.000000000000000000e-01,6.219999999999999973e-01,8.466888326750156013e-01,3.631764461189763704e-01,3.960000000000000187e-01,5.699999999999999512e-01,-2.000000000000000042e-02,2.000000000000000111e-01
1.760441091501000000e+12,4.000000000000000000e+00,8.000000000000000000e+00,2.000000000000000000e+00,-1.000000000000000056e-01,0.000000000000000000e+00,-1.908224994570970612e-01,2.276403483164865238e-01,-1.991517413095452715e-01,2.313702646228683324e-01,8.466888326750156013e-01,3.631764461189763704e-01,3.999999999999999667e-01,5.699999999999999512e-01,8.023843547364613027e-01,3.829114530310493980e-01,3.960000000000000187e-01,5.200000000000000178e-01,-2.000000000000000042e-02,0.000000000000000000e+00
1.760441091704000000e+12,4.000000000000000000e+00,8.000000000000000000e+00,2.000000000000000000e+00,0.000000000000000000e+00,2.000000000000000000e+00,-1.991517413095452715e-01,2.313702646228683324e-01,-2.112532918536557669e-01,2.319444338278407458e-01,8.023843547364613027e-01,3.829114530310493980e-01,3.999999999999999667e-01,5.200000000000000178e-01,7.380144050337459349e-01,3.859493853324907353e-01,2.959999999999999853e-01,5.040000000000000036e-01,0.000000000000000000e+00,-2.000000000000000111e-01
1.760441091908000000e+12,4.000000000000000000e+00,8.000000000000000000e+00,2.000000000000000000e+00,0.000000000000000000e+00,0.000000000000000000e+00,-2.112532918536557669e-01,2.319444338278407458e-01,-2.285504316934148794e-01,2.322895551011037452e-01,7.380144050337459349e-01,3.859493853324907353e-01,5.000000000000000000e-01,5.040000000000000036e-01,6.460083420563038636e-01,3.877754238153637845e-01,2.919999999999999818e-01,5.040000000000000036e-01,0.000000000000000000e+00,0.000000000000000000e+00
1.760441092111000000e+12,4.000000000000000000e+00,8.000000000000000000e+00,2.000000000000000000e+00,1.000000000000000056e-01,1.000000000000000000e+00,-2.285504316934148794e-01,2.322895551011037452e-01,-2.414262121963923202e-01,2.331891774981152965e-01,6.460083420563038636e-01,3.877754238153637845e-01,5.040000000000000036e-01,5.040000000000000036e-01,5.775201478915301667e-01,3.925353306778587292e-01,3.920000000000000151e-01,5.320000000000000284e-01,2.000000000000000042e-02,2.000000000000000111e-01
1.760441092313000000e+12,4.000000000000000000e+00,8.000000000000000000e+00,2.000000000000000000e+00,1.000000000000000056e-01,0.000000000000000000e+00,-2.414262121963923202e-01,2.331891774981152965e-01,-2.500821895298219744e-01,2.376495394344398104e-01,5.775201478915301667e-01,3.925353306778587292e-01,6.039999999999999813e-01,5.320000000000000284e-01,5.314777152669043492e-01,4.161351292827503712e-01,3.920000000000000151e-01,5.819999999999999618e-01,2.000000000000000042e-02,0.000000000000000000e+00
1.760441092516000000e+12,4.000000000000000000e+00,8.000000000000000000e+00,2.000000000000000000e+00,0.000000000000000000e+00,1.000000000000000000e+00,-2.500821895298219744e-01,2.376495394344398104e-01,-2.553109355213707965e-01,2.450838282087308140e-01,5.314777152669043492e-01,4.161351292827503712e-01,6.039999999999999813e-01,5.819999999999999618e-01,5.036652365884531912e-01,4.554699905223852929e-01,4.919999999999999929e-01,5.899999999999999689e-01,0.000000000000000000e+00,2.000000000000000111e-01
0.000000000000000000e+00,0.000000000000000000e+00,0.000000000000000000e+00,0.000000000000000000e+00,0.000000000000000000e+00,0.000000000000000000e+00,0.000000000000000000e+00,0.000000000000000000e+00,0.000000000000000000e+00,0.000000000000000000e+00,0.000000000000000000e+00,0.000000000000000000e+00,0.000000000000000000e+00,0.000000000000000000e+00,0.000000000000000000e+00,0.000000000000000000e+00,0.000000000000000000e+00,0.000000000000000000e+00,0.000000000000000000e+00,0.000000000000000000e+00
1.760441098252000000e+12,5.000000000000000000e+00,8.000000000000000000e+00,3.000000000000000000e+00,1.000000000000000056e-01,0.000000000000000000e+00,-2.553590609758839003e-01,2.459498266915731701e-01,-3.323543390196582181e-01,1.694201945333463077e-01,5.034092501282770860e-01,4.600519930771067578e-01,5.000000000000000000e-01,5.899999999999999689e-01,9.385989883160511527e-02,5.513330440923971953e-02,5.040000000000000036e-01,5.999999999999999778e-01,2.000000000000000042e-02,0.000000000000000000e+00
1.760441098455000000e+12,5.000000000000000000e+00,8.000000000000000000e+00,3.000000000000000000e+00,1.000000000000000056e-01,0.000000000000000000e+00,-3.323543390196582181e-01,1.694201945333463077e-01,-3.320527609911284594e-01,1.794744604089810180e-01,9.385989883160511527e-02,5.513330440923971953e-02,5.999999999999999778e-01,6.019999999999999796e-01,9.546403728123149801e-02,1.083304783543969224e-01,5.040000000000000036e-01,6.520000000000001350e-01,2.000000000000000042e-02,0.000000000000000000e+00
1.760441098658000000e+12,5.000000000000000000e+00,8.000000000000000000e+00,3.000000000000000000e+00,0.000000000000000000e+00,1.000000000000000000e+00,-3.320527609911284594e-01,1.794744604089810180e-01,-3.279798851140626192e-01,1.934053411614585771e-01,9.546403728123149801e-02,1.083304783543969224e-01,5.999999999999999778e-01,6.520000000000001350e-01,1.171282706698795889e-01,1.820388421241194710e-01,6.039999999999999813e-01,6.879999999999999449e-01,0.000000000000000000e+00,2.000000000000000111e-01
1.760441098862000000e+12,5.000000000000000000e+00,8.000000000000000000e+00,3.000000000000000000e+00,0.000000000000000000e+00,1.000000000000000000e+00,-3.276510159790726462e-01,1.940074321189406981e-01,-3.152579222105146850e-01,2.090592014550786693e-01,1.188775745794007216e-01,1.852245085658238144e-01,5.999999999999999778e-01,6.879999999999999449e-01,1.847982861142835054e-01,2.648634997623210419e-01,7.079999999999999627e-01,6.879999999999999449e-01,0.000000000000000000e+00,2.000000000000000111e-01
1.760441099066000000e+12,5.000000000000000000e+00,8.000000000000000000e+00,3.000000000000000000e+00,-1.000000000000000056e-01,0.000000000000000000e+00,-3.152579222105146850e-01,2.090592014550786693e-01,-2.986385592074878859e-01,2.225244585143178189e-01,1.847982861142835054e-01,2.648634997623210419e-01,5.000000000000000000e-01,6.879999999999999449e-01,2.731991531516601013e-01,3.361082461075017291e-01,7.079999999999999627e-01,6.420000000000000151e-01,-2.000000000000000042e-02,0.000000000000000000e+00
1.760441099270000000e+12,5.000000000000000000e+00,8.000000000000000000e+00,3.000000000000000000e+00,0.000000000000000000e+00,2.000000000000000000e+00,-2.986385592074878859e-01,2.225244585143178189e-01,-2.851250990135071328e-01,2.327914588305737276e-01,2.731991531516601013e-01,3.361082461075017291e-01,5.000000000000000000e-01,6.420000000000000151e-01,3.450792605664513291e-01,3.904309991035647132e-01,6.119999999999999885e-01,6.160000000000001030e-01,0.000000000000000000e+00,-2.000000000000000111e-01
1.760441099474000000e+12,5.000000000000000000e+00,8.000000000000000000e+00,3.000000000000000000e+00,1.000000000000000056e-01,1.000000000000000000e+00,-2.851250990135071328e-01,2.327914588305737276e-01,-2.727303300276661679e-01,2.421444876748141406e-01,3.450792605664513291e-01,3.904309991035647132e-01,3.999999999999999667e-01,6.160000000000001030e-01,4.110088828315628939e-01,4.399179242053658512e-01,7.079999999999999627e-01,6.260000000000001119e-01,2.000000000000000042e-02,2.000000000000000111e-01
1.760441099677000000e+12,5.000000000000000000e+00,8.000000000000000000e+00,3.000000000000000000e+00,0.000000000000000000e+00,2.000000000000000000e+00,-2.727303300276661679e-01,2.421444876748141406e-01,-2.598762324744241514e-01,2.541223115686867540e-01,4.110088828315628939e-01,4.399179242053658512e-01,3.999999999999999667e-01,6.260000000000001119e-01,4.793817421573182691e-01,5.032926538025754848e-01,6.079999999999999849e-01,6.740000000000001545e-01,0.000000000000000000e+00,-2.000000000000000111e-01
1.760441099879000000e+12,5.000000000000000000e+00,8.000000000000000000e+00,3.000000000000000000e+00,-1.000000000000000056e-01,0.000000000000000000e+00,-2.598762324744241514e-01,2.541223115686867540e-01,-2.512188089830470483e-01,2.686130086126313765e-01,4.793817421573182691e-01,5.032926538025754848e-01,5.000000000000000000e-01,6.740000000000001545e-01,5.254318671114518446e-01,5.799630085324412043e-01,6.039999999999999813e-01,6.720000000000000417e-01,-2.000000000000000042e-02,0.000000000000000000e+00
1.760441100082000000e+12,5.000000000000000000e+00,8.000000000000000000e+00,3.000000000000000000e+00,-1.000000000000000056e-01,0.000000000000000000e+00,-2.512188089830470483e-01,2.686130086126313765e-01,-2.429138817015073504e-01,2.803477465724293349e-01,5.254318671114518446e-01,5.799630085324412043e-01,5.040000000000000036e-01,6.700000000000000400e-01,5.696070122260247226e-01,6.420515691662928015e-01,6.039999999999999813e-01,6.199999999999999956e-01,-2.000000000000000042e-02,0.000000000000000000e+00
1.760441100286000000e+12,5.000000000000000000e+00,8.000000000000000000e+00,3.000000000000000000e+00,-1.000000000000000056e-01,0.000000000000000000e+00,-2.429138817015073504e-01,2.803477465724293349e-01,-2.346100463586528462e-01,2.880844729630691048e-01,5.696070122260247226e-01,6.420515691662928015e-01,6.039999999999999813e-01,6.199999999999999956e-01,6.137763491561019080e-01,6.829866294342281652e-01,6.039999999999999813e-01,5.699999999999999512e-01,-2.000000000000000042e-02,0.000000000000000000e+00
1.760441100489000000e+12,5.000000000000000000e+00,8.000000000000000000e+00,3.000000000000000000e+00,-1.000000000000000056e-01,0.000000000000000000e+00,-2.342779036213777921e-01,2.883109193493685329e-01,-2.259743180789726136e-01,2.918883031530574157e-01,6.155430658437350822e-01,6.841847584622674505e-01,6.039999999999999813e-01,5.699999999999999512e-01,6.597110740480179869e-01,7.031127150955419625e-01,6.039999999999999813e-01,5.180000000000000160e-01,-2.000000000000000042e-02,0.000000000000000000e+00
1.760441100692000000e+12,5.000000000000000000e+00,8.000000000000000000e+00,3.000000000000000000e+00,-1.000000000000000056e-01,0.000000000000000000e+00,-2.259743180789726136e-01,2.918883031530574157e-01,-2.176701322469035693e-01,2.914656543463176042e-01,6.597110740480179869e-01,7.031127150955419625e-01,5.000000000000000000e-01,5.180000000000000160e-01,7.038822752824278606e-01,7.008764780228445845e-01,6.039999999999999813e-01,4.679999999999999716e-01,-2.000000000000000042e-02,0.000000000000000000e+00
1.760441100896000000e+12,5.000000000000000000e+00,8.000000000000000000e+00,3.000000000000000000e+00,-1.000000000000000056e-01,0.000000000000000000e+00,-2.176701322469035693e-01,2.914656543463176042e-01,-2.093645945272095965e-01,2.870423497420578896e-01,7.038822752824278606e-01,7.008764780228445845e-01,5.999999999999999778e-01,4.679999999999999716e-01,7.480606674084595564e-01,6.774727499579783485e-01,6.039999999999999813e-01,4.180000000000000382e-01,-2.000000000000000042e-02,0.000000000000000000e+00
1.760441101099000000e+12,5.000000000000000000e+00,8.000000000000000000e+00,3.000000000000000000e+00,-1.000000000000000056e-01,2.000000000000000000e+00,-2.090323344946156681e-01,2.867823555789053014e-01,-2.044973115646794293e-01,2.781974067268361828e-01,7.498280080073634890e-01,6.760971194651075322e-01,5.000000000000000000e-01,4.180000000000000382e-01,7.739504704006413549e-01,6.306741096657999535e-01,5.040000000000000036e-01,3.659999999999999365e-01,-2.000000000000000042e-02,-2.000000000000000111e-01
1.760441101302000000e+12,5.000000000000000000e+00,8.000000000000000000e+00,3.000000000000000000e+00,-1.000000000000000056e-01,2.000000000000000000e+00,-2.044973115646794293e-01,2.781974067268361828e-01,-2.079515613432968424e-01,2.656135104243435574e-01,7.739504704006413549e-01,6.306741096657999535e-01,5.919999999999999707e-01,3.659999999999999365e-01,7.555768013654423632e-01,5.640926477478496182e-01,4.040000000000000258e-01,3.160000000000000031e-01,-2.000000000000000042e-02,-2.000000000000000111e-01
1.760441101506000000e+12,5.000000000000000000e+00,8.000000000000000000e+00,3.000000000000000000e+00,0.000000000000000000e+00,2.000000000000000000e+00,-2.079515613432968424e-01,2.656135104243435574e-01,-2.194006794080480549e-01,2.506133048023182486e-01,7.555768013654423632e-01,5.640926477478496182e-01,5.959999999999999742e-01,3.160000000000000031e-01,6.946772371912337540e-01,4.847264804355463363e-01,3.039999999999999925e-01,3.120000000000000551e-01,0.000000000000000000e+00,-2.000000000000000111e-01
1.760441101709000000e+12,5.000000000000000000e+00,8.000000000000000000e+00,3.000000000000000000e+00,1.000000000000000056e-01,0.000000000000000000e+00,-2.200265759914740160e-01,2.500122601527953181e-01,-2.360311824398318437e-01,2.351532442453206362e-01,6.913480000453509078e-01,4.815463500147900699e-01,6.959999999999999520e-01,3.120000000000000551e-01,6.062171146817454392e-01,4.029272182292097382e-01,2.999999999999999889e-01,3.279999999999999583e-01,2.000000000000000042e-02,0.000000000000000000e+00
1.760441101912000000e+12,5.000000000000000000e+00,8.000000000000000000e+00,3.000000000000000000e+00,1.000000000000000056e-01,0.000000000000000000e+00,-2.360311824398318437e-01,2.351532442453206362e-01,-2.520410025520687380e-01,2.232889149665141793e-01,6.062171146817454392e-01,4.029272182292097382e-01,6.959999999999999520e-01,3.279999999999999583e-01,5.210584970634640767e-01,3.401529892408157729e-01,2.999999999999999889e-01,3.780000000000000027e-01,2.000000000000000042e-02,0.000000000000000000e+00
1.760441102116000000e+12,5.000000000000000000e+00,8.000000000000000000e+00,3.000000000000000000e+00,1.000000000000000056e-01,1.000000000000000000e+00,-2.520410025520687380e-01,2.232889149665141793e-01,-2.649206685045079057e-01,2.151941653346869376e-01,5.210584970634640767e-01,3.401529892408157729e-01,5.959999999999999742e-01,3.780000000000000027e-01,4.525496356143196008e-01,2.973236261094547306e-01,3.960000000000000187e-01,4.280000000000000471e-01,2.000000000000000042e-02,2.000000000000000111e-01
1.760441102319000000e+12,5.000000000000000000e+00,8.000000000000000000e+00,3.000000000000000000e+00,1.000000000000000056e-01,0.000000000000000000e+00,-2.649206685045079057e-01,2.151941653346869376e-01,-2.729371735063965687e-01,2.114940354476398388e-01,4.525496356143196008e-01,2.973236261094547306e-01,6.959999999999999520e-01,4.299999999999999933e-01,4.099086515617202942e-01,2.777462192996816848e-01,3.999999999999999667e-01,4.799999999999999822e-01,2.000000000000000042e-02,0.000000000000000000e+00
1.760441102522000000e+12,5.000000000000000000e+00,8.000000000000000000e+00,3.000000000000000000e+00,1.000000000000000056e-01,1.000000000000000000e+00,-2.729371735063965687e-01,2.114940354476398388e-01,-2.771801363782405714e-01,2.117919642141409264e-01,4.099086515617202942e-01,2.777462192996816848e-01,5.919999999999999707e-01,4.799999999999999822e-01,3.873397001157415920e-01,2.793225619795816628e-01,5.000000000000000000e-01,5.300000000000000266e-01,2.000000000000000042e-02,2.000000000000000111e-01
1.760441102725000000e+12,5.000000000000000000e+00,8.000000000000000000e+00,3.000000000000000000e+00,1.000000000000000056e-01,0.000000000000000000e+00,-2.771839104819741606e-01,2.118869008483997562e-01,-2.768814037146295481e-01,2.163429445879260782e-01,3.873196250958820808e-01,2.798248722137553490e-01,6.919999999999999485e-01,5.300000000000000266e-01,3.889287036455874591e-01,3.034018232165401341e-01,5.040000000000000036e-01,5.819999999999999618e-01,2.000000000000000042e-02,0.000000000000000000e+00
1.760441102929000000e+12,5.000000000000000000e+00,8.000000000000000000e+00,3.000000000000000000e+00,0.000000000000000000e+00,1.000000000000000000e+00,-2.768814037146295481e-01,2.163429445879260782e-01,-2.728090296107769097e-01,2.247105462638483986e-01,3.889287036455874591e-01,3.034018232165401341e-01,5.919999999999999707e-01,5.819999999999999618e-01,4.105902680277823125e-01,3.476748479568698702e-01,6.039999999999999813e-01,6.199999999999999956e-01,0.000000000000000000e+00,2.000000000000000111e-01
1.760441103132000000e+12,5.000000000000000000e+00,8.000000000000000000e+00,3.000000000000000000e+00,0.000000000000000000e+00,2.000000000000000000e+00,-2.728090296107769097e-01,2.247105462638483986e-01,-2.682756886795044649e-01,2.343253481483480727e-01,4.105902680277823125e-01,3.476748479568698702e-01,4.919999999999999929e-01,6.199999999999999956e-01,4.347037836196570582e-01,3.985468155997252682e-01,5.040000000000000036e-01,6.199999999999999956e-01,0.000000000000000000e+00,-2.000000000000000111e-01
1.760441103334000000e+12,5.000000000000000000e+00,8.000000000000000000e+00,3.000000000000000000e+00,-1.000000000000000056e-01,1.000000000000000000e+00,-2.682756886795044649e-01,2.343253481483480727e-01,-2.645035603707671656e-01,2.440514721813241139e-01,4.347037836196570582e-01,3.985468155997252682e-01,5.879999999999999671e-01,6.199999999999999956e-01,4.547682959001745906e-01,4.500077893191752332e-01,5.999999999999999778e-01,5.999999999999999778e-01,-2.000000000000000042e-02,2.000000000000000111e-01
1.760441103537000000e+12,5.000000000000000000e+00,8.000000000000000000e+00,3.000000000000000000e+00,-1.000000000000000056e-01,0.000000000000000000e+00,-2.645035603707671656e-01,2.440514721813241139e-01,-2.565202644775230745e-01,2.501835281759200447e-01,4.547682959001745906e-01,4.500077893191752332e-01,6.879999999999999449e-01,5.999999999999999778e-01,4.972326357578559231e-01,4.824525300313230458e-01,5.999999999999999778e-01,5.499999999999999334e-01,-2.000000000000000042e-02,0.000000000000000000e+00
0.000000000000000000e+00,0.000000000000000000e+00,0.000000000000000000e+00,0.000000000000000000e+00,0.000000000000000000e+00,0.000000000000000000e+00,0.000000000000000000e+00,0.000000000000000000e+00,0.000000000000000000e+00,0.000000000000000000e+00,0.000000000000000000e+00,0.000000000000000000e+00,0.000000000000000000e+00,0.000000000000000000e+00,0.000000000000000000e+00,0.000000000000000000e+00,0.000000000000000000e+00,0.000000000000000000e+00,0.000000000000000000e+00,0.000000000000000000e+00
1.760441109235000000e+12,6.000000000000000000e+00,8.000000000000000000e+00,3.000000000000000000e+00,0.000000000000000000e+00,2.000000000000000000e+00,-2.552426864593326794e-01,2.507941352831535298e-01,-3.287893978196376743e-01,1.657003977813645001e-01,5.040282635141878353e-01,4.856832554664208268e-01,5.000000000000000000e-01,5.420000000000000373e-01,1.128223520232037591e-01,3.545184011303967320e-02,5.040000000000000036e-01,5.420000000000000373e-01,0.000000000000000000e+00,-2.000000000000000111e-01
1.760441109438000000e+12,6.000000000000000000e+00,8.000000000000000000e+00,3.000000000000000000e+00,0.000000000000000000e+00,1.000000000000000000e+00,-3.287893978196376743e-01,1.657003977813645001e-01,-3.250331183419394865e-01,1.690710524900066181e-01,1.128223520232037591e-01,3.545184011303967320e-02,5.999999999999999778e-01,5.420000000000000373e-01,1.328025620109600791e-01,5.328599201061701846e-02,5.999999999999999778e-01,5.420000000000000373e-01,0.000000000000000000e+00,2.000000000000000111e-01
1.760441109641000000e+12,6.000000000000000000e+00,8.000000000000000000e+00,3.000000000000000000e+00,1.000000000000000056e-01,2.000000000000000000e+00,-3.250331183419394865e-01,1.690710524900066181e-01,-3.208234120963699976e-01,1.730058546029784039e-01,1.328025620109600791e-01,5.328599201061701846e-02,5.999999999999999778e-01,5.420000000000000373e-01,1.551946165086701412e-01,7.410505080940954503e-02,5.000000000000000000e-01,5.699999999999999512e-01,2.000000000000000042e-02,-2.000000000000000111e-01
1.760441109844000000e+12,6.000000000000000000e+00,8.000000000000000000e+00,3.000000000000000000e+00,0.000000000000000000e+00,2.000000000000000000e+00,-3.208234120963699976e-01,1.730058546029784039e-01,-3.249293554131060802e-01,1.808863602456068087e-01,1.551946165086701412e-01,7.410505080940954503e-02,5.999999999999999778e-01,5.699999999999999512e-01,1.333544924834781931e-01,1.158008478603534952e-01,3.999999999999999667e-01,6.199999999999999956e-01,0.000000000000000000e+00,-2.000000000000000111e-01
1.760441110046000000e+12,6.000000000000000000e+00,8.000000000000000000e+00,3.000000000000000000e+00,0.000000000000000000e+00,1.000000000000000000e+00,-3.249293554131060802e-01,1.808863602456068087e-01,-3.294934277645911180e-01,1.906578394425012257e-01,1.333544924834781931e-01,1.158008478603534952e-01,5.000000000000000000e-01,6.219999999999999973e-01,1.090775118904726698e-01,1.675017959920699906e-01,4.960000000000000520e-01,6.219999999999999973e-01,0.000000000000000000e+00,2.000000000000000111e-01
1.760441110250000000e+12,6.000000000000000000e+00,8.000000000000000000e+00,3.000000000000000000e+00,0.000000000000000000e+00,1.000000000000000000e+00,-3.294934277645911180e-01,1.906578394425012257e-01,-3.260620666004166446e-01,2.004309722845370456e-01,1.090775118904726698e-01,1.675017959920699906e-01,5.000000000000000000e-01,6.219999999999999973e-01,1.273294329765071176e-01,2.192114935689790933e-01,5.959999999999999742e-01,6.219999999999999973e-01,0.000000000000000000e+00,2.000000000000000111e-01
1.760441110454000000e+12,6.000000000000000000e+00,8.000000000000000000e+00,3.000000000000000000e+00,0.000000000000000000e+00,1.000000000000000000e+00,-3.257588642868535223e-01,2.008218882405956029e-01,-3.140055919623090386e-01,2.105942431353358402e-01,1.289422112401407416e-01,2.212798319608233200e-01,3.999999999999999667e-01,6.219999999999999973e-01,1.914596172217603309e-01,2.729854134144753530e-01,7.000000000000000666e-01,6.219999999999999973e-01,0.000000000000000000e+00,2.000000000000000111e-01
1.760441110657000000e+12,6.000000000000000000e+00,8.000000000000000000e+00,3.000000000000000000e+00,0.000000000000000000e+00,2.000000000000000000e+00,-3.140055919623090386e-01,2.105942431353358402e-01,-3.017966823901719331e-01,2.203671577189597330e-01,1.914596172217603309e-01,2.729854134144753530e-01,3.999999999999999667e-01,6.219999999999999973e-01,2.564006255841917437e-01,3.246939561849721545e-01,5.999999999999999778e-01,6.219999999999999973e-01,0.000000000000000000e+00,-2.000000000000000111e-01
1.760441110860000000e+12,6.000000000000000000e+00,8.000000000000000000e+00,3.000000000000000000e+00,0.000000000000000000e+00,1.000000000000000000e+00,-3.017966823901719331e-01,2.203671577189597330e-01,-2.900453948048107855e-01,2.305320483324562741e-01,2.564006255841917437e-01,3.246939561849721545e-01,5.000000000000000000e-01,6.219999999999999973e-01,3.189074744424957308e-01,3.784764462034723720e-01,6.919999999999999485e-01,6.219999999999999973e-01,0.000000000000000000e+00,2.000000000000000111e-01
1.760441111064000000e+12,6.000000000000000000e+00,8.000000000000000000e+00,3.000000000000000000e+00,-1.000000000000000056e-01,0.000000000000000000e+00,-2.900453948048107855e-01,2.305320483324562741e-01,-2.743851728313240201e-01,2.395584056213959923e-01,3.189074744424957308e-01,3.784764462034723720e-01,5.040000000000000036e-01,6.219999999999999973e-01,4.022065274929572665e-01,4.262349503777566051e-01,6.959999999999999520e-01,5.899999999999999689e-01,-2.000000000000000042e-02,0.000000000000000000e+00
1.760441111267000000e+12,6.000000000000000000e+00,8.000000000000000000e+00,3.000000000000000000e+00,-1.000000000000000056e-01,2.000000000000000000e+00,-2.743851728313240201e-01,2.395584056213959923e-01,-2.624939083107591942e-01,2.448878194363664773e-01,4.022065274929572665e-01,4.262349503777566051e-01,6.039999999999999813e-01,5.899999999999999689e-01,4.654579345172382698e-01,4.544329070707221474e-01,5.959999999999999742e-01,5.400000000000000355e-01,-2.000000000000000042e-02,-2.000000000000000111e-01
1.760441111470000000e+12,6.000000000000000000e+00,8.000000000000000000e+00,3.000000000000000000e+00,0.000000000000000000e+00,2.000000000000000000e+00,-2.624939083107591942e-01,2.448878194363664773e-01,-2.586092961139057067e-01,2.463144835906312669e-01,4.654579345172382698e-01,4.544329070707221474e-01,6.039999999999999813e-01,5.400000000000000355e-01,4.861207653515653426e-01,4.619813946594247267e-01,4.960000000000000520e-01,5.020000000000000018e-01,0.000000000000000000e+00,-2.000000000000000111e-01
0.000000000000000000e+00,0.000000000000000000e+00,0.000000000000000000e+00,0.000000000000000000e+00,0.000000000000000000e+00,0.000000000000000000e+00,0.000000000000000000e+00,0.000000000000000000e+00,0.000000000000000000e+00,0.000000000000000000e+00,0.000000000000000000e+00,0.000000000000000000e+00,0.000000000000000000e+00,0.000000000000000000e+00,0.000000000000000000e+00,0.000000000000000000e+00,0.000000000000000000e+00,0.000000000000000000e+00,0.000000000000000000e+00,0.000000000000000000e+00
1.760441117051000000e+12,7.000000000000000000e+00,8.000000000000000000e+00,0.000000000000000000e+00,-1.000000000000000056e-01,1.000000000000000000e+00,-2.586681351522677197e-01,2.463286122140591061e-01,-1.706311533558248494e-01,3.209234769901705420e-01,4.858077917432567783e-01,4.620561492807360726e-01,5.000000000000000000e-01,5.020000000000000018e-01,9.540896098094423516e-01,8.567379734929659874e-01,5.800000000000000711e-01,4.779999999999999805e-01,-2.000000000000000042e-02,2.000000000000000111e-01
1.760441117254000000e+12,7.000000000000000000e+00,8.000000000000000000e+00,0.000000000000000000e+00,-1.000000000000000056e-01,2.000000000000000000e+00,-1.706311533558248494e-01,3.209234769901705420e-01,-1.676965281666355223e-01,3.171454404214227862e-01,9.540896098094423516e-01,8.567379734929659874e-01,5.999999999999999778e-01,4.760000000000000342e-01,9.696993182625770480e-01,8.367483620181100923e-01,4.840000000000000413e-01,4.260000000000000453e-01,-2.000000000000000042e-02,-2.000000000000000111e-01
1.760441117457000000e+12,7.000000000000000000e+00,8.000000000000000000e+00,0.000000000000000000e+00,-1.000000000000000056e-01,2.000000000000000000e+00,-1.676965281666355223e-01,3.171454404214227862e-01,-1.727572580160915416e-01,3.093646348148066938e-01,9.696993182625770480e-01,8.367483620181100923e-01,5.999999999999999778e-01,4.260000000000000453e-01,9.427805424675982371e-01,7.955800783852207125e-01,3.840000000000000080e-01,3.759999999999999454e-01,-2.000000000000000042e-02,-2.000000000000000111e-01
1.760441117661000000e+12,7.000000000000000000e+00,8.000000000000000000e+00,0.000000000000000000e+00,0.000000000000000000e+00,2.000000000000000000e+00,-1.727572580160915416e-01,3.093646348148066938e-01,-1.865036458382992590e-01,2.984764957817859776e-01,9.427805424675982371e-01,7.955800783852207125e-01,5.999999999999999778e-01,3.759999999999999454e-01,8.696614583069188775e-01,7.379708771523068034e-01,2.839999999999999747e-01,3.679999999999998828e-01,0.000000000000000000e+00,-2.000000000000000111e-01
1.760441117864000000e+12,7.000000000000000000e+00,8.000000000000000000e+00,0.000000000000000000e+00,0.000000000000000000e+00,0.000000000000000000e+00,-1.865036458382992590e-01,2.984764957817859776e-01,-2.041110587339579618e-01,2.879354724839881530e-01,8.696614583069188775e-01,7.379708771523068034e-01,5.000000000000000000e-01,3.679999999999998828e-01,7.760050067342662006e-01,6.821982671110484731e-01,2.799999999999999711e-01,3.679999999999998828e-01,0.000000000000000000e+00,0.000000000000000000e+00
1.760441118066000000e+12,7.000000000000000000e+00,8.000000000000000000e+00,0.000000000000000000e+00,0.000000000000000000e+00,0.000000000000000000e+00,-2.041110587339579618e-01,2.879354724839881530e-01,-2.217227821926985309e-01,2.773931995928926031e-01,7.760050067342662006e-01,6.821982671110484731e-01,5.000000000000000000e-01,3.679999999999998828e-01,6.823256266345822940e-01,6.264190454650403472e-01,2.799999999999999711e-01,3.679999999999998828e-01,0.000000000000000000e+00,0.000000000000000000e+00
1.760441118269000000e+12,7.000000000000000000e+00,8.000000000000000000e+00,0.000000000000000000e+00,1.000000000000000056e-01,1.000000000000000000e+00,-2.217227821926985309e-01,2.773931995928926031e-01,-2.355692908403265728e-01,2.672563667316489866e-01,6.823256266345822940e-01,6.264190454650403472e-01,3.999999999999999667e-01,3.679999999999998828e-01,6.086739848918798490e-01,5.727850091621640161e-01,3.800000000000000600e-01,3.919999999999999596e-01,2.000000000000000042e-02,2.000000000000000111e-01
1.760441118473000000e+12,7.000000000000000000e+00,8.000000000000000000e+00,0.000000000000000000e+00,1.000000000000000056e-01,0.000000000000000000e+00,-2.359570398879857200e-01,2.669098851324660515e-01,-2.452530076336831844e-01,2.603322725317577802e-01,6.066114899575227870e-01,5.709517731876511126e-01,3.999999999999999667e-01,3.940000000000000169e-01,5.571648530123234355e-01,5.361495901151206445e-01,3.840000000000000080e-01,4.440000000000000058e-01,2.000000000000000042e-02,0.000000000000000000e+00
1.760441118676000000e+12,7.000000000000000000e+00,8.000000000000000000e+00,0.000000000000000000e+00,0.000000000000000000e+00,1.000000000000000000e+00,-2.452530076336831844e-01,2.603322725317577802e-01,-2.507803414893223781e-01,2.564386855736255910e-01,5.571648530123234355e-01,5.361495901151206445e-01,5.000000000000000000e-01,4.440000000000000058e-01,5.277641410142426270e-01,5.155486009186539542e-01,4.839999999999999858e-01,4.520000000000000129e-01,0.000000000000000000e+00,2.000000000000000111e-01
1.760441118879000000e+12,7.000000000000000000e+00,8.000000000000000000e+00,0.000000000000000000e+00,0.000000000000000000e+00,0.000000000000000000e+00,-2.507803414893223781e-01,2.564386855736255910e-01,-2.518138117089482320e-01,2.524632907405827131e-01,5.277641410142426270e-01,5.155486009186539542e-01,5.040000000000000036e-01,4.520000000000000129e-01,5.222669589949561209e-01,4.945147658231890397e-01,4.879999999999999893e-01,4.520000000000000129e-01,0.000000000000000000e+00,0.000000000000000000e+00
0.000000000000000000e+00,0.000000000000000000e+00,0.000000000000000000e+00,0.000000000000000000e+00,0.000000000000000000e+00,0.000000000000000000e+00,0.000000000000000000e+00,0.000000000000000000e+00,0.000000000000000000e+00,0.000000000000000000e+00,0.000000000000000000e+00,0.000000000000000000e+00,0.000000000000000000e+00,0.000000000000000000e+00,0.000000000000000000e+00,0.000000000000000000e+00,0.000000000000000000e+00,0.000000000000000000e+00,0.000000000000000000e+00,0.000000000000000000e+00
1.760441124554000000e+12,8.000000000000000000e+00,8.000000000000000000e+00,2.000000000000000000e+00,0.000000000000000000e+00,0.000000000000000000e+00,-2.519308286805677088e-01,2.520045631214260506e-01,-1.721435773387885448e-01,1.594005331346500520e-01,5.216445282948525275e-01,4.920876355631008670e-01,5.000000000000000000e-01,4.520000000000000129e-01,9.460448013894227071e-01,2.119222934656347142e-03,4.879999999999999893e-01,4.520000000000000129e-01,0.000000000000000000e+00,0.000000000000000000e+00
1.760441124758000000e+12,8.000000000000000000e+00,8.000000000000000000e+00,2.000000000000000000e+00,1.000000000000000056e-01,1.000000000000000000e+00,-1.721435773387885448e-01,1.594005331346500520e-01,-1.693355690733722163e-01,1.597142086438651243e-01,9.460448013894227071e-01,2.119222934656347142e-03,5.999999999999999778e-01,4.520000000000000129e-01,9.609810155671690834e-01,3.778881713572073819e-03,5.879999999999999671e-01,5.300000000000000266e-01,2.000000000000000042e-02,2.000000000000000111e-01
1.760441124960000000e+12,8.000000000000000000e+00,8.000000000000000000e+00,2.000000000000000000e+00,1.000000000000000056e-01,1.000000000000000000e+00,-1.693355690733722163e-01,1.597142086438651243e-01,-1.622404685330665064e-01,1.640031190552715956e-01,9.609810155671690834e-01,3.778881713572073819e-03,5.999999999999999778e-01,5.300000000000000266e-01,9.987209120581569399e-01,2.647152939297139559e-02,5.000000000000000000e-01,5.799999999999999600e-01,2.000000000000000042e-02,2.000000000000000111e-01
1.760441125164000000e+12,8.000000000000000000e+00,8.000000000000000000e+00,2.000000000000000000e+00,1.000000000000000056e-01,0.000000000000000000e+00,-1.622404906616068121e-01,1.642578419176505544e-01,-1.622406899962658688e-01,1.727114148421345086e-01,9.987207943531553056e-01,2.781926940555847980e-02,5.999999999999999778e-01,5.799999999999999600e-01,9.987197340624156539e-01,7.254716847690216575e-02,5.000000000000000000e-01,6.320000000000000062e-01,2.000000000000000042e-02,0.000000000000000000e+00
1.760441125367000000e+12,8.000000000000000000e+00,8.000000000000000000e+00,2.000000000000000000e+00,0.000000000000000000e+00,0.000000000000000000e+00,-1.622406899962658688e-01,1.727114148421345086e-01,-1.622404340209884499e-01,1.842103185912122854e-01,9.987197340624156539e-01,7.254716847690216575e-02,5.000000000000000000e-01,6.320000000000000062e-01,9.987210956330402345e-01,1.333879290540332663e-01,5.000000000000000000e-01,6.460000000000001297e-01,0.000000000000000000e+00,0.000000000000000000e+00
1.760441125571000000e+12,8.000000000000000000e+00,8.000000000000000000e+00,2.000000000000000000e+00,0.000000000000000000e+00,0.000000000000000000e+00,-1.622404340209884499e-01,1.842103185912122854e-01,-1.622408553784384644e-01,1.959011183420224789e-01,9.987210956330402345e-01,1.333879290540332663e-01,5.000000000000000000e-01,6.460000000000001297e-01,9.987188543700081800e-01,1.952440123916533432e-01,5.000000000000000000e-01,6.460000000000001297e-01,0.000000000000000000e+00,0.000000000000000000e+00
1.760441125774000000e+12,8.000000000000000000e+00,8.000000000000000000e+00,2.000000000000000000e+00,0.000000000000000000e+00,2.000000000000000000e+00,-1.622408888689823581e-01,1.963687655501372420e-01,-1.660090807872457441e-01,2.080603943337447914e-01,9.987186762288172703e-01,1.977183362441124193e-01,3.999999999999999667e-01,6.460000000000001297e-01,9.786751021955013563e-01,2.595788059986496865e-01,4.000000000000000777e-01,6.460000000000001297e-01,0.000000000000000000e+00,-2.000000000000000111e-01
1.760441125978000000e+12,8.000000000000000000e+00,8.000000000000000000e+00,2.000000000000000000e+00,0.000000000000000000e+00,2.000000000000000000e+00,-1.660090807872457441e-01,2.080603943337447914e-01,-1.777812772730644753e-01,2.197521943136614142e-01,9.786751021955013563e-01,2.595788059986496865e-01,3.999999999999999667e-01,6.460000000000001297e-01,9.160570357815719378e-01,3.214401815537641371e-01,2.999999999999999889e-01,6.460000000000001297e-01,0.000000000000000000e+00,-2.000000000000000111e-01
1.760441126182000000e+12,8.000000000000000000e+00,8.000000000000000000e+00,2.000000000000000000e+00,0.000000000000000000e+00,0.000000000000000000e+00,-1.784183006140521166e-01,2.202198542217839727e-01,-1.947416710848392241e-01,2.319119453776510298e-01,9.126686137550419353e-01,3.239145726020316585e-01,5.000000000000000000e-01,6.460000000000001297e-01,8.258421750806423933e-01,3.857774887706403866e-01,2.959999999999999853e-01,6.460000000000001297e-01,0.000000000000000000e+00,0.000000000000000000e+00
1.760441126385000000e+12,8.000000000000000000e+00,8.000000000000000000e+00,2.000000000000000000e+00,-1.000000000000000056e-01,0.000000000000000000e+00,-1.947416710848392241e-01,2.319119453776510298e-01,-2.110701288701746225e-01,2.435997492299319112e-01,8.258421750806423933e-01,3.857774887706403866e-01,5.040000000000000036e-01,6.460000000000001297e-01,7.389886762224754380e-01,4.476177207932905966e-01,2.959999999999999853e-01,6.420000000000000151e-01,-2.000000000000000042e-02,0.000000000000000000e+00
1.760441126588000000e+12,8.000000000000000000e+00,8.000000000000000000e+00,2.000000000000000000e+00,-1.000000000000000056e-01,1.000000000000000000e+00,-2.110701288701746225e-01,2.435997492299319112e-01,-2.236327885714446406e-01,2.530917988103836280e-01,7.389886762224754380e-01,4.476177207932905966e-01,6.039999999999999813e-01,6.420000000000000151e-01,6.721660182369966208e-01,4.978402053459451970e-01,3.960000000000000187e-01,5.919999999999999707e-01,-2.000000000000000042e-02,2.000000000000000111e-01
1.760441126792000000e+12,8.000000000000000000e+00,8.000000000000000000e+00,2.000000000000000000e+00,-1.000000000000000056e-01,0.000000000000000000e+00,-2.239692539159707230e-01,2.533884498457576462e-01,-2.319851544509596297e-01,2.587195861868505919e-01,6.703763089576024736e-01,4.994097875436913081e-01,6.039999999999999813e-01,5.899999999999999689e-01,6.277385401544700594e-01,5.276168581314846229e-01,3.999999999999999667e-01,5.400000000000000355e-01,-2.000000000000000042e-02,0.000000000000000000e+00
1.760441126995000000e+12,8.000000000000000000e+00,8.000000000000000000e+00,2.000000000000000000e+00,-1.000000000000000056e-01,0.000000000000000000e+00,-2.319851544509596297e-01,2.587195861868505919e-01,-2.399993131677681801e-01,2.600519767037824392e-01,6.277385401544700594e-01,5.276168581314846229e-01,5.000000000000000000e-01,5.400000000000000355e-01,5.851100363416585903e-01,5.346665434062563005e-01,3.999999999999999667e-01,4.899999999999999911e-01,-2.000000000000000042e-02,0.000000000000000000e+00
1.760441127200000000e+12,8.000000000000000000e+00,8.000000000000000000e+00,2.000000000000000000e+00,-1.000000000000000056e-01,1.000000000000000000e+00,-2.403198990792669576e-01,2.600214678771598509e-01,-2.445682695812836649e-01,2.571974649961625836e-01,5.834047921315587137e-01,5.345051210431738253e-01,5.999999999999999778e-01,4.899999999999999911e-01,5.608070766952996111e-01,5.195633068580031155e-01,5.000000000000000000e-01,4.380000000000000560e-01,-2.000000000000000042e-02,2.000000000000000111e-01
1.760441127402000000e+12,8.000000000000000000e+00,8.000000000000000000e+00,2.000000000000000000e+00,0.000000000000000000e+00,0.000000000000000000e+00,-2.445682695812836649e-01,2.571974649961625836e-01,-2.445857462611442101e-01,2.521044154378345725e-01,5.608070766952996111e-01,5.195633068580031155e-01,5.000000000000000000e-01,4.380000000000000560e-01,5.607141156322116293e-01,4.926159546975374948e-01,5.000000000000000000e-01,4.360000000000000542e-01,0.000000000000000000e+00,0.000000000000000000e+00
1.760441127606000000e+12,8.000000000000000000e+00,8.000000000000000000e+00,2.000000000000000000e+00,1.000000000000000056e-01,0.000000000000000000e+00,-2.445857462611442101e-01,2.521044154378345725e-01,-2.445996359126030584e-01,2.479539489464227531e-01,5.607141156322116293e-01,4.926159546975374948e-01,5.919999999999999707e-01,4.360000000000000542e-01,5.606402345074305016e-01,4.706558145313373687e-01,5.000000000000000000e-01,4.720000000000000306e-01,2.000000000000000042e-02,0.000000000000000000e+00
0.000000000000000000e+00,0.000000000000000000e+00,0.000000000000000000e+00,0.000000000000000000e+00,0.000000000000000000e+00,0.000000000000000000e+00,0.000000000000000000e+00,0.000000000000000000e+00,0.000000000000000000e+00,0.000000000000000000e+00,0.000000000000000000e+00,0.000000000000000000e+00,0.000000000000000000e+00,0.000000000000000000e+00,0.000000000000000000e+00,0.000000000000000000e+00,0.000000000000000000e+00,0.000000000000000000e+00,0.000000000000000000e+00,0.000000000000000000e+00
1.760441388434000000e+12,1.000000000000000000e+00,1.000000000000000000e+01,3.000000000000000000e+00,1.000000000000000056e-01,1.000000000000000000e+00,-2.608726554307260193e-01,2.362795711583825231e-01,-3.298024308087599277e-01,1.622220688077582462e-01,4.740816200493296328e-01,4.088866198856218603e-01,5.000000000000000000e-01,4.960000000000000520e-01,1.074338786768087861e-01,1.704798310983197951e-02,5.840000000000000746e-01,5.020000000000000018e-01,2.000000000000000042e-02,2.000000000000000111e-01
1.760441388637000000e+12,1.000000000000000000e+00,1.000000000000000000e+01,3.000000000000000000e+00,1.000000000000000056e-01,2.000000000000000000e+00,-3.298024308087599277e-01,1.622220688077582462e-01,-3.265530269722594636e-01,1.644357162370601588e-01,1.074338786768087861e-01,1.704798310983197951e-02,5.999999999999999778e-01,5.040000000000000036e-01,1.247179416369176425e-01,2.876040337068866068e-02,4.879999999999999893e-01,5.540000000000000480e-01,2.000000000000000042e-02,-2.000000000000000111e-01
1.760441388839000000e+12,1.000000000000000000e+00,1.000000000000000000e+01,3.000000000000000000e+00,1.000000000000000056e-01,2.000000000000000000e+00,-3.265530269722594636e-01,1.644357162370601588e-01,-3.312954929931498649e-01,1.706494495123755673e-01,1.247179416369176425e-01,2.876040337068866068e-02,5.999999999999999778e-01,5.540000000000000480e-01,9.949205854707508789e-02,6.163729900727812905e-02,3.880000000000000671e-01,6.039999999999999813e-01,2.000000000000000042e-02,-2.000000000000000111e-01
1.760441389042000000e+12,1.000000000000000000e+00,1.000000000000000000e+01,3.000000000000000000e+00,0.000000000000000000e+00,0.000000000000000000e+00,-3.312954929931498649e-01,1.706494495123755673e-01,-3.409469282566238157e-01,1.802881306711409670e-01,9.949205854707508789e-02,6.163729900727812905e-02,5.999999999999999778e-01,6.039999999999999813e-01,4.815463693285193525e-02,1.126356120166188690e-01,3.840000000000000080e-01,6.179999999999999938e-01,0.000000000000000000e+00,0.000000000000000000e+00
1.760441389246000000e+12,1.000000000000000000e+00,1.000000000000000000e+01,3.000000000000000000e+00,0.000000000000000000e+00,1.000000000000000000e+00,-3.409469282566238157e-01,1.802881306711409670e-01,-3.464769876844387975e-01,1.897414301292517647e-01,4.815463693285193525e-02,1.126356120166188690e-01,5.000000000000000000e-01,6.179999999999999938e-01,1.873942721043181381e-02,1.626530694669405530e-01,4.840000000000000413e-01,6.179999999999999938e-01,0.000000000000000000e+00,2.000000000000000111e-01
1.760441389450000000e+12,1.000000000000000000e+00,1.000000000000000000e+01,3.000000000000000000e+00,0.000000000000000000e+00,1.000000000000000000e+00,-3.464769876844387975e-01,1.897414301292517647e-01,-3.440151783670113983e-01,1.991949616143734447e-01,1.873942721043181381e-02,1.626530694669405530e-01,5.000000000000000000e-01,6.179999999999999938e-01,3.183415762227968099e-02,2.126717545734044812e-01,5.840000000000000746e-01,6.179999999999999938e-01,0.000000000000000000e+00,2.000000000000000111e-01
1.760441389654000000e+12,1.000000000000000000e+00,1.000000000000000000e+01,3.000000000000000000e+00,0.000000000000000000e+00,1.000000000000000000e+00,-3.437505065049027420e-01,1.995730975231418125e-01,-3.329620925936432885e-01,2.090260479317774811e-01,3.324198667604913449e-02,2.146724736674170131e-01,3.999999999999999667e-01,6.179999999999999938e-01,9.062716705508878923e-02,2.646880842951189750e-01,6.879999999999999449e-01,6.179999999999999938e-01,0.000000000000000000e+00,2.000000000000000111e-01
1.760441389857000000e+12,1.000000000000000000e+00,1.000000000000000000e+01,3.000000000000000000e+00,0.000000000000000000e+00,2.000000000000000000e+00,-3.329620925936432885e-01,2.090260479317774811e-01,-3.217163923217843946e-01,2.184795670911005572e-01,9.062716705508878923e-02,2.646880842951189750e-01,3.999999999999999667e-01,6.179999999999999938e-01,1.504447216926360908e-01,3.147067041857172787e-01,5.879999999999999671e-01,6.179999999999999938e-01,0.000000000000000000e+00,-2.000000000000000111e-01
1.760441390060000000e+12,1.000000000000000000e+00,1.000000000000000000e+01,3.000000000000000000e+00,0.000000000000000000e+00,1.000000000000000000e+00,-3.217163923217843946e-01,2.184795670911005572e-01,-3.109604866574695037e-01,2.283122750261841194e-01,1.504447216926360908e-01,3.147067041857172787e-01,5.000000000000000000e-01,6.179999999999999938e-01,2.076569858645238298e-01,3.667316138951541293e-01,6.800000000000000488e-01,6.179999999999999938e-01,0.000000000000000000e+00,2.000000000000000111e-01
1.760441390263000000e+12,1.000000000000000000e+00,1.000000000000000000e+01,3.000000000000000000e+00,-1.000000000000000056e-01,0.000000000000000000e+00,-3.109604866574695037e-01,2.283122750261841194e-01,-2.962633514233022347e-01,2.374281003394793088e-01,2.076569858645238298e-01,3.667316138951541293e-01,5.040000000000000036e-01,6.179999999999999938e-01,2.858332371100943958e-01,4.149634938596789002e-01,6.839999999999999414e-01,5.959999999999999742e-01,-2.000000000000000042e-02,0.000000000000000000e+00
1.760441390466000000e+12,1.000000000000000000e+00,1.000000000000000000e+01,3.000000000000000000e+00,-1.000000000000000056e-01,1.000000000000000000e+00,-2.962633514233022347e-01,2.374281003394793088e-01,-2.777922082030216400e-01,2.432385300769570047e-01,2.858332371100943958e-01,4.149634938596789002e-01,6.039999999999999813e-01,5.959999999999999742e-01,3.840839989200975912e-01,4.457065083436879127e-01,7.840000000000002522e-01,5.460000000000000409e-01,-2.000000000000000042e-02,2.000000000000000111e-01
1.760441390670000000e+12,1.000000000000000000e+00,1.000000000000000000e+01,3.000000000000000000e+00,-1.000000000000000056e-01,2.000000000000000000e+00,-2.768873016332271120e-01,2.433878208993681680e-01,-2.576379928379503026e-01,2.450372276960662288e-01,3.888973317381536066e-01,4.464964068749638915e-01,6.039999999999999813e-01,5.460000000000000409e-01,4.912872721385621588e-01,4.552234269633134156e-01,6.879999999999999449e-01,4.940000000000000502e-01,-2.000000000000000042e-02,-2.000000000000000111e-01
1.760441390875000000e+12,1.000000000000000000e+00,1.000000000000000000e+01,3.000000000000000000e+00,0.000000000000000000e+00,2.000000000000000000e+00,-2.576379928379503026e-01,2.450372276960662288e-01,-2.463899502901043537e-01,2.429603946713224383e-01,4.912872721385621588e-01,4.552234269633134156e-01,5.000000000000000000e-01,4.940000000000000502e-01,5.511172856909342110e-01,4.442348924408595079e-01,5.879999999999999671e-01,4.640000000000000235e-01,0.000000000000000000e+00,-2.000000000000000111e-01
0.000000000000000000e+00,0.000000000000000000e+00,0.000000000000000000e+00,0.000000000000000000e+00,0.000000000000000000e+00,0.000000000000000000e+00,0.000000000000000000e+00,0.000000000000000000e+00,0.000000000000000000e+00,0.000000000000000000e+00,0.000000000000000000e+00,0.000000000000000000e+00,0.000000000000000000e+00,0.000000000000000000e+00,0.000000000000000000e+00,0.000000000000000000e+00,0.000000000000000000e+00,0.000000000000000000e+00,0.000000000000000000e+00,0.000000000000000000e+00
1.760441396548000000e+12,2.000000000000000000e+00,1.000000000000000000e+01,2.000000000000000000e+00,0.000000000000000000e+00,2.000000000000000000e+00,-2.455771647844222638e-01,2.426166606036059548e-01,-1.691628423730350272e-01,1.604273596485682463e-01,5.554406128488177385e-01,4.424161936698728370e-01,5.000000000000000000e-01,4.640000000000000235e-01,9.618997746115158787e-01,7.552167452742031620e-03,4.799999999999999822e-01,4.640000000000000235e-01,0.000000000000000000e+00,-2.000000000000000111e-01
1.760441396749000000e+12,2.000000000000000000e+00,1.000000000000000000e+01,2.000000000000000000e+00,1.000000000000000056e-01,1.000000000000000000e+00,-1.692236980722432449e-01,1.603124602610774552e-01,-1.673723275742970973e-01,1.592077818961654956e-01,9.615760740838125153e-01,6.944234185594988680e-03,5.999999999999999778e-01,4.640000000000000235e-01,9.714237894984196764e-01,1.099375111986736382e-03,5.760000000000000675e-01,5.160000000000000142e-01,2.000000000000000042e-02,2.000000000000000111e-01
1.760441396952000000e+12,2.000000000000000000e+00,1.000000000000000000e+01,2.000000000000000000e+00,1.000000000000000056e-01,0.000000000000000000e+00,-1.673723275742970973e-01,1.592077818961654956e-01,-1.622085054027182505e-01,1.623786856924080424e-01,9.714237894984196764e-01,1.099375111986736382e-03,5.999999999999999778e-01,5.160000000000000142e-01,9.988909287089454692e-01,1.787664387517481565e-02,5.000000000000000000e-01,5.659999999999999476e-01,2.000000000000000042e-02,0.000000000000000000e+00
1.760441397155000000e+12,2.000000000000000000e+00,1.000000000000000000e+01,2.000000000000000000e+00,1.000000000000000056e-01,0.000000000000000000e+00,-1.622085054027182505e-01,1.623786856924080424e-01,-1.622089246115167582e-01,1.695526259260614621e-01,9.988909287089454692e-01,1.787664387517481565e-02,5.999999999999999778e-01,5.659999999999999476e-01,9.988886988749109408e-01,5.583399960879079776e-02,5.000000000000000000e-01,6.160000000000001030e-01,2.000000000000000042e-02,0.000000000000000000e+00
1.760441397359000000e+12,2.000000000000000000e+00,1.000000000000000000e+01,2.000000000000000000e+00,0.000000000000000000e+00,1.000000000000000000e+00,-1.622089268153031616e-01,1.699225877678103569e-01,-1.622085842421372992e-01,1.810884313809933421e-01,9.988886871526427846e-01,5.779146967095426246e-02,5.000000000000000000e-01,6.179999999999999938e-01,9.988905093503335220e-01,1.168700073068430767e-01,5.000000000000000000e-01,6.520000000000001350e-01,0.000000000000000000e+00,2.000000000000000111e-01
1.760441397562000000e+12,2.000000000000000000e+00,1.000000000000000000e+01,2.000000000000000000e+00,0.000000000000000000e+00,0.000000000000000000e+00,-1.622085842421372992e-01,1.810884313809933421e-01,-1.622086148688499929e-01,1.932591794658377604e-01,9.988905093503335220e-01,1.168700073068430767e-01,5.000000000000000000e-01,6.520000000000001350e-01,9.988903464422872469e-01,1.812654998192474165e-01,5.000000000000000000e-01,6.520000000000001350e-01,0.000000000000000000e+00,0.000000000000000000e+00
1.760441397766000000e+12,2.000000000000000000e+00,1.000000000000000000e+01,2.000000000000000000e+00,0.000000000000000000e+00,0.000000000000000000e+00,-1.622086321829316335e-01,1.937460231626919882e-01,-1.622094935857380793e-01,2.059175135595346928e-01,9.988902543461083416e-01,1.838413923951957296e-01,3.999999999999999667e-01,6.520000000000001350e-01,9.988856724162867851e-01,2.482408124843105690e-01,5.000000000000000000e-01,6.520000000000001350e-01,0.000000000000000000e+00,0.000000000000000000e+00
1.760441397969000000e+12,2.000000000000000000e+00,1.000000000000000000e+01,2.000000000000000000e+00,0.000000000000000000e+00,2.000000000000000000e+00,-1.622094935857380793e-01,2.059175135595346928e-01,-1.659909565393577480e-01,2.180898372581497879e-01,9.988856724162867851e-01,2.482408124843105690e-01,3.999999999999999667e-01,6.520000000000001350e-01,9.787715077693737165e-01,3.126446415775121501e-01,4.000000000000000777e-01,6.520000000000001350e-01,0.000000000000000000e+00,-2.000000000000000111e-01
1.760441398171000000e+12,2.000000000000000000e+00,1.000000000000000000e+01,2.000000000000000000e+00,-1.000000000000000056e-01,2.000000000000000000e+00,-1.659909565393577480e-01,2.180898372581497879e-01,-1.777605788340042292e-01,2.299263018537326397e-01,9.787715077693737165e-01,3.126446415775121501e-01,5.000000000000000000e-01,6.520000000000001350e-01,9.161671338616796945e-01,3.752714383795378028e-01,2.999999999999999889e-01,6.300000000000001155e-01,-2.000000000000000042e-02,-2.000000000000000111e-01
1.760441398377000000e+12,2.000000000000000000e+00,1.000000000000000000e+01,2.000000000000000000e+00,-1.000000000000000056e-01,0.000000000000000000e+00,-1.783976389814273256e-01,2.303443796910072394e-01,-1.947221373243769038e-01,2.387117730509502322e-01,9.127785160562376099e-01,3.774834904286097914e-01,5.040000000000000036e-01,6.280000000000000027e-01,8.259460780618249620e-01,4.217554129679906838e-01,2.959999999999999853e-01,5.779999999999999583e-01,-2.000000000000000042e-02,0.000000000000000000e+00
1.760441398579000000e+12,2.000000000000000000e+00,1.000000000000000000e+01,2.000000000000000000e+00,-1.000000000000000056e-01,0.000000000000000000e+00,-1.947221373243769038e-01,2.387117730509502322e-01,-2.110517468129605445e-01,2.430805387249191651e-01,8.259460780618249620e-01,4.217554129679906838e-01,6.039999999999999813e-01,5.779999999999999583e-01,7.390864531225502798e-01,4.448705752641226030e-01,2.959999999999999853e-01,5.280000000000000249e-01,-2.000000000000000042e-02,0.000000000000000000e+00
1.760441398782000000e+12,2.000000000000000000e+00,1.000000000000000000e+01,2.000000000000000000e+00,0.000000000000000000e+00,0.000000000000000000e+00,-2.110517468129605445e-01,2.430805387249191651e-01,-2.273828944783743977e-01,2.434656446426931020e-01,7.390864531225502798e-01,4.448705752641226030e-01,6.039999999999999813e-01,5.280000000000000249e-01,6.522186463916255228e-01,4.469081727126619774e-01,2.959999999999999853e-01,4.840000000000000413e-01,0.000000000000000000e+00,0.000000000000000000e+00
1.760441398984000000e+12,2.000000000000000000e+00,1.000000000000000000e+01,2.000000000000000000e+00,1.000000000000000056e-01,1.000000000000000000e+00,-2.273828944783743977e-01,2.434656446426931020e-01,-2.405894592587980441e-01,2.421491938309076053e-01,6.522186463916255228e-01,4.469081727126619774e-01,5.000000000000000000e-01,4.840000000000000413e-01,5.819709613893720990e-01,4.399428245021567152e-01,3.960000000000000187e-01,4.860000000000000431e-01,2.000000000000000042e-02,2.000000000000000111e-01
1.760441399187000000e+12,2.000000000000000000e+00,1.000000000000000000e+01,2.000000000000000000e+00,1.000000000000000056e-01,0.000000000000000000e+00,-2.405894592587980441e-01,2.421491938309076053e-01,-2.489261553702035723e-01,2.429268818314986589e-01,5.819709613893720990e-01,4.399428245021567152e-01,5.999999999999999778e-01,4.860000000000000431e-01,5.376268331372150433e-01,4.440575758280352892e-01,3.960000000000000187e-01,5.360000000000000320e-01,2.000000000000000042e-02,0.000000000000000000e+00
0.000000000000000000e+00,0.000000000000000000e+00,0.000000000000000000e+00,0.000000000000000000e+00,0.000000000000000000e+00,0.000000000000000000e+00,0.000000000000000000e+00,0.000000000000000000e+00,0.000000000000000000e+00,0.000000000000000000e+00,0.000000000000000000e+00,0.000000000000000000e+00,0.000000000000000000e+00,0.000000000000000000e+00,0.000000000000000000e+00,0.000000000000000000e+00,0.000000000000000000e+00,0.000000000000000000e+00,0.000000000000000000e+00,0.000000000000000000e+00
1.760441404905000000e+12,3.000000000000000000e+00,1.000000000000000000e+01,2.000000000000000000e+00,0.000000000000000000e+00,1.000000000000000000e+00,-2.499262454488047625e-01,2.432895580914678502e-01,-1.753344467129977768e-01,1.661060306478335524e-01,5.323072050595490934e-01,4.459764978384542777e-01,5.000000000000000000e-01,5.420000000000000373e-01,9.290720919521394672e-01,3.759804575573307689e-02,4.919999999999999929e-01,5.420000000000000373e-01,0.000000000000000000e+00,2.000000000000000111e-01
1.760441405107000000e+12,3.000000000000000000e+00,1.000000000000000000e+01,2.000000000000000000e+00,1.000000000000000056e-01,2.000000000000000000e+00,-1.753633311846944376e-01,1.662407597095422462e-01,-1.794585506849018519e-01,1.699475446326076666e-01,9.289184511452424076e-01,3.831089793408595096e-02,5.999999999999999778e-01,5.420000000000000373e-01,9.071353686973305797e-01,5.792351657464373665e-02,3.960000000000000187e-01,5.639999999999999458e-01,2.000000000000000042e-02,-2.000000000000000111e-01
1.760441405312000000e+12,3.000000000000000000e+00,1.000000000000000000e+01,2.000000000000000000e+00,1.000000000000000056e-01,0.000000000000000000e+00,-1.794585506849018519e-01,1.699475446326076666e-01,-1.877782902561742073e-01,1.769585325904891593e-01,9.071353686973305797e-01,5.792351657464373665e-02,5.999999999999999778e-01,5.639999999999999458e-01,8.628814348075840579e-01,9.501869095496909279e-02,3.960000000000000187e-01,6.140000000000001013e-01,2.000000000000000042e-02,0.000000000000000000e+00
1.760441405515000000e+12,3.000000000000000000e+00,1.000000000000000000e+01,2.000000000000000000e+00,0.000000000000000000e+00,0.000000000000000000e+00,-1.877782902561742073e-01,1.769585325904891593e-01,-1.964346007741562816e-01,1.873090109140409520e-01,8.628814348075840579e-01,9.501869095496909279e-02,5.999999999999999778e-01,6.140000000000001013e-01,8.168372299247006474e-01,1.497831265293172176e-01,3.960000000000000187e-01,6.260000000000001119e-01,0.000000000000000000e+00,0.000000000000000000e+00
1.760441405719000000e+12,3.000000000000000000e+00,1.000000000000000000e+01,2.000000000000000000e+00,0.000000000000000000e+00,2.000000000000000000e+00,-1.964346007741562816e-01,1.873090109140409520e-01,-2.085308193300403068e-01,1.974002058421422123e-01,8.168372299247006474e-01,1.497831265293172176e-01,5.000000000000000000e-01,6.260000000000001119e-01,7.524956418614877629e-01,2.031756922864667581e-01,2.959999999999999853e-01,6.260000000000001119e-01,0.000000000000000000e+00,-2.000000000000000111e-01
1.760441405922000000e+12,3.000000000000000000e+00,1.000000000000000000e+01,2.000000000000000000e+00,0.000000000000000000e+00,1.000000000000000000e+00,-2.085308193300403068e-01,1.974002058421422123e-01,-2.210799498796537088e-01,2.074921733483939268e-01,7.524956418614877629e-01,2.031756922864667581e-01,5.000000000000000000e-01,6.260000000000001119e-01,6.857449474486504437e-01,2.565723457586980283e-01,3.960000000000000187e-01,6.260000000000001119e-01,0.000000000000000000e+00,2.000000000000000111e-01
1.760441406126000000e+12,3.000000000000000000e+00,1.000000000000000000e+01,2.000000000000000000e+00,0.000000000000000000e+00,0.000000000000000000e+00,-2.214162385138414013e-01,2.078958862810026398e-01,-2.294274094958310972e-01,2.179891726236777572e-01,6.839561781178649102e-01,2.587083930211779847e-01,3.999999999999999667e-01,6.260000000000001119e-01,6.413435665115366779e-01,3.121120244639035146e-01,3.999999999999999667e-01,6.260000000000001119e-01,0.000000000000000000e+00,0.000000000000000000e+00
1.760441406329000000e+12,3.000000000000000000e+00,1.000000000000000000e+01,2.000000000000000000e+00,0.000000000000000000e+00,0.000000000000000000e+00,-2.294274094958310972e-01,2.179891726236777572e-01,-2.374369072623073451e-01,2.280833385572446637e-01,6.413435665115366779e-01,3.121120244639035146e-01,3.999999999999999667e-01,6.260000000000001119e-01,5.987398549877268605e-01,3.655203098266913697e-01,3.999999999999999667e-01,6.260000000000001119e-01,0.000000000000000000e+00,0.000000000000000000e+00
1.760441406533000000e+12,3.000000000000000000e+00,1.000000000000000000e+01,2.000000000000000000e+00,-1.000000000000000056e-01,0.000000000000000000e+00,-2.374369072623073451e-01,2.280833385572446637e-01,-2.457685576748375456e-01,2.384558978147599262e-01,5.987398549877268605e-01,3.655203098266913697e-01,5.000000000000000000e-01,6.260000000000001119e-01,5.544225655593747470e-01,4.204015757394705677e-01,3.999999999999999667e-01,6.140000000000001013e-01,-2.000000000000000042e-02,0.000000000000000000e+00
1.760441406736000000e+12,3.000000000000000000e+00,1.000000000000000000e+01,2.000000000000000000e+00,-1.000000000000000056e-01,1.000000000000000000e+00,-2.457685576748375456e-01,2.384558978147599262e-01,-2.500074741643401044e-01,2.455463907843131177e-01,5.544225655593747470e-01,4.204015757394705677e-01,5.040000000000000036e-01,6.119999999999999885e-01,5.318751374237228324e-01,4.579174115572123283e-01,5.000000000000000000e-01,5.619999999999999440e-01,-2.000000000000000042e-02,2.000000000000000111e-01
0.000000000000000000e+00,0.000000000000000000e+00,0.000000000000000000e+00,0.000000000000000000e+00,0.000000000000000000e+00,0.000000000000000000e+00,0.000000000000000000e+00,0.000000000000000000e+00,0.000000000000000000e+00,0.000000000000000000e+00,0.000000000000000000e+00,0.000000000000000000e+00,0.000000000000000000e+00,0.000000000000000000e+00,0.000000000000000000e+00,0.000000000000000000e+00,0.000000000000000000e+00,0.000000000000000000e+00,0.000000000000000000e+00,0.000000000000000000e+00
1.760441412469000000e+12,4.000000000000000000e+00,1.000000000000000000e+01,0.000000000000000000e+00,-1.000000000000000056e-01,0.000000000000000000e+00,-2.499457384829858464e-01,2.463106235747159478e-01,-1.719687411618405770e-01,3.250799402002260696e-01,5.322035187075220275e-01,4.619609712947934099e-01,5.000000000000000000e-01,5.540000000000000480e-01,9.469747810540395383e-01,8.787298423292385641e-01,5.160000000000000142e-01,5.340000000000000302e-01,-2.000000000000000042e-02,0.000000000000000000e+00
1.760441412672000000e+12,4.000000000000000000e+00,1.000000000000000000e+01,0.000000000000000000e+00,-1.000000000000000056e-01,2.000000000000000000e+00,-1.719687411618405770e-01,3.250799402002260696e-01,-1.744721157389724220e-01,3.259425811151353547e-01,9.469747810540395383e-01,8.787298423292385641e-01,5.999999999999999778e-01,5.340000000000000302e-01,9.336589588352530722e-01,8.832940799742612370e-01,4.159999999999999809e-01,4.840000000000000413e-01,-2.000000000000000042e-02,-2.000000000000000111e-01
1.760441412875000000e+12,4.000000000000000000e+00,1.000000000000000000e+01,0.000000000000000000e+00,-1.000000000000000056e-01,1.000000000000000000e+00,-1.744721157389724220e-01,3.259425811151353547e-01,-1.774332791740091397e-01,3.228059474736718060e-01,9.336589588352530722e-01,8.832940799742612370e-01,5.999999999999999778e-01,4.840000000000000413e-01,9.179080894999513962e-01,8.666981347813323966e-01,5.160000000000000142e-01,4.340000000000000524e-01,-2.000000000000000042e-02,2.000000000000000111e-01
1.760441413079000000e+12,4.000000000000000000e+00,1.000000000000000000e+01,0.000000000000000000e+00,0.000000000000000000e+00,2.000000000000000000e+00,-1.773858280124787634e-01,3.225973971920750305e-01,-1.795715196096417388e-01,3.153028732570429815e-01,9.181604892953257879e-01,8.655946941379631943e-01,5.999999999999999778e-01,4.340000000000000524e-01,9.065344701614801437e-01,8.269993294023438857e-01,4.199999999999999289e-01,3.859999999999999543e-01,0.000000000000000000e+00,-2.000000000000000111e-01
1.760441413282000000e+12,4.000000000000000000e+00,1.000000000000000000e+01,0.000000000000000000e+00,0.000000000000000000e+00,0.000000000000000000e+00,-1.795715196096417388e-01,3.153028732570429815e-01,-1.859818338906034096e-01,3.062066527818745332e-01,9.065344701614801437e-01,8.269993294023438857e-01,5.000000000000000000e-01,3.859999999999999543e-01,8.724370537733860953e-01,7.788711787400769415e-01,4.199999999999999289e-01,3.859999999999999543e-01,0.000000000000000000e+00,0.000000000000000000e+00
1.760441413485000000e+12,4.000000000000000000e+00,1.000000000000000000e+01,0.000000000000000000e+00,0.000000000000000000e+00,2.000000000000000000e+00,-1.859818338906034096e-01,3.062066527818745332e-01,-1.961614913387122461e-01,2.971085315662315707e-01,8.724370537733860953e-01,7.788711787400769415e-01,5.000000000000000000e-01,3.859999999999999543e-01,8.182899396877008069e-01,7.307329712499025520e-01,3.200000000000000622e-01,3.859999999999999543e-01,0.000000000000000000e+00,-2.000000000000000111e-01
1.760441413689000000e+12,4.000000000000000000e+00,1.000000000000000000e+01,0.000000000000000000e+00,0.000000000000000000e+00,1.000000000000000000e+00,-1.967347623130951406e-01,2.967445528981783043e-01,-2.076924537048759345e-01,2.876450702401165405e-01,8.152406259941747946e-01,7.288071581914197239e-01,3.999999999999999667e-01,3.859999999999999543e-01,7.569550334847024997e-01,6.806617473022039677e-01,4.159999999999999809e-01,3.859999999999999543e-01,0.000000000000000000e+00,2.000000000000000111e-01
1.760441413892000000e+12,4.000000000000000000e+00,1.000000000000000000e+01,0.000000000000000000e+00,0.000000000000000000e+00,0.000000000000000000e+00,-2.076924537048759345e-01,2.876450702401165405e-01,-2.144278930651609683e-01,2.785450539814228743e-01,7.569550334847024997e-01,6.806617473022039677e-01,3.999999999999999667e-01,3.859999999999999543e-01,7.211282283768033485e-01,6.325135131292216606e-01,4.159999999999999809e-01,3.859999999999999543e-01,0.000000000000000000e+00,0.000000000000000000e+00
1.760441414095000000e+12,4.000000000000000000e+00,1.000000000000000000e+01,0.000000000000000000e+00,0.000000000000000000e+00,0.000000000000000000e+00,-2.144278930651609683e-01,2.785450539814228743e-01,-2.214292733882464448e-01,2.690798330387361159e-01,7.211282283768033485e-01,6.325135131292216606e-01,5.000000000000000000e-01,3.859999999999999543e-01,6.838868436795402239e-01,5.824329790409319418e-01,4.159999999999999809e-01,3.859999999999999543e-01,0.000000000000000000e+00,0.000000000000000000e+00
1.760441414299000000e+12,4.000000000000000000e+00,1.000000000000000000e+01,0.000000000000000000e+00,1.000000000000000056e-01,0.000000000000000000e+00,-2.214292733882464448e-01,2.690798330387361159e-01,-2.281615690740519120e-01,2.611695907137964179e-01,6.838868436795402239e-01,5.824329790409319418e-01,5.040000000000000036e-01,3.859999999999999543e-01,6.480767602444047482e-01,5.405798450465419958e-01,4.159999999999999809e-01,4.260000000000000453e-01,2.000000000000000042e-02,0.000000000000000000e+00
1.760441414502000000e+12,4.000000000000000000e+00,1.000000000000000000e+01,0.000000000000000000e+00,1.000000000000000056e-01,0.000000000000000000e+00,-2.281615690740519120e-01,2.611695907137964179e-01,-2.348947771351799774e-01,2.571538899961769986e-01,6.480767602444047482e-01,5.405798450465419958e-01,6.039999999999999813e-01,4.260000000000000453e-01,6.122618237490426996e-01,5.193327513025238762e-01,4.159999999999999809e-01,4.760000000000000342e-01,2.000000000000000042e-02,0.000000000000000000e+00
1.760441414704000000e+12,4.000000000000000000e+00,1.000000000000000000e+01,0.000000000000000000e+00,0.000000000000000000e+00,0.000000000000000000e+00,-2.348947771351799774e-01,2.571538899961769986e-01,-2.418982305580416881e-01,2.570475906402092114e-01,6.122618237490426996e-01,5.193327513025238762e-01,6.039999999999999813e-01,4.760000000000000342e-01,5.750094119253101876e-01,5.187703208476678318e-01,4.159999999999999809e-01,5.120000000000000107e-01,0.000000000000000000e+00,0.000000000000000000e+00
1.760441414907000000e+12,4.000000000000000000e+00,1.000000000000000000e+01,0.000000000000000000e+00,0.000000000000000000e+00,1.000000000000000000e+00,-2.418982305580416881e-01,2.570475906402092114e-01,-2.448586570182410549e-01,2.580251092588504158e-01,5.750094119253101876e-01,5.187703208476678318e-01,5.000000000000000000e-01,5.120000000000000107e-01,5.592624626689305378e-01,5.239423770309545869e-01,5.160000000000000142e-01,5.120000000000000107e-01,0.000000000000000000e+00,2.000000000000000111e-01
1.760441415112000000e+12,4.000000000000000000e+00,1.000000000000000000e+01,0.000000000000000000e+00,-1.000000000000000056e-01,0.000000000000000000e+00,-2.448586570182410549e-01,2.580251092588504158e-01,-2.435967360610389876e-01,2.579363820977338961e-01,5.592624626689305378e-01,5.239423770309545869e-01,5.999999999999999778e-01,5.120000000000000107e-01,5.659748081859627966e-01,5.234729211520312564e-01,5.160000000000000142e-01,4.740000000000000324e-01,-2.000000000000000042e-02,0.000000000000000000e+00
1.760441415316000000e+12,4.000000000000000000e+00,1.000000000000000000e+01,0.000000000000000000e+00,0.000000000000000000e+00,0.000000000000000000e+00,-2.435461260834566044e-01,2.578554880172436170e-01,-2.422804140212720392e-01,2.538377258451338103e-01,5.662440101943797544e-01,5.230449101441462245e-01,5.000000000000000000e-01,4.719999999999999751e-01,5.729765211634465505e-01,5.017869092335123238e-01,5.160000000000000142e-01,4.340000000000000524e-01,0.000000000000000000e+00,0.000000000000000000e+00
1.760441415518000000e+12,4.000000000000000000e+00,1.000000000000000000e+01,0.000000000000000000e+00,0.000000000000000000e+00,0.000000000000000000e+00,-2.422804140212720392e-01,2.538377258451338103e-01,-2.410139261617637585e-01,2.485745947686991419e-01,5.729765211634465505e-01,5.017869092335123238e-01,5.919999999999999707e-01,4.340000000000000524e-01,5.797131587140225140e-01,4.739396548608420523e-01,5.160000000000000142e-01,4.340000000000000524e-01,0.000000000000000000e+00,0.000000000000000000e+00
1.760441415723000000e+12,4.000000000000000000e+00,1.000000000000000000e+01,0.000000000000000000e+00,1.000000000000000056e-01,2.000000000000000000e+00,-2.409632545761195566e-01,2.483640571057361135e-01,-2.434660311484697637e-01,2.448321580230679861e-01,5.799826884248959757e-01,4.728256989721488224e-01,5.959999999999999742e-01,4.340000000000000524e-01,5.666700470826075975e-01,4.541384022384550301e-01,4.159999999999999809e-01,4.819999999999999840e-01,2.000000000000000042e-02,-2.000000000000000111e-01
0.000000000000000000e+00,0.000000000000000000e+00,0.000000000000000000e+00,0.000000000000000000e+00,0.000000000000000000e+00,0.000000000000000000e+00,0.000000000000000000e+00,0.000000000000000000e+00,0.000000000000000000e+00,0.000000000000000000e+00,0.000000000000000000e+00,0.000000000000000000e+00,0.000000000000000000e+00,0.000000000000000000e+00,0.000000000000000000e+00,0.000000000000000000e+00,0.000000000000000000e+00,0.000000000000000000e+00,0.000000000000000000e+00,0.000000000000000000e+00
1.760441421417000000e+12,5.000000000000000000e+00,1.000000000000000000e+01,1.000000000000000000e+00,0.000000000000000000e+00,0.000000000000000000e+00,-2.443028477681606914e-01,2.446756309134733021e-01,-3.395518867981073829e-01,3.205445459539301156e-01,5.622188948502090389e-01,4.533102164734037487e-01,5.000000000000000000e-01,4.879999999999999893e-01,5.557507022283295767e-02,8.547330473752917657e-01,4.040000000000000258e-01,4.879999999999999893e-01,0.000000000000000000e+00,0.000000000000000000e+00
1.760441421619000000e+12,5.000000000000000000e+00,1.000000000000000000e+01,1.000000000000000000e+00,-1.000000000000000056e-01,1.000000000000000000e+00,-3.398608544886042582e-01,3.205075791928205242e-01,-3.438149742213612026e-01,3.183945439764340746e-01,5.393162506061553729e-02,8.545374560466695302e-01,5.999999999999999778e-01,4.879999999999999893e-01,3.289907329063179037e-02,8.433573755366883251e-01,5.040000000000000036e-01,4.480000000000000648e-01,-2.000000000000000042e-02,2.000000000000000111e-01
1.760441421823000000e+12,5.000000000000000000e+00,1.000000000000000000e+01,1.000000000000000000e+00,-1.000000000000000056e-01,1.000000000000000000e+00,-3.438149742213612026e-01,3.183945439764340746e-01,-3.397712872557892561e-01,3.123859319482367169e-01,3.289907329063179037e-02,8.433573755366883251e-01,5.999999999999999778e-01,4.480000000000000648e-01,5.440804651175916440e-02,8.115657775038980226e-01,6.039999999999999813e-01,3.980000000000000204e-01,-2.000000000000000042e-02,2.000000000000000111e-01
1.760441422026000000e+12,5.000000000000000000e+00,1.000000000000000000e+01,1.000000000000000000e+00,0.000000000000000000e+00,0.000000000000000000e+00,-3.397712872557892561e-01,3.123859319482367169e-01,-3.308428502700005436e-01,3.028446058027809973e-01,5.440804651175916440e-02,8.115657775038980226e-01,5.999999999999999778e-01,3.980000000000000204e-01,1.018997326063799808e-01,7.610825703850847557e-01,6.079999999999999849e-01,3.819999999999999507e-01,0.000000000000000000e+00,0.000000000000000000e+00
1.760441422230000000e+12,5.000000000000000000e+00,1.000000000000000000e+01,1.000000000000000000e+00,0.000000000000000000e+00,0.000000000000000000e+00,-3.308428502700005436e-01,3.028446058027809973e-01,-3.222354782772537396e-01,2.934321299336861144e-01,1.018997326063799808e-01,7.610825703850847557e-01,5.000000000000000000e-01,3.819999999999999507e-01,1.476836261848204490e-01,7.112811107602440286e-01,6.079999999999999849e-01,3.819999999999999507e-01,0.000000000000000000e+00,0.000000000000000000e+00
1.760441422432000000e+12,5.000000000000000000e+00,1.000000000000000000e+01,1.000000000000000000e+00,0.000000000000000000e+00,0.000000000000000000e+00,-3.222354782772537396e-01,2.934321299336861144e-01,-3.136246733258868935e-01,2.840172464731497981e-01,1.476836261848204490e-01,7.112811107602440286e-01,5.000000000000000000e-01,3.819999999999999507e-01,1.934857801814525990e-01,6.614669125563482632e-01,6.079999999999999849e-01,3.819999999999999507e-01,0.000000000000000000e+00,0.000000000000000000e+00
1.760441422635000000e+12,5.000000000000000000e+00,1.000000000000000000e+01,1.000000000000000000e+00,0.000000000000000000e+00,0.000000000000000000e+00,-3.136246733258868935e-01,2.840172464731497981e-01,-3.050107240454548174e-01,2.746002228033934678e-01,1.934857801814525990e-01,6.614669125563482632e-01,3.999999999999999667e-01,3.819999999999999507e-01,2.393046593326870475e-01,6.116413904941454538e-01,6.079999999999999849e-01,3.819999999999999507e-01,0.000000000000000000e+00,0.000000000000000000e+00
1.760441422838000000e+12,5.000000000000000000e+00,1.000000000000000000e+01,1.000000000000000000e+00,1.000000000000000056e-01,0.000000000000000000e+00,-3.046660998845074353e-01,2.742234978851455507e-01,-2.960492836642508174e-01,2.651421200037011316e-01,2.411377665717688856e-01,6.096481369584421106e-01,3.999999999999999667e-01,3.819999999999999507e-01,2.869718954029211178e-01,5.615985185381012768e-01,6.079999999999999849e-01,4.040000000000000258e-01,2.000000000000000042e-02,0.000000000000000000e+00
1.760441423041000000e+12,5.000000000000000000e+00,1.000000000000000000e+01,1.000000000000000000e+00,1.000000000000000056e-01,0.000000000000000000e+00,-2.960492836642508174e-01,2.651421200037011316e-01,-2.874307863804923535e-01,2.593687376002153933e-01,2.869718954029211178e-01,5.615985185381012768e-01,5.000000000000000000e-01,4.040000000000000258e-01,3.328149660612108041e-01,5.310515216942613970e-01,6.079999999999999849e-01,4.540000000000000147e-01,2.000000000000000042e-02,0.000000000000000000e+00
1.760441423244000000e+12,5.000000000000000000e+00,1.000000000000000000e+01,1.000000000000000000e+00,0.000000000000000000e+00,0.000000000000000000e+00,-2.870860174930943698e-01,2.592206880401476399e-01,-2.784659928876982438e-01,2.564142198885432933e-01,3.346488431218384019e-01,5.302681906886118623e-01,5.040000000000000036e-01,4.540000000000000147e-01,3.805000378313922460e-01,5.154191528494355135e-01,6.079999999999999849e-01,4.660000000000000253e-01,0.000000000000000000e+00,0.000000000000000000e+00
1.760441423448000000e+12,5.000000000000000000e+00,1.000000000000000000e+01,1.000000000000000000e+00,0.000000000000000000e+00,0.000000000000000000e+00,-2.784659928876982438e-01,2.564142198885432933e-01,-2.698444046698855736e-01,2.537118857013495599e-01,3.805000378313922460e-01,5.154191528494355135e-01,6.039999999999999813e-01,4.660000000000000253e-01,4.263595496282681641e-01,5.011210883669289240e-01,6.079999999999999849e-01,4.660000000000000253e-01,0.000000000000000000e+00,0.000000000000000000e+00
1.760441423651000000e+12,5.000000000000000000e+00,1.000000000000000000e+01,1.000000000000000000e+00,0.000000000000000000e+00,2.000000000000000000e+00,-2.698444046698855736e-01,2.537118857013495599e-01,-2.649942619611012073e-01,2.510092817257920106e-01,4.263595496282681641e-01,5.011210883669289240e-01,6.039999999999999813e-01,4.660000000000000253e-01,4.521581810579722305e-01,4.868215964327620160e-01,5.080000000000000071e-01,4.660000000000000253e-01,0.000000000000000000e+00,-2.000000000000000111e-01
1.760441423856000000e+12,5.000000000000000000e+00,1.000000000000000000e+01,1.000000000000000000e+00,0.000000000000000000e+00,1.000000000000000000e+00,-2.649661278059675662e-01,2.509011756320321251e-01,-2.608944462790155905e-01,2.481981694234910163e-01,4.523078308193214103e-01,4.862496065186885374e-01,5.000000000000000000e-01,4.660000000000000253e-01,4.739657112818319029e-01,4.719479863676773745e-01,6.039999999999999813e-01,4.660000000000000253e-01,0.000000000000000000e+00,2.000000000000000111e-01
0.000000000000000000e+00,0.000000000000000000e+00,0.000000000000000000e+00,0.000000000000000000e+00,0.000000000000000000e+00,0.000000000000000000e+00,0.000000000000000000e+00,0.000000000000000000e+00,0.000000000000000000e+00,0.000000000000000000e+00,0.000000000000000000e+00,0.000000000000000000e+00,0.000000000000000000e+00,0.000000000000000000e+00,0.000000000000000000e+00,0.000000000000000000e+00,0.000000000000000000e+00,0.000000000000000000e+00,0.000000000000000000e+00,0.000000000000000000e+00
1.760441429573000000e+12,6.000000000000000000e+00,1.000000000000000000e+01,0.000000000000000000e+00,0.000000000000000000e+00,2.000000000000000000e+00,-2.598675324419269517e-01,2.478737274487964881e-01,-1.681379846830946823e-01,3.186685259377538548e-01,4.794280189259204072e-01,4.702313621629444218e-01,5.000000000000000000e-01,4.660000000000000253e-01,9.673511453026878426e-01,8.448070155436713247e-01,5.160000000000000142e-01,4.660000000000000253e-01,0.000000000000000000e+00,-2.000000000000000111e-01
1.760441429777000000e+12,6.000000000000000000e+00,1.000000000000000000e+01,0.000000000000000000e+00,-1.000000000000000056e-01,2.000000000000000000e+00,-1.681379846830946823e-01,3.186685259377538548e-01,-1.706398836324449775e-01,3.156349695676588518e-01,9.673511453026878426e-01,8.448070155436713247e-01,5.999999999999999778e-01,4.660000000000000253e-01,9.540431721678458432e-01,8.287564527389358338e-01,4.159999999999999809e-01,4.440000000000000058e-01,-2.000000000000000042e-02,-2.000000000000000111e-01
1.760441429981000000e+12,6.000000000000000000e+00,1.000000000000000000e+01,0.000000000000000000e+00,-1.000000000000000056e-01,2.000000000000000000e+00,-1.706398836324449775e-01,3.156349695676588518e-01,-1.811428688535693943e-01,3.092928272868910589e-01,9.540431721678458432e-01,8.287564527389358338e-01,5.999999999999999778e-01,4.440000000000000058e-01,8.981762295022904796e-01,7.952001443750850163e-01,3.160000000000000031e-01,3.940000000000000169e-01,-2.000000000000000042e-02,-2.000000000000000111e-01
1.760441430186000000e+12,6.000000000000000000e+00,1.000000000000000000e+01,0.000000000000000000e+00,0.000000000000000000e+00,1.000000000000000000e+00,-1.817289269387387662e-01,3.089561147576246891e-01,-1.930057171482797984e-01,2.986221651594176962e-01,8.950588992620278628e-01,7.934185966011889635e-01,5.999999999999999778e-01,3.919999999999999596e-01,8.350759726155330132e-01,7.387416146000936878e-01,4.119999999999999774e-01,3.579999999999998739e-01,0.000000000000000000e+00,2.000000000000000111e-01
1.760441430390000000e+12,6.000000000000000000e+00,1.000000000000000000e+01,0.000000000000000000e+00,0.000000000000000000e+00,0.000000000000000000e+00,-1.930057171482797984e-01,2.986221651594176962e-01,-2.000598153359245679e-01,2.872832474816670589e-01,8.350759726155330132e-01,7.387416146000936878e-01,5.000000000000000000e-01,3.579999999999998739e-01,7.975541737450820845e-01,6.787473411728416339e-01,4.119999999999999774e-01,3.579999999999998739e-01,0.000000000000000000e+00,0.000000000000000000e+00
1.760441430593000000e+12,6.000000000000000000e+00,1.000000000000000000e+01,0.000000000000000000e+00,0.000000000000000000e+00,2.000000000000000000e+00,-2.003418433998628012e-01,2.868296582385452265e-01,-2.111619512876296567e-01,2.754885563970074225e-01,7.960540244688149025e-01,6.763473980875409630e-01,5.000000000000000000e-01,3.579999999999998739e-01,7.385002591083529300e-01,6.163415682381345739e-01,3.120000000000000551e-01,3.579999999999998739e-01,0.000000000000000000e+00,-2.000000000000000111e-01
1.760441430796000000e+12,6.000000000000000000e+00,1.000000000000000000e+01,0.000000000000000000e+00,1.000000000000000056e-01,0.000000000000000000e+00,-2.111619512876296567e-01,2.754885563970074225e-01,-2.262096830605674347e-01,2.642716339188647123e-01,7.385002591083529300e-01,6.163415682381345739e-01,3.999999999999999667e-01,3.579999999999998739e-01,6.584591326565562008e-01,5.569927720574853192e-01,3.120000000000000551e-01,3.719999999999999418e-01,2.000000000000000042e-02,0.000000000000000000e+00
1.760441430998000000e+12,6.000000000000000000e+00,1.000000000000000000e+01,0.000000000000000000e+00,1.000000000000000056e-01,0.000000000000000000e+00,-2.262096830605674347e-01,2.642716339188647123e-01,-2.412623944034997803e-01,2.559312720834544530e-01,6.584591326565562008e-01,5.569927720574853192e-01,3.999999999999999667e-01,3.719999999999999418e-01,5.783915191303202752e-01,5.128638734574310076e-01,3.120000000000000551e-01,4.220000000000000417e-01,2.000000000000000042e-02,0.000000000000000000e+00
1.760441431201000000e+12,6.000000000000000000e+00,1.000000000000000000e+01,0.000000000000000000e+00,0.000000000000000000e+00,1.000000000000000000e+00,-2.412623944034997803e-01,2.559312720834544530e-01,-2.528482250183124447e-01,2.515920670869035147e-01,5.783915191303202752e-01,5.128638734574310076e-01,5.000000000000000000e-01,4.220000000000000417e-01,5.167647605408911549e-01,4.899051168619233954e-01,4.080000000000000293e-01,4.699999999999999734e-01,0.000000000000000000e+00,2.000000000000000111e-01
0.000000000000000000e+00,0.000000000000000000e+00,0.000000000000000000e+00,0.000000000000000000e+00,0.000000000000000000e+00,0.000000000000000000e+00,0.000000000000000000e+00,0.000000000000000000e+00,0.000000000000000000e+00,0.000000000000000000e+00,0.000000000000000000e+00,0.000000000000000000e+00,0.000000000000000000e+00,0.000000000000000000e+00,0.000000000000000000e+00,0.000000000000000000e+00,0.000000000000000000e+00,0.000000000000000000e+00,0.000000000000000000e+00,0.000000000000000000e+00
1.760441436868000000e+12,7.000000000000000000e+00,1.000000000000000000e+01,3.000000000000000000e+00,0.000000000000000000e+00,1.000000000000000000e+00,-2.539642812894400414e-01,2.512107433132040879e-01,-3.346939451201473292e-01,1.601996096284413196e-01,5.108282910136167088e-01,4.878875307576936438e-01,5.000000000000000000e-01,4.699999999999999734e-01,8.141518553113112622e-02,6.347140891223901349e-03,5.200000000000000178e-01,4.699999999999999734e-01,0.000000000000000000e+00,2.000000000000000111e-01
1.760441437073000000e+12,7.000000000000000000e+00,1.000000000000000000e+01,3.000000000000000000e+00,1.000000000000000056e-01,2.000000000000000000e+00,-3.346939451201473292e-01,1.601996096284413196e-01,-3.365670937224358727e-01,1.593724047225495155e-01,8.141518553113112622e-02,6.347140891223901349e-03,5.999999999999999778e-01,4.699999999999999734e-01,7.145162913597928600e-02,1.970395357404831210e-03,4.239999999999999880e-01,5.220000000000000195e-01,2.000000000000000042e-02,-2.000000000000000111e-01
1.760441437277000000e+12,7.000000000000000000e+00,1.000000000000000000e+01,3.000000000000000000e+00,1.000000000000000056e-01,2.000000000000000000e+00,-3.365670937224358727e-01,1.593724047225495155e-01,-3.464358847411859177e-01,1.630279018964869708e-01,7.145162913597928600e-02,1.970395357404831210e-03,5.999999999999999778e-01,5.220000000000000195e-01,1.895805988730883337e-02,2.131165024596280017e-02,3.240000000000001212e-01,5.719999999999999529e-01,2.000000000000000042e-02,-2.000000000000000111e-01
1.760441437480000000e+12,7.000000000000000000e+00,1.000000000000000000e+01,3.000000000000000000e+00,1.000000000000000056e-01,2.000000000000000000e+00,-3.469966760013554752e-01,1.632571486244102088e-01,-3.495408482990789434e-01,1.710709538219103154e-01,1.597512765236437648e-02,2.252459589635030096e-02,5.999999999999999778e-01,5.719999999999999529e-01,2.442296281494864361e-03,6.386748053920801582e-02,5.000000000000000000e-01,6.240000000000001101e-01,2.000000000000000042e-02,-2.000000000000000111e-01
1.760441437683000000e+12,7.000000000000000000e+00,1.000000000000000000e+01,3.000000000000000000e+00,0.000000000000000000e+00,2.000000000000000000e+00,-3.495408482990789434e-01,1.710709538219103154e-01,-3.495624109326764817e-01,1.815712912443552263e-01,2.442296281494864361e-03,6.386748053920801582e-02,5.000000000000000000e-01,6.240000000000001101e-01,2.327601421933490206e-03,1.194248213987049029e-01,5.000000000000000000e-01,6.320000000000000062e-01,0.000000000000000000e+00,-2.000000000000000111e-01
1.760441437886000000e+12,7.000000000000000000e+00,1.000000000000000000e+01,3.000000000000000000e+00,0.000000000000000000e+00,2.000000000000000000e+00,-3.495624109326764817e-01,1.815712912443552263e-01,-3.495849449502412276e-01,1.921445522819669460e-01,2.327601421933490206e-03,1.194248213987049029e-01,5.000000000000000000e-01,6.320000000000000062e-01,2.207739626376331241e-03,1.753680014918886088e-01,5.000000000000000000e-01,6.320000000000000062e-01,0.000000000000000000e+00,-2.000000000000000111e-01
1.760441438089000000e+12,7.000000000000000000e+00,1.000000000000000000e+01,3.000000000000000000e+00,0.000000000000000000e+00,2.000000000000000000e+00,-3.495849449502412276e-01,1.921445522819669460e-01,-3.496095620762744161e-01,2.031418235905290137e-01,2.207739626376331241e-03,1.753680014918886088e-01,3.999999999999999667e-01,6.320000000000000062e-01,2.076797466625328673e-03,2.335546221721112037e-01,5.000000000000000000e-01,6.320000000000000062e-01,0.000000000000000000e+00,-2.000000000000000111e-01
1.760441438292000000e+12,7.000000000000000000e+00,1.000000000000000000e+01,3.000000000000000000e+00,-1.000000000000000056e-01,1.000000000000000000e+00,-3.496095620762744161e-01,2.031418235905290137e-01,-3.458601242709269386e-01,2.128687407844561952e-01,2.076797466625328673e-03,2.335546221721112037e-01,3.999999999999999667e-01,6.320000000000000062e-01,2.202061558017574458e-02,2.850197925103502561e-01,5.999999999999999778e-01,5.979999999999999760e-01,-2.000000000000000042e-02,2.000000000000000111e-01
1.760441438498000000e+12,7.000000000000000000e+00,1.000000000000000000e+01,3.000000000000000000e+00,-1.000000000000000056e-01,2.000000000000000000e+00,-3.458601242709269386e-01,2.128687407844561952e-01,-3.416567811438387392e-01,2.188402312042434794e-01,2.202061558017574458e-02,2.850197925103502561e-01,5.000000000000000000e-01,5.979999999999999760e-01,4.437882370298532053e-02,3.166149799166321777e-01,5.000000000000000000e-01,5.479999999999999316e-01,-2.000000000000000042e-02,-2.000000000000000111e-01
1.760441438702000000e+12,7.000000000000000000e+00,1.000000000000000000e+01,3.000000000000000000e+00,0.000000000000000000e+00,0.000000000000000000e+00,-3.416546071680169328e-01,2.189960730274483069e-01,-3.419973561597889899e-01,2.221227199186786294e-01,4.439038740416514223e-02,3.174395398277688463e-01,5.040000000000000036e-01,5.460000000000000409e-01,4.256725446920738704e-02,3.339826450723737405e-01,4.960000000000000520e-01,5.380000000000000338e-01,0.000000000000000000e+00,0.000000000000000000e+00
1.760441438904000000e+12,7.000000000000000000e+00,1.000000000000000000e+01,3.000000000000000000e+00,0.000000000000000000e+00,1.000000000000000000e+00,-3.419973561597889899e-01,2.221227199186786294e-01,-3.385755123985436099e-01,2.251791059731359235e-01,4.256725446920738704e-02,3.339826450723737405e-01,6.039999999999999813e-01,5.380000000000000338e-01,6.076855107157643626e-02,3.501539998578620527e-01,5.959999999999999742e-01,5.380000000000000338e-01,0.000000000000000000e+00,2.000000000000000111e-01
1.760441439108000000e+12,7.000000000000000000e+00,1.000000000000000000e+01,3.000000000000000000e+00,1.000000000000000056e-01,1.000000000000000000e+00,-3.385755123985436099e-01,2.251791059731359235e-01,-3.265308991299490371e-01,2.295455215479910993e-01,6.076855107157643626e-02,3.501539998578620527e-01,6.039999999999999813e-01,5.380000000000000338e-01,1.248356429258028893e-01,3.732567277671486883e-01,6.959999999999999520e-01,5.759999999999999565e-01,2.000000000000000042e-02,2.000000000000000111e-01
1.760441439312000000e+12,7.000000000000000000e+00,1.000000000000000000e+01,3.000000000000000000e+00,0.000000000000000000e+00,0.000000000000000000e+00,-3.265308991299490371e-01,2.295455215479910993e-01,-3.105564147392094743e-01,2.374655656139292581e-01,1.248356429258028893e-01,3.732567277671486883e-01,5.000000000000000000e-01,5.779999999999999583e-01,2.098063045786729142e-01,4.151617228250225611e-01,7.000000000000000666e-01,6.099999999999999867e-01,0.000000000000000000e+00,0.000000000000000000e+00
1.760441439516000000e+12,7.000000000000000000e+00,1.000000000000000000e+01,3.000000000000000000e+00,-1.000000000000000056e-01,0.000000000000000000e+00,-3.105564147392094743e-01,2.374655656139292581e-01,-2.945768854972520279e-01,2.462805122990952555e-01,2.098063045786729142e-01,4.151617228250225611e-01,5.999999999999999778e-01,6.099999999999999867e-01,2.948038005465317135e-01,4.618016523761654391e-01,7.000000000000000666e-01,6.079999999999999849e-01,-2.000000000000000042e-02,0.000000000000000000e+00
1.760441439720000000e+12,7.000000000000000000e+00,1.000000000000000000e+01,3.000000000000000000e+00,-1.000000000000000056e-01,0.000000000000000000e+00,-2.945768854972520279e-01,2.462805122990952555e-01,-2.779567944588277051e-01,2.532422619835834054e-01,2.948038005465317135e-01,4.618016523761654391e-01,5.000000000000000000e-01,6.079999999999999849e-01,3.832085401126185120e-01,4.986363067914466596e-01,7.000000000000000666e-01,5.560000000000000497e-01,-2.000000000000000042e-02,0.000000000000000000e+00
1.760441439924000000e+12,7.000000000000000000e+00,1.000000000000000000e+01,3.000000000000000000e+00,0.000000000000000000e+00,2.000000000000000000e+00,-2.779567944588277051e-01,2.532422619835834054e-01,-2.657506829924236591e-01,2.559420894348387043e-01,3.832085401126185120e-01,4.986363067914466596e-01,5.919999999999999707e-01,5.560000000000000497e-01,4.481346649339166266e-01,5.129211081208397971e-01,5.999999999999999778e-01,5.180000000000000160e-01,0.000000000000000000e+00,-2.000000000000000111e-01
1.760441440127000000e+12,7.000000000000000000e+00,1.000000000000000000e+01,3.000000000000000000e+00,0.000000000000000000e+00,0.000000000000000000e+00,-2.657506829924236591e-01,2.559420894348387043e-01,-2.574449912921726868e-01,2.574577411800708648e-01,4.481346649339166266e-01,5.129211081208397971e-01,5.959999999999999742e-01,5.180000000000000160e-01,4.923138761054643986e-01,5.209404295241845118e-01,5.999999999999999778e-01,5.180000000000000160e-01,0.000000000000000000e+00,0.000000000000000000e+00
1.760441440331000000e+12,7.000000000000000000e+00,1.000000000000000000e+01,3.000000000000000000e+00,0.000000000000000000e+00,2.000000000000000000e+00,-2.574449912921726868e-01,2.574577411800708648e-01,-2.532338496251642090e-01,2.589154319440598595e-01,4.923138761054643986e-01,5.209404295241845118e-01,6.959999999999999520e-01,5.180000000000000160e-01,5.147135658235946210e-01,5.286530790690998627e-01,5.000000000000000000e-01,5.180000000000000160e-01,0.000000000000000000e+00,-2.000000000000000111e-01
1.760441440535000000e+12,7.000000000000000000e+00,1.000000000000000000e+01,3.000000000000000000e+00,0.000000000000000000e+00,0.000000000000000000e+00,-2.532338496251642090e-01,2.589154319440598595e-01,-2.532466528752247426e-01,2.603734687901858580e-01,5.147135658235946210e-01,5.286530790690998627e-01,6.959999999999999520e-01,5.180000000000000160e-01,5.146454634296555586e-01,5.363675597364331304e-01,5.000000000000000000e-01,5.180000000000000160e-01,0.000000000000000000e+00,0.000000000000000000e+00
1.760441440738000000e+12,7.000000000000000000e+00,1.000000000000000000e+01,3.000000000000000000e+00,0.000000000000000000e+00,1.000000000000000000e+00,-2.532466528752247426e-01,2.603734687901858580e-01,-2.494968998983551067e-01,2.618898123393221256e-01,5.146454634296555586e-01,5.363675597364331304e-01,5.959999999999999742e-01,5.180000000000000160e-01,5.345909579874728035e-01,5.443905414778948959e-01,5.999999999999999778e-01,5.180000000000000160e-01,0.000000000000000000e+00,2.000000000000000111e-01
1.760441440941000000e+12,7.000000000000000000e+00,1.000000000000000000e+01,3.000000000000000000e+00,-1.000000000000000056e-01,2.000000000000000000e+00,-2.494968998983551067e-01,2.618898123393221256e-01,-2.452851705035086760e-01,2.629406178874862388e-01,5.345909579874728035e-01,5.443905414778948959e-01,6.959999999999999520e-01,5.180000000000000160e-01,5.569937739175070401e-01,5.499503591930489099e-01,5.000000000000000000e-01,4.940000000000000502e-01,-2.000000000000000042e-02,-2.000000000000000111e-01
1.760441441144000000e+12,7.000000000000000000e+00,1.000000000000000000e+01,3.000000000000000000e+00,-1.000000000000000056e-01,0.000000000000000000e+00,-2.452851705035086760e-01,2.629406178874862388e-01,-2.452971139891571561e-01,2.605923294372258225e-01,5.569937739175070401e-01,5.499503591930489099e-01,5.919999999999999707e-01,4.940000000000000502e-01,5.569302447385257038e-01,5.375255525779144561e-01,5.000000000000000000e-01,4.440000000000000058e-01,-2.000000000000000042e-02,0.000000000000000000e+00
1.760441441348000000e+12,7.000000000000000000e+00,1.000000000000000000e+01,3.000000000000000000e+00,0.000000000000000000e+00,0.000000000000000000e+00,-2.452977060737975834e-01,2.604154466527613954e-01,-2.453118907754161804e-01,2.540754407056277642e-01,5.569270953521404666e-01,5.365896648294253835e-01,6.919999999999999485e-01,4.420000000000000040e-01,5.568516448116159756e-01,5.030446598181363971e-01,5.000000000000000000e-01,4.080000000000000293e-01,0.000000000000000000e+00,0.000000000000000000e+00
1.760441441551000000e+12,7.000000000000000000e+00,1.000000000000000000e+01,3.000000000000000000e+00,1.000000000000000056e-01,0.000000000000000000e+00,-2.453118907754161804e-01,2.540754407056277642e-01,-2.453251826465041308e-01,2.467906041502574699e-01,5.568516448116159756e-01,5.030446598181363971e-01,5.919999999999999707e-01,4.080000000000000293e-01,5.567809433696588872e-01,4.645005510595633935e-01,5.000000000000000000e-01,4.180000000000000382e-01,2.000000000000000042e-02,0.000000000000000000e+00
0.000000000000000000e+00,0.000000000000000000e+00,0.000000000000000000e+00,0.000000000000000000e+00,0.000000000000000000e+00,0.000000000000000000e+00,0.000000000000000000e+00,0.000000000000000000e+00,0.000000000000000000e+00,0.000000000000000000e+00,0.000000000000000000e+00,0.000000000000000000e+00,0.000000000000000000e+00,0.000000000000000000e+00,0.000000000000000000e+00,0.000000000000000000e+00,0.000000000000000000e+00,0.000000000000000000e+00,0.000000000000000000e+00,0.000000000000000000e+00
1.760441447281000000e+12,8.000000000000000000e+00,1.000000000000000000e+01,1.000000000000000000e+00,-1.000000000000000056e-01,2.000000000000000000e+00,-2.453272719784662659e-01,2.457772034170179476e-01,-3.363296396102720687e-01,3.157948662650185145e-01,5.567698299017751484e-01,4.591386424180844417e-01,5.000000000000000000e-01,4.260000000000000453e-01,7.271468292408463097e-02,8.296024670106800780e-01,4.040000000000000258e-01,4.260000000000000453e-01,-2.000000000000000042e-02,-2.000000000000000111e-01
1.760441447484000000e+12,8.000000000000000000e+00,1.000000000000000000e+01,1.000000000000000000e+00,-1.000000000000000056e-01,0.000000000000000000e+00,-3.363296396102720687e-01,3.157948662650185145e-01,-3.443684467924282289e-01,3.078636993755675677e-01,7.271468292408463097e-02,8.296024670106800780e-01,5.999999999999999778e-01,4.240000000000000435e-01,2.995507025304122370e-02,7.876386210347491312e-01,4.000000000000000777e-01,3.739999999999999436e-01,-2.000000000000000042e-02,0.000000000000000000e+00
1.760441447687000000e+12,8.000000000000000000e+00,1.000000000000000000e+01,1.000000000000000000e+00,0.000000000000000000e+00,1.000000000000000000e+00,-3.443684467924282289e-01,3.078636993755675677e-01,-3.486341259698655382e-01,2.959296473718741050e-01,2.995507025304122370e-02,7.876386210347491312e-01,5.999999999999999778e-01,3.739999999999999436e-01,7.265287394332126461e-03,7.244954887400747445e-01,5.000000000000000000e-01,3.259999999999999565e-01,0.000000000000000000e+00,2.000000000000000111e-01
1.760441447890000000e+12,8.000000000000000000e+00,1.000000000000000000e+01,1.000000000000000000e+00,0.000000000000000000e+00,0.000000000000000000e+00,-3.486388099331975132e-01,2.953740286553673822e-01,-3.483578477686155028e-01,2.814821149303866066e-01,7.240372695757790918e-03,7.215557071712560555e-01,5.999999999999999778e-01,3.259999999999999565e-01,8.734852294598272407e-03,6.480535181501937414e-01,5.040000000000000036e-01,3.259999999999999565e-01,0.000000000000000000e+00,0.000000000000000000e+00
1.760441448093000000e+12,8.000000000000000000e+00,1.000000000000000000e+01,1.000000000000000000e+00,1.000000000000000056e-01,1.000000000000000000e+00,-3.483578477686155028e-01,2.814821149303866066e-01,-3.443055292317148686e-01,2.682374831466949883e-01,8.734852294598272407e-03,6.480535181501937414e-01,5.000000000000000000e-01,3.259999999999999565e-01,3.028973812917611780e-02,5.779761013052645557e-01,6.039999999999999813e-01,3.559999999999999276e-01,2.000000000000000042e-02,2.000000000000000111e-01
1.760441448297000000e+12,8.000000000000000000e+00,1.000000000000000000e+01,1.000000000000000000e+00,1.000000000000000056e-01,0.000000000000000000e+00,-3.443055292317148686e-01,2.682374831466949883e-01,-3.360184462165543007e-01,2.586227987677929829e-01,3.028973812917611780e-02,5.779761013052645557e-01,5.000000000000000000e-01,3.559999999999999276e-01,7.436996693322170393e-02,5.271047553851481160e-01,6.039999999999999813e-01,4.060000000000000275e-01,2.000000000000000042e-02,0.000000000000000000e+00
1.760441448499000000e+12,8.000000000000000000e+00,1.000000000000000000e+01,1.000000000000000000e+00,1.000000000000000056e-01,0.000000000000000000e+00,-3.356867880991566966e-01,2.583220381720431891e-01,-3.273946609655736251e-01,2.528687496613577501e-01,7.613410585554937493e-02,5.255134294817100926e-01,3.999999999999999667e-01,4.060000000000000275e-01,1.202411650767359341e-01,4.966600511182950317e-01,6.039999999999999813e-01,4.579999999999999627e-01,2.000000000000000042e-02,0.000000000000000000e+00
1.760441448702000000e+12,8.000000000000000000e+00,1.000000000000000000e+01,1.000000000000000000e+00,0.000000000000000000e+00,1.000000000000000000e+00,-3.273946609655736251e-01,2.528687496613577501e-01,-3.153228768397582371e-01,2.514096407945057843e-01,1.202411650767359341e-01,4.966600511182950317e-01,3.999999999999999667e-01,4.579999999999999627e-01,1.844527827672433340e-01,4.889398983836285573e-01,7.039999999999999591e-01,5.040000000000000036e-01,0.000000000000000000e+00,2.000000000000000111e-01
1.760441448907000000e+12,8.000000000000000000e+00,1.000000000000000000e+01,1.000000000000000000e+00,0.000000000000000000e+00,0.000000000000000000e+00,-3.153228768397582371e-01,2.514096407945057843e-01,-2.980603435997274397e-01,2.517598057633143038e-01,1.844527827672433340e-01,4.889398983836285573e-01,5.000000000000000000e-01,5.040000000000000036e-01,2.762747680865560995e-01,4.907926230863191019e-01,7.079999999999999627e-01,5.040000000000000036e-01,0.000000000000000000e+00,0.000000000000000000e+00
1.760441449111000000e+12,8.000000000000000000e+00,1.000000000000000000e+01,1.000000000000000000e+00,-1.000000000000000056e-01,0.000000000000000000e+00,-2.980603435997274397e-01,2.517598057633143038e-01,-2.814405575939564752e-01,2.509078869653773025e-01,2.762747680865560995e-01,4.907926230863191019e-01,5.040000000000000036e-01,5.040000000000000036e-01,3.646778851385293341e-01,4.862851162189275600e-01,7.079999999999999627e-01,4.640000000000000235e-01,-2.000000000000000042e-02,0.000000000000000000e+00
1.760441449314000000e+12,8.000000000000000000e+00,1.000000000000000000e+01,1.000000000000000000e+00,0.000000000000000000e+00,2.000000000000000000e+00,-2.814405575939564752e-01,2.509078869653773025e-01,-2.685892949501358373e-01,2.468121353782887217e-01,3.646778851385293341e-01,4.862851162189275600e-01,6.039999999999999813e-01,4.640000000000000235e-01,4.330356651588518901e-01,4.646144729009985541e-01,6.079999999999999849e-01,4.440000000000000058e-01,0.000000000000000000e+00,-2.000000000000000111e-01
1.760441449518000000e+12,8.000000000000000000e+00,1.000000000000000000e+01,1.000000000000000000e+00,1.000000000000000056e-01,2.000000000000000000e+00,-2.682427571608524963e-01,2.466335978331735956e-01,-2.637002090955661293e-01,2.422580779567899412e-01,4.348789512720611095e-01,4.636698298051513678e-01,6.039999999999999813e-01,4.440000000000000058e-01,4.590414409810311680e-01,4.405189309883066340e-01,5.040000000000000036e-01,4.560000000000000164e-01,2.000000000000000042e-02,-2.000000000000000111e-01
1.760441449722000000e+12,8.000000000000000000e+00,1.000000000000000000e+01,1.000000000000000000e+00,0.000000000000000000e+00,0.000000000000000000e+00,-2.637002090955661293e-01,2.422580779567899412e-01,-2.633924808982814336e-01,2.406021935603480932e-01,4.590414409810311680e-01,4.405189309883066340e-01,5.000000000000000000e-01,4.560000000000000164e-01,4.606782930942476262e-01,4.317576378854396935e-01,5.040000000000000036e-01,4.979999999999999982e-01,0.000000000000000000e+00,0.000000000000000000e+00
1.760441449925000000e+12,8.000000000000000000e+00,1.000000000000000000e+01,1.000000000000000000e+00,0.000000000000000000e+00,0.000000000000000000e+00,-2.633924808982814336e-01,2.406021935603480932e-01,-2.630878807667403341e-01,2.404582014991775152e-01,4.606782930942476262e-01,4.317576378854396935e-01,5.999999999999999778e-01,4.979999999999999982e-01,4.622985065598917975e-01,4.309957751279234195e-01,5.040000000000000036e-01,4.979999999999999982e-01,0.000000000000000000e+00,0.000000000000000000e+00
1.760441450128000000e+12,8.000000000000000000e+00,1.000000000000000000e+01,1.000000000000000000e+00,0.000000000000000000e+00,0.000000000000000000e+00,-2.630756953507298879e-01,2.404524411607737444e-01,-2.627710258053378434e-01,2.403084162581172190e-01,4.623633226025005705e-01,4.309652971469510874e-01,5.000000000000000000e-01,4.979999999999999982e-01,4.639839052907561157e-01,4.302032606249588942e-01,5.040000000000000036e-01,4.979999999999999982e-01,0.000000000000000000e+00,0.000000000000000000e+00
1.760441450332000000e+12,8.000000000000000000e+00,1.000000000000000000e+01,1.000000000000000000e+00,0.000000000000000000e+00,0.000000000000000000e+00,-2.627710258053378434e-01,2.403084162581172190e-01,-2.624662669297327944e-01,2.401643446394040315e-01,4.639839052907561157e-01,4.302032606249588942e-01,5.919999999999999707e-01,4.979999999999999982e-01,4.656049631397191080e-01,4.294409769280637112e-01,5.040000000000000036e-01,4.979999999999999982e-01,0.000000000000000000e+00,0.000000000000000000e+00
1.760441450536000000e+12,8.000000000000000000e+00,1.000000000000000000e+01,1.000000000000000000e+00,0.000000000000000000e+00,0.000000000000000000e+00,-2.624662669297327944e-01,2.401643446394040315e-01,-2.621492573857677755e-01,2.400144835604463844e-01,4.656049631397191080e-01,4.294409769280637112e-01,5.959999999999999742e-01,4.979999999999999982e-01,4.672911841182564863e-01,4.286480611663830431e-01,5.040000000000000036e-01,4.979999999999999982e-01,0.000000000000000000e+00,0.000000000000000000e+00
1.760441450739000000e+12,8.000000000000000000e+00,1.000000000000000000e+01,1.000000000000000000e+00,1.000000000000000056e-01,0.000000000000000000e+00,-2.621492573857677755e-01,2.400144835604463844e-01,-2.618443731251327566e-01,2.410567923642134569e-01,4.672911841182564863e-01,4.286480611663830431e-01,6.959999999999999520e-01,4.979999999999999982e-01,4.689129089088682756e-01,4.341629225619760279e-01,5.040000000000000036e-01,5.379999999999999227e-01,2.000000000000000042e-02,0.000000000000000000e+00
1.760441450943000000e+12,8.000000000000000000e+00,1.000000000000000000e+01,1.000000000000000000e+00,0.000000000000000000e+00,1.000000000000000000e+00,-2.618443731251327566e-01,2.410567923642134569e-01,-2.577696444596211389e-01,2.459911794191851908e-01,4.689129089088682756e-01,4.341629225619760279e-01,6.959999999999999520e-01,5.379999999999999227e-01,4.905869975552066831e-01,4.602707905776994846e-01,6.039999999999999813e-01,5.839999999999999636e-01,0.000000000000000000e+00,2.000000000000000111e-01
1.760441451146000000e+12,8.000000000000000000e+00,1.000000000000000000e+01,1.000000000000000000e+00,0.000000000000000000e+00,2.000000000000000000e+00,-2.574406269742261499e-01,2.462606125184617079e-01,-2.525926920437931988e-01,2.529971613288886090e-01,4.923370905626268113e-01,4.616963625315435027e-01,5.959999999999999742e-01,5.839999999999999636e-01,5.181239784904616563e-01,4.973394779306276048e-01,5.080000000000000071e-01,5.839999999999999636e-01,0.000000000000000000e+00,-2.000000000000000111e-01
0.000000000000000000e+00,0.000000000000000000e+00,0.000000000000000000e+00,0.000000000000000000e+00,0.000000000000000000e+00,0.000000000000000000e+00,0.000000000000000000e+00,0.000000000000000000e+00,0.000000000000000000e+00,0.000000000000000000e+00,0.000000000000000000e+00,0.000000000000000000e+00,0.000000000000000000e+00,0.000000000000000000e+00,0.000000000000000000e+00,0.000000000000000000e+00,0.000000000000000000e+00,0.000000000000000000e+00,0.000000000000000000e+00,0.000000000000000000e+00
1.760441724830000000e+12,1.000000000000000000e+00,1.200000000000000000e+01,1.000000000000000000e+00,-1.000000000000000056e-01,1.000000000000000000e+00,-3.516074638854167489e-01,1.713008072548258265e-01,-3.287953370383883134e-01,3.205711762190211478e-01,-8.550339816046656147e-03,6.508363626891970621e-02,5.000000000000000000e-01,4.899999999999999911e-01,1.127907604341046172e-01,8.548739482487892616e-01,5.999999999999999778e-01,4.779999999999999805e-01,-2.000000000000000042e-02,2.000000000000000111e-01
1.760441725038000000e+12,1.000000000000000000e+00,1.200000000000000000e+01,1.000000000000000000e+00,-1.000000000000000056e-01,0.000000000000000000e+00,-3.284801499994153273e-01,3.205037409177529661e-01,-3.202017036797439875e-01,3.167327396864262901e-01,1.144672872371524097e-01,8.545171477129787085e-01,5.999999999999999778e-01,4.760000000000000342e-01,1.585015761715744265e-01,8.345647602456418568e-01,6.039999999999999813e-01,4.260000000000000453e-01,-2.000000000000000042e-02,0.000000000000000000e+00
1.760441725241000000e+12,1.000000000000000000e+00,1.200000000000000000e+01,1.000000000000000000e+00,-1.000000000000000056e-01,0.000000000000000000e+00,-3.202017036797439875e-01,3.167327396864262901e-01,-3.119155058738493635e-01,3.089606114914711377e-01,1.585015761715744265e-01,8.345647602456418568e-01,5.999999999999999778e-01,4.260000000000000453e-01,2.025770964156947962e-01,7.934423888437627248e-01,6.039999999999999813e-01,3.759999999999999454e-01,-2.000000000000000042e-02,0.000000000000000000e+00
1.760441725445000000e+12,1.000000000000000000e+00,1.200000000000000000e+01,1.000000000000000000e+00,0.000000000000000000e+00,0.000000000000000000e+00,-3.119155058738493635e-01,3.089606114914711377e-01,-3.032928816092010926e-01,2.975849093091733066e-01,2.025770964156947962e-01,7.934423888437627248e-01,5.999999999999999778e-01,3.759999999999999454e-01,2.484421190999941131e-01,7.332534884083244942e-01,6.039999999999999813e-01,3.599999999999998757e-01,0.000000000000000000e+00,0.000000000000000000e+00
1.760441725649000000e+12,1.000000000000000000e+00,1.200000000000000000e+01,1.000000000000000000e+00,0.000000000000000000e+00,0.000000000000000000e+00,-3.032928816092010926e-01,2.975849093091733066e-01,-2.949984506163415010e-01,2.864095442615135489e-01,2.484421190999941131e-01,7.332534884083244942e-01,5.000000000000000000e-01,3.599999999999998757e-01,2.925614328918004770e-01,6.741245728122410297e-01,6.039999999999999813e-01,3.599999999999998757e-01,0.000000000000000000e+00,0.000000000000000000e+00
1.760441725852000000e+12,1.000000000000000000e+00,1.200000000000000000e+01,1.000000000000000000e+00,0.000000000000000000e+00,0.000000000000000000e+00,-2.949984506163415010e-01,2.864095442615135489e-01,-2.867010005161840236e-01,2.752319434593598069e-01,2.925614328918004770e-01,6.741245728122410297e-01,5.000000000000000000e-01,3.599999999999998757e-01,3.366968057649785129e-01,6.149838278273006553e-01,6.039999999999999813e-01,3.599999999999998757e-01,0.000000000000000000e+00,0.000000000000000000e+00
1.760441726055000000e+12,1.000000000000000000e+00,1.200000000000000000e+01,1.000000000000000000e+00,1.000000000000000056e-01,0.000000000000000000e+00,-2.863690439282639000e-01,2.747847971324155480e-01,-2.780687901504279580e-01,2.637731637819518693e-01,3.384625322964685545e-01,6.126179742455849508e-01,3.999999999999999667e-01,3.599999999999998757e-01,3.826128183487874090e-01,5.543553639256713073e-01,6.039999999999999813e-01,3.759999999999999454e-01,2.000000000000000042e-02,0.000000000000000000e+00
1.760441726258000000e+12,1.000000000000000000e+00,1.200000000000000000e+01,1.000000000000000000e+00,1.000000000000000056e-01,0.000000000000000000e+00,-2.780687901504279580e-01,2.637731637819518693e-01,-2.697669328082529239e-01,2.557541700812515639e-01,3.826128183487874090e-01,5.543553639256713073e-01,3.999999999999999667e-01,3.759999999999999454e-01,4.267716339986545870e-01,5.119268258267278826e-01,6.039999999999999813e-01,4.260000000000000453e-01,2.000000000000000042e-02,0.000000000000000000e+00
1.760441726461000000e+12,1.000000000000000000e+00,1.200000000000000000e+01,1.000000000000000000e+00,0.000000000000000000e+00,0.000000000000000000e+00,-2.697669328082529239e-01,2.557541700812515639e-01,-2.614636844046475672e-01,2.502875037872683839e-01,4.267716339986545870e-01,5.119268258267278826e-01,5.000000000000000000e-01,4.260000000000000453e-01,4.709378489114490751e-01,4.830026655411026049e-01,6.039999999999999813e-01,4.319999999999999951e-01,0.000000000000000000e+00,0.000000000000000000e+00
1.760441726666000000e+12,1.000000000000000000e+00,1.200000000000000000e+01,1.000000000000000000e+00,0.000000000000000000e+00,2.000000000000000000e+00,-2.611315221573624612e-01,2.500705796148101623e-01,-2.565978938202445048e-01,2.446472976862419935e-01,4.727046693757315232e-01,4.818549185968792337e-01,5.040000000000000036e-01,4.319999999999999951e-01,4.968197137221036508e-01,4.531603052182116564e-01,5.040000000000000036e-01,4.319999999999999951e-01,0.000000000000000000e+00,-2.000000000000000111e-01
0.000000000000000000e+00,0.000000000000000000e+00,0.000000000000000000e+00,0.000000000000000000e+00,0.000000000000000000e+00,0.000000000000000000e+00,0.000000000000000000e+00,0.000000000000000000e+00,0.000000000000000000e+00,0.000000000000000000e+00,0.000000000000000000e+00,0.000000000000000000e+00,0.000000000000000000e+00,0.000000000000000000e+00,0.000000000000000000e+00,0.000000000000000000e+00,0.000000000000000000e+00,0.000000000000000000e+00,0.000000000000000000e+00,0.000000000000000000e+00
1.760441732385000000e+12,2.000000000000000000e+00,1.200000000000000000e+01,2.000000000000000000e+00,1.000000000000000056e-01,0.000000000000000000e+00,-2.565900499507715038e-01,2.439964723123234924e-01,-1.718394002999175385e-01,1.590694118819312719e-01,4.968614364320664278e-01,4.497167847212883429e-01,5.000000000000000000e-01,4.319999999999999951e-01,9.476627643621408081e-01,3.672586345569813144e-04,4.919999999999999929e-01,5.100000000000000089e-01,2.000000000000000042e-02,0.000000000000000000e+00
1.760441732589000000e+12,2.000000000000000000e+00,1.200000000000000000e+01,2.000000000000000000e+00,1.000000000000000056e-01,0.000000000000000000e+00,-1.718394002999175385e-01,1.590694118819312719e-01,-1.724809928541045645e-01,1.617586820520530988e-01,9.476627643621408081e-01,3.672586345569813144e-04,5.999999999999999778e-01,5.100000000000000089e-01,9.442500380100821156e-01,1.459620133361426778e-02,4.919999999999999929e-01,5.599999999999999423e-01,2.000000000000000042e-02,0.000000000000000000e+00
1.760441732792000000e+12,2.000000000000000000e+00,1.200000000000000000e+01,2.000000000000000000e+00,1.000000000000000056e-01,0.000000000000000000e+00,-1.724809928541045645e-01,1.617586820520530988e-01,-1.731222191151342016e-01,1.684504299701001517e-01,9.442500380100821156e-01,1.459620133361426778e-02,5.999999999999999778e-01,5.599999999999999423e-01,9.408392600258819183e-01,5.000227497407486871e-02,4.919999999999999929e-01,6.099999999999999867e-01,2.000000000000000042e-02,0.000000000000000000e+00
1.760441732994000000e+12,2.000000000000000000e+00,1.200000000000000000e+01,2.000000000000000000e+00,0.000000000000000000e+00,2.000000000000000000e+00,-1.731222191151342016e-01,1.684504299701001517e-01,-1.775620277726958074e-01,1.785887488035294013e-01,9.408392600258819183e-01,5.000227497407486871e-02,5.999999999999999778e-01,6.099999999999999867e-01,9.172232565282137928e-01,1.036441735636476208e-01,3.960000000000000187e-01,6.240000000000001101e-01,0.000000000000000000e+00,-2.000000000000000111e-01
1.760441733198000000e+12,2.000000000000000000e+00,1.200000000000000000e+01,2.000000000000000000e+00,0.000000000000000000e+00,2.000000000000000000e+00,-1.775620277726958074e-01,1.785887488035294013e-01,-1.899750139083927758e-01,1.885189240450075299e-01,9.172232565282137928e-01,1.036441735636476208e-01,5.000000000000000000e-01,6.240000000000001101e-01,8.511967345298256937e-01,1.561847833069181513e-01,2.919999999999999818e-01,6.240000000000001101e-01,0.000000000000000000e+00,-2.000000000000000111e-01
1.760441733401000000e+12,2.000000000000000000e+00,1.200000000000000000e+01,2.000000000000000000e+00,0.000000000000000000e+00,2.000000000000000000e+00,-1.899750139083927758e-01,1.885189240450075299e-01,-2.103905573987918665e-01,1.984483154516245851e-01,8.511967345298256937e-01,1.561847833069181513e-01,5.000000000000000000e-01,6.240000000000001101e-01,7.426034180915326299e-01,2.087212457757914585e-01,1.919999999999997264e-01,6.240000000000001101e-01,0.000000000000000000e+00,-2.000000000000000111e-01
1.760441733604000000e+12,2.000000000000000000e+00,1.200000000000000000e+01,2.000000000000000000e+00,0.000000000000000000e+00,1.000000000000000000e+00,-2.113732514242595006e-01,1.988454638466016500e-01,-2.325733758612423818e-01,2.087758476962796039e-01,7.373763222113856042e-01,2.108225600349293849e-01,3.999999999999999667e-01,6.240000000000001101e-01,6.246097028657320305e-01,2.633642735252889611e-01,2.879999999999999782e-01,6.240000000000001101e-01,0.000000000000000000e+00,2.000000000000000111e-01
1.760441733807000000e+12,2.000000000000000000e+00,1.200000000000000000e+01,2.000000000000000000e+00,0.000000000000000000e+00,1.000000000000000000e+00,-2.325733758612423818e-01,2.087758476962796039e-01,-2.457734259308249070e-01,2.187089093735765100e-01,6.246097028657320305e-01,2.633642735252889611e-01,3.999999999999999667e-01,6.240000000000001101e-01,5.543966705807185091e-01,3.159201554157487490e-01,3.880000000000000115e-01,6.240000000000001101e-01,0.000000000000000000e+00,2.000000000000000111e-01
1.760441734011000000e+12,2.000000000000000000e+00,1.200000000000000000e+01,2.000000000000000000e+00,-1.000000000000000056e-01,0.000000000000000000e+00,-2.457734259308249070e-01,2.187089093735765100e-01,-2.547481586319739755e-01,2.276864480830194382e-01,5.543966705807185091e-01,3.159201554157487490e-01,5.000000000000000000e-01,6.240000000000001101e-01,5.066587306809894331e-01,3.634203602276160905e-01,3.880000000000000115e-01,5.879999999999999671e-01,-2.000000000000000042e-02,0.000000000000000000e+00
1.760441734213000000e+12,2.000000000000000000e+00,1.200000000000000000e+01,2.000000000000000000e+00,-1.000000000000000056e-01,1.000000000000000000e+00,-2.547481586319739755e-01,2.276864480830194382e-01,-2.603096319838625883e-01,2.329812112447487427e-01,5.066587306809894331e-01,3.634203602276160905e-01,5.040000000000000036e-01,5.879999999999999671e-01,4.770764256177521534e-01,3.914349801309457977e-01,4.879999999999999893e-01,5.360000000000000320e-01,-2.000000000000000042e-02,2.000000000000000111e-01
1.760441734416000000e+12,2.000000000000000000e+00,1.200000000000000000e+01,2.000000000000000000e+00,0.000000000000000000e+00,0.000000000000000000e+00,-2.603096319838625883e-01,2.329812112447487427e-01,-2.612874519996774558e-01,2.347405625661900253e-01,4.770764256177521534e-01,3.914349801309457977e-01,6.039999999999999813e-01,5.360000000000000320e-01,4.718752553208645506e-01,4.007437172814287685e-01,4.879999999999999893e-01,5.180000000000000160e-01,0.000000000000000000e+00,0.000000000000000000e+00
1.760441734619000000e+12,2.000000000000000000e+00,1.200000000000000000e+01,2.000000000000000000e+00,0.000000000000000000e+00,1.000000000000000000e+00,-2.612874519996774558e-01,2.347405625661900253e-01,-2.584877919786150446e-01,2.361959267738877877e-01,4.718752553208645506e-01,4.007437172814287685e-01,6.039999999999999813e-01,5.180000000000000160e-01,4.867670639435369706e-01,4.084440570046973251e-01,5.879999999999999671e-01,5.180000000000000160e-01,0.000000000000000000e+00,2.000000000000000111e-01
1.760441734822000000e+12,2.000000000000000000e+00,1.200000000000000000e+01,2.000000000000000000e+00,0.000000000000000000e+00,2.000000000000000000e+00,-2.582099724101674099e-01,2.362541288107007087e-01,-2.546402330951371140e-01,2.377094758597824709e-01,4.882448276054924263e-01,4.087520042894217664e-01,5.000000000000000000e-01,5.180000000000000160e-01,5.072328026854407979e-01,4.164522532263623122e-01,4.919999999999999929e-01,5.180000000000000160e-01,0.000000000000000000e+00,-2.000000000000000111e-01
0.000000000000000000e+00,0.000000000000000000e+00,0.000000000000000000e+00,0.000000000000000000e+00,0.000000000000000000e+00,0.000000000000000000e+00,0.000000000000000000e+00,0.000000000000000000e+00,0.000000000000000000e+00,0.000000000000000000e+00,0.000000000000000000e+00,0.000000000000000000e+00,0.000000000000000000e+00,0.000000000000000000e+00,0.000000000000000000e+00,0.000000000000000000e+00,0.000000000000000000e+00,0.000000000000000000e+00,0.000000000000000000e+00,0.000000000000000000e+00
1.760441740546000000e+12,3.000000000000000000e+00,1.200000000000000000e+01,0.000000000000000000e+00,0.000000000000000000e+00,0.000000000000000000e+00,-2.547475355872722003e-01,2.378841449388709173e-01,-1.747049608484470273e-01,3.226213765848525705e-01,5.066620447485520318e-01,4.173764282479943133e-01,5.000000000000000000e-01,5.180000000000000160e-01,9.324204210188987707e-01,8.657215692320242573e-01,4.799999999999999822e-01,5.180000000000000160e-01,0.000000000000000000e+00,0.000000000000000000e+00
1.760441740749000000e+12,3.000000000000000000e+00,1.200000000000000000e+01,0.000000000000000000e+00,-1.000000000000000056e-01,2.000000000000000000e+00,-1.747049608484470273e-01,3.226213765848525705e-01,-1.800870131833101351e-01,3.239611096265029855e-01,9.324204210188987707e-01,8.657215692320242573e-01,5.999999999999999778e-01,5.180000000000000160e-01,9.037924830674992638e-01,8.728101038439312065e-01,3.800000000000000600e-01,5.040000000000000036e-01,-2.000000000000000042e-02,-2.000000000000000111e-01
1.760441740952000000e+12,3.000000000000000000e+00,1.200000000000000000e+01,0.000000000000000000e+00,-1.000000000000000056e-01,1.000000000000000000e+00,-1.800870131833101351e-01,3.239611096265029855e-01,-1.859305827171279235e-01,3.224250971650015618e-01,9.037924830674992638e-01,8.728101038439312065e-01,5.999999999999999778e-01,5.040000000000000036e-01,8.727096663982557567e-01,8.646830537830771934e-01,4.799999999999999822e-01,4.540000000000000147e-01,-2.000000000000000042e-02,2.000000000000000111e-01
1.760441741156000000e+12,3.000000000000000000e+00,1.200000000000000000e+01,0.000000000000000000e+00,-1.000000000000000056e-01,2.000000000000000000e+00,-1.859983740235220395e-01,3.222805577888415152e-01,-1.910686510426150009e-01,3.165815378254750456e-01,8.723490743429679339e-01,8.639182951790557174e-01,5.999999999999999778e-01,4.520000000000000129e-01,8.453795157307713026e-01,8.337647503993389497e-01,3.840000000000000080e-01,4.019999999999999685e-01,-2.000000000000000042e-02,-2.000000000000000111e-01
1.760441741359000000e+12,3.000000000000000000e+00,1.200000000000000000e+01,0.000000000000000000e+00,0.000000000000000000e+00,1.000000000000000000e+00,-1.910686510426150009e-01,3.165815378254750456e-01,-1.965942405985374175e-01,3.078379913297072945e-01,8.453795157307713026e-01,8.337647503993389497e-01,5.000000000000000000e-01,4.019999999999999685e-01,8.159880819226733584e-01,7.875025996280810014e-01,4.839999999999999858e-01,3.880000000000000115e-01,0.000000000000000000e+00,2.000000000000000111e-01
1.760441741562000000e+12,3.000000000000000000e+00,1.200000000000000000e+01,0.000000000000000000e+00,0.000000000000000000e+00,2.000000000000000000e+00,-1.965942405985374175e-01,3.078379913297072945e-01,-2.013949863704777576e-01,2.985435051038249354e-01,8.159880819226733584e-01,7.875025996280810014e-01,5.000000000000000000e-01,3.880000000000000115e-01,7.904522001570332135e-01,7.383254238297616290e-01,3.920000000000000151e-01,3.880000000000000115e-01,0.000000000000000000e+00,-2.000000000000000111e-01
1.760441741765000000e+12,3.000000000000000000e+00,1.200000000000000000e+01,0.000000000000000000e+00,0.000000000000000000e+00,0.000000000000000000e+00,-2.013949863704777576e-01,2.985435051038249354e-01,-2.103645475782942587e-01,2.896047811093548363e-01,7.904522001570332135e-01,7.383254238297616290e-01,3.999999999999999667e-01,3.880000000000000115e-01,7.427417682005624799e-01,6.910305878801844548e-01,3.880000000000000115e-01,3.880000000000000115e-01,0.000000000000000000e+00,0.000000000000000000e+00
1.760441741968000000e+12,3.000000000000000000e+00,1.200000000000000000e+01,0.000000000000000000e+00,1.000000000000000056e-01,0.000000000000000000e+00,-2.103645475782942587e-01,2.896047811093548363e-01,-2.193375205581147847e-01,2.810040748183628700e-01,7.427417682005624799e-01,6.910305878801844548e-01,3.999999999999999667e-01,3.880000000000000115e-01,6.950131885206660698e-01,6.455242053881634634e-01,3.880000000000000115e-01,4.100000000000000866e-01,2.000000000000000042e-02,0.000000000000000000e+00
1.760441742172000000e+12,3.000000000000000000e+00,1.200000000000000000e+01,0.000000000000000000e+00,1.000000000000000056e-01,0.000000000000000000e+00,-2.193375205581147847e-01,2.810040748183628700e-01,-2.286705447310865280e-01,2.755776795199738061e-01,6.950131885206660698e-01,6.455242053881634634e-01,5.000000000000000000e-01,4.100000000000000866e-01,6.453694429197525118e-01,6.168131191533006152e-01,3.880000000000000115e-01,4.619999999999999662e-01,2.000000000000000042e-02,0.000000000000000000e+00
1.760441742377000000e+12,3.000000000000000000e+00,1.200000000000000000e+01,0.000000000000000000e+00,0.000000000000000000e+00,1.000000000000000000e+00,-2.286705447310865280e-01,2.755776795199738061e-01,-2.338775876682319677e-01,2.732522205191174058e-01,6.453694429197525118e-01,6.168131191533006152e-01,5.040000000000000036e-01,4.619999999999999662e-01,6.176724060200426969e-01,6.045091032757535787e-01,4.879999999999999893e-01,4.719999999999999751e-01,0.000000000000000000e+00,2.000000000000000111e-01
1.760441742578000000e+12,3.000000000000000000e+00,1.200000000000000000e+01,0.000000000000000000e+00,-1.000000000000000056e-01,0.000000000000000000e+00,-2.338775876682319677e-01,2.732522205191174058e-01,-2.348558689664285160e-01,2.707571639745293690e-01,6.176724060200426969e-01,6.045091032757535787e-01,6.039999999999999813e-01,4.719999999999999751e-01,6.124687820934653359e-01,5.913077458969808742e-01,4.879999999999999893e-01,4.520000000000000129e-01,-2.000000000000000042e-02,0.000000000000000000e+00
1.760441742782000000e+12,3.000000000000000000e+00,1.200000000000000000e+01,0.000000000000000000e+00,0.000000000000000000e+00,0.000000000000000000e+00,-2.348948639984780318e-01,2.706059303181759246e-01,-2.358692278501565709e-01,2.647399876371279714e-01,6.122613617102231620e-01,5.905075678210367496e-01,6.039999999999999813e-01,4.520000000000000129e-01,6.070785752651245426e-01,5.594708340588782081e-01,4.879999999999999893e-01,4.019999999999999685e-01,0.000000000000000000e+00,0.000000000000000000e+00
1.760441742986000000e+12,3.000000000000000000e+00,1.200000000000000000e+01,0.000000000000000000e+00,0.000000000000000000e+00,0.000000000000000000e+00,-2.358692278501565709e-01,2.647399876371279714e-01,-2.368426084364754769e-01,2.569179684199972002e-01,6.070785752651245426e-01,5.594708340588782081e-01,5.000000000000000000e-01,4.019999999999999685e-01,6.019010189549176548e-01,5.180844889946942811e-01,4.879999999999999893e-01,4.019999999999999685e-01,0.000000000000000000e+00,0.000000000000000000e+00
1.760441743190000000e+12,3.000000000000000000e+00,1.200000000000000000e+01,0.000000000000000000e+00,1.000000000000000056e-01,2.000000000000000000e+00,-2.368426084364754769e-01,2.569179684199972002e-01,-2.415819518654243325e-01,2.497459239414286936e-01,6.019010189549176548e-01,5.180844889946942811e-01,5.999999999999999778e-01,4.019999999999999685e-01,5.766917453966790008e-01,4.801371637112629709e-01,3.880000000000000115e-01,4.319999999999999951e-01,2.000000000000000042e-02,-2.000000000000000111e-01
1.760441743393000000e+12,3.000000000000000000e+00,1.200000000000000000e+01,0.000000000000000000e+00,1.000000000000000056e-01,0.000000000000000000e+00,-2.419376823726741010e-01,2.495273575472092553e-01,-2.512300079971830358e-01,2.461494279079691483e-01,5.747995618474781576e-01,4.789807277630119819e-01,5.000000000000000000e-01,4.340000000000000524e-01,5.253722978873242022e-01,4.611080841691490018e-01,3.840000000000000080e-01,4.839999999999999858e-01,2.000000000000000042e-02,0.000000000000000000e+00
0.000000000000000000e+00,0.000000000000000000e+00,0.000000000000000000e+00,0.000000000000000000e+00,0.000000000000000000e+00,0.000000000000000000e+00,0.000000000000000000e+00,0.000000000000000000e+00,0.000000000000000000e+00,0.000000000000000000e+00,0.000000000000000000e+00,0.000000000000000000e+00,0.000000000000000000e+00,0.000000000000000000e+00,0.000000000000000000e+00,0.000000000000000000e+00,0.000000000000000000e+00,0.000000000000000000e+00,0.000000000000000000e+00,0.000000000000000000e+00
1.760441749104000000e+12,4.000000000000000000e+00,1.200000000000000000e+01,2.000000000000000000e+00,0.000000000000000000e+00,1.000000000000000000e+00,-2.523453592279510382e-01,2.460113084988675425e-01,-1.762801256750728407e-01,1.622881813443899091e-01,5.194395785747284444e-01,4.603772936448018438e-01,5.000000000000000000e-01,4.899999999999999911e-01,9.240418847070593911e-01,1.739778489095188813e-02,4.839999999999999858e-01,4.899999999999999911e-01,0.000000000000000000e+00,2.000000000000000111e-01
1.760441749309000000e+12,4.000000000000000000e+00,1.200000000000000000e+01,2.000000000000000000e+00,1.000000000000000056e-01,2.000000000000000000e+00,-1.762801256750728407e-01,1.622881813443899091e-01,-1.813320624183403784e-01,1.625638176441025762e-01,9.240418847070593911e-01,1.739778489095188813e-02,5.999999999999999778e-01,4.899999999999999911e-01,8.971698807535086750e-01,1.885617801112473083e-02,3.840000000000000080e-01,5.279999999999999138e-01,2.000000000000000042e-02,-2.000000000000000111e-01
1.760441749509000000e+12,4.000000000000000000e+00,1.200000000000000000e+01,2.000000000000000000e+00,1.000000000000000056e-01,0.000000000000000000e+00,-1.813320624183403784e-01,1.625638176441025762e-01,-1.906118858339150846e-01,1.666944213186010992e-01,8.971698807535086750e-01,1.885617801112473083e-02,5.999999999999999778e-01,5.279999999999999138e-01,8.478091179047070325e-01,4.071122390794231632e-02,3.840000000000000080e-01,5.779999999999999583e-01,2.000000000000000042e-02,0.000000000000000000e+00
1.760441749712000000e+12,4.000000000000000000e+00,1.200000000000000000e+01,2.000000000000000000e+00,0.000000000000000000e+00,1.000000000000000000e+00,-1.906118858339150846e-01,1.666944213186010992e-01,-1.961301443346947226e-01,1.746066188707278977e-01,8.478091179047070325e-01,4.071122390794231632e-02,5.999999999999999778e-01,5.779999999999999583e-01,8.184566790707727968e-01,8.257470301972431870e-02,4.839999999999999858e-01,6.099999999999999867e-01,0.000000000000000000e+00,2.000000000000000111e-01
1.760441749915000000e+12,4.000000000000000000e+00,1.200000000000000000e+01,2.000000000000000000e+00,0.000000000000000000e+00,2.000000000000000000e+00,-1.961846637308975461e-01,1.749590243787653432e-01,-2.009210820992875512e-01,1.837695686585650023e-01,8.181666822824598118e-01,8.443928242732985645e-02,5.000000000000000000e-01,6.099999999999999867e-01,7.929729675569811009e-01,1.310559188283862697e-01,3.880000000000000115e-01,6.099999999999999867e-01,0.000000000000000000e+00,-2.000000000000000111e-01
1.760441750117000000e+12,4.000000000000000000e+00,1.200000000000000000e+01,2.000000000000000000e+00,0.000000000000000000e+00,2.000000000000000000e+00,-2.009210820992875512e-01,1.837695686585650023e-01,-2.136560954656274158e-01,1.925802681866237709e-01,7.929729675569811009e-01,1.310559188283862697e-01,5.000000000000000000e-01,6.099999999999999867e-01,7.252335347573010127e-01,1.776733766488030331e-01,2.879999999999999782e-01,6.099999999999999867e-01,0.000000000000000000e+00,-2.000000000000000111e-01
1.760441750320000000e+12,4.000000000000000000e+00,1.200000000000000000e+01,2.000000000000000000e+00,0.000000000000000000e+00,1.000000000000000000e+00,-2.136560954656274158e-01,1.925802681866237709e-01,-2.268535876163330078e-01,2.013916854286845470e-01,7.252335347573010127e-01,1.776733766488030331e-01,3.999999999999999667e-01,6.099999999999999867e-01,6.550341084237605305e-01,2.242946318978018549e-01,3.880000000000000115e-01,6.099999999999999867e-01,0.000000000000000000e+00,2.000000000000000111e-01
1.760441750522000000e+12,4.000000000000000000e+00,1.200000000000000000e+01,2.000000000000000000e+00,0.000000000000000000e+00,2.000000000000000000e+00,-2.268535876163330078e-01,2.013916854286845470e-01,-2.395997934886452130e-01,2.102039130783023846e-01,6.550341084237605305e-01,2.242946318978018549e-01,3.999999999999999667e-01,6.099999999999999867e-01,5.872351410178445752e-01,2.709201750174729528e-01,2.879999999999999782e-01,6.099999999999999867e-01,0.000000000000000000e+00,-2.000000000000000111e-01
1.760441750725000000e+12,4.000000000000000000e+00,1.200000000000000000e+01,2.000000000000000000e+00,0.000000000000000000e+00,1.000000000000000000e+00,-2.402753826914392765e-01,2.105563920084859708e-01,-2.537917193142050776e-01,2.193694320926397046e-01,5.836415814285144110e-01,2.727851429020421992e-01,5.000000000000000000e-01,6.099999999999999867e-01,5.117461738606112753e-01,3.194149846171413509e-01,3.840000000000000080e-01,6.099999999999999867e-01,0.000000000000000000e+00,2.000000000000000111e-01
1.760441750929000000e+12,4.000000000000000000e+00,1.200000000000000000e+01,2.000000000000000000e+00,-1.000000000000000056e-01,1.000000000000000000e+00,-2.537917193142050776e-01,2.193694320926397046e-01,-2.593161829234852944e-01,2.274391878608175155e-01,5.117461738606112753e-01,3.194149846171413509e-01,5.040000000000000036e-01,6.099999999999999867e-01,4.823607291303973477e-01,3.621121050836905719e-01,4.839999999999999858e-01,5.779999999999999583e-01,-2.000000000000000042e-02,2.000000000000000111e-01
1.760441751133000000e+12,4.000000000000000000e+00,1.200000000000000000e+01,2.000000000000000000e+00,-1.000000000000000056e-01,1.000000000000000000e+00,-2.593695165714236528e-01,2.276901811071214421e-01,-2.565736977223711524e-01,2.319001811499533383e-01,4.820770395137039532e-01,3.634401116778912533e-01,6.039999999999999813e-01,5.759999999999999565e-01,4.969484163703661861e-01,3.857152441796473097e-01,5.879999999999999671e-01,5.260000000000000231e-01,-2.000000000000000042e-02,2.000000000000000111e-01
1.760441751337000000e+12,4.000000000000000000e+00,1.200000000000000000e+01,2.000000000000000000e+00,-1.000000000000000056e-01,2.000000000000000000e+00,-2.565736977223711524e-01,2.319001811499533383e-01,-2.533217862023935951e-01,2.321110414745759243e-01,4.969484163703661861e-01,3.857152441796473097e-01,6.039999999999999813e-01,5.260000000000000231e-01,5.142458180723744610e-01,3.868309072728885467e-01,4.879999999999999893e-01,4.760000000000000342e-01,-2.000000000000000042e-02,-2.000000000000000111e-01
1.760441751540000000e+12,4.000000000000000000e+00,1.200000000000000000e+01,2.000000000000000000e+00,0.000000000000000000e+00,2.000000000000000000e+00,-2.533217862023935951e-01,2.321110414745759243e-01,-2.580617329417839168e-01,2.296376301871174697e-01,5.142458180723744610e-01,3.868309072728885467e-01,5.000000000000000000e-01,4.760000000000000342e-01,4.890333354160429358e-01,3.737440750641136122e-01,3.880000000000000115e-01,4.679999999999999716e-01,0.000000000000000000e+00,-2.000000000000000111e-01
1.760441751743000000e+12,4.000000000000000000e+00,1.200000000000000000e+01,2.000000000000000000e+00,1.000000000000000056e-01,1.000000000000000000e+00,-2.584174852605816142e-01,2.295357919669617774e-01,-2.639388646617149559e-01,2.279446108461088694e-01,4.871410358479700831e-01,3.732052485024432986e-01,5.999999999999999778e-01,4.679999999999999716e-01,4.577719964802395292e-01,3.647863007730628437e-01,4.839999999999999858e-01,5.040000000000000036e-01,2.000000000000000042e-02,2.000000000000000111e-01
1.760441751946000000e+12,4.000000000000000000e+00,1.200000000000000000e+01,2.000000000000000000e+00,1.000000000000000056e-01,1.000000000000000000e+00,-2.639388646617149559e-01,2.279446108461088694e-01,-2.614668065491316806e-01,2.301625035659534690e-01,4.577719964802395292e-01,3.647863007730628437e-01,5.000000000000000000e-01,5.040000000000000036e-01,4.709212417599378253e-01,3.765211828886427248e-01,5.840000000000000746e-01,5.540000000000000480e-01,2.000000000000000042e-02,2.000000000000000111e-01
1.760441752148000000e+12,4.000000000000000000e+00,1.200000000000000000e+01,2.000000000000000000e+00,0.000000000000000000e+00,2.000000000000000000e+00,-2.614668065491316806e-01,2.301625035659534690e-01,-2.585301658218742138e-01,2.363743989616742536e-01,4.709212417599378253e-01,3.765211828886427248e-01,5.919999999999999707e-01,5.540000000000000480e-01,4.865416711602434940e-01,4.093883542945728204e-01,4.839999999999999858e-01,5.999999999999999778e-01,0.000000000000000000e+00,-2.000000000000000111e-01
1.760441752351000000e+12,4.000000000000000000e+00,1.200000000000000000e+01,2.000000000000000000e+00,0.000000000000000000e+00,1.000000000000000000e+00,-2.585301658218742138e-01,2.363743989616742536e-01,-2.564183141981468683e-01,2.447110419247718049e-01,4.865416711602434940e-01,4.093883542945728204e-01,5.959999999999999742e-01,5.999999999999999778e-01,4.977749244779421378e-01,4.534975763215439715e-01,5.799999999999999600e-01,5.999999999999999778e-01,0.000000000000000000e+00,2.000000000000000111e-01
1.760441752555000000e+12,4.000000000000000000e+00,1.200000000000000000e+01,2.000000000000000000e+00,0.000000000000000000e+00,2.000000000000000000e+00,-2.564183141981468683e-01,2.447110419247718049e-01,-2.538102116796074892e-01,2.527278142176765940e-01,4.977749244779421378e-01,4.534975763215439715e-01,6.959999999999999520e-01,5.999999999999999778e-01,5.116478102148537266e-01,4.959143609400878394e-01,4.799999999999999822e-01,5.999999999999999778e-01,0.000000000000000000e+00,-2.000000000000000111e-01
0.000000000000000000e+00,0.000000000000000000e+00,0.000000000000000000e+00,0.000000000000000000e+00,0.000000000000000000e+00,0.000000000000000000e+00,0.000000000000000000e+00,0.000000000000000000e+00,0.000000000000000000e+00,0.000000000000000000e+00,0.000000000000000000e+00,0.000000000000000000e+00,0.000000000000000000e+00,0.000000000000000000e+00,0.000000000000000000e+00,0.000000000000000000e+00,0.000000000000000000e+00,0.000000000000000000e+00,0.000000000000000000e+00,0.000000000000000000e+00
1.760441758283000000e+12,5.000000000000000000e+00,1.200000000000000000e+01,3.000000000000000000e+00,0.000000000000000000e+00,1.000000000000000000e+00,-2.541341722142889670e-01,2.540106180936406166e-01,-3.316247055259723964e-01,1.700921692074376934e-01,5.099246158814416674e-01,5.027016830351356269e-01,5.000000000000000000e-01,5.999999999999999778e-01,9.774092805333821354e-02,5.868872596527879848e-02,5.599999999999999423e-01,5.999999999999999778e-01,0.000000000000000000e+00,2.000000000000000111e-01
1.760441758486000000e+12,5.000000000000000000e+00,1.200000000000000000e+01,3.000000000000000000e+00,-1.000000000000000056e-01,2.000000000000000000e+00,-3.316247055259723964e-01,1.700921692074376934e-01,-3.302944803209857394e-01,1.779780870659818104e-01,9.774092805333821354e-02,5.868872596527879848e-02,5.999999999999999778e-01,5.999999999999999778e-01,1.048165940373097932e-01,1.004131590792688433e-01,4.640000000000000235e-01,5.859999999999999654e-01,-2.000000000000000042e-02,-2.000000000000000111e-01
1.760441758690000000e+12,5.000000000000000000e+00,1.200000000000000000e+01,3.000000000000000000e+00,-1.000000000000000056e-01,1.000000000000000000e+00,-3.302944803209857394e-01,1.779780870659818104e-01,-3.294260487584538821e-01,1.829876981825919735e-01,1.048165940373097932e-01,1.004131590792688433e-01,5.999999999999999778e-01,5.859999999999999654e-01,1.094359108592877633e-01,1.269190380031321452e-01,5.640000000000000568e-01,5.360000000000000320e-01,-2.000000000000000042e-02,2.000000000000000111e-01
1.760441758894000000e+12,5.000000000000000000e+00,1.200000000000000000e+01,3.000000000000000000e+00,-1.000000000000000056e-01,2.000000000000000000e+00,-3.292236416139344701e-01,1.831041720039210674e-01,-3.275744920582880360e-01,1.839538326239034405e-01,1.105125446067314332e-01,1.275353016080479907e-01,5.999999999999999778e-01,5.340000000000000302e-01,1.192846167112337485e-01,1.320308604439335565e-01,4.679999999999999716e-01,4.840000000000000413e-01,-2.000000000000000042e-02,-2.000000000000000111e-01
1.760441759098000000e+12,5.000000000000000000e+00,1.200000000000000000e+01,3.000000000000000000e+00,1.000000000000000056e-01,1.000000000000000000e+00,-3.275744920582880360e-01,1.839538326239034405e-01,-3.263828647510295111e-01,1.836962790231745635e-01,1.192846167112337485e-01,1.320308604439335565e-01,5.000000000000000000e-01,4.840000000000000413e-01,1.256230598349493133e-01,1.306681429797595939e-01,5.679999999999999494e-01,5.220000000000000195e-01,2.000000000000000042e-02,2.000000000000000111e-01
1.760441759302000000e+12,5.000000000000000000e+00,1.200000000000000000e+01,3.000000000000000000e+00,1.000000000000000056e-01,2.000000000000000000e+00,-3.263828647510295111e-01,1.836962790231745635e-01,-3.241978639914752658e-01,1.875792996685087533e-01,1.256230598349493133e-01,1.306681429797595939e-01,5.000000000000000000e-01,5.220000000000000195e-01,1.372454043006633706e-01,1.512132257593055695e-01,4.760000000000000342e-01,5.719999999999999529e-01,2.000000000000000042e-02,-2.000000000000000111e-01
1.760441759504000000e+12,5.000000000000000000e+00,1.200000000000000000e+01,3.000000000000000000e+00,1.000000000000000056e-01,2.000000000000000000e+00,-3.241978639914752658e-01,1.875792996685087533e-01,-3.302216603137417827e-01,1.953949505870172521e-01,1.372454043006633706e-01,1.512132257593055695e-01,3.999999999999999667e-01,5.739999999999999547e-01,1.052039345013734001e-01,1.925658761217844128e-01,3.720000000000001084e-01,6.240000000000001101e-01,2.000000000000000042e-02,-2.000000000000000111e-01
1.760441759708000000e+12,5.000000000000000000e+00,1.200000000000000000e+01,3.000000000000000000e+00,1.000000000000000056e-01,1.000000000000000000e+00,-3.302216603137417827e-01,1.953949505870172521e-01,-3.367106237234839816e-01,2.072120991951715563e-01,1.052039345013734001e-01,1.925658761217844128e-01,3.999999999999999667e-01,6.240000000000001101e-01,7.068817168359572967e-02,2.550904719321246406e-01,4.719999999999999751e-01,6.740000000000001545e-01,2.000000000000000042e-02,2.000000000000000111e-01
1.760441759911000000e+12,5.000000000000000000e+00,1.200000000000000000e+01,3.000000000000000000e+00,-1.000000000000000056e-01,1.000000000000000000e+00,-3.367106237234839816e-01,2.072120991951715563e-01,-3.349825472522103276e-01,2.236302999367019984e-01,7.068817168359572967e-02,2.550904719321246406e-01,5.000000000000000000e-01,6.740000000000001545e-01,7.988006780739176360e-02,3.419592589243492520e-01,5.760000000000000675e-01,7.059999999999999609e-01,-2.000000000000000042e-02,2.000000000000000111e-01
1.760441760114000000e+12,5.000000000000000000e+00,1.200000000000000000e+01,3.000000000000000000e+00,-1.000000000000000056e-01,1.000000000000000000e+00,-3.349825472522103276e-01,2.236302999367019984e-01,-3.251559741040817020e-01,2.382416774216895572e-01,7.988006780739176360e-02,3.419592589243492520e-01,5.040000000000000036e-01,7.059999999999999609e-01,1.321490739144589310e-01,4.192681345062940212e-01,6.759999999999999343e-01,6.560000000000001386e-01,-2.000000000000000042e-02,2.000000000000000111e-01
1.760441760317000000e+12,5.000000000000000000e+00,1.200000000000000000e+01,3.000000000000000000e+00,-1.000000000000000056e-01,1.000000000000000000e+00,-3.251559741040817020e-01,2.382416774216895572e-01,-3.073293415904296277e-01,2.488520671031058673e-01,1.321490739144589310e-01,4.192681345062940212e-01,6.039999999999999813e-01,6.560000000000001386e-01,2.269715872849487059e-01,4.754077624502956456e-01,7.760000000000002451e-01,6.059999999999999831e-01,-2.000000000000000042e-02,2.000000000000000111e-01
1.760441760520000000e+12,5.000000000000000000e+00,1.200000000000000000e+01,3.000000000000000000e+00,-1.000000000000000056e-01,0.000000000000000000e+00,-3.073293415904296277e-01,2.488520671031058673e-01,-2.840742718721441795e-01,2.556435946524482361e-01,2.269715872849487059e-01,4.754077624502956456e-01,6.039999999999999813e-01,6.059999999999999831e-01,3.506687666375308821e-01,5.113417706478743385e-01,7.800000000000002487e-01,5.540000000000000480e-01,-2.000000000000000042e-02,0.000000000000000000e+00
1.760441760724000000e+12,5.000000000000000000e+00,1.200000000000000000e+01,3.000000000000000000e+00,-1.000000000000000056e-01,2.000000000000000000e+00,-2.840742718721441795e-01,2.556435946524482361e-01,-2.654656780635939461e-01,2.580942155477661815e-01,3.506687666375308821e-01,5.113417706478743385e-01,5.000000000000000000e-01,5.540000000000000480e-01,4.496506485979044898e-01,5.243080187712496620e-01,6.800000000000000488e-01,5.040000000000000036e-01,-2.000000000000000042e-02,-2.000000000000000111e-01
1.760441760928000000e+12,5.000000000000000000e+00,1.200000000000000000e+01,3.000000000000000000e+00,0.000000000000000000e+00,2.000000000000000000e+00,-2.654656780635939461e-01,2.580942155477661815e-01,-2.545951411023313349e-01,2.579904189534042991e-01,4.496506485979044898e-01,5.243080187712496620e-01,5.999999999999999778e-01,5.040000000000000036e-01,5.074726537110034741e-01,5.237588304412926776e-01,5.800000000000000711e-01,4.979999999999999982e-01,0.000000000000000000e+00,-2.000000000000000111e-01
1.760441761132000000e+12,5.000000000000000000e+00,1.200000000000000000e+01,3.000000000000000000e+00,0.000000000000000000e+00,0.000000000000000000e+00,-2.545951411023313349e-01,2.579904189534042991e-01,-2.485276756409216525e-01,2.578479219671749312e-01,5.074726537110034741e-01,5.237588304412926776e-01,5.000000000000000000e-01,4.979999999999999982e-01,5.397464061653103329e-01,5.230048781332007346e-01,5.760000000000000675e-01,4.979999999999999982e-01,0.000000000000000000e+00,0.000000000000000000e+00
1.760441761339000000e+12,5.000000000000000000e+00,1.200000000000000000e+01,3.000000000000000000e+00,0.000000000000000000e+00,0.000000000000000000e+00,-2.485276756409216525e-01,2.578479219671749312e-01,-2.424626217117126503e-01,2.577052218471594935e-01,5.397464061653103329e-01,5.230048781332007346e-01,5.919999999999999707e-01,4.979999999999999982e-01,5.720073313206773813e-01,5.222498510431720087e-01,5.760000000000000675e-01,4.979999999999999982e-01,0.000000000000000000e+00,0.000000000000000000e+00
1.760441761544000000e+12,5.000000000000000000e+00,1.200000000000000000e+01,3.000000000000000000e+00,0.000000000000000000e+00,2.000000000000000000e+00,-2.422200031005810050e-01,2.576995093758588373e-01,-2.399302713484185445e-01,2.575568522205219923e-01,5.732978558479733255e-01,5.222196263272954608e-01,5.959999999999999742e-01,4.979999999999999982e-01,5.854772800616034889e-01,5.214648265636084856e-01,4.760000000000000342e-01,4.979999999999999982e-01,0.000000000000000000e+00,-2.000000000000000111e-01
1.760441761747000000e+12,5.000000000000000000e+00,1.200000000000000000e+01,3.000000000000000000e+00,-1.000000000000000056e-01,0.000000000000000000e+00,-2.399302713484185445e-01,2.575568522205219923e-01,-2.418629702356265565e-01,2.573974455107539416e-01,5.854772800616034889e-01,5.214648265636084856e-01,6.959999999999999520e-01,4.979999999999999982e-01,5.751969668317735707e-01,5.206214048188040344e-01,4.760000000000000342e-01,4.919999999999999929e-01,-2.000000000000000042e-02,0.000000000000000000e+00
1.760441761950000000e+12,5.000000000000000000e+00,1.200000000000000000e+01,3.000000000000000000e+00,0.000000000000000000e+00,0.000000000000000000e+00,-2.418629702356265565e-01,2.573974455107539416e-01,-2.437972730012698264e-01,2.549067596610165021e-01,5.751969668317735707e-01,5.206214048188040344e-01,6.959999999999999520e-01,4.919999999999999929e-01,5.649081223336710478e-01,5.074431728096111538e-01,4.760000000000000342e-01,4.480000000000000648e-01,0.000000000000000000e+00,0.000000000000000000e+00
1.760441762153000000e+12,5.000000000000000000e+00,1.200000000000000000e+01,3.000000000000000000e+00,0.000000000000000000e+00,0.000000000000000000e+00,-2.438746370271962505e-01,2.547410451580782720e-01,-2.458086472062346317e-01,2.505979481715362445e-01,5.644966115574666654e-01,5.065663764977687000e-01,5.959999999999999742e-01,4.480000000000000648e-01,5.542093233710922995e-01,4.846452284208267458e-01,4.760000000000000342e-01,4.480000000000000648e-01,0.000000000000000000e+00,0.000000000000000000e+00
0.000000000000000000e+00,0.000000000000000000e+00,0.000000000000000000e+00,0.000000000000000000e+00,0.000000000000000000e+00,0.000000000000000000e+00,0.000000000000000000e+00,0.000000000000000000e+00,0.000000000000000000e+00,0.000000000000000000e+00,0.000000000000000000e+00,0.000000000000000000e+00,0.000000000000000000e+00,0.000000000000000000e+00,0.000000000000000000e+00,0.000000000000000000e+00,0.000000000000000000e+00,0.000000000000000000e+00,0.000000000000000000e+00,0.000000000000000000e+00
1.760441767895000000e+12,6.000000000000000000e+00,1.200000000000000000e+01,0.000000000000000000e+00,0.000000000000000000e+00,0.000000000000000000e+00,-2.460407208919841993e-01,2.501007497268765145e-01,-1.750084308310618231e-01,3.173008466018581997e-01,5.529748888724244082e-01,4.820145488194524930e-01,5.000000000000000000e-01,4.480000000000000648e-01,9.308062189837137401e-01,8.375706169410487290e-01,4.760000000000000342e-01,4.480000000000000648e-01,0.000000000000000000e+00,0.000000000000000000e+00
1.760441768099000000e+12,6.000000000000000000e+00,1.200000000000000000e+01,0.000000000000000000e+00,-1.000000000000000056e-01,2.000000000000000000e+00,-1.750084308310618231e-01,3.173008466018581997e-01,-1.807076325064738698e-01,3.130406025361295308e-01,9.308062189837137401e-01,8.375706169410487290e-01,5.999999999999999778e-01,4.480000000000000648e-01,9.004913164549261939e-01,8.150296430483044974e-01,3.760000000000000564e-01,4.340000000000000524e-01,-2.000000000000000042e-02,-2.000000000000000111e-01
1.760441768302000000e+12,6.000000000000000000e+00,1.200000000000000000e+01,0.000000000000000000e+00,-1.000000000000000056e-01,1.000000000000000000e+00,-1.807076325064738698e-01,3.130406025361295308e-01,-1.874753539034468841e-01,3.059010413408194684e-01,9.004913164549261939e-01,8.150296430483044974e-01,5.999999999999999778e-01,4.340000000000000524e-01,8.644927983859208576e-01,7.772541869884629362e-01,4.679999999999999716e-01,3.839999999999999525e-01,-2.000000000000000042e-02,2.000000000000000111e-01
1.760441768504000000e+12,6.000000000000000000e+00,1.200000000000000000e+01,0.000000000000000000e+00,0.000000000000000000e+00,2.000000000000000000e+00,-1.875814362524364509e-01,3.055323691579722167e-01,-1.936105170640314843e-01,2.956785759713931871e-01,8.639285305721465802e-01,7.753035405183715811e-01,5.999999999999999778e-01,3.839999999999999525e-01,8.318589517870665917e-01,7.231670686317100971e-01,3.760000000000000564e-01,3.759999999999999454e-01,0.000000000000000000e+00,-2.000000000000000111e-01
1.760441768706000000e+12,6.000000000000000000e+00,1.200000000000000000e+01,0.000000000000000000e+00,0.000000000000000000e+00,2.000000000000000000e+00,-1.936105170640314843e-01,2.956785759713931871e-01,-2.076345951007127488e-01,2.857781557267851102e-01,8.318589517870665917e-01,7.231670686317100971e-01,5.000000000000000000e-01,3.759999999999999454e-01,7.572627920174853644e-01,6.707838927343128255e-01,2.719999999999999085e-01,3.759999999999999454e-01,0.000000000000000000e+00,-2.000000000000000111e-01
1.760441768910000000e+12,6.000000000000000000e+00,1.200000000000000000e+01,0.000000000000000000e+00,0.000000000000000000e+00,1.000000000000000000e+00,-2.076345951007127488e-01,2.857781557267851102e-01,-2.221139260714989072e-01,2.758764833520414572e-01,7.572627920174853644e-01,6.707838927343128255e-01,5.000000000000000000e-01,3.759999999999999454e-01,6.802450740877717950e-01,6.183940918097432515e-01,3.720000000000001084e-01,3.759999999999999454e-01,0.000000000000000000e+00,2.000000000000000111e-01
1.760441769114000000e+12,6.000000000000000000e+00,1.200000000000000000e+01,0.000000000000000000e+00,1.000000000000000056e-01,0.000000000000000000e+00,-2.225272288661048758e-01,2.754804323279527734e-01,-2.324631169758735738e-01,2.657033970448377524e-01,6.780466549675272514e-01,6.162985837457819471e-01,3.999999999999999667e-01,3.759999999999999454e-01,6.251961862985447871e-01,5.645682383324749365e-01,3.760000000000000564e-01,3.899999999999999578e-01,2.000000000000000042e-02,0.000000000000000000e+00
1.760441769317000000e+12,6.000000000000000000e+00,1.200000000000000000e+01,0.000000000000000000e+00,1.000000000000000056e-01,0.000000000000000000e+00,-2.324631169758735738e-01,2.657033970448377524e-01,-2.423968754405629311e-01,2.588030023427158044e-01,6.251961862985447871e-01,5.645682383324749365e-01,3.999999999999999667e-01,3.899999999999999578e-01,5.723570455289205272e-01,5.280582134535228844e-01,3.760000000000000564e-01,4.400000000000000022e-01,2.000000000000000042e-02,0.000000000000000000e+00
1.760441769520000000e+12,6.000000000000000000e+00,1.200000000000000000e+01,0.000000000000000000e+00,0.000000000000000000e+00,1.000000000000000000e+00,-2.423968754405629311e-01,2.588030023427158044e-01,-2.485605053711482382e-01,2.548362622337199124e-01,5.723570455289205272e-01,5.280582134535228844e-01,5.000000000000000000e-01,4.400000000000000022e-01,5.395717799407008242e-01,5.070701705487826727e-01,4.760000000000000342e-01,4.520000000000000129e-01,0.000000000000000000e+00,2.000000000000000111e-01
1.760441769723000000e+12,6.000000000000000000e+00,1.200000000000000000e+01,0.000000000000000000e+00,0.000000000000000000e+00,0.000000000000000000e+00,-2.486411042297889951e-01,2.546833602763669546e-01,-2.502591555933024181e-01,2.508605818115583475e-01,5.391430626075053301e-01,5.062611654834231478e-01,5.040000000000000036e-01,4.520000000000000129e-01,5.305364064186041118e-01,4.860348243997796858e-01,4.799999999999999822e-01,4.520000000000000129e-01,0.000000000000000000e+00,0.000000000000000000e+00
0.000000000000000000e+00,0.000000000000000000e+00,0.000000000000000000e+00,0.000000000000000000e+00,0.000000000000000000e+00,0.000000000000000000e+00,0.000000000000000000e+00,0.000000000000000000e+00,0.000000000000000000e+00,0.000000000000000000e+00,0.000000000000000000e+00,0.000000000000000000e+00,0.000000000000000000e+00,0.000000000000000000e+00,0.000000000000000000e+00,0.000000000000000000e+00,0.000000000000000000e+00,0.000000000000000000e+00,0.000000000000000000e+00,0.000000000000000000e+00
1.760441775452000000e+12,7.000000000000000000e+00,1.200000000000000000e+01,1.000000000000000000e+00,0.000000000000000000e+00,0.000000000000000000e+00,-2.504529249094966659e-01,2.504018195693906157e-01,-3.340836022667575955e-01,3.177712607570430392e-01,5.295057185665070776e-01,4.836075109491567714e-01,5.000000000000000000e-01,4.520000000000000129e-01,8.466169007043822248e-02,8.400595807250955671e-01,4.799999999999999822e-01,4.520000000000000129e-01,0.000000000000000000e+00,0.000000000000000000e+00
1.760441775655000000e+12,7.000000000000000000e+00,1.200000000000000000e+01,1.000000000000000000e+00,0.000000000000000000e+00,0.000000000000000000e+00,-3.340836022667575955e-01,3.177712607570430392e-01,-3.357253080901663189e-01,3.139657618343579260e-01,8.466169007043822248e-02,8.400595807250955671e-01,5.999999999999999778e-01,4.520000000000000129e-01,7.592921228634925968e-02,8.199246657902536928e-01,4.799999999999999822e-01,4.520000000000000129e-01,0.000000000000000000e+00,0.000000000000000000e+00
1.760441775858000000e+12,7.000000000000000000e+00,1.200000000000000000e+01,1.000000000000000000e+00,0.000000000000000000e+00,0.000000000000000000e+00,-3.357253080901663189e-01,3.139657618343579260e-01,-3.373665299901751347e-01,3.101593291983885115e-01,7.592921228634925968e-02,8.199246657902536928e-01,5.999999999999999778e-01,4.520000000000000129e-01,6.719930856289811627e-02,7.997848105734842727e-01,4.799999999999999822e-01,4.520000000000000129e-01,0.000000000000000000e+00,0.000000000000000000e+00
1.760441776061000000e+12,7.000000000000000000e+00,1.200000000000000000e+01,1.000000000000000000e+00,0.000000000000000000e+00,1.000000000000000000e+00,-3.373665299901751347e-01,3.101593291983885115e-01,-3.353010648172105035e-01,3.061993389396438503e-01,6.719930856289811627e-02,7.997848105734842727e-01,5.999999999999999778e-01,4.520000000000000129e-01,7.818582544036956072e-02,7.788324811621368804e-01,5.799999999999999600e-01,4.520000000000000129e-01,0.000000000000000000e+00,2.000000000000000111e-01
1.760441776264000000e+12,7.000000000000000000e+00,1.200000000000000000e+01,1.000000000000000000e+00,0.000000000000000000e+00,1.000000000000000000e+00,-3.353010648172105035e-01,3.061993389396438503e-01,-3.251663684547884126e-01,3.023886744069125276e-01,7.818582544036956072e-02,7.788324811621368804e-01,5.000000000000000000e-01,4.520000000000000129e-01,1.320937848149551508e-01,7.586702349572091997e-01,6.800000000000000488e-01,4.520000000000000129e-01,0.000000000000000000e+00,2.000000000000000111e-01
1.760441776468000000e+12,7.000000000000000000e+00,1.200000000000000000e+01,1.000000000000000000e+00,-1.000000000000000056e-01,0.000000000000000000e+00,-3.251663684547884126e-01,3.023886744069125276e-01,-3.108017288932503064e-01,2.985590506145268663e-01,1.320937848149551508e-01,7.586702349572091997e-01,5.000000000000000000e-01,4.520000000000000129e-01,2.085014420571791316e-01,7.384076752091369711e-01,6.800000000000000488e-01,4.460000000000000075e-01,-2.000000000000000042e-02,0.000000000000000000e+00
1.760441776670000000e+12,7.000000000000000000e+00,1.200000000000000000e+01,1.000000000000000000e+00,-1.000000000000000056e-01,2.000000000000000000e+00,-3.102269353997584300e-01,2.983888673699554572e-01,-2.996296641018825757e-01,2.920485095925043906e-01,2.115588542566040064e-01,7.375072347616691282e-01,3.999999999999999667e-01,4.460000000000000075e-01,2.679273186070074697e-01,7.039603682143090735e-01,5.800000000000000711e-01,3.940000000000000169e-01,-2.000000000000000042e-02,-2.000000000000000111e-01
1.760441776873000000e+12,7.000000000000000000e+00,1.200000000000000000e+01,1.000000000000000000e+00,0.000000000000000000e+00,0.000000000000000000e+00,-2.996296641018825757e-01,2.920485095925043906e-01,-2.932529570037505917e-01,2.821140333687439106e-01,2.679273186070074697e-01,7.039603682143090735e-01,3.999999999999999667e-01,3.940000000000000169e-01,3.018459733843052994e-01,6.513970019510260112e-01,5.800000000000000711e-01,3.679999999999998828e-01,0.000000000000000000e+00,0.000000000000000000e+00
1.760441777077000000e+12,7.000000000000000000e+00,1.200000000000000000e+01,1.000000000000000000e+00,0.000000000000000000e+00,0.000000000000000000e+00,-2.932529570037505917e-01,2.821140333687439106e-01,-2.868750394390567338e-01,2.715759163571869195e-01,3.018459733843052994e-01,6.513970019510260112e-01,5.000000000000000000e-01,3.679999999999998828e-01,3.357710668135279186e-01,5.956397690856451987e-01,5.800000000000000711e-01,3.679999999999998828e-01,0.000000000000000000e+00,0.000000000000000000e+00
1.760441777281000000e+12,7.000000000000000000e+00,1.200000000000000000e+01,1.000000000000000000e+00,0.000000000000000000e+00,0.000000000000000000e+00,-2.866198706949596997e-01,2.711543522828559483e-01,-2.802395157541756054e-01,2.606144365590292167e-01,3.371283473672355702e-01,5.934092713378622541e-01,5.040000000000000036e-01,3.679999999999998828e-01,3.710664055628956626e-01,5.376425214763451699e-01,5.800000000000000711e-01,3.679999999999998828e-01,0.000000000000000000e+00,0.000000000000000000e+00
1.760441777483000000e+12,7.000000000000000000e+00,1.200000000000000000e+01,1.000000000000000000e+00,1.000000000000000056e-01,0.000000000000000000e+00,-2.802395157541756054e-01,2.606144365590292167e-01,-2.738570143908881649e-01,2.502905334886163513e-01,3.710664055628956626e-01,5.376425214763451699e-01,6.039999999999999813e-01,3.679999999999998828e-01,4.050158808995310000e-01,4.830186957069648734e-01,5.800000000000000711e-01,3.859999999999999543e-01,2.000000000000000042e-02,0.000000000000000000e+00
1.760441777687000000e+12,7.000000000000000000e+00,1.200000000000000000e+01,1.000000000000000000e+00,1.000000000000000056e-01,0.000000000000000000e+00,-2.738570143908881649e-01,2.502905334886163513e-01,-2.674733473509732784e-01,2.430715312510097481e-01,4.050158808995310000e-01,4.830186957069648734e-01,6.039999999999999813e-01,3.859999999999999543e-01,4.389715566437590866e-01,4.448229166720092942e-01,5.800000000000000711e-01,4.360000000000000542e-01,2.000000000000000042e-02,0.000000000000000000e+00
1.760441777889000000e+12,7.000000000000000000e+00,1.200000000000000000e+01,1.000000000000000000e+00,0.000000000000000000e+00,2.000000000000000000e+00,-2.672179828294900528e-01,2.428657862143189794e-01,-2.645997547480681278e-01,2.379203332521910852e-01,4.403298785665422099e-01,4.437343185942803636e-01,5.000000000000000000e-01,4.380000000000000560e-01,4.542566236804886359e-01,4.175679008052438634e-01,4.799999999999999822e-01,4.380000000000000560e-01,0.000000000000000000e+00,-2.000000000000000111e-01
1.760441778092000000e+12,7.000000000000000000e+00,1.200000000000000000e+01,1.000000000000000000e+00,1.000000000000000056e-01,0.000000000000000000e+00,-2.645997547480681278e-01,2.379203332521910852e-01,-2.662114419401242493e-01,2.330334979995415112e-01,4.542566236804886359e-01,4.175679008052438634e-01,5.999999999999999778e-01,4.380000000000000560e-01,4.456838194674241360e-01,3.917116296272037945e-01,4.799999999999999822e-01,4.480000000000000648e-01,2.000000000000000042e-02,0.000000000000000000e+00
1.760441778295000000e+12,7.000000000000000000e+00,1.200000000000000000e+01,1.000000000000000000e+00,1.000000000000000056e-01,1.000000000000000000e+00,-2.662114419401242493e-01,2.330334979995415112e-01,-2.641228152521987727e-01,2.307635596972681946e-01,4.456838194674241360e-01,3.917116296272037945e-01,5.000000000000000000e-01,4.480000000000000648e-01,4.567935358925596656e-01,3.797013740596201226e-01,5.760000000000000675e-01,4.979999999999999982e-01,2.000000000000000042e-02,2.000000000000000111e-01
1.760441778500000000e+12,7.000000000000000000e+00,1.200000000000000000e+01,1.000000000000000000e+00,1.000000000000000056e-01,2.000000000000000000e+00,-2.641228152521987727e-01,2.307635596972681946e-01,-2.615130840643445365e-01,2.326632257645460944e-01,4.567935358925596656e-01,3.797013740596201226e-01,5.919999999999999707e-01,5.000000000000000000e-01,4.706750847641247293e-01,3.897525172727306919e-01,4.799999999999999822e-01,5.499999999999999334e-01,2.000000000000000042e-02,-2.000000000000000111e-01
1.760441778703000000e+12,7.000000000000000000e+00,1.200000000000000000e+01,1.000000000000000000e+00,1.000000000000000056e-01,1.000000000000000000e+00,-2.615130840643445365e-01,2.326632257645460944e-01,-2.593527447629904725e-01,2.385625322638787460e-01,4.706750847641247293e-01,3.897525172727306919e-01,5.959999999999999742e-01,5.499999999999999334e-01,4.821662512606889051e-01,4.209657791739616628e-01,5.800000000000000711e-01,5.999999999999999778e-01,2.000000000000000042e-02,2.000000000000000111e-01
1.760441778906000000e+12,7.000000000000000000e+00,1.200000000000000000e+01,1.000000000000000000e+00,0.000000000000000000e+00,0.000000000000000000e+00,-2.593527447629904725e-01,2.385625322638787460e-01,-2.523955663509992453e-01,2.480948677165369654e-01,4.821662512606889051e-01,4.209657791739616628e-01,6.959999999999999520e-01,5.999999999999999778e-01,5.191725194095784257e-01,4.714014164896136450e-01,5.840000000000000746e-01,6.179999999999999938e-01,0.000000000000000000e+00,0.000000000000000000e+00
1.760441779110000000e+12,7.000000000000000000e+00,1.200000000000000000e+01,1.000000000000000000e+00,0.000000000000000000e+00,0.000000000000000000e+00,-2.523955663509992453e-01,2.480948677165369654e-01,-2.456890545524004765e-01,2.575515529888213750e-01,5.191725194095784257e-01,4.714014164896136450e-01,6.959999999999999520e-01,6.179999999999999938e-01,5.548454545085080847e-01,5.214367883006422177e-01,5.840000000000000746e-01,6.179999999999999938e-01,0.000000000000000000e+00,0.000000000000000000e+00
1.760441779314000000e+12,7.000000000000000000e+00,1.200000000000000000e+01,1.000000000000000000e+00,0.000000000000000000e+00,0.000000000000000000e+00,-2.456890545524004765e-01,2.575515529888213750e-01,-2.389826405663737219e-01,2.670092518753040545e-01,5.548454545085080847e-01,5.214367883006422177e-01,5.959999999999999742e-01,6.179999999999999938e-01,5.905178693277993718e-01,5.714775231497569719e-01,5.840000000000000746e-01,6.179999999999999938e-01,0.000000000000000000e+00,0.000000000000000000e+00
1.760441779517000000e+12,7.000000000000000000e+00,1.200000000000000000e+01,1.000000000000000000e+00,-1.000000000000000056e-01,0.000000000000000000e+00,-2.389826405663737219e-01,2.670092518753040545e-01,-2.320083936031682448e-01,2.756599753797361885e-01,5.905178693277993718e-01,5.714775231497569719e-01,6.959999999999999520e-01,6.179999999999999938e-01,6.276149276427220869e-01,6.172485469827312388e-01,5.840000000000000746e-01,5.779999999999999583e-01,-2.000000000000000042e-02,0.000000000000000000e+00
1.760441779720000000e+12,7.000000000000000000e+00,1.200000000000000000e+01,1.000000000000000000e+00,-1.000000000000000056e-01,0.000000000000000000e+00,-2.320083936031682448e-01,2.756599753797361885e-01,-2.253029936189986371e-01,2.800370741684626297e-01,6.276149276427220869e-01,6.172485469827312388e-01,5.919999999999999707e-01,5.779999999999999583e-01,6.632819488351135995e-01,6.404077998331356714e-01,5.840000000000000746e-01,5.280000000000000249e-01,-2.000000000000000042e-02,0.000000000000000000e+00
1.760441779927000000e+12,7.000000000000000000e+00,1.200000000000000000e+01,1.000000000000000000e+00,-1.000000000000000056e-01,2.000000000000000000e+00,-2.253029936189986371e-01,2.800370741684626297e-01,-2.220710840223402982e-01,2.804082116134513081e-01,6.632819488351135995e-01,6.404077998331356714e-01,6.919999999999999485e-01,5.280000000000000249e-01,6.804729573279770793e-01,6.423714900182609933e-01,4.879999999999999893e-01,4.779999999999999805e-01,-2.000000000000000042e-02,-2.000000000000000111e-01
1.760441780130000000e+12,7.000000000000000000e+00,1.200000000000000000e+01,1.000000000000000000e+00,-1.000000000000000056e-01,0.000000000000000000e+00,-2.221068573897790333e-01,2.803402122201416047e-01,-2.233977048576681335e-01,2.765576027021975913e-01,6.802826734586221447e-01,6.420117048684741423e-01,5.919999999999999707e-01,4.760000000000000342e-01,6.734164635230418527e-01,6.219978978952254156e-01,4.840000000000000413e-01,4.260000000000000453e-01,-2.000000000000000042e-02,0.000000000000000000e+00
1.760441780333000000e+12,7.000000000000000000e+00,1.200000000000000000e+01,1.000000000000000000e+00,0.000000000000000000e+00,0.000000000000000000e+00,-2.233977048576681335e-01,2.765576027021975913e-01,-2.246906280826777569e-01,2.687686354637051633e-01,6.734164635230418527e-01,6.219978978952254156e-01,4.919999999999999929e-01,4.260000000000000453e-01,6.665392123261820734e-01,5.807864310248951334e-01,4.840000000000000413e-01,3.780000000000000027e-01,0.000000000000000000e+00,0.000000000000000000e+00
1.760441780536000000e+12,7.000000000000000000e+00,1.200000000000000000e+01,1.000000000000000000e+00,0.000000000000000000e+00,2.000000000000000000e+00,-2.246906280826777569e-01,2.687686354637051633e-01,-2.298003742596009813e-01,2.586365329094068577e-01,6.665392123261820734e-01,5.807864310248951334e-01,5.879999999999999671e-01,3.780000000000000027e-01,6.393597113851011704e-01,5.271774228010945862e-01,3.880000000000000671e-01,3.780000000000000027e-01,0.000000000000000000e+00,-2.000000000000000111e-01
1.760441780740000000e+12,7.000000000000000000e+00,1.200000000000000000e+01,1.000000000000000000e+00,1.000000000000000056e-01,0.000000000000000000e+00,-2.298003742596009813e-01,2.586365329094068577e-01,-2.390888448951791478e-01,2.493740830322486446e-01,6.393597113851011704e-01,5.271774228010945862e-01,6.879999999999999449e-01,3.780000000000000027e-01,5.899529526852173023e-01,4.781697514933791471e-01,3.840000000000000080e-01,4.040000000000000258e-01,2.000000000000000042e-02,0.000000000000000000e+00
1.760441780943000000e+12,7.000000000000000000e+00,1.200000000000000000e+01,1.000000000000000000e+00,1.000000000000000056e-01,0.000000000000000000e+00,-2.390888448951791478e-01,2.493740830322486446e-01,-2.483816506581567329e-01,2.435900763673242986e-01,5.899529526852173023e-01,4.781697514933791471e-01,5.879999999999999671e-01,4.040000000000000258e-01,5.405231347970386180e-01,4.475665416260545260e-01,3.840000000000000080e-01,4.540000000000000147e-01,2.000000000000000042e-02,0.000000000000000000e+00
0.000000000000000000e+00,0.000000000000000000e+00,0.000000000000000000e+00,0.000000000000000000e+00,0.000000000000000000e+00,0.000000000000000000e+00,0.000000000000000000e+00,0.000000000000000000e+00,0.000000000000000000e+00,0.000000000000000000e+00,0.000000000000000000e+00,0.000000000000000000e+00,0.000000000000000000e+00,0.000000000000000000e+00,0.000000000000000000e+00,0.000000000000000000e+00,0.000000000000000000e+00,0.000000000000000000e+00,0.000000000000000000e+00,0.000000000000000000e+00
1.760441786571000000e+12,8.000000000000000000e+00,1.200000000000000000e+01,3.000000000000000000e+00,0.000000000000000000e+00,0.000000000000000000e+00,-2.498686169324390305e-01,2.430356792668398047e-01,-3.414750495633627758e-01,1.596030362490900856e-01,5.326137397210689572e-01,4.446332236340730937e-01,5.000000000000000000e-01,4.619999999999999662e-01,4.534548104594256918e-02,3.190667984603615115e-03,3.840000000000000080e-01,4.619999999999999662e-01,0.000000000000000000e+00,0.000000000000000000e+00
1.760441786775000000e+12,8.000000000000000000e+00,1.200000000000000000e+01,3.000000000000000000e+00,0.000000000000000000e+00,0.000000000000000000e+00,-3.414750495633627758e-01,1.596030362490900856e-01,-3.497546744368631999e-01,1.590963623357911361e-01,4.534548104594256918e-02,3.190667984603615115e-03,5.999999999999999778e-01,4.619999999999999662e-01,1.304923208174350738e-03,5.098536285245166113e-04,5.000000000000000000e-01,5.000000000000000000e-01,0.000000000000000000e+00,0.000000000000000000e+00
1.760441786978000000e+12,8.000000000000000000e+00,1.200000000000000000e+01,3.000000000000000000e+00,1.000000000000000056e-01,2.000000000000000000e+00,-3.497546744368631999e-01,1.590963623357911361e-01,-3.497759907124737278e-01,1.593252900942950245e-01,1.304923208174350738e-03,5.098536285245166113e-04,5.999999999999999778e-01,5.000000000000000000e-01,1.191538763437500516e-03,1.721111610026572220e-03,5.000000000000000000e-01,5.180000000000000160e-01,2.000000000000000042e-02,-2.000000000000000111e-01
1.760441787182000000e+12,8.000000000000000000e+00,1.200000000000000000e+01,3.000000000000000000e+00,1.000000000000000056e-01,2.000000000000000000e+00,-3.497768442208090134e-01,1.593817123490695598e-01,-3.497981201007679397e-01,1.628756113449929821e-01,1.186998825483853454e-03,2.019642058569086525e-03,5.999999999999999778e-01,5.200000000000000178e-01,1.073829251234245316e-03,2.050588013223799203e-02,5.000000000000000000e-01,5.699999999999999512e-01,2.000000000000000042e-02,-2.000000000000000111e-01
1.760441787386000000e+12,8.000000000000000000e+00,1.200000000000000000e+01,3.000000000000000000e+00,0.000000000000000000e+00,2.000000000000000000e+00,-3.497981201007679397e-01,1.628756113449929821e-01,-3.498193695533472480e-01,1.703373068811894209e-01,1.073829251234245316e-03,2.050588013223799203e-02,5.000000000000000000e-01,5.699999999999999512e-01,9.608002481528179995e-04,5.998575069412391547e-02,5.000000000000000000e-01,6.119999999999999885e-01,0.000000000000000000e+00,-2.000000000000000111e-01
1.760441787589000000e+12,8.000000000000000000e+00,1.200000000000000000e+01,3.000000000000000000e+00,0.000000000000000000e+00,1.000000000000000000e+00,-3.498202282707472133e-01,1.706961770666547695e-01,-3.460675114995304114e-01,1.796677807350561817e-01,9.562326024083221210e-04,6.188453474420512607e-02,5.000000000000000000e-01,6.119999999999999885e-01,2.091749202377429090e-02,1.093533372225194839e-01,5.999999999999999778e-01,6.119999999999999885e-01,0.000000000000000000e+00,2.000000000000000111e-01
1.760441787792000000e+12,8.000000000000000000e+00,1.200000000000000000e+01,3.000000000000000000e+00,0.000000000000000000e+00,2.000000000000000000e+00,-3.460675114995304114e-01,1.796677807350561817e-01,-3.418586327144437775e-01,1.886400015285544518e-01,2.091749202377429090e-02,1.093533372225194839e-01,3.999999999999999667e-01,6.119999999999999885e-01,4.330514513593724385e-02,1.568254049129865213e-01,5.000000000000000000e-01,6.119999999999999885e-01,0.000000000000000000e+00,-2.000000000000000111e-01
1.760441787995000000e+12,8.000000000000000000e+00,1.200000000000000000e+01,3.000000000000000000e+00,0.000000000000000000e+00,2.000000000000000000e+00,-3.418586327144437775e-01,1.886400015285544518e-01,-3.456469961207161434e-01,1.976137835222607775e-01,4.330514513593724385e-02,1.568254049129865213e-01,3.999999999999999667e-01,6.119999999999999885e-01,2.315427595363742097e-02,2.043057329220147045e-01,3.999999999999999667e-01,6.119999999999999885e-01,0.000000000000000000e+00,-2.000000000000000111e-01
1.760441788199000000e+12,8.000000000000000000e+00,1.200000000000000000e+01,3.000000000000000000e+00,0.000000000000000000e+00,1.000000000000000000e+00,-3.459647056352995742e-01,1.979727603797824809e-01,-3.496399547069350411e-01,2.069475452603284360e-01,2.146433172712981091e-02,2.062050813745104905e-01,5.000000000000000000e-01,6.119999999999999885e-01,1.915134537579450767e-03,2.536907156631134641e-01,5.320000000000000284e-01,6.119999999999999885e-01,0.000000000000000000e+00,2.000000000000000111e-01
1.760441788402000000e+12,8.000000000000000000e+00,1.200000000000000000e+01,3.000000000000000000e+00,-1.000000000000000056e-01,1.000000000000000000e+00,-3.496399547069350411e-01,2.069475452603284360e-01,-3.433356209675341719e-01,2.159063823308196572e-01,1.915134537579450767e-03,2.536907156631134641e-01,5.040000000000000036e-01,6.119999999999999885e-01,3.544882464077556833e-02,3.010919700043368508e-01,6.319999999999998952e-01,6.059999999999999831e-01,-2.000000000000000042e-02,2.000000000000000111e-01
1.760441788605000000e+12,8.000000000000000000e+00,1.200000000000000000e+01,3.000000000000000000e+00,-1.000000000000000056e-01,0.000000000000000000e+00,-3.433356209675341719e-01,2.159063823308196572e-01,-3.328034894151944423e-01,2.225187966094872849e-01,3.544882464077556833e-02,3.010919700043368508e-01,6.039999999999999813e-01,6.059999999999999831e-01,9.147080098300817974e-02,3.360782889390862005e-01,6.319999999999998952e-01,5.560000000000000497e-01,-2.000000000000000042e-02,0.000000000000000000e+00
1.760441788808000000e+12,8.000000000000000000e+00,1.200000000000000000e+01,3.000000000000000000e+00,0.000000000000000000e+00,0.000000000000000000e+00,-3.323820551891739639e-01,2.227001988760410889e-01,-3.218454409889986989e-01,2.253217523597786653e-01,9.371247239801072659e-02,3.370380892912227533e-01,6.039999999999999813e-01,5.540000000000000480e-01,1.497582926117089486e-01,3.509087426443315838e-01,6.319999999999998952e-01,5.200000000000000178e-01,0.000000000000000000e+00,0.000000000000000000e+00
1.760441789011000000e+12,8.000000000000000000e+00,1.200000000000000000e+01,3.000000000000000000e+00,0.000000000000000000e+00,2.000000000000000000e+00,-3.218454409889986989e-01,2.253217523597786653e-01,-3.150754846230195971e-01,2.269373183207282207e-01,1.497582926117089486e-01,3.509087426443315838e-01,5.000000000000000000e-01,5.200000000000000178e-01,1.857686988137254580e-01,3.594567106916837229e-01,5.320000000000000284e-01,5.200000000000000178e-01,0.000000000000000000e+00,-2.000000000000000111e-01
1.760441789214000000e+12,8.000000000000000000e+00,1.200000000000000000e+01,3.000000000000000000e+00,1.000000000000000056e-01,1.000000000000000000e+00,-3.150754846230195971e-01,2.269373183207282207e-01,-3.093752763581938958e-01,2.285530112443783235e-01,1.857686988137254580e-01,3.594567106916837229e-01,5.999999999999999778e-01,5.200000000000000178e-01,2.160889555415217433e-01,3.680053504993562319e-01,6.239999999999998881e-01,5.220000000000000195e-01,2.000000000000000042e-02,2.000000000000000111e-01
1.760441789418000000e+12,8.000000000000000000e+00,1.200000000000000000e+01,3.000000000000000000e+00,1.000000000000000056e-01,0.000000000000000000e+00,-3.089825065561772610e-01,2.286224179896460262e-01,-2.987656865346170476e-01,2.324414502770246749e-01,2.181781566160783115e-01,3.683725819557991388e-01,5.000000000000000000e-01,5.240000000000000213e-01,2.725229439648028662e-01,3.885791019948395819e-01,6.279999999999998916e-01,5.739999999999999547e-01,2.000000000000000042e-02,0.000000000000000000e+00
1.760441789621000000e+12,8.000000000000000000e+00,1.200000000000000000e+01,3.000000000000000000e+00,0.000000000000000000e+00,0.000000000000000000e+00,-2.987656865346170476e-01,2.324414502770246749e-01,-2.885443844142073222e-01,2.388119133639355351e-01,2.725229439648028662e-01,3.885791019948395819e-01,5.919999999999999707e-01,5.739999999999999547e-01,3.268915722648546018e-01,4.222852558938388623e-01,6.279999999999998916e-01,5.799999999999999600e-01,0.000000000000000000e+00,0.000000000000000000e+00
1.760441789826000000e+12,8.000000000000000000e+00,1.200000000000000000e+01,3.000000000000000000e+00,-1.000000000000000056e-01,0.000000000000000000e+00,-2.885443844142073222e-01,2.388119133639355351e-01,-2.779133983466879898e-01,2.446394623813272773e-01,3.268915722648546018e-01,4.222852558938388623e-01,5.959999999999999742e-01,5.799999999999999600e-01,3.834393704963404148e-01,4.531188485784512499e-01,6.279999999999998916e-01,5.460000000000000409e-01,-2.000000000000000042e-02,0.000000000000000000e+00
1.760441790029000000e+12,8.000000000000000000e+00,1.200000000000000000e+01,3.000000000000000000e+00,0.000000000000000000e+00,0.000000000000000000e+00,-2.779133983466879898e-01,2.446394623813272773e-01,-2.676905297304852938e-01,2.470154180822738132e-01,3.834393704963404148e-01,4.531188485784512499e-01,6.959999999999999520e-01,5.460000000000000409e-01,4.378163312208228630e-01,4.656900427633535733e-01,6.279999999999998916e-01,5.240000000000000213e-01,0.000000000000000000e+00,0.000000000000000000e+00
1.760441790232000000e+12,8.000000000000000000e+00,1.200000000000000000e+01,3.000000000000000000e+00,0.000000000000000000e+00,2.000000000000000000e+00,-2.676905297304852938e-01,2.470154180822738132e-01,-2.612362613105927434e-01,2.489518529682861470e-01,4.378163312208228630e-01,4.656900427633535733e-01,6.959999999999999520e-01,5.240000000000000213e-01,4.721475462202512907e-01,4.759357299909320327e-01,5.279999999999999138e-01,5.240000000000000213e-01,0.000000000000000000e+00,-2.000000000000000111e-01
0.000000000000000000e+00,0.000000000000000000e+00,0.000000000000000000e+00,0.000000000000000000e+00,0.000000000000000000e+00,0.000000000000000000e+00,0.000000000000000000e+00,0.000000000000000000e+00,0.000000000000000000e+00,0.000000000000000000e+00,0.000000000000000000e+00,0.000000000000000000e+00,0.000000000000000000e+00,0.000000000000000000e+00,0.000000000000000000e+00,0.000000000000000000e+00,0.000000000000000000e+00,0.000000000000000000e+00,0.000000000000000000e+00,0.000000000000000000e+00
