-0.118829,0.093316,-0.026010,-0.049246
-0.168129,-0.168102,0.000775,-0.061739
-0.137590,-0.423284,0.142166,0.047849
-0.066426,-0.420697,0.049885,0.072327
-0.057327,-0.327097,0.049239,0.095357
0.025221,-0.162565,0.085551,0.132899
0.269067,0.019033,0.047903,0.113248
0.082208,0.025048,-0.521360,0.049118
0.090620,0.042888,-0.543564,0.040391
0.420135,0.079664,0.033344,0.062472
0.429060,0.075585,0.044090,0.047694
0.102109,0.037018,-0.539568,0.010892
0.077274,0.034211,-0.525517,0.017158
0.129641,0.075994,-0.221254,-0.030880
0.317938,0.109515,0.199172,-0.024487
0.028857,0.075308,-0.240962,-0.152532
-0.034574,0.051915,-0.381593,-0.032958
0.183293,0.155553,0.190061,0.062128
0.059867,0.017862,0.293323,0.131382
0.131181,0.152066,-0.053447,-0.027882
0.041399,0.150658,-0.001383,-0.026977
-0.094763,0.107315,0.041273,-0.035188
-0.328460,0.049263,0.040556,-0.042283
-0.444062,0.007896,0.081173,-0.036471
-0.309657,0.019504,0.226453,-0.105077
0.023947,0.065533,0.564944,-0.051637
0.038352,0.062847,0.552066,-0.050477
0.091750,0.068835,0.482681,-0.040478
-0.168838,0.045404,-0.043839,-0.000271
-0.331818,0.003235,-0.001361,-0.003318
-0.441156,-0.018939,0.075154,-0.005919
0.023138,0.019691,0.548808,0.007065
0.052113,0.007607,0.541999,0.000923
0.056930,0.009517,0.527872,0.006606
-0.163657,-0.186620,0.148419,-0.003532
-0.224465,-0.049218,-0.113775,-0.006918
-0.142652,-0.205070,0.117022,-0.010417
0.125604,-0.018558,0.465075,0.005342
0.127034,-0.105294,0.315470,0.019849
-0.114725,-0.043180,-0.234128,-0.004422
-0.130678,-0.033444,-0.232706,-0.000308
-0.055118,-0.198029,0.151780,-0.011008
0.163189,-0.018371,0.451049,-0.012345
0.203858,-0.052851,0.316300,-0.064143
-0.065436,-0.004913,-0.254669,-0.072192
-0.087374,0.014918,-0.252707,-0.072047
-0.021293,-0.022846,0.118166,-0.281568
0.210567,0.036027,0.427420,-0.071226
0.261382,0.040645,0.374827,-0.074069
0.355837,0.060858,0.269222,-0.083141
0.094966,0.065783,-0.291383,-0.224208
0.026734,0.031185,-0.414856,-0.040270
-0.081744,0.040278,-0.339833,-0.015802
0.215181,0.071472,0.281938,0.034177
0.227338,0.063384,0.252529,0.059512
-0.098559,0.067182,-0.354059,0.044656
-0.102811,0.052557,-0.391795,0.044844
-0.194053,0.043399,-0.281996,0.035443
0.045245,0.138076,0.302023,0.101992
0.098585,0.130421,0.339268,0.032590
-0.237926,0.062442,-0.106687,-0.085448
-0.131872,-0.010560,-0.418135,0.172047
-0.120674,0.003465,0.134685,-0.152077
0.189554,0.062794,0.156372,-0.163099
0.358899,0.101938,0.117935,-0.098097
0.100438,0.038833,-0.449691,-0.086644
0.123197,0.037517,-0.502103,-0.055761
0.489389,0.102104,0.018368,-0.035624
0.475673,0.088872,0.031646,-0.009338
0.113629,0.031386,-0.538821,-0.003039
0.076518,0.036080,-0.532169,0.022499
0.248948,0.153893,-0.091464,0.167165
0.154506,0.141438,-0.123421,0.153685
-0.042337,0.044268,-0.421927,0.022795
-0.107468,0.035049,-0.336334,0.011857
-0.220198,0.040323,-0.204389,-0.012944
-0.316587,0.055414,0.032050,-0.167597
0.111435,0.068108,0.476958,-0.053712
0.185726,0.048345,0.421176,-0.052459
0.266955,0.042249,0.335962,-0.042380
-0.041297,0.012552,-0.291939,-0.076120
-0.067727,-0.004454,-0.280255,-0.044766
0.255892,0.016364,0.351840,-0.021619
0.263242,-0.003819,0.333576,0.009746
-0.033101,-0.046412,-0.257859,0.022336
-0.066470,0.014007,-0.369648,0.024905
-0.181961,0.027845,-0.271116,0.028033
0.142752,0.076044,0.344013,0.039958
0.167049,0.060500,0.343815,0.031424
0.143732,0.160834,0.165472,0.074075
-0.019950,0.003763,0.177047,0.161603
0.116045,0.172057,-0.041477,0.001286
0.003701,0.169100,0.061729,0.020148
0.019616,0.173287,0.062098,0.010321
0.024385,0.169977,0.061076,-0.018263
-0.003514,0.149034,0.053333,-0.043682
-0.057255,0.119048,0.043010,-0.051885
-0.301596,0.051695,0.040542,-0.061964
-0.443498,0.011462,0.081461,-0.041248
-0.307093,-0.000470,0.234254,-0.042705
0.007280,0.057333,0.539701,-0.001536
0.028877,0.048509,0.534257,-0.008857
0.088377,0.053976,0.485694,-0.025259
0.123118,0.121185,0.395819,-0.052794
-0.162746,0.042410,-0.195256,-0.081619
-0.176696,0.043440,-0.185915,-0.078040
-0.202712,0.043580,0.091426,-0.326826
0.163149,0.032735,0.473450,-0.066545
0.238027,-0.007430,0.431672,-0.059482
0.354554,-0.048114,0.341290,-0.045155
0.082200,-0.147405,-0.242696,-0.079249
0.017512,-0.065768,-0.346974,-0.001976
-0.069308,-0.066634,-0.278216,0.017417
0.246947,-0.022034,0.339854,0.036878
0.252804,-0.012556,0.322260,0.040169
-0.064222,-0.032317,-0.288919,0.026526
-0.073017,0.013244,-0.365112,0.027676
-0.189187,0.028679,-0.266350,0.029650
0.106320,0.094070,0.317873,0.084323
0.149917,0.081470,0.333274,0.038118
-0.168801,0.045438,-0.043812,-0.000270
-0.088626,-0.042753,-0.257701,-0.007873
-0.323883,-0.069765,0.071261,-0.008714
0.039412,0.020570,0.129225,-0.029477
0.159977,-0.002012,0.038699,-0.084593
0.053278,0.010925,-0.374111,-0.086130
0.091819,0.015015,-0.451626,-0.052382
0.492099,0.062063,0.053644,-0.045769
0.491648,0.062358,0.065304,-0.037587
0.120706,0.028419,-0.513413,-0.031901
0.105169,0.026252,-0.514107,-0.014258
0.357799,0.063345,-0.046227,0.018038
0.356724,0.082098,0.005930,0.029765
0.026171,0.033689,-0.438081,-0.018984
-0.028669,0.039660,-0.390439,-0.017755
-0.167325,0.042519,-0.251953,-0.020451
0.156562,0.091455,0.364052,-0.009284
0.181534,0.074847,0.355280,-0.008874
-0.110524,0.056025,-0.266428,-0.076268
-0.032036,0.129919,0.039804,0.001021
0.054951,0.018142,0.293798,0.134575
0.115414,0.141003,-0.042281,-0.049087
-0.003694,0.102344,-0.019152,-0.071228
-0.323607,0.026123,0.051792,-0.099895
-0.450532,0.020344,0.113900,-0.078344
-0.168362,0.106571,0.402107,-0.094551
-0.023271,0.082593,0.577363,-0.034082
-0.010549,0.083384,0.550275,-0.028198
-0.390395,0.013502,0.032668,-0.052959
-0.373058,0.000046,0.019252,-0.043424
0.054117,0.029669,0.518672,0.000317
0.119118,0.028973,0.439505,0.015190
0.176863,0.046880,0.333478,0.045558
-0.168966,0.046631,-0.302352,0.043114
-0.278010,0.052578,-0.127657,-0.043803
0.178415,-0.133791,0.459885,-0.113020
-0.297825,-0.179360,0.071173,0.015643
-0.293879,-0.154956,0.018438,0.037108
-0.417161,-0.098518,0.073788,0.049196
-0.232516,-0.141896,0.396047,0.154845
-0.052442,0.046680,0.543091,0.059255
-0.095829,0.072154,0.410594,0.193688
-0.406591,0.040791,-0.107429,0.076050
-0.386700,0.040871,-0.112244,0.060873
-0.035166,0.106560,0.425061,0.106220
0.050856,0.077709,0.451846,0.022376
-0.299642,0.043360,-0.119594,-0.021334
-0.273440,0.042786,-0.120835,-0.045722
-0.215290,0.061006,-0.096124,-0.087928
-0.001250,0.009176,0.207960,0.158924
0.123626,0.165481,-0.062771,-0.003665
-0.014729,0.163232,0.060832,0.023858
0.002612,0.168368,0.060871,0.025329
0.028011,0.173791,0.062175,-0.006517
0.011556,0.160958,0.058125,-0.030869
-0.031240,0.130339,0.046273,-0.056259
-0.092213,0.094443,0.036102,-0.065538
-0.321263,0.037963,0.046957,-0.074626
-0.445528,0.012563,0.098732,-0.060569
-0.321192,0.034484,0.232049,-0.089768
-0.002405,0.071729,0.551134,-0.017685
0.016619,0.064428,0.542257,-0.020517
0.079846,0.069636,0.495924,-0.042616
0.129209,0.132804,0.382603,-0.052102
-0.166658,0.041589,-0.213315,-0.058827
-0.188319,0.031701,-0.212127,-0.028465
-0.263723,0.007716,0.033106,-0.167511
0.134316,0.033792,0.461140,-0.026459
0.199363,0.028814,0.373183,0.001396
0.268802,0.031730,0.261862,0.040368
0.234533,0.130536,-0.071979,0.162306
-0.024129,0.040502,-0.437045,0.023467
-0.102471,0.036361,-0.356624,0.025631
-0.251276,0.046669,-0.236609,0.044008
-0.008021,0.124474,0.332854,0.152275
0.060645,0.094857,0.390024,0.057254
-0.240563,0.037286,-0.226528,0.032596
-0.222722,0.034929,-0.224531,0.015116
-0.071604,0.112018,0.251253,-0.011629
0.098315,0.126388,0.394451,-0.018898
-0.293652,0.050372,-0.128924,-0.024977
0.112213,0.009405,0.349360,0.093694
-0.399882,-0.013608,0.039530,-0.001529
-0.402038,-0.025678,0.043443,-0.002171
-0.260845,-0.035055,0.279723,-0.010435
0.048749,0.019134,0.549096,-0.014362
0.064996,0.026613,0.546293,-0.035200
-0.139843,-0.026496,0.256083,-0.276254
0.065299,0.055477,0.401831,-0.155697
0.171048,0.066003,0.444517,-0.078819
-0.132415,0.048717,-0.153256,-0.160257
-0.157771,0.051666,-0.185869,-0.105237
0.186863,0.149787,0.189720,0.063022
0.191824,-0.144323,0.468449,-0.097582
-0.151982,-0.188920,-0.023428,-0.003246
-0.072726,-0.198105,-0.061640,0.018406
-0.075856,-0.198280,-0.056135,0.044466
-0.089262,-0.164994,-0.053052,0.080663
-0.133927,-0.114132,-0.054200,0.115789
-0.225343,-0.057107,-0.044728,0.125207
-0.385717,-0.029763,-0.003445,0.095213
-0.465895,0.013370,0.037935,0.083279
-0.494267,0.029210,0.074554,0.075774
-0.440120,0.031343,0.136828,0.054431
-0.121805,0.087711,0.467467,0.087751
-0.073572,0.108987,0.486499,0.062635
-0.434406,0.037099,0.026267,-0.026149
-0.400343,0.038734,0.015185,-0.050782
0.018162,0.086471,0.541746,-0.043696
0.057541,0.073645,0.522158,-0.050555
0.090484,0.121505,0.372374,0.001837
-0.191384,0.028931,-0.197773,-0.036985
-0.198609,0.016133,-0.184477,-0.030257
-0.287846,-0.024831,0.032802,-0.115943
0.117288,0.029225,0.452286,0.003988
0.182487,0.036014,0.352067,0.032122
0.244205,0.044398,0.251015,0.063093
0.205418,0.160630,-0.070659,0.224420
-0.047408,0.046932,-0.428387,0.031659
-0.108343,0.036591,-0.340647,0.015435
-0.230997,0.043386,-0.205582,-0.004016
-0.335457,0.058355,0.021486,-0.117217
0.087984,0.065183,0.459015,-0.009393
0.166446,0.058682,0.388329,-0.010670
0.233706,0.070111,0.306018,-0.007053
-0.082081,0.061996,-0.310225,-0.062985
0.160648,0.161040,0.177329,0.071706
-0.031927,-0.116551,0.242226,-0.176877
-0.057647,-0.212546,-0.047594,-0.033071
-0.107561,-0.241878,0.010184,-0.029289
-0.107634,-0.249380,0.009728,-0.017912
-0.111607,-0.256565,0.008555,0.001296
-0.118606,-0.259144,0.007049,0.022062
-0.135624,-0.251028,0.006872,0.046458
-0.174069,-0.220317,0.007828,0.076054
-0.241719,-0.172923,0.004402,0.091386
-0.304148,-0.118173,0.003812,0.090184
-0.360102,-0.060922,0.001267,0.092100
-0.463249,-0.006354,0.035309,0.078503
-0.487332,0.044570,0.088125,0.076832
-0.431984,0.051220,0.154042,0.048369
-0.097085,0.092180,0.504747,0.057290
-0.060791,0.103835,0.510334,0.039355
-0.462432,0.039338,0.031556,-0.005523
-0.450518,0.039428,0.020133,-0.006186
-0.002529,0.079219,0.519520,0.006578
0.063427,0.066544,0.467018,0.005800
0.082893,0.109217,0.385300,0.025363
-0.202042,0.044429,-0.241476,0.001878
-0.213725,0.042767,-0.233272,0.007021
0.027821,0.132444,0.344827,0.091923
0.076180,0.110833,0.383273,0.032472
-0.202246,0.044554,-0.231316,-0.008202
-0.200931,0.043487,-0.205150,-0.034616
-0.288398,0.050770,-0.128969,-0.030555
-0.167561,-0.174948,0.011066,-0.065758
0.003109,-0.459254,0.059329,0.000100
-0.008998,-0.471778,0.058337,0.025931
-0.036025,-0.466510,0.056322,0.053185
-0.070720,-0.422203,0.049687,0.086264
-0.044992,-0.291379,0.056285,0.133193
0.084921,-0.057428,0.118722,0.174493
0.286327,0.067972,0.063460,0.107742
0.089594,0.032032,-0.506631,0.026797
0.104036,0.040011,-0.535759,0.018617
0.422063,0.077254,0.043523,0.052824
0.417848,0.071918,0.054772,0.053345
0.101929,0.039216,-0.539958,0.018205
0.056006,0.033046,-0.518485,0.032248
-0.001148,0.037165,-0.448175,0.014956
-0.111916,0.047392,-0.310793,-0.021520
0.193816,0.072421,0.340500,-0.003953
0.214511,0.058645,0.331870,-0.002241
-0.068373,0.053028,-0.285170,-0.080456
-0.087093,0.056283,-0.299150,-0.067244
0.233637,0.089429,0.331059,-0.051340
0.233592,0.065830,0.328003,-0.024638
-0.056095,0.063555,-0.276644,-0.113915
-0.095358,0.052725,-0.302777,-0.051740
0.218180,0.067936,0.329289,-0.012621
0.230315,0.053130,0.295522,0.023818
0.126040,0.151160,-0.092873,0.115558
-0.052112,0.044554,-0.411324,0.021680
-0.114551,0.037341,-0.342426,0.022596
-0.271867,0.045076,-0.202674,0.032257
-0.027761,0.135561,0.334088,0.154534
0.051491,0.111689,0.391708,0.047856
-0.219397,0.044724,-0.201159,-0.021377
-0.231902,0.043693,-0.187594,-0.021407
-0.168801,0.045438,-0.043812,-0.000270
-0.154365,-0.177377,-0.003806,-0.061642
-0.203986,-0.324600,0.134352,0.000402
-0.066511,-0.391321,0.055150,0.005677
-0.073842,-0.403223,0.052927,0.027443
-0.099682,-0.404064,0.051822,0.057573
-0.136937,-0.370390,0.047059,0.087648
-0.137017,-0.275891,0.050447,0.121166
-0.050166,-0.100622,0.099371,0.166411
0.202823,0.039003,0.062249,0.136596
0.073889,0.028319,-0.496832,0.020419
0.101468,0.033991,-0.529938,0.005217
0.446124,0.080395,0.027341,0.033402
0.438552,0.074780,0.047420,0.032827
0.115146,0.036557,-0.540512,0.001135
0.097601,0.034886,-0.538675,0.009531
0.341734,0.145510,-0.050242,0.102919
0.311939,0.142164,-0.022803,0.108916
0.000803,0.044445,-0.450243,0.007792
-0.080918,0.038394,-0.362166,0.007541
-0.299959,0.049207,-0.127685,-0.018758
0.042252,-0.110363,0.318843,-0.168919
-0.104407,-0.206207,-0.032338,0.006784
-0.117451,-0.202546,-0.031610,0.031927
-0.143352,-0.181537,-0.033199,0.062765
-0.189353,-0.141327,-0.031851,0.085437
-0.305197,-0.095672,-0.003320,0.082294
-0.448139,-0.031049,0.040058,0.069835
-0.471575,0.048998,0.109029,0.082418
-0.424744,0.063657,0.167461,0.055652
-0.118174,0.089772,0.488285,0.064938
-0.058922,0.095898,0.523910,0.039236
-0.475351,0.039126,0.028093,0.011303
-0.464918,0.038823,0.021709,0.007398
0.004410,0.076720,0.521026,0.000633
0.081664,0.066657,0.472989,-0.018521
0.006898,0.143072,0.070715,0.023905
0.071632,-0.107542,0.353113,-0.165670
0.005940,-0.149222,-0.074532,0.019555
-0.141075,-0.182149,-0.033958,0.033318
-0.245482,-0.152489,0.007969,0.061167
-0.315159,-0.104133,0.003494,0.084117
-0.458246,-0.028486,0.036604,0.079434
-0.476565,0.046410,0.102016,0.078839
-0.408845,0.069672,0.184353,0.055741
-0.085928,0.092250,0.524371,0.041135
-0.052226,0.097172,0.527710,0.026656
-0.465585,0.038751,0.029500,0.000389
-0.457297,0.039264,0.021684,-0.000666
0.009614,0.075790,0.501082,0.016303
0.075615,0.064080,0.456052,0.007042
-0.110902,0.111837,-0.015917,-0.041514
-0.145943,-0.014187,-0.405834,0.175429
0.099838,0.006829,0.179909,-0.055138
0.293187,-0.012015,0.052402,-0.041753
0.075985,0.007069,-0.428412,-0.050749
0.104207,0.012316,-0.464711,-0.049004
0.436628,0.027223,-0.029006,-0.102787
0.478109,0.073800,0.028243,-0.070982
0.121127,0.030946,-0.496215,-0.053050
0.078553,0.034014,-0.474080,-0.035689
0.099832,0.072879,-0.245753,-0.077234
0.313487,0.107223,0.176320,0.004855
0.027385,0.080107,-0.248244,-0.077627
-0.038648,0.051834,-0.395887,-0.014507
-0.262000,0.052719,-0.123248,-0.062489
0.100262,0.011725,0.324486,0.104662
-0.272020,0.004305,-0.032370,-0.000704
-0.252287,-0.003564,-0.052706,-0.021673
-0.429483,-0.003322,0.072369,-0.033090
0.003471,0.047636,0.535641,-0.043392
0.041462,0.045218,0.551392,-0.035286
0.037153,0.072562,0.534449,-0.041773
-0.334343,0.028685,-0.022617,-0.068934
-0.329193,0.034700,-0.034406,-0.068311
0.077599,0.072480,0.505580,-0.052871
0.140246,0.065372,0.451815,-0.054644
-0.278021,0.052766,-0.126548,-0.045002
-0.166959,-0.002355,-0.400813,0.178106
0.197164,0.056195,0.163115,-0.106416
0.314503,0.032385,0.076777,-0.110958
0.087720,0.028084,-0.432770,-0.080225
0.118686,0.032011,-0.486424,-0.061462
0.487840,0.099695,0.013592,-0.050827
0.481798,0.093085,0.028769,-0.023517
0.115180,0.034997,-0.531242,-0.015822
0.071286,0.036135,-0.519863,0.015267
0.097941,0.100247,-0.260241,0.055838
0.284790,0.111165,0.139230,0.063900
-0.063833,0.054574,-0.324134,-0.037191
-0.052590,0.044738,-0.358703,-0.030654
-0.248425,0.059586,-0.113900,-0.080294
-0.107083,-0.204969,-0.017688,-0.067446
-0.063227,-0.427655,0.119179,-0.024874
0.018199,-0.477147,0.058321,0.003721
0.007857,-0.491138,0.057544,0.028832
-0.019484,-0.486971,0.056642,0.054693
-0.055478,-0.455313,0.053614,0.075717
-0.069904,-0.381158,0.046281,0.088636
-0.019195,-0.242783,0.065425,0.124433
0.087870,-0.056999,0.119588,0.142883
0.284862,0.041872,0.059278,0.076255
0.098391,0.022901,-0.505965,0.003456
0.115590,0.022261,-0.531637,0.003684
0.459456,0.069453,0.020606,0.029841
0.450416,0.070794,0.033716,0.035093
0.100888,0.031388,-0.551749,0.024517
0.070937,0.036389,-0.538994,0.034904
0.201074,0.144486,-0.153941,0.127424
0.099586,0.125346,-0.174094,0.058592
-0.033842,0.045625,-0.418111,0.009125
-0.101145,0.036686,-0.337234,0.004663
-0.219693,0.042959,-0.198872,-0.021604
-0.301564,0.048626,-0.127439,-0.016823
-0.171318,-0.172879,0.012275,-0.065280
0.000088,-0.462337,0.059286,0.006256
-0.016006,-0.470283,0.058113,0.032172
-0.046643,-0.457512,0.055129,0.060072
-0.071470,-0.398871,0.047288,0.084846
-0.038683,-0.278913,0.057407,0.110096
0.071449,-0.082955,0.110941,0.150087
0.291524,0.063957,0.063761,0.103586
0.085482,0.031054,-0.516702,0.024294
0.106532,0.034343,-0.538049,0.011959
0.439425,0.083646,0.022223,0.045177
0.430329,0.077002,0.043089,0.045093
0.114723,0.035761,-0.538575,-0.006639
0.088171,0.036944,-0.525799,0.003606
0.306608,0.142970,-0.029881,0.128902
0.242916,0.143466,-0.039726,0.102337
-0.009218,0.044835,-0.416497,-0.016329
-0.078090,0.036897,-0.335796,-0.020165
-0.283064,0.051935,-0.128472,-0.037465
0.109246,0.011575,0.377223,0.086998
-0.403030,-0.014058,0.130591,-0.061616
-0.443517,0.007922,0.101516,-0.062008
0.036572,0.059038,0.548437,-0.041717
0.056139,0.053843,0.544392,-0.051589
-0.212667,0.057895,0.197176,-0.305119
-0.081231,0.100003,0.267008,-0.239984
0.158286,0.053647,0.450873,-0.060017
0.224161,0.049126,0.369196,-0.039711
0.287080,0.050991,0.287646,-0.022939
0.370051,0.150876,0.073551,-0.016863
0.026466,0.036642,-0.425531,-0.034785
-0.038043,0.030445,-0.371651,-0.017959
-0.204620,0.043189,-0.234505,-0.001264
0.153088,0.079893,0.356883,0.012920
0.175110,0.063264,0.352751,0.011663
-0.111913,0.073202,-0.215902,-0.040988
-0.243398,0.055889,-0.113632,-0.081454
0.075417,-0.108305,0.356516,-0.163956
-0.132325,-0.172400,-0.040527,0.049037
-0.055398,-0.145818,-0.072271,0.081673
-0.168898,-0.109770,-0.057265,0.087342
-0.344781,-0.067359,0.003570,0.075677
-0.460835,-0.011967,0.040722,0.067070
-0.476773,0.047920,0.106212,0.060559
-0.425291,0.062272,0.167177,0.030884
-0.079373,0.095068,0.533089,0.025389
-0.070678,0.099739,0.512137,0.033741
-0.456756,0.036714,0.031328,-0.008327
-0.444711,0.036947,0.018731,-0.008091
-0.011817,0.079565,0.512883,0.022153
0.052393,0.066595,0.456105,0.027694
-0.168828,0.045413,-0.043832,-0.000270
-0.154401,-0.177364,-0.003780,-0.061646
-0.204195,-0.324372,0.134333,0.000396
-0.066242,-0.390336,0.055112,0.004450
-0.063336,-0.391242,0.053070,0.004489
-0.068532,-0.399510,0.053042,0.018122
-0.088287,-0.406950,0.052359,0.047105
-0.126687,-0.387887,0.049117,0.081388
-0.141465,-0.295563,0.048683,0.133329
-0.023411,-0.064428,0.111348,0.209540
0.198998,0.063493,0.052659,0.177004
0.224034,0.101572,-0.335982,0.241237
0.052345,0.034959,-0.534329,0.049826
0.055437,0.028452,-0.517288,0.036200
0.063672,0.026729,-0.511175,0.023753
0.023738,-0.003087,-0.294822,-0.045066
0.299891,0.108267,0.212810,-0.020700
-0.021632,0.052457,-0.274951,-0.150079
-0.061467,0.059368,-0.309524,-0.085569
0.248084,0.084352,0.318197,-0.047848
0.263016,0.064701,0.320742,-0.045673
-0.029942,0.047057,-0.286093,-0.127475
-0.076944,0.036507,-0.308442,-0.048285
0.227282,0.052451,0.319358,0.003692
0.237363,0.045613,0.278450,0.041355
0.103041,0.136794,-0.147301,0.150764
-0.061251,0.045713,-0.414896,0.033233
-0.122335,0.036789,-0.344708,0.033380
-0.266215,0.042304,-0.221471,0.048178
-0.175028,0.122382,0.197567,0.171989
-0.018837,0.130449,0.332619,0.141987
-0.225901,0.036175,-0.200144,-0.007339
-0.226536,0.037607,-0.187347,-0.020926
-0.375212,0.050970,0.015517,-0.088419
0.081616,0.070671,0.467945,-0.017443
0.157157,0.061598,0.407481,-0.023448
0.217811,0.074934,0.336533,-0.026492
-0.089073,0.058250,-0.295608,-0.070708
-0.121333,0.044960,-0.276036,-0.044800
0.202994,0.086296,0.332253,-0.018779
0.202557,0.058556,0.331939,0.009734
-0.122097,0.054618,-0.289724,-0.012725
-0.245659,0.054415,-0.115315,-0.079350
0.060950,-0.107739,0.341333,-0.168020
-0.096046,-0.183338,-0.050275,0.043478
-0.037224,-0.141325,-0.090026,0.067302
-0.294944,-0.119038,0.003860,0.080134
-0.438890,-0.048188,0.042409,0.070486
-0.470996,0.039352,0.108199,0.082099
-0.410440,0.071232,0.181651,0.089562
-0.110569,0.088367,0.490007,0.084378
-0.071886,0.098667,0.506464,0.065171
-0.468344,0.039051,0.030329,0.001972
-0.455826,0.039003,0.024140,-0.004422
0.006700,0.076997,0.524912,-0.005820
0.084672,0.069763,0.478734,-0.030379
-0.310367,0.047755,-0.123498,-0.011095
-0.153903,-0.030019,-0.385242,0.177872
0.164721,-0.051674,0.141851,-0.005685
0.246949,-0.077598,0.031507,-0.055212
0.067087,-0.007308,-0.400424,-0.055752
0.096849,0.001225,-0.454629,-0.040572
0.465346,0.006972,0.031014,-0.038296
0.481473,0.032558,0.052301,-0.034049
0.113311,0.016146,-0.482397,-0.044220
0.082126,0.021295,-0.452871,-0.047758
0.112675,0.003801,-0.214325,-0.214945
0.350861,0.084486,0.222597,-0.055356
0.162042,0.084899,-0.129435,-0.187243
-0.004194,0.053022,-0.383284,-0.062745
-0.072837,0.063749,-0.288438,-0.092247
0.220951,0.062714,0.300114,0.019006
0.243933,0.052653,0.273298,0.032880
0.236444,0.147218,-0.016823,0.115534
-0.028271,0.046706,-0.425010,0.009368
-0.097255,0.037318,-0.350080,0.012900
-0.225164,0.043413,-0.216310,0.000852
-0.290991,0.050922,-0.128893,-0.028200
0.208441,-0.185070,0.484678,-0.078748
-0.219623,-0.252186,0.102922,-0.025243
-0.238643,-0.242378,0.094107,-0.008804
-0.234807,-0.278253,0.106569,0.009969
-0.175209,-0.466096,0.201004,0.043611
-0.181362,-0.477874,0.223926,0.041342
0.052104,-0.222850,0.448025,0.105781
0.185294,-0.091761,0.450700,0.052114
0.256083,-0.066639,0.348115,0.063501
-0.002853,-0.134772,-0.173374,0.116912
-0.102132,0.003479,-0.355010,0.056481
-0.217788,0.029280,-0.266730,0.058745
0.137153,0.070780,0.333685,0.061162
0.167614,0.062349,0.307843,0.064978
0.011684,0.130280,-0.095114,0.194403
-0.120205,0.044556,-0.370891,0.049350
-0.158456,0.037573,-0.321800,0.046069
-0.279930,0.026337,-0.174779,0.031168
-0.258980,0.090759,0.177871,-0.017733
0.094676,0.057063,0.469116,-0.018066
0.174071,0.047719,0.423512,-0.042514
0.229888,0.068083,0.354102,-0.049285
-0.037593,0.064361,-0.247913,-0.173967
-0.079102,0.057158,-0.261006,-0.114250
0.228935,0.064864,0.348307,-0.039318
0.241947,0.046381,0.323597,-0.009138
0.205595,0.136197,-0.006439,0.084845
-0.037494,0.043758,-0.422602,0.019130
-0.103190,0.037199,-0.353036,0.021874
-0.259340,0.047024,-0.221635,0.036742
-0.289043,0.050895,-0.128453,-0.030545
0.097053,0.013904,0.328735,0.106419
-0.293757,-0.000821,-0.027794,-0.005707
-0.284384,-0.009374,-0.039289,-0.032495
-0.433311,-0.000669,0.079296,-0.041227
0.021464,0.054325,0.563019,-0.037493
0.041848,0.048939,0.553214,-0.041213
0.050478,0.065682,0.532335,-0.045716
-0.305950,0.046625,0.028123,-0.165988
-0.288988,0.050284,0.002461,-0.160962
0.125969,0.068531,0.460657,-0.052368
0.190337,0.058107,0.409753,-0.055409
0.282651,0.076254,0.314332,-0.070457
-0.056081,0.029526,-0.302427,-0.068214
-0.089080,0.017762,-0.297221,-0.028670
0.208192,0.070784,0.303889,0.019555
0.206043,0.051148,0.301632,0.043953
-0.138090,0.050174,-0.328344,0.037035
-0.126360,0.051623,-0.367423,0.044953
0.137364,0.165006,0.162747,0.074078
-0.085444,-0.193617,-0.046777,-0.070974
0.119851,-0.183997,-0.333745,0.000761
0.378194,-0.330036,-0.025502,0.052100
0.448766,-0.216667,0.173648,0.055387
0.483102,-0.152641,0.033114,0.074267
0.135276,-0.068391,-0.501678,0.037955
0.083827,-0.051499,-0.472782,0.043329
0.092491,-0.118731,-0.220555,0.119642
0.291520,0.036249,0.190344,0.083083
0.154257,0.072498,-0.072561,0.206123
-0.052464,0.038483,-0.425539,0.042317
-0.122546,0.038425,-0.355249,0.042235
-0.288967,0.045883,-0.215005,0.060882
0.004951,0.103641,0.369731,0.124412
0.077169,0.080980,0.416373,0.028265
-0.225381,0.039605,-0.205539,-0.005896
-0.215127,0.041554,-0.191944,-0.031693
-0.277567,0.052115,-0.126335,-0.045025
-0.133606,-0.032621,-0.397239,0.173943
0.024041,-0.052485,0.177957,-0.008919
0.250203,-0.077953,0.031731,-0.052804
0.067120,-0.005587,-0.400682,-0.057737
0.098977,0.004397,-0.448622,-0.051946
0.408469,-0.014727,-0.050683,-0.116093
0.473442,0.059170,0.027307,-0.069017
0.117173,0.026657,-0.484337,-0.056697
0.075903,0.032913,-0.447029,-0.058996
0.054466,0.057877,-0.282954,-0.174652
0.286118,0.052743,0.263225,0.000675
0.293434,0.049884,0.254957,0.004371
0.335565,0.136133,-0.025078,0.051324
0.016140,0.043032,-0.445073,-0.011307
-0.063299,0.039462,-0.363565,-0.009788
-0.309218,0.046578,-0.123292,-0.011271
-0.182952,-0.160776,0.009110,-0.062580
-0.105000,-0.439772,0.116303,0.047401
-0.066774,-0.410276,0.048352,0.079789
-0.016440,-0.247495,0.066259,0.148937
0.114797,-0.017748,0.130795,0.171334
0.285273,0.082360,0.056507,0.120521
0.077517,0.045553,-0.519367,0.047353
0.100665,0.042265,-0.538480,0.018447
0.437613,0.084629,0.022083,0.047730
0.435508,0.075922,0.044098,0.040300
0.114946,0.036215,-0.532156,-0.014910
0.084552,0.037200,-0.501910,-0.017029
0.128079,0.109855,-0.219684,-0.063317
0.311445,0.100519,0.158392,0.031707
0.129365,0.132728,-0.154427,0.070904
-0.030476,0.045858,-0.415322,0.002736
-0.100715,0.036303,-0.319943,-0.012641
-0.218371,0.043390,-0.201319,-0.020909
-0.308805,0.045355,-0.122529,-0.011223
0.109786,0.011224,0.375141,0.087277
-0.427047,-0.018899,0.108419,-0.029326
-0.160096,0.012364,0.385840,0.078051
0.015935,0.027318,0.537702,0.017567
-0.376015,-0.005002,0.059825,-0.052547
-0.348199,-0.005619,0.043379,-0.084882
0.091788,0.029446,0.528369,-0.046890
0.178114,0.014028,0.475414,-0.064770
0.225419,0.049065,0.407918,-0.079657
-0.065874,0.033202,-0.214136,-0.150402
-0.088420,0.048308,-0.237558,-0.119541
0.233052,0.080761,0.376289,-0.087319
0.262871,0.060797,0.354878,-0.075758
-0.002649,0.018171,-0.197246,-0.215011
-0.044744,-0.009884,-0.229111,-0.113346
0.262252,-0.002777,0.358313,-0.015007
0.282284,-0.007354,0.313720,0.014093
0.336994,0.057585,0.097142,0.101637
-0.000632,0.016455,-0.441359,0.028369
-0.065831,0.030439,-0.393102,0.031285
-0.280623,0.052860,-0.127657,-0.041517
-0.161688,-0.010840,-0.397562,0.178297
0.196659,0.020482,0.160474,-0.053593
0.293192,-0.013068,0.050510,-0.012807
0.067767,-0.002935,-0.435657,-0.013919
0.090600,-0.004531,-0.464353,-0.018666
0.377228,-0.075196,-0.071032,-0.077703
0.405993,-0.027060,-0.022024,-0.123800
0.108205,0.018802,-0.451024,-0.073192
0.074044,0.031398,-0.427123,-0.075530
0.056109,0.059624,-0.274168,-0.238689
0.326305,0.061456,0.300999,-0.085975
0.336473,0.038723,0.284177,-0.056589
0.270138,0.085021,-0.089906,-0.063885
0.022898,0.015941,-0.429896,-0.006151
-0.057187,0.022334,-0.381777,0.019427
-0.218457,0.042875,-0.260952,0.039328
-0.168662,0.045566,-0.043709,-0.000266
-0.138342,-0.150882,0.041017,-0.145962
-0.290794,-0.198619,0.101174,-0.000038
-0.201795,-0.440274,0.242832,0.004975
-0.175877,-0.480674,0.264392,-0.000481
-0.145437,-0.492260,0.264493,-0.002824
0.051396,-0.389303,0.369174,0.005190
0.303537,-0.251120,0.451700,0.002424
0.348367,-0.286577,0.326876,0.003820
0.449979,-0.247936,0.300314,0.023473
0.201234,-0.403221,-0.169342,-0.000935
0.077836,-0.179340,-0.294706,-0.000980
0.053541,-0.256913,-0.186109,-0.007650
0.310528,-0.342005,0.269011,0.028990
0.399704,-0.277160,0.314769,0.038497
0.133272,-0.380424,-0.150529,0.002096
0.029147,-0.177506,-0.247025,-0.001826
-0.015561,-0.205785,-0.167990,-0.007870
0.135642,-0.461242,0.180957,-0.017581
0.372135,-0.261063,0.383904,0.026883
0.413888,-0.270349,0.313453,0.035269
0.142088,-0.376507,-0.163657,0.002540
0.037937,-0.177046,-0.256427,-0.001674
-0.009610,-0.198624,-0.183342,-0.005631
0.130394,-0.470016,0.165873,-0.019772
0.375951,-0.262687,0.380839,0.028850
0.411497,-0.275785,0.305720,0.038322
0.140437,-0.375582,-0.163139,0.002608
0.034953,-0.177401,-0.252962,-0.001800
-0.011774,-0.203236,-0.175334,-0.006862
0.126174,-0.474195,0.163394,-0.020468
0.371461,-0.266060,0.381898,0.029704
0.406268,-0.280371,0.305709,0.039711
0.126906,-0.349745,-0.175244,0.001671
0.031760,-0.175918,-0.250898,-0.002155
-0.016612,-0.194397,-0.183356,-0.002846
0.087836,-0.496819,0.136963,-0.023876
0.352458,-0.278573,0.380349,0.033147
0.373313,-0.306612,0.288556,0.042668
0.100704,-0.321189,-0.175042,-0.001300
0.019781,-0.175530,-0.239055,-0.002407
-0.028409,-0.195993,-0.171571,-0.001237
0.119203,-0.435086,0.183442,0.033655
0.332502,-0.183973,0.368394,0.054645
0.350924,-0.112327,0.281530,0.077186
0.232571,-0.076714,-0.106082,0.259363
-0.008820,-0.003574,-0.455602,0.070851
-0.095908,0.028920,-0.397502,0.067305
-0.269416,0.046094,-0.237286,0.063402
0.151396,0.158831,0.169934,0.073713
-0.105932,-0.028409,-0.417953,0.168712
0.261367,-0.146519,-0.162433,-0.045181
0.223233,-0.172566,-0.247720,-0.078479
0.194198,-0.170057,-0.302190,-0.078806
0.167108,-0.149232,-0.334636,-0.069375
0.388061,-0.062622,-0.007017,-0.036550
0.411427,-0.026959,0.033701,-0.026452
0.082613,0.004981,-0.451040,-0.033753
0.029907,0.018906,-0.410702,-0.035319
-0.038163,0.011816,-0.272612,-0.097819
0.245377,0.048085,0.340787,-0.031479
0.264028,0.037938,0.333951,-0.033142
0.156303,0.007820,-0.112525,-0.131336
-0.020614,0.046880,-0.376271,-0.047192
-0.060441,0.059438,-0.276107,-0.118799
0.229326,0.068358,0.338723,-0.033621
0.255773,0.056828,0.321621,-0.031435
0.205756,0.166626,-0.029740,-0.053016
-0.011892,0.043561,-0.420899,-0.007979
-0.081652,0.037203,-0.352790,0.000052
-0.300368,0.047190,-0.126900,-0.017122
-0.135633,-0.027916,-0.400447,0.174289
0.026711,-0.050144,0.181118,0.012240
0.242242,-0.085709,0.028040,-0.030741
0.061441,-0.011983,-0.400547,-0.045649
0.094945,-0.001788,-0.441761,-0.048580
0.380186,-0.056247,-0.072695,-0.124085
0.453478,0.028119,0.013292,-0.079425
0.114093,0.020816,-0.478167,-0.053943
0.077271,0.029223,-0.442250,-0.061453
0.064863,0.051680,-0.265272,-0.242583
0.317358,0.057353,0.297728,-0.069654
0.325073,0.049506,0.264995,-0.036798
0.386905,0.146445,0.014877,0.016165
0.034648,0.039774,-0.477902,0.006282
-0.032303,0.043353,-0.418946,0.010691
-0.231419,0.062138,-0.104567,-0.086916
0.104780,0.012424,0.344584,0.098798
-0.373854,-0.008071,0.023379,-0.018523
-0.372079,-0.006255,0.027266,-0.040505
-0.428891,-0.000888,0.100441,-0.066039
0.041059,0.046643,0.552934,-0.037849
0.072068,0.040301,0.536071,-0.045653
0.132491,0.042212,0.473498,-0.045412
0.180734,0.069742,0.413631,-0.061327
-0.119085,0.044002,-0.227204,-0.094924
-0.130988,0.077431,-0.037437,-0.058266
-0.141724,-0.027008,-0.397062,0.175481
0.080639,-0.023761,0.177931,-0.036991
0.267521,-0.044352,0.043454,-0.073167
0.071376,0.005622,-0.409556,-0.064571
0.105492,0.014093,-0.460596,-0.056185
0.451744,0.045851,-0.016041,-0.096527
0.480372,0.079406,0.028677,-0.071758
0.122381,0.031808,-0.505606,-0.045743
0.086041,0.034500,-0.492570,-0.025156
0.214780,0.100471,-0.123199,-0.032283
0.148326,0.101712,-0.130533,-0.055359
-0.028429,0.051763,-0.397179,-0.023360
0.171620,0.159240,0.184139,0.067813
0.057994,0.016992,0.286221,0.132741
0.131418,0.152529,-0.053324,-0.034986
0.014781,0.129913,0.001495,-0.057699
-0.137653,0.065644,0.028205,-0.081933
-0.338463,0.028100,0.056078,-0.084431
-0.454917,0.019381,0.107213,-0.066413
-0.337974,0.044924,0.230070,-0.120039
-0.009621,0.076696,0.554892,-0.019224
-0.000294,0.071714,0.545089,-0.013721
0.065200,0.071196,0.478463,-0.012070
-0.257656,0.050435,-0.122068,-0.065190
-0.144777,-0.154418,-0.036239,-0.061729
0.018112,-0.332717,0.193455,0.094117
-0.033826,-0.059375,0.269948,0.190452
0.268150,0.057388,0.055114,0.163582
0.223980,0.095170,-0.357338,0.252537
0.056149,0.034265,-0.539795,0.052180
0.036803,0.029363,-0.512789,0.049436
0.025168,0.027487,-0.505637,0.056300
-0.043476,-0.034042,-0.310960,0.052673
0.223197,0.056038,0.181404,0.072167
-0.088316,0.023726,-0.286913,-0.045438
-0.098817,0.034966,-0.280177,-0.053183
0.209753,0.102665,0.361305,-0.071044
0.240382,0.088703,0.337553,-0.063855
-0.081206,0.052764,-0.269807,-0.098961
-0.289294,0.049334,-0.129082,-0.028133
0.101085,0.016320,0.376501,0.090406
-0.431840,-0.003526,0.093082,-0.053581
-0.414011,0.017231,0.135958,-0.131334
0.041600,0.046379,0.551534,-0.036726
0.102418,0.038843,0.506053,-0.044528
0.167312,0.037156,0.451859,-0.053538
0.226199,0.066818,0.370513,-0.060745
-0.059465,0.055208,-0.233801,-0.159152
-0.086852,0.050420,-0.249438,-0.111340
0.235671,0.069502,0.376110,-0.078517
0.250538,0.037301,0.355220,-0.040273
-0.053968,0.002080,-0.255184,-0.081881
-0.106786,0.014263,-0.299548,-0.004355
0.203571,0.038475,0.320557,0.040180
0.225447,0.042574,0.285272,0.049487
0.128571,0.139260,-0.085068,0.159693
-0.060417,0.045013,-0.414529,0.032732
-0.120052,0.037813,-0.346252,0.031454
-0.274206,0.044251,-0.213804,0.046552
-0.043970,0.131613,0.327013,0.182612
0.031183,0.115440,0.375237,0.080636
-0.224550,0.041232,-0.194495,-0.019396
-0.215955,0.041071,-0.186922,-0.035402
0.141952,0.167481,0.167057,0.074167
-0.081866,-0.026910,-0.424638,0.164766
0.062023,-0.031744,-0.420129,-0.007347
0.072285,-0.028010,-0.413004,-0.028473
0.070548,-0.046843,-0.321088,-0.099620
0.371889,0.006821,0.275694,-0.056950
0.357213,0.018788,0.281837,-0.055854
0.088672,-0.006371,-0.304952,-0.172490
0.043333,0.026753,-0.329039,-0.138120
0.327459,0.061820,0.283130,-0.069636
0.337911,0.055843,0.268585,-0.059562
0.146668,0.094449,-0.237433,-0.150179
0.005085,0.049230,-0.431544,-0.019949
-0.091663,0.058872,-0.339409,-0.023410
0.217643,0.082043,0.293329,0.009758
0.236545,0.069734,0.284173,0.012324
-0.084512,0.060461,-0.337103,-0.031232
0.148528,0.163670,0.170032,0.073723
-0.101210,-0.031365,-0.417474,0.167878
0.180037,-0.156237,-0.269982,-0.015364
0.148944,-0.132088,-0.339708,-0.062171
0.130653,-0.074365,-0.369726,-0.082743
0.224691,-0.186967,-0.202938,-0.157661
0.359467,0.015185,0.270117,-0.055176
0.346717,0.035354,0.260619,-0.047567
0.480076,0.064570,0.032059,-0.034895
0.107114,0.023044,-0.504966,-0.022325
0.064976,0.020817,-0.480267,-0.002718
0.021255,-0.028049,-0.298521,-0.042017
0.297019,0.085597,0.190969,0.015310
-0.032317,0.036024,-0.294451,-0.105763
-0.058456,0.051039,-0.297153,-0.092637
0.254089,0.086026,0.327326,-0.064657
0.270651,0.068039,0.323659,-0.059563
-0.026298,0.060105,-0.269894,-0.145215
-0.091265,0.053560,-0.305266,-0.050416
0.215408,0.061004,0.298963,0.027409
0.240605,0.054771,0.272431,0.034968
0.153846,0.157459,-0.104761,0.108260
-0.035477,0.046388,-0.420861,0.012744
-0.105454,0.037475,-0.346742,0.017634
-0.247280,0.044632,-0.202991,0.008429
-0.168892,0.045354,-0.043879,-0.000272
-0.139741,-0.148289,0.041187,-0.147432
-0.335942,-0.174250,0.103097,0.021450
-0.312827,-0.365837,0.252710,0.043239
-0.225475,-0.259151,0.377958,0.082872
-0.000061,-0.020326,0.548747,0.050654
0.050706,0.010237,0.482293,0.059175
0.078543,0.054166,0.354300,0.113921
-0.236101,0.032366,-0.240619,0.047147
-0.231001,0.036880,-0.232980,0.029891
0.016145,0.125011,0.323355,0.123871
-0.311778,0.047382,-0.122810,-0.009999
0.104228,0.012706,0.344781,0.099083
-0.375101,-0.007152,0.024150,-0.020113
-0.381169,-0.008591,0.028399,-0.029036
-0.429470,-0.007339,0.108159,-0.056009
0.037727,0.038292,0.547181,-0.020420
0.079123,0.029420,0.531863,-0.037624
0.140596,0.032789,0.487550,-0.058147
0.213613,0.080603,0.403293,-0.095105
-0.104433,0.047397,-0.222169,-0.118006
-0.139401,0.048726,-0.208049,-0.098487
0.202582,0.097251,0.384689,-0.082109
0.217203,0.047714,0.396044,-0.058176
-0.085009,-0.003889,-0.217106,-0.091200
-0.091501,-0.026347,-0.226116,-0.053246
0.233816,-0.016540,0.403192,-0.018416
0.249085,-0.023704,0.364824,0.012528
0.018948,-0.088478,-0.158552,0.073737
-0.109325,0.020329,-0.368379,0.060380
-0.177492,0.056935,-0.234804,0.124825
0.107197,0.102235,0.219651,0.173453
-0.164846,0.067404,-0.173779,0.157142
-0.188479,0.035195,-0.323906,0.080000
-0.272205,0.023473,-0.219261,0.071209
0.063475,0.066209,0.407832,0.064908
0.112041,0.048101,0.420651,0.021715
-0.186222,0.011941,-0.204991,-0.017869
-0.169681,0.021547,-0.214077,-0.034999
0.143828,0.086735,0.415787,-0.043893
0.176072,0.070257,0.411415,-0.054960
-0.127025,0.044047,-0.227962,-0.086269
-0.169443,0.044749,-0.236229,-0.036287
0.163103,0.084789,0.359653,-0.004757
0.184118,0.067409,0.356250,-0.004990
-0.089781,0.068425,-0.219616,-0.088144
-0.129750,0.056776,-0.285191,-0.038868
0.184802,0.075391,0.348016,-0.005422
0.216003,0.065865,0.342813,-0.021893
-0.049222,0.066052,-0.246721,-0.155608
-0.101855,0.061536,-0.282412,-0.072892
0.204451,0.066223,0.322148,0.009964
0.233295,0.056397,0.295691,0.017401
0.207271,0.164614,-0.008564,0.063020
-0.029956,0.046524,-0.413374,-0.000403
-0.092971,0.037945,-0.346676,0.004540
-0.288941,0.050863,-0.129016,-0.030059
-0.136675,-0.035258,-0.392467,0.174534
0.087374,-0.037399,0.177644,-0.045789
0.270489,-0.057963,0.041820,-0.076771
0.072617,0.002651,-0.408363,-0.063951
0.103627,0.011111,-0.461678,-0.050253
0.440396,0.025543,-0.024325,-0.089075
0.480361,0.070197,0.031014,-0.061311
0.120876,0.029339,-0.491681,-0.055730
0.074320,0.032898,-0.459258,-0.045168
0.072471,0.064492,-0.267692,-0.124383
0.316222,0.114060,0.183049,-0.011454
0.006674,0.077953,-0.265435,-0.118560
0.170127,0.157849,0.182333,0.069071
-0.085003,-0.024347,-0.426298,0.164968
0.068474,-0.028554,-0.427478,-0.009638
0.081532,-0.026221,-0.423716,-0.028791
0.110330,-0.095652,-0.283677,-0.126341
0.355136,0.002354,0.294624,-0.054292
0.354486,0.019315,0.285139,-0.058127
0.246784,-0.038245,-0.166918,-0.175653
0.075407,0.028715,-0.422846,-0.078477
0.046078,0.048650,-0.299011,-0.191784
0.316754,0.061672,0.292574,-0.068218
0.321833,0.052794,0.262212,-0.034063
0.318225,0.154491,-0.056060,0.024491
0.011410,0.041740,-0.449454,-0.000901
-0.069646,0.038326,-0.366721,0.000857
-0.280922,0.051986,-0.127252,-0.040775
-0.108040,-0.011575,-0.430017,0.167476
0.374883,-0.032247,0.137792,-0.078899
0.460874,0.041335,0.039544,-0.091988
0.116819,0.023562,-0.469967,-0.067618
0.116613,0.027825,-0.476308,-0.065339
0.217190,0.071211,-0.264099,-0.232893
0.423873,0.090319,0.122610,-0.035564
0.309588,0.148410,-0.135597,-0.045840
0.036133,0.036555,-0.442736,-0.027161
-0.053630,0.035460,-0.374400,-0.004611
-0.276041,0.052458,-0.125838,-0.047283
0.163791,-0.129371,0.442903,-0.121934
-0.250140,-0.195927,0.046384,0.009864
-0.220300,-0.170102,-0.020024,0.030071
-0.335960,-0.137798,0.035259,0.047643
-0.461773,-0.097325,0.131474,0.051465
-0.125329,-0.051293,0.500695,0.129658
-0.055397,0.046514,0.526691,0.075140
-0.427368,-0.011956,0.052984,0.091382
-0.343742,0.049661,0.089372,0.158396
0.029289,0.065133,0.441406,0.066959
0.116745,0.055452,0.386870,0.043718
0.163764,0.072068,0.336930,0.030007
-0.135224,0.039776,-0.290429,-0.011303
-0.149959,0.042646,-0.260087,-0.029810
0.163345,0.120376,0.371006,-0.052175
0.177325,0.156609,0.186609,0.065738
-0.078747,-0.214063,-0.038476,-0.065795
0.204807,-0.492651,-0.033108,-0.004215
0.194869,-0.515471,0.073083,0.018221
0.220727,-0.465307,0.093272,0.040466
0.251352,-0.375451,0.089348,0.034591
0.329967,-0.195012,0.091461,0.055559
0.432510,-0.051744,-0.003899,0.096687
0.108127,-0.001545,-0.548642,0.052778
0.074712,0.017222,-0.532137,0.043011
0.030764,0.031395,-0.502073,0.042735
-0.073800,0.080888,-0.312719,0.072557
0.192736,0.127734,0.147333,0.130954
-0.160500,0.053935,-0.319154,0.042668
-0.136671,0.043899,-0.339327,0.034895
-0.199263,0.038530,-0.255318,0.018843
-0.230653,0.068703,0.046457,-0.131524
0.137091,0.061149,0.443998,-0.039449
0.198140,0.054554,0.387495,-0.037401
0.276260,0.066313,0.302473,-0.042263
-0.028801,0.067339,-0.298311,-0.113543
-0.095284,0.057701,-0.338450,-0.020022
0.215037,0.080910,0.291619,0.015208
0.231402,0.064305,0.288550,0.018525
-0.067625,0.071337,-0.303964,-0.036256
-0.168876,0.045369,-0.043867,-0.000272
-0.137006,-0.152400,0.040682,-0.145245
-0.254189,-0.212828,0.095457,-0.017729
-0.145150,-0.382188,0.178328,-0.046841
-0.058180,-0.539219,0.230473,-0.030170
-0.045962,-0.570763,0.226563,-0.006926
-0.002415,-0.613720,0.211218,0.019795
0.167463,-0.522232,0.265651,0.050439
0.289142,-0.315847,0.259998,0.023961
0.304344,-0.151133,0.261888,0.040768
0.334161,-0.054412,0.229119,0.071103
0.423505,0.015011,0.025756,0.113260
0.073636,0.020429,-0.550567,0.065235
0.005449,0.039175,-0.520286,0.078472
-0.081961,0.046209,-0.432434,0.071004
-0.215426,0.040008,-0.286168,0.064396
0.067324,0.089717,0.326185,0.119315
0.114655,0.071373,0.352425,0.064118
-0.171995,0.022188,-0.260008,0.012617
-0.166391,0.027097,-0.252572,-0.005343
-0.088047,0.074214,0.162602,-0.132657
0.162955,0.045260,0.442892,-0.048318
0.221888,0.042884,0.384270,-0.046255
0.287272,0.056167,0.298783,-0.039440
0.072329,0.075291,-0.249584,-0.081978
-0.035053,0.051003,-0.409017,-0.004130
-0.112901,0.053890,-0.333290,-0.004888
0.184612,0.093196,0.316184,0.008787
0.201893,0.074637,0.319190,0.007061
-0.109729,0.053558,-0.325903,-0.014838
-0.138012,0.050110,-0.308024,-0.001282
0.165355,0.111815,0.308958,0.016642
0.193338,0.092020,0.330547,-0.013122
-0.299342,0.049245,-0.127765,-0.019331
-0.140771,-0.007676,-0.414601,0.173356
-0.027564,0.023052,0.153025,-0.153418
0.193340,0.066323,0.158404,-0.157011
0.358473,0.098075,0.107098,-0.094638
0.095283,0.037980,-0.453232,-0.077021
0.117410,0.036586,-0.505167,-0.045581
0.477029,0.080270,0.043085,-0.013146
0.465815,0.075900,0.053526,-0.003046
0.123924,0.037089,-0.527097,-0.029677
0.097368,0.036756,-0.513393,-0.017890
0.245702,0.145373,-0.120036,-0.035300
0.176570,0.146208,-0.129464,-0.059366
-0.004987,0.039143,-0.416141,-0.015223
-0.083775,0.034820,-0.353622,0.005412
-0.247118,0.060595,-0.112539,-0.081584
-0.137984,-0.187134,-0.009938,-0.062129
-0.116505,-0.427455,0.137564,0.014979
-0.027502,-0.465199,0.057362,0.040656
-0.060903,-0.438906,0.052265,0.070814
-0.062421,-0.342100,0.048068,0.112351
0.037455,-0.142755,0.092012,0.163040
0.278271,0.051173,0.057379,0.129013
0.110892,0.030562,-0.478973,0.087668
0.097433,0.045367,-0.535387,0.031177
0.422032,0.079393,0.035187,0.058739
0.415657,0.069818,0.055533,0.057458
0.101497,0.038383,-0.534114,0.015304
0.062018,0.033586,-0.501057,0.008248
0.009937,0.042046,-0.426634,-0.022558
-0.094949,0.057407,-0.305499,-0.054130
0.208290,0.079794,0.336253,-0.021551
0.229778,0.066461,0.327439,-0.020892
-0.055225,0.065362,-0.277380,-0.116970
-0.105934,0.059452,-0.305529,-0.044586
0.202157,0.070850,0.313182,0.016594
0.226968,0.060418,0.292929,0.022468
0.065551,0.129593,-0.150091,0.031760
-0.271855,0.054371,-0.124510,-0.054105
-0.157902,-0.015231,-0.396461,0.178042
0.195306,0.018652,0.157292,-0.084297
0.309909,0.005438,0.066818,-0.103603
0.086843,0.022339,-0.426640,-0.079666
0.111531,0.025134,-0.476327,-0.057541
0.469670,0.085748,-0.005833,-0.088119
0.482482,0.101425,0.018793,-0.060946
0.120893,0.034381,-0.516150,-0.036313
0.079424,0.037331,-0.489345,-0.024614
0.041297,0.080887,-0.297273,-0.135588
0.315345,0.124138,0.187458,-0.025004
-0.029615,0.050810,-0.284399,-0.109066
-0.055786,0.045275,-0.386658,-0.000038
-0.168886,0.045359,-0.043875,-0.000272
-0.138064,-0.150853,0.040913,-0.146087
-0.291903,-0.196776,0.099546,0.000614
-0.236270,-0.412797,0.233759,0.021941
-0.245603,-0.422502,0.282626,0.031133
-0.041082,-0.149116,0.488133,0.115855
0.063472,-0.028081,0.490744,0.071785
0.069308,0.020320,0.337309,0.162665
-0.250881,0.027046,-0.253583,0.080273
-0.279919,0.045309,-0.244908,0.082314
0.009479,0.102713,0.317523,0.172990
0.062088,0.098193,0.351488,0.091005
-0.225300,0.039401,-0.235524,0.024214
-0.209255,0.038360,-0.229880,0.003566
-0.103723,0.107106,0.213986,0.002776
0.061078,0.122997,0.364122,0.053531
-0.205188,0.041848,-0.228542,-0.005327
-0.219949,0.040663,-0.213442,-0.004480
-0.322267,0.056300,0.010988,-0.111021
0.101495,0.061292,0.448448,-0.008446
0.175023,0.055081,0.381316,-0.008633
0.234573,0.064008,0.307029,-0.002828
-0.048940,0.069099,-0.288501,-0.081112
-0.247454,0.056346,-0.115360,-0.079118
-0.174480,-0.150333,-0.010320,-0.062059
-0.133063,-0.269276,0.219257,0.142931
0.039322,-0.137948,0.095788,0.214748
0.272097,0.070740,0.052391,0.155938
0.162054,0.072464,-0.418903,0.164019
0.085247,0.046424,-0.534435,0.043986
0.408851,0.072137,0.035703,0.079312
0.424099,0.059449,0.054437,0.058524
0.105432,0.030951,-0.529437,0.001718
0.091184,0.029400,-0.505824,-0.011892
0.264042,0.076565,-0.082244,-0.037129
0.223697,0.088492,-0.068896,-0.050923
0.004992,0.044004,-0.419932,-0.026273
-0.065948,0.039038,-0.349412,-0.020864
-0.180934,0.077567,-0.067642,-0.076133
-0.134602,-0.169475,-0.031714,-0.061346
0.015265,-0.454694,0.136924,0.040145
-0.051264,-0.250874,0.244095,0.128376
-0.020449,-0.129329,0.201259,0.176682
0.282603,0.015315,0.026537,0.135725
0.082670,0.024037,-0.524033,0.046754
0.099651,0.034930,-0.544952,0.023897
0.430148,0.088887,0.010832,0.061237
0.423482,0.080529,0.032030,0.059912
0.101660,0.036424,-0.542857,0.011627
0.070428,0.036556,-0.506966,0.002794
0.016284,0.069436,-0.308668,-0.121099
0.298791,0.140739,0.177506,-0.017918
-0.054032,0.068096,-0.305760,-0.071687
-0.109376,0.058685,-0.329083,-0.015836
0.202024,0.081285,0.305344,0.014125
0.223157,0.068730,0.294348,0.016545
-0.093151,0.061138,-0.327614,-0.029169
-0.309023,0.047977,-0.124544,-0.011614
0.109941,0.011133,0.375128,0.087222
-0.424649,-0.010550,0.101357,-0.057815
-0.346426,0.020068,0.197382,-0.240129
0.052872,0.042463,0.552762,-0.045309
0.121627,0.032635,0.504271,-0.055746
0.190884,0.031769,0.447408,-0.067272
0.250857,0.062252,0.352145,-0.062465
-0.007801,0.058112,-0.216092,-0.188803
-0.067179,0.063102,-0.277973,-0.111200
0.227807,0.069668,0.331568,-0.026257
0.253890,0.058222,0.313639,-0.022965
0.059941,0.101644,-0.193681,-0.136841
-0.046315,0.049837,-0.378455,-0.022274
-0.314408,0.044967,-0.118714,-0.009049
0.112530,0.009621,0.374884,0.086340
-0.419547,-0.015724,0.110270,-0.054152
-0.244510,0.035772,0.298188,-0.182784
0.058931,0.036597,0.551298,-0.044038
0.134903,0.023976,0.495497,-0.051591
0.199439,0.023527,0.442567,-0.062745
0.254541,0.051656,0.359945,-0.063354
0.033703,0.050702,-0.191824,-0.272375
-0.004216,0.064997,-0.226901,-0.226370
0.253331,0.059977,0.328563,-0.039084
0.274421,0.050697,0.283070,-0.005409
0.337019,0.147777,0.041098,0.045831
0.006212,0.042284,-0.436648,-0.009054
-0.063971,0.037827,-0.363707,-0.007353
-0.259916,0.056945,-0.119193,-0.069877
-0.151040,-0.178379,-0.006603,-0.061166
-0.136595,-0.420540,0.144372,0.029945
-0.048154,-0.450483,0.054949,0.055099
-0.071469,-0.384913,0.046780,0.097702
-0.009031,-0.223334,0.070731,0.144979
0.105884,-0.025409,0.129409,0.149707
0.292388,0.058968,0.065779,0.074180
0.092705,0.028422,-0.507371,0.012780
0.108720,0.033045,-0.534788,0.014522
0.433524,0.077768,0.033996,0.047629
0.422906,0.072593,0.054098,0.047392
0.110221,0.042306,-0.536417,0.011464
0.070241,0.036111,-0.514947,0.011390
0.013226,0.042168,-0.438432,-0.014169
-0.108163,0.061957,-0.296938,-0.049123
0.198786,0.068370,0.308555,0.027072
0.222807,0.054420,0.289120,0.036424
0.155138,0.129898,-0.064494,0.099001
-0.031577,0.044856,-0.400001,-0.010486
-0.098940,0.035910,-0.309601,-0.024407
-0.223750,0.043553,-0.183606,-0.033407
-0.232458,0.057747,-0.107139,-0.086424
0.176591,-0.131945,0.459095,-0.115269
-0.334595,-0.157926,0.070516,0.032352
-0.335635,-0.123572,0.015145,0.051227
-0.437765,-0.071132,0.070185,0.045677
-0.198339,-0.090569,0.433611,0.148720
-0.046810,0.045878,0.552825,0.040533
-0.329596,-0.135707,0.186917,0.050656
-0.071833,0.057201,0.409345,0.127670
0.045012,0.070850,0.449197,0.037709
-0.318932,0.040550,-0.145734,0.026930
-0.168844,0.045399,-0.043843,-0.000271
-0.138091,-0.150860,0.040953,-0.146094
-0.290922,-0.197171,0.099462,0.000082
-0.212605,-0.417640,0.228312,0.007878
-0.176820,-0.479960,0.263145,-0.000393
-0.151660,-0.492463,0.261969,-0.002891
0.000792,-0.427852,0.334375,0.004707
0.273885,-0.262435,0.455378,0.000022
0.348516,-0.279007,0.353445,0.003218
0.437476,-0.236199,0.295248,0.038526
0.221687,-0.344877,-0.164806,0.074617
0.061197,-0.133719,-0.387977,0.063817
-0.006795,-0.074915,-0.384233,0.069025
-0.109786,-0.069061,-0.293736,0.086394
0.146254,0.049099,0.167394,0.219012
-0.180935,0.045283,-0.272659,0.103731
-0.181748,0.053300,-0.347290,0.078535
-0.264632,0.045247,-0.237563,0.059742
0.021451,0.108379,0.346522,0.126252
0.081507,0.090031,0.367412,0.063821
-0.223635,0.033032,-0.235934,0.029337
-0.206489,0.031424,-0.231747,0.009603
0.072799,0.117507,0.384300,0.026728
0.119204,0.094682,0.409300,-0.020415
-0.182971,0.042225,-0.225662,-0.030802
-0.188721,0.043516,-0.223958,-0.028047
-0.252475,0.057622,-0.115294,-0.076838
0.209368,-0.176736,0.487938,-0.080436
-0.270363,-0.237066,0.115530,-0.001486
-0.316094,-0.201697,0.105482,0.017218
-0.311518,-0.320474,0.166911,0.069661
-0.299268,-0.364373,0.213180,0.058117
-0.215603,-0.283408,0.284836,0.088219
0.039348,-0.025261,0.488349,0.089249
0.071969,0.015393,0.402449,0.101449
-0.271845,0.018257,-0.199752,0.056191
-0.281959,0.037277,-0.212704,0.060183
0.043258,0.096041,0.358321,0.105137
0.097359,0.074660,0.366231,0.064537
-0.249410,0.047882,-0.241503,0.063569
-0.252344,0.036586,-0.233884,0.052563
0.101764,0.071447,0.393857,0.035703
0.152229,0.061534,0.385050,0.003967
-0.147218,0.035110,-0.208926,-0.076057
-0.163339,0.039583,-0.217653,-0.055800
0.170397,0.074168,0.385896,-0.027672
0.198383,0.064625,0.365912,-0.026132
-0.011369,0.096106,-0.144906,-0.160325
-0.096181,0.064368,-0.238442,-0.124346
0.203674,0.065102,0.343950,-0.009938
0.234027,0.053427,0.295926,0.019400
0.264534,0.151969,0.044471,0.078150
-0.023683,0.047747,-0.422211,0.000939
-0.087923,0.040378,-0.352933,0.003284
-0.295015,0.050007,-0.128448,-0.023727
0.109057,0.011196,0.352462,0.094744
-0.414735,-0.006951,0.050130,-0.013076
-0.415912,-0.005289,0.058911,-0.031872
-0.311544,0.019140,0.228952,-0.212865
0.052743,0.039818,0.551408,-0.041183
0.118938,0.029607,0.506663,-0.052425
0.191358,0.024711,0.448241,-0.061522
0.242212,0.047247,0.376631,-0.063302
0.222202,0.107349,0.059120,-0.154453
0.000518,0.045580,-0.389084,-0.054226
-0.063582,0.039504,-0.347971,-0.025155
-0.282627,0.051572,-0.127562,-0.038412
-0.152109,-0.027250,-0.389321,0.177517
0.178065,-0.039470,0.147443,-0.021399
0.267475,-0.059788,0.038262,-0.064350
0.073869,-0.000603,-0.412826,-0.057129
0.100356,0.006606,-0.463598,-0.040537
0.425356,-0.007249,-0.034100,-0.068123
0.467490,0.041192,0.023520,-0.049351
0.112327,0.020614,-0.484875,-0.045253
0.073577,0.026785,-0.445858,-0.051713
0.053382,0.041277,-0.272336,-0.208309
0.291780,0.050696,0.281074,-0.020778
0.299668,0.049042,0.262993,-0.009033
0.363484,0.131000,-0.001585,0.018597
0.028079,0.042119,-0.443762,-0.023644
-0.038913,0.039717,-0.373340,-0.024666
0.032963,0.135489,0.084693,0.034257
-0.104064,-0.030697,-0.416837,0.168416
0.245031,-0.166280,-0.175765,0.009213
0.199471,-0.192347,-0.258497,-0.044744
0.169230,-0.158835,-0.311117,-0.086274
0.342276,-0.131131,-0.057076,-0.116757
0.430473,-0.031782,0.047153,-0.067146
0.100415,0.004686,-0.451079,-0.051221
0.063412,0.020026,-0.427260,-0.053387
0.065672,-0.016480,-0.208168,-0.223029
0.290466,0.045989,0.324436,-0.058108
0.309210,0.047377,0.293754,-0.047574
0.403294,0.128130,0.051659,-0.017704
0.047684,0.042348,-0.472352,-0.014859
-0.012172,0.045812,-0.425206,-0.005643
0.120375,0.170069,0.152762,0.072690
-0.139986,-0.175893,-0.021538,-0.059746
0.136600,-0.454026,0.031881,0.026196
0.069472,-0.369385,0.127782,0.054230
0.123943,-0.211059,0.163019,0.083490
0.278739,-0.059528,0.084961,0.068355
0.281414,-0.007750,-0.305507,0.122337
0.096116,0.011312,-0.527549,0.022921
0.082620,0.015726,-0.512153,0.016597
0.056406,0.023593,-0.492385,0.015314
0.282520,0.122640,0.068903,0.100275
0.267741,0.119798,0.101626,0.109033
-0.069584,0.053921,-0.425552,0.044039
-0.108376,0.043304,-0.351449,0.019322
0.162017,0.160930,0.178241,0.071314
-0.025870,0.001997,0.167295,0.161954
0.105860,0.174206,-0.020809,-0.007855
-0.010222,0.150573,0.055151,-0.031331
-0.047803,0.129456,0.047901,-0.039133
-0.089530,0.107013,0.040468,-0.042336
-0.315723,0.047947,0.038267,-0.050396
-0.446491,0.011249,0.081067,-0.037458
-0.336506,0.000228,0.204945,-0.054863
0.004964,0.059096,0.541154,-0.002436
0.023105,0.049738,0.534632,-0.004690
0.079516,0.055185,0.483454,-0.015367
0.084089,0.124392,0.364320,-0.039249
-0.175087,0.039055,-0.197489,-0.063690
-0.188117,0.041023,-0.192353,-0.057763
-0.283779,0.051579,-0.128654,-0.036234
0.209044,-0.176082,0.487181,-0.080721
-0.268672,-0.233804,0.110914,-0.001757
-0.309654,-0.203008,0.101562,0.016069
-0.318147,-0.236468,0.127832,0.031167
-0.266882,-0.371528,0.194995,0.047289
-0.172760,-0.355285,0.319700,0.046165
0.128396,-0.088789,0.523089,0.028864
0.213001,-0.066603,0.424039,0.029002
0.298629,-0.070138,0.332376,0.040750
0.155378,-0.132694,-0.097090,0.092689
-0.036546,-0.023572,-0.365416,0.028417
-0.122315,-0.022859,-0.264193,0.024726
0.196630,0.060261,0.253695,0.088210
-0.135986,0.016845,-0.221091,0.028357
-0.156036,0.038789,-0.315369,0.035407
-0.168801,0.045438,-0.043812,-0.000270
-0.332045,0.003240,-0.001239,-0.003299
-0.440503,-0.018580,0.073814,-0.005590
0.021807,0.020185,0.548795,0.007198
0.051324,0.007935,0.542237,0.001152
0.057873,0.008350,0.528390,0.006631
-0.163576,-0.186676,0.148398,-0.003535
-0.225792,-0.046655,-0.105626,-0.016977
-0.152520,-0.174196,0.100322,-0.103935
0.149904,0.020270,0.476679,-0.045091
0.212854,0.044764,0.402173,-0.067695
-0.096790,0.014395,-0.247060,-0.067756
-0.126085,0.028325,-0.241214,-0.058237
0.179806,0.112675,0.370032,-0.066876
0.202853,0.078987,0.393960,-0.073015
-0.105346,0.050916,-0.245361,-0.097420
-0.273231,0.050592,-0.127472,-0.046710
-0.204696,-0.150665,0.021457,-0.063297
-0.045520,-0.452255,0.055189,0.053723
-0.069412,-0.390362,0.046993,0.093651
0.034661,-0.152641,0.090888,0.194989
0.278223,0.063490,0.057080,0.145525
0.178089,0.072148,-0.403249,0.190266
0.054714,0.034026,-0.532373,0.046428
0.051415,0.031708,-0.513891,0.033563
0.042225,0.035271,-0.492225,0.017558
-0.052660,0.041637,-0.313756,-0.016749
0.238444,0.105946,0.202203,0.053498
-0.103173,0.039337,-0.295022,-0.020282
-0.095058,0.042293,-0.333211,-0.011233
-0.156396,0.044082,-0.251993,-0.032903
-0.122687,0.101750,-0.024851,-0.048018
-0.148427,-0.184895,0.004260,-0.068139
0.014276,-0.451051,0.058844,-0.018775
0.012551,-0.474856,0.058405,0.007000
-0.001279,-0.487034,0.057505,0.034112
-0.030405,-0.478488,0.056254,0.058844
-0.060799,-0.440432,0.052571,0.069812
-0.070562,-0.374118,0.046122,0.079926
-0.029205,-0.254979,0.061805,0.107907
0.072023,-0.077721,0.112877,0.132320
0.273160,0.019603,0.050580,0.069686
0.098604,0.017475,-0.500302,-0.000313
0.127324,0.011818,-0.519438,-0.011724
0.485542,0.036713,0.038085,0.003601
0.487291,0.029877,0.050754,0.004950
0.131498,0.004298,-0.532314,0.001898
0.071102,0.016464,-0.517899,0.033129
0.011634,0.031746,-0.485907,0.045358
-0.083824,0.092190,-0.268341,0.093596
0.178999,0.112816,0.190642,0.119678
-0.147350,0.060735,-0.264339,0.067146
-0.151066,0.042618,-0.326882,0.038124
-0.210362,0.037162,-0.236250,0.012241
0.076672,0.120377,0.374971,0.030056
0.137190,0.105078,0.398505,-0.038010
0.131370,0.162070,0.157458,0.073478
-0.112747,-0.015013,-0.425493,0.168913
0.257440,-0.132001,-0.178593,-0.143626
0.464451,0.020180,0.095654,-0.060521
0.478381,0.049475,0.108711,-0.058188
0.132146,0.026165,-0.482905,-0.072233
0.125877,0.029876,-0.501782,-0.051012
0.451227,0.092778,0.036923,-0.022263
0.433406,0.090354,0.086743,-0.021625
0.086008,0.039453,-0.479309,-0.043317
0.029736,0.042850,-0.430286,-0.039509
-0.055183,0.072826,-0.232091,-0.123297
0.223016,0.058981,0.318286,0.002503
0.255792,0.051785,0.290430,0.004774
0.317445,0.154419,0.065566,0.035700
-0.002696,0.043473,-0.425431,-0.012553
-0.068325,0.037412,-0.356067,-0.010224
-0.268974,0.050635,-0.126281,-0.051887
0.179045,-0.134361,0.460219,-0.112275
-0.311869,-0.173086,0.070245,0.024653
-0.316458,-0.139828,0.016250,0.047128
-0.437826,-0.078962,0.070272,0.054086
-0.251678,-0.112799,0.377388,0.161811
-0.059540,0.057932,0.539563,0.059044
-0.181880,0.077190,0.328696,0.273140
-0.398143,0.040637,-0.111285,0.071599
-0.372255,0.037407,-0.131591,0.069243
-0.216395,0.139927,0.280961,0.190743
-0.053339,0.120756,0.414084,0.117841
-0.290372,0.031446,-0.126964,-0.011319
-0.266311,0.034498,-0.133654,-0.031740
-0.339221,0.056085,0.104308,-0.215351
0.091552,0.067077,0.488524,-0.044364
0.171536,0.057017,0.419047,-0.044812
0.243199,0.044911,0.363697,-0.049018
0.055884,-0.010016,-0.132029,-0.180033
-0.047542,0.015966,-0.344427,-0.021200
-0.127844,0.009822,-0.241279,-0.021818
0.190527,0.036697,0.328254,0.047308
0.219153,0.046676,0.273278,0.063609
0.266655,0.117422,0.080581,0.131363
-0.043714,0.050459,-0.426274,0.022327
-0.096007,0.041388,-0.351767,0.009191
-0.251700,0.045239,-0.204924,0.014176
0.087252,0.083338,0.413417,0.018781
0.146060,0.075987,0.378528,0.002213
-0.274043,0.052061,-0.127168,-0.047587
-0.132575,-0.031916,-0.398648,0.173740
0.018317,-0.050658,0.178012,-0.013960
0.250205,-0.073239,0.032658,-0.056669
0.065431,-0.004999,-0.404431,-0.052965
0.098343,0.004064,-0.456276,-0.043307
0.415173,-0.019447,-0.042558,-0.083005
0.466305,0.038862,0.023432,-0.057011
0.113457,0.020725,-0.483366,-0.048007
0.075968,0.026840,-0.447640,-0.052377
0.072361,0.024607,-0.260958,-0.161572
0.325123,0.085810,0.201837,-0.010277
0.121799,0.072493,-0.156525,-0.083527
-0.029840,0.051890,-0.384183,-0.035073
-0.310085,0.047387,-0.123699,-0.010808
-0.102260,-0.039150,-0.410169,0.168104
0.259654,-0.086259,0.183077,-0.022443
0.337806,-0.086176,0.072196,-0.055011
0.097244,-0.004114,-0.420759,-0.069443
0.112281,0.004295,-0.449114,-0.064641
0.460404,0.034108,0.041477,-0.087034
0.481494,0.067153,0.085205,-0.070724
0.122981,0.032887,-0.474180,-0.078886
0.081349,0.037585,-0.449773,-0.066366
0.309627,0.156760,0.040407,-0.042852
0.311306,0.168883,0.086119,-0.025085
0.004267,0.041393,-0.414993,-0.027876
-0.072058,0.037956,-0.359434,-0.003670
0.161517,0.157704,0.176413,0.072083
-0.029406,0.003461,0.168866,0.165396
0.096517,0.168000,-0.019297,-0.026277
-0.045515,0.124627,0.044912,-0.053304
-0.101502,0.091712,0.035653,-0.061444
-0.330828,0.036545,0.044429,-0.069848
-0.448147,0.013631,0.093640,-0.054270
-0.317623,0.042399,0.234457,-0.097005
0.000519,0.072145,0.553470,-0.023356
0.011321,0.065697,0.541994,-0.016224
0.075655,0.066386,0.476137,-0.015389
-0.304381,0.048270,-0.126102,-0.014988
0.107271,0.011588,0.347674,0.096733
-0.391724,-0.007848,0.034999,-0.015227
-0.393500,-0.007298,0.041932,-0.033717
-0.406793,-0.004550,0.131779,-0.096643
0.043536,0.038596,0.548868,-0.028217
0.091864,0.028367,0.518958,-0.036409
0.159736,0.023373,0.462097,-0.042421
0.192762,0.044206,0.408254,-0.042456
-0.078019,0.014734,-0.196968,-0.136806
-0.102738,0.033401,-0.222111,-0.105734
0.206199,0.064559,0.371170,-0.039140
0.234493,0.055375,0.355375,-0.042455
0.208478,0.145111,0.037274,-0.096019
-0.010311,0.040864,-0.379503,-0.048260
-0.073907,0.038071,-0.344791,-0.016573
-0.286644,0.049077,-0.129201,-0.030393
0.181158,-0.136417,0.461125,-0.109565
-0.285345,-0.188683,0.069666,0.013876
-0.280962,-0.166668,0.019149,0.035267
-0.394956,-0.116959,0.074625,0.044495
-0.319825,-0.261160,0.306618,0.082301
-0.030276,0.016442,0.556773,0.048244
0.008520,0.041403,0.492529,0.060159
0.067194,0.064087,0.403634,0.067861
-0.286092,0.060260,-0.172724,0.079089
-0.283611,0.051727,-0.127822,-0.037342
0.148028,-0.125013,0.425487,-0.129263
-0.186853,-0.200312,0.023596,-0.014356
-0.125261,-0.190874,-0.033655,-0.006568
-0.131545,-0.196553,-0.035063,0.013276
-0.149359,-0.192694,-0.036269,0.033003
-0.176225,-0.173198,-0.038010,0.050683
-0.200978,-0.142161,-0.041690,0.059426
-0.229833,-0.109859,-0.040947,0.061816
-0.379766,-0.058342,0.005526,0.054436
-0.468009,-0.002813,0.093026,0.035419
-0.439798,0.001293,0.161181,0.008185
-0.273603,-0.140612,0.360193,-0.009565
-0.028360,0.037656,0.573459,0.006874
-0.003257,0.034244,0.533830,0.024088
-0.399323,-0.007842,-0.010415,0.021115
-0.384517,-0.002548,-0.050438,0.068165
0.056569,0.066816,0.399484,0.079917
0.134748,0.056270,0.334745,0.076973
0.173293,0.073601,0.273060,0.082720
-0.127961,0.037512,-0.338625,0.032009
-0.150999,0.035765,-0.289785,0.007810
0.060089,0.134130,0.269059,0.022868
0.133829,0.144550,0.318391,-0.023745
-0.142078,0.046051,-0.257167,-0.044016
0.038779,0.161415,0.094512,0.041811
-0.103414,-0.038900,-0.409861,0.168330
0.286803,-0.150873,-0.102939,-0.033465
0.250050,-0.179885,-0.190239,-0.102941
0.207494,-0.171370,-0.273399,-0.127057
0.474228,-0.004452,0.091241,-0.034390
0.481009,0.016670,0.106392,-0.033502
0.116731,0.009643,-0.469085,-0.054343
0.090238,0.018879,-0.454313,-0.052011
0.228221,0.000115,-0.092772,-0.161856
0.356423,0.060405,0.241078,-0.055174
0.376459,0.136026,0.095817,-0.064080
0.039609,0.043085,-0.426528,-0.053375
-0.016532,0.043112,-0.399154,-0.024635
-0.168833,0.045409,-0.043835,-0.000270
-0.088756,-0.042730,-0.257577,-0.007890
-0.314481,-0.074294,0.071079,-0.008270
0.019682,0.003533,0.130256,0.007292
0.153624,-0.043340,0.029775,-0.034970
0.042367,-0.003826,-0.364648,-0.066961
0.082332,0.001764,-0.429851,-0.051321
0.480191,0.031932,0.052961,-0.041665
0.491248,0.047195,0.071543,-0.038191
0.122023,0.023452,-0.492998,-0.049586
0.108007,0.024504,-0.486051,-0.043661
0.317754,0.055546,-0.101445,-0.042265
0.314954,0.084981,-0.061785,-0.006323
0.022364,0.038286,-0.432123,-0.025735
-0.047300,0.038431,-0.362704,-0.025621
0.023888,0.148820,0.081520,0.032443
0.055478,0.015402,0.275219,0.134438
0.140085,0.157836,-0.065543,-0.024448
-0.008433,0.132250,0.029837,-0.051202
-0.101249,0.090355,0.035181,-0.064280
-0.330220,0.036451,0.045923,-0.070677
-0.449111,0.013820,0.093831,-0.053655
-0.351346,0.019341,0.201559,-0.082707
0.003618,0.069686,0.546348,-0.016878
0.015114,0.064169,0.544239,-0.020733
0.074894,0.067719,0.479536,-0.019360
-0.168785,0.045453,-0.043800,-0.000269
-0.332240,0.003235,-0.001137,-0.003292
-0.440504,-0.018591,0.073834,-0.005595
0.022061,0.020584,0.549126,0.006352
0.056653,0.013733,0.546384,-0.014038
0.064404,0.030663,0.539077,-0.031681
-0.241057,0.003760,0.096271,-0.248205
-0.208558,0.018819,0.078299,-0.277629
0.166032,0.031560,0.459000,-0.053805
0.226135,0.028598,0.401956,-0.053902
0.288323,0.053274,0.325614,-0.064427
0.019297,0.042181,-0.277392,-0.175603
-0.039956,0.053326,-0.311742,-0.094217
0.252458,0.065350,0.302131,-0.017160
0.267241,0.055279,0.290840,-0.010579
0.098457,0.097174,-0.187953,-0.092243
-0.033568,0.052640,-0.390168,-0.026109
-0.231336,0.065182,-0.102595,-0.087060
-0.133893,-0.011513,-0.416090,0.172597
-0.097659,0.005737,0.145119,-0.140797
0.192030,0.066721,0.158435,-0.146983
0.348611,0.085605,0.102940,-0.095537
0.093437,0.035999,-0.447541,-0.078935
0.116425,0.035237,-0.501670,-0.046888
0.484315,0.081201,0.043288,-0.023714
0.480459,0.079404,0.052923,-0.024252
0.125892,0.036982,-0.525840,-0.033128
0.093842,0.036679,-0.526637,-0.000901
0.305925,0.144642,-0.061034,0.078618
0.239577,0.143374,-0.059870,0.014927
0.001380,0.043295,-0.420013,-0.021872
-0.069878,0.036803,-0.349854,-0.014258
-0.272143,0.053679,-0.125936,-0.052004
0.150530,-0.118980,0.436047,-0.135154
-0.329399,-0.142797,0.045958,0.037518
-0.357150,-0.111823,0.040024,0.037428
-0.461395,-0.078671,0.134379,0.033069
-0.147226,-0.093077,0.480964,0.087237
-0.052929,0.016117,0.527766,0.070444
-0.437466,-0.031952,0.041376,0.037599
-0.360139,-0.064858,0.084649,0.077110
0.042778,0.065659,0.450743,0.043606
0.131679,0.061294,0.365602,0.044186
0.191088,0.058820,0.289798,0.063062
0.059518,0.108170,-0.104577,0.178905
-0.088557,0.042850,-0.382737,0.031245
-0.128332,0.032755,-0.308615,0.007671
-0.247617,0.033723,-0.176404,-0.006909
-0.349607,0.055351,0.057126,-0.114056
0.090312,0.058846,0.463242,-0.009611
0.168648,0.050972,0.393291,-0.010123
0.218569,0.057129,0.332179,-0.005093
-0.023071,0.059055,-0.222627,-0.088938
-0.064828,0.052291,-0.368538,-0.016135
-0.035152,0.140787,0.040187,0.001533
-0.125748,-0.186174,-0.024896,-0.060323
0.185576,-0.461420,0.016735,0.026074
0.109375,-0.440832,0.089367,0.027342
0.146558,-0.327687,0.101374,0.040616
0.206519,-0.185589,0.129679,0.047446
0.369695,-0.048631,0.058505,0.057874
0.151533,-0.012144,-0.483723,0.051099
0.103048,0.009277,-0.537364,0.027906
0.114835,0.013408,-0.532449,0.007897
0.398232,0.101268,0.012528,0.057712
0.381612,0.099394,0.047184,0.053801
0.033300,0.018481,-0.446912,-0.002069
-0.023978,0.020931,-0.393265,-0.000897
-0.193861,0.033155,-0.242282,0.005815
0.150547,0.065564,0.349946,0.036730
0.178539,0.059579,0.320173,0.044495
0.052247,0.144415,-0.059846,0.142903
-0.087530,0.042412,-0.361715,0.009631
-0.128113,0.037352,-0.309523,0.003253
-0.281416,0.043445,-0.166425,0.007187
-0.016360,0.131970,0.383796,0.099457
-0.269067,0.050222,-0.126386,-0.051346
0.210538,-0.171862,0.492555,-0.080822
-0.311806,-0.288832,0.174518,0.034906
-0.365069,-0.239568,0.156319,0.054366
-0.324171,-0.342966,0.230313,0.048333
-0.170278,-0.198462,0.375738,0.114853
-0.229159,-0.222621,0.229924,0.087399
-0.345147,-0.106418,-0.002277,0.062136
0.062214,0.049659,0.426809,0.063711
0.104046,0.056691,0.388476,0.053573
-0.295513,0.049943,-0.128417,-0.023197
-0.106005,-0.014517,-0.428721,0.167501
0.376195,-0.041022,0.124964,-0.069484
0.442709,0.014810,0.011512,-0.083710
0.110925,0.017201,-0.472457,-0.052871
0.104750,0.019256,-0.466455,-0.054760
0.144072,0.035418,-0.320032,-0.245746
0.381962,0.054133,0.221606,-0.054997
0.369428,0.051144,0.217591,-0.035694
0.311287,0.138697,-0.175849,-0.071942
0.051326,0.036257,-0.455293,-0.029499
-0.024651,0.038594,-0.405539,-0.005604
-0.079358,0.102670,0.002297,-0.028186
0.065731,-0.106668,0.347541,-0.167973
-0.120763,-0.169548,-0.045993,0.058265
-0.055325,-0.132653,-0.081973,0.085942
-0.245199,-0.095135,-0.026490,0.089507
-0.357743,-0.054935,0.002108,0.078500
-0.451710,-0.010601,0.044763,0.055055
-0.472644,0.045539,0.116589,0.039483
-0.419904,0.063934,0.175761,0.007359
-0.116467,0.090896,0.499749,0.033256
-0.095546,0.077091,0.493934,0.037369
-0.458467,0.032687,0.026811,0.001931
-0.463953,0.036171,0.015611,0.015239
-0.016477,0.079187,0.509706,0.030366
0.051848,0.067175,0.462346,0.021420
-0.245322,0.058255,-0.111286,-0.081596
0.089039,0.017664,0.338358,0.108529
-0.333039,0.000543,-0.004142,-0.046124
-0.331092,0.007159,-0.001079,-0.066486
-0.431099,0.010662,0.090156,-0.066601
0.011469,0.068025,0.573708,-0.050454
0.027046,0.063208,0.554759,-0.042224
0.053207,0.071187,0.514069,-0.035674
-0.290246,0.050669,-0.128489,-0.029090
0.152182,-0.127221,0.427519,-0.124991
-0.171462,-0.206240,0.023988,-0.022598
-0.121280,-0.199307,-0.033832,-0.004399
-0.128666,-0.205308,-0.034615,0.015496
-0.143954,-0.201536,-0.036057,0.035426
-0.168814,-0.181940,-0.036802,0.050343
-0.191684,-0.153430,-0.038492,0.054812
-0.217698,-0.122227,-0.039816,0.059756
-0.365459,-0.071713,0.006778,0.053798
-0.472634,-0.005891,0.082652,0.048763
-0.365840,0.046674,0.238185,0.101110
-0.116203,0.070791,0.503084,0.095468
-0.101896,0.096483,0.478496,0.114081
-0.470245,0.039104,-0.006345,0.040490
-0.450960,0.039652,-0.013146,0.027303
-0.008190,0.084313,0.506793,0.019869
0.051216,0.067368,0.463405,0.020799
0.016251,0.140000,0.289430,0.064383
-0.189033,0.042684,-0.217364,-0.033497
-0.190115,0.041104,-0.201909,-0.046284
-0.327105,0.034818,-0.023283,-0.081639
0.091992,0.059802,0.486007,-0.035012
0.155324,0.038713,0.429538,-0.020786
0.227942,0.062145,0.318478,-0.005881
-0.100524,0.017718,-0.295821,-0.018574
-0.138842,0.019349,-0.273791,-0.003926
0.137283,0.077600,0.315746,0.071349
0.157274,0.076052,0.306409,0.063035
-0.205543,0.056767,-0.314687,0.070774
-0.294828,0.048635,-0.128465,-0.022536
0.120493,0.005076,0.369584,0.084424
-0.429880,-0.021715,0.097174,-0.029976
-0.406122,-0.001382,0.136876,-0.105584
0.060016,0.030124,0.551997,-0.039354
0.113829,0.020207,0.518544,-0.049804
0.174155,0.021879,0.460949,-0.054197
0.225186,0.050858,0.392483,-0.065779
-0.072611,0.031689,-0.245704,-0.110581
-0.097927,0.042886,-0.259747,-0.082423
0.204403,0.085792,0.345229,-0.032638
0.208162,0.061454,0.341457,-0.008286
-0.043375,0.070893,-0.232425,-0.090204
-0.079779,0.053320,-0.357098,-0.013652
0.062049,0.156988,0.109150,0.051384
-0.033622,-0.110769,0.246666,-0.180980
-0.071020,-0.183237,-0.069498,0.039256
-0.229853,-0.166621,0.009090,0.062091
-0.276062,-0.128630,0.007182,0.065830
-0.417291,-0.066622,0.049634,0.058089
-0.470821,0.017842,0.103788,0.062905
-0.401208,0.079280,0.195780,0.074571
-0.121797,0.089697,0.484935,0.095855
-0.088479,0.094125,0.498966,0.089635
-0.485741,0.037869,0.020867,0.030462
-0.464516,0.037546,0.018361,0.011547
0.001881,0.076726,0.521169,0.003013
0.076025,0.068613,0.480266,-0.022115
-0.107844,0.102322,-0.014258,-0.040466
-0.162227,-0.011042,-0.397002,0.178442
0.192832,0.030892,0.159425,-0.084401
0.307617,0.013815,0.069517,-0.104794
0.088731,0.024091,-0.429167,-0.080792
0.114746,0.027138,-0.478984,-0.060086
0.472503,0.091819,-0.003009,-0.089370
0.489034,0.100903,0.034799,-0.061745
0.128837,0.035429,-0.518659,-0.042725
0.094275,0.036806,-0.510199,-0.018061
0.265757,0.158718,-0.092106,0.033865
0.237384,0.163332,-0.051028,0.040196
-0.018435,0.044626,-0.432025,0.008627
-0.091470,0.038252,-0.358603,0.014657
-0.311320,0.047560,-0.123168,-0.010278
0.100930,0.014394,0.346073,0.100764
-0.380098,-0.001933,0.027851,-0.029692
-0.375318,0.002788,0.029993,-0.051716
-0.423743,0.004746,0.106245,-0.083318
0.035148,0.055746,0.559178,-0.047283
0.073928,0.048691,0.539450,-0.059281
0.144621,0.052647,0.468336,-0.062814
0.188281,0.074646,0.399188,-0.059327
-0.237543,0.060390,-0.106548,-0.085033
0.039962,0.016881,0.276472,0.144329
0.021608,0.130041,0.008963,-0.061824
0.063590,0.101150,-0.061237,-0.064699
-0.329610,0.028339,0.054335,-0.090149
-0.457680,0.018595,0.102367,-0.057677
-0.355136,0.033867,0.209275,-0.096098
0.000308,0.074867,0.556544,-0.028954
0.003532,0.071287,0.547561,-0.019592
0.060934,0.070486,0.472301,-0.000932
-0.282043,0.052484,-0.127824,-0.039608
0.208364,-0.167554,0.486934,-0.082838
-0.283828,-0.214382,0.104575,0.001405
-0.317950,-0.191004,0.094396,0.019623
-0.287554,-0.385491,0.222857,0.055798
-0.110375,-0.203745,0.447159,0.116291
0.035631,-0.050003,0.521749,0.067985
-0.035648,-0.070505,0.292860,0.209294
-0.249407,-0.000302,-0.215121,0.067623
-0.277970,0.025003,-0.213880,0.069639
-0.058458,0.110876,0.302120,0.237246
0.012327,0.102976,0.346981,0.140445
-0.280724,0.042414,-0.224930,0.066033
-0.260948,0.036894,-0.222752,0.049601
-0.296579,0.073413,0.071942,-0.009058
0.091472,0.060004,0.460608,-0.009296
0.173308,0.053811,0.401941,-0.026272
0.235522,0.077147,0.322347,-0.032234
-0.070947,0.060463,-0.308570,-0.078016
0.145472,0.162573,0.167404,0.074000
-0.123179,-0.187513,-0.025899,-0.060544
0.193031,-0.461823,0.008956,0.023822
0.124198,-0.442563,0.082940,0.021523
0.175392,-0.299162,0.101316,0.047979
0.252050,-0.136685,0.132258,0.054753
0.391169,-0.011191,0.059706,0.071116
0.121068,0.005022,-0.526704,0.038797
0.122381,0.011606,-0.540031,0.016333
0.250721,0.042455,-0.314531,0.023269
0.122655,0.029390,-0.416420,-0.008570
0.030775,0.028488,-0.448424,-0.004296
-0.029445,0.033654,-0.402752,0.001472
-0.099004,0.047578,-0.299582,0.015851
0.207117,0.110715,0.200914,0.083380
0.065155,0.161412,0.112408,0.053526
-0.077439,-0.217472,-0.036525,-0.065685
0.171713,-0.523661,0.011815,-0.016934
0.118527,-0.564795,0.089297,-0.000434
0.093502,-0.567551,0.087225,0.014737
0.061466,-0.554154,0.085647,0.031373
0.028330,-0.500657,0.088051,0.055840
0.071179,-0.331311,0.110392,0.110380
0.176222,-0.095574,0.156765,0.133975
0.323075,0.043457,0.083128,0.088967
0.150105,0.027896,-0.465345,0.058009
0.134828,0.034719,-0.515907,0.021229
0.413491,0.127146,-0.102571,0.072300
0.103015,0.041241,-0.531775,0.013324
0.054736,0.037525,-0.518354,0.028893
-0.009870,0.045435,-0.443001,0.010233
0.170716,0.159086,0.183408,0.068340
-0.133503,-0.182673,-0.021123,-0.059858
0.141554,-0.473563,0.039797,0.025556
0.041249,-0.445264,0.113321,0.040538
0.079103,-0.294380,0.144314,0.086452
0.249362,-0.115486,0.069882,0.074165
0.280992,-0.029189,-0.299848,0.140798
0.082429,0.018927,-0.543506,0.044972
0.063380,0.030679,-0.539157,0.047902
0.020863,0.048559,-0.512982,0.050017
-0.048701,0.070171,-0.370539,0.023509
-0.109648,0.052337,-0.358234,0.018981
-0.123937,0.069961,-0.194717,-0.033907
0.202829,0.110965,0.302784,-0.013811
-0.279083,0.052775,-0.126915,-0.043638
-0.089507,-0.206878,-0.036008,-0.064688
0.082358,-0.550000,0.108023,-0.002748
-0.029733,-0.519074,0.142833,0.018636
-0.124915,-0.445761,0.138648,0.050163
-0.051034,-0.449453,0.054376,0.059766
-0.067288,-0.402441,0.048418,0.064161
-0.056366,-0.322690,0.049378,0.081252
0.005353,-0.193678,0.076264,0.103918
0.098336,-0.037900,0.126531,0.118735
0.303959,0.071608,0.058996,0.089232
0.083599,0.033508,-0.517199,0.030489
0.105536,0.036932,-0.538129,0.011690
0.454020,0.085202,0.021441,0.026064
0.447105,0.077835,0.042903,0.024915
0.114869,0.034317,-0.539959,-0.004145
0.088903,0.036296,-0.527066,0.004779
0.302054,0.155423,-0.040229,0.081532
0.248347,0.158476,-0.039385,0.075764
-0.014171,0.043794,-0.426622,-0.000210
-0.085936,0.037578,-0.352378,0.003575
-0.312057,0.047279,-0.122569,-0.009858
-0.132271,-0.029472,-0.401253,0.173656
0.010472,-0.056300,0.180184,0.012050
0.246817,-0.088078,0.027807,-0.033907
0.064255,-0.011732,-0.400207,-0.048917
0.095186,-0.001694,-0.442471,-0.048205
0.372993,-0.061362,-0.080131,-0.132544
0.458050,0.030825,0.017884,-0.070243
0.113498,0.020440,-0.477909,-0.053231
0.069280,0.028168,-0.438021,-0.056637
0.039659,0.039004,-0.292051,-0.164572
0.291680,0.052937,0.271702,-0.013549
0.297341,0.049419,0.268704,-0.012736
0.302511,0.125139,-0.058983,-0.011187
0.018160,0.043113,-0.432990,-0.025491
-0.062151,0.039507,-0.365313,-0.009235
-0.096018,0.097641,-0.009908,-0.037435
0.043087,-0.100719,0.328760,-0.177959
-0.257549,-0.126110,-0.030167,0.084601
-0.344216,-0.053193,-0.035647,0.115977
-0.390627,-0.004634,-0.039919,0.124798
-0.483223,0.022712,-0.005690,0.092956
-0.507412,0.028066,0.061535,0.068407
-0.064634,0.076048,0.517490,0.050800
-0.024106,0.063659,0.537295,0.025926
-0.006034,0.070019,0.527106,0.011693
-0.405306,0.040577,0.020057,-0.052457
-0.364340,0.044790,0.009857,-0.087510
0.084302,0.070839,0.503630,-0.055983
0.158665,0.055883,0.456866,-0.068625
0.244436,0.084138,0.348802,-0.074599
-0.093018,0.033270,-0.263636,-0.073824
-0.124460,0.027598,-0.272577,-0.027771
0.184641,0.076577,0.342223,-0.001137
0.212005,0.058024,0.340074,-0.007398
-0.125595,0.022888,-0.294205,-0.000273
-0.179351,0.034587,-0.286014,0.033574
0.145261,0.163930,0.167851,0.073976
-0.137750,-0.170671,-0.028208,-0.060521
0.229108,-0.375973,0.017803,0.049163
0.211906,-0.236185,0.114018,0.057493
0.377582,-0.039208,0.053894,0.087995
0.140923,0.000223,-0.495112,0.081360
0.092561,0.021749,-0.552268,0.041060
0.084377,0.034254,-0.541025,0.028314
0.073033,0.098097,-0.383267,0.071248
-0.046790,0.057886,-0.434908,0.035343
-0.076482,0.079113,-0.272046,-0.008302
0.219825,0.124635,0.226118,0.031744
-0.123151,0.065008,-0.265622,-0.038576
-0.152997,0.054538,-0.295172,-0.003473
0.170827,0.084275,0.340445,0.007238
0.203448,0.075066,0.343256,-0.018984
-0.083643,0.058443,-0.272897,-0.099104
0.094367,0.145643,0.128547,0.062150
0.057163,0.017199,0.286505,0.133196
0.130430,0.151928,-0.053487,-0.034586
0.011631,0.128943,0.002288,-0.057269
-0.142330,0.061075,0.026414,-0.088492
-0.327844,0.024602,0.057652,-0.103603
-0.450916,0.023604,0.120297,-0.087562
-0.338028,0.062205,0.246594,-0.188504
-0.004765,0.059976,0.588290,-0.041588
0.008344,0.046784,0.575856,-0.028285
0.071204,0.020172,0.519549,-0.008147
0.099943,0.037617,0.377176,0.057204
-0.214729,0.011368,-0.227142,0.033295
-0.251917,0.030259,-0.232404,0.056855
-0.168822,0.045418,-0.043828,-0.000270
-0.162354,-0.171066,-0.002411,-0.061361
-0.234885,-0.330545,0.148029,0.041227
-0.145199,-0.379990,0.062598,0.079026
-0.140514,-0.287967,0.049813,0.140851
-0.013639,-0.040177,0.109713,0.235865
0.199905,0.075672,0.047023,0.183630
0.096898,0.058612,-0.474869,0.098247
0.082822,0.042432,-0.534663,0.024875
0.428586,0.079212,0.030191,0.055127
0.445526,0.075623,0.028207,0.044419
0.112735,0.032832,-0.531408,-0.010652
0.099219,0.033966,-0.507705,-0.022666
0.146029,0.080482,-0.248614,-0.138745
0.353841,0.100534,0.169741,-0.021847
0.209243,0.139767,-0.122212,0.009890
-0.012955,0.044402,-0.439081,0.010429
-0.092205,0.037668,-0.360030,0.017438
-0.219984,0.043332,-0.249493,0.028938
-0.004644,0.142483,0.287082,0.077721
0.169223,0.159203,0.182420,0.069013
-0.110184,-0.018746,-0.423823,0.168842
0.240983,-0.139991,-0.200705,-0.120010
0.210155,-0.118984,-0.286023,-0.181750
0.491558,0.039493,0.078379,-0.060004
0.493982,0.057755,0.084892,-0.057759
0.131456,0.028340,-0.491545,-0.065271
0.112278,0.033287,-0.498047,-0.044690
0.399320,0.108410,0.036607,0.005338
0.380025,0.109831,0.062027,0.021910
0.032842,0.040802,-0.454376,-0.016469
-0.019183,0.045464,-0.410712,-0.012776
-0.050710,0.125922,0.028268,-0.008062
0.093370,-0.112490,0.372320,-0.154661
0.002291,-0.169385,-0.073658,0.020559
-0.087691,-0.178569,-0.063241,0.051688
-0.251910,-0.152293,0.006969,0.070164
-0.297787,-0.111397,0.005796,0.069172
-0.434231,-0.047677,0.045595,0.061079
-0.469469,0.034832,0.111091,0.070964
-0.413488,0.072036,0.183295,0.055225
-0.089035,0.089906,0.525856,0.039049
-0.074768,0.097709,0.511286,0.043959
-0.463231,0.036549,0.029882,-0.000149
-0.452416,0.037468,0.018029,-0.000165
-0.009228,0.080490,0.518512,0.013012
0.056509,0.068476,0.465309,0.012495
-0.229066,0.065873,-0.101086,-0.087265
0.101654,0.012634,0.334531,0.102524
-0.320440,-0.008274,-0.010655,-0.013862
-0.310250,-0.013526,-0.017134,-0.039621
-0.434581,-0.001534,0.084450,-0.044855
0.026193,0.048424,0.563979,-0.035836
0.045946,0.044957,0.550671,-0.038787
0.071041,0.057720,0.519646,-0.045622
-0.216698,0.056637,0.089244,-0.286852
-0.186049,0.062638,0.058272,-0.282792
0.167318,0.056224,0.436362,-0.057115
0.222143,0.049765,0.376281,-0.045403
0.287444,0.054535,0.271158,-0.010358
0.190845,0.135866,-0.134036,0.003210
-0.007795,0.043439,-0.423594,-0.009258
-0.082095,0.036821,-0.347937,-0.003927
-0.168886,0.045359,-0.043875,-0.000272
-0.138031,-0.150846,0.040870,-0.146083
-0.295929,-0.195124,0.099869,0.002791
-0.249806,-0.406468,0.236120,0.027275
-0.256156,-0.399076,0.293895,0.039130
-0.033730,-0.129361,0.502235,0.095259
0.065206,-0.035550,0.508362,0.055901
0.069260,-0.010220,0.353434,0.153008
-0.230265,0.007415,-0.236665,0.062315
-0.257849,0.030234,-0.236357,0.066765
-0.284744,0.049001,-0.129195,-0.032211
0.120572,0.004959,0.371051,0.084176
-0.419713,-0.021917,0.108024,-0.040130
-0.336732,0.005440,0.205633,-0.163995
0.062897,0.029263,0.551406,-0.040782
0.130175,0.016038,0.504501,-0.047942
0.191985,0.015872,0.451327,-0.056400
0.241416,0.045700,0.375355,-0.059690
-0.015756,0.027254,-0.224647,-0.183820
-0.057584,0.044121,-0.264306,-0.118876
0.220856,0.056479,0.336190,-0.010740
0.247614,0.045759,0.304454,0.004937
0.269580,0.104833,0.030419,0.039238
-0.012327,0.044065,-0.417773,-0.011174
-0.075755,0.038498,-0.350949,-0.008984
-0.198520,0.044753,-0.218067,-0.025377
-0.209109,0.073126,-0.087469,-0.085454
-0.155283,-0.181261,0.006153,-0.066810
0.012586,-0.464901,0.059823,-0.004119
0.003433,-0.480208,0.058848,0.021200
-0.021551,-0.479151,0.057213,0.049069
-0.050168,-0.450243,0.053894,0.063854
-0.063728,-0.394380,0.047268,0.070443
-0.037673,-0.293560,0.054620,0.090780
0.048474,-0.135009,0.094138,0.120315
0.274936,0.012271,0.044963,0.090171
0.090645,0.019658,-0.513890,0.012570
0.121836,0.016008,-0.526411,-0.004572
0.496338,0.051723,0.014781,-0.006751
0.506734,0.039136,0.024442,-0.010913
0.142013,-0.012453,-0.509516,-0.017203
0.093978,-0.020721,-0.469872,-0.000588
0.067997,-0.071406,-0.286844,0.039360
0.305368,0.057961,0.160032,0.078123
0.146487,0.098341,-0.119997,0.201671
-0.052547,0.042559,-0.424652,0.037435
-0.112234,0.035183,-0.343565,0.023616
-0.256565,0.045260,-0.216431,0.030528
-0.275283,0.092805,0.073884,0.036160
0.080842,0.064068,0.433981,0.023897
0.158543,0.054500,0.369029,0.020711
0.211598,0.060222,0.306300,0.024658
-0.082333,0.054675,-0.313914,-0.054001
-0.101579,0.052940,-0.308445,-0.040125
0.207258,0.102810,0.317536,-0.024824
0.220579,0.078345,0.330126,-0.026265
-0.090490,0.060413,-0.297864,-0.069102
-0.229951,0.064058,-0.101577,-0.086861
0.084153,0.019029,0.339246,0.110936
-0.337027,0.004364,0.000257,-0.053736
-0.335519,0.012019,0.002869,-0.072110
-0.430404,0.014538,0.092941,-0.073961
0.008928,0.072931,0.578334,-0.057486
0.023794,0.068246,0.558383,-0.047634
0.050243,0.074818,0.519991,-0.042262
-0.306454,0.048246,-0.125816,-0.013180
-0.138093,-0.187827,-0.008301,-0.062968
-0.093439,-0.426455,0.129595,-0.004997
-0.006090,-0.470870,0.058602,0.021752
-0.031164,-0.467499,0.056830,0.047875
-0.060292,-0.437178,0.052405,0.066510
-0.069147,-0.374082,0.046176,0.075517
-0.032581,-0.263951,0.059792,0.099879
0.066244,-0.089673,0.108940,0.128553
0.284419,0.050462,0.060551,0.098222
0.091160,0.026182,-0.506622,0.032193
0.110732,0.033917,-0.533701,0.009327
0.452012,0.072941,0.042790,0.023052
0.447192,0.069831,0.053881,0.023007
0.118530,0.032684,-0.538067,-0.005915
0.095744,0.033969,-0.530650,0.003881
0.320639,0.159375,-0.047362,0.080945
0.286127,0.160114,-0.018917,0.080597
-0.005975,0.042696,-0.432625,-0.001304
-0.077762,0.037546,-0.357805,0.000832
-0.305230,0.044948,-0.124171,-0.012748
-0.174167,-0.160794,-0.000532,-0.061701
-0.155051,-0.391511,0.158159,0.075714
-0.062732,-0.343187,0.048960,0.121567
0.070366,-0.084917,0.110153,0.196582
0.278325,0.073781,0.055594,0.137546
0.187862,0.086816,-0.391918,0.201369
0.054740,0.033568,-0.540321,0.054816
0.044475,0.028037,-0.515252,0.045556
0.035052,0.025891,-0.493651,0.035588
-0.060275,0.009886,-0.323494,-0.011355
0.240695,0.106207,0.201615,0.024853
-0.073693,0.042295,-0.281217,-0.084541
-0.094915,0.047732,-0.266252,-0.083775
0.223278,0.090608,0.359174,-0.070281
0.250318,0.071779,0.342492,-0.061802
-0.065399,0.043915,-0.267914,-0.107679
-0.109614,0.035991,-0.292575,-0.030983
0.195035,0.061111,0.330283,0.016354
0.213408,0.053044,0.302725,0.033607
-0.082934,0.068691,-0.283277,0.010893
-0.140498,0.085626,-0.042038,-0.060555
0.063220,0.012071,0.267927,0.129341
0.098302,0.176441,0.020798,-0.006356
0.139279,0.171183,-0.058742,-0.028461
-0.032394,0.131847,0.047406,-0.051559
-0.086875,0.101855,0.038336,-0.056213
-0.324030,0.041181,0.041752,-0.065567
-0.446430,0.012219,0.089428,-0.049673
-0.299949,0.039168,0.246232,-0.095676
0.007891,0.071002,0.564141,-0.040250
0.024874,0.066686,0.554324,-0.043096
0.072942,0.072530,0.511973,-0.054656
-0.244574,0.052356,-0.115322,-0.079120
-0.131271,-0.014601,-0.415256,0.172492
-0.101488,-0.006454,0.155397,-0.100350
0.197108,0.067790,0.161708,-0.122536
0.326249,0.053431,0.084655,-0.105690
0.091061,0.032615,-0.440238,-0.080525
0.118223,0.033110,-0.489641,-0.058818
0.492660,0.092153,0.032445,-0.042992
0.476033,0.077685,0.053149,-0.016769
0.119064,0.037275,-0.530968,-0.019132
0.088474,0.036496,-0.531309,0.010109
0.334887,0.113211,-0.006544,0.107813
0.308156,0.112382,0.005603,0.114317
-0.000285,0.041835,-0.428653,-0.010105
-0.067718,0.038427,-0.349277,-0.018609
-0.286678,0.051213,-0.128231,-0.033417
0.095601,0.016774,0.349585,0.102476
-0.386602,0.005886,0.037614,-0.048363
-0.376945,0.011454,0.036361,-0.066992
-0.414674,0.012020,0.122308,-0.113739
0.029675,0.063152,0.559875,-0.049913
0.066682,0.055830,0.542526,-0.062249
0.144247,0.057791,0.464676,-0.063926
0.195772,0.075546,0.375085,-0.043614
-0.121348,0.062159,-0.235505,-0.100346
-0.168801,0.045438,-0.043812,-0.000270
-0.154422,-0.177355,-0.003765,-0.061649
-0.190507,-0.328783,0.132997,-0.008231
-0.061645,-0.362808,0.060417,-0.033106
-0.038149,-0.353692,0.047313,-0.052603
-0.029925,-0.381821,0.048578,-0.034008
-0.024669,-0.415092,0.049646,-0.007076
-0.023339,-0.444435,0.049693,0.020888
-0.031142,-0.463324,0.049617,0.047693
-0.056731,-0.459135,0.050730,0.068327
-0.087699,-0.431348,0.051692,0.072012
-0.118996,-0.394576,0.050189,0.074964
-0.142162,-0.339710,0.045131,0.081942
-0.130979,-0.252067,0.053647,0.102456
-0.060014,-0.109823,0.096217,0.133156
0.170661,-0.019217,0.044329,0.088706
0.078979,0.015740,-0.482620,-0.003253
0.120857,0.011102,-0.510377,-0.015955
0.500790,0.018085,0.009423,-0.025432
0.518391,-0.024066,0.025050,-0.040595
0.165054,-0.050387,-0.485943,-0.025819
0.139342,-0.066728,-0.459411,-0.010400
0.252806,-0.185811,-0.177587,0.019181
0.413369,-0.051418,0.179511,0.055993
0.356831,-0.002561,-0.007015,0.163216
0.026158,-0.009889,-0.448030,0.034584
-0.058333,0.012174,-0.386809,0.035765
-0.219763,0.031766,-0.251534,0.042330
0.134359,0.162825,0.159793,0.073812
-0.079589,-0.034825,-0.419414,0.164607
0.063014,-0.038014,-0.416102,-0.006091
0.076249,-0.033800,-0.410995,-0.028652
0.098198,-0.104584,-0.292974,-0.095968
0.352621,-0.021295,0.287496,-0.041311
0.345342,-0.002126,0.288375,-0.042021
0.157929,-0.122023,-0.241719,-0.143141
0.055875,0.019911,-0.417949,-0.055046
-0.001869,0.023513,-0.327752,-0.091031
0.294038,0.061867,0.299977,-0.053112
0.306440,0.057121,0.291199,-0.051983
0.021855,0.055338,-0.315281,-0.153939
-0.041330,0.059945,-0.346071,-0.068278
0.253688,0.074705,0.269514,0.004856
0.263272,0.060730,0.269993,0.008779
-0.011906,0.076635,-0.304742,-0.058206
-0.043324,0.051842,-0.399140,-0.006586
-0.150836,0.095267,-0.045417,-0.062615
0.156335,-0.124932,0.437685,-0.128534
-0.288310,-0.172461,0.042463,0.029027
-0.338595,-0.133883,0.034416,0.047761
-0.462195,-0.093632,0.131997,0.051141
-0.133361,-0.056113,0.494935,0.127005
-0.057324,0.046937,0.526320,0.074989
-0.460455,0.006215,0.018975,0.059042
-0.401459,0.031534,0.042255,0.105248
0.027171,0.065521,0.448801,0.061294
0.115143,0.059123,0.393009,0.035512
0.165240,0.071164,0.347281,0.019100
-0.136645,0.048767,-0.275444,-0.033837
-0.148117,0.046681,-0.254188,-0.041587
-0.168903,0.045344,-0.043887,-0.000272
-0.154437,-0.177350,-0.003754,-0.061650
-0.197136,-0.331980,0.134974,0.000628
-0.077939,-0.391252,0.062442,0.009798
-0.079925,-0.407098,0.052729,0.037939
-0.111173,-0.398635,0.051024,0.067227
-0.143780,-0.345580,0.044911,0.096307
-0.118627,-0.228694,0.058933,0.131040
-0.026620,-0.055547,0.106565,0.172741
0.206679,0.054210,0.061326,0.131296
0.072611,0.035313,-0.497537,0.017798
0.101443,0.036873,-0.529072,0.001743
0.449204,0.082481,0.026897,0.027600
0.443234,0.075720,0.046800,0.026974
0.112332,0.039676,-0.540183,0.011746
0.069511,0.034497,-0.532672,0.031487
0.027704,0.042308,-0.493933,0.026751
-0.083905,0.062133,-0.305351,-0.038342
0.224872,0.130474,0.215912,0.030411
-0.118925,0.058885,-0.283391,-0.042576
-0.144654,0.053326,-0.295053,-0.010752
0.179807,0.084867,0.341347,-0.003235
0.209710,0.072692,0.347243,-0.026857
-0.080117,0.064355,-0.260561,-0.115691
-0.291547,0.050441,-0.128501,-0.027561
-0.146805,-0.012757,-0.406432,0.175415
0.087420,0.023620,0.167557,-0.121303
0.319487,0.020813,0.074138,-0.109893
0.093581,0.026896,-0.432532,-0.084976
0.113972,0.028143,-0.486219,-0.053059
0.487231,0.084451,0.016279,-0.031352
0.483231,0.078568,0.040552,-0.018051
0.121095,0.033902,-0.516663,-0.035338
0.087182,0.036265,-0.485551,-0.035092
0.110591,0.085497,-0.227751,-0.165862
0.336270,0.099265,0.199475,-0.032397
0.209358,0.158734,-0.076556,-0.011761
-0.008299,0.042332,-0.425007,-0.006235
-0.082822,0.035344,-0.349675,0.000005
-0.308337,0.044434,-0.122281,-0.011019
-0.159325,-0.175173,-0.000666,-0.062029
-0.100909,-0.429578,0.130572,0.006215
-0.020319,-0.460872,0.058335,0.027203
-0.048525,-0.448295,0.054837,0.053828
-0.068350,-0.401938,0.048060,0.069516
-0.053795,-0.315663,0.050491,0.086068
0.025938,-0.160146,0.086005,0.123150
0.265598,0.007846,0.043481,0.103259
0.095416,0.015818,-0.503386,0.046031
0.090295,0.036431,-0.549681,0.034694
0.410099,0.082162,0.024842,0.078927
0.416469,0.076376,0.034477,0.070025
0.103445,0.034790,-0.539817,0.007651
0.075148,0.034637,-0.505882,-0.001085
0.050154,0.066663,-0.293562,-0.087403
0.303040,0.123383,0.171495,0.002817
-0.029657,0.069494,-0.299021,-0.091661
0.115211,0.167082,0.148167,0.071328
-0.039591,-0.113797,0.238698,-0.179389
-0.076853,-0.198089,-0.059564,0.020979
-0.192872,-0.196324,0.008746,0.043534
-0.223748,-0.168754,0.008938,0.049774
-0.252411,-0.139423,0.009217,0.048643
-0.381906,-0.090232,0.056544,0.041229
-0.450921,-0.005954,0.125524,0.046654
-0.425104,0.025932,0.171348,0.038644
-0.134404,0.055875,0.492155,0.101270
-0.098578,0.078775,0.498973,0.088029
-0.484754,0.035695,0.023295,0.029844
-0.479379,0.036910,0.015999,0.030208
-0.003355,0.073806,0.481723,0.050612
0.064350,0.061189,0.457657,0.019593
0.109395,0.091373,0.400506,0.001511
-0.184915,0.045839,-0.225582,-0.032552
-0.291619,0.050805,-0.128823,-0.027530
0.175803,-0.135767,0.452938,-0.111498
-0.232015,-0.211551,0.055551,-0.002155
-0.207569,-0.194802,-0.001837,0.017118
-0.300861,-0.180503,0.054240,0.035033
-0.375325,-0.223377,0.159891,0.049081
-0.218932,-0.269042,0.382447,0.071718
0.008904,-0.034627,0.552388,0.046004
0.064330,-0.004301,0.488536,0.053705
0.125976,0.028445,0.388557,0.059529
-0.233735,0.025548,-0.241470,0.054758
-0.252930,0.042697,-0.241599,0.054700
-0.168849,0.045394,-0.043847,-0.000271
-0.154444,-0.177347,-0.003749,-0.061651
-0.197155,-0.331960,0.134972,0.000627
-0.077809,-0.386593,0.063134,0.004260
-0.063616,-0.390930,0.053035,0.004491
-0.063410,-0.391151,0.053051,0.004490
-0.063196,-0.391381,0.053068,0.004489
-0.062991,-0.391601,0.053085,0.004487
-0.062785,-0.391823,0.053101,0.004486
-0.064077,-0.394572,0.053121,0.008541
-0.076999,-0.406778,0.052816,0.034441
-0.106140,-0.401758,0.051416,0.063518
-0.144437,-0.353300,0.045041,0.104138
-0.111784,-0.217860,0.062062,0.150383
-0.015963,-0.034719,0.103975,0.191751
0.202460,0.066216,0.057705,0.144063
0.087369,0.045551,-0.474470,0.036030
0.088827,0.040790,-0.536062,0.014306
0.431492,0.084156,0.028817,0.047108
0.447080,0.080231,0.037805,0.026817
0.120401,0.035793,-0.533267,-0.019107
0.101490,0.035262,-0.523530,-0.010376
0.251980,0.145594,-0.153618,-0.014363
0.179334,0.145830,-0.162065,-0.002587
-0.012782,0.042584,-0.433339,0.006330
-0.090617,0.036882,-0.354068,0.010691
-0.321110,0.046556,-0.115193,-0.007460
-0.169032,-0.164331,-0.002465,-0.061364
-0.158074,-0.396039,0.158550,0.066808
-0.071349,-0.377713,0.046549,0.099948
0.013025,-0.183372,0.081348,0.168310
0.267979,0.029078,0.050020,0.135996
0.122680,0.023372,-0.467126,0.109722
0.078735,0.042858,-0.551390,0.049423
0.416058,0.079716,0.024887,0.075526
0.434594,0.074562,0.033146,0.053191
0.100714,0.031673,-0.538777,0.010751
0.072775,0.030008,-0.513397,0.013510
0.030152,0.028970,-0.309368,-0.073142
0.302800,0.106268,0.189206,0.003022
-0.024891,0.049513,-0.285878,-0.099887
-0.060778,0.059050,-0.311086,-0.084342
0.245808,0.080014,0.324877,-0.047914
0.263093,0.064601,0.317654,-0.042562
-0.014755,0.072467,-0.254304,-0.111579
-0.065940,0.052521,-0.389966,0.006180
-0.082931,0.108455,0.001170,-0.028841
0.157908,-0.123394,0.441476,-0.129424
-0.331131,-0.148325,0.049370,0.041691
-0.394884,-0.094895,0.040707,0.058989
-0.457886,-0.105391,0.153049,0.078722
-0.073005,0.054384,0.546733,0.063511
-0.052850,0.072551,0.517662,0.064890
-0.174401,0.104700,0.294432,0.249907
-0.335835,0.041538,-0.149726,0.046818
-0.327033,0.038191,-0.153907,0.045555
-0.446854,0.042801,0.037658,-0.008439
0.045235,0.067284,0.483730,0.006539
0.125259,0.057974,0.445416,-0.025860
0.182941,0.081311,0.357993,-0.019457
0.120541,0.169091,0.152568,0.072635
-0.035040,0.005315,0.171033,0.172138
0.082502,0.158952,-0.017312,-0.039729
-0.083748,0.097899,0.036687,-0.068990
-0.315300,0.035436,0.044384,-0.083668
-0.447413,0.014231,0.096222,-0.058575
-0.319206,0.034731,0.235742,-0.086785
-0.002305,0.071018,0.547611,-0.013551
0.012094,0.064151,0.540145,-0.013601
0.074396,0.065851,0.473222,-0.010680
0.096762,0.114109,0.387677,0.004180
-0.190198,0.045442,-0.234240,-0.018215
-0.205043,0.044793,-0.219672,-0.017289
-0.314589,0.045002,-0.118630,-0.008987
-0.159666,-0.016667,-0.393897,0.178559
0.185852,-0.005598,0.155390,-0.027862
0.280136,-0.027500,0.048024,-0.061492
0.072807,0.007679,-0.416309,-0.061283
0.106056,0.015175,-0.464957,-0.053467
0.457128,0.049862,-0.011302,-0.085842
0.479870,0.079197,0.028470,-0.072039
0.125103,0.033253,-0.494008,-0.061549
0.085142,0.035606,-0.449543,-0.068415
0.093771,0.082715,-0.243497,-0.223027
0.340022,0.089220,0.191575,-0.018170
0.238862,0.151056,-0.048035,0.045294
-0.008711,0.038328,-0.423906,-0.002921
-0.080290,0.033087,-0.351512,0.001537
-0.219573,0.043397,-0.228699,0.007666
-0.270838,0.049555,-0.127012,-0.048491
0.116441,0.007361,0.373413,0.085273
-0.412701,-0.020835,0.119782,-0.032097
-0.444953,-0.000068,0.094426,-0.045465
0.025000,0.065669,0.540949,-0.038201
0.047524,0.050966,0.544972,-0.040722
-0.294067,0.041116,0.122748,-0.262993
-0.256957,0.048030,0.109025,-0.287075
0.140406,0.052578,0.465501,-0.055696
0.212890,0.045331,0.405531,-0.060963
0.272130,0.058019,0.341088,-0.068449
0.101149,0.101964,-0.149468,-0.264821
0.007179,0.039488,-0.239786,-0.199343
0.278222,0.028731,0.325502,-0.029668
0.294154,0.023224,0.282723,0.002669
0.363811,0.093371,0.064758,0.072099
0.010482,0.032933,-0.475352,0.034823
-0.052414,0.042710,-0.419978,0.032476
-0.168892,0.045354,-0.043879,-0.000272
-0.138044,-0.150837,0.040879,-0.146089
-0.307754,-0.189924,0.100670,0.009263
-0.265893,-0.410192,0.254969,0.029817
-0.260529,-0.343911,0.321347,0.061224
-0.000912,-0.035219,0.540766,0.069173
0.048043,0.013922,0.464303,0.076161
0.080814,0.065003,0.337494,0.119193
-0.265498,0.052001,-0.270577,0.087669
-0.277057,0.046499,-0.254173,0.087529
0.006001,0.103159,0.315647,0.177610
0.058819,0.094236,0.348934,0.100696
-0.214811,0.026185,-0.253454,0.044879
-0.216838,0.020007,-0.248970,0.048597
-0.083594,0.072237,0.235187,0.124219
0.049841,0.101722,0.358902,0.066079
-0.181370,0.028216,-0.211484,-0.032572
-0.186911,0.031698,-0.199547,-0.042445
-0.312244,0.050392,0.022517,-0.157799
0.111255,0.066606,0.464790,-0.039863
0.184954,0.057482,0.404883,-0.044530
0.260817,0.073511,0.322796,-0.054339
-0.061904,0.059162,-0.293975,-0.098541
-0.111850,0.054293,-0.324832,-0.014718
0.189619,0.079023,0.298458,0.035677
0.211110,0.066822,0.278744,0.046102
-0.108448,0.062844,-0.328808,0.019835
-0.278744,0.052477,-0.126721,-0.043869
0.090551,0.017940,0.344677,0.106172
-0.370753,0.003930,0.019274,-0.039112
-0.365186,0.009013,0.019222,-0.057490
-0.426010,0.008722,0.099177,-0.078556
0.023899,0.064315,0.573616,-0.059042
0.050718,0.059684,0.553641,-0.061255
0.093834,0.070605,0.511758,-0.073409
0.160799,0.107369,0.394039,-0.059773
-0.170199,0.041574,-0.228803,-0.039783
-0.192593,0.038564,-0.236457,-0.006724
-0.281375,0.052159,-0.127425,-0.040331
0.108183,0.012170,0.375689,0.087741
-0.423750,-0.008340,0.100559,-0.062086
-0.348809,0.023614,0.193807,-0.252212
0.054413,0.047103,0.555947,-0.054674
0.117378,0.040348,0.516089,-0.071028
0.190816,0.042174,0.451480,-0.081682
0.273578,0.069842,0.348266,-0.088899
0.002793,0.054321,-0.215237,-0.238647
-0.057676,0.027333,-0.267043,-0.099807
0.249087,0.034027,0.344396,-0.024726
0.264081,0.018141,0.311759,0.008804
0.157610,0.042320,-0.082047,0.050208
-0.013487,0.019144,-0.407040,0.004174
-0.082068,0.017734,-0.343069,0.010215
-0.230101,0.026548,-0.209188,0.015531
0.046452,0.098254,0.371368,0.085389
0.100289,0.167279,0.137972,0.067462
-0.078244,-0.166195,-0.073725,-0.076146
0.128527,-0.151520,-0.383079,0.008861
0.125755,-0.135313,-0.414724,0.027154
0.359772,-0.196640,0.004597,0.166040
0.379023,-0.107043,0.062955,0.177816
0.036861,-0.055468,-0.426611,0.048125
-0.037776,-0.017981,-0.386894,0.045442
-0.220384,0.008415,-0.240178,0.056799
0.140853,0.053125,0.350550,0.058252
0.171262,0.055864,0.311064,0.064593
0.163124,0.161476,0.179314,0.070816
-0.048363,-0.105484,0.237163,-0.182751
-0.092829,-0.149042,-0.070026,0.091844
-0.333794,-0.094443,0.001777,0.103604
-0.384059,-0.040331,-0.003147,0.107979
-0.464989,0.006171,0.037821,0.075283
-0.490339,0.037760,0.087269,0.059601
-0.423762,0.048488,0.160456,0.033081
-0.103308,0.095295,0.497245,0.051565
-0.064936,0.104776,0.507106,0.041250
-0.459269,0.039634,0.027581,-0.005056
-0.450840,0.039563,0.020180,-0.006045
-0.005434,0.080104,0.521675,0.006443
0.063840,0.065880,0.469044,0.004026
0.090055,0.102971,0.395286,0.014471
-0.211672,0.045261,-0.230123,-0.000676
-0.217183,0.043975,-0.228933,0.004930
0.064235,0.113934,0.383148,0.041405
-0.267911,0.054280,-0.124467,-0.057667
0.145371,-0.122296,0.425750,-0.133479
-0.255848,-0.178981,0.025102,0.024621
-0.211531,-0.144285,-0.046054,0.045587
-0.340164,-0.107270,0.008786,0.051013
-0.468658,-0.046434,0.104275,0.043559
-0.275973,-0.097729,0.356197,0.129098
-0.251639,-0.041320,0.343416,0.157698
-0.472041,0.025345,0.007187,0.042597
-0.467881,0.036653,-0.009283,0.043525
-0.034201,0.083477,0.498225,0.055238
0.023781,0.068843,0.460431,0.049733
-0.140074,0.109757,0.163159,0.105694
-0.214055,0.039506,-0.220587,-0.002072
-0.217180,0.039773,-0.202209,-0.017574
-0.381426,0.043269,-0.015312,-0.043735
0.063228,0.076981,0.476781,-0.014202
0.127469,0.062645,0.442214,-0.029539
0.170870,0.154550,0.181474,0.069777
-0.109222,-0.190814,-0.033244,-0.063790
0.220330,-0.420260,-0.103118,0.024655
0.326588,-0.340071,0.062937,0.042215
0.421105,-0.182449,0.075912,0.068023
0.429282,-0.085495,-0.094468,0.115263
0.105351,-0.009768,-0.543970,0.051736
0.052280,0.017894,-0.532519,0.065198
0.008281,0.082251,-0.367251,0.166852
0.178669,0.130735,-0.007740,0.280077
-0.124034,0.040696,-0.394442,0.086606
-0.127571,0.040258,-0.380061,0.070201
-0.191139,0.022675,-0.286805,0.058077
-0.333390,0.022275,-0.089560,0.014128
0.090128,0.047409,0.457793,0.007425
0.154922,0.027859,0.442361,-0.022362
0.157302,0.060874,0.229951,-0.067167
-0.088319,0.037262,-0.300888,-0.045265
-0.119507,0.039679,-0.275169,-0.042212
-0.239396,0.055862,-0.062109,-0.151553
0.143841,0.066131,0.440929,-0.048112
0.200884,0.057117,0.391130,-0.046343
0.284124,0.103408,0.253294,-0.038104
-0.067169,0.050441,-0.364798,-0.015663
-0.168865,0.045379,-0.043859,-0.000271
-0.154473,-0.177336,-0.003728,-0.061654
-0.207376,-0.336285,0.137971,0.014501
-0.104296,-0.403331,0.063098,0.048978
-0.121233,-0.386963,0.049905,0.070598
-0.140907,-0.338963,0.045419,0.073267
-0.137643,-0.267638,0.050923,0.087028
-0.077450,-0.137563,0.086276,0.123962
-0.029974,-0.040220,0.099048,0.134298
0.201362,0.060359,0.061409,0.121977
0.068022,0.042667,-0.503217,0.034983
0.096017,0.041841,-0.531193,0.007718
0.457525,0.086466,0.026823,0.012458
0.466815,0.077739,0.045681,-0.002899
0.128202,0.030072,-0.532064,-0.022346
0.115098,0.026766,-0.524328,-0.014670
0.367535,0.133523,-0.037092,0.040968
0.348797,0.130456,0.011641,0.091311
0.006598,0.042978,-0.477753,0.031000
-0.065741,0.045194,-0.408787,0.032138
-0.187371,0.077203,-0.073885,-0.079790
-0.179017,-0.158896,0.002791,-0.062073
-0.143822,-0.402973,0.146403,0.075390
-0.064044,-0.354582,0.047084,0.106811
0.032803,-0.154694,0.088947,0.164913
0.275894,0.038973,0.053763,0.126386
0.115940,0.026347,-0.474763,0.097449
0.078592,0.042909,-0.551477,0.049830
0.403192,0.075808,0.025315,0.092313
0.424884,0.066499,0.033065,0.072472
0.099099,0.027688,-0.535623,0.012444
0.070907,0.026622,-0.491625,-0.003088
0.012304,0.037895,-0.316105,-0.123113
0.296575,0.061373,0.298205,-0.053373
0.313496,0.055537,0.283116,-0.049366
0.107229,0.091423,-0.240834,-0.184649
-0.005149,0.047222,-0.412142,-0.027125
-0.108071,0.057195,-0.330300,-0.013549
0.202298,0.070436,0.287406,0.042638
0.224351,0.060722,0.272713,0.044986
-0.016153,0.097214,-0.244268,0.040733
-0.036445,0.131169,0.038849,0.000061
-0.097557,-0.177609,-0.051438,-0.070209
0.127308,-0.156551,-0.381294,0.013424
0.423762,-0.226444,-0.056130,0.081960
0.478056,-0.109526,0.005030,0.101472
0.113766,-0.043242,-0.520427,0.053383
0.020055,-0.009197,-0.472144,0.064084
-0.056573,0.022641,-0.425289,0.062018
-0.235861,0.052220,-0.295111,0.081910
0.089339,0.091034,0.315736,0.106669
0.136244,0.069704,0.317602,0.079212
-0.200853,0.038233,-0.289136,0.057477
-0.189713,0.030222,-0.261819,0.024104
0.085820,0.105652,0.361671,0.048675
0.146281,0.097403,0.382067,-0.023076
-0.140734,0.042340,-0.254153,-0.044664
-0.161616,0.043593,-0.231381,-0.047808
-0.317888,0.045273,-0.116566,-0.008025
0.167645,-0.127611,0.450652,-0.122466
-0.331186,-0.154581,0.061126,0.035502
-0.331088,-0.113164,-0.006149,0.059426
-0.451633,-0.049077,0.048969,0.060009
-0.363538,-0.063322,0.257393,0.142838
-0.057804,0.064032,0.549904,0.042576
-0.025201,0.065420,0.531776,0.030743
-0.020178,0.102543,0.401533,0.114362
-0.314565,0.041895,-0.152099,0.027563
-0.308104,0.043020,-0.164185,0.032060
-0.041070,0.131250,0.367242,0.141893
-0.168833,0.045409,-0.043835,-0.000270
-0.089936,-0.040832,-0.254611,-0.011602
-0.324832,-0.049086,0.076934,-0.053093
-0.006061,0.052315,0.112774,-0.128014
0.024830,0.087897,0.115014,-0.140070
0.203000,0.110390,0.078954,-0.114078
0.058243,0.033062,-0.415283,-0.073110
0.099792,0.032252,-0.478257,-0.050910
0.490113,0.089313,0.034435,-0.046970
0.488914,0.086066,0.038910,-0.035284
0.120944,0.035456,-0.527351,-0.025935
0.102105,0.034852,-0.529007,-0.005032
0.319026,0.137082,-0.100274,0.049443
0.274129,0.136167,-0.081260,0.042141
0.004771,0.043507,-0.436195,-0.009290
-0.077739,0.037828,-0.352783,-0.004440
0.060722,0.148797,0.106235,0.049301
0.068869,-0.106270,0.351322,-0.167580
0.011999,-0.135108,-0.074457,0.060260
-0.190539,-0.138825,-0.033742,0.078649
-0.314367,-0.097196,0.004733,0.072888
-0.441941,-0.035521,0.042891,0.062135
-0.475840,0.029847,0.104647,0.048702
-0.414703,0.066289,0.184160,0.026866
-0.117535,0.085468,0.499601,0.059075
-0.085169,0.096318,0.505503,0.065929
-0.477652,0.037532,0.026640,0.016861
-0.463259,0.038933,0.016772,0.010538
-0.004681,0.081171,0.520753,0.005545
0.063719,0.068907,0.468874,0.001289
-0.226857,0.065559,-0.100559,-0.087479
0.151204,-0.123775,0.431931,-0.130815
-0.270430,-0.178017,0.034206,0.025443
-0.315067,-0.144846,0.024894,0.044928
-0.453738,-0.093158,0.121168,0.049213
-0.207521,-0.133906,0.424522,0.132860
-0.123131,-0.011497,0.465104,0.174240
-0.468657,0.017679,0.008152,0.046510
-0.466685,0.032228,-0.006047,0.044753
-0.000194,0.077701,0.479965,0.045313
0.064365,0.066286,0.452788,0.019350
0.129105,0.163901,0.156575,0.073355
0.034744,0.012897,0.245348,0.144445
0.142195,0.162921,-0.073612,-0.022737
-0.037271,0.129948,0.046825,-0.050058
-0.091792,0.098260,0.037418,-0.057885
-0.324256,0.040485,0.044441,-0.067162
-0.446476,0.012865,0.090482,-0.051255
-0.263682,0.046664,0.283312,-0.099320
0.006040,0.072322,0.566205,-0.041785
0.019503,0.067982,0.553665,-0.038361
0.069371,0.071604,0.484107,-0.022294
-0.145351,0.094907,-0.041437,-0.059780
-0.100249,-0.033279,-0.416231,0.167728
0.302423,-0.099533,0.132879,-0.011476
0.371966,-0.087674,0.018617,-0.044840
0.093446,-0.006568,-0.432431,-0.051643
0.101036,-0.000596,-0.441897,-0.055752
0.195467,-0.084913,-0.247861,-0.218455
0.378081,0.040431,0.256170,-0.072290
0.359937,0.050136,0.247037,-0.056130
0.460862,0.101220,0.006531,-0.032231
0.100073,0.035240,-0.518885,-0.013564
0.038036,0.038979,-0.476381,0.002166
-0.070229,0.058094,-0.333516,-0.033677
0.226492,0.064900,0.297763,0.013623
0.247780,0.055938,0.285836,0.013221
-0.019935,0.063765,-0.282797,-0.119813
-0.066282,0.059621,-0.320861,-0.069649
0.241645,0.086410,0.311024,-0.036297
0.250152,0.067883,0.302578,-0.017831
-0.071240,0.066129,-0.323457,-0.037707
-0.230354,0.065355,-0.101915,-0.087124
-0.148909,-0.179953,-0.007033,-0.061292
-0.133024,-0.422492,0.143040,0.027557
-0.044609,-0.453848,0.055499,0.052736
-0.069674,-0.405525,0.048079,0.075392
-0.051529,-0.308566,0.051846,0.096557
0.036287,-0.141652,0.091632,0.131883
0.273994,0.028206,0.051222,0.108598
0.081413,0.025824,-0.521900,0.031509
0.108065,0.031277,-0.537594,0.012214
0.446764,0.080975,0.022215,0.039021
0.439558,0.080436,0.032818,0.040060
0.105739,0.033334,-0.546075,0.010738
0.077804,0.036505,-0.529211,0.017809
0.188191,0.140302,-0.167536,0.099956
0.113777,0.130508,-0.164630,0.085200
-0.035327,0.045459,-0.419854,0.012519
-0.106663,0.036059,-0.343399,0.016994
-0.236069,0.041169,-0.202683,0.000373
-0.285607,0.061605,0.066298,-0.184825
0.116389,0.062305,0.458443,-0.034348
0.186381,0.056877,0.389946,-0.030417
0.259029,0.060262,0.313278,-0.029783
-0.007253,0.057294,-0.261159,-0.153825
-0.068580,0.043949,-0.300912,-0.070915
0.230786,0.052353,0.310432,0.009212
0.246941,0.046771,0.272490,0.036572
0.231149,0.164057,-0.033955,0.130194
-0.029841,0.045067,-0.425819,0.013385
-0.098572,0.037381,-0.352649,0.016704
0.066425,0.161735,0.113352,0.054115
0.099359,-0.116136,0.373911,-0.146767
0.000550,-0.185812,-0.069942,-0.035009
-0.055783,-0.217496,-0.051371,-0.007914
-0.130330,-0.244246,0.008669,0.016505
-0.150797,-0.233620,0.008388,0.040192
-0.190400,-0.204574,0.008268,0.067280
-0.248350,-0.161114,0.006589,0.080157
-0.301085,-0.114578,0.005333,0.078106
-0.439593,-0.045644,0.042857,0.068876
-0.470740,0.039781,0.109345,0.079426
-0.418362,0.069631,0.176672,0.058317
-0.111884,0.089798,0.498387,0.059567
-0.074859,0.100404,0.508657,0.044023
-0.458183,0.037309,0.031170,-0.007340
-0.449672,0.037399,0.023582,-0.008393
-0.004066,0.078566,0.523122,0.005164
0.064678,0.067855,0.468764,0.001491
-0.166869,0.077191,-0.061225,-0.072952
-0.151718,-0.178382,-0.005738,-0.061352
-0.113835,-0.418164,0.136540,0.002964
-0.005025,-0.454417,0.059577,0.003362
-0.008082,-0.457266,0.059322,0.009583
-0.025581,-0.461620,0.057780,0.034476
-0.055515,-0.442165,0.053365,0.061674
-0.068465,-0.376301,0.046191,0.080923
-0.025316,-0.253979,0.062383,0.109920
0.078367,-0.073255,0.114369,0.137463
0.289597,0.062332,0.063803,0.100950
0.079160,0.032764,-0.523044,0.034104
0.105341,0.036677,-0.538436,0.012477
0.447248,0.085146,0.021716,0.034466
0.439173,0.077866,0.042997,0.034150
0.110882,0.036293,-0.541353,0.001311
0.084742,0.037071,-0.529813,0.011071
0.301602,0.143998,-0.036804,0.107860
0.240894,0.142232,-0.041251,0.105407
-0.018615,0.045217,-0.429732,0.005923
-0.090898,0.037700,-0.353329,0.009383
-0.217690,0.043647,-0.229692,0.006526
-0.236252,0.063285,-0.105681,-0.086026
-0.160896,-0.174891,0.000935,-0.062344
-0.105007,-0.444223,0.129479,0.030037
-0.046498,-0.451288,0.054956,0.054862
-0.068363,-0.394890,0.046972,0.083643
-0.030409,-0.270751,0.059545,0.115226
0.079130,-0.077300,0.112966,0.147063
0.290558,0.067140,0.063157,0.108870
0.091444,0.032157,-0.504831,0.039076
0.107179,0.038719,-0.534518,0.012379
0.445214,0.080808,0.032832,0.031658
0.437456,0.073598,0.053747,0.030479
0.114598,0.037796,-0.537939,-0.002832
0.092020,0.036944,-0.532630,0.007065
0.342455,0.136053,-0.001357,0.090565
0.310817,0.137312,0.011464,0.095195
-0.007295,0.045704,-0.439778,0.004165
-0.078695,0.039799,-0.363019,0.004728
-0.218141,0.045121,-0.237705,0.013515
0.076813,0.107469,0.376486,0.042005
0.135291,0.084695,0.363952,0.018848
-0.192165,0.045003,-0.232974,-0.017071
-0.274264,0.047777,-0.128095,-0.042407
0.115909,0.007667,0.373633,0.085414
-0.416294,-0.020154,0.114931,-0.043139
-0.231637,0.032687,0.310926,-0.129767
0.040033,0.049190,0.548340,-0.034968
-0.377061,0.030952,0.078674,-0.129623
-0.338456,0.041491,0.095169,-0.194665
0.101566,0.051225,0.500118,-0.050120
0.175858,0.037062,0.446186,-0.056318
0.227878,0.059576,0.368178,-0.052843
0.009676,0.068656,-0.166762,-0.263898
-0.039871,0.064266,-0.217826,-0.202915
0.249190,0.057372,0.350863,-0.054636
0.267719,0.038052,0.329975,-0.032960
0.350294,0.112580,0.109189,0.014782
0.006156,0.024794,-0.418812,-0.009344
-0.053342,0.020600,-0.356658,-0.007809
-0.219967,0.031900,-0.212221,0.003091
0.135580,0.068351,0.365006,0.033848
0.165376,0.056885,0.344945,0.035581
0.108442,0.161685,0.033115,0.147229
-0.107250,0.048148,-0.365205,0.027100
-0.139746,0.041591,-0.328910,0.029949
-0.301791,0.043135,-0.172446,0.033893
0.005608,0.111199,0.391428,0.094460
0.081472,0.082832,0.436355,0.002129
-0.235822,0.045726,-0.176872,-0.030243
-0.168785,0.045453,-0.043800,-0.000269
-0.332195,0.003238,-0.001161,-0.003292
-0.440502,-0.018590,0.073831,-0.005595
0.020136,0.017547,0.546507,0.013196
0.049750,0.002821,0.538745,0.011164
0.060255,0.007556,0.533138,-0.000592
-0.207431,-0.114925,0.106914,-0.116066
-0.206545,-0.022128,-0.096567,-0.071963
-0.200269,0.005841,0.074211,-0.275531
0.172541,0.028772,0.463780,-0.062306
0.230408,0.023935,0.415086,-0.066641
0.298820,0.057013,0.320727,-0.073777
0.019258,0.042609,-0.277619,-0.175713
-0.038100,0.054591,-0.311163,-0.099198
0.251337,0.065867,0.311734,-0.026155
0.270267,0.056880,0.294906,-0.019269
0.087223,0.099573,-0.198700,-0.121750
-0.030513,0.051278,-0.386207,-0.031765
-0.111096,0.052979,-0.290707,-0.048377
0.210957,0.080258,0.335769,-0.024202
0.225574,0.053847,0.347110,-0.023745
-0.072074,0.035664,-0.271663,-0.084734
-0.120451,0.037453,-0.296869,-0.016357
0.195654,0.055606,0.314767,0.036756
0.221403,0.053493,0.280688,0.047195
0.173274,0.160694,-0.036737,0.163751
-0.055494,0.048895,-0.417466,0.026860
-0.117193,0.039168,-0.347321,0.028228
-0.274003,0.041676,-0.205297,0.040416
0.018904,0.113180,0.376756,0.093738
0.084946,0.099592,0.412420,0.005821
-0.204305,0.043617,-0.215532,-0.020990
-0.218069,0.043424,-0.200703,-0.021863
-0.071843,0.093135,0.005757,-0.026309
0.174464,-0.132461,0.455393,-0.115783
-0.301492,-0.176604,0.064371,0.023734
-0.295715,-0.145978,0.004499,0.045499
-0.406465,-0.096206,0.064254,0.046110
-0.408130,-0.207118,0.218429,0.077136
-0.045465,0.028911,0.558109,0.046749
-0.019325,0.047654,0.516247,0.057864
0.008803,0.081286,0.406465,0.105917
-0.330652,0.044825,-0.173346,0.061978
-0.328911,0.045142,-0.179464,0.066030
0.026473,0.089845,0.410327,0.076134
0.080522,0.073832,0.421713,0.026719
-0.245837,0.039773,-0.178838,-0.012301
-0.219986,0.040635,-0.186433,-0.031427
-0.191084,0.075323,-0.074816,-0.079897
0.102704,0.015606,0.380894,0.088466
-0.368155,0.004088,0.154675,-0.174536
0.002461,0.084127,0.543340,-0.084366
0.046967,0.064181,0.555298,-0.063656
-0.250011,0.054413,0.201790,-0.345455
0.056855,0.124852,0.471152,-0.094836
0.116649,0.072830,0.458982,-0.045673
-0.209880,0.040281,-0.124860,-0.102713
-0.234982,0.037920,-0.147426,-0.052491
0.146037,0.058730,0.376869,0.021152
0.189432,0.054110,0.306103,0.053118
0.248053,0.099746,0.163608,0.090763
-0.087790,0.051092,-0.403064,0.042665
-0.126653,0.045425,-0.336209,0.020230
-0.252799,0.053438,-0.120974,-0.074978
0.151969,0.069841,0.407019,-0.026040
0.195901,0.058383,0.379266,-0.030762
0.274640,0.141178,0.218970,-0.034137
-0.048604,0.050643,-0.369917,-0.029332
-0.168854,0.045389,-0.043851,-0.000271
-0.154444,-0.177347,-0.003749,-0.061651
-0.197204,-0.331905,0.134966,0.000626
-0.078397,-0.387327,0.063183,0.005545
-0.074383,-0.402699,0.052868,0.027519
-0.100249,-0.403552,0.051774,0.057668
-0.134211,-0.371701,0.047701,0.080570
-0.144618,-0.302047,0.046819,0.094562
-0.090185,-0.164492,0.076909,0.138359
-0.026294,-0.038836,0.100577,0.155718
0.201221,0.063572,0.059517,0.133374
0.084200,0.043970,-0.481755,0.028422
0.095002,0.041859,-0.532000,0.009865
0.433813,0.084479,0.028741,0.043732
0.428076,0.076044,0.047771,0.043863
0.111029,0.039074,-0.537617,0.004728
0.103325,0.035803,-0.528778,-0.007282
0.345153,0.137514,-0.056039,0.016602
0.320938,0.142667,-0.019431,0.016621
0.013598,0.043696,-0.448928,-0.005570
-0.064549,0.043084,-0.393015,0.017295
-0.278274,0.052421,-0.126560,-0.044424
-0.170762,-0.165621,0.000918,-0.061730
-0.140395,-0.419816,0.143318,0.049312
-0.068737,-0.414040,0.048887,0.076840
-0.047295,-0.301014,0.053852,0.114491
0.066806,-0.092749,0.107671,0.161395
0.286043,0.061936,0.062158,0.113618
0.104064,0.034211,-0.486195,0.074996
0.095897,0.042370,-0.540848,0.027045
0.427808,0.077197,0.043733,0.046532
0.424190,0.071938,0.054903,0.046405
0.104475,0.039582,-0.535533,0.011757
0.059130,0.033263,-0.516495,0.026911
0.002787,0.038061,-0.446172,0.008119
-0.108665,0.049821,-0.310825,-0.027039
0.194852,0.070581,0.337570,-0.000218
0.218440,0.059187,0.328377,-0.003220
-0.049816,0.061187,-0.267209,-0.129962
-0.085061,0.059057,-0.300416,-0.070772
0.218570,0.082936,0.329670,-0.028391
0.226969,0.065026,0.307067,0.003723
-0.041612,0.086866,-0.267131,-0.011195
-0.262153,0.055264,-0.120234,-0.066470
-0.104682,-0.019324,-0.425694,0.167807
0.358240,-0.054675,0.129954,-0.052789
0.448564,0.009685,0.037975,-0.065914
0.109317,0.013586,-0.462754,-0.057350
0.109286,0.016993,-0.466698,-0.056789
0.163680,0.028559,-0.299714,-0.262558
0.389393,0.055196,0.229501,-0.071363
0.371852,0.050861,0.228719,-0.048937
0.441074,0.144632,-0.023139,-0.009296
0.079869,0.036914,-0.512536,-0.001432
-0.002116,0.040760,-0.441390,0.005540
0.121781,0.161122,0.150599,0.071925
0.059068,0.013482,0.269938,0.132048
0.153362,0.164248,-0.076138,-0.011428
0.019757,0.157260,0.046936,-0.032861
-0.049810,0.121714,0.043719,-0.054826
-0.103209,0.092049,0.035891,-0.058400
-0.331241,0.037969,0.045435,-0.066881
-0.449138,0.013373,0.092263,-0.051516
-0.305980,0.043478,0.244437,-0.098705
0.005152,0.073149,0.566210,-0.041730
0.023267,0.068378,0.555743,-0.044600
0.068531,0.073106,0.505186,-0.044034
-0.319930,0.046260,-0.115989,-0.007547
-0.161345,-0.012651,-0.396245,0.178467
0.191110,0.028476,0.158113,-0.088934
0.313159,0.013661,0.070092,-0.105530
0.085390,0.023049,-0.431887,-0.073718
0.114336,0.026872,-0.479408,-0.058985
0.474001,0.091481,-0.001394,-0.085633
0.489599,0.097950,0.036620,-0.055321
0.127837,0.035777,-0.518802,-0.041915
0.093136,0.037070,-0.511031,-0.016347
0.281328,0.153094,-0.074467,0.072706
0.248542,0.153310,-0.039569,0.079804
-0.012931,0.045028,-0.429015,-0.000290
-0.083823,0.038446,-0.353633,0.001835
-0.168897,0.045349,-0.043883,-0.000272
-0.089759,-0.041077,-0.254972,-0.011169
-0.324527,-0.050121,0.076820,-0.051530
-0.005428,0.051426,0.113421,-0.125568
0.025543,0.086787,0.115426,-0.137751
0.202509,0.108068,0.078067,-0.112639
0.057805,0.032465,-0.414925,-0.072422
0.099317,0.031809,-0.477926,-0.050325
0.488903,0.085653,0.035536,-0.037360
0.478652,0.075198,0.050342,-0.015459
0.118135,0.034883,-0.527516,-0.020111
0.107328,0.033897,-0.524462,-0.013746
0.371498,0.122028,-0.040612,0.032843
0.353370,0.127206,-0.003967,0.035903
0.022535,0.043037,-0.444004,-0.018774
-0.047606,0.040995,-0.372868,-0.017719
-0.309614,0.046028,-0.122558,-0.011059
0.165096,-0.128065,0.446541,-0.123064
-0.300667,-0.171563,0.054312,0.028351
-0.288013,-0.134637,-0.015775,0.051528
-0.419328,-0.075728,0.044563,0.059609
-0.460056,-0.087047,0.153578,0.073641
-0.069371,0.059814,0.546006,0.057458
-0.046150,0.072304,0.512082,0.064337
-0.111706,0.114032,0.326750,0.262945
-0.337098,0.041025,-0.166478,0.065347
-0.309370,0.035344,-0.158044,0.034871
-0.430596,0.046378,0.033752,-0.043808
0.062055,0.068355,0.487401,-0.015022
0.140477,0.058459,0.448243,-0.044390
0.203739,0.076586,0.361656,-0.039193
-0.099183,0.056296,-0.239523,-0.114778
-0.126734,0.041127,-0.245746,-0.065856
0.193375,0.069445,0.353670,-0.013705
0.200697,0.048497,0.336791,0.016803
0.083632,0.128045,-0.071655,0.111672
-0.069801,0.045599,-0.397939,0.024933
-0.119012,0.038250,-0.342115,0.025768
-0.289325,0.046386,-0.186329,0.032060
0.013390,0.111249,0.382209,0.095888
0.075226,0.086858,0.420246,0.020458
-0.240125,0.046459,-0.192410,-0.011134
-0.223616,0.045303,-0.207299,-0.011598
-0.288808,0.050111,-0.129025,-0.029441
0.118454,0.006171,0.372622,0.084692
-0.411546,-0.021579,0.119449,-0.034707
-0.447389,-0.004013,0.093176,-0.036430
0.021406,0.046423,0.541451,-0.011015
0.037884,0.036079,0.542004,-0.013373
-0.264725,-0.012255,0.169501,-0.120429
-0.185562,-0.038704,0.192435,-0.101944
0.133550,0.018829,0.470935,-0.020557
0.200646,0.003785,0.424731,-0.026625
0.245415,0.018460,0.356684,-0.018831
0.003568,-0.061656,-0.232540,-0.096923
-0.048343,-0.002215,-0.266254,-0.079856
0.255944,0.048521,0.346533,-0.048233
0.273478,0.043887,0.340808,-0.055388
0.085293,0.012930,-0.180570,-0.234366
0.029518,0.054758,-0.231992,-0.223863
0.264792,0.053666,0.308260,-0.023933
0.281014,0.049524,0.272351,-0.000178
0.369233,0.126329,0.065792,0.026312
0.026398,0.044405,-0.453085,-0.014918
-0.027896,0.044708,-0.402441,-0.011579
-0.168564,0.084366,-0.060189,-0.072096
0.101959,0.014688,0.353360,0.098415
-0.412496,0.003011,0.052295,-0.033738
-0.404475,0.006978,0.054280,-0.052942
-0.354937,0.024857,0.186304,-0.230834
0.041887,0.055612,0.556702,-0.051413
0.100712,0.049567,0.522182,-0.069674
0.177552,0.048416,0.454226,-0.077405
0.239061,0.062560,0.366204,-0.065037
0.221239,0.162948,0.075591,-0.081284
-0.019504,0.029993,-0.379877,-0.027822
-0.084986,0.030024,-0.345427,0.003185
-0.294082,0.050335,-0.128868,-0.024567
-0.155815,-0.025141,-0.388687,0.178222
0.173063,-0.033547,0.148142,-0.017165
0.261667,-0.056082,0.038626,-0.062478
0.068287,0.000299,-0.408994,-0.056625
0.101466,0.008794,-0.461688,-0.045759
0.436728,0.012054,-0.025161,-0.078113
0.479178,0.059626,0.032029,-0.052198
0.117988,0.025763,-0.489682,-0.051260
0.072274,0.031658,-0.442474,-0.058667
0.046727,0.055852,-0.284646,-0.208550
0.301139,0.057977,0.273207,-0.029544
0.292751,0.050106,0.258222,0.001618
0.346784,0.141144,-0.014377,0.067578
0.015427,0.043220,-0.450004,-0.005847
-0.062153,0.040146,-0.371185,-0.004001
-0.168822,0.045418,-0.043828,-0.000270
-0.090990,-0.039337,-0.252992,-0.013674
-0.326171,-0.043925,0.077293,-0.060897
-0.006340,0.056502,0.112569,-0.129062
0.027527,0.091748,0.117198,-0.132904
0.205272,0.113830,0.080532,-0.111882
0.063174,0.037185,-0.407908,-0.089165
0.099862,0.033062,-0.477462,-0.052518
0.485467,0.080507,0.056319,-0.043459
0.486559,0.080289,0.060630,-0.044853
0.133265,0.037862,-0.517878,-0.049448
0.114647,0.035092,-0.529752,-0.016978
0.389635,0.126455,-0.011925,0.063583
0.363160,0.116160,0.015233,0.082560
0.031104,0.043384,-0.486596,0.014941
-0.026066,0.045577,-0.413239,-0.003477
0.061785,0.160998,0.111076,0.052240
-0.128322,-0.187049,-0.021647,-0.060136
0.145764,-0.483812,0.043505,0.023632
0.037718,-0.484836,0.109856,0.033628
0.030960,-0.393684,0.121177,0.059342
0.064778,-0.261206,0.145900,0.086076
0.228555,-0.111973,0.068974,0.069174
0.223243,-0.034719,-0.368284,0.111787
0.097719,0.018891,-0.548813,0.037164
0.157574,0.064996,-0.452456,0.088846
0.392805,0.127091,-0.068114,0.104099
0.077814,0.054833,-0.497458,0.013618
0.023169,0.042055,-0.481192,0.018766
-0.034556,0.048693,-0.405674,-0.005672
0.036465,0.152269,0.090784,0.039050
0.078038,0.016702,0.308865,0.119721
0.128351,0.161044,-0.020600,-0.031079
0.101023,0.148073,-0.052016,-0.043083
-0.106818,0.085713,0.033839,-0.068493
-0.329792,0.034008,0.048133,-0.076502
-0.448765,0.015254,0.098976,-0.060984
-0.351692,0.032133,0.204939,-0.121554
-0.000596,0.076725,0.570953,-0.044305
0.007001,0.071665,0.554906,-0.030784
0.057643,0.073072,0.495062,-0.022988
0.098713,0.116579,0.377562,0.007054
-0.182711,0.031555,-0.211802,-0.034253
-0.205543,0.022240,-0.194552,-0.019355
-0.078599,0.031633,0.229030,0.070440
0.066608,0.092554,0.373713,0.069526
-0.226642,0.038392,-0.228137,0.019178
-0.241147,0.040613,-0.220598,0.023922
-0.287500,0.047532,-0.129069,-0.028140
-0.152774,-0.029457,-0.386635,0.177654
0.168695,-0.052203,0.142449,-0.005638
0.250479,-0.078285,0.031435,-0.052805
0.068636,-0.005935,-0.399062,-0.060325
0.099685,0.004056,-0.452510,-0.048404
0.468099,0.019196,0.030440,-0.059351
0.486037,0.050708,0.052680,-0.049219
0.119446,0.023477,-0.487116,-0.052982
0.080191,0.029171,-0.447530,-0.059042
0.076018,0.051762,-0.261729,-0.247732
0.325119,0.057369,0.287000,-0.066704
0.322736,0.048273,0.265906,-0.034147
0.399777,0.140618,0.020658,0.017384
0.044912,0.040732,-0.491870,0.009045
-0.024956,0.043948,-0.427382,0.011182
0.183266,0.153818,0.189021,0.063307
-0.099908,-0.205867,-0.028180,-0.063192
0.138701,-0.521923,0.043407,0.002780
0.047777,-0.547273,0.107775,0.015391
0.001479,-0.520002,0.108844,0.037947
-0.118334,-0.409373,0.165107,0.081040
-0.112049,-0.351028,0.110551,0.093992
-0.029308,-0.254151,0.062167,0.114024
0.081471,-0.061228,0.118121,0.142941
0.287190,0.067088,0.064194,0.103606
0.101367,0.036917,-0.487792,0.069401
0.095854,0.046984,-0.534295,0.034075
0.431831,0.080243,0.034593,0.047208
0.441753,0.073707,0.054419,0.025532
0.114657,0.038233,-0.534655,-0.008701
0.094883,0.036809,-0.521516,-0.007272
0.209427,0.124571,-0.153114,-0.084951
0.179247,0.138623,-0.115579,-0.099319
0.001541,0.040280,-0.421502,-0.017529
-0.076189,0.036183,-0.357929,0.000742
-0.272244,0.049990,-0.127334,-0.047238
-0.133665,-0.023419,-0.406032,0.173723
-0.010097,-0.015745,0.174914,-0.070128
0.289254,-0.018603,0.054861,-0.088238
0.078876,0.014672,-0.420227,-0.070495
0.110365,0.020789,-0.470093,-0.058243
0.481508,0.074085,0.010041,-0.046648
0.484899,0.070253,0.040303,-0.015027
0.110649,0.028119,-0.522673,-0.012617
0.076170,0.024222,-0.502751,0.005241
0.170413,0.000423,-0.160054,0.006882
0.324019,0.081050,0.216453,-0.019410
0.034052,0.042125,-0.242513,-0.210747
-0.016725,0.061741,-0.298264,-0.143875
0.274047,0.070640,0.315205,-0.057108
0.279938,0.056299,0.287128,-0.020581
0.196508,0.162093,-0.098769,0.020373
-0.012502,0.041569,-0.421277,-0.004998
-0.084927,0.034900,-0.347691,0.000565
-0.221861,0.044986,-0.225128,0.004794
-0.284197,0.048816,-0.129174,-0.032591
0.209581,-0.161067,0.491601,-0.083800
-0.351488,-0.194292,0.129047,0.025768
-0.412286,-0.134812,0.112160,0.042114
-0.424506,-0.176054,0.141800,0.065929
-0.352983,-0.246998,0.207145,0.078537
-0.091013,-0.023546,0.435489,0.179162
-0.135228,0.020179,0.301087,0.231732
-0.331278,0.036549,-0.172257,0.069783
-0.336897,0.042236,-0.168620,0.066078
-0.201500,0.132756,0.235576,0.197744
-0.017293,0.120765,0.393586,0.105404
-0.273088,0.042235,-0.156479,-0.009878
-0.252418,0.040750,-0.152368,-0.033173
-0.307517,0.051245,0.105915,-0.239967
0.095351,0.063243,0.482012,-0.037817
0.169329,0.048335,0.409215,-0.024092
0.238300,0.040496,0.314023,0.009968
0.227815,0.135179,0.009869,0.137272
-0.040915,0.045838,-0.427677,0.025549
-0.104358,0.037956,-0.357802,0.027059
-0.266558,0.046466,-0.218827,0.041710
-0.286943,0.051004,-0.128195,-0.032987
-0.200265,-0.154798,0.021197,-0.063335
-0.035430,-0.457727,0.056770,0.043042
-0.066305,-0.424856,0.050458,0.072442
-0.058164,-0.326233,0.049677,0.106913
0.029401,-0.153256,0.088285,0.140877
0.254719,-0.013303,0.035763,0.089789
0.097096,0.013604,-0.501131,0.009004
0.112102,0.016438,-0.531424,0.008115
0.459606,0.062104,0.020546,0.032540
0.454514,0.065834,0.032923,0.033881
0.114526,0.023664,-0.542254,0.007804
0.083876,0.029335,-0.525511,0.015147
0.179162,0.133755,-0.179970,0.076490
0.106246,0.131558,-0.169790,0.063322
-0.031053,0.043434,-0.419116,0.009529
-0.103236,0.036078,-0.345127,0.015204
-0.252939,0.046170,-0.213169,0.022730
-0.304869,0.048622,-0.126455,-0.014499
0.119607,0.005495,0.372142,0.084364
-0.403126,-0.021071,0.128666,-0.014006
-0.442896,-0.007963,0.093267,-0.035888
0.026816,0.051885,0.541493,-0.027845
0.055549,0.043495,0.547605,-0.043978
-0.270478,0.032896,0.138413,-0.290937
-0.207947,0.051476,0.159089,-0.310325
0.162326,0.043325,0.461550,-0.064411
0.228999,0.041429,0.399808,-0.067448
0.277489,0.052368,0.340363,-0.067433
0.352114,0.155214,0.101693,-0.043553
0.015267,0.044005,-0.433142,-0.023334
-0.044164,0.046650,-0.407030,0.007336
-0.180922,0.081652,-0.068541,-0.076914
0.179090,-0.133088,0.461604,-0.113204
-0.331514,-0.160694,0.073593,0.028694
-0.339839,-0.126164,0.022036,0.051086
-0.461568,-0.060179,0.072023,0.057688
-0.167340,-0.034375,0.459743,0.174070
-0.060397,0.065354,0.534832,0.059962
-0.117815,0.097140,0.382298,0.219659
-0.380081,0.041591,-0.101272,0.042560
-0.358155,0.041555,-0.104014,0.023406
-0.061162,0.124846,0.427791,0.108626
0.028960,0.099679,0.460740,0.013396
-0.293241,0.044248,-0.110836,-0.037381
-0.278751,0.042032,-0.115331,-0.045160
0.067153,0.097543,0.459563,-0.022029
0.100238,0.071302,0.440053,-0.008805
-0.252256,0.052118,-0.119203,-0.072393
-0.103746,-0.039732,-0.408939,0.168378
0.235605,-0.078766,0.201278,-0.014349
0.312623,-0.093787,0.092280,-0.048586
0.099435,-0.012496,-0.400905,-0.082677
0.115067,-0.000340,-0.442783,-0.069088
0.489215,0.034653,0.093698,-0.055736
0.478991,0.044979,0.120634,-0.053454
0.136982,0.026819,-0.476901,-0.083799
0.106615,0.035768,-0.457743,-0.081842
0.396281,0.149173,0.090558,-0.082132
0.390016,0.122829,0.122108,-0.034649
0.034819,0.042444,-0.450627,-0.023818
-0.019222,0.043540,-0.426633,0.005109
-0.276426,0.053734,-0.126731,-0.047283
-0.135616,-0.021907,-0.406094,0.174023
-0.000350,-0.009647,0.173953,-0.077475
0.291864,-0.012399,0.057297,-0.090359
0.076914,0.014032,-0.426356,-0.061704
0.107890,0.019408,-0.475458,-0.049020
0.473439,0.066910,0.002404,-0.063069
0.486338,0.081678,0.034526,-0.054930
0.125267,0.033464,-0.499387,-0.056540
0.084386,0.036054,-0.460712,-0.056936
0.179588,0.120305,-0.153615,-0.111560
0.330394,0.087242,0.179139,0.005783
0.239972,0.158354,-0.050153,0.037686
-0.007082,0.043238,-0.424405,-0.008959
-0.078126,0.036787,-0.351377,-0.004466
-0.297818,0.047036,-0.127576,-0.018840
0.104376,0.013069,0.348726,0.098149
-0.397734,-0.004454,0.037753,-0.018292
-0.395876,-0.002358,0.043431,-0.038977
-0.407829,0.000949,0.128751,-0.110639
0.042223,0.045799,0.551741,-0.036977
0.093039,0.037576,0.522785,-0.050615
0.160517,0.036267,0.459597,-0.053592
0.203098,0.058461,0.398358,-0.057130
-0.071753,0.047097,-0.202803,-0.169656
-0.106978,0.055885,-0.238643,-0.107458
0.194031,0.072523,0.350492,-0.014259
0.217876,0.055056,0.324358,0.005497
0.234445,0.158041,0.061667,0.046668
-0.029299,0.048109,-0.407740,-0.008279
-0.087898,0.039261,-0.345105,-0.003442
-0.095397,0.108987,-0.004884,-0.033349
0.184361,-0.137168,0.465282,-0.107585
-0.302451,-0.180278,0.075740,0.016499
-0.304680,-0.157057,0.030678,0.037679
-0.422977,-0.101866,0.084143,0.048042
-0.234054,-0.180239,0.393119,0.124809
-0.042166,0.033676,0.547234,0.054200
-0.106720,0.037457,0.391117,0.212694
-0.387766,0.035827,-0.109272,0.064027
-0.373971,0.041786,-0.125404,0.060389
-0.047795,0.117998,0.407864,0.124124
0.038589,0.096332,0.440626,0.027234
-0.290596,0.046055,-0.135199,-0.017471
-0.285014,0.045157,-0.137339,-0.020014
-0.271461,0.054149,-0.124303,-0.054454
0.170449,-0.132463,0.449051,-0.116841
-0.253802,-0.198925,0.053069,0.009639
-0.233607,-0.174921,-0.008595,0.031092
-0.324615,-0.152602,0.051233,0.033943
-0.414562,-0.149252,0.146151,0.031725
-0.187927,-0.212935,0.423895,0.071346
-0.063278,-0.069653,0.505132,0.102864
-0.326332,-0.230731,0.124087,0.061994
-0.130009,-0.078904,0.283618,0.152873
0.055649,0.053785,0.415257,0.076755
-0.283885,0.030520,-0.186432,0.042594
-0.287959,0.042254,-0.199748,0.048247
-0.308017,0.048182,-0.125060,-0.012309
0.118381,0.006212,0.373875,0.084569
-0.389385,-0.015224,0.142602,-0.045452
-0.437361,0.001340,0.103356,-0.062625
0.037245,0.054346,0.547563,-0.037669
0.057310,0.046771,0.544183,-0.045494
-0.162674,0.064685,0.249290,-0.242810
-0.000896,0.106355,0.349173,-0.145487
0.138501,0.090642,0.433258,-0.059723
-0.183379,0.044818,-0.200439,-0.058210
-0.290797,0.049882,-0.128922,-0.027339
-0.180376,-0.162383,0.008060,-0.062497
-0.113794,-0.438079,0.121505,0.052357
-0.068042,-0.409988,0.048402,0.075873
-0.049969,-0.310317,0.051840,0.099591
0.041666,-0.136959,0.093300,0.136393
0.277061,0.033664,0.053323,0.109992
0.097442,0.023637,-0.501802,0.053301
0.101951,0.037029,-0.540843,0.020511
0.447185,0.085050,0.021657,0.034701
0.438907,0.074544,0.051688,0.029929
0.112728,0.035646,-0.540579,-0.001734
0.092721,0.036551,-0.518326,-0.008099
0.195297,0.137977,-0.156180,-0.070335
0.206244,0.150820,-0.075061,-0.001155
-0.016187,0.041989,-0.428589,0.005579
-0.089041,0.036638,-0.356586,0.011821
-0.311842,0.046525,-0.121930,-0.009958
-0.132516,-0.028906,-0.401635,0.173694
0.006408,-0.038521,0.176759,-0.035866
0.266039,-0.050217,0.041581,-0.069922
0.069663,0.002735,-0.410116,-0.059357
0.103071,0.011141,-0.463733,-0.047670
0.444702,0.025809,-0.019362,-0.078658
0.482168,0.067747,0.032983,-0.054665
0.119941,0.027990,-0.492131,-0.052992
0.080888,0.032458,-0.466442,-0.044109
0.188046,0.082568,-0.146626,-0.055745
0.321236,0.080595,0.182678,0.017955
0.194503,0.099273,-0.086352,0.038852
-0.014201,0.043454,-0.422090,-0.004370
-0.085457,0.036927,-0.348747,0.000136
-0.209003,0.041829,-0.229175,-0.000861
-0.168827,0.045413,-0.043831,-0.000270
-0.090478,-0.042417,-0.256131,-0.007940
-0.326937,-0.070915,0.068733,-0.008106
0.043616,0.007168,0.129926,0.009228
0.157324,-0.058455,0.030845,0.007483
0.039960,-0.020027,-0.364363,-0.015572
0.053722,-0.033066,-0.420746,0.003006
0.081557,-0.039080,-0.437084,-0.002108
0.285548,-0.212516,-0.101225,-0.039089
0.416446,-0.075510,0.181400,-0.042873
0.246270,-0.182843,-0.140941,-0.218415
0.220341,-0.125760,-0.186126,-0.235748
0.369671,0.033494,0.273654,-0.074658
0.359715,0.048772,0.260088,-0.067576
0.466948,0.112805,0.014126,-0.085001
0.115177,0.035503,-0.481087,-0.066799
0.066281,0.029702,-0.441926,-0.051267
-0.007910,0.037671,-0.285488,-0.122526
0.291232,0.086868,0.212464,0.011918
0.083726,0.091943,-0.130711,0.090202
-0.054739,0.042306,-0.411706,0.026933
-0.114347,0.036009,-0.346141,0.027400
-0.270954,0.046060,-0.212370,0.040057
-0.032055,0.132362,0.331958,0.167829
0.029774,0.108845,0.374033,0.090086
-0.235051,0.043336,-0.211617,0.006122
-0.231074,0.042185,-0.183434,-0.024887
0.104857,0.168991,0.142029,0.069001
0.161713,-0.124925,0.445108,-0.126869
-0.162819,-0.151180,-0.060374,0.048490
-0.035186,-0.122569,-0.055538,0.104475
-0.082463,-0.080258,-0.073454,0.116886
-0.210650,-0.038315,-0.059898,0.109993
-0.462298,-0.000910,0.038427,0.071604
-0.481349,0.045002,0.095857,0.078717
-0.432713,0.048629,0.151927,0.047550
-0.106701,0.090993,0.493051,0.062885
-0.051173,0.100692,0.519024,0.028833
-0.460267,0.039255,0.031905,-0.007977
-0.452114,0.039258,0.024924,-0.009195
0.003550,0.075370,0.519913,0.003956
0.071708,0.064540,0.466517,0.000024
0.109258,0.092530,0.398588,0.002411
-0.268646,0.053540,-0.123101,-0.057523
-0.129670,-0.177558,-0.028906,-0.060996
0.016381,-0.491718,0.131461,0.030548
-0.100855,-0.360120,0.199636,0.084698
-0.108405,-0.285567,0.156724,0.112058
0.003112,-0.196960,0.075940,0.126883
0.256352,-0.003540,0.038825,0.117578
0.098112,0.014343,-0.502632,0.052812
0.102973,0.033639,-0.540772,0.021864
0.447250,0.082349,0.022415,0.036756
0.445725,0.085930,0.021866,0.036568
0.113369,0.032659,-0.539662,-0.002990
0.086054,0.034621,-0.503748,-0.014128
0.063038,0.076413,-0.286217,-0.090028
0.310897,0.108194,0.150362,0.032595
0.097272,0.141675,-0.184697,0.113323
-0.044159,0.044942,-0.419348,0.021362
-0.116386,0.035650,-0.325668,0.009778
-0.238655,0.043690,-0.205941,0.003700
-0.375951,0.051381,-0.018133,-0.053404
0.073385,0.067214,0.459109,0.003080
0.150574,0.060658,0.393104,-0.001547
0.208223,0.075453,0.315631,0.003475
0.174267,0.157735,0.185137,0.067016
-0.048283,0.000850,0.146479,0.169230
0.081568,0.168894,-0.001537,-0.026742
-0.046247,0.124901,0.045084,-0.051579
-0.098098,0.095629,0.036802,-0.056623
-0.328898,0.039405,0.044086,-0.065503
-0.446376,0.010657,0.093656,-0.052469
-0.305926,0.029535,0.243234,-0.085043
0.001071,0.068900,0.548049,-0.015243
0.020016,0.060332,0.539110,-0.016671
0.079074,0.063613,0.473256,-0.013154
0.113945,0.109808,0.399139,-0.020161
-0.285554,0.051844,-0.128374,-0.035002
0.066722,-0.112688,0.341426,-0.159013
-0.060278,-0.208006,-0.054018,-0.009530
-0.028222,-0.194590,-0.072814,0.011736
-0.165290,-0.220019,0.008305,0.040441
-0.206114,-0.189705,0.008519,0.064416
-0.253854,-0.150152,0.007365,0.069456
-0.305014,-0.107150,0.005581,0.073211
-0.437195,-0.043708,0.044994,0.062093
-0.477818,0.033146,0.099801,0.068523
-0.417497,0.069440,0.178731,0.051244
-0.120608,0.089384,0.490886,0.062449
-0.064367,0.095213,0.524772,0.042764
-0.475937,0.038500,0.027069,0.013625
-0.469243,0.038862,0.020213,0.013288
-0.001382,0.075226,0.509139,0.019806
0.072715,0.066278,0.467956,-0.004160
-0.168854,0.045389,-0.043851,-0.000271
-0.154460,-0.177333,-0.003749,-0.061649
-0.208184,-0.336582,0.138214,0.015608
-0.109600,-0.402534,0.064238,0.052652
-0.126199,-0.382904,0.049235,0.074533
-0.145247,-0.326849,0.045177,0.084167
-0.120827,-0.223113,0.059495,0.115070
-0.040521,-0.071818,0.105878,0.145461
0.196887,0.044963,0.061232,0.134820
0.068563,0.034984,-0.504254,0.033406
0.097770,0.039077,-0.531271,0.007072
0.451290,0.083920,0.027207,0.023033
0.446334,0.076382,0.047138,0.022317
0.118736,0.035377,-0.538713,-0.007250
0.103647,0.034633,-0.535765,0.000729
0.373770,0.139555,-0.005141,0.064946
0.344384,0.142925,0.005306,0.071916
0.013991,0.042971,-0.452093,-0.002073
-0.059763,0.040439,-0.378303,0.000428
-0.263119,0.056047,-0.121857,-0.065184
-0.172427,-0.165737,0.002940,-0.061971
-0.131550,-0.428358,0.137192,0.052381
-0.068982,-0.407325,0.048050,0.082573
-0.030410,-0.269354,0.060639,0.132427
0.092698,-0.052089,0.120688,0.165073
0.295791,0.069593,0.064264,0.097644
0.086235,0.032438,-0.516982,0.019947
0.104018,0.036228,-0.539766,0.016719
0.430711,0.084434,0.022361,0.054768
0.427439,0.076724,0.043129,0.048847
0.111881,0.036779,-0.538030,-0.004807
0.083632,0.037030,-0.521948,0.004168
0.197205,0.131520,-0.156650,0.040182
0.086977,0.116899,-0.194827,0.002917
-0.049263,0.053053,-0.400006,-0.000989
0.040935,0.162036,0.096150,0.042945
-0.104975,-0.026572,-0.419901,0.168435
0.209004,-0.150533,-0.237616,-0.071849
0.177002,-0.126008,-0.316153,-0.119985
0.389715,-0.065900,-0.044557,-0.122127
0.468780,0.022589,0.043538,-0.064810
0.113832,0.016967,-0.472741,-0.055253
0.079146,0.025907,-0.442050,-0.060213
0.072863,0.044468,-0.264750,-0.243559
0.316890,0.055304,0.294146,-0.063557
0.316445,0.050157,0.260616,-0.024484
0.393372,0.142252,0.013218,0.002975
0.040955,0.039189,-0.449166,-0.028186
-0.020863,0.038408,-0.398212,-0.016540
0.163648,0.159742,0.178792,0.071054
-0.061337,-0.111528,0.221013,-0.179251
-0.124752,-0.176541,-0.047143,0.062011
-0.277808,-0.136244,0.004809,0.080593
-0.340047,-0.081530,0.001865,0.090182
-0.456468,-0.019290,0.036118,0.074606
-0.480078,0.049694,0.096851,0.082986
-0.408895,0.062475,0.180673,0.065071
-0.108534,0.090731,0.494982,0.064224
-0.068672,0.100524,0.507504,0.058494
-0.470446,0.038869,0.025174,0.009400
-0.448598,0.039070,0.020605,-0.008237
0.001048,0.078602,0.521130,0.002007
0.068653,0.065825,0.468181,0.000130
0.094935,0.103089,0.396948,0.007810
-0.206528,0.045223,-0.230033,-0.005873
-0.208441,0.044198,-0.232820,-0.000146
-0.307075,0.048207,-0.125274,-0.013062
-0.125975,-0.018824,-0.415028,0.171890
-0.070538,-0.011223,0.166477,-0.104802
0.156773,0.055558,0.165585,-0.112574
0.319447,0.043937,0.076075,-0.083298
0.084894,0.026912,-0.441272,-0.067449
0.111396,0.027855,-0.489326,-0.047024
0.491235,0.071097,0.045272,-0.025873
0.475836,0.062728,0.053857,-0.001316
0.110583,0.029456,-0.525264,-0.009788
0.084989,0.026121,-0.507729,-0.000479
0.172690,0.011621,-0.185720,-0.029830
0.339791,0.092069,0.200956,-0.030776
0.058941,0.051814,-0.236956,-0.177321
-0.017370,0.050674,-0.390499,-0.040012
-0.104857,0.058725,-0.308249,-0.042484
0.199038,0.074640,0.330545,-0.001438
0.223175,0.063209,0.314889,0.001512
-0.015935,0.089759,-0.225802,-0.067724
-0.243353,0.055643,-0.113709,-0.081382
0.153521,-0.119766,0.439165,-0.133554
-0.365049,-0.123092,0.046079,0.054871
-0.432482,-0.060818,0.034724,0.068873
-0.464434,-0.031743,0.138011,0.086486
-0.077299,0.071504,0.537026,0.065466
-0.049845,0.078259,0.520092,0.054162
-0.246879,0.098177,0.231298,0.155057
-0.313116,0.041129,-0.144154,0.018935
-0.300005,0.040367,-0.151343,0.013787
-0.449380,0.042377,0.027169,-0.016386
0.040104,0.071099,0.477551,0.014035
0.118973,0.062601,0.443129,-0.021914
0.181761,0.078649,0.362725,-0.020347
0.126871,0.160023,0.153677,0.072690
-0.094867,-0.184682,-0.047187,-0.070104
0.123517,-0.170217,-0.359567,0.009196
0.408151,-0.280842,-0.022310,0.055545
0.477247,-0.200227,0.039026,0.055801
0.145484,-0.104330,-0.459114,0.020913
0.097115,-0.099885,-0.416952,0.022527
0.081270,-0.253840,-0.240196,0.035154
0.347713,-0.090627,0.211206,0.090893
0.060246,-0.208734,-0.203043,0.032358
-0.026174,-0.046891,-0.346028,0.021897
-0.115298,-0.036940,-0.264008,0.019261
0.205438,0.007240,0.358585,0.031247
0.221747,0.010128,0.337310,0.033588
-0.069844,-0.007994,-0.245726,0.027351
-0.101024,0.028086,-0.352208,0.027940
-0.204682,0.036529,-0.254583,0.025543
0.135893,0.080565,0.349420,0.036902
0.163396,0.068075,0.339721,0.031595
-0.085323,0.113365,0.002624,-0.027654
-0.125328,-0.036702,-0.398898,0.172385
-0.021066,-0.074649,0.174372,0.004566
0.239008,-0.101664,0.028474,-0.017112
0.058386,-0.029672,-0.397675,-0.022110
0.066109,-0.031094,-0.426605,-0.005592
0.083683,-0.034776,-0.435352,-0.010615
0.174551,-0.233620,-0.224368,-0.073023
0.423992,-0.047235,0.184896,-0.052822
0.164377,-0.146087,-0.211523,-0.175175
0.109075,-0.053549,-0.260607,-0.184766
0.341472,0.031379,0.296905,-0.067039
0.344520,0.040768,0.273923,-0.056603
0.400326,0.103833,-0.010750,-0.095112
0.071037,0.037986,-0.452571,-0.053658
0.007903,0.043280,-0.425148,-0.023244
0.171629,0.159537,0.184327,0.067686
0.066574,0.014915,0.284132,0.128034
0.150356,0.163097,-0.060635,-0.019202
0.063369,0.162304,0.007291,-0.037765
-0.068220,0.112973,0.041200,-0.053337
-0.311324,0.046526,0.039669,-0.064716
-0.442964,0.011854,0.085208,-0.047183
-0.342868,0.018114,0.198347,-0.084253
0.013982,0.067714,0.560061,-0.038972
0.027488,0.064045,0.552451,-0.041196
0.072644,0.070886,0.499369,-0.040110
0.070941,0.145278,0.112379,0.052993
-0.105419,-0.029545,-0.417220,0.168650
0.261289,-0.149069,-0.160002,-0.038300
0.209330,-0.169475,-0.260736,-0.114756
0.187636,-0.135076,-0.312612,-0.127177
0.454743,-0.003505,0.043047,-0.064386
0.476655,0.034540,0.072955,-0.050947
0.111989,0.019003,-0.471911,-0.056272
0.071809,0.028897,-0.438411,-0.059505
0.063871,0.045557,-0.239356,-0.248814
0.307519,0.056246,0.305765,-0.066744
0.319134,0.049697,0.279098,-0.045151
0.407024,0.136445,0.055605,-0.009038
0.046184,0.039190,-0.480018,-0.002550
-0.021415,0.043472,-0.428281,0.009016
