0.221962,-0.145179,0.101924,0.013277
0.177888,-0.024937,0.365045,0.022463
0.301235,0.044192,0.017994,0.014615
0.042360,-0.146164,-0.093341,-0.010412
-0.098803,-0.109503,-0.060488,-0.010733
-0.156274,-0.255832,0.242646,-0.021733
-0.042488,-0.124261,0.472715,0.022631
-0.134707,-0.123997,0.388423,0.015156
-0.324935,-0.036881,-0.011464,-0.041482
-0.288732,-0.050195,-0.089329,-0.015517
-0.316724,-0.038119,-0.024373,-0.040228
-0.198471,-0.000948,0.210173,-0.014775
-0.102679,-0.069884,0.250814,0.001862
-0.175203,-0.036683,0.040437,-0.054261
-0.215146,-0.046236,-0.109113,-0.054551
-0.212840,-0.046319,-0.109754,-0.055220
-0.210392,-0.046422,-0.110355,-0.055929
-0.207988,-0.046555,-0.110944,-0.056591
-0.205535,-0.046728,-0.111533,-0.057240
-0.202903,-0.046963,-0.112158,-0.057906
-0.200319,-0.047243,-0.112762,-0.058521
-0.197576,-0.047602,-0.113384,-0.059132
-0.194885,-0.048009,-0.113977,-0.059693
-0.192159,-0.048475,-0.114566,-0.060215
-0.189082,-0.048827,-0.114975,-0.060535
-0.186016,-0.049179,-0.115357,-0.060774
-0.182876,-0.049576,-0.115738,-0.060965
-0.179551,-0.050034,-0.116116,-0.061113
-0.176296,-0.050511,-0.116463,-0.061212
-0.172983,-0.051034,-0.116783,-0.061269
-0.169414,-0.051595,-0.116710,-0.061314
-0.165924,-0.052245,-0.117382,-0.061230
-0.162459,-0.052889,-0.117657,-0.061143
-0.158939,-0.053567,-0.117909,-0.061019
-0.155095,-0.054302,-0.117737,-0.060867
-0.151359,-0.055095,-0.118354,-0.060628
-0.147616,-0.055887,-0.118494,-0.060376
-0.143765,-0.056745,-0.118594,-0.060089
-0.139672,-0.057680,-0.118658,-0.059747
-0.135657,-0.058629,-0.118650,-0.059387
-0.131581,-0.059598,-0.118573,-0.059010
-0.127261,-0.060589,-0.118472,-0.058572
-0.105156,-0.034842,-0.108481,0.005416
-0.003734,0.031304,-0.016086,0.185756
-0.226630,-0.000828,-0.294752,0.120429
-0.260054,0.000892,-0.310466,0.120561
0.081638,0.003986,0.199127,0.264136
0.131082,-0.015407,0.224231,0.210260
-0.218435,-0.043633,-0.308278,0.121022
-0.254331,-0.025054,-0.276981,0.107016
0.096807,-0.017155,0.226651,0.239582
0.187402,-0.013218,0.254543,0.120086
-0.183145,-0.013660,-0.245876,-0.006669
-0.205840,-0.007106,-0.207274,-0.029130
0.153599,-0.004177,0.256467,0.041070
0.101478,-0.008787,-0.007878,0.027379
0.238412,0.071435,0.058202,0.181306
0.187008,0.279058,-0.150467,-0.082840
0.126493,0.317055,-0.003474,-0.110787
0.078348,0.241774,-0.011613,-0.138634
-0.013629,0.120524,-0.046011,-0.163999
-0.190281,-0.008856,-0.047104,-0.127621
-0.031329,0.048544,0.475656,-0.115837
-0.085586,0.034969,0.459573,-0.104152
-0.346087,-0.005116,-0.035150,-0.062929
-0.359673,-0.005919,-0.038852,-0.044880
-0.209524,0.002256,0.371864,-0.072364
-0.076589,-0.016115,0.496906,-0.009338
-0.283580,-0.030607,-0.000951,-0.060534
-0.316919,-0.019628,-0.141739,0.028940
-0.167971,-0.061799,0.045400,0.088025
0.126442,-0.012691,0.350825,0.084447
-0.131999,-0.054560,-0.162170,-0.074912
-0.290950,0.050365,-0.393187,0.193196
-0.208335,-0.058846,0.108149,-0.061650
-0.062565,-0.030882,0.080005,-0.116586
0.069586,-0.002948,0.080724,-0.144196
0.119847,0.015541,0.083422,-0.142095
0.244231,0.033100,0.088692,-0.130087
0.187463,-0.034593,-0.220523,-0.196328
0.126578,-0.014246,-0.424160,-0.106563
0.129382,-0.016216,-0.502404,-0.052982
0.122967,-0.024610,-0.488075,-0.044120
0.487250,0.003038,0.038284,0.010024
0.485585,0.002905,0.049106,0.002763
0.088196,-0.018749,-0.476222,-0.042574
0.030018,-0.011097,-0.429316,-0.038955
0.230462,0.002919,0.078336,0.087864
-0.048277,-0.078637,-0.109924,-0.211229
0.322388,-0.043719,0.110236,0.090586
0.310336,-0.006602,0.098352,0.115016
0.398592,0.041084,-0.029780,0.127692
0.043109,-0.002444,-0.551709,0.061735
0.054745,-0.018907,-0.548851,0.063663
-0.011612,-0.030937,-0.483845,0.077044
0.318259,-0.013877,0.002468,0.242229
0.286701,-0.012059,0.004665,0.270196
-0.112874,-0.011621,-0.420880,0.096025
-0.179612,-0.013676,-0.346899,0.090837
-0.294236,-0.005650,-0.234883,0.085419
0.030861,-0.007953,0.223639,0.252138
0.133263,0.001966,0.283007,0.118534
-0.225745,0.000053,-0.192644,-0.031014
-0.222891,0.000834,-0.163266,-0.064026
-0.051130,-0.041097,0.125515,-0.207760
0.251623,-0.008033,0.369192,-0.063701
0.345574,0.000197,0.144900,0.056938
0.231831,0.064873,0.070752,0.181929
0.131472,0.193427,-0.207755,-0.177219
0.044025,0.190339,-0.024341,-0.219596
-0.090366,0.015401,-0.070619,-0.231625
-0.201566,-0.039595,-0.030663,-0.167615
-0.117158,-0.011579,0.336373,-0.290067
-0.060793,0.041796,0.462537,-0.113790
-0.334089,-0.005065,-0.030002,-0.080065
-0.339347,-0.005237,-0.035515,-0.069150
-0.193360,0.001203,0.387795,-0.040077
-0.053910,0.000635,0.505438,0.067753
-0.208613,0.036814,0.053618,0.100144
-0.321909,-0.013389,-0.162266,0.048225
-0.172995,-0.007362,0.044353,0.123699
0.102062,-0.015059,0.340798,0.120079
-0.173705,-0.043107,-0.172191,-0.059475
-0.063076,-0.072484,-0.101736,-0.210255
-0.184735,-0.146121,0.083546,0.074129
-0.072743,-0.142150,0.029153,0.076497
0.032646,-0.106334,0.020093,0.083500
0.217092,-0.018657,0.062119,0.088210
0.331975,0.078067,-0.039690,0.114933
0.066779,0.028056,-0.477504,0.101037
0.047147,-0.015357,-0.571278,0.090138
0.056332,-0.027144,-0.557380,0.078841
-0.037115,-0.018857,-0.464621,0.071242
0.167474,0.004577,0.038060,0.063109
-0.290807,0.046246,-0.387106,0.191165
0.027458,-0.171916,0.044459,0.011794
-0.025962,-0.106387,0.090063,-0.043141
-0.015848,-0.076116,0.088011,-0.073830
-0.005316,-0.048886,0.087796,-0.077149
0.010248,-0.024267,0.091342,-0.077796
0.021347,-0.008910,0.089846,-0.080212
0.148950,-0.001988,0.104643,-0.066290
0.227264,-0.102148,-0.095628,-0.080452
0.140439,-0.030165,-0.372029,-0.101403
0.177356,0.006260,-0.437201,-0.108416
0.153001,-0.010677,-0.520080,-0.066791
0.123355,-0.014374,-0.476878,-0.078469
0.481670,0.015707,0.078468,-0.039209
0.474961,0.007379,0.097255,-0.035290
0.051539,-0.017102,-0.428821,-0.054966
-0.004735,-0.004931,-0.398678,-0.041007
0.325610,0.002789,0.138690,0.073492
0.111784,0.018451,0.275462,-0.414453
-0.253024,-0.026497,-0.167260,0.077343
-0.341861,0.014214,-0.126477,0.121188
-0.131206,0.031857,0.384474,0.204181
-0.144473,0.011248,0.431932,0.180102
-0.447892,-0.014667,-0.073874,0.089585
-0.443461,-0.013597,-0.081511,0.089385
-0.146918,-0.002660,0.444278,0.242377
-0.044787,-0.007145,0.486492,0.114368
-0.286305,-0.076715,-0.036460,-0.008812
-0.277312,-0.027948,-0.071863,-0.071974
0.142534,-0.003560,0.451117,-0.044824
0.244905,-0.003319,0.375496,-0.070323
0.398040,0.010226,0.211370,-0.073207
-0.029167,-0.020538,-0.294292,-0.105353
-0.089818,-0.011563,-0.259869,-0.088100
0.162953,-0.081799,0.093687,-0.114734
0.313305,-0.014821,0.215121,0.026269
-0.106757,-0.024380,-0.356492,0.038283
-0.161832,-0.007537,-0.340620,0.060639
0.165488,-0.012925,0.167125,0.215485
0.218944,-0.015870,0.204828,0.142070
-0.167039,-0.020330,-0.322130,0.060148
-0.200945,-0.010753,-0.292699,0.055047
0.006555,-0.036803,0.106306,0.219910
0.132394,-0.012186,0.213683,0.205611
-0.210533,-0.006771,-0.265756,0.033709
-0.231383,-0.005754,-0.197689,-0.014524
-0.269823,-0.017917,-0.066090,-0.095487
0.140680,-0.004518,0.439978,-0.029893
0.210714,0.000712,0.359063,-0.022686
0.372739,-0.005056,0.212013,-0.030028
-0.008061,-0.031860,-0.325917,-0.083513
-0.078713,-0.018009,-0.320761,-0.031867
0.306229,-0.010765,0.204627,0.049659
0.319881,-0.010272,0.211457,0.029082
-0.055234,-0.045377,-0.338152,-0.010578
-0.121483,-0.016416,-0.329891,0.018439
0.221854,-0.145210,0.101880,0.013271
0.341077,-0.094912,0.097726,0.023656
0.397436,0.002626,-0.039161,0.041467
0.071616,-0.026425,-0.483753,-0.010736
0.075665,-0.040473,-0.484359,-0.000176
0.040483,-0.065499,-0.420975,-0.003309
0.058913,-0.105110,-0.265935,-0.059306
0.304971,-0.178271,0.071506,0.031592
0.029814,-0.099468,-0.243622,-0.059230
-0.073287,-0.057529,-0.312385,-0.005804
-0.116749,-0.054130,-0.244072,-0.029676
0.198792,-0.142776,0.202327,0.048247
0.297201,-0.099086,0.256620,0.050624
-0.038090,-0.083004,-0.239624,-0.050091
-0.131592,-0.038396,-0.308855,0.030070
-0.197874,-0.009376,-0.280270,0.080254
0.126885,-0.009882,0.200646,0.229941
0.176991,-0.008666,0.211150,0.170509
0.038573,0.054926,-0.078340,0.320389
-0.199215,0.001011,-0.373760,0.122614
-0.253494,-0.002172,-0.313165,0.119481
-0.353389,-0.011206,-0.189108,0.104353
-0.221592,-0.093194,0.106745,0.191937
0.040615,-0.006466,0.398815,0.111833
0.135974,-0.008756,0.282608,0.088915
-0.214651,-0.007952,-0.172937,-0.053809
-0.216128,-0.004903,-0.157447,-0.070872
-0.057574,-0.034213,0.128249,-0.206150
0.248166,-0.009303,0.373141,-0.063619
0.338867,-0.006399,0.252982,-0.036626
-0.023206,-0.053929,-0.269371,-0.097086
-0.074837,-0.051911,-0.298638,-0.023241
0.358234,-0.002951,0.144619,0.048226
0.095364,0.018696,0.274798,-0.414703
-0.355489,-0.005589,-0.096630,0.067779
-0.273314,0.152159,0.128237,0.209525
-0.238484,0.136739,0.206294,0.271296
-0.417981,-0.002794,-0.149472,0.121308
-0.402255,-0.010016,-0.150368,0.113410
-0.428087,-0.050330,0.039315,0.158435
-0.150858,-0.002343,0.458034,0.227205
-0.247347,-0.052537,0.203779,0.177665
-0.363385,0.000571,-0.112849,0.026314
-0.333902,-0.000089,-0.106680,-0.008679
-0.321045,-0.045926,0.053456,-0.089688
0.037577,0.000171,0.492238,0.010146
0.172699,-0.007106,0.346597,0.026736
-0.182158,-0.018134,-0.156399,-0.092655
-0.189234,-0.015647,-0.149859,-0.094611
0.172800,-0.004030,0.039656,0.063858
-0.292883,0.054778,-0.396672,0.193164
-0.041998,-0.020651,0.075606,-0.157662
0.009822,-0.002999,0.068962,-0.218804
0.160280,0.031161,0.084147,-0.218348
0.270127,0.058335,0.093451,-0.186482
0.204178,0.020914,-0.219552,-0.264983
0.127906,0.002465,-0.430175,-0.130705
0.124236,-0.009791,-0.505773,-0.057858
0.109353,-0.013786,-0.505246,-0.039666
0.478160,0.002219,0.018224,0.032834
0.453631,-0.008157,0.037208,0.065101
0.007943,-0.028183,-0.487521,0.058411
-0.067514,-0.011343,-0.441260,0.070767
-0.171155,-0.021442,-0.318747,0.061994
0.255627,0.006943,0.096229,0.094466
0.132871,0.019932,0.267931,-0.419838
0.073642,-0.000538,-0.085402,0.207051
-0.174619,-0.048291,-0.152811,0.213772
-0.324604,-0.066248,-0.144717,0.150135
-0.082713,0.001300,0.450639,0.168561
-0.106734,0.007807,0.501585,0.134089
-0.440758,-0.016194,-0.053415,0.061446
-0.411718,-0.010445,-0.053599,0.026517
-0.127004,0.003262,0.493592,0.037640
-0.046134,0.005093,0.525290,-0.017647
-0.274738,-0.020658,-0.014598,-0.138689
-0.232680,-0.029033,-0.015885,-0.166686
0.136995,-0.003783,0.445459,-0.030571
0.209817,-0.000479,0.343069,-0.005026
0.345280,-0.007337,0.175361,0.036927
0.349928,-0.009972,0.012564,0.196247
-0.069916,-0.017819,-0.452073,0.090458
-0.152592,-0.015068,-0.377605,0.095914
-0.262244,0.000958,-0.248084,0.060020
0.036711,-0.000386,0.192937,0.201865
0.133757,0.010522,0.244999,0.153865
-0.232289,0.016420,-0.265421,0.031941
-0.241756,0.015107,-0.199266,-0.023435
-0.196338,-0.023461,-0.013824,-0.168172
0.205322,0.006264,0.365734,-0.030921
0.302935,0.005386,0.263585,-0.028574
-0.121537,-0.007970,-0.267239,-0.052605
-0.164301,-0.003574,-0.229610,-0.051865
0.001258,-0.031235,-0.076826,-0.028832
0.144423,0.032475,0.144110,0.222535
-0.113795,0.063775,0.507613,-0.104234
-0.343800,0.019072,0.028140,-0.152250
-0.303340,-0.002163,0.020291,-0.164093
-0.084488,0.033543,0.459111,-0.246107
0.102912,0.010928,0.541614,-0.143743
0.126246,-0.029935,0.220485,-0.318536
0.023522,-0.066772,-0.026261,-0.356449
0.198896,-0.082831,0.094287,-0.150535
-0.037700,-0.045584,-0.221266,-0.138678
-0.085890,-0.044470,-0.264759,-0.047659
0.264489,-0.012031,0.229706,0.067799
0.269766,-0.010177,0.198213,0.092415
0.331817,-0.014985,0.080743,0.152840
-0.072909,-0.031231,-0.449751,0.104541
-0.150686,-0.008699,-0.408693,0.118728
-0.233886,-0.052108,-0.271967,0.126347
0.161753,0.015425,0.256840,0.116469
0.234329,0.024047,0.239683,0.052180
0.118986,0.111921,-0.051423,0.010397
-0.109125,0.009719,-0.296095,-0.053849
-0.152290,-0.002476,-0.239191,-0.055393
-0.257587,0.003162,-0.131164,-0.063761
-0.201756,-0.041293,0.036124,-0.208175
0.169218,-0.003458,0.430892,-0.053917
0.274495,0.011594,0.110871,0.095811
0.228230,0.064599,0.074226,0.182313
0.149010,0.207044,-0.210598,-0.152068
0.075058,0.233685,-0.013035,-0.186429
-0.074685,0.033683,-0.065568,-0.252463
-0.196926,-0.036042,-0.035453,-0.167733
-0.104660,0.003216,0.351179,-0.227783
-0.089063,0.036697,0.450863,-0.087471
-0.348990,-0.004198,-0.043151,-0.052952
-0.347619,-0.004248,-0.044239,-0.053205
-0.248665,-0.017816,0.320302,-0.088904
-0.019564,-0.003651,0.547730,0.018538
0.043946,-0.004884,0.446625,0.063606
0.125301,-0.016556,0.234169,0.162982
-0.207236,-0.012226,-0.263142,0.033253
-0.237711,-0.010318,-0.228298,0.026977
-0.113630,-0.064304,0.051678,0.091821
-0.142428,-0.052183,-0.166621,-0.072996
-0.076715,-0.087881,-0.085157,-0.196947
-0.097474,-0.207894,0.067582,0.006617
0.019089,-0.254883,0.014124,-0.029952
0.008394,-0.262009,0.011365,-0.009212
-0.021509,-0.239993,0.004571,0.055123
-0.033218,-0.183031,0.004814,0.108302
-0.003203,-0.123256,0.014548,0.118189
0.192022,-0.022582,0.056319,0.122899
0.336446,0.068387,-0.027176,0.120747
0.057623,0.019652,-0.492061,0.022735
0.083298,-0.006275,-0.533918,0.007546
0.080783,-0.013679,-0.531570,0.015116
-0.034156,-0.008719,-0.458865,0.052390
-0.092752,-0.075818,-0.347968,0.081132
0.259077,-0.013537,0.173117,0.131901
0.277412,-0.011752,0.167008,0.117888
0.237253,-0.005190,-0.049615,0.364604
-0.122772,-0.006574,-0.438573,0.118569
-0.186508,0.001445,-0.372752,0.108465
-0.322821,0.031058,-0.226512,0.068925
-0.287682,0.019684,-0.014345,0.014405
0.098267,0.047816,0.361221,0.033151
0.083503,0.109586,0.198024,-0.056182
-0.207399,0.024393,-0.204648,-0.061696
-0.220722,0.016071,-0.184716,-0.059983
-0.161625,-0.025609,0.013270,-0.195804
0.219558,0.005333,0.361942,-0.038493
0.323571,0.002676,0.254360,-0.032648
-0.082397,-0.018777,-0.250695,-0.097480
-0.135620,-0.008319,-0.253460,-0.051952
0.221787,-0.145229,0.101853,0.013268
0.177886,-0.024941,0.365110,0.022390
0.313072,0.040104,0.018383,0.015772
0.019815,-0.141177,-0.102896,0.044278
-0.119876,-0.072408,-0.071575,0.122791
-0.052985,-0.042521,0.357748,0.196865
-0.081204,-0.007069,0.446983,0.155536
-0.438684,-0.001910,-0.087031,0.081580
-0.433791,-0.003244,-0.082153,0.070536
-0.180875,-0.001564,0.416992,0.111653
-0.137905,-0.009167,0.460929,0.076579
-0.370808,-0.013727,-0.038594,-0.019952
-0.351340,-0.014733,-0.056051,-0.024772
0.021868,-0.004399,0.467672,0.059766
0.106667,-0.007601,0.409594,0.040389
0.270610,-0.012170,0.222124,0.068959
-0.142271,-0.024047,-0.298691,0.015659
-0.175485,-0.012124,-0.277382,0.015640
0.167603,-0.016013,0.221256,0.171227
0.009742,-0.039742,-0.073122,-0.026186
-0.064718,-0.067908,-0.103011,-0.211920
-0.185867,-0.116274,0.063316,0.127838
-0.049210,-0.064878,0.030865,0.162471
0.222760,0.023326,0.037522,0.176986
0.340513,0.059300,-0.072350,0.203717
0.054864,-0.009303,-0.532093,0.091259
0.097491,-0.022304,-0.579618,0.055157
0.060878,-0.039732,-0.518653,0.054735
0.418252,0.008378,0.024641,0.094585
0.411478,0.015335,0.039589,0.077605
0.036512,-0.005711,-0.485353,0.005201
-0.039367,-0.008088,-0.374834,-0.027062
-0.169521,0.001244,-0.207008,-0.074066
0.087068,-0.002676,0.148136,-0.167469
0.259755,0.013051,0.101456,0.096000
0.251963,0.068483,0.048821,0.180175
0.095947,0.198212,-0.151749,-0.210281
-0.024806,0.102059,-0.048654,-0.262679
-0.186773,-0.027278,-0.035523,-0.187626
-0.090354,-0.000629,0.381806,-0.322302
-0.045167,0.041623,0.462351,-0.156612
-0.322489,-0.005029,-0.025032,-0.096686
-0.344921,-0.005953,-0.034358,-0.064048
-0.155938,0.004011,0.436408,-0.002570
-0.024448,-0.000481,0.514968,0.053424
-0.064992,0.046811,0.168417,0.131611
-0.265101,-0.006084,-0.203108,0.024943
-0.291501,-0.010335,-0.209623,0.062109
-0.311046,-0.057599,-0.041858,0.117975
0.032554,-0.006095,0.427572,0.095742
0.149506,-0.000193,0.363412,0.036382
0.328784,0.004105,0.141240,0.069910
-0.272315,0.053040,-0.411204,0.189291
0.197854,-0.134846,-0.032266,-0.037134
0.275114,-0.038114,0.116106,-0.075281
0.372326,-0.034949,0.012073,-0.129926
0.181149,0.025153,-0.467599,-0.156264
0.163424,-0.009734,-0.507638,-0.095091
0.136969,-0.007666,-0.362471,-0.213550
0.481925,0.022693,0.141264,-0.102906
0.474749,0.004856,0.143345,-0.075522
0.074649,-0.040513,-0.371144,-0.112331
-0.002910,-0.022350,-0.399932,-0.024158
0.368774,-0.011112,0.137023,0.054969
0.353293,-0.010220,0.131661,0.075566
0.241623,0.006277,0.087038,0.091894
-0.248878,0.062204,-0.420300,0.174908
0.074515,0.058204,-0.474967,-0.011220
0.180480,0.121528,-0.429803,-0.058850
0.236225,0.168416,-0.400935,-0.090180
0.093345,0.070800,-0.481098,-0.116130
-0.015444,0.046190,-0.400687,-0.079333
-0.080159,0.063036,-0.189080,-0.193969
0.295315,0.064812,0.232761,-0.073791
0.016521,0.007083,-0.115360,-0.317513
-0.106780,0.003363,-0.193321,-0.152612
-0.101637,-0.007390,-0.093988,-0.246336
0.217639,-0.033642,0.267070,-0.307288
0.374808,-0.012719,0.311883,-0.136714
0.229196,-0.144909,-0.022239,-0.236891
0.002852,-0.040161,-0.291314,-0.120684
0.244841,-0.081308,0.030760,0.006843
0.297697,-0.028763,0.109076,0.118887
-0.113934,-0.001722,-0.378371,0.044677
-0.175638,0.004785,-0.319507,0.041011
-0.235120,-0.018010,-0.202120,0.010359
0.159774,-0.010734,0.306911,0.091412
0.228866,-0.012353,0.280561,0.052576
0.231149,-0.019313,0.069317,0.197378
-0.152358,-0.005221,-0.330266,0.038494
-0.203861,-0.001282,-0.284756,0.040549
-0.293511,-0.009668,-0.173571,0.027400
0.066490,-0.013516,0.303104,0.157254
0.154252,-0.016005,0.328906,0.082118
-0.201228,-0.048790,-0.213017,0.013849
-0.220739,-0.030224,-0.229991,0.031605
0.225780,0.016856,0.079733,0.089838
-0.075423,-0.080656,-0.089274,-0.201547
-0.128118,-0.183777,0.089662,0.010934
0.026584,-0.240240,0.015689,-0.037449
0.023345,-0.259884,0.016682,-0.042071
-0.010127,-0.255222,0.006940,0.028882
-0.028993,-0.213559,0.003305,0.082609
-0.023673,-0.143172,0.009501,0.129609
0.021033,-0.080693,0.018673,0.138527
0.212644,0.006708,0.047762,0.138903
0.336217,0.077208,-0.054405,0.166914
0.068939,0.012098,-0.495694,0.070620
0.085488,-0.015822,-0.552270,0.033257
0.090109,-0.023542,-0.547260,0.031343
-0.021918,-0.021823,-0.479948,0.074338
-0.100084,-0.077913,-0.338664,0.076844
0.279051,-0.010354,0.182978,0.098859
0.315357,-0.005982,0.179601,0.061372
0.294520,0.035562,-0.005056,0.201286
-0.074757,-0.004933,-0.416568,0.046907
-0.145776,-0.011573,-0.282527,-0.009475
-0.246291,0.001662,-0.161165,-0.043555
-0.264424,-0.020891,-0.030075,-0.133421
0.109226,0.002084,0.474419,-0.037532
0.216980,0.002833,0.358474,-0.030893
0.380174,-0.005601,0.213911,-0.038720
0.038453,-0.044577,-0.290603,-0.152468
-0.032262,-0.025721,-0.315085,-0.076282
0.367910,-0.001780,0.213946,-0.032153
0.361732,-0.007630,0.199419,-0.003791
0.096973,-0.048462,-0.223155,0.025935
-0.067275,-0.069645,-0.349988,0.039691
0.371460,-0.002071,0.146413,0.033557
0.116352,0.061747,0.151197,0.215389
-0.283825,0.141216,-0.161953,0.037357
-0.000665,0.256877,-0.171219,0.028118
0.234822,0.343659,-0.118934,0.026456
0.160830,0.399176,-0.034590,-0.029401
0.168624,0.395500,-0.027421,-0.074691
0.156519,0.361974,-0.018638,-0.141109
0.110783,0.286618,-0.013473,-0.217383
0.019500,0.154937,-0.034446,-0.257136
-0.178829,-0.002664,-0.039096,-0.175227
-0.043903,0.053234,0.453786,-0.117845
-0.100078,0.026963,0.480164,-0.079686
-0.341526,-0.006393,-0.026786,-0.074575
-0.338936,-0.005186,-0.031256,-0.073959
-0.191219,0.002965,0.395979,-0.073428
-0.039082,-0.009414,0.525477,0.035258
-0.226107,-0.033026,0.033576,-0.042859
-0.285930,-0.018859,-0.129235,-0.015324
-0.164013,-0.045547,0.024056,-0.028059
0.160828,-0.012396,0.373896,0.027209
0.161767,-0.011996,0.030125,0.056930
0.151393,0.017222,0.272133,-0.417127
-0.055569,-0.068261,-0.126770,0.093715
-0.257871,-0.015292,-0.094796,0.133070
-0.076061,-0.010080,0.407094,0.193295
-0.105786,0.004809,0.458049,0.160811
-0.453134,-0.015129,-0.075000,0.097849
-0.452240,-0.017154,-0.071523,0.092018
-0.135124,0.002814,0.478542,0.171484
-0.060770,-0.004466,0.525823,0.081166
-0.312382,-0.031197,-0.030309,-0.069947
-0.269280,-0.020117,-0.032393,-0.126641
0.125307,-0.002207,0.502567,-0.081373
0.244107,-0.011239,0.397761,-0.088281
0.388100,-0.006343,0.228119,-0.064279
0.018441,-0.049001,-0.295639,-0.122626
-0.041822,-0.040903,-0.328055,-0.038441
0.304115,-0.011056,0.191992,0.064847
0.296142,-0.009584,0.172091,0.091741
0.282078,-0.014493,-0.018404,0.301014
-0.111212,-0.015648,-0.433781,0.111291
-0.177657,-0.015951,-0.367795,0.112053
-0.289341,0.002231,-0.244574,0.082334
-0.094983,-0.029205,0.109247,0.140893
0.042367,0.010665,0.199737,0.069890
-0.224343,0.005512,-0.179626,-0.050893
-0.221506,0.001933,-0.156047,-0.073731
-0.211947,-0.016231,-0.011309,-0.209773
0.161571,-0.002061,0.480043,-0.094934
0.250463,0.000792,0.361456,-0.067688
0.387604,-0.006459,0.201867,-0.033533
0.094453,-0.051484,-0.244948,-0.088279
-0.033367,-0.061256,-0.341970,-0.011596
0.324312,-0.009658,0.168713,0.067047
0.330023,-0.008940,0.166015,0.063326
0.221884,-0.145201,0.101892,0.013273
0.340994,-0.094934,0.097793,0.023668
0.396397,0.003348,-0.035939,0.040934
0.072113,-0.026807,-0.483486,-0.011107
0.076854,-0.039641,-0.486010,-0.000547
0.031943,-0.060190,-0.437905,0.016855
0.203208,-0.100152,-0.128922,0.190130
0.227537,-0.019686,-0.044727,0.324389
-0.159798,0.008502,-0.428711,0.130657
-0.219938,0.015449,-0.376911,0.132051
-0.299591,-0.007742,-0.263845,0.121828
-0.035879,-0.011551,0.190762,0.371000
0.004560,-0.023105,0.206804,0.315573
-0.281651,-0.011369,-0.208762,0.052432
-0.290982,-0.007608,-0.189489,0.038728
-0.325029,-0.055298,-0.056064,-0.004930
0.073848,0.000696,0.461599,0.012874
0.193484,-0.000264,0.384296,-0.028909
-0.177095,-0.038853,-0.172168,-0.060180
-0.278923,0.048322,-0.397639,0.186987
0.022366,-0.144187,0.087550,0.020769
-0.081765,-0.090621,0.080395,-0.035783
-0.076230,-0.057488,0.076021,-0.092500
-0.050253,-0.026504,0.074140,-0.157033
-0.010875,-0.008864,0.068379,-0.213500
0.058363,0.003558,0.066651,-0.222199
0.183037,0.045387,0.088654,-0.186204
0.280329,0.061380,0.088549,-0.161192
0.259842,0.047130,-0.145353,-0.223671
0.136204,0.004896,-0.406897,-0.149641
0.124440,-0.005637,-0.479180,-0.083632
0.099717,-0.025501,-0.461827,-0.056406
0.467173,-0.005205,0.042891,0.044462
0.432025,-0.007210,0.049019,0.076375
0.019098,-0.044218,-0.502052,0.077918
-0.001512,-0.034244,-0.496281,0.082687
-0.059927,-0.063445,-0.332599,0.020764
0.317458,-0.003697,0.171292,0.065354
0.324185,0.000534,0.163259,0.062301
0.315188,0.053777,-0.004164,0.160796
-0.046270,-0.004994,-0.390549,-0.007538
-0.121203,-0.011672,-0.267382,-0.049093
-0.223684,-0.000386,-0.150293,-0.074987
-0.223959,-0.020488,-0.015890,-0.188725
0.153076,-0.001749,0.446434,-0.049421
0.211874,0.000935,0.345378,-0.010633
0.359654,-0.008070,0.175364,0.023308
0.368497,0.004739,0.014062,0.127902
-0.033309,-0.009153,-0.426366,0.019478
-0.130922,-0.011767,-0.323980,0.017318
-0.234451,-0.010990,-0.206091,0.002182
0.070950,-0.019607,0.210715,0.105760
-0.149150,-0.049006,-0.168539,-0.071547
0.168688,0.052161,0.128614,0.198210
-0.318013,0.111497,-0.046498,-0.037369
-0.261455,0.096095,-0.098490,-0.055340
-0.241680,0.062776,-0.096061,-0.089915
-0.286036,0.018303,-0.053825,-0.112612
-0.212307,0.014313,0.263208,-0.199476
-0.084662,0.016771,0.550594,-0.127437
-0.216127,-0.026173,0.334444,-0.199091
-0.238433,-0.046929,0.101940,-0.199250
0.035132,-0.013857,0.315813,-0.092007
-0.111356,-0.045411,0.036064,-0.191487
-0.198880,-0.026783,-0.167697,-0.055982
0.128929,-0.024462,0.188978,0.087413
0.239651,-0.012670,0.246055,0.071645
-0.157998,-0.019017,-0.278957,0.006622
-0.195735,-0.014143,-0.279420,0.039949
-0.154932,-0.049906,-0.170964,-0.068070
-0.316199,0.046463,-0.363455,0.191213
-0.166500,-0.119342,0.071207,0.073592
-0.133319,-0.144836,0.036784,0.070293
-0.145421,-0.153018,0.029903,0.039839
-0.136604,-0.144424,0.030544,-0.004046
-0.115341,-0.129288,0.035723,-0.047741
-0.079241,-0.102495,0.045574,-0.099346
-0.023588,-0.061270,0.059827,-0.157573
0.042705,-0.015700,0.076238,-0.190331
0.101842,0.008958,0.081789,-0.182514
0.154694,0.025512,0.084701,-0.183392
0.264881,0.048387,0.089827,-0.159396
0.241651,0.010108,-0.164886,-0.216607
0.130021,-0.004453,-0.421896,-0.123994
0.126241,-0.011400,-0.496757,-0.062769
0.102640,-0.025831,-0.484656,-0.037675
0.488502,0.000170,0.037708,0.016426
0.484020,-0.000968,0.046804,0.015291
0.066188,-0.025870,-0.486293,-0.003375
0.006745,-0.010451,-0.441929,-0.003715
-0.054941,-0.035980,-0.332275,-0.026154
0.328699,-0.009096,0.219377,0.010894
0.347333,-0.008462,0.204825,0.006434
0.000777,-0.057882,-0.306814,-0.082246
-0.047810,-0.038507,-0.331910,-0.031121
0.326123,-0.010400,0.209599,0.024782
0.320004,-0.009420,0.175549,0.064308
0.345505,0.000757,0.145146,0.056411
0.273210,0.087206,0.005042,0.183942
0.144660,0.356918,-0.031541,0.022953
0.155763,0.370624,-0.022033,-0.014957
0.152077,0.359398,-0.012965,-0.069580
0.124389,0.308704,-0.004512,-0.140589
0.055502,0.204565,-0.019749,-0.190386
-0.067112,0.046654,-0.067710,-0.202700
-0.206121,-0.034120,-0.054150,-0.121420
-0.043509,0.040998,0.460528,-0.062974
-0.116944,0.023428,0.452335,-0.056871
-0.350068,-0.004577,-0.042101,-0.052523
-0.350086,-0.004361,-0.041544,-0.053336
-0.229265,-0.001050,0.345768,-0.110131
-0.007983,-0.000442,0.572807,-0.030422
0.065353,-0.002658,0.505647,-0.023383
0.149943,-0.015988,0.244076,0.077150
-0.189626,-0.011454,-0.253277,0.005006
-0.217483,-0.007596,-0.222914,-0.001357
-0.015236,-0.027507,0.128325,0.078826
0.142104,-0.017347,0.249007,0.171617
-0.227421,-0.021204,-0.273768,0.073043
-0.233676,-0.010313,-0.235898,0.030537
-0.001961,-0.034964,0.142032,0.140910
0.145404,-0.009860,0.248629,0.147012
-0.213256,-0.006875,-0.244096,0.014876
-0.226135,-0.004563,-0.187145,-0.031507
-0.221268,-0.039294,-0.032686,-0.147767
0.155502,-0.002385,0.420679,-0.024880
0.230735,0.001097,0.339286,-0.023432
0.393510,-0.005873,0.184997,-0.022738
0.057121,-0.058188,-0.292065,-0.153286
-0.019356,-0.045015,-0.341126,-0.043848
0.340375,-0.009769,0.178851,0.040873
0.352044,-0.008465,0.164722,0.042086
0.353051,-0.000435,0.146108,0.049988
0.168236,0.015865,0.265661,-0.422118
-0.134301,-0.093895,-0.129880,0.057961
-0.250626,-0.022249,-0.089543,0.115456
-0.078666,-0.013096,0.405784,0.189934
-0.100426,0.002961,0.461695,0.156498
-0.449113,-0.015783,-0.058385,0.100661
-0.451034,-0.020165,-0.064611,0.088346
-0.133874,0.000968,0.476577,0.160705
-0.069031,-0.006676,0.508153,0.091751
-0.311053,-0.029468,-0.027560,-0.067049
-0.282790,-0.034412,-0.043788,-0.071175
0.098624,-0.005266,0.432291,0.023948
0.185079,-0.002759,0.350139,0.016437
0.346127,-0.009311,0.202650,0.010733
0.317804,0.003466,0.134648,0.079182
0.166729,0.016114,0.266158,-0.421725
-0.115152,-0.106453,-0.115254,-0.010727
-0.180038,-0.101813,-0.050170,-0.068105
-0.173249,-0.263172,0.276998,-0.063283
-0.043338,-0.095896,0.481068,0.078468
-0.090052,-0.044878,0.425653,0.167784
-0.201932,0.176595,0.132845,0.267014
-0.370197,0.012905,-0.220815,0.128834
-0.367885,-0.000657,-0.200500,0.119718
-0.432990,-0.035737,-0.051186,0.129410
-0.083847,-0.006282,0.449306,0.189934
0.006847,-0.005797,0.441631,0.107371
0.074818,-0.016925,0.218026,0.188440
-0.230896,-0.007696,-0.199003,-0.011756
-0.233904,-0.004968,-0.168412,-0.042066
-0.236122,-0.028449,-0.019389,-0.163688
0.137869,-0.002897,0.445528,-0.031921
0.207052,-0.000560,0.343741,-0.002148
0.356140,-0.007977,0.175667,0.026477
0.221787,-0.145229,0.101853,0.013268
0.225073,0.071771,0.069448,0.182878
0.354056,0.230037,-0.187791,0.008171
0.219824,0.319956,-0.025641,0.010263
0.220028,0.333504,-0.019185,-0.023618
0.220662,0.335938,-0.008496,-0.075345
0.208538,0.305103,0.002734,-0.131631
0.162082,0.225882,-0.004597,-0.172246
0.059523,0.092947,-0.046848,-0.203072
-0.136881,-0.015566,-0.050634,-0.150848
-0.019122,0.035196,0.478064,-0.047861
-0.083635,0.019661,0.497300,-0.018603
-0.366713,-0.007195,-0.043476,-0.031479
-0.366909,-0.005581,-0.046023,-0.030721
-0.214735,0.000924,0.378546,-0.037967
-0.118831,-0.002789,0.483623,-0.005151
-0.329943,-0.019681,-0.021886,-0.077636
-0.307222,-0.018895,-0.037611,-0.085379
0.069776,-0.003285,0.489057,-0.009793
0.172495,-0.000236,0.376919,-0.001154
0.360755,-0.002500,0.145503,0.044885
-0.302367,0.047807,-0.378792,0.192553
-0.070250,-0.082301,0.078828,-0.009658
-0.058842,-0.063089,0.077478,-0.064159
-0.029181,-0.029326,0.081991,-0.127019
0.011105,-0.008573,0.078793,-0.168609
0.112309,0.015019,0.082626,-0.162268
0.247060,0.035972,0.090406,-0.144869
0.185981,-0.023109,-0.220760,-0.227082
0.129069,-0.009600,-0.418569,-0.127242
0.132953,-0.012368,-0.490796,-0.071514
0.121638,-0.020257,-0.500656,-0.049520
0.499161,0.005449,0.038003,-0.011140
0.492332,0.005979,0.040924,-0.004961
0.063445,-0.025842,-0.492910,0.005957
-0.012470,-0.015754,-0.455695,0.034568
0.003981,-0.043754,-0.077578,-0.029775
0.101166,0.019183,0.273813,-0.415464
-0.212551,0.023416,0.235531,0.155527
-0.328042,0.115983,0.052328,0.185093
-0.374097,0.004932,-0.184558,0.109642
-0.352591,0.000961,-0.200323,0.107983
-0.452752,-0.017286,-0.068567,0.092573
-0.118762,0.003083,0.500963,0.153981
-0.078699,-0.001178,0.529107,0.097567
-0.352452,-0.052709,0.006377,-0.005749
-0.331116,-0.014408,-0.083969,-0.019854
-0.287254,-0.027211,-0.005192,-0.123960
0.079415,-0.000922,0.485744,-0.015756
0.185518,-0.000622,0.359364,0.003381
0.334693,-0.009070,0.195687,0.029015
0.352457,-0.001572,0.145163,0.052079
0.287796,0.080486,0.000620,0.180545
0.150369,0.363619,-0.018227,-0.024639
0.141500,0.342638,-0.007277,-0.082544
0.115373,0.297211,-0.003279,-0.111018
0.063139,0.219402,-0.017236,-0.131416
-0.034482,0.092969,-0.055245,-0.159097
-0.192786,-0.005116,-0.048832,-0.096706
-0.053373,0.029329,0.471199,-0.025349
-0.138213,-0.005189,0.468778,-0.004428
-0.390483,-0.002408,-0.049169,-0.006819
-0.376794,-0.001549,-0.051334,-0.019556
-0.314094,-0.031135,0.256050,-0.134995
-0.010152,0.008405,0.577379,-0.035120
0.062868,-0.000441,0.511250,-0.049635
-0.102682,-0.046671,0.030389,-0.146860
-0.210301,-0.025785,-0.182092,-0.031170
-0.154038,-0.049571,-0.170605,-0.068790
-0.078559,-0.087419,-0.084310,-0.196314
-0.106187,-0.188684,0.046297,0.068897
-0.016116,-0.143022,0.010086,0.118813
0.021463,-0.085967,0.018598,0.130440
0.220025,0.005387,0.053666,0.130546
0.348558,0.081641,-0.038447,0.120995
0.060741,0.013284,-0.505591,0.021477
0.081839,-0.011979,-0.543164,0.023956
0.071265,-0.021071,-0.544852,0.045308
-0.045030,-0.015479,-0.461942,0.073100
-0.121741,-0.044502,-0.356196,0.073094
0.307995,0.007372,0.131194,0.084735
-0.069483,-0.071799,-0.097492,-0.208535
-0.066053,-0.180395,0.009738,0.039223
-0.097868,-0.167056,0.078855,-0.015956
0.038788,-0.230515,0.019868,-0.062116
0.028281,-0.256648,0.017910,-0.050428
-0.016956,-0.244076,0.004760,0.048509
-0.030279,-0.192576,0.003628,0.100260
-0.008915,-0.118235,0.012797,0.136980
0.195201,-0.009016,0.055361,0.143545
0.330931,0.076948,-0.046984,0.164640
0.072944,0.018028,-0.482029,0.113282
0.062897,-0.017681,-0.575786,0.081223
0.062815,-0.030009,-0.562983,0.080827
-0.017077,-0.029406,-0.493255,0.090388
-0.100216,-0.046435,-0.350157,0.047661
0.285262,-0.004381,0.189806,0.079724
0.313107,0.001684,0.168494,0.067104
-0.031019,-0.022957,-0.317237,-0.054605
-0.078705,-0.008655,-0.314031,-0.047957
0.339608,0.010250,0.234010,-0.037837
0.369477,0.000008,0.219726,-0.039930
0.290180,0.012081,0.121927,0.092502
-0.250028,0.061521,-0.433242,0.180908
0.127786,0.018775,-0.389473,-0.092072
0.303759,0.008505,-0.240769,-0.119562
0.294323,0.096857,-0.307041,-0.178167
0.186412,0.042339,-0.410384,-0.252728
0.171192,0.001339,-0.275184,-0.341952
0.477789,0.020866,0.175940,-0.131165
0.473590,0.002654,0.168530,-0.097284
0.165607,-0.053257,-0.259375,-0.299311
0.072977,-0.037542,-0.322409,-0.162375
0.425341,-0.009579,0.175855,-0.044505
0.406872,-0.007321,0.153034,-0.003322
0.119480,-0.074084,-0.294901,0.001759
-0.017026,-0.069655,-0.394467,0.040022
0.316202,-0.009396,0.149017,0.094623
0.321689,-0.008406,0.147982,0.089206
0.077285,-0.078094,-0.292676,0.134036
0.221903,-0.145196,0.101900,0.013274
0.178672,-0.022612,0.353632,0.032024
0.316857,0.037685,-0.008085,0.102281
0.010539,-0.099437,-0.104770,0.173979
-0.151938,-0.074234,-0.098805,0.184933
-0.033510,-0.004283,0.412958,0.160464
-0.076193,0.009457,0.477731,0.124548
-0.448523,-0.013623,-0.072138,0.086354
-0.446128,-0.011385,-0.071788,0.080392
-0.147280,0.010197,0.467763,0.150763
-0.101174,0.001718,0.511311,0.091143
-0.354872,-0.019068,-0.038815,-0.036521
-0.334790,-0.019037,-0.046810,-0.048648
0.041219,-0.004901,0.496488,0.011382
0.148599,-0.002226,0.393418,0.009180
0.314715,0.004916,0.133813,0.080858
-0.037602,-0.088538,-0.113070,-0.209042
0.394911,-0.089933,0.077756,0.010859
0.423377,-0.077217,0.079300,0.017729
0.242676,-0.072160,-0.258470,-0.004391
0.058927,-0.029226,-0.505087,0.026102
0.016723,-0.044086,-0.493509,0.071836
0.315250,-0.021837,-0.054230,0.304830
0.262789,-0.013393,-0.051783,0.352411
-0.105526,-0.020701,-0.482047,0.158923
-0.182325,-0.011009,-0.420213,0.164198
-0.290976,-0.021167,-0.289856,0.152648
-0.013591,-0.006757,0.152862,0.396133
0.026395,0.025785,0.169298,0.315850
-0.281711,0.034053,-0.259539,0.057846
-0.295656,0.034445,-0.199073,0.010934
-0.334302,0.024932,-0.065610,-0.071310
-0.020968,0.057976,0.265987,-0.092905
-0.179152,0.005072,-0.017177,-0.184038
-0.223931,0.003044,-0.141298,-0.087164
-0.158817,-0.024073,-0.035300,-0.186582
0.251412,0.002046,0.327107,-0.036621
0.301650,0.014451,0.239518,-0.024664
-0.125804,-0.004462,-0.270575,-0.048509
-0.168104,-0.004197,-0.219488,-0.057562
-0.149729,-0.051056,-0.169488,-0.070379
-0.301563,0.054024,-0.387391,0.192583
-0.096376,-0.042185,0.083054,-0.069005
0.034514,-0.018711,0.079352,-0.104857
0.093479,0.006206,0.082497,-0.153143
0.232644,0.027412,0.090718,-0.153871
0.192176,-0.035509,-0.192547,-0.228043
0.125911,-0.009918,-0.411720,-0.141732
0.142415,-0.011019,-0.475976,-0.096178
0.133524,-0.017868,-0.488296,-0.075854
0.500726,0.003870,0.045163,-0.012254
0.477498,-0.002658,0.054206,0.018645
0.047749,-0.037127,-0.497217,0.037248
0.007060,-0.027138,-0.492220,0.062948
0.393019,-0.001558,0.135287,0.022622
0.197517,0.068015,0.095460,0.187628
0.239968,0.281005,-0.173461,0.018898
0.161917,0.363900,-0.029675,-0.014839
0.150986,0.356249,-0.011651,-0.067978
0.128149,0.313750,-0.002871,-0.117676
0.081897,0.241747,-0.011243,-0.139196
-0.010207,0.120359,-0.045655,-0.165021
-0.193336,-0.011512,-0.048556,-0.124024
-0.037328,0.040798,0.481047,-0.060148
-0.132231,0.005923,0.465590,-0.034452
-0.389420,-0.006857,-0.044679,-0.008100
-0.385752,-0.003320,-0.056177,-0.004036
-0.217281,-0.016736,0.382051,0.028341
-0.079132,0.010779,0.490450,0.026639
-0.305133,-0.015298,-0.038152,-0.090757
-0.278025,-0.014538,-0.043878,-0.112898
0.103485,-0.002658,0.488610,-0.049925
0.192668,-0.001340,0.359657,-0.002096
0.350943,-0.001442,0.144927,0.053535
0.247826,0.074773,0.045965,0.180803
0.208142,0.312227,-0.114686,-0.016246
0.148153,0.351468,-0.010649,-0.058415
0.130065,0.316723,-0.003213,-0.096551
0.092992,0.256891,-0.008253,-0.111835
0.021545,0.159963,-0.033894,-0.133892
-0.068007,0.047213,-0.072210,-0.138566
-0.203554,-0.014387,-0.056853,-0.066216
-0.049287,0.022164,0.504155,-0.000551
-0.140733,-0.005475,0.472484,0.018300
-0.399201,-0.001257,-0.044104,-0.004239
-0.370557,-0.004695,-0.034773,-0.039178
-0.256591,-0.023680,0.336662,-0.157097
0.017193,0.009180,0.579391,-0.060298
0.087649,0.002961,0.526509,-0.074096
-0.035381,-0.058242,-0.106019,-0.050902
-0.289042,0.052371,-0.397535,0.193479
-0.228050,-0.058000,0.116619,-0.053321
-0.036225,-0.029240,0.084316,-0.067431
0.055011,-0.009400,0.080445,-0.126227
0.116467,0.012954,0.083230,-0.169126
0.252746,0.035754,0.092788,-0.169627
0.204924,-0.022344,-0.201937,-0.220877
0.126080,-0.009984,-0.429632,-0.114376
0.128492,-0.014471,-0.506513,-0.053092
0.110574,-0.024920,-0.502361,-0.031397
0.489658,0.003245,0.036339,0.006708
0.484461,0.004818,0.039583,0.007574
0.068228,-0.020239,-0.481284,-0.016055
0.003017,-0.012378,-0.430416,-0.009573
-0.108006,-0.063537,-0.151383,-0.074814
0.104898,0.019156,0.273868,-0.415477
-0.258429,0.052289,0.156767,0.147127
-0.417674,0.029162,-0.065641,0.113403
-0.438442,0.007340,-0.081232,0.099910
-0.124206,0.002522,0.461915,0.183050
-0.083653,-0.002401,0.467279,0.166665
-0.194443,0.012730,0.134713,0.213283
-0.318545,-0.009466,-0.163074,0.041735
-0.316153,-0.009830,-0.167011,0.043644
-0.384986,-0.040327,-0.036265,0.019474
-0.002233,-0.006369,0.480729,0.076788
0.097049,0.000034,0.382605,0.070193
0.221855,-0.145210,0.101881,0.013271
0.064996,-0.046548,0.017553,0.385181
0.125216,-0.145505,-0.244874,-0.089102
0.130523,0.036412,-0.463463,-0.107204
0.181173,0.035560,-0.498490,-0.142175
0.144442,0.005685,-0.489236,-0.109754
0.240698,0.056196,-0.168933,-0.273331
0.457849,0.039285,0.140835,-0.101796
0.118292,-0.037875,-0.242596,-0.286626
0.038111,-0.025764,-0.276176,-0.185521
0.397935,-0.003326,0.211226,-0.057307
0.389824,-0.005706,0.182735,-0.017245
0.422605,-0.002963,0.043059,0.075973
-0.035125,-0.008422,-0.427835,0.022031
-0.123090,-0.008199,-0.349863,0.031802
-0.204725,-0.012245,-0.254024,0.021644
0.145908,-0.014418,0.257018,0.130483
-0.069461,-0.063248,-0.128251,-0.065335
0.165012,0.054020,0.129350,0.199104
-0.321806,0.116558,-0.045994,-0.027719
-0.255191,0.106360,-0.106814,-0.047234
-0.240721,0.097171,-0.099015,-0.056519
-0.238842,0.073792,-0.100970,-0.056518
-0.311825,0.029496,-0.062111,-0.067979
-0.241575,0.013112,0.271547,-0.120153
-0.090992,0.004484,0.547857,-0.080711
-0.266979,-0.027209,0.292259,-0.206694
-0.281903,-0.027662,0.061054,-0.198304
0.073673,-0.003860,0.479806,-0.101053
0.199505,-0.005186,0.427938,-0.074685
0.315237,0.002275,0.239396,-0.025378
-0.112818,-0.017472,-0.286569,-0.032491
-0.154988,-0.008764,-0.250854,-0.034744
0.015991,-0.048850,0.061666,-0.086114
0.276855,-0.013511,0.297208,-0.012498
0.319279,-0.010752,0.209757,0.031030
-0.097144,-0.035261,-0.357922,0.040978
-0.154442,-0.016793,-0.324781,0.046666
0.196646,-0.012238,0.172147,0.182631
0.091794,-0.030317,-0.018457,0.018285
0.152951,0.018716,0.267929,-0.420089
-0.079238,-0.075344,-0.132369,0.075694
-0.244125,-0.039680,-0.085462,0.066170
-0.087717,-0.035871,0.395722,0.143113
-0.096183,-0.000012,0.456779,0.157500
-0.436693,-0.000382,-0.054698,0.102316
-0.449495,-0.017766,-0.067144,0.092095
-0.130441,-0.003563,0.475475,0.190343
-0.062419,-0.008342,0.500158,0.112086
-0.269300,-0.037776,0.014353,-0.023212
-0.305554,-0.018478,-0.118865,-0.006450
-0.199698,-0.052779,0.024268,-0.020623
0.143331,-0.011645,0.373954,0.042718
-0.079030,-0.063058,-0.133754,-0.068424
-0.060678,-0.081498,-0.098818,-0.206623
-0.164883,-0.183781,0.098560,0.020527
-0.068022,-0.202901,0.035602,0.033557
-0.011146,-0.175023,0.007431,0.084764
0.003085,-0.109248,0.015160,0.129055
0.204583,-0.006677,0.056571,0.134696
0.340718,0.071848,-0.033464,0.144244
0.071412,0.019635,-0.484201,0.101714
0.064798,-0.017168,-0.572167,0.075189
0.067392,-0.029529,-0.560404,0.073191
-0.020623,-0.032250,-0.491647,0.095169
-0.084981,-0.073728,-0.327773,0.080098
0.302395,-0.004136,0.189662,0.062439
0.346642,-0.001113,0.183690,0.021052
0.013240,-0.035434,-0.285996,-0.134869
0.304013,0.010931,0.130953,0.086008
-0.046138,-0.090079,-0.105417,-0.206411
0.321229,-0.119433,0.118515,0.016862
0.317088,-0.088466,0.127152,0.058827
0.398469,-0.004245,0.006341,0.105389
0.010925,-0.003062,-0.517243,0.072786
0.030070,-0.010154,-0.534861,0.065596
-0.003812,-0.041678,-0.483939,0.080391
0.379099,-0.015960,0.065776,0.121324
0.376884,-0.014872,0.076522,0.111802
-0.039021,-0.035069,-0.464410,0.089150
-0.116521,-0.011689,-0.411306,0.090166
-0.144285,-0.051205,-0.167156,-0.072663
0.089458,0.021257,0.265447,-0.420626
-0.108674,0.002818,0.399805,0.224140
-0.212340,0.049520,0.262798,0.351381
-0.432857,-0.012428,-0.144162,0.140138
-0.420463,-0.014745,-0.140799,0.126667
-0.389195,-0.052041,0.099928,0.186267
-0.120871,-0.000109,0.491588,0.170296
-0.107761,0.004171,0.338094,0.195859
-0.341570,0.003442,-0.114758,0.003536
-0.311132,0.002240,-0.105990,-0.034469
-0.199395,-0.030889,0.114186,-0.226032
0.117011,0.001178,0.487342,-0.062015
0.287808,-0.008946,0.335751,-0.065834
0.238281,0.005096,0.084207,0.090673
0.282576,0.073803,0.014181,0.178940
0.123738,0.276273,-0.049587,-0.166313
0.001574,0.130249,-0.040640,-0.264629
-0.181971,-0.019761,-0.038775,-0.188311
-0.110929,0.002618,0.344244,-0.323119
-0.053676,0.042834,0.452872,-0.140389
-0.331762,-0.004609,-0.029872,-0.083039
-0.344705,-0.005161,-0.036950,-0.062485
-0.237085,-0.017782,0.331132,-0.127002
0.002426,-0.003728,0.557847,-0.036392
0.078368,-0.001487,0.471070,-0.005241
0.177093,-0.010755,0.249322,0.100658
-0.197305,-0.018311,-0.292417,0.058684
-0.229726,-0.015032,-0.287181,0.082589
0.083907,-0.017798,0.210282,0.267895
-0.162259,-0.046477,-0.172028,-0.065371
-0.301806,0.043997,-0.373336,0.190865
-0.259193,-0.106057,0.122261,0.045928
-0.154115,-0.109715,0.067469,-0.003827
-0.078662,-0.102698,0.049933,-0.049281
-0.038694,-0.070888,0.059744,-0.101646
0.020129,-0.027742,0.073967,-0.159206
0.092761,0.004898,0.077850,-0.219586
0.148183,0.028477,0.079758,-0.261705
0.177872,0.051841,0.083356,-0.262044
0.265565,0.056147,0.077754,-0.218195
0.238088,0.067131,-0.154050,-0.264337
0.128835,0.013298,-0.399142,-0.165563
0.108417,-0.002153,-0.476005,-0.078931
0.088467,-0.014930,-0.471363,-0.051165
0.485915,-0.004911,0.032615,0.028786
0.479927,-0.007242,0.041401,0.028811
0.033232,-0.023394,-0.481097,0.021912
-0.034411,-0.011137,-0.464320,0.060519
-0.048108,-0.063611,-0.308636,0.099803
0.277166,-0.012611,0.182718,0.103127
0.292830,-0.009584,0.174061,0.093152
0.221777,-0.145232,0.101849,0.013267
0.057478,-0.054750,0.014902,0.387630
0.111483,-0.182534,-0.234704,-0.002973
0.090608,0.059904,-0.462123,-0.015783
0.179836,0.130033,-0.461356,-0.008060
0.209012,0.177664,-0.441334,-0.005527
0.012912,0.072768,-0.507747,-0.013831
-0.135556,0.066767,-0.376901,-0.003645
-0.223629,0.047105,-0.272921,0.000147
-0.331703,0.059286,-0.170038,-0.006889
-0.397945,0.058352,-0.051627,-0.039455
-0.028554,0.110360,0.348947,0.016058
-0.127617,0.199006,0.098406,-0.101003
-0.249614,0.055238,-0.169788,-0.085185
-0.239170,0.039579,-0.138743,-0.111016
-0.251920,0.018785,-0.006496,-0.209651
0.105383,0.024719,0.490525,-0.152522
0.239705,0.005106,0.423181,-0.121983
0.386731,0.024128,0.257384,-0.129144
-0.006547,-0.015608,-0.234190,-0.193005
-0.062507,-0.017582,-0.220575,-0.148687
0.330047,-0.012122,0.252499,-0.080046
0.356399,-0.010610,0.225844,-0.025109
-0.013074,-0.051701,-0.308034,-0.068900
-0.076122,-0.048747,-0.338370,0.014753
0.271642,-0.013476,0.188829,0.103306
0.290139,-0.010198,0.176167,0.094344
0.323474,0.002243,0.136970,0.075596
0.167592,0.019282,0.259634,-0.425567
-0.161541,-0.073997,-0.148317,0.148672
-0.272463,-0.015551,-0.109601,0.158637
-0.065213,0.002595,0.443200,0.162448
-0.103127,0.007602,0.488374,0.145713
-0.450335,-0.018984,-0.055269,0.076130
-0.426619,-0.012767,-0.055952,0.046125
-0.122088,0.008679,0.493862,0.072685
-0.029682,-0.000328,0.549758,0.004603
-0.254319,-0.033739,0.015265,-0.140976
-0.266349,-0.016297,-0.094910,-0.071787
-0.066946,-0.036479,0.129592,-0.028250
0.166898,-0.010247,0.334174,0.059251
0.278130,0.010131,0.112684,0.095407
0.198994,0.085966,0.075504,0.188269
0.218301,0.292470,-0.123277,0.055897
0.146289,0.366583,-0.034425,0.014404
0.159203,0.380413,-0.025044,-0.021216
0.156454,0.369888,-0.017428,-0.073543
0.137828,0.335710,-0.007995,-0.121943
0.104783,0.281117,-0.004437,-0.137264
0.029767,0.175715,-0.028872,-0.165666
-0.070917,0.048035,-0.070482,-0.164780
-0.208612,-0.022306,-0.057646,-0.082342
-0.059207,0.025881,0.474484,-0.015209
-0.137113,0.000316,0.464760,-0.027194
-0.376317,-0.007554,-0.035048,-0.030091
-0.371597,-0.007151,-0.035712,-0.034811
-0.186405,-0.004087,0.423814,-0.105015
-0.070525,0.007673,0.498625,-0.078209
-0.274560,-0.027492,-0.006926,-0.136081
-0.236790,-0.043968,-0.014308,-0.127111
0.125687,-0.004249,0.432872,-0.005337
0.203179,-0.001190,0.340045,0.006236
0.341147,-0.008635,0.171546,0.046304
0.364776,-0.001472,0.146732,0.039221
0.275139,0.086081,0.004870,0.183315
0.146611,0.361381,-0.028653,0.014779
0.153592,0.368828,-0.019833,-0.025711
0.145344,0.349358,-0.009565,-0.085431
0.114601,0.295289,-0.003324,-0.133196
0.052200,0.204516,-0.020906,-0.151932
-0.056067,0.064965,-0.064057,-0.175973
-0.209643,-0.032418,-0.055388,-0.116551
-0.036750,0.038666,0.483017,-0.056918
-0.120861,0.015150,0.469534,-0.043090
-0.364176,-0.007753,-0.032668,-0.044596
-0.362098,-0.006365,-0.037322,-0.043529
-0.180901,0.005031,0.418653,0.013822
-0.067416,-0.002442,0.508043,0.038102
-0.300393,-0.017362,-0.031699,-0.099740
-0.279067,-0.025148,-0.043166,-0.099871
0.085416,-0.005263,0.428393,0.041212
0.169971,-0.003659,0.335129,0.048010
0.376217,0.000249,0.144223,0.028638
-0.282076,0.048137,-0.396236,0.189235
0.114540,-0.162925,-0.007769,0.025790
0.111162,-0.128178,0.085471,-0.020782
0.231663,-0.105563,0.024266,-0.078305
0.157342,0.028739,-0.380160,-0.155886
0.180073,0.039854,-0.501078,-0.139092
0.144046,0.009301,-0.495480,-0.106495
0.111908,0.019781,-0.308386,-0.264567
0.446846,0.024924,0.177624,-0.105556
0.452687,0.009451,0.181307,-0.096092
0.093051,-0.033296,-0.294878,-0.214219
0.013594,-0.022785,-0.337566,-0.102592
0.390451,-0.002834,0.188088,-0.027076
0.381846,-0.008327,0.162622,0.013748
-0.020856,-0.058419,-0.383930,0.014115
-0.088910,-0.039274,-0.382815,0.061650
0.327198,0.003181,0.139795,0.071889
-0.067476,-0.069372,-0.100194,-0.210384
-0.040897,-0.146714,0.000015,0.102372
-0.169819,-0.087301,0.082161,0.119062
0.066142,-0.031161,0.027750,0.163597
0.230430,0.026268,0.033733,0.166575
0.345017,0.056177,-0.067215,0.197776
0.084777,-0.005596,-0.499481,0.111746
0.088979,-0.020961,-0.574224,0.056926
0.110703,-0.028587,-0.560472,0.029009
0.018616,-0.016557,-0.473934,0.022524
-0.074127,-0.031024,-0.336262,-0.007773
0.337646,-0.001380,0.213372,0.000065
0.375791,-0.002401,0.217320,-0.041154
0.331697,0.003514,0.142157,0.067623
0.168491,0.008081,0.271452,-0.418000
-0.104729,-0.115765,-0.106800,0.006939
-0.217575,-0.054110,-0.071819,0.075471
-0.089447,-0.060651,0.373809,0.186572
-0.095197,-0.012971,0.437530,0.171074
-0.413924,0.025689,-0.042236,0.103910
-0.434072,-0.003807,-0.058229,0.086356
-0.112122,-0.002406,0.482566,0.172249
-0.043585,-0.006126,0.452743,0.146099
-0.050966,-0.004765,0.202577,0.244815
-0.278633,-0.009624,-0.175009,0.013915
-0.279520,-0.008519,-0.166134,0.004824
-0.316384,-0.034144,-0.032930,-0.048990
0.065732,-0.003774,0.451929,0.035643
0.165781,-0.002045,0.358598,0.026384
0.373250,-0.002313,0.146136,0.032297
-0.043155,-0.078212,-0.114340,-0.212496
0.368771,-0.036044,0.078582,0.080030
0.357373,-0.002686,0.068168,0.110764
0.366952,0.050856,-0.107249,0.210276
0.047794,-0.011156,-0.554307,0.068319
0.031739,-0.017783,-0.541386,0.078081
-0.087777,-0.008296,-0.446445,0.093168
-0.168436,-0.031716,-0.350053,0.100856
0.182246,-0.016529,0.190312,0.194382
0.221951,-0.145182,0.101919,0.013276
0.179483,-0.025199,0.363812,0.022492
0.321669,0.045052,0.020825,0.014912
0.018294,-0.153040,-0.100475,-0.010931
-0.099817,-0.097751,-0.060308,0.023571
-0.070462,-0.115804,0.344194,0.139316
-0.079650,-0.035180,0.430958,0.159491
-0.427797,0.011145,-0.071461,0.079378
-0.434812,0.001049,-0.089813,0.076543
-0.134788,0.004222,0.457510,0.172365
-0.069658,-0.001868,0.487858,0.131521
-0.154301,0.016706,0.149627,0.254136
-0.332365,-0.010757,-0.186845,0.080617
-0.337020,-0.008722,-0.183140,0.079533
-0.396522,-0.054389,-0.046774,0.058098
0.000684,-0.002364,0.495541,0.054484
0.111932,0.001402,0.431653,0.004476
0.263534,0.014644,0.104671,0.096585
0.260532,0.069661,0.039622,0.179651
0.096403,0.204169,-0.133933,-0.218175
-0.025576,0.095642,-0.049592,-0.272172
-0.183684,-0.028342,-0.032280,-0.194069
-0.169365,-0.031214,0.251824,-0.393660
0.012440,0.021247,0.587513,-0.087682
0.004613,-0.001127,0.590143,-0.066114
-0.010255,-0.009190,0.471932,-0.075200
-0.199796,0.005494,0.002516,-0.150361
-0.235323,-0.008787,-0.139938,-0.065283
-0.086155,0.053424,0.050819,-0.004717
0.168280,-0.010965,0.305788,0.085678
0.210691,-0.018199,0.215303,0.142323
-0.175845,-0.049953,-0.330687,0.107199
-0.208326,-0.024912,-0.313071,0.096959
0.135964,-0.012039,0.179860,0.246000
0.187142,-0.009619,0.208572,0.164386
-0.200504,-0.010976,-0.338983,0.101131
-0.222339,0.012127,-0.285643,0.046505
0.051312,0.033024,0.142652,0.077945
0.165852,0.025166,0.219979,-0.010291
-0.180398,0.002851,-0.194793,-0.077011
-0.194596,-0.000282,-0.182413,-0.072059
-0.188131,-0.028610,-0.031889,-0.198247
0.200748,-0.003408,0.412514,-0.061431
0.266623,-0.000019,0.334249,-0.053816
0.411657,-0.004917,0.194730,-0.052257
0.085426,-0.052237,-0.275208,-0.206654
0.005548,-0.038708,-0.331044,-0.085145
0.359109,-0.008988,0.185299,0.014270
0.340799,-0.007032,0.162400,0.054133
0.313446,-0.004846,-0.049690,0.234011
-0.071138,-0.009785,-0.429583,0.061156
-0.155477,-0.012921,-0.336885,0.055933
-0.257481,-0.010823,-0.224207,0.043162
-0.111650,-0.064993,0.083178,0.151459
0.070914,-0.015914,0.218360,0.207707
-0.240209,-0.006400,-0.209659,0.006917
-0.239406,-0.003320,-0.176560,-0.030064
-0.257255,-0.021653,-0.040412,-0.129818
0.129182,-0.001649,0.455199,-0.034811
0.216952,0.000021,0.352038,-0.020882
0.356565,-0.008739,0.192571,0.009833
0.336864,0.002235,0.143392,0.063733
-0.018918,-0.072972,-0.138864,-0.218038
0.210659,0.000656,-0.288086,0.084886
0.419687,-0.003179,-0.076046,0.177188
0.001909,-0.023106,-0.511204,0.083389
-0.014301,-0.023105,-0.508472,0.096530
0.239138,-0.023294,-0.141964,0.337728
0.112191,-0.058558,-0.216675,0.268583
-0.118584,-0.010967,-0.422146,0.102346
-0.187063,-0.012983,-0.306553,0.057249
-0.285916,-0.009658,-0.192142,0.038366
-0.356424,-0.030405,-0.080553,0.018304
0.040350,-0.004884,0.426215,0.086498
0.137120,0.001923,0.371915,0.038999
0.300017,0.000672,0.216746,0.029404
-0.135677,-0.010326,-0.287704,-0.015643
-0.171060,-0.005106,-0.253036,-0.020148
-0.006720,-0.022334,0.049348,-0.034827
0.271458,0.015579,0.110593,0.096784
-0.289427,0.051944,-0.396645,0.193437
-0.015670,-0.045430,0.084691,-0.097493
-0.084862,-0.017415,0.074851,-0.162969
0.012214,0.000534,0.075806,-0.167226
0.152132,0.025204,0.085454,-0.148478
0.269496,0.042104,0.088462,-0.134418
0.235297,-0.011799,-0.181116,-0.163110
0.128848,-0.012047,-0.428150,-0.092455
0.119059,-0.016715,-0.516918,-0.030356
0.113731,-0.027293,-0.489581,-0.030976
0.482372,0.001566,0.037251,0.020755
0.478165,0.000756,0.047818,0.017173
0.086440,-0.023549,-0.486139,-0.026102
0.039126,-0.013705,-0.433477,-0.041295
0.221634,-0.000570,0.071644,0.084160
0.220489,0.061374,0.084029,0.183470
0.133252,0.176810,-0.231168,-0.183906
0.032431,0.176196,-0.028353,-0.227080
-0.092933,0.014442,-0.071930,-0.221686
-0.204948,-0.039933,-0.033775,-0.159414
-0.079264,0.009397,0.390691,-0.209639
-0.082372,0.037786,0.467960,-0.089033
-0.359991,-0.005822,-0.033880,-0.049578
-0.376398,-0.006119,-0.048050,-0.018733
-0.172824,0.002661,0.424469,0.023289
-0.059950,-0.010469,0.513552,0.041560
-0.260392,-0.025833,0.022705,-0.018166
-0.318806,-0.022676,-0.156634,0.048780
-0.099110,-0.055968,0.105741,0.193222
0.083245,-0.015606,0.251220,0.203775
-0.239205,-0.009496,-0.201278,0.000628
-0.239786,-0.005948,-0.169381,-0.034235
-0.224044,-0.030071,-0.006679,-0.185611
0.148986,-0.003081,0.456346,-0.054539
0.221504,0.001243,0.351677,-0.028480
0.370445,-0.006692,0.175982,0.010386
0.366836,-0.000421,0.012121,0.159608
-0.051828,-0.009723,-0.431859,0.044060
-0.142861,-0.012007,-0.339866,0.045384
-0.244709,-0.012081,-0.225500,0.032940
0.033248,-0.025248,0.186686,0.177740
0.147482,-0.013229,0.258625,0.149077
-0.217148,-0.007861,-0.262707,0.038365
-0.234799,-0.005707,-0.208093,-0.000751
-0.176240,-0.050076,-0.001439,-0.138542
0.223679,-0.005592,0.369306,-0.044998
0.261511,0.009344,0.101252,0.095692
-0.038299,-0.089613,-0.111920,-0.208400
0.385848,-0.076486,0.081004,0.042098
0.392786,-0.039854,0.072705,0.078051
0.298242,0.019286,-0.194050,0.159586
0.052949,-0.012767,-0.533208,0.043677
0.021389,-0.013912,-0.511297,0.054476
-0.097283,0.003248,-0.422021,0.066707
-0.168004,-0.004703,-0.335481,0.058851
0.163438,-0.002321,0.182253,0.191212
0.206632,-0.013840,0.200147,0.152112
-0.168329,-0.013379,-0.327040,0.059399
-0.201174,-0.007071,-0.291870,0.050764
0.054421,0.000830,0.148618,0.219405
0.142615,-0.014377,0.215150,0.195698
-0.203047,-0.014607,-0.282924,0.051228
-0.231950,-0.010257,-0.255719,0.048576
-0.059778,-0.051366,0.088329,0.176151
0.114831,-0.013922,0.240171,0.191912
-0.216884,-0.008545,-0.228680,0.004758
-0.240127,-0.007149,-0.189272,-0.012802
-0.210043,-0.064398,-0.009916,-0.067377
0.170344,-0.010620,0.357110,0.030447
-0.013686,-0.031781,-0.086353,-0.036153
-0.290910,0.050077,-0.392825,0.193108
-0.199935,-0.057131,0.104792,-0.061692
-0.080483,-0.034036,0.079776,-0.116695
0.072847,-0.002052,0.081260,-0.156369
0.127793,0.016680,0.083787,-0.164127
0.258092,0.037038,0.091431,-0.152373
0.207556,-0.020321,-0.198735,-0.213346
0.119005,-0.008573,-0.439533,-0.105451
0.129680,-0.013757,-0.504339,-0.057528
0.122283,-0.019915,-0.497401,-0.053877
0.496394,0.010911,0.026513,-0.019050
0.492736,0.012911,0.038228,-0.017176
0.064478,-0.015793,-0.470573,-0.027462
-0.016333,-0.009426,-0.439852,0.016262
-0.114647,-0.025882,-0.344282,0.035462
0.289169,0.005506,0.117683,0.092387
0.101370,0.019628,0.272482,-0.416369
-0.336049,0.008157,-0.137564,0.099029
-0.430781,0.011374,-0.093521,0.122239
-0.104561,0.005048,0.460118,0.172388
-0.111504,-0.002227,0.483602,0.176729
-0.235674,-0.015674,0.147784,0.323480
-0.380946,-0.008593,-0.162362,0.102551
-0.356708,-0.003725,-0.164933,0.076017
-0.416974,-0.020837,-0.044527,0.033113
-0.067566,0.006343,0.516173,0.050272
0.035955,0.002871,0.533651,-0.025668
0.058602,-0.023979,0.211575,-0.086053
-0.202204,-0.009169,-0.176564,-0.061413
-0.215374,-0.006667,-0.173570,-0.053740
-0.119032,-0.045698,0.056327,-0.174893
0.224264,-0.011438,0.368905,-0.032753
0.221836,-0.145215,0.101873,0.013270
0.225146,0.071791,0.069363,0.182870
0.354366,0.229892,-0.187792,0.008174
0.219835,0.318871,-0.025844,0.012185
0.217415,0.319915,-0.024447,0.012182
0.219239,0.329160,-0.021651,-0.009198
0.221113,0.337883,-0.012724,-0.056174
0.215290,0.319474,0.000365,-0.120882
0.167639,0.234063,-0.002625,-0.195898
0.033125,0.062076,-0.054030,-0.250438
-0.137222,-0.028366,-0.037670,-0.196952
-0.155936,-0.036274,0.271747,-0.330210
0.013611,0.017532,0.579205,-0.070874
-0.001378,0.001169,0.586774,-0.045098
-0.050736,-0.011029,0.501078,-0.026791
-0.218343,0.005499,0.039902,-0.058281
-0.293702,-0.019188,-0.162319,0.025921
0.003784,-0.011901,0.178434,0.240870
0.103159,-0.016870,0.251203,0.203446
-0.244035,-0.015111,-0.255106,0.064902
-0.260757,-0.009986,-0.238652,0.060045
0.023460,-0.024029,0.193230,0.250590
0.125042,-0.008323,0.248496,0.163773
-0.225193,-0.002790,-0.206842,-0.014525
-0.224907,-0.001824,-0.174671,-0.047948
-0.207200,-0.034445,-0.011400,-0.189339
0.172991,-0.001769,0.422616,-0.045311
0.236447,0.003406,0.347192,-0.040779
0.401404,-0.005444,0.196012,-0.042385
0.182598,-0.051812,-0.175461,-0.203021
0.048486,-0.059081,-0.291062,-0.139566
0.355865,-0.006857,0.172752,0.028443
0.342395,-0.006586,0.165144,0.049120
0.408936,-0.009620,0.036542,0.112488
-0.031042,-0.014371,-0.439285,0.035348
-0.116381,-0.013977,-0.364056,0.045065
-0.211958,-0.010787,-0.264194,0.037589
0.133406,-0.011818,0.241102,0.170073
0.207975,-0.010558,0.235160,0.116728
-0.190770,-0.016533,-0.270235,0.028188
-0.202359,-0.004709,-0.222198,-0.020084
0.010032,-0.024938,0.114316,-0.066594
0.276005,0.015959,0.113979,0.096473
-0.292474,0.051458,-0.393169,0.193421
-0.056916,-0.042786,0.080367,-0.086679
-0.131186,-0.028609,0.092705,-0.149241
0.098272,0.008957,0.082475,-0.161666
0.234822,0.029422,0.089805,-0.149511
0.171285,-0.033793,-0.226621,-0.228804
0.130788,-0.008783,-0.404525,-0.154347
0.143734,-0.009354,-0.479663,-0.101633
0.128023,-0.017692,-0.482089,-0.076951
0.494427,0.001944,0.038446,0.004530
0.486261,0.000764,0.040726,0.014610
0.057370,-0.027748,-0.494682,0.015711
-0.025491,-0.018362,-0.460504,0.055007
0.156851,0.008727,0.031982,0.059055
0.188244,0.079451,0.091352,0.189423
0.245178,0.294425,-0.147807,0.037895
0.152548,0.372188,-0.027135,-0.000527
0.155539,0.372326,-0.019379,-0.047013
0.140879,0.342379,-0.008956,-0.110671
0.098435,0.271496,-0.007045,-0.165780
0.003986,0.140997,-0.038467,-0.198558
-0.184458,-0.007081,-0.043213,-0.153935
-0.059295,0.052285,0.422338,-0.138582
-0.115452,0.024847,0.448408,-0.067953
-0.369680,-0.006155,-0.044349,-0.029037
-0.377800,-0.005022,-0.055460,-0.011022
-0.233823,-0.004830,0.348616,0.007439
-0.121597,-0.009270,0.454479,0.045767
-0.341275,-0.020112,-0.053238,-0.034692
-0.324564,-0.020718,-0.063449,-0.040560
0.071247,-0.004236,0.484577,-0.013148
0.190629,-0.004793,0.409782,-0.046919
0.300267,0.004848,0.124528,0.088652
0.157847,0.012679,0.272851,-0.416900
-0.057977,-0.116049,-0.112840,-0.037506
-0.179727,-0.106046,-0.064754,-0.022949
-0.159127,-0.223614,0.285840,0.021766
-0.046017,-0.077484,0.472504,0.104274
-0.096330,-0.020880,0.412525,0.188813
-0.240156,0.168816,0.096973,0.246116
-0.354514,0.007211,-0.206392,0.104657
-0.352116,-0.003218,-0.191024,0.097244
-0.445631,-0.024082,-0.065371,0.093375
-0.107374,-0.004200,0.470451,0.188117
-0.024992,-0.007026,0.461153,0.120037
-0.164321,-0.076196,0.047058,0.065998
-0.278358,-0.018982,-0.141690,-0.010319
-0.212035,-0.065072,-0.040142,-0.053699
-0.139649,-0.051723,-0.165103,-0.073919
-0.076217,-0.087740,-0.085512,-0.197264
-0.099382,-0.205965,0.063855,0.015867
-0.011568,-0.205821,0.005989,0.063242
-0.014123,-0.145259,0.009867,0.114269
0.020014,-0.078781,0.017963,0.147738
0.207167,0.012279,0.043961,0.162830
0.340086,0.068466,-0.048957,0.178141
0.089721,0.007940,-0.478446,0.123767
0.081447,-0.020084,-0.568339,0.057632
0.101657,-0.028383,-0.551785,0.029162
0.002322,-0.017521,-0.454017,0.019865
0.277543,0.014156,0.114181,0.095807
-0.048725,-0.077454,-0.110220,-0.211658
0.351330,-0.091362,0.113439,0.000514
0.365498,-0.118144,0.115062,-0.044007
0.421068,-0.015229,-0.018354,0.079162
0.037164,-0.016475,-0.516798,0.047008
0.019122,-0.015591,-0.533280,0.080401
-0.042476,-0.034161,-0.489939,0.117429
0.300042,-0.019501,0.022424,0.247393
0.288917,-0.017114,0.028450,0.250228
-0.114296,-0.023313,-0.441053,0.129311
-0.176533,-0.013463,-0.399644,0.140289
-0.291554,-0.031178,-0.271559,0.144955
0.072863,0.019891,0.207944,0.249549
0.148884,0.035013,0.244235,0.122379
-0.185600,0.052150,-0.245454,0.036752
-0.213129,0.045167,-0.278678,-0.002710
-0.263592,0.037963,-0.174178,-0.049543
-0.026715,0.075455,0.173377,-0.134319
0.205869,0.041281,0.316566,-0.037903
-0.168580,0.008531,-0.185313,-0.103977
-0.186817,0.000190,-0.163352,-0.099371
0.064020,-0.016383,0.175623,-0.256019
0.304278,-0.009705,0.344473,-0.090136
0.364436,-0.007055,0.232854,-0.040360
0.375362,-0.003220,0.144871,0.032263
0.170212,0.009655,0.269556,-0.419470
-0.103851,-0.113912,-0.109967,0.009731
-0.218059,-0.050009,-0.074499,0.081235
-0.089218,-0.065965,0.370784,0.171054
-0.102679,-0.018308,0.431639,0.154163
-0.426754,0.004656,-0.077605,0.064317
-0.429886,0.000775,-0.079145,0.063124
-0.134930,0.006878,0.449337,0.166730
-0.076278,0.000579,0.465850,0.154492
-0.237197,0.024519,0.039280,0.156157
-0.345907,-0.012222,-0.162936,0.071717
-0.272441,-0.052838,-0.023232,0.114906
0.054999,-0.014391,0.328604,0.174584
0.043996,-0.025182,0.176114,0.134448
-0.220873,-0.007541,-0.193060,-0.027876
-0.233827,-0.005731,-0.174770,-0.035023
-0.266846,-0.024937,-0.048606,-0.107699
0.127369,-0.004758,0.435767,-0.009299
0.209756,-0.001299,0.349896,-0.010132
0.354679,-0.008187,0.188980,0.014728
0.347053,-0.000569,0.144758,0.056326
-0.264384,0.053919,-0.405679,0.179761
0.088618,-0.127900,-0.326251,0.067560
0.235208,-0.099821,-0.207798,0.026252
0.275053,0.029475,-0.237329,-0.044908
0.234115,0.151065,-0.332869,-0.109062
0.256955,0.214135,-0.305327,-0.114851
0.066921,0.061082,-0.457341,-0.117737
-0.054261,0.038268,-0.342211,-0.091146
-0.185290,0.031797,-0.199778,-0.096079
-0.169881,0.012741,-0.033756,-0.247122
0.242485,0.024110,0.352603,-0.096439
0.279040,0.034959,0.226241,-0.109841
-0.124491,-0.003990,-0.226730,-0.094139
-0.159843,-0.003207,-0.194896,-0.091404
-0.110811,-0.038616,-0.014967,-0.275534
0.273767,-0.012957,0.371225,-0.084760
0.306835,-0.005850,0.312845,-0.070428
0.418044,-0.006399,0.162705,-0.025076
0.265851,-0.040121,-0.152793,0.008262
-0.039549,-0.007006,-0.441060,0.038265
-0.140432,-0.007251,-0.380416,0.078748
-0.225567,-0.012568,-0.284051,0.072836
0.043358,-0.023788,0.178518,0.276159
0.120572,-0.014056,0.208595,0.231367
-0.222682,-0.007720,-0.277915,0.058966
-0.244997,-0.005447,-0.207047,0.008141
-0.259552,-0.031576,-0.060060,-0.096004
0.152577,-0.001901,0.424597,-0.026367
0.229754,0.000383,0.344707,-0.026421
0.380498,-0.005159,0.205853,-0.031346
0.221826,-0.145218,0.101869,0.013270
0.063311,-0.048412,0.016932,0.385810
0.127410,-0.147812,-0.245296,-0.082586
0.131358,0.039742,-0.456398,-0.104996
0.183567,0.044032,-0.497824,-0.135916
0.146335,0.015134,-0.487125,-0.122182
0.241401,0.080336,-0.174489,-0.240024
0.451002,0.044282,0.130641,-0.092624
0.090079,-0.029666,-0.268328,-0.241078
0.013531,-0.020630,-0.283177,-0.159074
0.397917,0.005345,0.211995,-0.066901
0.395016,-0.006337,0.193871,-0.033004
0.069836,-0.058551,-0.284167,-0.171187
0.005341,-0.038722,-0.322013,-0.093954
0.361065,-0.008421,0.203026,-0.006487
0.349983,-0.006318,0.168521,0.037992
0.326912,-0.007808,-0.031642,0.250870
-0.087615,-0.014717,-0.440156,0.093138
-0.163093,-0.018724,-0.376710,0.109177
-0.280195,-0.005853,-0.265456,0.102155
-0.096656,-0.053855,0.078869,0.224874
-0.007166,-0.003025,0.138672,0.166750
-0.242688,0.007582,-0.198763,-0.015482
-0.239198,0.002594,-0.173311,-0.039435
-0.273996,-0.012113,-0.054419,-0.108821
0.113387,-0.004198,0.470683,-0.092989
0.222106,-0.005764,0.401380,-0.069178
0.322141,0.002804,0.136702,0.076292
-0.034175,-0.088210,-0.116023,-0.209911
0.413462,-0.077232,0.058864,0.013016
0.441316,-0.055979,0.057342,0.036901
0.149174,-0.065895,-0.367381,0.074556
0.023168,-0.014090,-0.527400,0.068981
-0.014301,-0.021169,-0.503838,0.089968
-0.030266,-0.061958,-0.412599,0.099218
0.306448,-0.012809,0.132847,0.123850
0.313576,-0.009607,0.138482,0.108027
-0.054639,-0.070483,-0.418571,0.097230
-0.111874,-0.035712,-0.389713,0.087949
0.241371,-0.013512,0.142149,0.180437
0.267699,-0.008446,0.164575,0.126540
-0.132827,-0.006060,-0.362520,0.052057
-0.169973,-0.000305,-0.277007,-0.002066
-0.190479,-0.023574,-0.102173,-0.131104
0.241895,-0.007951,0.363111,-0.047510
0.279352,-0.002419,0.313654,-0.042028
0.402489,-0.000279,0.183346,-0.036494
0.340545,-0.000285,0.142768,0.062688
0.289822,0.076367,0.004240,0.179060
0.135650,0.353137,-0.012938,-0.036832
0.119583,0.320547,-0.004837,-0.085804
0.042031,0.200908,-0.021959,-0.190139
-0.093275,0.023366,-0.072729,-0.214005
-0.206893,-0.037420,-0.039905,-0.150912
-0.088092,0.013894,0.376303,-0.193228
-0.078426,0.034694,0.504093,-0.069836
-0.354549,-0.006016,-0.031127,-0.057586
-0.352231,-0.005481,-0.037531,-0.054077
-0.190575,-0.002307,0.401936,-0.011996
-0.063681,-0.009231,0.506410,0.083566
-0.278581,-0.038185,-0.005043,0.027995
-0.317593,-0.015679,-0.134219,0.018142
-0.277735,-0.031563,-0.043203,-0.086800
0.105423,-0.004310,0.448128,-0.000213
0.199177,-0.002066,0.353551,-0.002260
0.351233,-0.008370,0.205574,0.001590
-0.017410,-0.067664,-0.322549,-0.031469
0.270051,0.007534,0.105993,0.095429
0.133413,0.018721,0.272249,-0.416988
0.037382,-0.021425,-0.093546,0.064751
-0.139548,-0.093421,-0.139136,0.051079
-0.253009,-0.029435,-0.091821,0.096588
-0.076184,-0.012532,0.407902,0.179702
-0.099460,0.004482,0.458701,0.166816
-0.456959,-0.021217,-0.075797,0.113769
-0.458592,-0.023764,-0.078548,0.112124
-0.155417,0.001664,0.454147,0.225286
-0.104972,-0.005736,0.482796,0.162030
-0.358724,-0.027367,-0.062077,-0.000926
-0.324852,-0.017304,-0.067567,-0.039619
0.077312,-0.005612,0.467407,-0.049662
0.192319,-0.004225,0.422070,-0.061979
0.221761,-0.001900,0.071348,0.083914
-0.264220,0.056873,-0.423373,0.189429
0.268994,-0.099842,-0.025538,-0.147892
0.376207,-0.001508,0.133560,-0.152616
0.423939,0.009542,0.030407,-0.188705
0.175783,-0.007631,-0.462566,-0.154467
0.159540,-0.013371,-0.495298,-0.100219
0.129094,-0.038338,-0.358763,-0.181159
0.455119,-0.005078,0.127743,-0.028623
0.424614,-0.006639,0.126508,0.005413
0.109583,-0.066050,-0.351420,-0.012968
0.007308,-0.053030,-0.423871,0.020305
0.379470,-0.008794,0.128485,0.050946
0.377780,-0.008189,0.135467,0.045225
0.343993,-0.000243,0.144119,0.059048
0.167681,0.016255,0.265585,-0.422120
-0.127191,-0.099226,-0.124034,0.028856
-0.199469,-0.075489,-0.061456,-0.025306
-0.129549,-0.160830,0.336379,0.033956
-0.103777,-0.054758,0.424523,0.124190
-0.396842,0.028544,-0.045952,0.073440
-0.413195,0.012890,-0.064883,0.062330
-0.097876,0.011411,0.463566,0.144571
-0.039714,0.004229,0.458785,0.123197
-0.041349,0.046764,0.200275,0.252935
-0.292391,-0.004330,-0.221443,0.068814
-0.309927,-0.009600,-0.195736,0.065913
-0.251081,-0.023730,0.046399,0.144237
0.034179,-0.012874,0.359470,0.165057
0.094029,-0.015241,0.253775,0.161781
-0.227435,-0.010326,-0.193089,-0.018500
-0.239098,-0.007073,-0.182046,-0.021134
-0.243458,-0.053370,-0.025340,-0.093801
0.123777,-0.005176,0.421324,0.009471
0.205116,-0.000547,0.341612,0.002124
0.370154,-0.007499,0.183825,0.003710
0.081856,-0.068985,-0.255836,-0.109423
0.343076,-0.000863,0.143094,0.060954
-0.047208,-0.084308,-0.107679,-0.208879
0.334902,-0.094614,0.117128,0.027219
0.329686,-0.052654,0.118293,0.080088
0.395601,0.023800,-0.018553,0.125945
0.021344,-0.000495,-0.542085,0.072252
0.039012,-0.015097,-0.544795,0.071530
-0.013242,-0.033143,-0.486460,0.083500
0.341406,-0.018145,0.018785,0.207618
0.327724,-0.016490,0.039726,0.199256
-0.098929,-0.015993,-0.422977,0.088549
-0.167815,-0.016025,-0.363003,0.097492
-0.274190,-0.014442,-0.255808,0.095089
0.094367,-0.010013,0.239233,0.217411
0.185589,-0.001069,0.269020,0.094527
-0.188545,-0.006726,-0.224135,-0.029945
-0.201801,-0.001365,-0.179315,-0.066869
0.015015,-0.028957,0.143423,-0.181440
0.277267,-0.011080,0.345676,-0.062595
0.368578,-0.002563,0.146006,0.037139
0.234355,0.065971,0.067418,0.181642
0.173076,0.244579,-0.179461,-0.098982
0.126222,0.320749,-0.004909,-0.062046
0.086532,0.254007,-0.009199,-0.118283
-0.040569,0.083115,-0.055898,-0.208905
-0.196118,-0.030810,-0.042728,-0.161402
-0.061259,0.024512,0.418249,-0.208571
-0.081775,0.037841,0.482952,-0.090238
-0.360923,-0.007439,-0.026335,-0.054557
-0.380951,-0.008982,-0.037716,-0.021652
-0.101678,0.004723,0.515244,0.089729
-0.034094,-0.005804,0.506639,0.081671
-0.042263,-0.040323,0.192260,0.205694
-0.293246,-0.009773,-0.184551,0.038219
-0.275652,-0.004389,-0.168770,-0.000539
-0.294387,-0.027391,-0.035114,-0.091720
0.093221,-0.000722,0.463765,-0.007877
0.192155,0.001178,0.361733,-0.006792
0.221768,-0.145235,0.101845,0.013267
0.338574,-0.077774,0.097293,0.050346
0.388043,0.025126,-0.034917,0.114891
0.025839,0.000857,-0.545922,0.069924
0.036651,-0.013318,-0.546594,0.073911
-0.020640,-0.025215,-0.494041,0.090550
0.278413,-0.014918,-0.048916,0.325795
0.255600,-0.015034,-0.031180,0.334235
-0.130122,-0.009123,-0.415329,0.105224
-0.187802,-0.010786,-0.342304,0.091541
-0.280119,-0.009934,-0.192814,0.033516
-0.283485,-0.052611,-0.027023,-0.064888
0.106451,-0.001584,0.459916,-0.016176
0.210436,0.001251,0.362267,-0.026656
0.372372,-0.005802,0.219738,-0.036731
0.049498,-0.052517,-0.260473,-0.182546
-0.022644,-0.042905,-0.316271,-0.067504
0.327676,-0.009262,0.193788,0.038016
0.332920,-0.007748,0.175954,0.049181
0.357735,-0.001499,0.025411,0.161728
-0.059749,-0.009249,-0.421858,0.041505
-0.144000,-0.012252,-0.333220,0.040121
-0.246680,-0.011193,-0.218064,0.026587
0.041521,-0.024360,0.201873,0.158176
0.164366,-0.006674,0.271538,0.083134
-0.199226,-0.008664,-0.188917,-0.052544
-0.209768,-0.006367,-0.175747,-0.057468
-0.127653,-0.045390,0.049506,-0.189750
0.186187,-0.006385,0.047207,0.069193
0.104748,0.018035,0.276726,-0.413402
-0.279763,-0.030283,-0.120601,0.035556
-0.386802,0.006230,-0.078751,0.080421
-0.095169,-0.006237,0.440946,0.175377
-0.090232,0.008439,0.465777,0.157795
-0.264010,0.076922,0.121946,0.242386
-0.369794,-0.010211,-0.166869,0.097527
-0.358055,-0.009019,-0.173289,0.091018
-0.429784,-0.027078,-0.051557,0.059488
-0.079294,-0.005337,0.512034,0.095087
0.021112,-0.003501,0.516158,0.013072
0.037774,-0.024189,0.186600,0.014703
-0.217711,-0.010040,-0.197374,-0.024226
-0.233690,-0.007614,-0.186031,-0.022014
-0.219999,-0.059495,-0.016843,-0.094803
-0.137050,-0.055861,-0.165254,-0.073625
0.124918,0.042885,0.149168,0.224751
-0.171048,0.043048,0.426627,0.011380
-0.419760,0.054713,-0.040146,-0.041552
-0.357137,0.056411,-0.083702,-0.064806
-0.385020,0.047084,-0.034040,-0.077074
-0.184433,0.087231,0.385388,-0.150858
-0.030209,0.071176,0.481077,-0.099279
-0.245244,0.011868,-0.017236,-0.192285
-0.242591,0.000886,-0.109966,-0.097679
-0.210688,-0.015798,-0.034258,-0.187580
0.177574,0.003161,0.441013,-0.074495
0.266219,0.001444,0.343068,-0.063344
0.406991,0.002104,0.204685,-0.064779
0.030039,-0.030380,-0.315583,-0.133426
-0.049663,-0.019083,-0.340155,-0.040449
0.331760,-0.009990,0.197077,0.030798
0.330609,-0.010158,0.172821,0.057044
0.246312,0.005413,0.089463,0.092467
-0.255579,0.058707,-0.416145,0.177754
0.084858,0.029534,-0.413721,-0.007173
0.218728,0.078561,-0.339553,-0.076164
0.227736,0.154202,-0.381095,-0.081850
0.237220,0.179840,-0.365049,-0.095481
0.067763,0.061512,-0.460007,-0.114246
-0.044966,0.049774,-0.366790,-0.087186
0.159934,0.154929,0.047860,-0.111967
0.252007,0.080676,0.134920,-0.069987
-0.114157,0.018866,-0.291935,-0.062124
-0.156928,0.008242,-0.229454,-0.071211
-0.212765,-0.003349,-0.102855,-0.130361
0.222282,0.001081,0.374108,-0.051497
0.300440,-0.004937,0.302515,-0.048444
0.354260,0.001339,0.146497,0.047045
-0.262634,0.056860,-0.423476,0.187719
0.247002,-0.119098,-0.090498,-0.074342
0.342205,-0.019502,0.060253,-0.058246
0.390199,-0.018291,-0.082814,-0.104593
0.171227,0.008424,-0.510531,-0.114172
0.147578,-0.006496,-0.490964,-0.099431
0.050288,-0.000577,-0.379947,-0.119115
0.129008,-0.048481,-0.119756,-0.345112
0.383493,-0.005616,0.234685,-0.063308
0.386827,-0.002630,0.214648,-0.051961
0.462944,-0.004588,0.112552,-0.021837
0.044848,-0.045055,-0.428046,-0.021084
-0.020697,-0.031810,-0.431461,0.034618
0.366495,-0.002741,0.145700,0.039523
0.113472,0.020819,0.267083,-0.420005
-0.240369,-0.003684,-0.182128,0.131689
-0.345827,-0.011099,-0.161208,0.139277
-0.159523,0.018918,0.338224,0.293634
-0.184129,0.006042,0.388551,0.286710
-0.452926,-0.014713,-0.096841,0.115395
-0.425241,-0.007360,-0.101841,0.085165
-0.350530,-0.032659,0.195235,0.123873
-0.077581,0.008889,0.537334,0.066297
-0.043440,0.013794,0.429282,0.033747
-0.283564,-0.011823,-0.072990,-0.080973
-0.269720,-0.014057,-0.082811,-0.082762
0.141114,-0.006095,0.426395,-0.070853
0.236526,-0.009586,0.372943,-0.050685
0.286833,0.008031,0.117417,0.093511
0.261213,0.077052,0.030853,0.180280
0.189537,0.333448,-0.080789,-0.002493
0.146332,0.356271,-0.014097,-0.037149
0.129663,0.321285,-0.003725,-0.099127
0.072294,0.230606,-0.013700,-0.162304
-0.038386,0.086369,-0.056066,-0.187373
-0.199249,-0.024739,-0.051736,-0.129974
-0.044161,0.047372,0.454575,-0.077537
-0.130278,0.014870,0.452185,-0.040593
-0.383966,-0.006534,-0.049015,-0.009638
-0.386807,-0.005187,-0.054269,-0.003010
-0.209026,-0.010293,0.389599,0.035651
-0.074632,0.003784,0.509904,0.058967
-0.324580,-0.026553,-0.037930,-0.059805
-0.287970,-0.018541,-0.044588,-0.098191
0.098345,-0.002386,0.480267,-0.033678
0.187546,0.001251,0.367249,-0.007784
0.364801,-0.000938,0.146715,0.038746
-0.040523,-0.077883,-0.116688,-0.213165
0.383118,-0.026398,0.061445,0.084899
0.370952,0.001211,0.054609,0.110576
0.351085,0.050422,-0.138703,0.240384
0.048717,-0.012975,-0.553223,0.068130
0.021696,-0.016760,-0.534970,0.080686
-0.113947,-0.006051,-0.433143,0.103791
-0.188897,-0.018782,-0.331589,0.089917
0.134127,-0.016924,0.194560,0.217634
0.221865,-0.145207,0.101885,0.013272
0.227560,0.070634,0.068568,0.182476
0.319781,0.236099,-0.208414,-0.060242
0.231291,0.323625,-0.011802,-0.104409
0.192025,0.270772,0.002986,-0.165488
0.092665,0.133194,-0.029681,-0.229879
0.004567,0.025067,-0.048324,-0.230172
-0.151938,-0.042437,-0.036268,-0.173086
-0.077845,-0.000770,0.381392,-0.153191
-0.065947,0.032788,0.486797,-0.035681
-0.353036,-0.005235,-0.049341,-0.041467
-0.356732,-0.004323,-0.054611,-0.033605
-0.154794,0.014051,0.454005,0.048950
-0.105922,0.001920,0.499917,0.090395
-0.367799,-0.028268,-0.037488,-0.014110
-0.342278,-0.036203,-0.037861,-0.023728
0.041266,-0.004568,0.478761,0.032261
0.158356,-0.003094,0.405904,-0.012596
0.322265,0.001562,0.135756,0.077034
0.150705,0.012751,0.275827,-0.414555
-0.019285,-0.088621,-0.112492,0.010824
-0.220647,-0.049930,-0.074638,0.077757
-0.079462,-0.053655,0.385628,0.184521
-0.094320,-0.008253,0.440729,0.173216
-0.423609,0.016357,-0.049044,0.106103
-0.444653,-0.011720,-0.069303,0.088832
-0.125864,-0.005935,0.476196,0.194341
-0.060222,-0.007678,0.461283,0.154669
-0.176262,-0.031055,0.102906,0.142478
-0.277297,-0.008725,-0.168958,0.005629
-0.282564,-0.008824,-0.163286,0.005323
-0.336926,-0.024115,-0.044168,-0.043073
0.039174,-0.004926,0.483611,0.029703
0.150558,-0.001271,0.372324,0.027558
0.318132,0.005008,0.135982,0.078407
-0.276775,0.050907,-0.404679,0.189481
0.149935,-0.148307,-0.020627,0.012420
0.155286,-0.095524,0.092729,0.012113
0.243468,-0.091905,0.015209,-0.033879
0.152407,0.041640,-0.400738,-0.118643
0.181384,0.055343,-0.502586,-0.128189
0.129736,0.019606,-0.497667,-0.099652
0.062681,0.034199,-0.330977,-0.213577
0.419865,0.039628,0.177657,-0.097462
0.428390,0.024833,0.184756,-0.092574
0.005348,-0.012954,-0.319308,-0.122436
-0.050643,-0.005169,-0.282130,-0.111408
0.101306,-0.069478,-0.003499,-0.310403
0.375832,-0.009057,0.273124,-0.098879
0.402814,-0.006563,0.190782,-0.058568
-0.015595,-0.032453,-0.346507,-0.054794
-0.083691,-0.013817,-0.364668,0.012825
0.261246,-0.018316,0.159735,0.140108
0.281621,-0.015827,0.186831,0.096845
-0.115382,-0.023423,-0.360399,0.049855
-0.167480,-0.011103,-0.313982,0.043215
0.136567,-0.019551,0.161837,0.201104
0.203603,-0.013311,0.188074,0.165677
-0.177793,-0.014047,-0.298166,0.040656
-0.212954,-0.010392,-0.264646,0.038641
-0.182526,-0.086600,-0.063564,0.052221
0.136264,-0.003561,0.345244,0.072252
0.217721,-0.003512,0.317210,0.018159
0.375474,-0.001305,0.145443,0.029753
0.261218,0.075195,0.033067,0.179931
0.169703,0.315378,-0.088005,-0.070068
0.114889,0.303357,-0.003939,-0.125298
0.023829,0.169915,-0.030043,-0.202128
-0.092753,0.021087,-0.075457,-0.195570
-0.208508,-0.038241,-0.045928,-0.136961
-0.032920,0.032845,0.474587,-0.108593
-0.108059,0.027628,0.472826,-0.055492
-0.363971,-0.007161,-0.033433,-0.044674
-0.365451,-0.006204,-0.041805,-0.035861
-0.159059,0.007272,0.442903,0.053676
-0.057913,-0.005125,0.519116,0.077704
-0.286045,-0.059738,-0.002170,-0.030926
-0.291857,-0.015998,-0.107566,-0.033928
-0.248455,-0.040740,-0.018969,-0.123392
0.118709,-0.004751,0.429091,0.006133
0.193819,-0.001886,0.321937,0.034659
0.339515,-0.008833,0.173365,0.046288
0.375408,-0.000413,0.144903,0.029453
-0.020712,-0.074598,-0.136055,-0.217378
0.276828,-0.003421,-0.216016,0.051947
0.127631,-0.061706,-0.421371,-0.082382
0.096941,-0.052545,-0.467147,-0.026510
0.365448,-0.148947,-0.088653,0.074204
0.382078,-0.075740,-0.020551,0.190730
-0.039470,-0.025819,-0.478894,0.094873
-0.150032,0.010603,-0.435501,0.125580
-0.214593,-0.010541,-0.346638,0.122434
0.089965,-0.008276,0.159043,0.308467
0.130165,-0.017619,0.188486,0.249409
-0.221011,-0.027742,-0.324242,0.123646
-0.256946,-0.012567,-0.290861,0.111023
0.013351,-0.013598,0.143921,0.344750
0.060661,0.012512,0.169707,0.266863
-0.245507,0.015015,-0.237755,0.018897
-0.250787,0.010080,-0.192506,-0.016137
-0.289905,-0.004816,-0.075867,-0.078761
0.096189,0.004653,0.462030,-0.053773
0.204670,0.000197,0.392961,-0.048382
0.282012,0.016340,0.118406,0.095393
-0.031920,-0.089248,-0.117285,-0.209902
0.421441,-0.068932,0.048314,0.020685
0.454693,-0.057374,0.050646,0.027365
0.075487,-0.053106,-0.452652,0.017637
0.023218,-0.029378,-0.506968,0.064053
0.366458,-0.024080,-0.060662,0.260785
0.324784,-0.014885,-0.083440,0.316459
-0.061352,-0.009203,-0.494427,0.115632
-0.149734,-0.001802,-0.422289,0.124475
-0.239565,-0.011489,-0.306869,0.108573
-0.235754,-0.112832,-0.099175,0.171098
0.093415,-0.008604,0.352634,0.112874
0.190657,-0.004071,0.315089,0.048521
0.303462,0.000681,0.173646,0.070870
-0.119502,-0.005468,-0.332366,0.007986
-0.166784,-0.003178,-0.244831,-0.034557
-0.205610,-0.014966,-0.097368,-0.131401
0.239478,-0.006780,0.373695,-0.059921
0.310473,-0.008572,0.302778,-0.055437
0.389686,0.015391,0.175117,-0.046430
-0.057006,-0.011170,-0.315743,-0.065430
-0.127577,-0.005157,-0.280136,-0.036480
-0.128065,-0.041869,-0.143848,-0.056424
0.216318,-0.011924,0.290227,0.055319
0.228068,-0.004012,0.258488,0.067101
0.365568,-0.008752,0.129244,0.064302
0.329606,0.002416,0.140450,0.070258
0.167951,0.018024,0.263809,-0.423035
-0.146379,-0.086993,-0.137792,0.080181
-0.231145,-0.051537,-0.078471,0.024468
-0.138458,-0.137731,0.330716,0.002152
-0.104735,-0.044465,0.431795,0.090445
-0.404384,0.025208,-0.041764,0.067986
-0.420324,0.018059,-0.063774,0.114035
-0.118756,0.003780,0.437838,0.223193
-0.055336,-0.008660,0.427676,0.186257
-0.035362,-0.019465,0.208736,0.378482
-0.318739,-0.009951,-0.231510,0.110850
-0.334399,-0.004463,-0.186673,0.076185
-0.356807,-0.042292,-0.054457,0.010903
0.043531,0.003197,0.485055,0.016529
0.161324,0.003953,0.410518,-0.026550
0.342684,0.003647,0.248327,-0.046510
0.132952,-0.001063,0.014235,0.045070
-0.249458,0.061699,-0.434462,0.181062
0.133575,0.014342,-0.377413,-0.102981
0.286493,0.030440,-0.269790,-0.193450
0.290252,0.067646,-0.302789,-0.242887
0.187153,0.021885,-0.389244,-0.263789
0.183877,-0.018089,-0.259574,-0.350418
0.480307,0.009580,0.175645,-0.119185
0.474244,-0.000288,0.165314,-0.091973
0.223360,-0.076315,-0.229038,-0.259666
0.110686,-0.063303,-0.323062,-0.164999
0.402629,-0.006532,0.142681,0.010992
0.362365,-0.004201,0.143690,0.047953
0.404716,-0.015519,-0.005023,0.164439
-0.027416,-0.025209,-0.487567,0.090842
-0.111507,-0.013651,-0.424391,0.100199
-0.224927,-0.012336,-0.296815,0.084728
0.078235,-0.005922,0.161170,0.304661
0.137252,0.004346,0.180746,0.223753
-0.219868,0.011888,-0.275857,0.034487
-0.236102,0.009509,-0.203619,-0.019139
-0.251290,-0.009858,-0.066652,-0.120911
0.166096,0.005531,0.434473,-0.060432
0.254365,0.001220,0.344035,-0.050940
0.221535,-0.145302,0.101752,0.013255
0.059973,-0.053549,0.015498,0.386538
0.102643,-0.179631,-0.248818,-0.004624
0.087825,0.057074,-0.458729,-0.016068
0.174380,0.124883,-0.470205,-0.010519
0.216786,0.183000,-0.435270,-0.002177
0.012729,0.072749,-0.507670,-0.013790
-0.132283,0.067057,-0.380605,-0.003503
-0.221585,0.047421,-0.274874,-0.000267
-0.330540,0.059552,-0.171283,-0.007072
-0.392798,0.060151,-0.050218,-0.042444
-0.040126,0.123257,0.315883,0.024653
-0.057171,0.247118,0.144147,0.026259
-0.288270,0.072464,-0.218114,-0.015161
-0.306869,0.063746,-0.194798,-0.011406
-0.297059,0.111550,-0.025760,-0.057484
0.092873,0.100821,0.321233,0.029589
0.110460,0.189418,0.190545,0.034979
-0.229497,0.093508,-0.273039,-0.028870
-0.236250,0.058214,-0.258027,-0.013279
-0.313057,0.062455,-0.188426,-0.010304
-0.311105,0.104657,-0.020055,-0.056007
0.077542,0.100420,0.333948,0.030451
0.114561,0.165415,0.215273,0.035949
-0.234742,0.095054,-0.265307,-0.030589
-0.242340,0.058636,-0.252547,-0.013091
-0.317412,0.063439,-0.185096,-0.010260
-0.307095,0.107576,-0.017633,-0.055372
0.083833,0.099152,0.332059,0.028951
0.110021,0.180208,0.201936,0.035195
-0.232896,0.096105,-0.266188,-0.031205
-0.239847,0.059533,-0.255698,-0.013328
-0.315502,0.063945,-0.187132,-0.010636
-0.274987,0.128719,0.011075,-0.049073
0.093158,0.093660,0.336353,0.023870
0.148923,0.130319,0.229523,0.033784
-0.212226,0.108614,-0.265541,-0.037325
-0.233094,0.064595,-0.267942,-0.012889
-0.310882,0.067024,-0.192835,-0.012587
-0.193845,0.183519,0.058961,-0.019808
0.116689,0.089681,0.323977,0.018842
0.172370,0.124344,0.218398,0.029768
-0.197549,0.098297,-0.263902,-0.077053
-0.186087,0.049022,-0.232392,-0.079892
-0.238647,0.043381,-0.146711,-0.107372
-0.248264,0.026659,-0.007421,-0.220043
0.122174,0.028062,0.494538,-0.147433
0.245448,0.007201,0.411043,-0.117191
0.394151,0.009416,0.222074,-0.077279
0.331337,0.002017,0.140981,0.068988
-0.015191,-0.088721,-0.131867,-0.212953
0.234783,-0.054991,-0.258137,-0.005399
0.450408,-0.044070,-0.030671,0.116293
0.029910,-0.046069,-0.492740,0.067514
-0.007841,-0.031494,-0.502606,0.092781
0.326993,-0.020910,-0.040482,0.282112
0.300164,-0.016308,-0.038261,0.303765
-0.086469,-0.014600,-0.461037,0.112756
-0.164942,-0.010525,-0.383254,0.109371
-0.243336,-0.011119,-0.264140,0.069245
-0.115979,-0.063914,0.048084,0.076214
-0.149265,-0.050602,-0.169151,-0.070816
-0.309262,0.048992,-0.373686,0.192141
-0.151509,-0.083881,0.085529,0.013562
-0.048027,-0.078335,0.060724,-0.034445
-0.012287,-0.050503,0.069123,-0.091091
0.035456,-0.019597,0.077901,-0.138374
0.084644,0.002704,0.082115,-0.144259
0.227262,0.021112,0.087513,-0.133512
0.178720,-0.052276,-0.213526,-0.195304
0.127192,-0.013430,-0.409931,-0.137612
0.140694,-0.012128,-0.486154,-0.085647
0.131522,-0.019827,-0.502232,-0.058140
0.499725,0.008380,0.036748,-0.021628
0.492619,0.008145,0.040609,-0.010616
0.069515,-0.025844,-0.489925,-0.003096
0.010410,-0.014008,-0.449459,0.003706
0.105717,-0.025996,-0.008827,0.026239
0.226366,0.069061,0.071276,0.182548
0.196107,0.265544,-0.179568,-0.082166
0.130939,0.323916,-0.004297,-0.108139
0.058995,0.211835,-0.017979,-0.190771
-0.062463,0.054293,-0.064821,-0.210492
-0.206019,-0.032961,-0.053844,-0.124240
-0.043859,0.042508,0.459162,-0.067215
-0.119231,0.022908,0.450185,-0.057505
-0.350157,-0.004584,-0.041977,-0.052553
-0.350096,-0.004309,-0.041669,-0.053251
-0.199526,0.007718,0.392543,-0.079334
-0.083092,-0.004449,0.498892,0.037524
-0.327233,-0.037212,-0.029385,-0.033881
-0.298352,-0.046346,-0.046304,-0.032044
0.079032,-0.004319,0.436726,0.038086
0.192437,-0.001518,0.357672,0.000323
0.354083,-0.002226,0.144747,0.051363
0.245935,0.071494,0.051393,0.180564
0.166871,0.271801,-0.140474,-0.113139
0.108688,0.289557,-0.003920,-0.134927
0.035159,0.184341,-0.026426,-0.169807
-0.029626,0.103330,-0.053467,-0.120633
-0.175417,0.042109,-0.034339,-0.039381
-0.053575,0.027365,0.488144,-0.013129
-0.143625,-0.001530,0.455762,-0.037364
-0.368561,-0.005299,-0.032562,-0.042487
-0.345013,-0.004906,-0.031491,-0.067902
-0.250001,-0.016016,0.331053,-0.130414
-0.003924,0.001909,0.557306,-0.007483
0.069903,-0.001412,0.476858,0.002490
-0.148377,-0.049835,-0.168509,-0.071546
0.112177,0.017336,0.278056,-0.412472
-0.344604,-0.018898,0.008235,0.031075
-0.333659,0.040640,0.057395,0.067463
-0.303226,0.093908,0.111139,0.090219
-0.260126,0.144481,0.165805,0.113618
-0.393517,0.012711,-0.066927,0.032833
-0.397105,0.007899,-0.078185,0.033342
-0.084073,0.020182,0.440456,0.146960
0.008402,0.000236,0.442212,0.096021
0.024317,0.042402,0.180839,0.204223
-0.241763,-0.001861,-0.252704,0.046978
-0.268503,-0.004378,-0.224899,0.048430
-0.284027,-0.009934,-0.052449,0.041105
0.068451,-0.013055,0.320017,0.161776
0.066601,-0.021133,0.195960,0.217019
-0.228244,-0.011680,-0.255889,0.046463
-0.260482,-0.010522,-0.218502,0.040156
-0.279833,-0.074909,-0.069385,0.006345
0.103384,-0.003699,0.425180,0.024743
0.194271,-0.001542,0.346604,0.010005
0.364563,-0.000037,0.146558,0.038257
0.150372,0.014946,0.274343,-0.415607
-0.022046,-0.089362,-0.112385,-0.015858
-0.205686,-0.065840,-0.067743,0.042615
-0.079297,-0.077846,0.387699,0.160845
-0.094491,-0.017640,0.432723,0.173365
-0.409303,0.031727,-0.040055,0.108528
-0.437315,-0.002343,-0.070314,0.089136
-0.125119,0.000227,0.465198,0.192314
-0.064450,-0.005181,0.448924,0.168961
-0.085427,-0.007091,0.172925,0.311960
-0.317586,-0.011161,-0.210095,0.089491
-0.317907,-0.008444,-0.180949,0.057950
-0.361655,-0.025983,-0.056418,-0.005159
0.026940,-0.002768,0.509951,0.004031
0.125306,-0.001544,0.432895,-0.007506
0.249970,0.012101,0.094503,0.094557
-0.040388,-0.083350,-0.113694,-0.210796
0.383554,-0.054885,0.078356,0.057846
0.376389,-0.017567,0.067188,0.096829
0.362998,0.042495,-0.113602,0.213513
0.043946,-0.009289,-0.549783,0.065775
0.024718,-0.014313,-0.534367,0.074613
-0.093984,-0.001511,-0.441646,0.087792
-0.165339,-0.024425,-0.354784,0.095199
0.170939,-0.017223,0.187784,0.208691
0.221942,-0.145184,0.101916,0.013276
0.225234,0.071816,0.069262,0.182861
0.344247,0.234374,-0.190173,0.007998
0.229719,0.313821,-0.030859,0.012329
0.217799,0.319618,-0.024426,0.012146
0.217650,0.319767,-0.024444,0.012155
0.219338,0.328403,-0.021892,-0.007561
0.221341,0.337834,-0.013147,-0.054272
0.216068,0.321481,-0.000727,-0.110450
0.190661,0.269524,0.002378,-0.143077
0.120961,0.168988,-0.019808,-0.176189
0.028464,0.053269,-0.051290,-0.197931
-0.143729,-0.031130,-0.043977,-0.165181
-0.090844,-0.001644,0.363206,-0.190310
-0.059679,0.034947,0.481923,-0.052420
-0.357883,-0.005885,-0.050150,-0.035167
-0.358359,-0.004505,-0.053948,-0.032460
-0.239794,-0.001241,0.336175,-0.063074
-0.040214,0.000176,0.566940,0.007896
-0.004748,-0.006064,0.493992,0.063081
-0.059107,-0.049820,0.107970,0.161835
-0.254555,-0.011433,-0.222226,0.038863
-0.269004,-0.007895,-0.185159,0.012707
-0.304741,-0.032960,-0.049819,-0.059294
0.082397,-0.003138,0.443279,0.026222
0.177994,-0.001165,0.352883,0.019640
0.350153,0.001118,0.146122,0.051323
-0.039205,-0.081386,-0.115764,-0.211907
0.402620,-0.066234,0.073013,0.020389
0.422137,-0.042949,0.066189,0.046930
0.230929,0.002321,-0.270240,0.157756
0.034911,-0.011035,-0.544443,0.071218
-0.001572,-0.009850,-0.525394,0.087471
-0.134603,0.004951,-0.424881,0.105183
-0.196365,-0.007279,-0.344427,0.098721
0.088232,-0.008110,0.143298,0.313847
0.123566,-0.015162,0.166225,0.274322
-0.216664,-0.017895,-0.304703,0.089912
-0.250308,-0.008227,-0.282117,0.091301
-0.253882,-0.090475,-0.096955,0.095566
0.100873,0.004857,0.378346,0.066199
0.206428,0.004496,0.330279,0.008418
0.353902,0.005842,0.199134,-0.009795
-0.070148,-0.010440,-0.339633,-0.029129
-0.129147,-0.003010,-0.290374,-0.026819
0.107504,0.009896,0.102807,-0.028370
0.115616,0.006439,0.004347,0.038127
0.156238,0.014097,0.272482,-0.417114
-0.058089,-0.092091,-0.123496,0.049959
-0.235779,-0.032192,-0.084459,0.109423
-0.067591,-0.026840,0.405785,0.187314
-0.096798,0.002101,0.454399,0.165402
-0.442992,-0.006684,-0.058234,0.102819
-0.451388,-0.019803,-0.066526,0.093543
-0.132871,-0.001225,0.476704,0.170834
-0.070878,-0.008389,0.503221,0.105622
-0.316294,-0.033812,-0.033782,-0.032659
-0.276466,-0.045606,-0.037964,-0.028251
0.116215,-0.012106,0.370223,0.071216
0.278288,0.016888,0.116008,0.096354
0.132549,0.020751,0.263669,-0.422437
0.069365,0.003463,-0.079173,0.259672
-0.183640,-0.051309,-0.148475,0.229731
-0.327834,-0.071209,-0.137477,0.152322
-0.084079,-0.001020,0.457672,0.166396
-0.116367,0.006597,0.494389,0.147889
-0.442373,-0.013359,-0.059873,0.066661
-0.420876,-0.004927,-0.065366,0.041959
-0.182282,-0.006997,0.431688,0.142978
-0.071147,0.012371,0.518693,0.080823
-0.334876,-0.013447,-0.038826,-0.057143
-0.299262,-0.000114,-0.102363,-0.047612
-0.267604,-0.012431,-0.033504,-0.135784
0.107539,0.001201,0.498410,-0.069828
0.215772,-0.002428,0.392198,-0.057745
0.366071,-0.002708,0.145722,0.039875
-0.268218,0.055935,-0.419525,0.190731
0.253743,-0.091359,0.027366,-0.145277
0.332217,-0.002893,0.159537,-0.147551
0.421604,0.013612,0.097767,-0.139871
0.192086,-0.010104,-0.400977,-0.197664
0.151093,-0.015327,-0.499785,-0.083645
0.485839,0.017781,0.007587,-0.038836
0.487284,0.024191,0.020086,-0.035776
0.090717,-0.014708,-0.468824,-0.056535
0.017042,-0.012057,-0.424900,-0.029435
-0.105795,-0.019188,-0.318765,-0.005602
0.297869,-0.008331,0.208598,0.050482
0.323269,-0.009326,0.214289,0.021656
-0.077257,-0.027972,-0.340946,-0.003174
-0.140406,-0.014707,-0.293135,-0.001103
0.238219,-0.009986,0.206831,0.104715
0.268013,0.008375,0.105087,0.095773
-0.283393,0.046950,-0.392930,0.188399
0.079796,-0.183063,-0.027236,0.070679
0.031009,-0.182375,0.046495,0.068397
0.032040,-0.192559,0.043635,0.035744
0.060591,-0.183886,0.053982,-0.014144
0.120035,-0.149344,0.075557,-0.058501
0.201009,-0.099371,0.105800,-0.103668
0.303377,-0.085347,0.003317,-0.132029
0.184517,0.057858,-0.420409,-0.145633
0.169857,0.035265,-0.513049,-0.116055
0.117514,0.010872,-0.486115,-0.091417
0.017832,0.018482,-0.340105,-0.143857
0.375711,0.020380,0.174399,-0.022847
0.382780,0.013626,0.161551,-0.008724
-0.016038,-0.010682,-0.355830,-0.066453
-0.071359,-0.002407,-0.310169,-0.065415
0.297839,0.013468,0.128157,0.088932
0.178977,0.044575,0.130668,0.194477
-0.087935,0.119929,-0.179351,-0.141207
0.023114,0.034319,-0.226173,-0.242869
-0.182356,-0.021643,-0.038062,-0.191409
-0.158486,-0.020693,0.270428,-0.362226
0.008172,0.019426,0.588164,-0.076779
0.015957,0.001736,0.590726,-0.069015
-0.028449,-0.029945,0.455366,-0.159332
-0.161017,-0.002449,0.035850,-0.217996
-0.217904,-0.007804,-0.143924,-0.079034
0.102009,0.010803,0.212639,0.129867
0.175865,-0.015393,0.235384,0.153539
-0.195190,-0.042733,-0.312395,0.101000
-0.232142,-0.025993,-0.281872,0.090657
0.135420,-0.015093,0.215976,0.213742
0.221758,-0.145237,0.101842,0.013266
0.062019,-0.050031,0.016234,0.386344
0.120961,-0.154049,-0.242842,-0.074304
0.130370,0.040082,-0.450281,-0.104664
0.188827,0.052070,-0.488940,-0.137807
0.158417,0.024585,-0.475380,-0.153712
0.334342,0.130752,-0.087779,-0.194811
0.229244,0.042029,-0.140271,-0.266364
0.079480,-0.027516,-0.265574,-0.235534
0.405649,-0.002679,0.201860,-0.055305
0.409093,-0.004183,0.172582,-0.027587
0.299271,-0.023524,-0.090778,-0.096659
0.006366,-0.007635,-0.409364,-0.038718
-0.101780,-0.007808,-0.306390,-0.033373
-0.199844,-0.010089,-0.239780,0.000363
0.137110,-0.016033,0.245264,0.171466
-0.067312,-0.058267,-0.125442,-0.063859
-0.068572,-0.065719,-0.101377,-0.211776
-0.198221,-0.107026,0.080376,0.123549
0.002285,-0.056993,0.029486,0.164379
0.225764,0.023655,0.037688,0.166922
0.345756,0.065785,-0.063728,0.177746
0.071266,-0.000895,-0.508122,0.068753
0.093791,-0.020144,-0.557963,0.034977
0.101183,-0.028508,-0.551740,0.029715
-0.003229,-0.019597,-0.461447,0.034922
0.248800,0.019692,0.096318,0.096651
-0.284924,0.048183,-0.394885,0.190920
0.104863,-0.145598,0.038990,-0.007119
0.076145,-0.105890,0.104185,-0.056866
0.121741,-0.073716,0.115074,-0.108889
0.283367,-0.037825,0.112398,-0.135097
0.245641,-0.029942,-0.236809,-0.200195
0.168693,0.005059,-0.480411,-0.133112
0.175958,-0.003791,-0.455303,-0.162118
0.498262,0.026517,0.046616,-0.089711
0.496965,0.017342,0.061638,-0.051636
0.074745,-0.019142,-0.465491,-0.039462
0.018611,-0.007297,-0.425457,-0.035207
-0.054018,-0.033447,-0.305249,-0.056637
0.315095,-0.010464,0.217373,0.028046
0.305073,-0.009708,0.183282,0.071777
0.348352,0.001296,0.145890,0.052957
-0.027088,-0.063998,-0.137577,-0.220036
0.372661,0.043380,-0.090786,0.189107
0.358882,0.030217,-0.151173,0.237231
0.049737,-0.014033,-0.548913,0.063859
-0.001013,-0.010058,-0.514735,0.076457
-0.136639,0.001302,-0.410708,0.096695
-0.218232,-0.014955,-0.306112,0.089949
0.088876,-0.016434,0.175169,0.302452
0.140128,-0.016378,0.202231,0.224577
-0.219962,-0.019134,-0.323941,0.113688
-0.240593,0.003633,-0.275506,0.063116
-0.052436,-0.016801,0.070535,0.086831
0.116063,0.008504,0.210306,0.024626
-0.196881,0.001846,-0.191621,-0.062695
-0.211668,-0.000656,-0.177349,-0.059678
-0.209612,-0.031852,-0.029421,-0.174666
0.172261,-0.001441,0.422243,-0.044464
0.243578,0.001595,0.341396,-0.039233
0.399891,-0.005400,0.195149,-0.040013
0.075413,-0.055483,-0.282020,-0.185562
0.001870,-0.047298,-0.327254,-0.076621
0.346947,-0.008397,0.172161,0.039564
0.326578,-0.008579,0.165698,0.066662
0.383425,-0.002519,0.142961,0.025506
0.264871,0.090641,0.007985,0.185885
0.138786,0.349336,-0.036019,0.036702
0.154926,0.371011,-0.027213,0.000487
0.158303,0.372098,-0.019189,-0.047652
0.146057,0.346318,-0.009237,-0.105159
0.117891,0.298057,-0.003040,-0.132740
0.052371,0.202279,-0.021132,-0.160011
-0.054245,0.065310,-0.063821,-0.176576
-0.203786,-0.027085,-0.055375,-0.111281
-0.051028,0.033937,0.466543,-0.045835
-0.124987,0.011717,0.467383,-0.040106
-0.366056,-0.007770,-0.033129,-0.042216
-0.359318,-0.007482,-0.030555,-0.051954
-0.204339,0.005545,0.384132,-0.148764
0.010903,0.002429,0.572618,-0.042441
0.082809,-0.002152,0.478446,-0.010688
0.225144,-0.013578,0.264399,0.071230
-0.167766,-0.026503,-0.268596,0.013514
-0.190938,-0.013181,-0.260927,0.015696
-0.139818,-0.057317,-0.167011,-0.072315
0.075992,0.016936,0.273710,-0.415316
-0.020990,-0.071599,0.503872,0.057588
-0.048392,-0.035845,0.463671,0.129735
-0.093205,0.079019,0.231247,0.258558
-0.348347,0.008946,-0.197798,0.088022
-0.346311,0.005958,-0.190803,0.081824
-0.142517,0.075857,0.181595,0.264880
-0.045899,0.013547,0.239529,0.298896
-0.321432,-0.008674,-0.207748,0.088504
-0.336318,-0.010148,-0.178421,0.075536
-0.308669,-0.067952,0.016665,0.051653
0.056917,-0.012963,0.415764,0.069837
0.104975,-0.012656,0.260464,0.054092
-0.218933,-0.011791,-0.197364,-0.021262
-0.236367,-0.010107,-0.180575,-0.022301
0.061124,-0.018619,0.230786,0.039211
0.363211,-0.002067,0.146263,0.041563
0.279902,0.083183,0.004503,0.181832
0.147945,0.367149,-0.022090,-0.001566
0.146273,0.360109,-0.014026,-0.050722
0.125615,0.320201,-0.004861,-0.115315
0.073026,0.237279,-0.012522,-0.159217
-0.024510,0.109527,-0.049330,-0.177570
-0.194269,-0.010932,-0.047955,-0.123788
-0.032655,0.036786,0.499930,-0.050141
-0.132573,0.006976,0.463551,-0.038761
-0.369350,-0.007906,-0.033012,-0.038885
-0.368672,-0.007780,-0.034165,-0.038677
-0.166487,-0.000098,0.443209,-0.030893
-0.043230,0.003306,0.529013,-0.002907
-0.276952,-0.033989,-0.009387,-0.122944
-0.237242,-0.043562,-0.016397,-0.136845
0.130066,-0.003564,0.434051,-0.011641
0.206482,-0.000562,0.341754,0.000511
0.347615,-0.008570,0.171585,0.039722
0.221952,-0.145182,0.101920,0.013277
0.062451,-0.049459,0.016558,0.386119
0.121426,-0.152429,-0.243637,-0.076840
0.130402,0.040353,-0.450970,-0.103163
0.192768,0.060639,-0.486667,-0.124053
0.138654,0.010924,-0.515573,-0.082040
0.069318,0.004228,-0.430807,-0.092088
-0.041365,0.000814,-0.265506,-0.143290
0.366169,0.011178,0.230451,-0.059965
0.367799,-0.004222,0.209464,-0.023104
0.013560,-0.048536,-0.287208,-0.120828
0.301182,0.012578,0.130013,0.087320
0.223626,0.065683,0.077124,0.182870
0.175539,0.232645,-0.204704,-0.123988
0.113206,0.293130,-0.003284,-0.129833
0.047594,0.198143,-0.022523,-0.158073
-0.058044,0.062604,-0.065030,-0.173230
-0.210410,-0.032638,-0.055840,-0.114023
-0.037666,0.037190,0.484502,-0.052779
-0.124807,0.011628,0.469252,-0.036936
-0.368247,-0.008177,-0.033174,-0.039573
-0.366600,-0.006622,-0.038926,-0.037160
-0.203585,0.001842,0.388165,-0.039421
-0.060878,-0.002262,0.521404,0.053587
-0.325398,-0.054940,-0.040682,-0.014010
-0.293428,-0.049016,-0.049371,-0.050525
0.107384,-0.002067,0.439001,0.004658
0.195003,-0.000110,0.353916,0.000053
0.377081,-0.001221,0.144861,0.028643
0.239833,0.070722,0.057698,0.181114
0.176957,0.267886,-0.155462,-0.104824
0.113748,0.294788,-0.003816,-0.137846
0.029041,0.172125,-0.029103,-0.195649
-0.078376,0.036484,-0.072609,-0.183098
-0.212653,-0.032674,-0.059385,-0.094229
-0.032956,0.033204,0.503304,-0.039594
-0.116777,0.019371,0.466859,-0.055039
-0.356382,-0.007103,-0.031681,-0.054056
-0.354599,-0.005821,-0.035165,-0.053737
-0.208732,0.006550,0.375480,-0.068755
-0.070409,-0.005621,0.507121,0.048706
-0.314821,-0.047218,-0.026038,-0.031966
-0.285298,-0.057080,-0.043796,-0.032930
0.084950,-0.004274,0.426406,0.042819
0.186110,-0.000007,0.358286,0.004119
0.377992,-0.002465,0.145291,0.028554
-0.040634,-0.082669,-0.113875,-0.211049
0.382400,-0.051652,0.077647,0.061450
0.393681,-0.023966,0.069185,0.075640
0.323319,0.033984,-0.170531,0.153216
0.058977,-0.010680,-0.535509,0.037864
0.020243,-0.012687,-0.523505,0.066602
-0.107160,0.003741,-0.454851,0.108921
-0.196469,-0.043828,-0.349205,0.140464
0.154559,-0.021205,0.178266,0.238921
0.217085,-0.016120,0.173840,0.175794
-0.181319,-0.048686,-0.336557,0.117459
-0.203685,-0.002981,-0.331339,0.088654
0.133491,0.008637,0.166261,0.238865
0.182269,0.021016,0.193805,0.152455
-0.197522,0.023948,-0.301129,0.025354
-0.215230,0.020811,-0.226692,-0.028239
-0.202645,-0.004029,-0.047027,-0.181515
0.190819,0.016780,0.340067,-0.133794
0.021232,-0.024420,0.037871,-0.351378
-0.099696,-0.011761,-0.130292,-0.207601
0.007475,-0.051587,-0.006763,-0.366026
0.351466,-0.002628,0.306741,-0.120630
0.371269,-0.020394,0.205217,-0.131166
-0.029277,-0.025010,-0.299361,-0.095702
-0.092101,-0.013681,-0.308815,-0.034751
0.271088,-0.021051,0.176467,0.090478
0.274234,-0.016069,0.185936,0.104927
-0.120638,-0.043721,-0.359999,0.075156
-0.161653,-0.021626,-0.351674,0.085604
0.182857,-0.015699,0.187232,0.194726
0.257603,-0.013223,0.204542,0.100704
-0.151140,-0.017288,-0.290930,0.010008
-0.182066,-0.009734,-0.264707,0.007158
-0.023991,-0.048210,0.051511,0.045628
0.184977,-0.012637,0.239599,0.106515
-0.179560,-0.010774,-0.268213,0.009197
-0.217815,-0.010868,-0.250142,0.029474
0.017738,-0.031553,0.142208,0.209871
0.122680,-0.008532,0.213684,0.140683
-0.206442,-0.007419,-0.215902,-0.019588
-0.230112,-0.006980,-0.190662,-0.021597
-0.260164,-0.040180,-0.060470,-0.084485
0.135967,-0.005975,0.410891,0.008884
0.209529,-0.002100,0.338795,0.002878
0.388292,-0.002793,0.139937,0.023944
-0.038415,-0.083780,-0.115059,-0.211009
0.402326,-0.077776,0.073475,0.009143
0.422115,-0.049878,0.066972,0.047417
0.225113,-0.008313,-0.275631,0.151429
0.041590,-0.013136,-0.538258,0.060455
0.002496,-0.010308,-0.516441,0.074911
-0.125892,0.006755,-0.420964,0.090751
-0.191459,-0.001677,-0.336467,0.080256
0.097922,0.007183,0.146265,0.275504
0.146127,-0.012384,0.188934,0.224450
-0.202974,-0.016533,-0.305327,0.075485
-0.231805,-0.010602,-0.279771,0.072828
-0.102227,-0.063233,0.033314,0.164641
-0.002346,-0.037803,0.113300,0.108183
-0.225025,-0.009990,-0.222422,0.008087
-0.252451,-0.008299,-0.195806,0.007206
-0.281451,-0.059714,-0.056298,-0.035188
0.094640,-0.004387,0.416853,0.042919
0.181603,-0.001474,0.338771,0.030606
0.353731,-0.005562,0.201376,0.000339
0.298755,0.011760,0.127800,0.088853
-0.250933,0.061202,-0.431009,0.180561
0.127668,0.019007,-0.386355,-0.118488
0.268608,0.046283,-0.305340,-0.227732
0.269366,0.068846,-0.338143,-0.231628
0.159710,0.015596,-0.427640,-0.195755
0.133770,-0.013484,-0.308519,-0.259629
0.468855,0.017225,0.166084,-0.107040
0.459250,-0.000236,0.157375,-0.067796
0.135173,-0.063633,-0.305057,-0.206141
0.043686,-0.054865,-0.360517,-0.077468
0.378893,-0.007930,0.141934,0.037320
0.347659,-0.007679,0.139375,0.071030
0.318644,-0.010419,-0.060091,0.294796
-0.048590,-0.016547,-0.456083,0.071870
-0.122487,-0.018732,-0.345912,0.037781
-0.248731,-0.005330,-0.205924,0.010635
-0.300372,-0.035778,-0.088724,-0.023123
0.122715,-0.000942,0.412446,0.014359
0.230074,-0.001959,0.356532,-0.035434
0.345661,0.000508,0.145072,0.056511
0.155330,0.010487,0.275499,-0.414868
-0.065069,-0.096875,-0.124186,0.061221
-0.244985,-0.028622,-0.086175,0.114935
-0.075635,-0.032006,0.396684,0.188939
-0.096120,-0.000942,0.453804,0.161428
-0.436001,0.000096,-0.056746,0.091085
-0.446434,-0.014418,-0.067198,0.084671
-0.131878,-0.004663,0.472965,0.197652
-0.055175,-0.006884,0.492956,0.116143
-0.238433,-0.038427,0.044521,0.035892
-0.313434,-0.020763,-0.126993,0.011844
-0.155863,-0.068114,0.058707,0.051083
-0.162612,-0.046395,-0.172074,-0.065179
0.078020,0.017654,0.273118,-0.415777
-0.040277,-0.074385,0.492920,0.065247
-0.074175,-0.036191,0.446564,0.139904
-0.171060,0.151816,0.157757,0.233937
-0.341204,0.010691,-0.203004,0.084340
-0.344871,0.001901,-0.192902,0.086601
-0.368293,0.014489,-0.005163,0.112241
-0.074342,0.003148,0.355123,0.255036
-0.051009,-0.001996,0.212994,0.307774
-0.314549,-0.009934,-0.210171,0.085304
-0.315559,-0.009803,-0.175168,0.051180
-0.342255,-0.033692,-0.040704,-0.030361
0.049686,-0.002656,0.491522,0.008008
0.160590,0.000557,0.378277,0.009411
0.221952,-0.145182,0.101920,0.013277
0.178033,-0.024961,0.364934,0.022464
0.302358,0.044105,0.018006,0.015283
0.043299,-0.134738,-0.095891,0.041856
-0.118995,-0.072651,-0.071436,0.122960
-0.049449,-0.044997,0.354050,0.197993
-0.082871,-0.007784,0.436416,0.162864
-0.437930,-0.001449,-0.091193,0.085142
-0.438289,-0.004207,-0.086794,0.080818
-0.150139,0.006165,0.455477,0.183417
-0.101076,-0.001664,0.512149,0.123343
-0.378842,-0.023213,-0.037102,-0.007782
-0.356103,-0.024564,-0.045698,-0.020664
0.022282,-0.005705,0.482699,0.049202
0.123507,-0.003231,0.382296,0.046825
0.291498,0.008334,0.120740,0.092305
0.230056,0.073622,0.063113,0.182449
0.208746,0.298653,-0.144458,-0.038803
0.144602,0.352400,-0.010696,-0.061280
0.129267,0.325517,-0.005057,-0.072544
0.105851,0.285629,-0.004737,-0.081116
0.063448,0.222165,-0.017275,-0.094752
-0.012696,0.123326,-0.046593,-0.117707
-0.183994,0.009884,-0.042649,-0.093917
-0.051025,0.042625,0.458197,-0.068164
-0.131575,0.007496,0.463045,-0.041241
-0.382053,-0.007785,-0.037168,-0.022007
-0.380744,-0.007030,-0.040318,-0.021166
-0.140663,-0.004685,0.481201,0.016095
-0.040289,0.004766,0.532747,0.021565
-0.281580,-0.043502,-0.012564,-0.100130
-0.271390,-0.013820,-0.099003,-0.065137
-0.230942,-0.029903,-0.017846,-0.168673
0.143248,-0.002866,0.431240,-0.022841
0.209080,0.000362,0.339722,-0.001365
0.375356,-0.007070,0.180600,0.001290
0.363381,0.008034,0.021621,0.053199
-0.027091,-0.007463,-0.406734,-0.008062
-0.129756,-0.008496,-0.300218,-0.010880
-0.226483,-0.011378,-0.224442,0.012953
0.096639,-0.016300,0.239234,0.179367
-0.155557,-0.048497,-0.170820,-0.068484
-0.298417,0.047147,-0.381585,0.192379
-0.257806,-0.080170,0.131266,-0.005612
-0.072128,-0.068438,0.071471,-0.053817
0.004172,-0.038434,0.073798,-0.106467
0.050055,-0.011986,0.079703,-0.141409
0.098975,0.008466,0.083268,-0.138793
0.232614,0.025273,0.085855,-0.109506
0.205087,-0.079047,-0.187130,-0.089606
0.125807,-0.023302,-0.416755,-0.072522
0.144059,-0.007348,-0.488829,-0.071521
0.184246,0.013036,-0.440542,-0.091725
0.493318,0.008026,0.045792,-0.012438
0.497211,0.010031,0.058439,-0.036807
0.107839,-0.014792,-0.469224,-0.073171
0.051163,-0.007143,-0.432960,-0.060410
-0.013362,-0.034853,-0.308843,-0.092289
0.359003,-0.006752,0.219075,-0.021786
0.376134,-0.006661,0.201524,-0.021212
0.142141,-0.041911,-0.192695,-0.117751
-0.000099,-0.065571,-0.310940,-0.050155
0.323920,-0.008439,0.171508,0.063413
0.332262,-0.008414,0.166330,0.060160
0.385190,-0.002799,0.142033,0.024954
-0.022456,-0.070495,-0.137284,-0.218505
0.348550,0.041754,-0.122115,0.215497
0.327378,0.028736,-0.181174,0.324593
0.029072,-0.017719,-0.554075,0.093372
-0.027983,-0.012889,-0.523541,0.115062
-0.162309,-0.007707,-0.415034,0.135699
-0.266994,-0.018733,-0.287541,0.123918
0.011197,-0.022587,0.166198,0.350267
0.086941,-0.008239,0.207877,0.251049
-0.238466,0.002990,-0.240049,0.026175
-0.248203,0.003429,-0.186135,-0.018440
-0.255535,-0.019288,-0.043532,-0.130087
0.145034,0.000611,0.475616,-0.079841
0.250061,-0.002281,0.369357,-0.069576
0.396463,0.007547,0.215202,-0.070818
0.003018,-0.026765,-0.286000,-0.139604
-0.059143,-0.020161,-0.288040,-0.082006
0.337866,-0.006866,0.213603,0.000679
0.331702,-0.009325,0.200660,0.026766
-0.035026,-0.073592,-0.323962,0.004539
-0.094912,-0.047505,-0.350908,0.043986
0.328425,0.001128,0.138650,0.072470
0.100002,0.020426,0.269629,-0.418181
-0.349747,0.018628,-0.143393,0.121775
-0.438288,0.004496,-0.098323,0.127862
-0.108031,0.005280,0.471518,0.171336
-0.106355,-0.001259,0.495826,0.160216
-0.361449,-0.047129,0.046867,0.147756
-0.394837,-0.011708,-0.098654,0.055851
-0.380371,-0.048917,-0.020603,0.010955
0.007430,-0.003775,0.488033,0.057583
0.129773,0.002052,0.398506,0.018535
0.320956,0.006614,0.138880,0.075147
-0.042768,-0.089550,-0.108374,-0.207444
0.354537,-0.089586,0.103323,0.042291
0.349061,-0.044947,0.101599,0.091019
0.391025,0.029426,-0.047837,0.159687
0.034841,-0.000975,-0.552552,0.069348
0.038784,-0.016247,-0.545009,0.073122
-0.031017,-0.027860,-0.477896,0.087426
0.259700,-0.015368,-0.035358,0.328227
0.226046,-0.016554,-0.020343,0.335543
-0.140219,-0.010414,-0.406061,0.107344
-0.202877,-0.011865,-0.313432,0.078824
-0.288620,-0.008484,-0.178840,0.026594
-0.285541,-0.076713,-0.008857,-0.019577
0.099264,-0.010770,0.379478,0.074180
0.184567,-0.004955,0.276145,0.063708
-0.190220,-0.008871,-0.191753,-0.058506
-0.203745,-0.006242,-0.179262,-0.060102
-0.127843,-0.045532,0.033358,-0.201134
0.231270,-0.012634,0.355494,-0.025001
0.319602,0.002000,0.134575,0.078681
-0.281239,0.049585,-0.399799,0.190612
0.146044,-0.131193,0.030793,-0.013852
0.126197,-0.097636,0.102956,-0.063145
0.276686,-0.058564,0.080731,-0.118706
0.199801,0.003415,-0.324713,-0.197808
0.172153,0.014712,-0.500844,-0.122982
0.156649,-0.005718,-0.489676,-0.109985
0.389866,0.077766,-0.064270,-0.179066
0.304224,0.012151,-0.108805,-0.247418
0.059262,-0.008883,-0.394499,-0.105231
-0.059033,-0.008599,-0.304556,-0.077162
-0.160665,-0.011644,-0.231280,-0.045761
0.215661,-0.014382,0.259442,0.068521
0.258949,-0.012556,0.229191,0.074400
-0.142936,-0.057948,-0.325652,0.077312
-0.168535,-0.044529,-0.172430,-0.062220
0.130989,0.060700,0.144269,0.209842
-0.388029,0.098751,-0.028254,0.013084
-0.365330,0.080449,-0.094387,-0.017227
-0.353713,0.071014,-0.089446,-0.047360
-0.333739,0.061713,-0.077284,-0.077124
-0.309057,0.045571,-0.070530,-0.104478
-0.321628,0.019883,-0.022319,-0.122047
-0.220489,0.003913,0.360044,-0.214732
-0.017379,0.015851,0.591930,-0.065034
0.039791,0.006780,0.537728,-0.058512
-0.116600,-0.041915,0.060150,-0.248659
-0.186789,-0.016561,-0.098121,-0.147874
0.071147,-0.028251,0.161838,-0.169586
0.289928,-0.012798,0.321194,-0.049761
0.343090,-0.008057,0.223460,-0.008773
0.256710,-0.008287,-0.018919,0.139986
-0.104986,-0.008298,-0.402585,0.066519
-0.175746,-0.011530,-0.324965,0.062891
-0.277629,-0.011800,-0.211123,0.051201
-0.059963,-0.047223,0.139024,0.112954
0.111564,-0.013000,0.261414,0.053957
-0.216304,-0.010747,-0.193673,-0.028626
-0.229854,-0.008256,-0.184799,-0.026442
-0.076690,-0.044830,0.100733,-0.052548
0.221923,-0.145190,0.101908,0.013275
0.054452,-0.058088,0.013870,0.388355
0.091920,-0.201819,-0.223482,0.060347
0.073953,0.015332,-0.422582,0.089942
0.137174,0.155460,-0.442585,0.104782
0.202299,0.216270,-0.426187,0.014368
0.059366,0.137413,-0.488415,-0.082355
-0.100810,0.093951,-0.357704,-0.084428
-0.172235,0.053057,-0.240514,-0.089422
-0.176428,0.035565,-0.208081,-0.100188
-0.250786,0.024651,-0.110805,-0.112399
-0.311306,0.003760,-0.008276,-0.133500
-0.236813,-0.010625,0.289863,-0.321320
0.063395,0.015275,0.574657,-0.113663
0.200132,-0.001846,0.478351,-0.133085
0.343385,0.005546,0.278342,-0.091904
-0.043542,-0.023919,-0.237430,-0.144458
-0.098791,-0.017644,-0.242286,-0.090629
0.297876,-0.016618,0.246758,0.004379
0.305247,-0.009559,0.221902,0.031477
0.102911,-0.030843,-0.139632,0.152307
-0.137445,-0.002645,-0.394425,0.085165
-0.203606,-0.002551,-0.321705,0.078512
-0.287814,-0.009554,-0.202555,0.050574
-0.244949,-0.043622,0.019686,-0.018889
0.123744,-0.011056,0.396916,0.029450
0.199351,-0.010524,0.293303,0.054450
-0.178004,-0.017592,-0.240601,-0.013153
-0.202755,-0.011249,-0.219411,-0.015935
0.157124,-0.012366,0.265049,0.064535
0.244322,-0.012196,0.281800,0.033772
-0.149860,-0.030272,-0.247325,-0.021892
-0.184603,-0.018802,-0.265715,0.019770
-0.085650,-0.065207,-0.138337,-0.070558
0.131543,0.038387,0.145420,0.225688
-0.114664,0.051402,0.500401,-0.016622
-0.409078,0.046090,-0.009219,-0.074891
-0.353790,0.049219,-0.054707,-0.090061
-0.358472,0.024999,-0.001583,-0.114209
-0.072851,0.064267,0.477158,-0.156489
0.081081,0.018145,0.536560,-0.096821
0.095797,-0.008380,0.214786,-0.242103
-0.149001,-0.011314,-0.147995,-0.141040
-0.166275,-0.007415,-0.160355,-0.115305
0.087619,-0.023864,0.199800,-0.184199
0.293320,-0.009287,0.289426,-0.027873
-0.098794,-0.043135,-0.253797,-0.053574
-0.154730,-0.039458,-0.290330,0.035173
0.233055,-0.013776,0.230619,0.100404
0.340321,0.000642,0.143594,0.061714
-0.288307,0.045683,-0.387808,0.189739
0.059323,-0.180243,0.012029,0.034486
0.023775,-0.156599,0.081390,-0.012302
0.052557,-0.137584,0.089690,-0.061991
0.105023,-0.099482,0.104544,-0.113988
0.178555,-0.052600,0.124247,-0.161677
0.335089,-0.015310,0.126212,-0.156997
0.224358,-0.016675,-0.279312,-0.271255
0.156937,-0.009799,-0.504310,-0.091397
0.137747,-0.017509,-0.493398,-0.075749
0.491514,0.025516,0.031519,-0.049791
0.487428,0.027200,0.050007,-0.052471
0.065378,-0.009014,-0.438163,-0.067551
-0.011449,-0.009165,-0.387243,-0.041493
-0.100881,-0.032912,-0.295420,-0.020138
0.276033,-0.011692,0.225624,0.060117
0.359775,-0.002525,0.145332,0.045943
0.141563,0.019952,0.265636,-0.421418
-0.004744,-0.024640,-0.107861,0.199612
-0.178016,-0.051402,-0.154287,0.206102
-0.321571,-0.062407,-0.137078,0.144728
-0.075586,0.004174,0.454520,0.150504
-0.109390,0.011991,0.491231,0.113689
-0.412240,-0.007499,-0.060941,0.031504
-0.397492,-0.007133,-0.061819,0.017153
-0.167492,0.008161,0.434679,0.096746
-0.079317,-0.005701,0.508258,0.094248
-0.333267,-0.050257,-0.032583,-0.016843
-0.294776,-0.070904,-0.035149,-0.014497
0.076501,-0.001883,0.435061,0.040239
0.188869,0.000533,0.356866,0.002545
0.376944,-0.000113,0.144144,0.028365
0.147621,0.015196,0.275300,-0.414828
-0.010039,-0.069025,-0.112903,0.046862
-0.236938,-0.034806,-0.081822,0.096982
-0.083234,-0.053253,0.393093,0.152232
-0.097998,-0.014631,0.447890,0.137996
-0.422001,0.007647,-0.056270,0.054135
-0.427343,-0.000340,-0.068779,0.054136
-0.123721,0.003503,0.463704,0.152136
-0.044190,0.000395,0.476647,0.115079
-0.071027,0.033165,0.183069,0.242929
-0.302735,-0.008587,-0.201571,0.063543
-0.313291,-0.010919,-0.187816,0.062676
-0.335200,-0.062550,-0.028803,0.068063
0.026746,-0.015720,0.360543,0.162744
-0.050325,-0.043941,0.122714,0.050903
-0.227099,-0.006386,-0.178698,-0.037167
-0.236644,-0.005206,-0.163913,-0.043588
-0.265944,-0.023271,-0.032082,-0.126264
0.101712,-0.004360,0.437005,0.015093
0.180076,-0.003713,0.342815,0.029975
0.383291,-0.002908,0.143134,0.025863
-0.043033,-0.073496,-0.117157,-0.214534
0.365410,-0.013716,0.062208,0.104091
0.364681,0.007164,0.052820,0.116195
0.323583,0.053785,-0.167222,0.257524
0.051380,-0.015106,-0.555998,0.070374
0.025726,-0.019667,-0.538228,0.082820
-0.109127,-0.009053,-0.433460,0.102291
-0.185671,-0.021028,-0.319575,0.076924
-0.151289,-0.052541,-0.170430,-0.068809
-0.080636,-0.078351,-0.087342,-0.200375
-0.122826,-0.148403,0.041228,0.110915
0.017190,-0.083310,0.017400,0.144500
0.212540,0.008511,0.048443,0.146030
0.342317,0.072697,-0.040758,0.159995
0.075270,0.010738,-0.486507,0.085171
0.078784,-0.016686,-0.554123,0.042679
0.094410,-0.025457,-0.550197,0.031895
-0.009444,-0.018260,-0.460434,0.038788
0.274471,0.008759,0.109576,0.095673
0.209529,0.072699,0.081420,0.185217
0.231180,0.289700,-0.166140,-0.014288
0.150843,0.363518,-0.015796,-0.042283
0.134448,0.329779,-0.005494,-0.109156
0.081709,0.243891,-0.010298,-0.170477
-0.025523,0.102379,-0.050277,-0.199958
-0.195596,-0.023838,-0.048262,-0.146931
-0.074228,0.038288,0.394277,-0.177480
-0.097794,0.032301,0.450033,-0.080367
-0.347745,-0.004890,-0.038404,-0.058226
-0.344927,-0.004023,-0.041672,-0.058708
-0.244385,-0.007327,0.319283,-0.104433
-0.014904,-0.001929,0.553395,0.010053
0.046390,-0.004928,0.453924,0.054218
0.151012,-0.015098,0.254599,0.144919
-0.201842,-0.012966,-0.265536,0.030994
-0.231241,-0.011305,-0.231687,0.024883
0.007291,-0.032512,0.150186,0.150469
0.143158,-0.007626,0.243034,0.109442
-0.203925,-0.007908,-0.208552,-0.028964
-0.224869,-0.007300,-0.187852,-0.029330
-0.212758,-0.053981,-0.028189,-0.113121
0.221845,-0.145212,0.101877,0.013271
0.225205,0.071807,0.069296,0.182864
0.342009,0.236555,-0.192323,-0.000976
0.230953,0.331905,-0.023037,-0.036948
0.218984,0.331667,-0.004917,-0.091558
0.197179,0.282997,0.003712,-0.154443
0.117959,0.166811,-0.019643,-0.203429
0.017079,0.041701,-0.050725,-0.223929
-0.146380,-0.032983,-0.044253,-0.160780
-0.047092,0.018689,0.426389,-0.091536
-0.049082,0.033316,0.524715,-0.044597
-0.355210,-0.005875,-0.043301,-0.044703
-0.380019,-0.006911,-0.048873,-0.013411
-0.117367,0.014531,0.504293,0.065219
-0.079320,-0.001723,0.524251,0.067871
-0.329136,-0.027702,-0.018033,-0.072071
-0.289903,-0.019609,-0.027123,-0.111910
0.084377,-0.002327,0.484826,-0.019370
0.181418,-0.001623,0.359455,0.009324
0.330880,-0.010439,0.204591,0.025245
0.313708,0.004225,0.132696,0.081681
0.166462,0.016807,0.265671,-0.421970
-0.154327,-0.076953,-0.140863,0.120229
-0.270404,-0.008390,-0.101800,0.150280
-0.073704,-0.001215,0.421136,0.181438
-0.091719,0.006194,0.486545,0.138336
-0.455344,-0.025604,-0.057766,0.099757
-0.450535,-0.023709,-0.057547,0.083391
-0.107373,0.002574,0.511451,0.129091
-0.050192,-0.004515,0.521017,0.077368
-0.200174,-0.087099,0.078325,0.067919
-0.313961,-0.026154,-0.135668,0.026438
-0.101482,-0.061708,0.090170,0.083290
0.168364,-0.008024,0.364906,0.021236
0.040459,-0.016840,-0.048975,-0.006129
-0.282638,0.054887,-0.406666,0.193579
-0.174778,-0.022994,0.098387,-0.170809
0.015252,-0.002857,0.068907,-0.219073
0.159952,0.029256,0.084800,-0.199873
0.269432,0.052199,0.089690,-0.162608
0.259381,0.017803,-0.149715,-0.178029
0.134929,-0.005004,-0.416861,-0.113208
0.126639,-0.012261,-0.488337,-0.061308
0.122158,-0.025433,-0.460158,-0.062712
0.490900,0.000208,0.044933,0.008920
0.488860,0.000285,0.043109,0.010568
0.075081,-0.024740,-0.489965,-0.009726
0.016421,-0.010854,-0.445282,-0.009635
-0.047994,-0.038080,-0.331769,-0.031506
0.354931,-0.002537,0.144564,0.050952
-0.299407,0.047953,-0.381855,0.192687
-0.109083,-0.073589,0.078642,-0.021726
-0.154992,-0.056295,0.092042,-0.077778
0.021058,-0.026981,0.076803,-0.119821
0.063388,-0.005585,0.080793,-0.128909
0.109420,0.012831,0.083750,-0.124894
0.238295,0.028445,0.085846,-0.109072
0.216989,-0.065254,-0.181323,-0.105851
0.123531,-0.022271,-0.427797,-0.061433
0.138748,-0.007850,-0.499792,-0.057504
0.146599,-0.012549,-0.500399,-0.070734
0.496013,0.016597,0.030213,-0.052227
0.493387,0.024865,0.035003,-0.054437
0.090543,-0.013473,-0.458342,-0.068077
0.019411,-0.011136,-0.429564,-0.028061
0.117414,-0.023136,-0.000960,0.032766
-0.046613,-0.075841,-0.112847,-0.212820
0.351430,-0.038444,0.093621,0.078192
0.334093,-0.004164,0.086841,0.111916
0.386677,0.041769,-0.056962,0.168920
0.043306,-0.005935,-0.566363,0.079645
0.045611,-0.022929,-0.553092,0.081059
-0.033106,-0.031342,-0.487147,0.102245
0.219617,-0.017684,-0.056622,0.365278
0.000494,-0.062720,-0.204454,0.181285
-0.152510,-0.024985,-0.342856,0.071002
0.264448,-0.006928,0.212300,0.079943
0.294542,-0.006843,0.216631,0.045940
-0.091444,-0.027161,-0.324686,-0.006017
-0.141588,-0.004984,-0.278797,-0.023982
0.180611,0.016985,0.049498,0.072379
0.170158,0.040152,0.138921,0.199123
-0.144014,0.123951,-0.137021,-0.075435
-0.051223,0.050669,-0.218337,-0.184616
-0.079421,0.012270,-0.106662,-0.246515
-0.206842,-0.038079,-0.016514,-0.183363
-0.125640,-0.018971,0.327757,-0.342829
0.013785,0.007912,0.585903,-0.082375
0.022020,-0.005170,0.566114,-0.063475
0.048292,-0.005352,0.520334,-0.044714
0.132684,0.000451,0.267014,0.031030
-0.206817,-0.009177,-0.255718,0.022364
-0.240110,-0.009591,-0.264764,0.065116
0.099759,-0.010500,0.221415,0.237425
0.160426,-0.015932,0.239422,0.166440
-0.203768,-0.040111,-0.260520,0.055052
-0.215121,-0.016581,-0.252580,0.034933
-0.144039,-0.051564,-0.167166,-0.072635
-0.083781,-0.080845,-0.084502,-0.197358
-0.085547,-0.164881,0.021692,0.108180
0.009398,-0.095099,0.015778,0.140082
0.207856,0.004208,0.051262,0.147197
0.344633,0.074858,-0.034594,0.139806
0.070503,0.017582,-0.489273,0.049592
0.075663,-0.014259,-0.547819,0.037067
0.082449,-0.023629,-0.550521,0.042350
-0.022998,-0.025638,-0.486932,0.086217
-0.091917,-0.084804,-0.347373,0.090869
0.342555,0.003411,0.145299,0.056730
0.101859,0.019348,0.273345,-0.415795
-0.314606,-0.008733,-0.128585,0.066276
-0.416713,0.011372,-0.086798,0.094043
-0.093930,0.001739,0.462572,0.160365
-0.093751,0.004459,0.484155,0.148733
-0.243664,0.047582,0.149940,0.256298
-0.376262,-0.010920,-0.161966,0.099798
-0.370404,-0.008438,-0.163081,0.092573
-0.427274,-0.043521,-0.038487,0.062310
-0.042774,-0.002053,0.527595,0.064407
0.058891,0.000743,0.476257,0.013392
0.221942,-0.145184,0.101916,0.013276
0.057614,-0.054696,0.014907,0.387584
0.108340,-0.183272,-0.233830,-0.004561
0.095015,0.047696,-0.446566,-0.050180
0.189759,0.097572,-0.470185,-0.087684
0.149248,0.047092,-0.497208,-0.136248
0.068412,0.016919,-0.418412,-0.116258
-0.033212,0.014993,-0.242417,-0.188693
0.370840,0.031772,0.248112,-0.123585
0.406578,0.015850,0.230750,-0.105875
0.019335,-0.022186,-0.250478,-0.196021
-0.036358,-0.024006,-0.276475,-0.112511
0.354768,-0.004819,0.218805,-0.019894
0.346217,-0.007445,0.197315,0.014015
0.128027,-0.039399,-0.185756,0.000853
-0.031451,-0.052345,-0.320165,-0.045011
0.335309,-0.009502,0.203075,0.021242
0.351020,-0.007288,0.181012,0.025501
0.355061,0.006755,0.022374,0.119849
-0.054959,-0.007008,-0.405374,0.017990
-0.145636,-0.009435,-0.306038,0.011758
-0.236043,-0.009995,-0.201513,-0.001798
-0.069335,-0.048121,0.103229,0.034348
-0.064841,-0.064374,-0.125291,-0.063804
0.079134,0.016727,0.275188,-0.414215
-0.040150,-0.085054,0.492830,0.059153
-0.073264,-0.040377,0.443637,0.147553
-0.161103,0.150482,0.164144,0.250389
-0.351030,0.012789,-0.210416,0.099399
-0.351005,0.002395,-0.197360,0.096657
-0.357151,0.015849,0.005068,0.141587
-0.078792,-0.000107,0.350416,0.271147
-0.090108,-0.006432,0.186028,0.251449
-0.298240,-0.009714,-0.165828,0.024432
-0.287060,-0.009442,-0.167907,0.015058
-0.339624,-0.032190,-0.037947,-0.034056
0.040341,-0.004574,0.468853,0.043848
0.149610,-0.000455,0.365021,0.034727
0.338426,0.002541,0.144051,0.061714
-0.044491,-0.076869,-0.114009,-0.212808
0.357256,-0.031055,0.082186,0.089594
0.343225,0.000936,0.072549,0.118845
0.361524,0.051854,-0.102087,0.225343
0.045233,-0.010570,-0.568259,0.084247
0.039938,-0.022734,-0.552767,0.086214
-0.053950,-0.020716,-0.486062,0.111378
0.056839,-0.039219,-0.042997,-0.001815
-0.051180,-0.065987,-0.114808,-0.216054
0.302201,0.001854,0.084715,0.135947
0.306652,0.013537,0.075980,0.143052
0.376945,0.040783,-0.069585,0.194611
0.058805,-0.015433,-0.572485,0.079782
0.077955,-0.028082,-0.557835,0.058612
0.000284,-0.032804,-0.486146,0.069317
0.343473,0.001591,0.145007,0.057578
0.177036,0.082162,0.097349,0.191685
0.235462,0.263733,-0.150643,0.071022
0.135870,0.358276,-0.040097,0.032109
0.152470,0.378664,-0.032949,-0.003911
0.161219,0.384120,-0.024581,-0.044956
0.154261,0.365604,-0.016150,-0.096913
0.136703,0.336344,-0.007603,-0.112804
0.104963,0.283545,-0.004350,-0.132856
0.038867,0.189946,-0.025274,-0.151446
-0.063542,0.058968,-0.066937,-0.164405
-0.207615,-0.028142,-0.060783,-0.099429
-0.050930,0.030819,0.470752,-0.033703
-0.136645,0.009292,0.450890,-0.033070
-0.368431,-0.006466,-0.039532,-0.034735
-0.366893,-0.005335,-0.043653,-0.033422
-0.237769,-0.007825,0.344996,-0.054671
-0.014924,0.002525,0.564513,-0.007556
0.054339,-0.002723,0.504158,-0.013263
-0.008958,-0.034761,0.109228,-0.079843
-0.190101,-0.025371,-0.154301,-0.079573
0.114516,-0.021070,0.169895,-0.022138
0.261988,-0.005288,0.258862,0.016426
-0.150956,-0.017569,-0.285156,0.004331
-0.191338,-0.013771,-0.284396,0.040155
-0.163982,-0.045803,-0.172197,-0.064615
-0.313308,0.047126,-0.367211,0.191582
-0.169102,-0.109371,0.078719,0.056907
-0.097112,-0.118397,0.048314,0.018076
-0.082060,-0.106992,0.049977,-0.030635
-0.051155,-0.081751,0.057168,-0.082084
0.001644,-0.041371,0.070224,-0.138532
0.061702,-0.006601,0.079477,-0.172687
0.118786,0.013743,0.082790,-0.172617
0.245451,0.035593,0.091533,-0.156803
0.185094,-0.024615,-0.222054,-0.224778
0.128469,-0.010789,-0.421342,-0.119752
0.135550,-0.011815,-0.488290,-0.077700
0.132864,-0.018031,-0.481829,-0.081389
0.505335,0.006572,0.044440,-0.024778
0.490062,0.000469,0.048286,0.004795
0.054539,-0.029578,-0.489927,0.015616
-0.004763,-0.014698,-0.451527,0.021638
0.251845,0.006405,0.093510,0.093753
0.139926,0.018216,0.272557,-0.416795
0.032409,-0.028909,-0.098971,0.113746
-0.163719,-0.071746,-0.148891,0.154318
-0.275445,-0.015443,-0.110574,0.160952
-0.068616,0.005961,0.436478,0.159537
-0.104332,0.009687,0.479358,0.142684
-0.452697,-0.017751,-0.064546,0.086306
-0.430507,-0.009530,-0.067840,0.058631
-0.156281,0.004870,0.453484,0.148140
-0.076524,-0.004491,0.515531,0.108176
-0.337500,-0.052177,-0.035705,-0.012948
-0.298261,-0.054874,-0.041271,-0.042735
0.079867,-0.000593,0.434572,0.036118
0.173684,0.001308,0.348442,0.025661
0.340961,-0.005270,0.193173,0.021439
-0.006088,-0.037666,-0.306088,-0.099150
0.277951,0.013923,0.114349,0.095703
0.227704,0.060856,0.078251,0.182594
0.090514,0.131614,-0.230902,-0.237012
-0.028871,0.091439,-0.050621,-0.266157
-0.188032,-0.028555,-0.036722,-0.182183
-0.121225,-0.000259,0.326455,-0.269469
-0.076122,0.037825,0.443814,-0.109223
-0.322690,-0.003334,-0.036221,-0.087027
-0.340473,-0.004224,-0.042834,-0.061762
-0.234917,-0.018338,0.345644,-0.042570
-0.085556,-0.006045,0.491311,0.087022
-0.340356,-0.023249,-0.045226,-0.012991
-0.311338,-0.030164,-0.056779,-0.012371
0.065437,-0.006021,0.427944,0.062410
0.154526,-0.004131,0.350105,0.049080
0.221894,-0.145198,0.101896,0.013273
0.340644,-0.104126,0.097316,0.009739
0.376467,-0.022915,-0.055426,-0.007707
0.068615,-0.030857,-0.480502,-0.006466
0.053484,-0.033485,-0.508708,0.039369
-0.006173,-0.045015,-0.479699,0.081707
0.256081,-0.013218,-0.054604,0.346255
0.227692,-0.006794,-0.041219,0.364742
-0.153645,0.000563,-0.416934,0.120666
-0.213485,-0.000988,-0.355798,0.120921
-0.291656,-0.009622,-0.252392,0.104320
-0.107757,-0.038312,0.125201,0.208477
0.031718,-0.022072,0.217534,0.233037
-0.267978,-0.009809,-0.227519,0.055955
-0.286509,-0.007284,-0.196814,0.041257
-0.283081,-0.059083,-0.037288,-0.041507
0.128851,-0.012809,0.381999,0.001420
0.123219,-0.001466,0.205445,-0.041722
-0.184249,-0.006446,-0.208019,-0.050637
-0.205687,-0.006418,-0.187504,-0.049741
-0.101851,-0.045373,0.054427,-0.156562
0.162532,-0.011801,0.030664,0.057331
0.168817,0.045379,0.134267,0.199424
-0.101341,0.173183,-0.130034,-0.048889
0.008149,0.106756,-0.237338,-0.190459
-0.006992,0.088466,-0.138744,-0.223412
-0.193078,-0.006761,-0.034269,-0.155023
-0.030681,0.050172,0.479956,-0.110612
-0.106581,0.023282,0.479170,-0.069221
-0.355215,-0.008404,-0.024133,-0.061475
-0.353961,-0.007102,-0.028785,-0.059478
-0.181666,0.008986,0.412001,-0.058739
-0.031439,-0.002874,0.540433,0.027325
-0.154853,-0.060309,0.108857,0.078785
-0.298382,-0.032922,-0.134818,0.016835
-0.055783,-0.043957,0.128925,0.032193
0.130037,-0.011371,0.253668,0.040921
-0.203060,-0.011046,-0.209048,-0.026196
-0.224088,-0.009706,-0.188191,-0.027364
0.052250,-0.021055,0.206328,0.017737
-0.138893,-0.054577,-0.165733,-0.073426
-0.296993,0.048364,-0.384753,0.192820
-0.258372,-0.072924,0.130573,-0.029186
-0.039712,-0.047951,0.075912,-0.076586
0.018227,-0.027041,0.078284,-0.089497
0.045936,-0.011646,0.081212,-0.089345
0.157854,-0.020702,0.052828,-0.084406
0.148238,-0.110602,-0.216692,-0.115169
0.105098,-0.014437,-0.420818,-0.093581
0.147574,-0.002197,-0.489123,-0.092748
0.170903,-0.000577,-0.471213,-0.120018
0.495857,0.015266,0.031347,-0.050217
0.495980,0.017149,0.046834,-0.045189
0.097857,-0.016357,-0.472926,-0.057924
0.035111,-0.013440,-0.445089,-0.025932
0.247401,0.006056,0.090471,0.092902
0.140365,0.016556,0.276588,-0.413700
0.036488,-0.040067,-0.092978,0.062842
-0.146060,-0.080702,-0.139644,0.120919
-0.257165,-0.017886,-0.094783,0.127567
-0.076510,-0.012519,0.412113,0.161341
-0.102216,0.007768,0.462556,0.136726
-0.438589,-0.004934,-0.073554,0.069116
-0.439292,-0.008014,-0.071101,0.069533
-0.144565,-0.002856,0.461674,0.189193
-0.081535,-0.007330,0.497609,0.128633
-0.325814,-0.034015,-0.025683,-0.029500
-0.279730,-0.044594,-0.027274,-0.034439
0.112531,-0.012055,0.374834,0.068573
-0.165746,-0.046522,-0.172428,-0.062816
0.109083,0.018832,0.274628,-0.415013
-0.317525,0.039027,0.059382,0.104472
-0.236238,0.162030,0.186644,0.229322
-0.440298,0.005170,-0.094472,0.097245
-0.442315,-0.002966,-0.094147,0.091520
-0.168883,-0.003873,0.422940,0.225165
-0.117030,-0.005503,0.465270,0.186478
-0.374808,-0.021612,-0.065873,0.014549
-0.359170,-0.023188,-0.077236,0.010927
0.025817,-0.007978,0.438455,0.090860
0.108145,-0.004374,0.376810,0.069389
0.374191,-0.002489,0.145885,0.031782
-0.020585,-0.074780,-0.136048,-0.217331
0.342231,0.032393,-0.133297,0.193794
0.316443,0.025594,-0.198558,0.292890
0.034692,-0.014472,-0.548757,0.079187
-0.028467,-0.005507,-0.511905,0.096531
-0.161936,0.002770,-0.410033,0.119848
-0.245598,-0.011556,-0.283093,0.090897
-0.049510,-0.022267,0.097853,0.207991
0.060373,-0.023378,0.183973,0.180579
-0.226606,-0.011735,-0.245254,0.034245
-0.257460,-0.010339,-0.209261,0.027709
-0.211564,-0.085210,-0.007222,0.045286
0.135513,-0.011411,0.346456,0.075857
-0.142998,-0.048952,-0.165718,-0.073684
-0.287580,0.052605,-0.399197,0.193470
-0.209838,-0.054380,0.109219,-0.059638
-0.065852,-0.032273,0.084890,-0.054427
0.027717,-0.017490,0.080320,-0.055994
0.139607,-0.033284,0.044674,-0.100581
0.139560,-0.091878,-0.217662,-0.174155
0.117216,-0.016774,-0.398892,-0.132980
0.152088,-0.006693,-0.475874,-0.114850
0.161326,-0.014362,-0.477605,-0.117053
0.503203,0.009199,0.043422,-0.033097
0.496062,0.006913,0.049343,-0.018978
0.084915,-0.018830,-0.476805,-0.038630
0.028033,-0.009382,-0.432516,-0.035485
-0.061283,-0.029074,-0.322988,-0.036005
0.314057,-0.011074,0.209233,0.037835
0.323966,-0.009859,0.185012,0.051261
0.221836,-0.145215,0.101873,0.013270
0.177984,-0.024956,0.365016,0.022412
0.302087,0.044198,0.018122,0.014634
0.038877,-0.146737,-0.094482,-0.010489
-0.099890,-0.109268,-0.060405,-0.010758
-0.154953,-0.257746,0.239096,-0.022241
-0.046319,-0.124486,0.466077,0.028874
-0.107360,-0.087585,0.426819,0.098911
-0.311136,0.094538,0.028436,0.139161
-0.405655,0.015898,-0.161646,0.106614
-0.336007,0.082249,0.008816,0.186641
-0.135635,0.020635,0.320487,0.311787
-0.195460,0.036420,0.121085,0.287779
-0.348330,-0.011021,-0.194102,0.104103
-0.350458,-0.007752,-0.180054,0.088914
-0.412926,-0.027191,-0.061430,0.052281
-0.046989,-0.001886,0.505716,0.076370
0.058918,-0.000993,0.489167,0.000259
0.082202,-0.012713,0.180817,-0.059474
-0.189202,-0.006342,-0.204822,-0.048984
-0.210562,-0.006643,-0.184996,-0.047150
-0.195562,-0.047034,-0.022557,-0.156546
0.161076,-0.002323,0.375677,0.014707
0.208766,-0.000216,0.295278,0.044478
0.349549,-0.008259,0.159745,0.049300
0.359190,0.003242,-0.016533,0.186227
-0.029058,-0.013310,-0.444241,0.037259
-0.114915,-0.015179,-0.321461,0.002205
-0.219055,-0.004966,-0.182351,-0.042979
-0.204742,-0.044571,-0.015668,-0.161957
0.156489,-0.004260,0.407990,-0.011041
0.212989,0.000282,0.311847,0.023109
0.369276,-0.007256,0.161539,0.026787
0.382021,-0.000977,0.142281,0.026038
-0.018494,-0.077786,-0.135938,-0.216545
0.296132,0.015461,-0.190726,0.143455
0.203199,-0.017419,-0.320846,0.190409
0.030668,-0.013762,-0.545117,0.078863
-0.044146,-0.000004,-0.499078,0.093881
-0.172900,0.009843,-0.398798,0.112504
-0.250458,-0.007907,-0.286094,0.095108
-0.033923,-0.006296,0.141431,0.330688
0.008594,-0.027225,0.165592,0.319814
-0.255937,-0.010961,-0.233143,0.050691
-0.268823,-0.007770,-0.187340,0.014582
-0.321380,-0.022383,-0.064490,-0.040993
0.071859,-0.004650,0.452698,0.025754
0.172431,-0.000779,0.357642,0.020396
0.301857,0.011369,0.129735,0.087211
0.153013,0.016226,0.272227,-0.417153
-0.062585,-0.077718,-0.127802,0.079346
-0.253254,-0.019432,-0.091152,0.124643
-0.068902,-0.021037,0.417216,0.171914
-0.097328,0.003296,0.464452,0.148025
-0.442777,-0.008433,-0.059763,0.081224
-0.446705,-0.017748,-0.059055,0.080196
-0.109207,-0.002913,0.503911,0.145480
-0.053031,-0.008651,0.509176,0.091777
-0.170855,-0.024950,0.104915,0.071917
-0.304529,-0.023478,-0.135645,0.014316
-0.099673,-0.058675,0.097114,0.092646
0.103117,-0.015538,0.243023,0.156384
-0.232252,-0.011006,-0.232681,0.026589
-0.253005,-0.009933,-0.203743,0.017330
-0.216334,-0.062728,-0.013048,-0.076671
-0.147862,-0.051002,-0.168693,-0.071297
-0.299644,0.054669,-0.389969,0.192598
-0.086892,-0.030549,0.079607,-0.141119
0.089869,0.005015,0.081361,-0.175740
0.145302,0.021600,0.082882,-0.198762
0.260585,0.043719,0.088864,-0.143123
0.251322,-0.005959,-0.156148,-0.151836
0.119240,-0.010904,-0.440555,-0.085383
0.131447,-0.013231,-0.492933,-0.066277
0.128635,-0.020771,-0.481282,-0.072892
0.500438,0.005446,0.039352,-0.013466
0.486066,-0.000376,0.047826,0.010620
0.065443,-0.029127,-0.489915,0.004249
0.009793,-0.013713,-0.447593,0.002162
0.293562,0.006728,0.121206,0.091286
0.217301,0.069267,0.078601,0.183878
0.217854,0.275780,-0.180787,-0.048383
0.143644,0.347928,-0.008824,-0.073979
0.103882,0.277902,-0.005445,-0.155418
0.018009,0.157664,-0.033474,-0.190825
-0.086315,0.027015,-0.076495,-0.170540
-0.215653,-0.031925,-0.061366,-0.079607
-0.049423,0.031218,0.470975,-0.034673
-0.124938,0.018058,0.451268,-0.049124
-0.357313,-0.005971,-0.038266,-0.047663
-0.355932,-0.004826,-0.041502,-0.047058
-0.243171,-0.001284,0.328588,-0.093328
-0.020671,0.000226,0.560313,0.005653
0.040968,-0.003662,0.476084,0.035391
0.100908,-0.016301,0.201427,0.077460
-0.200928,-0.007916,-0.199428,-0.041079
-0.215592,-0.006342,-0.184356,-0.043060
-0.237779,-0.032779,-0.043577,-0.126061
0.126509,-0.007339,0.404115,0.026386
0.190325,-0.002582,0.307932,0.053301
0.338829,-0.008644,0.162808,0.057461
0.359934,0.000841,0.146614,0.041885
-0.020691,-0.072279,-0.137683,-0.218109
0.307103,0.030033,-0.178058,0.162933
0.256358,0.011304,-0.264957,0.243048
0.023745,-0.014019,-0.551331,0.092255
-0.044568,-0.005131,-0.511728,0.112078
-0.172972,0.001089,-0.408518,0.131051
-0.263039,-0.013773,-0.291457,0.118919
-0.052948,-0.043077,0.124437,0.340734
-0.025737,-0.039794,0.125312,0.261660
-0.255712,-0.006027,-0.212809,0.025198
-0.260835,-0.003867,-0.181912,-0.002737
-0.319081,-0.015827,-0.071075,-0.043364
0.069778,-0.004605,0.470111,-0.001462
0.163368,-0.003943,0.397977,-0.007714
0.252898,0.016856,0.098186,0.096257
-0.270479,0.054074,-0.414244,0.189445
0.227884,-0.123027,-0.023409,-0.089531
0.314548,-0.023022,0.121821,-0.109605
0.396479,-0.016608,0.028084,-0.107664
0.173416,0.017632,-0.480001,-0.135085
0.154350,-0.014072,-0.522892,-0.065717
0.290784,0.118736,-0.204300,-0.093296
0.100007,-0.015664,-0.362122,-0.132407
0.008326,-0.012167,-0.396790,-0.048719
0.392281,0.018597,0.165195,-0.028568
0.221864,-0.145207,0.101884,0.013272
0.057625,-0.054718,0.014848,0.387608
0.108047,-0.183866,-0.233475,-0.002692
0.088417,0.051610,-0.446712,-0.017385
0.169396,0.120600,-0.470047,-0.009800
0.235260,0.196048,-0.417787,0.006276
0.034951,0.079832,-0.511477,-0.021259
-0.109778,0.069783,-0.405792,-0.003504
-0.211703,0.049281,-0.284703,-0.002201
-0.315912,0.060457,-0.167615,-0.026274
-0.353016,0.058303,-0.037994,-0.112991
-0.132682,0.126273,0.199081,-0.243848
0.038391,0.097164,0.288325,-0.225160
-0.044671,0.023293,0.064398,-0.327731
-0.133725,0.003627,-0.099751,-0.219492
0.015600,-0.024522,0.059607,-0.344525
0.338128,-0.004654,0.324244,-0.109940
0.390770,0.005011,0.220372,-0.067557
0.006477,-0.033379,-0.289285,-0.133162
-0.055130,-0.023061,-0.284322,-0.086838
0.344193,-0.004434,0.229519,-0.028829
0.346590,-0.009013,0.209874,0.001741
-0.041476,-0.058104,-0.337679,-0.011454
-0.094640,-0.037167,-0.354933,0.037392
0.286366,-0.013288,0.203245,0.073785
0.309943,-0.010978,0.197277,0.054073
0.278096,0.006405,0.110809,0.094492
-0.260540,0.056234,-0.414235,0.180557
0.104837,-0.047757,-0.344106,-0.015505
0.286617,-0.049167,-0.198447,-0.065712
0.261292,0.087566,-0.310067,-0.164492
0.283736,0.156225,-0.306798,-0.141013
0.188294,0.102546,-0.378761,-0.188884
0.065906,0.024645,-0.421283,-0.118540
-0.020569,0.014484,-0.313717,-0.129501
0.377544,0.034409,0.203977,-0.084777
0.400734,0.016977,0.205822,-0.076042
-0.012180,-0.019347,-0.288639,-0.129184
-0.074663,-0.005344,-0.274472,-0.094872
0.195232,-0.026140,0.116690,-0.185500
0.342844,0.004304,0.232560,-0.077510
-0.081131,-0.017154,-0.300526,-0.050539
-0.141005,-0.009864,-0.293765,-0.004717
0.189307,-0.015791,0.171058,0.171517
0.235364,-0.015528,0.186905,0.142215
-0.161435,-0.016539,-0.316604,0.045228
-0.196645,-0.010027,-0.284820,0.042142
-0.053309,-0.059259,0.036848,0.144910
0.103238,-0.015455,0.177452,0.205054
-0.204830,-0.008911,-0.246908,0.011300
-0.228303,-0.006763,-0.192026,-0.022259
-0.276377,-0.025891,-0.066466,-0.080004
0.127737,-0.006251,0.421666,0.005468
0.211655,-0.004211,0.339106,0.002837
0.353073,-0.001905,0.144906,0.051932
-0.035629,-0.083828,-0.117309,-0.211550
0.408967,-0.048685,0.055938,0.048755
0.415116,-0.018651,0.042097,0.085626
0.228074,0.021042,-0.280597,0.229486
0.036960,-0.011501,-0.547847,0.073040
-0.022973,-0.004786,-0.513276,0.091690
-0.155478,0.007724,-0.412255,0.110659
-0.239979,-0.007405,-0.302884,0.100917
-0.228731,-0.054965,-0.084634,0.160072
0.082898,-0.011268,0.366583,0.112110
0.168752,-0.004514,0.332850,0.052933
0.304853,0.007710,0.129327,0.086534
0.258082,0.075196,0.036007,0.180116
0.174997,0.309479,-0.100132,-0.080306
0.122117,0.311399,-0.003301,-0.115174
0.068811,0.229680,-0.014488,-0.148375
-0.024039,0.108842,-0.049907,-0.163198
-0.191837,0.004817,-0.044816,-0.091636
-0.049424,0.028517,0.488900,-0.022015
-0.138710,0.001483,0.459768,-0.036966
-0.371087,-0.006751,-0.033456,-0.037684
-0.369720,-0.005648,-0.038827,-0.035082
-0.232661,-0.015823,0.360499,-0.074833
0.002813,0.006983,0.573686,-0.042805
0.087535,-0.000385,0.512583,-0.064682
0.031055,-0.032475,0.131475,-0.174889
-0.149374,-0.030477,-0.161986,-0.107472
0.220323,-0.010748,0.229855,0.002855
0.302850,-0.008815,0.227759,0.027133
-0.120889,-0.034387,-0.328348,0.034273
-0.176909,-0.023628,-0.314816,0.066003
-0.093642,-0.055590,-0.140765,-0.071616
0.076008,0.019760,0.267054,-0.419737
-0.047432,-0.010155,0.448749,0.142429
-0.088638,0.010652,0.428031,0.197015
-0.130770,0.036079,0.188234,0.402076
-0.362808,-0.010900,-0.209886,0.134243
-0.365377,-0.009282,-0.181920,0.107230
-0.432763,-0.043271,-0.051190,0.079831
-0.069272,-0.002192,0.497640,0.119328
0.028399,0.003525,0.432419,0.085928
0.141074,0.001118,0.246776,0.151384
-0.214438,0.006014,-0.229605,-0.011321
-0.221622,0.003047,-0.180852,-0.049923
-0.183452,-0.035704,-0.003239,-0.209129
0.224669,-0.004242,0.371355,-0.052452
0.250151,0.012656,0.094816,0.094700
0.240661,0.066931,0.060759,0.181055
0.121993,0.200479,-0.183464,-0.191238
0.030053,0.171702,-0.029172,-0.226107
-0.091827,0.015599,-0.072982,-0.214906
-0.208349,-0.039251,-0.047249,-0.132552
-0.051822,0.031509,0.438455,-0.097543
-0.120736,0.023096,0.456152,-0.044182
-0.367874,-0.005853,-0.045717,-0.029799
-0.367194,-0.005318,-0.047560,-0.029242
-0.216430,0.005723,0.364348,-0.034353
-0.083966,-0.002834,0.498036,0.030723
-0.329019,-0.041734,-0.030256,-0.028555
-0.286011,-0.057473,-0.031710,-0.031779
0.090768,-0.002291,0.454442,0.006206
0.192261,-0.000502,0.358999,-0.002343
0.355657,-0.007811,0.215569,-0.013392
0.331623,0.000401,0.139591,0.070408
0.166891,0.011686,0.269576,-0.419432
-0.120674,-0.103837,-0.117511,0.032229
-0.237219,-0.035878,-0.080894,0.096446
-0.088225,-0.044339,0.385952,0.172454
-0.097936,-0.009233,0.449479,0.149281
-0.425180,0.008466,-0.054727,0.068974
-0.434945,-0.004610,-0.067807,0.068430
-0.124452,-0.000146,0.468508,0.172980
-0.059990,-0.003486,0.461606,0.148795
-0.106506,0.010575,0.151647,0.251950
-0.288020,-0.009450,-0.183397,0.031516
-0.291192,-0.009617,-0.172009,0.023467
-0.356899,-0.025486,-0.054001,-0.011899
0.019703,-0.006822,0.478750,0.056397
0.118628,-0.002310,0.381922,0.051381
0.271340,0.013139,0.109401,0.096220
-0.044430,-0.072167,-0.116774,-0.214817
0.354825,-0.010538,0.066401,0.110384
0.349278,0.009296,0.055845,0.128729
0.360845,0.045825,-0.116965,0.240245
0.049004,-0.017644,-0.564378,0.083667
0.033753,-0.024282,-0.550912,0.092091
-0.081608,-0.016145,-0.459145,0.107548
-0.168023,-0.021739,-0.353837,0.094248
0.221845,-0.145212,0.101877,0.013271
0.057592,-0.054725,0.014861,0.387613
0.107961,-0.183845,-0.233612,-0.002708
0.091012,0.055305,-0.450608,-0.017146
0.174997,0.125772,-0.460864,-0.007893
0.235260,0.196048,-0.417787,0.006276
0.030658,0.074042,-0.507740,-0.028356
-0.106057,0.059449,-0.353625,-0.049110
-0.169303,0.036221,-0.242039,-0.074225
-0.252488,0.035756,-0.126425,-0.106193
-0.288132,0.010720,-0.008433,-0.163500
0.028883,0.034602,0.467439,-0.173089
0.178474,0.007922,0.483598,-0.125878
0.309147,0.025151,0.258905,-0.147020
0.041011,-0.042000,-0.054163,-0.010534
-0.271505,0.054606,-0.414989,0.190872
0.028159,-0.066167,0.098779,-0.062394
-0.092924,-0.020729,0.074950,-0.078252
-0.093531,-0.022608,0.084072,-0.079544
-0.022589,-0.007863,0.085668,-0.069222
0.088609,0.008381,0.083384,-0.060070
0.206523,0.012825,0.070672,-0.057318
0.181287,-0.097079,-0.201328,-0.088847
0.118831,-0.023148,-0.409366,-0.084720
0.139986,-0.005844,-0.495355,-0.076319
0.184895,0.009447,-0.444579,-0.112461
0.497472,0.009402,0.045804,-0.024406
0.494500,0.007355,0.058862,-0.025793
0.096135,-0.023901,-0.486421,-0.035160
0.032090,-0.016809,-0.453284,-0.011347
0.327651,0.005848,0.141813,0.069312
0.135584,0.016917,0.276534,-0.413766
0.041323,-0.027362,-0.091391,0.070213
-0.148358,-0.081832,-0.146269,0.122215
-0.259516,-0.020409,-0.095093,0.119537
-0.076955,-0.011138,0.414092,0.158865
-0.102663,0.007989,0.463533,0.134587
-0.438100,-0.004936,-0.072935,0.067925
-0.438630,-0.007902,-0.070751,0.068388
-0.146299,-0.003622,0.459623,0.184143
-0.080200,-0.007967,0.500693,0.118303
-0.322307,-0.033161,-0.022248,-0.024893
-0.274681,-0.044743,-0.021712,-0.016791
0.105646,-0.011380,0.378674,0.073380
-0.164288,-0.046854,-0.172346,-0.063650
-0.062990,-0.079104,-0.098351,-0.207081
-0.182043,-0.171628,0.105564,0.038269
-0.063919,-0.176264,0.018713,0.078050
0.005117,-0.111917,0.015747,0.122111
0.202571,-0.008938,0.056654,0.133645
0.339087,0.071823,-0.029608,0.129791
0.064659,0.020873,-0.487097,0.036520
0.078732,-0.009907,-0.543474,0.025300
0.084288,-0.018174,-0.542562,0.027098
-0.016228,-0.011268,-0.451815,0.029961
-0.054810,-0.059165,-0.325929,-0.008010
0.308501,-0.010469,0.203935,0.048124
0.329830,-0.007599,0.178491,0.049598
0.162599,-0.029307,-0.162798,0.103464
-0.086808,-0.009521,-0.398411,0.045389
-0.165943,-0.010553,-0.307880,0.035026
-0.259474,-0.010509,-0.202225,0.022858
-0.150506,-0.072390,0.064000,0.069524
0.132826,-0.011682,0.357858,0.070202
-0.052670,-0.041655,-0.112654,-0.055412
0.111466,0.016846,0.279158,-0.411593
-0.322275,-0.056954,0.022196,-0.036473
-0.337830,-0.010956,0.047443,0.019242
-0.280092,0.094752,0.135244,0.138990
-0.381948,0.044569,-0.050031,0.103111
-0.416173,0.011022,-0.090962,0.077402
-0.113708,0.020691,0.424609,0.193370
-0.045747,0.003622,0.426643,0.162986
-0.125946,0.061558,0.089857,0.239963
-0.290487,-0.007822,-0.231291,0.080249
-0.310107,-0.010686,-0.199164,0.070606
-0.379957,-0.025068,-0.071154,0.027170
-0.000536,-0.008901,0.480777,0.059212
0.099486,-0.004960,0.435612,0.019242
-0.123107,-0.062056,-0.159706,-0.075068
0.182941,0.054127,0.118649,0.192658
-0.232598,0.151158,-0.050604,-0.037711
-0.147411,0.132712,-0.113779,-0.075016
-0.154970,0.086383,-0.125241,-0.107039
-0.234444,0.025557,-0.071036,-0.083115
-0.280491,0.012834,0.142260,-0.155529
-0.036259,0.011891,0.584349,-0.028134
-0.017781,0.009432,0.567790,-0.010544
-0.006514,0.006347,0.450793,-0.002412
-0.270101,-0.015535,-0.070471,-0.093203
-0.241608,-0.014536,-0.077010,-0.116195
0.184667,-0.005414,0.428838,-0.081079
0.251689,-0.006649,0.329050,-0.024773
0.351450,-0.002402,0.143976,0.054396
0.257527,0.073198,0.038795,0.179897
0.161344,0.280542,-0.115718,-0.121668
0.101324,0.273528,-0.005160,-0.148321
0.009462,0.146660,-0.036818,-0.189902
-0.179040,0.002918,-0.040963,-0.144363
-0.045667,0.050545,0.453902,-0.080434
-0.099928,0.015312,0.498977,-0.046654
-0.361334,-0.007376,-0.032125,-0.048349
-0.361559,-0.007628,-0.031230,-0.048887
-0.174528,0.005792,0.430661,-0.059866
-0.045732,0.000119,0.530481,0.012839
-0.277110,-0.052501,0.001059,-0.078274
-0.294291,-0.018334,-0.112910,-0.023813
-0.215545,-0.064737,0.002327,-0.076049
-0.155973,-0.049640,-0.171204,-0.067573
-0.077091,-0.090164,-0.083910,-0.195480
-0.089181,-0.211594,0.048937,0.031750
-0.017591,-0.192297,0.005057,0.083145
-0.002271,-0.146535,0.010930,0.095956
0.026616,-0.105283,0.019279,0.097283
0.207218,-0.016527,0.061790,0.101720
0.339375,0.070506,-0.027439,0.112055
0.061644,0.022117,-0.486232,0.036398
0.084125,-0.006864,-0.535501,0.008890
0.087911,-0.013856,-0.530925,0.007521
-0.021931,-0.009759,-0.454364,0.036704
-0.054544,-0.076705,-0.322880,0.067768
0.282387,-0.011841,0.173888,0.106043
0.292887,-0.009776,0.171151,0.096213
0.221845,-0.145212,0.101877,0.013271
0.225205,0.071807,0.069296,0.182864
0.344231,0.234380,-0.190194,0.007997
0.229690,0.313845,-0.030862,0.012331
0.217776,0.319636,-0.024427,0.012149
0.219755,0.329595,-0.021358,-0.011105
0.221502,0.337644,-0.012244,-0.058409
0.214995,0.317727,0.000788,-0.122961
0.182572,0.255865,0.000754,-0.157231
0.094841,0.135858,-0.030746,-0.196693
0.017814,0.040116,-0.049343,-0.199190
-0.145036,-0.026468,-0.052716,-0.118428
-0.024835,0.027287,0.469707,-0.012683
-0.086314,0.020871,0.486565,-0.012636
-0.364177,-0.006614,-0.049563,-0.028557
-0.364600,-0.004975,-0.052530,-0.027132
-0.242586,-0.006080,0.341530,-0.047243
-0.169342,-0.003503,0.424564,-0.016786
-0.348978,-0.015725,-0.039098,-0.045515
-0.333965,-0.016193,-0.047366,-0.051791
0.033686,-0.006519,0.495286,0.002887
0.111563,-0.005646,0.422905,0.020639
0.138914,-0.013562,0.015596,0.045615
-0.040639,-0.074949,-0.118308,-0.214379
0.382149,-0.016990,0.053721,0.094777
0.377292,0.007018,0.041476,0.115497
0.319329,0.047491,-0.178724,0.278698
0.046276,-0.016413,-0.556557,0.077345
0.008688,-0.018823,-0.533421,0.094207
-0.126557,-0.009021,-0.428612,0.114840
-0.212919,-0.011899,-0.294249,0.069717
-0.169606,-0.089469,-0.068083,0.065139
0.143119,-0.004486,0.334149,0.077466
0.193546,-0.000596,0.292216,0.064280
0.345588,-0.004172,0.150049,0.058868
-0.034659,-0.037380,-0.357064,-0.020185
-0.078385,-0.009671,-0.327328,-0.033966
0.305880,0.010174,0.131718,0.085025
-0.059222,-0.092729,-0.094209,-0.201396
-0.018392,-0.237573,0.009791,0.013311
-0.177392,-0.194900,0.101189,0.058199
-0.027462,-0.175638,0.005147,0.109015
0.002564,-0.117632,0.015011,0.119965
0.202639,-0.016029,0.059236,0.123556
0.339163,0.070276,-0.029725,0.132260
0.066194,0.024356,-0.485223,0.085780
0.063847,-0.014702,-0.564800,0.066307
0.066670,-0.025961,-0.556075,0.066015
-0.027754,-0.025334,-0.483989,0.087728
-0.106572,-0.068655,-0.349499,0.077541
0.274852,-0.009754,0.176299,0.109115
0.291089,-0.003527,0.165097,0.097799
0.241251,0.037969,-0.040118,0.300264
-0.096441,0.006187,-0.426070,0.066973
-0.159510,0.000870,-0.304309,0.013599
-0.270649,0.017855,-0.169506,-0.027050
-0.303757,0.000405,-0.048713,-0.096243
0.092169,0.011842,0.470023,-0.026137
0.194127,0.008815,0.365892,-0.019707
0.358047,0.001248,0.214651,-0.024455
-0.030766,-0.021450,-0.302613,-0.094470
-0.095061,-0.012705,-0.292818,-0.048766
0.306103,0.011791,0.132863,0.084074
0.167478,0.044222,0.135888,0.200248
-0.122726,0.161060,-0.126103,-0.050889
-0.014230,0.094887,-0.229378,-0.189343
-0.045287,0.063733,-0.132596,-0.228686
-0.210406,-0.022933,-0.038452,-0.149862
-0.051300,0.039330,0.437053,-0.183964
-0.069177,0.042254,0.484084,-0.125359
-0.343717,-0.007778,-0.013888,-0.083912
-0.353957,-0.008806,-0.017163,-0.069362
-0.119381,-0.011989,0.495374,-0.050870
-0.001253,-0.003261,0.528222,0.016366
0.067766,-0.005348,0.270620,0.148164
-0.257717,-0.012143,-0.219677,0.040187
-0.270695,-0.009681,-0.205277,0.036303
0.004591,-0.028065,0.206894,0.184950
0.127846,-0.014889,0.276566,0.152148
-0.230160,-0.014181,-0.245114,0.040104
-0.239600,-0.009965,-0.196230,-0.003555
-0.026240,-0.036115,0.137696,-0.005710
-0.159760,-0.046802,-0.171587,-0.066853
0.107651,0.017896,0.276992,-0.413241
-0.308482,0.003999,0.082932,0.071971
-0.253617,0.108626,0.178265,0.161655
-0.395312,0.036164,-0.033735,0.082591
-0.419886,0.008100,-0.067738,0.061601
-0.110080,0.011907,0.458255,0.152168
-0.037651,0.003115,0.465419,0.116796
-0.045846,0.042427,0.199252,0.259127
-0.295362,-0.006149,-0.220972,0.073133
-0.313179,-0.010501,-0.193382,0.067712
-0.307934,-0.047742,-0.008274,0.096719
0.024129,-0.014073,0.346401,0.187840
0.069441,-0.016830,0.235049,0.248139
-0.252063,-0.006825,-0.229253,0.038790
-0.256152,-0.003972,-0.181363,-0.007863
-0.253452,-0.042328,-0.024271,-0.115970
0.118083,-0.000635,0.435908,-0.003848
0.206312,0.001137,0.346481,-0.005728
0.357695,-0.006243,0.171784,0.027114
0.180686,-0.001655,-0.150321,0.060504
-0.061077,-0.010404,-0.403439,0.025570
-0.138255,-0.015385,-0.279865,-0.015845
-0.235030,-0.003950,-0.168742,-0.041628
-0.258415,-0.030281,-0.033813,-0.125403
0.107342,-0.003483,0.427042,0.018713
0.185895,-0.001674,0.334345,0.030471
0.347988,-0.007093,0.174480,0.035004
0.009943,-0.058688,-0.309652,-0.042905
-0.058337,-0.039624,-0.341184,-0.010168
0.342016,-0.005036,0.208442,0.004440
0.371806,-0.005109,0.210411,-0.027258
0.340110,0.002004,0.144308,0.060572
0.168779,0.010105,0.269882,-0.419221
-0.109038,-0.111347,-0.111380,0.015332
-0.223075,-0.047061,-0.075625,0.083081
-0.074145,-0.052416,0.396332,0.177474
-0.096234,-0.011526,0.444016,0.159881
-0.422549,0.014318,-0.051385,0.083663
-0.434525,-0.004306,-0.060427,0.074935
-0.105424,-0.001784,0.490552,0.156446
-0.043627,-0.004492,0.460939,0.135911
-0.076911,0.010143,0.182725,0.193124
-0.282782,-0.009372,-0.180672,0.023475
-0.290445,-0.009293,-0.173683,0.024071
-0.315045,-0.045477,-0.023615,-0.007313
0.067915,-0.010737,0.393909,0.093802
0.139221,-0.013198,0.268936,0.141612
-0.222942,-0.013219,-0.244523,0.031334
-0.239583,-0.008867,-0.228401,0.027500
0.003800,-0.035848,0.154881,0.104422
0.136023,-0.004412,0.238798,0.032289
-0.198644,-0.006708,-0.190813,-0.053186
-0.213952,-0.006163,-0.181217,-0.048018
-0.183201,-0.047909,-0.005631,-0.168139
-0.031278,-0.060001,-0.103264,-0.049312
-0.308057,0.050055,-0.376236,0.192284
-0.138619,-0.069074,0.086158,-0.019559
-0.019030,-0.053398,0.068294,-0.067079
0.020064,-0.026488,0.077199,-0.108572
0.052010,-0.009439,0.080465,-0.105231
0.088988,0.005642,0.082116,-0.103187
0.223320,0.020065,0.080442,-0.094385
0.179372,-0.073261,-0.214706,-0.145372
0.121765,-0.017923,-0.416338,-0.113404
0.140591,-0.010665,-0.494337,-0.081292
0.150509,-0.016610,-0.482385,-0.099363
0.501441,0.014153,0.033198,-0.044041
0.491511,0.002992,0.055104,-0.008949
0.075580,-0.023631,-0.484627,-0.016672
0.016169,-0.009446,-0.439143,-0.016930
-0.051594,-0.032261,-0.322914,-0.042581
0.323075,-0.009979,0.217741,0.019177
0.320503,-0.009593,0.178502,0.061025
0.338192,0.002114,0.143772,0.062467
-0.262071,0.055410,-0.412335,0.180879
0.108349,-0.073545,-0.328615,-0.011405
0.291855,-0.067393,-0.174632,-0.058628
0.288523,0.050410,-0.259630,-0.103592
0.281551,0.154436,-0.288604,-0.093211
0.172552,0.104572,-0.451324,-0.118123
0.023762,0.032500,-0.456794,-0.048775
-0.100935,0.020432,-0.312598,-0.056250
-0.231059,0.030429,-0.190579,-0.058141
-0.270888,0.020209,-0.057487,-0.137189
0.120287,0.039412,0.345183,-0.047213
-0.021894,0.008577,0.054363,-0.165268
-0.176330,-0.002049,-0.160917,-0.110051
-0.032899,-0.011514,0.006337,-0.180799
0.299990,-0.005313,0.297817,-0.043566
0.221787,-0.145229,0.101853,0.013268
0.341156,-0.094901,0.097648,0.023621
0.396098,0.003474,-0.036441,0.040931
0.072157,-0.026815,-0.483527,-0.011103
0.076847,-0.039668,-0.485967,-0.000556
0.040466,-0.063488,-0.422603,-0.003684
0.058826,-0.105086,-0.265915,-0.059315
0.309133,-0.159337,0.070268,0.069420
0.084211,-0.026512,-0.196003,0.106344
-0.124740,-0.016253,-0.404100,0.096053
-0.191859,-0.021660,-0.341058,0.109842
0.165285,-0.011971,0.201325,0.194403
0.217401,-0.017939,0.203075,0.147475
-0.157248,-0.064086,-0.320805,0.098358
-0.189157,-0.027671,-0.339239,0.106718
0.163011,-0.015793,0.199996,0.202923
0.091021,-0.025363,-0.017869,0.018785
0.146674,0.018782,0.269299,-0.419122
-0.016139,-0.037152,-0.113379,0.158430
-0.264288,-0.011597,-0.102654,0.152431
-0.062759,-0.001746,0.438938,0.158459
-0.099391,0.007213,0.478180,0.138704
-0.453360,-0.021645,-0.058878,0.090429
-0.449428,-0.018622,-0.063473,0.082582
-0.133741,0.003917,0.478913,0.158221
-0.070499,-0.005853,0.509170,0.098722
-0.323904,-0.055619,-0.037726,-0.008770
-0.286659,-0.075394,-0.043917,-0.004310
0.076167,-0.002394,0.419690,0.056596
0.175767,0.000630,0.343983,0.028778
0.357417,-0.005981,0.209635,-0.011061
0.322805,0.006858,0.140098,0.073161
0.291967,0.077229,0.001034,0.179254
0.141438,0.348681,-0.009358,-0.071083
0.103935,0.282497,-0.005313,-0.148989
-0.024408,0.102439,-0.048438,-0.243290
-0.192856,-0.026831,-0.042702,-0.168602
-0.133013,-0.002843,0.307364,-0.302426
0.009755,0.013330,0.585175,-0.064696
0.002661,0.002732,0.577485,-0.036641
0.005629,-0.005081,0.524536,-0.006033
-0.130964,-0.023210,0.073527,-0.100039
-0.230959,-0.018265,-0.133389,-0.066725
-0.019866,-0.021982,0.104784,-0.051295
0.220248,-0.013343,0.310228,0.032393
0.269403,-0.012261,0.222761,0.070356
0.096680,-0.028343,-0.015244,0.021057
0.261034,0.092175,0.009395,0.186769
0.133318,0.342729,-0.039107,0.048076
0.150482,0.367059,-0.032141,0.010659
0.160473,0.377753,-0.023199,-0.030509
0.155347,0.363455,-0.014590,-0.082832
0.137662,0.332427,-0.005593,-0.106803
0.107215,0.282006,-0.004303,-0.120230
0.042094,0.189526,-0.025089,-0.144108
-0.057097,0.063260,-0.065912,-0.153704
-0.199463,-0.008770,-0.052924,-0.074762
-0.057422,0.025255,0.475675,-0.006836
-0.155921,-0.009854,0.449680,0.012167
-0.403002,0.000997,-0.051187,0.004448
-0.401954,0.003037,-0.053788,0.003581
-0.259858,-0.032373,0.336751,-0.039967
-0.006452,0.012377,0.571898,-0.035041
0.072507,0.005655,0.515816,-0.074930
-0.093912,-0.042056,0.045882,-0.271634
-0.169169,-0.016158,-0.120193,-0.143830
-0.035001,-0.045403,0.041120,-0.261615
0.299646,-0.012455,0.311462,-0.050756
0.345641,-0.008495,0.215957,-0.003761
-0.047362,-0.053999,-0.329891,-0.017843
-0.113367,-0.046012,-0.350240,0.060276
0.312696,0.006325,0.133525,0.081943
-0.305980,0.043882,-0.369141,0.190854
-0.154658,-0.121704,0.074290,0.073226
-0.216342,-0.114623,0.095578,0.021533
-0.104474,-0.124101,0.041270,-0.027496
-0.075569,-0.100970,0.049054,-0.074063
-0.027485,-0.063743,0.061041,-0.129544
0.036969,-0.018641,0.075962,-0.180521
0.095339,0.007178,0.081910,-0.175935
0.147058,0.022811,0.084205,-0.177199
0.260188,0.043605,0.089234,-0.145405
0.253135,-0.006796,-0.154794,-0.145280
0.133578,-0.012046,-0.418397,-0.102910
0.138096,-0.011496,-0.479533,-0.084604
0.140248,-0.019264,-0.462874,-0.102645
0.504651,0.004720,0.046735,-0.019843
0.486736,-0.001519,0.055706,0.005795
0.066278,-0.027788,-0.486647,-0.001192
0.019256,-0.014067,-0.449265,-0.005275
-0.020391,-0.049709,-0.316972,-0.062052
0.342354,-0.009034,0.207776,0.009023
0.362136,-0.007189,0.181490,0.013765
0.305413,-0.002447,-0.038290,0.066910
-0.047149,-0.007587,-0.421637,0.027022
-0.147996,-0.012550,-0.350530,0.061726
-0.255021,-0.011822,-0.239072,0.056565
0.086418,-0.014689,0.234709,0.212874
0.180026,-0.012927,0.280974,0.097042
-0.188184,-0.012672,-0.217873,-0.030621
-0.201941,-0.006094,-0.173627,-0.067689
-0.005468,-0.029336,0.146618,-0.202892
0.265511,-0.012030,0.352928,-0.057796
0.333299,-0.008203,0.235276,-0.010626
-0.007654,-0.060899,-0.270758,-0.086215
-0.053587,-0.042829,-0.303971,-0.048922
0.298501,-0.011354,0.221135,0.042026
0.299595,-0.009783,0.182680,0.077915
0.365351,0.000960,0.146378,0.036617
-0.026943,-0.066173,-0.136136,-0.219430
0.377203,0.039861,-0.076428,0.189285
0.365800,0.023919,-0.120652,0.270785
0.026005,-0.020710,-0.558939,0.104293
-0.004579,-0.023439,-0.538526,0.117193
-0.139006,-0.012950,-0.429077,0.131683
-0.223222,-0.025819,-0.309866,0.109558
0.153370,-0.008497,0.206729,0.196128
0.233780,-0.004900,0.225777,0.094125
-0.161189,-0.005244,-0.266320,-0.016597
-0.187150,-0.003211,-0.195567,-0.063423
-0.124722,-0.038687,0.002012,-0.272424
0.234852,-0.007323,0.395435,-0.075398
0.266313,0.001156,0.317082,-0.038921
0.406006,-0.005310,0.165724,-0.016697
0.342852,-0.011239,-0.068813,-0.033963
-0.005787,-0.005400,-0.428486,-0.009676
-0.118297,-0.007666,-0.356680,0.033294
-0.212302,-0.015249,-0.282486,0.060687
0.116071,-0.017647,0.228022,0.214333
-0.133011,-0.054590,-0.162717,-0.074752
0.110190,0.019864,0.271352,-0.417251
-0.315560,0.078352,0.047828,0.153337
-0.424576,0.006166,-0.122511,0.107509
-0.430995,0.000962,-0.119263,0.102305
-0.167345,0.009082,0.416661,0.210719
-0.158928,-0.006586,0.444385,0.190057
-0.410926,-0.015853,-0.061653,0.039515
-0.394087,-0.012944,-0.079660,0.037388
-0.076913,-0.009493,0.453908,0.155877
0.026453,-0.006579,0.435124,0.093542
-0.046328,-0.047817,0.068208,0.097157
-0.225586,-0.008380,-0.208063,-0.007321
-0.249653,-0.007336,-0.191311,-0.001050
-0.311343,-0.026517,-0.074179,-0.037108
0.090876,-0.005172,0.427141,0.034614
0.181458,-0.001663,0.344364,0.025642
0.316286,0.008684,0.137562,0.077844
-0.272803,0.052745,-0.410351,0.189223
0.208137,-0.134181,-0.029633,-0.065372
0.295713,-0.032637,0.118598,-0.102121
0.387531,-0.025404,0.019235,-0.137202
0.186283,0.018301,-0.456226,-0.163935
0.162974,-0.011690,-0.505633,-0.094702
0.192390,-0.015015,-0.293894,-0.303448
0.484488,0.006834,0.143964,-0.088517
0.475390,0.000656,0.151703,-0.079656
0.206184,-0.067536,-0.260594,-0.228368
0.083083,-0.057081,-0.363936,-0.109955
0.396752,-0.007722,0.136253,0.024814
0.365651,-0.006417,0.131944,0.059051
0.362159,-0.011445,-0.052354,0.246367
-0.027737,-0.020322,-0.476448,0.075157
-0.120512,-0.020631,-0.387703,0.079496
-0.241603,-0.004082,-0.278250,0.074585
-0.210480,-0.071139,-0.066812,0.095286
0.133326,0.002374,0.311700,0.094991
0.024334,0.007347,0.075986,-0.037369
-0.181238,0.000664,-0.199428,-0.069349
-0.199848,-0.000618,-0.168441,-0.080443
-0.239603,-0.013603,-0.063901,-0.132240
0.156263,-0.006832,0.432468,-0.037494
0.228933,-0.005580,0.333732,-0.007730
0.357673,-0.003615,0.200600,-0.005205
-0.061533,-0.017904,-0.343934,-0.025979
-0.130595,-0.013029,-0.305013,-0.000712
0.221777,-0.145232,0.101849,0.013267
0.339064,-0.113522,0.096311,-0.004006
0.383634,-0.017594,-0.047465,0.012942
0.073755,-0.032692,-0.479013,-0.011303
0.067259,-0.040268,-0.495204,0.018870
0.007964,-0.053694,-0.468316,0.064863
0.257644,-0.024185,-0.058441,0.324182
0.224112,-0.006219,-0.039268,0.365068
-0.157771,0.003079,-0.420967,0.126309
-0.216378,0.004697,-0.372238,0.134569
-0.296862,-0.009698,-0.257655,0.114865
-0.160874,-0.038084,0.072868,0.213011
-0.100126,-0.061721,0.107356,0.184819
-0.278325,-0.010635,-0.211424,0.051033
-0.293260,-0.006507,-0.189346,0.039763
-0.329648,-0.024909,-0.062099,-0.032466
0.069661,-0.001560,0.488405,-0.013026
0.174632,-0.001430,0.391014,-0.015073
0.323067,0.006082,0.139683,0.073628
0.149244,0.013391,0.275967,-0.414413
-0.016353,-0.083270,-0.112306,0.017334
-0.220586,-0.047716,-0.075493,0.083764
-0.073807,-0.053536,0.395884,0.175270
-0.096230,-0.012708,0.443915,0.157315
-0.423019,0.013262,-0.052913,0.079125
-0.436737,-0.004214,-0.069651,0.074630
-0.125273,-0.000125,0.467639,0.179276
-0.063839,-0.003708,0.462895,0.151417
-0.217441,0.006188,0.062317,0.101915
-0.315829,-0.014083,-0.134436,0.015000
-0.263801,-0.034275,-0.028919,-0.010272
0.107797,-0.014298,0.345777,0.106999
-0.174950,-0.041323,-0.172205,-0.059895
0.142378,0.067368,0.133752,0.203286
-0.311794,0.147290,-0.053326,0.017477
-0.253168,0.140243,-0.129531,-0.012526
-0.190321,0.169196,-0.113944,-0.030384
-0.131429,0.187727,-0.088035,-0.054819
-0.115672,0.177321,-0.080109,-0.069149
-0.120941,0.152200,-0.083875,-0.060503
-0.101585,0.169724,-0.064498,-0.000184
0.003504,0.151936,-0.164395,-0.024911
0.096560,0.190272,-0.104048,-0.023371
0.066588,0.219097,-0.020842,-0.012551
0.046304,0.191959,-0.028287,-0.013910
0.021925,0.160781,-0.037808,-0.017786
-0.006571,0.124923,-0.050496,-0.024194
-0.034463,0.090328,-0.064182,-0.026737
-0.182870,0.032179,-0.040444,-0.019241
-0.052230,0.026469,0.490076,-0.009553
-0.140786,-0.001096,0.458823,-0.032543
-0.375667,-0.005382,-0.034936,-0.032883
-0.372915,-0.004824,-0.040267,-0.031241
-0.223683,-0.019053,0.376380,-0.039968
-0.069116,0.010992,0.501913,0.008320
-0.310253,-0.024165,-0.035349,-0.079269
-0.286535,-0.024996,-0.047512,-0.089907
0.103967,-0.001481,0.450062,-0.004439
0.191884,0.001215,0.360708,-0.005423
0.376129,-0.001069,0.145085,0.029218
-0.275108,0.052708,-0.409275,0.190703
0.182552,-0.114721,0.021422,-0.023057
0.244506,-0.073240,0.046956,-0.034777
0.172197,0.014973,-0.349733,-0.126169
0.180653,0.042070,-0.498113,-0.124351
0.157403,0.011292,-0.493624,-0.122696
0.200345,0.040609,-0.246233,-0.277318
0.460433,0.011834,0.164154,-0.089472
0.462403,0.003217,0.163283,-0.080093
0.218611,-0.040493,-0.217396,-0.225348
0.062847,-0.056739,-0.344895,-0.110091
0.388967,-0.007206,0.145784,0.022712
0.369564,-0.007199,0.139091,0.048909
0.253884,-0.013984,-0.155182,0.168990
-0.011281,-0.016647,-0.454548,0.033125
-0.107291,-0.017816,-0.311518,-0.012725
-0.222550,-0.005718,-0.190045,-0.031038
-0.268639,-0.025700,-0.065670,-0.089017
0.138291,-0.005635,0.419578,-0.003692
0.221269,-0.003874,0.337528,-0.005630
0.361779,-0.002391,0.145785,0.043590
-0.271552,0.053710,-0.413014,0.189702
0.221732,-0.122085,-0.013577,-0.082359
0.299968,-0.023969,0.130102,-0.100606
0.384694,-0.018434,0.035971,-0.101074
0.188496,0.025600,-0.451394,-0.140252
0.161266,-0.011922,-0.527591,-0.070486
0.120568,-0.011909,-0.473589,-0.084418
-0.002113,-0.007797,-0.340881,-0.098559
0.376030,-0.002137,0.145733,0.029743
0.116296,0.014625,0.283144,-0.408351
-0.217277,-0.058020,-0.138052,0.031300
-0.316964,-0.009004,-0.104687,0.086669
-0.116087,-0.009051,0.380909,0.217964
-0.129218,0.019622,0.412796,0.201558
-0.439920,-0.004631,-0.082752,0.101892
-0.446038,-0.014626,-0.087107,0.100352
-0.150400,-0.003523,0.427737,0.263854
-0.073162,-0.008928,0.438405,0.189402
-0.333687,-0.049970,-0.081455,0.024397
-0.318975,-0.050577,-0.094166,0.017195
0.080469,-0.005658,0.406184,0.068238
0.194691,-0.001950,0.344484,0.012586
0.302729,0.009502,0.129055,0.087100
0.260111,0.070465,0.039223,0.179656
0.113013,0.223809,-0.129466,-0.196400
0.025540,0.164571,-0.030588,-0.222724
-0.093216,0.012734,-0.071857,-0.214001
-0.206164,-0.040476,-0.041144,-0.144531
-0.066695,0.023405,0.411106,-0.141296
-0.102578,0.030342,0.472987,-0.059731
-0.357897,-0.006241,-0.033102,-0.052018
-0.364868,-0.006675,-0.036608,-0.041163
-0.125968,0.008443,0.487626,0.052807
-0.052893,-0.006209,0.517002,0.084918
-0.165625,-0.062944,0.111486,0.116446
-0.313528,-0.025704,-0.133183,0.023071
-0.201050,-0.067684,0.013288,-0.051544
-0.156046,-0.047602,-0.170761,-0.068682
-0.078500,-0.085987,-0.084988,-0.197151
-0.107059,-0.184621,0.042768,0.077286
-0.011093,-0.134353,0.011106,0.122898
0.031411,-0.077746,0.019763,0.130144
0.224111,0.008611,0.052678,0.130766
0.345643,0.074790,-0.036596,0.144887
0.075555,0.012114,-0.487464,0.088567
0.081404,-0.016919,-0.556347,0.042515
0.096780,-0.023997,-0.545691,0.023558
-0.007368,-0.014625,-0.458130,0.030772
0.221962,-0.145179,0.101924,0.013277
0.225263,0.071824,0.069229,0.182858
0.342223,0.236464,-0.192329,-0.000995
0.231109,0.331804,-0.023029,-0.036955
0.219154,0.331606,-0.004909,-0.091601
0.196000,0.280213,0.003664,-0.159868
0.100578,0.144604,-0.025609,-0.231900
0.017533,0.041543,-0.050321,-0.213506
-0.143952,-0.025066,-0.052474,-0.122262
-0.014202,0.028079,0.494628,-0.042771
-0.066988,0.030580,0.497304,-0.041659
-0.348669,-0.005727,-0.042126,-0.052569
-0.349927,-0.004291,-0.044691,-0.050381
-0.191881,0.011017,0.404188,-0.006198
-0.104952,0.002446,0.494023,0.053290
-0.347680,-0.020988,-0.040087,-0.040273
-0.328071,-0.021808,-0.049083,-0.049673
0.050800,-0.005232,0.475588,0.025659
0.155702,-0.002515,0.372909,0.023252
0.305332,0.005775,0.128379,0.086297
0.150099,0.017337,0.272595,-0.416757
-0.048020,-0.065263,-0.125485,0.094592
-0.256565,-0.017318,-0.092695,0.126799
-0.080109,-0.016066,0.407280,0.172760
-0.097480,0.003993,0.466466,0.143024
-0.441567,-0.007953,-0.059505,0.075156
-0.445426,-0.014459,-0.064873,0.078261
-0.131363,-0.003273,0.475714,0.188480
-0.071731,-0.008063,0.486279,0.137262
-0.296622,-0.045495,-0.008603,-0.002408
-0.314214,-0.014471,-0.126438,0.005773
-0.283711,-0.050866,-0.042700,-0.036851
0.083669,-0.004855,0.427767,0.043286
0.171383,-0.002321,0.349499,0.030446
0.375871,-0.000732,0.144927,0.029294
0.231556,0.074909,0.060366,0.182424
0.210200,0.305268,-0.135724,-0.029638
0.146316,0.354129,-0.011140,-0.063412
0.123049,0.310734,-0.003108,-0.117139
0.079001,0.242704,-0.011533,-0.130611
-0.008379,0.127272,-0.044148,-0.154974
-0.178733,0.014329,-0.040462,-0.102267
-0.057373,0.030118,0.468928,-0.030538
-0.137000,0.003228,0.459469,-0.039777
-0.369586,-0.006657,-0.033592,-0.039149
-0.367215,-0.005744,-0.037602,-0.038725
-0.225360,-0.014274,0.369393,-0.057629
-0.076254,0.007377,0.493150,-0.006057
-0.304350,-0.021803,-0.030475,-0.092493
-0.281150,-0.022793,-0.043764,-0.101280
0.107547,-0.003258,0.457737,-0.014849
0.206018,-0.001343,0.354697,-0.010697
0.367124,-0.003184,0.145081,0.039862
-0.038181,-0.084360,-0.114925,-0.210800
0.395135,-0.055287,0.069972,0.052031
0.398752,-0.020806,0.057341,0.086116
0.276262,0.032537,-0.224933,0.182496
0.051127,-0.010822,-0.541233,0.051580
0.013278,-0.010492,-0.517501,0.065369
-0.118627,0.006626,-0.421457,0.084108
-0.190442,-0.002405,-0.325241,0.068740
0.094218,0.009676,0.147157,0.258673
0.137335,-0.008545,0.172107,0.233853
-0.202826,-0.011674,-0.297920,0.063070
-0.235642,-0.007713,-0.269693,0.063698
-0.243933,-0.078139,-0.095054,0.078171
0.094120,-0.005974,0.367349,0.094788
0.186735,-0.004148,0.329100,0.038230
0.344668,0.002287,0.145511,0.055650
-0.274893,0.051490,-0.406705,0.188938
0.182759,-0.145197,-0.035607,-0.032637
0.258151,-0.049088,0.112750,-0.072392
0.352846,-0.047150,0.005224,-0.121597
0.180413,0.038624,-0.460240,-0.137082
0.159628,-0.003794,-0.526390,-0.077984
0.112851,-0.008133,-0.465027,-0.089040
-0.023151,-0.002662,-0.320780,-0.102757
0.267892,0.020135,0.113070,-0.183110
0.361995,-0.002233,0.146004,0.043068
0.158363,0.009676,0.274777,-0.415439
-0.064066,-0.113965,-0.117140,0.012530
-0.216923,-0.051878,-0.073497,0.083817
-0.087274,-0.057173,0.375097,0.187723
-0.095453,-0.013116,0.439890,0.165911
-0.419511,0.019155,-0.048592,0.092748
-0.427196,0.001811,-0.045473,0.090083
-0.111356,-0.001701,0.484245,0.166996
-0.046576,-0.003511,0.478691,0.118571
-0.140029,0.019983,0.130790,0.090717
-0.274741,-0.008675,-0.175802,0.009867
-0.283882,-0.008874,-0.169879,0.013285
-0.317033,-0.029012,-0.025450,-0.031802
0.055960,-0.004253,0.452685,0.045061
0.157527,-0.003035,0.357686,0.036835
0.358442,-0.002207,0.145577,0.046737
-0.044395,-0.077110,-0.113950,-0.212723
0.375869,-0.049757,0.086985,0.053141
0.368251,-0.017336,0.078075,0.090515
0.364393,0.048387,-0.100995,0.211043
0.042617,-0.006927,-0.558621,0.073581
0.034545,-0.017656,-0.545769,0.079531
-0.062502,-0.014457,-0.471066,0.098674
-0.135491,-0.068782,-0.344637,0.101083
0.243418,-0.015917,0.190321,0.132693
0.345396,0.000820,0.145148,0.056457
-0.283732,0.047363,-0.393777,0.189259
0.101172,-0.166182,-0.001544,0.036210
0.077361,-0.148803,0.076215,-0.012682
0.132883,-0.115350,0.095792,-0.063355
0.257552,-0.089582,0.039366,-0.110596
0.177193,0.023549,-0.359445,-0.147688
0.184590,0.049310,-0.500084,-0.110250
0.155571,0.018374,-0.494522,-0.123056
0.290179,0.134537,-0.150962,-0.171208
0.104353,0.007088,-0.278130,-0.244292
0.004519,-0.010270,-0.326780,-0.116817
0.221835,-0.145215,0.101873,0.013270
0.343922,-0.093765,0.097608,0.023717
0.386673,0.006949,-0.052283,0.041581
0.071671,-0.026435,-0.483812,-0.010723
0.071171,-0.040162,-0.481954,0.001606
0.033916,-0.059435,-0.418603,-0.005190
0.024755,-0.093847,-0.288137,-0.052970
0.215096,-0.237321,-0.006630,-0.004345
0.209415,-0.239264,-0.008289,-0.005458
0.201364,-0.242687,-0.013070,-0.007528
0.194935,-0.244860,-0.015841,-0.008781
0.188045,-0.247142,-0.019388,-0.010124
0.180880,-0.249346,-0.023084,-0.011450
0.150623,-0.279193,-0.047554,-0.058379
0.130661,-0.293989,-0.061635,-0.086453
0.153421,-0.275491,-0.040376,-0.019141
0.182648,-0.229997,-0.009319,0.048235
0.251233,-0.104448,0.067643,0.202957
0.055600,0.097565,-0.164989,0.244521
-0.184677,0.012630,-0.409368,0.132067
-0.252034,0.017867,-0.338267,0.123095
-0.323219,-0.002594,-0.242804,0.119268
-0.179430,0.028682,0.096750,0.297913
-0.210356,-0.018577,0.066656,0.182731
-0.296603,-0.010156,-0.177324,0.034733
-0.292655,-0.008281,-0.174112,0.025698
-0.370635,-0.021542,-0.060910,0.003800
-0.004884,-0.008153,0.484261,0.071226
0.088028,-0.004020,0.425905,0.039878
0.002678,-0.036154,-0.076928,-0.029069
-0.290481,0.050964,-0.394418,0.193316
-0.221216,-0.065848,0.113912,-0.029269
-0.084596,-0.044642,0.085269,-0.041314
0.019350,-0.025899,0.077715,-0.096333
0.069516,-0.002849,0.080440,-0.145178
0.126219,0.016899,0.083047,-0.157574
0.247813,0.036871,0.089523,-0.142676
0.218929,-0.021103,-0.177687,-0.200098
0.131981,-0.012344,-0.415498,-0.118749
0.139377,-0.011615,-0.478094,-0.087031
0.143591,-0.018795,-0.461717,-0.106928
0.500302,0.003249,0.046882,-0.010674
0.485969,-0.001421,0.055605,0.006324
0.071960,-0.026497,-0.485540,-0.009274
0.021584,-0.012369,-0.446095,-0.012470
0.333369,0.000531,0.140510,0.068671
-0.287574,0.047477,-0.391773,0.191272
0.029110,-0.179826,0.028755,0.042367
-0.020559,-0.139469,0.092434,0.028454
-0.021625,-0.131689,0.090547,-0.023608
-0.002001,-0.106255,0.092140,-0.072858
0.029988,-0.067111,0.096976,-0.114916
0.063316,-0.029823,0.103922,-0.128308
0.091006,-0.012782,0.101697,-0.126520
0.243463,-0.008229,0.123626,-0.108139
0.270150,-0.072909,-0.134497,-0.104625
0.165573,-0.018359,-0.403202,-0.065790
0.183965,0.038355,-0.471291,-0.024327
0.131883,-0.018138,-0.547711,-0.011305
0.089517,-0.014888,-0.489450,-0.029493
0.437703,0.055640,0.054718,-0.038895
0.388194,0.075922,0.052661,-0.128785
0.016539,-0.005020,-0.341089,-0.119780
-0.080963,-0.004686,-0.244195,-0.119506
-0.166991,-0.013351,-0.155428,-0.113580
0.217743,-0.015088,0.301426,-0.039563
0.290856,-0.010227,0.262188,0.005676
-0.048525,-0.070500,-0.248314,-0.011828
-0.112769,-0.080424,-0.280589,0.047075
0.254908,-0.013196,0.222461,0.086277
0.383266,-0.003357,0.142852,0.026627
0.214862,0.070491,0.079334,0.184296
0.221388,0.282138,-0.174910,-0.037271
0.146004,0.354230,-0.011219,-0.063308
0.117104,0.301253,-0.003846,-0.134326
0.057977,0.213311,-0.018452,-0.159290
-0.048266,0.076033,-0.060163,-0.178863
-0.203175,-0.028991,-0.052967,-0.127259
-0.044218,0.044782,0.457179,-0.072101
-0.125743,0.017284,0.453500,-0.042914
-0.362270,-0.006339,-0.038970,-0.041625
-0.361550,-0.005226,-0.042945,-0.039593
-0.234814,0.001570,0.340836,-0.071309
-0.006097,0.001574,0.566844,-0.015995
0.053928,-0.003024,0.502792,-0.007777
0.150381,-0.012376,0.245862,0.095617
-0.198964,-0.011525,-0.241864,0.003003
-0.226916,-0.010343,-0.208840,-0.003252
-0.146346,-0.061844,0.011976,-0.031727
-0.105118,-0.064400,-0.150043,-0.074528
0.148375,0.032840,0.146472,0.217574
-0.245978,0.012992,0.316598,-0.161510
-0.355917,0.017073,0.047519,-0.154059
-0.256685,0.015920,0.273861,-0.293236
0.020884,0.028401,0.575865,-0.123169
0.142970,0.000151,0.493186,-0.127480
-0.055412,-0.063297,-0.119129,-0.060039
0.117784,0.014644,0.283024,-0.408462
-0.342781,-0.040467,-0.019225,0.025384
-0.347226,0.036285,0.020734,0.098852
-0.284222,0.131900,0.119351,0.169132
-0.419281,0.004495,-0.100868,0.071935
-0.419967,0.004014,-0.100962,0.068972
-0.168015,0.029140,0.386545,0.190442
-0.096970,0.006026,0.441776,0.190443
-0.337013,-0.003517,-0.051654,0.090471
-0.351316,-0.009916,-0.161077,0.072960
-0.374011,-0.037804,-0.099834,0.066577
0.011857,-0.008860,0.414758,0.130419
0.104373,-0.005753,0.398770,0.052630
-0.006419,-0.034099,-0.082267,-0.033133
-0.060575,-0.075379,-0.102076,-0.209616
-0.172084,-0.146992,0.058198,0.097492
-0.104895,-0.108795,0.033536,0.129177
0.059403,-0.046217,0.024952,0.140308
0.236572,0.020876,0.042863,0.136226
0.350759,0.068895,-0.048064,0.158642
0.069428,0.003613,-0.506478,0.064600
0.092596,-0.018089,-0.553558,0.029707
0.111240,-0.023332,-0.539891,0.002634
0.008696,-0.012171,-0.447809,0.001933
0.265661,0.006567,0.102654,0.095029
0.134268,0.019999,0.267329,-0.420241
0.067452,-0.003318,-0.086386,0.212814
-0.173642,-0.060579,-0.154144,0.191765
-0.309510,-0.056130,-0.132036,0.139138
-0.071996,0.005975,0.453865,0.143714
-0.105579,0.015010,0.490088,0.102885
-0.409298,-0.005709,-0.060695,0.026512
-0.403010,-0.006219,-0.063623,0.023568
-0.134767,0.007081,0.479504,0.105446
-0.078843,-0.004852,0.508237,0.100572
-0.330312,-0.051737,-0.026635,-0.005580
-0.280881,-0.075035,-0.024943,0.004226
0.100992,-0.011116,0.363700,0.091918
0.178107,-0.008045,0.266911,0.094023
-0.191170,-0.007476,-0.228146,-0.022558
-0.217722,-0.007006,-0.198674,-0.025949
-0.075231,-0.045600,0.065587,-0.057651
0.221845,-0.145213,0.101877,0.013271
0.178020,-0.024961,0.364985,0.022417
0.302259,0.044168,0.018139,0.014640
0.039180,-0.146419,-0.094548,-0.008701
-0.106551,-0.090195,-0.061644,0.050221
-0.073367,-0.104431,0.324750,0.160319
-0.086268,-0.029799,0.415191,0.170473
-0.431994,0.003687,-0.091792,0.080082
-0.431337,0.001190,-0.092069,0.074767
-0.147939,0.005531,0.445506,0.175575
-0.110832,-0.004203,0.487554,0.162203
-0.384258,-0.021309,-0.031892,0.011369
-0.357521,-0.021687,-0.043149,-0.015427
0.027986,-0.004526,0.459399,0.065694
0.123441,-0.003647,0.374235,0.055329
0.292073,0.005177,0.119413,0.091584
0.227497,0.074727,0.064090,0.182874
0.214418,0.302373,-0.141260,-0.026208
0.148059,0.356811,-0.012259,-0.058469
0.122300,0.308444,-0.003811,-0.129461
0.027546,0.167688,-0.029889,-0.223697
-0.090506,0.017899,-0.074530,-0.205616
-0.204534,-0.038954,-0.040772,-0.148366
-0.087649,0.013136,0.376969,-0.193111
-0.093722,0.034443,0.470413,-0.074266
-0.362908,-0.006380,-0.034426,-0.045539
-0.359568,-0.005559,-0.040221,-0.043969
-0.192524,0.003190,0.397854,-0.025481
-0.067884,-0.009606,0.506130,0.077187
-0.285432,-0.043740,-0.006666,0.040162
-0.330085,-0.016668,-0.142207,0.039610
-0.282644,-0.061830,-0.040495,-0.014223
0.089526,-0.002607,0.443665,0.018913
0.187237,-0.001440,0.353012,0.010133
0.375580,-0.002409,0.145811,0.030388
0.237189,0.072218,0.058437,0.181500
0.195602,0.288435,-0.146444,-0.067769
0.133138,0.328305,-0.004768,-0.102121
0.069702,0.227174,-0.014207,-0.179612
-0.046218,0.075920,-0.058415,-0.205748
-0.200458,-0.022636,-0.052569,-0.120183
-0.049826,0.038069,0.462908,-0.058080
-0.091965,0.018957,0.510595,-0.054072
-0.357330,-0.008670,-0.024728,-0.058488
-0.356910,-0.008442,-0.024482,-0.059481
-0.167021,0.011423,0.432148,-0.071749
-0.026836,-0.002851,0.537529,0.012587
-0.197332,-0.048542,0.064587,-0.074242
-0.268258,-0.022277,-0.106519,-0.052268
0.006521,-0.029542,0.179380,0.007281
0.188415,-0.009708,0.290671,0.053895
-0.183933,-0.016182,-0.233949,-0.015287
-0.213737,-0.013008,-0.242357,0.019752
0.140179,-0.014895,0.256581,0.155567
-0.043201,-0.053163,-0.109344,-0.053480
-0.063791,-0.081032,-0.096794,-0.205867
-0.204513,-0.161183,0.104560,0.072530
-0.040312,-0.135282,0.015722,0.123429
0.030138,-0.075111,0.019789,0.135160
0.222751,0.009299,0.050640,0.131900
0.345960,0.075434,-0.036686,0.143698
0.071483,0.014046,-0.490066,0.060165
0.080459,-0.015154,-0.547754,0.033101
0.091010,-0.023732,-0.547858,0.031231
-0.013598,-0.015684,-0.458280,0.038212
0.272751,0.005001,0.106750,0.094584
-0.050761,-0.069401,-0.113130,-0.214725
0.301656,-0.006917,0.094349,0.125730
0.299295,0.011354,0.084126,0.139478
0.387124,0.040933,-0.043279,0.161114
0.041604,-0.014752,-0.569867,0.093823
0.056622,-0.031972,-0.559858,0.085858
0.002324,-0.038756,-0.493147,0.080228
0.368594,0.002264,0.145833,0.032512
-0.292380,0.044732,-0.383170,0.190316
0.006172,-0.192825,0.028948,0.037477
-0.032899,-0.139385,0.089439,-0.010614
-0.022350,-0.115367,0.088492,-0.063269
0.008725,-0.075654,0.092360,-0.113831
0.058688,-0.026937,0.097981,-0.174371
0.101529,-0.009774,0.090355,-0.206288
0.143702,0.010053,0.087754,-0.199671
0.277598,0.024126,0.119368,-0.128313
0.373185,0.030118,-0.018223,-0.085187
0.119516,-0.008558,-0.473054,-0.079360
0.145871,-0.016098,-0.527281,-0.051814
0.102590,-0.028617,-0.464675,-0.057731
0.475889,-0.001454,0.070754,0.002686
0.463982,-0.002530,0.083167,0.004074
0.049819,-0.029311,-0.461967,-0.007891
-0.013128,-0.011742,-0.434184,0.009704
0.303529,0.005430,0.126987,0.087156
0.128223,0.019353,0.270981,-0.417802
-0.022160,-0.009931,-0.119907,0.158919
-0.101022,-0.046092,-0.132663,0.207209
-0.298566,-0.038933,-0.123721,0.145699
-0.065826,0.004113,0.458832,0.143335
-0.103109,0.008663,0.495392,0.133789
-0.443061,-0.014741,-0.053861,0.062842
-0.428270,-0.011865,-0.061375,0.052269
-0.137733,0.002842,0.477029,0.157105
-0.070532,-0.003074,0.508202,0.104918
-0.322966,-0.036311,-0.044943,-0.042894
-0.291684,-0.038433,-0.049683,-0.066510
0.096412,-0.001486,0.433535,0.021123
0.182040,0.000894,0.354344,0.011416
0.349449,-0.006928,0.199978,0.007715
-0.011348,-0.049584,-0.308855,-0.077386
0.265206,0.019457,0.107700,0.097524
-0.279132,0.051715,-0.405115,0.191746
0.178871,-0.098246,0.068747,-0.060880
0.259973,-0.054186,0.101793,-0.115008
0.230171,-0.037471,-0.250634,-0.186613
0.166456,0.017265,-0.492712,-0.119574
0.179950,0.013641,-0.460992,-0.171377
0.483200,0.035983,0.029510,-0.095838
0.487880,0.037497,0.056252,-0.089761
0.074532,-0.014083,-0.447039,-0.062760
0.009164,-0.007514,-0.416590,-0.034409
-0.067879,-0.029658,-0.273364,-0.078449
0.339030,-0.005264,0.238387,-0.023327
0.359487,-0.006970,0.226645,-0.029882
0.089350,-0.053805,-0.203195,-0.110146
-0.043231,-0.058803,-0.321574,-0.024148
0.297384,-0.010377,0.180764,0.082701
0.300977,-0.009670,0.170982,0.088158
0.221758,-0.145238,0.101841,0.013266
0.341238,-0.094879,0.097581,0.023609
0.396062,0.003488,-0.036531,0.040934
0.071267,-0.026395,-0.484483,-0.009675
0.060675,-0.031899,-0.507552,0.029432
-0.002094,-0.043284,-0.477802,0.073934
0.261597,-0.020156,-0.062499,0.316570
0.237461,-0.010005,-0.045534,0.331349
-0.141673,0.003102,-0.412178,0.101399
-0.209311,0.006022,-0.342802,0.096741
-0.283513,-0.006677,-0.250148,0.090988
-0.060105,0.007453,0.164586,0.245075
0.000211,-0.016819,0.191988,0.152661
-0.252990,-0.010138,-0.202508,0.016286
-0.265720,-0.009365,-0.188633,0.014368
-0.254210,-0.059369,-0.013676,-0.005823
0.119007,-0.012253,0.359668,0.079233
-0.156825,-0.047874,-0.171050,-0.068071
-0.064621,-0.074506,-0.099529,-0.208816
-0.200546,-0.136717,0.085605,0.101621
-0.046114,-0.099556,0.022663,0.144654
0.201311,0.009308,0.044419,0.166931
0.343751,0.072332,-0.042332,0.160583
0.073061,0.008676,-0.491315,0.073024
0.079294,-0.018119,-0.566527,0.056006
0.085159,-0.029378,-0.559947,0.054816
-0.000966,-0.029680,-0.490116,0.071411
0.302739,0.013614,0.131696,0.084457
0.131969,0.020394,0.265860,-0.421100
0.076504,0.002212,-0.081642,0.234033
-0.177083,-0.053620,-0.153575,0.208697
-0.317673,-0.059341,-0.130895,0.133299
-0.067871,0.007058,0.472903,0.119493
-0.101719,0.012788,0.499947,0.098926
-0.439634,-0.013391,-0.053492,0.057616
-0.439233,-0.018787,-0.051443,0.060444
-0.118528,0.001480,0.501344,0.140664
-0.050838,-0.001638,0.525883,0.066799
-0.283083,-0.054099,-0.007589,-0.083563
-0.291791,-0.016118,-0.110352,-0.031089
-0.228157,-0.057522,-0.008991,-0.102173
-0.156530,-0.047059,-0.170759,-0.068703
-0.303489,0.053052,-0.384399,0.192568
-0.095012,-0.041333,0.080701,-0.100095
0.048911,-0.012329,0.079508,-0.137112
0.100678,0.009138,0.083128,-0.144324
0.235182,0.027274,0.088222,-0.127618
0.198618,-0.044717,-0.190303,-0.192001
0.121859,-0.010777,-0.418071,-0.132203
0.146260,-0.009783,-0.475601,-0.107614
0.139778,-0.016276,-0.479101,-0.092934
0.503749,0.007379,0.037866,-0.021812
0.496628,0.004228,0.049187,-0.011612
0.061979,-0.025730,-0.485973,0.000374
-0.010531,-0.016574,-0.463329,0.041084
0.247220,0.006743,0.090765,0.093152
0.136225,0.019719,0.268170,-0.419738
0.054272,-0.009557,-0.092104,0.189859
-0.171898,-0.057588,-0.153358,0.194573
-0.310291,-0.054302,-0.133470,0.144439
-0.073660,0.004401,0.448712,0.154844
-0.106811,0.012152,0.490151,0.117021
-0.425043,-0.007783,-0.063223,0.046904
-0.419567,-0.008616,-0.066811,0.045732
-0.164119,0.007452,0.440508,0.110149
-0.083665,-0.004576,0.501652,0.048510
-0.321380,-0.024453,-0.031776,-0.070439
-0.303702,-0.039073,-0.048743,-0.048927
0.071273,-0.004352,0.429227,0.053664
0.165384,-0.001945,0.349278,0.036856
0.351587,0.000803,0.146238,0.050218
0.239676,0.070860,0.057692,0.181136
0.179058,0.269761,-0.154836,-0.101672
0.118469,0.302382,-0.002930,-0.124163
0.059016,0.213965,-0.018319,-0.154015
-0.044863,0.079776,-0.059131,-0.174060
-0.202106,-0.026781,-0.053021,-0.124348
-0.047959,0.046781,0.448730,-0.089672
-0.119731,0.016696,0.468763,-0.045467
-0.368835,-0.008170,-0.033693,-0.038482
-0.368016,-0.007707,-0.035250,-0.038328
-0.158378,0.009346,0.450239,-0.027097
-0.045769,-0.000522,0.530147,0.012930
-0.264040,-0.062835,0.016647,-0.045313
-0.301112,-0.019956,-0.117859,-0.010422
-0.232574,-0.052117,-0.012244,-0.120873
-0.149724,-0.053794,-0.170165,-0.069070
0.144007,0.034501,0.145412,0.220074
-0.198503,0.041186,0.398667,-0.091867
-0.369075,0.035892,-0.010863,-0.104489
-0.336611,0.016668,-0.009175,-0.120155
-0.214823,0.025227,0.346584,-0.262144
0.050971,0.013560,0.561473,-0.080470
0.160314,0.004833,0.443297,-0.060388
0.319268,0.006129,0.137537,0.076958
-0.269872,0.055770,-0.418271,0.191401
0.233508,-0.081327,0.053945,-0.092883
0.304170,-0.032335,0.084498,-0.082402
0.220358,-0.008962,-0.316018,-0.143113
0.170294,0.021410,-0.512044,-0.090652
0.151868,-0.002590,-0.500165,-0.093227
0.429558,0.088017,-0.025105,-0.084257
0.337011,0.098327,-0.090268,-0.133955
0.052147,-0.014469,-0.418869,-0.068160
-0.067922,-0.014098,-0.290465,-0.076866
-0.180560,-0.004423,-0.184657,-0.079710
-0.162676,-0.033668,-0.021093,-0.226056
0.217382,-0.012447,0.391790,-0.049034
0.233595,-0.000716,0.312887,0.000387
0.372085,-0.006429,0.159396,0.025047
0.376786,0.001391,-0.020487,0.123471
-0.027506,-0.008244,-0.434364,0.020764
-0.129542,-0.007657,-0.329921,0.017769
-0.222476,-0.007542,-0.222345,0.003013
-0.136410,-0.037200,0.013074,0.005176
0.172701,-0.014963,0.341745,0.049847
0.221923,-0.145190,0.101908,0.013275
0.225190,0.071803,0.069313,0.182866
0.344055,0.234461,-0.190163,0.007996
0.227266,0.315471,-0.030356,0.012403
0.218537,0.329631,-0.021668,-0.009168
0.220669,0.338621,-0.012058,-0.060228
0.214869,0.321903,-0.001149,-0.105649
0.195376,0.280375,0.002971,-0.120663
0.143130,0.199493,-0.011654,-0.151345
0.053028,0.084486,-0.052214,-0.167143
-0.115023,0.012143,-0.048283,-0.099490
-0.015880,0.027616,0.499122,-0.009459
-0.090331,0.016016,0.492898,-0.017434
-0.368322,-0.006258,-0.043457,-0.030585
-0.371208,-0.006088,-0.041063,-0.030819
-0.175610,-0.001490,0.439277,-0.021361
-0.089541,0.003494,0.513108,0.007758
-0.324107,-0.024618,-0.020261,-0.080052
-0.297762,-0.025808,-0.033744,-0.091293
0.081024,-0.001727,0.473485,-0.005426
0.185927,0.000380,0.364090,-0.001814
0.366787,-0.002061,0.146472,0.038008
-0.040590,-0.082685,-0.113902,-0.211051
0.382311,-0.051568,0.077677,0.061680
0.384196,-0.020174,0.068156,0.086851
0.315025,0.044053,-0.176292,0.180975
0.055066,-0.009749,-0.540474,0.045808
0.026570,-0.012516,-0.521965,0.058564
-0.089947,0.002517,-0.430466,0.068546
-0.158386,-0.014246,-0.345882,0.069169
0.186975,-0.011784,0.187015,0.183287
0.232581,-0.017267,0.214028,0.120472
-0.146865,-0.033345,-0.340438,0.071301
-0.186896,-0.019152,-0.303903,0.060600
0.164320,-0.014894,0.198097,0.198831
0.014114,-0.050847,-0.072431,-0.025867
0.168868,0.053939,0.127127,0.197746
-0.308297,0.120213,-0.050735,-0.032068
-0.243228,0.111670,-0.103080,-0.048672
-0.228531,0.098673,-0.096265,-0.059481
-0.228983,0.067632,-0.101568,-0.063450
-0.302846,0.021843,-0.063416,-0.071998
-0.223952,0.015061,0.280259,-0.126047
-0.065782,0.009468,0.572436,-0.047821
-0.182721,-0.003085,0.397917,-0.027990
-0.352661,-0.014026,-0.049426,-0.033203
-0.339868,-0.013334,-0.063565,-0.032568
0.038559,0.001260,0.481542,0.016551
0.130320,0.003233,0.407917,0.008449
0.280501,0.007512,0.228687,0.022095
-0.137693,-0.002382,-0.253230,-0.056045
-0.175972,-0.003864,-0.204572,-0.064943
-0.153482,-0.039640,-0.045502,-0.197783
0.215460,-0.004557,0.348313,-0.009842
0.248515,-0.000280,0.296096,0.003904
0.394678,-0.006295,0.156364,0.005421
0.044401,-0.062123,-0.340911,-0.088043
0.348137,-0.001363,0.144189,0.056477
-0.043439,-0.079826,-0.113194,-0.211728
0.380971,-0.066441,0.089883,0.032692
0.384937,-0.035898,0.082741,0.069059
0.365144,0.039556,-0.104275,0.201771
0.041497,-0.006342,-0.549481,0.064977
0.032933,-0.015570,-0.540327,0.073615
-0.061387,-0.006618,-0.470251,0.088906
-0.129744,-0.050705,-0.355436,0.087087
0.242681,-0.017448,0.197204,0.127907
0.276051,-0.011884,0.178578,0.107769
0.239437,0.006121,0.085625,0.091330
0.167574,0.018567,0.263456,-0.423144
-0.159992,-0.070296,-0.145454,0.150179
-0.273891,-0.009149,-0.109089,0.164588
-0.063378,0.003050,0.444955,0.155190
-0.101946,0.008469,0.484902,0.145554
-0.457751,-0.029297,-0.057783,0.100416
-0.446574,-0.021540,-0.057273,0.076399
-0.117329,0.002515,0.501846,0.130169
-0.052874,-0.003166,0.521169,0.078950
-0.237197,-0.089968,0.044739,0.024187
-0.295530,-0.015671,-0.111934,-0.026215
-0.229836,-0.052227,-0.012239,-0.115433
0.174324,-0.008873,0.372374,0.005559
0.008243,-0.030265,-0.072205,-0.025188
-0.288452,0.052421,-0.398151,0.193472
-0.208452,-0.043719,0.109051,-0.109780
-0.010121,-0.012245,0.079394,-0.154482
0.113117,0.012889,0.084185,-0.146461
0.242951,0.030119,0.090647,-0.134313
0.215886,-0.041334,-0.180704,-0.165311
0.117624,-0.015008,-0.438204,-0.089065
0.136113,-0.014003,-0.495056,-0.069192
0.138172,-0.020106,-0.485317,-0.077928
0.500257,0.008742,0.037044,-0.024707
0.496981,0.009419,0.048245,-0.024869
0.083159,-0.018992,-0.477811,-0.035706
0.011406,-0.009865,-0.440982,-0.009910
-0.051929,-0.035758,-0.330775,-0.030887
0.331855,-0.008792,0.219380,0.007374
0.350043,-0.008157,0.204881,0.003316
0.002980,-0.058472,-0.307403,-0.082684
0.296135,0.004527,0.121696,0.090310
0.135420,0.019330,0.269840,-0.418643
0.059455,-0.010199,-0.090560,0.149172
-0.168791,-0.066727,-0.152369,0.172711
-0.291645,-0.034025,-0.122032,0.151979
-0.071208,0.004909,0.442117,0.158799
-0.106461,0.008885,0.484516,0.143885
-0.446618,-0.013766,-0.061492,0.072943
-0.417392,-0.008480,-0.066442,0.043051
-0.180616,0.010823,0.416846,0.061778
-0.097353,-0.003438,0.483006,0.045101
-0.331526,-0.020617,-0.045128,-0.051836
-0.312135,-0.021627,-0.054376,-0.060613
0.075301,-0.004857,0.459138,0.017538
0.167797,-0.001074,0.366079,0.016118
0.338855,0.000869,0.143239,0.062921
-0.281861,0.048256,-0.396596,0.189257
0.109122,-0.164307,-0.008845,0.037606
0.097308,-0.137893,0.080163,-0.007951
0.154203,-0.105119,0.099061,-0.058978
0.272283,-0.087673,0.029098,-0.118898
0.180261,0.030153,-0.381868,-0.168313
0.170824,0.020919,-0.517635,-0.110828
0.140552,0.002527,-0.499403,-0.092661
0.095907,0.009131,-0.316537,-0.232138
0.438328,0.021485,0.174875,-0.089595
0.446711,0.006458,0.183484,-0.088654
0.086096,-0.036704,-0.300506,-0.198220
0.017950,-0.027600,-0.337699,-0.102001
0.383203,-0.005845,0.188102,-0.016036
0.375407,-0.007524,0.156615,0.025644
-0.000505,-0.070351,-0.377204,0.009168
0.221884,-0.145201,0.101892,0.013273
0.177991,-0.024956,0.364992,0.022433
0.302018,0.044169,0.018104,0.014635
0.038925,-0.146723,-0.094465,-0.010489
-0.099990,-0.109254,-0.060374,-0.010762
-0.138077,-0.227372,0.256986,0.024418
-0.040095,-0.062351,0.466022,0.104573
-0.105180,-0.011425,0.419274,0.180839
-0.331235,0.095488,0.021654,0.163582
-0.402615,0.004136,-0.135289,0.084798
-0.422434,-0.007485,-0.049345,0.092242
-0.095418,-0.002971,0.455250,0.188637
-0.009970,-0.008814,0.432009,0.136846
0.036416,-0.020261,0.218548,0.289520
-0.255649,-0.011894,-0.225066,0.043259
-0.272242,-0.008560,-0.189940,0.021391
-0.291266,-0.070190,-0.046695,-0.014381
0.093441,-0.001471,0.440931,0.016530
0.197144,0.000333,0.356724,-0.005423
0.372355,-0.001209,0.146094,0.032122
-0.038080,-0.087298,-0.113370,-0.209502
0.395387,-0.089846,0.078050,0.006779
0.412758,-0.054783,0.071332,0.055610
0.329532,0.011861,-0.157435,0.200479
0.033403,-0.011135,-0.543295,0.071678
0.006946,-0.011437,-0.527021,0.082166
-0.118117,0.005894,-0.433757,0.096630
-0.179022,-0.012290,-0.353675,0.095638
0.131663,-0.010780,0.165542,0.260784
0.169270,-0.017619,0.191607,0.207075
-0.192481,-0.024911,-0.326196,0.094238
-0.221772,-0.010699,-0.287275,0.070396
-0.183942,-0.080653,-0.067694,0.031048
0.156524,-0.005235,0.369892,0.028862
0.220973,-0.003237,0.315942,0.015863
0.362109,-0.005593,0.173681,0.019814
0.316696,0.008726,0.137838,0.077433
-0.251882,0.060773,-0.426962,0.179517
0.109020,0.025217,-0.405233,-0.082628
0.250128,0.061730,-0.320719,-0.154406
0.267920,0.130145,-0.351423,-0.125665
0.181765,0.067210,-0.434099,-0.167427
0.182784,0.103435,-0.285580,-0.173896
0.365550,0.142759,0.021244,-0.108725
-0.008322,0.002268,-0.351261,-0.092032
-0.070285,0.000844,-0.301196,-0.078714
0.248460,0.017147,0.095236,0.095643
-0.057015,-0.090544,-0.096897,-0.203228
0.039769,-0.191003,0.027910,0.060461
-0.191790,-0.157663,0.085834,0.096616
-0.046708,-0.127756,0.019333,0.120619
0.038598,-0.074327,0.021794,0.119817
0.223316,0.006379,0.051535,0.122095
0.347734,0.076108,-0.034684,0.135682
0.067721,0.015143,-0.495024,0.067753
0.083242,-0.015046,-0.550669,0.033126
0.090255,-0.023352,-0.546380,0.030127
-0.014028,-0.015684,-0.455759,0.036120
-0.069190,-0.052809,-0.338978,0.011701
0.353882,-0.001958,0.145030,0.051145
0.099606,0.020044,0.271074,-0.417258
-0.350257,0.014195,-0.134886,0.109963
-0.427368,0.013192,-0.080379,0.110720
-0.099290,0.003494,0.475904,0.150037
-0.086839,-0.000307,0.500662,0.133952
-0.196794,0.014993,0.195607,0.297755
-0.371663,-0.008909,-0.146553,0.077774
-0.353630,-0.007775,-0.143862,0.055917
-0.400586,-0.050979,-0.006796,0.027704
-0.013946,-0.004865,0.508586,0.059485
0.095399,-0.000624,0.433433,0.021139
0.268967,0.015443,0.108787,0.096844
0.228494,0.064684,0.073910,0.182281
0.140135,0.198927,-0.212117,-0.172404
0.056902,0.208327,-0.019488,-0.206042
-0.072163,0.039899,-0.067357,-0.226089
-0.200574,-0.035524,-0.041503,-0.154487
-0.084386,0.016197,0.381332,-0.187406
-0.073291,0.035896,0.505851,-0.070976
-0.346153,-0.005368,-0.031395,-0.066365
-0.363345,-0.006483,-0.036433,-0.043049
-0.136164,0.007763,0.474559,0.024311
-0.051481,-0.010981,0.521686,0.032402
-0.256143,-0.021830,0.020295,-0.088160
-0.296521,-0.018623,-0.126595,-0.007602
-0.075277,-0.026730,0.118931,0.109305
0.085003,-0.017525,0.229865,0.118560
-0.216293,-0.009511,-0.196799,-0.026748
-0.233490,-0.007566,-0.182258,-0.026036
-0.209919,-0.036712,-0.006527,-0.096988
0.158610,-0.014426,0.352683,0.052128
-0.018802,-0.057972,-0.094892,-0.043216
0.153071,0.061185,0.131463,0.201362
-0.320108,0.134486,-0.049946,0.001424
-0.265673,0.124613,-0.118922,-0.021540
-0.217405,0.137641,-0.102544,-0.044402
-0.184938,0.127916,-0.085021,-0.071916
-0.209039,0.069529,-0.103530,-0.093483
-0.277978,0.018105,-0.060106,-0.091129
-0.167045,0.020781,0.348846,-0.127628
-0.274208,-0.012059,0.308333,-0.117923
-0.394435,-0.018844,0.031451,-0.062607
-0.182923,-0.001758,0.373621,-0.032551
0.011588,0.002875,0.527663,-0.005508
-0.205356,-0.050427,-0.009323,-0.127026
-0.247060,-0.018058,-0.132516,-0.051716
-0.138637,-0.050387,0.004686,-0.124732
0.057719,-0.016133,-0.037732,0.002962
-0.288991,0.052769,-0.398077,0.193519
-0.024230,-0.033634,0.082807,-0.116044
-0.087999,-0.014986,0.079483,-0.175230
0.069282,0.006526,0.077809,-0.169253
0.164036,0.030607,0.086487,-0.153256
0.267684,0.043374,0.083660,-0.105428
0.242074,-0.016766,-0.187475,-0.101898
0.132747,-0.017587,-0.427957,-0.051540
0.123335,-0.018239,-0.508264,-0.029650
0.131350,-0.016740,-0.479411,-0.034425
0.488333,0.003871,0.044288,0.003915
0.493013,0.007933,0.049447,-0.019268
0.093410,-0.020939,-0.483652,-0.038168
0.039347,-0.013584,-0.444787,-0.030326
0.221816,-0.145221,0.101865,0.013269
0.225175,0.071799,0.069330,0.182867
0.344214,0.234386,-0.190215,0.007996
0.228096,0.319105,-0.029257,0.004005
0.220298,0.337305,-0.016028,-0.040413
0.218687,0.330897,-0.004433,-0.093915
0.200202,0.289474,0.003456,-0.132217
0.151562,0.211142,-0.008367,-0.157169
0.041977,0.072462,-0.054533,-0.198675
-0.144571,-0.023555,-0.046673,-0.156962
-0.023523,0.032603,0.470194,-0.065654
-0.082137,0.020804,0.498112,-0.017891
-0.379891,-0.008345,-0.045722,-0.014800
-0.379142,-0.006445,-0.049641,-0.013970
-0.195684,0.001042,0.406656,0.014324
-0.119510,-0.005653,0.480509,0.039551
-0.348040,-0.021472,-0.042150,-0.037639
-0.320402,-0.018335,-0.045617,-0.064960
0.065849,-0.003992,0.499563,-0.035026
0.164497,-0.004370,0.408216,-0.019397
0.305738,0.006729,0.129234,0.086059
-0.040610,-0.077538,-0.116815,-0.213295
0.381625,-0.026226,0.061604,0.086761
0.381789,-0.000071,0.050329,0.103520
0.327719,0.053750,-0.168975,0.229276
0.051604,-0.011811,-0.550335,0.061193
0.018103,-0.013995,-0.528736,0.075280
-0.116830,-0.001918,-0.426346,0.095743
-0.194881,-0.010219,-0.329379,0.085129
0.081334,-0.017091,0.151912,0.301230
0.137677,-0.014409,0.173802,0.247594
-0.197594,-0.009342,-0.277616,0.035202
-0.229273,-0.008552,-0.206240,-0.005285
-0.285886,-0.031610,-0.089220,-0.042264
-0.137364,-0.054551,-0.164951,-0.073852
-0.310427,0.055054,-0.380386,0.192019
0.010912,-0.033268,0.076848,-0.097822
0.061102,-0.007189,0.081019,-0.149873
0.119912,0.013629,0.083783,-0.170955
0.247250,0.033501,0.092578,-0.148988
0.217631,-0.027001,-0.180121,-0.195524
0.128039,-0.013168,-0.424807,-0.109515
0.135858,-0.012845,-0.491389,-0.074179
0.134808,-0.018765,-0.483250,-0.080625
0.502992,0.009534,0.036642,-0.027852
0.491397,0.002302,0.048061,-0.001044
0.069254,-0.024540,-0.485297,-0.008767
0.009928,-0.009563,-0.440566,-0.009150
-0.052949,-0.036627,-0.331644,-0.028129
0.352975,-0.002466,0.144256,0.052883
0.100636,0.019355,0.273311,-0.415802
-0.333796,0.001295,-0.128221,0.084508
-0.417778,0.021443,-0.073874,0.114448
-0.087738,0.003702,0.469877,0.155518
-0.093946,0.001069,0.487400,0.151843
-0.166449,0.016907,0.215526,0.336464
-0.378182,-0.009345,-0.149727,0.087905
-0.354422,-0.007701,-0.150568,0.063341
-0.407475,-0.039447,-0.028425,0.027987
-0.026219,-0.005292,0.507724,0.072633
0.078062,0.000026,0.434521,0.037135
0.273422,-0.007452,0.278998,0.004101
-0.091830,-0.046255,-0.137247,-0.069840
0.225059,0.067851,0.073670,0.182677
0.091790,0.314996,-0.087413,-0.031647
0.144314,0.264046,-0.117816,-0.129072
0.070810,0.232106,-0.013333,-0.174338
-0.043740,0.082057,-0.056698,-0.203795
-0.201319,-0.027484,-0.050718,-0.136506
-0.026935,0.043127,0.491224,-0.081454
-0.119071,0.017849,0.468352,-0.048276
-0.366095,-0.007921,-0.033015,-0.042171
-0.363558,-0.006404,-0.038352,-0.041002
-0.203013,0.007685,0.384292,-0.056813
-0.070347,-0.005475,0.502628,0.027457
-0.317388,-0.037427,-0.038950,-0.045273
-0.286205,-0.041607,-0.045666,-0.064508
0.108313,-0.003914,0.453620,-0.010103
0.197299,0.000183,0.362107,-0.011784
0.363310,-0.006640,0.213704,-0.020623
-0.005834,-0.048425,-0.309625,-0.085204
0.262821,0.004778,0.100158,0.094367
-0.049354,-0.070816,-0.113471,-0.214413
0.326254,-0.018416,0.095488,0.105892
0.314717,0.007475,0.084116,0.126213
0.376869,0.045951,-0.063809,0.184075
0.043183,-0.011150,-0.569689,0.088327
0.064246,-0.026956,-0.555490,0.068850
0.000039,-0.028239,-0.485465,0.064314
0.345161,-0.001163,0.143481,0.059267
-0.291110,0.045204,-0.385011,0.190375
-0.001738,-0.200272,0.017177,0.061716
-0.038698,-0.154068,0.087780,0.019946
-0.034605,-0.143856,0.086221,-0.031716
-0.013501,-0.115838,0.088823,-0.080015
0.018420,-0.075628,0.094073,-0.114925
0.050210,-0.039123,0.100449,-0.119568
0.078015,-0.016344,0.101809,-0.123548
0.227578,-0.015526,0.119758,-0.110068
0.271711,-0.069962,-0.111786,-0.145823
0.148294,-0.012731,-0.415991,-0.140440
0.161758,-0.008753,-0.488675,-0.108570
0.153048,-0.016838,-0.450943,-0.131974
0.505058,0.011826,0.076293,-0.060401
0.494637,0.003818,0.081195,-0.035607
0.064328,-0.026064,-0.466044,-0.021570
0.012513,-0.008204,-0.428995,-0.024664
0.005315,-0.065153,-0.260025,-0.055664
0.309468,-0.009319,0.183683,0.066584
0.298874,-0.009066,0.174149,0.086326
0.366116,-0.004288,0.070158,0.118021
-0.046711,-0.018262,-0.451737,0.067359
-0.112000,-0.005901,-0.370040,0.038591
-0.214921,-0.002532,-0.239257,0.007359
0.195153,-0.001227,0.270440,0.078955
0.276586,0.000716,0.247325,0.025301
-0.111854,-0.011467,-0.241370,-0.084656
-0.151766,-0.007747,-0.192990,-0.096848
0.225074,0.016878,0.238968,-0.156966
0.329823,0.000975,0.139217,0.071407
0.142780,0.011912,0.279616,-0.411499
0.019503,-0.070181,-0.093085,-0.001107
-0.212620,-0.066175,-0.069179,0.055426
-0.085716,-0.080021,0.376473,0.173006
-0.095132,-0.021879,0.430839,0.170735
-0.406394,0.032965,-0.038367,0.101773
-0.433346,0.000529,-0.070453,0.079519
-0.120730,0.003145,0.463707,0.183190
-0.060826,-0.002874,0.451039,0.160827
-0.081707,0.007812,0.175110,0.300196
-0.311230,-0.010392,-0.211066,0.083337
-0.306624,-0.009694,-0.178963,0.045931
-0.353211,-0.022057,-0.051716,-0.022276
0.027115,-0.006141,0.500392,0.015990
0.118027,-0.004082,0.425810,0.009490
0.221826,-0.145218,0.101869,0.013270
0.058741,-0.053498,0.015224,0.387306
0.116090,-0.165348,-0.239545,-0.052703
0.119652,0.042577,-0.450483,-0.092427
0.199749,0.078495,-0.475392,-0.113314
0.137240,0.019364,-0.517628,-0.084377
0.066409,0.009400,-0.437075,-0.088077
-0.038315,0.007677,-0.263925,-0.154680
0.370913,0.020638,0.233749,-0.080485
0.397204,0.001310,0.225836,-0.075322
0.356573,0.000199,0.146576,0.045828
-0.016891,-0.088992,-0.130214,-0.212602
0.348839,-0.015181,-0.130587,0.097182
0.316217,-0.032772,-0.195357,0.189584
0.028374,-0.016282,-0.535790,0.074349
-0.019021,-0.005728,-0.513621,0.089030
-0.146043,0.006514,-0.414948,0.105128
-0.215664,-0.005654,-0.326542,0.098514
0.104963,-0.005152,0.185085,0.260758
0.155492,-0.016217,0.210030,0.200674
-0.195860,-0.019565,-0.282888,0.048963
-0.211157,-0.008704,-0.237902,0.008412
-0.101667,-0.051658,0.030087,0.019920
0.191182,-0.014778,0.330033,0.043129
0.146266,-0.014978,0.019585,0.048932
0.240348,0.074650,0.052886,0.181458
0.196820,0.307855,-0.126609,-0.046459
0.137227,0.339947,-0.006995,-0.084617
0.104692,0.284032,-0.004428,-0.126454
0.036734,0.187655,-0.025968,-0.151868
-0.048795,0.079290,-0.061329,-0.138463
-0.186659,0.018911,-0.042673,-0.052206
-0.060010,0.025958,0.473865,-0.007401
-0.153745,-0.001681,0.440028,-0.030288
-0.373861,-0.002869,-0.044295,-0.027933
-0.370748,-0.003219,-0.044643,-0.030629
-0.285112,-0.025366,0.291221,-0.138908
-0.007011,0.007441,0.575110,-0.036228
0.055897,-0.001408,0.504029,-0.013407
0.138939,-0.005109,0.231244,0.049351
-0.195292,-0.007562,-0.225616,-0.020880
-0.222624,-0.007748,-0.194609,-0.024369
-0.149969,-0.056466,0.018979,-0.084291
0.255235,0.007160,0.096094,0.094511
0.135772,0.019934,0.267298,-0.420284
0.052741,-0.008211,-0.091532,0.203652
-0.174060,-0.052724,-0.153448,0.204890
-0.321922,-0.059879,-0.136444,0.141253
-0.073625,0.002627,0.457773,0.152110
-0.104380,0.009261,0.500096,0.127982
-0.440622,-0.015213,-0.053200,0.060178
-0.428381,-0.012006,-0.061602,0.052745
-0.146815,0.001271,0.468088,0.137472
-0.049152,0.001805,0.536105,0.044207
-0.295533,-0.026940,-0.024072,-0.102067
-0.246230,-0.023621,-0.021669,-0.157303
0.127435,-0.001360,0.469371,-0.047399
0.220699,0.001278,0.355531,-0.030661
0.365792,-0.007020,0.193295,-0.001990
0.198134,-0.026475,-0.134341,-0.024812
-0.008141,-0.057439,-0.315326,-0.066429
0.323432,-0.009214,0.176273,0.059934
0.318121,-0.009178,0.166958,0.074462
0.361696,-0.006675,0.035142,0.158910
-0.028842,-0.010631,-0.434960,0.025082
-0.115690,-0.012519,-0.303231,-0.017910
-0.209262,-0.005355,-0.174102,-0.060631
-0.146238,-0.044280,0.032450,-0.222679
0.235647,-0.009632,0.366591,-0.045254
0.311724,-0.007616,0.240193,0.005143
0.073408,-0.034287,-0.031689,0.007798
0.168603,0.017824,0.263683,-0.423166
-0.151668,-0.079554,-0.142555,0.120654
-0.265651,-0.011205,-0.102496,0.151440
-0.073540,0.001442,0.425445,0.177107
-0.100420,0.008110,0.479490,0.145987
-0.457220,-0.027910,-0.058587,0.102358
-0.451518,-0.022116,-0.063545,0.088288
-0.135521,0.003503,0.478766,0.162057
-0.070280,-0.004140,0.511145,0.089385
-0.318935,-0.037618,-0.034086,-0.054052
-0.292786,-0.041291,-0.048512,-0.062129
0.111358,-0.002524,0.448301,-0.009096
0.205144,-0.000034,0.357262,-0.013934
0.377316,-0.002533,0.145417,0.029172
-0.042090,-0.078548,-0.115016,-0.212568
0.373649,-0.034024,0.073415,0.081276
0.363534,-0.000937,0.061557,0.111160
0.352663,0.049387,-0.124577,0.246315
0.043036,-0.012549,-0.559272,0.079435
0.019601,-0.018811,-0.543198,0.093059
-0.105693,-0.010084,-0.442510,0.108936
-0.177629,-0.021043,-0.340471,0.089792
-0.146932,-0.053384,-0.169049,-0.070729
0.127341,0.042466,0.148682,0.223686
-0.191830,0.051044,0.397649,-0.002213
-0.410672,0.054638,-0.040899,-0.050110
-0.379730,0.051654,-0.038250,-0.082708
-0.239601,0.100475,0.292146,-0.197846
0.018445,0.044948,0.560798,-0.088002
0.121020,0.028115,0.490659,-0.112741
-0.038787,-0.020440,0.036709,-0.329582
-0.128702,-0.009886,-0.118382,-0.192381
-0.000812,-0.041516,0.023695,-0.332814
0.334201,-0.005890,0.313226,-0.094439
0.380651,0.000027,0.213142,-0.045537
-0.022977,-0.032228,-0.320882,-0.073263
-0.085399,-0.017701,-0.295352,-0.050898
0.306051,-0.010953,0.212899,0.029375
0.308863,-0.010652,0.211849,0.039611
-0.082735,-0.061744,-0.345197,0.040979
-0.141473,-0.036807,-0.351264,0.080196
0.221855,-0.145209,0.101881,0.013271
0.177498,-0.023909,0.360871,0.026526
0.303891,0.039335,-0.000993,0.083802
0.037836,-0.098705,-0.093935,0.157071
0.000627,-0.098807,-0.109539,0.191158
-0.159380,-0.090917,-0.104755,0.154620
-0.037933,-0.001907,0.415864,0.155756
-0.075160,0.010382,0.485116,0.112173
-0.442484,-0.010417,-0.069435,0.074110
-0.433547,-0.008332,-0.063968,0.056850
-0.115565,0.011986,0.505335,0.085532
-0.091573,0.002246,0.518320,0.041530
-0.342537,-0.022246,-0.016288,-0.064999
-0.315384,-0.022720,-0.031555,-0.074158
0.056892,-0.004262,0.456742,0.040083
0.145420,-0.004171,0.352665,0.055584
0.344360,0.000887,0.144931,0.057440
-0.281894,0.048871,-0.397950,0.190107
0.140027,-0.141304,0.019036,-0.012144
0.134549,-0.099175,0.101945,-0.058827
0.269571,-0.071534,0.058224,-0.109766
0.190404,0.009571,-0.338224,-0.157238
0.172755,0.026741,-0.512890,-0.106275
0.154036,0.002808,-0.500318,-0.102928
0.323011,0.121695,-0.128789,-0.172557
0.171283,0.002812,-0.231552,-0.270849
0.051606,-0.025981,-0.311399,-0.163538
0.409842,0.002350,0.195666,-0.058995
0.406652,-0.004711,0.172430,-0.024446
0.148271,-0.064435,-0.232681,-0.172836
0.027430,-0.052134,-0.321073,-0.103322
0.362177,-0.007747,0.166436,0.029416
0.339691,-0.008425,0.156460,0.062611
0.366827,-0.007976,0.012255,0.177521
-0.027485,-0.014605,-0.446986,0.039726
-0.107631,-0.014764,-0.329123,0.002167
-0.218381,-0.005891,-0.190995,-0.034083
-0.161325,-0.053446,0.008825,-0.120737
-0.049805,-0.050178,-0.112824,-0.055769
0.081906,0.016109,0.277116,-0.412734
-0.049026,-0.084905,0.484641,0.077207
-0.088396,-0.032922,0.424015,0.167808
-0.226066,0.156519,0.096051,0.194492
-0.332205,0.008628,-0.205093,0.080051
-0.332671,0.001728,-0.195469,0.077484
-0.407145,0.001420,-0.043558,0.079007
-0.073662,-0.000229,0.455062,0.164639
0.021872,-0.006971,0.430905,0.103790
0.099476,-0.017431,0.241094,0.224542
-0.246942,-0.021692,-0.264014,0.083298
-0.256068,-0.010262,-0.249652,0.066631
-0.112205,-0.061305,0.063980,0.066098
0.180811,-0.009659,0.359615,0.014901
0.056193,-0.022066,-0.039875,0.001016
0.242177,0.068991,0.057367,0.180858
0.147605,0.235284,-0.166437,-0.153275
0.080406,0.241760,-0.011080,-0.178098
-0.037081,0.086899,-0.054605,-0.209961
-0.198488,-0.028163,-0.049067,-0.145170
-0.082787,0.030727,0.378868,-0.200189
-0.094280,0.034724,0.447703,-0.088694
-0.349046,-0.004369,-0.042656,-0.053215
-0.350706,-0.004283,-0.043249,-0.051090
-0.168208,0.010301,0.434459,-0.002121
-0.076601,-0.005202,0.507706,0.085472
-0.324520,-0.044018,-0.023421,-0.012221
-0.299482,-0.034393,-0.047453,-0.058742
0.092901,-0.003921,0.460206,-0.001331
0.192798,-0.002232,0.357668,0.000585
0.350714,-0.006703,0.212471,-0.006796
-0.041363,-0.033251,-0.328664,-0.046072
-0.114285,-0.017103,-0.313693,-0.004270
0.249512,0.004449,0.091275,0.092675
-0.069062,-0.066758,-0.100464,-0.211125
-0.052315,-0.118715,0.000451,0.148292
-0.147739,-0.053974,0.078232,0.156978
0.223720,0.022715,0.036548,0.162600
0.351365,0.069164,-0.049187,0.154417
0.073963,0.002519,-0.499166,0.058047
0.079220,-0.018632,-0.561820,0.051890
0.102826,-0.028175,-0.552518,0.028517
0.012858,-0.015970,-0.452755,0.006516
0.279276,0.010564,0.113652,0.095224
-0.047727,-0.077664,-0.110908,-0.211786
0.327501,-0.038664,0.105124,0.093425
0.310802,-0.002749,0.095217,0.118759
0.386346,0.045298,-0.048283,0.155858
0.041384,-0.004353,-0.558938,0.072590
0.051074,-0.022630,-0.551579,0.073785
-0.015601,-0.034182,-0.487515,0.087947
0.303855,-0.012573,-0.003377,0.261916
0.331167,0.001663,0.140618,0.069446
-0.263780,0.054707,-0.412759,0.182321
0.127958,-0.133321,-0.283522,-0.017712
0.323240,-0.070495,-0.103244,-0.057648
0.212769,0.090834,-0.392983,-0.140129
0.169790,0.055985,-0.496252,-0.141551
0.099199,0.025409,-0.469493,-0.104030
0.033264,0.031325,-0.281299,-0.225771
0.402091,0.020690,0.206878,-0.082448
0.422585,0.005417,0.198521,-0.077793
0.094128,-0.034218,-0.255560,-0.252379
0.019142,-0.023986,-0.285935,-0.158570
0.404126,0.008326,0.212308,-0.076824
0.401109,-0.006172,0.200335,-0.045992
0.308891,-0.014293,-0.049848,-0.008166
-0.040675,-0.006114,-0.424041,0.021480
-0.143633,-0.008488,-0.347906,0.050677
-0.231915,-0.012966,-0.247238,0.042768
0.109428,-0.015841,0.246424,0.179271
-0.143460,-0.053089,-0.167431,-0.072336
0.165921,0.053525,0.129179,0.198904
-0.320831,0.115302,-0.046234,-0.030145
-0.265104,0.102476,-0.101590,-0.047186
-0.244252,0.082337,-0.094093,-0.074236
-0.252069,0.048174,-0.100282,-0.073581
-0.302774,0.013065,-0.060052,-0.087021
-0.181780,0.012439,0.363725,-0.119276
-0.257684,-0.022486,0.342110,-0.103417
-0.397842,-0.023887,0.049373,-0.064541
-0.354466,-0.042960,0.063645,-0.086050
-0.167416,-0.024452,0.203001,-0.044970
0.069727,-0.008357,0.369494,0.028089
-0.099053,-0.045515,0.057132,-0.171159
-0.200884,-0.016519,-0.127874,-0.104072
0.221797,-0.145226,0.101857,0.013268
0.065318,-0.046513,0.017305,0.385210
0.125536,-0.145644,-0.244575,-0.089069
0.128294,0.038604,-0.460587,-0.100468
0.191606,0.058040,-0.489583,-0.119981
0.136664,0.009465,-0.516184,-0.078245
0.063835,0.003459,-0.428293,-0.088350
-0.050318,0.000033,-0.268805,-0.130256
0.357611,0.014372,0.231340,-0.057292
0.361965,-0.004650,0.214161,-0.021463
0.008038,-0.047255,-0.289243,-0.113890
0.302215,0.012576,0.130688,0.086473
-0.044851,-0.088603,-0.107229,-0.207415
0.340719,-0.101195,0.112466,0.028703
0.343262,-0.066908,0.115770,0.068941
0.421813,0.004252,-0.013884,0.087594
0.050703,-0.011193,-0.513993,0.025208
0.058230,-0.019291,-0.521803,0.033515
0.011039,-0.038098,-0.468422,0.046167
0.328121,-0.034649,0.022096,0.210979
0.295163,-0.021115,0.028780,0.245184
-0.123406,-0.006264,-0.433160,0.113479
-0.183197,-0.000133,-0.386574,0.120553
-0.273118,-0.026532,-0.261885,0.112185
0.081110,-0.019508,0.249273,0.237913
0.169041,-0.014003,0.256144,0.138691
-0.202110,-0.022070,-0.238090,0.012920
-0.208908,-0.007578,-0.195784,-0.037080
-0.161933,-0.045988,-0.171904,-0.065919
-0.078237,-0.094935,-0.081166,-0.192177
-0.069877,-0.229345,0.040312,0.025076
-0.024662,-0.210897,0.003750,0.079043
-0.018620,-0.141408,0.010047,0.124331
0.021872,-0.084492,0.018703,0.131743
0.215830,0.004625,0.051233,0.133112
0.336782,0.079034,-0.051753,0.160485
0.071654,0.012347,-0.489679,0.099823
0.068729,-0.018329,-0.574001,0.074254
0.081736,-0.028158,-0.558582,0.055654
-0.009042,-0.020336,-0.462770,0.042797
0.252244,0.015736,0.097330,0.095790
0.134684,0.019751,0.268348,-0.419600
0.066479,-0.004600,-0.087710,0.199040
-0.172887,-0.055347,-0.153425,0.200301
-0.312603,-0.057472,-0.134294,0.142168
-0.074443,0.004052,0.449739,0.155077
-0.106434,0.011971,0.490736,0.116317
-0.425225,-0.008777,-0.057969,0.042889
-0.411379,-0.007949,-0.065505,0.035560
-0.159937,0.004655,0.448007,0.132994
-0.081208,-0.005226,0.507564,0.100566
-0.326907,-0.029171,-0.034997,-0.056853
-0.303371,-0.025946,-0.054941,-0.064378
0.085511,-0.003322,0.449585,0.016357
0.171719,-0.001643,0.350632,0.028758
0.350140,0.003240,0.146257,0.049321
-0.280240,0.049003,-0.398955,0.189193
0.142319,-0.154176,-0.012039,-0.006608
0.174176,-0.088422,0.102877,-0.050639
0.285459,-0.079584,0.024388,-0.113242
0.181124,0.026672,-0.396080,-0.176510
0.166539,0.006175,-0.520078,-0.097782
0.140986,-0.001805,-0.488514,-0.099955
0.061194,-0.006498,-0.337879,-0.166126
0.437679,0.028963,0.183650,-0.105292
0.443319,0.013919,0.186828,-0.097194
0.049374,-0.030663,-0.323523,-0.144537
-0.026810,-0.020745,-0.354747,-0.047048
0.353932,-0.009372,0.184982,0.019465
0.347473,-0.010087,0.161138,0.051670
-0.073548,-0.048907,-0.387773,0.060888
-0.079137,-0.060659,-0.133266,-0.068175
0.138956,0.068728,0.134949,0.204026
-0.320309,0.149445,-0.054369,0.037030
-0.269579,0.140151,-0.137479,-0.001829
-0.206212,0.170281,-0.127190,-0.023009
-0.139352,0.200776,-0.104232,-0.039442
-0.089214,0.207662,-0.079997,-0.079513
-0.125896,0.127456,-0.094922,-0.160246
-0.169479,0.042414,-0.101541,-0.159366
-0.247934,-0.014649,-0.065217,-0.104961
-0.164054,0.022026,0.317810,-0.119857
-0.247936,-0.002196,0.314055,-0.088116
-0.378376,-0.017914,0.017002,-0.067981
-0.284270,-0.021882,0.259743,-0.117304
-0.000614,0.002679,0.561916,-0.022824
0.093487,-0.003654,0.470815,-0.015381
-0.162892,-0.047175,-0.172216,-0.064442
0.179472,0.056347,0.118737,0.193600
-0.246026,0.151873,-0.062032,-0.030393
-0.131255,0.167220,-0.104455,-0.050110
-0.130207,0.117313,-0.120489,-0.119209
-0.218881,0.047878,-0.062628,-0.092311
-0.269272,0.020382,0.137078,-0.177661
-0.028535,0.020445,0.591706,-0.076682
-0.010113,0.010422,0.604376,-0.073729
-0.110955,-0.032130,0.299562,-0.207829
-0.124279,-0.043673,0.111468,-0.169196
0.139385,-0.006480,0.294485,-0.026923
-0.019321,-0.051897,0.010382,-0.059464
-0.194843,-0.030223,-0.245148,0.020863
-0.162055,-0.047932,-0.172197,-0.064516
0.083187,0.019108,0.271437,-0.416933
-0.070375,-0.045784,0.460777,0.129346
-0.125529,0.025347,0.382421,0.225852
-0.402297,0.023457,-0.091567,0.143793
-0.431811,-0.014791,-0.108807,0.115390
-0.105964,-0.002004,0.376096,0.279278
-0.019713,-0.011010,0.403346,0.177333
-0.100935,-0.068559,0.056180,0.213075
-0.257696,-0.009408,-0.207789,0.025543
-0.260988,-0.007190,-0.179945,-0.001228
-0.317574,-0.014510,-0.067919,-0.049344
0.056946,-0.006197,0.460870,-0.020576
0.156488,-0.006616,0.421755,-0.022992
0.221806,-0.145223,0.101861,0.013269
0.059853,-0.053467,0.015773,0.386434
0.102743,-0.179696,-0.248596,-0.004597
0.092014,0.053948,-0.458280,-0.036498
0.192202,0.109636,-0.465257,-0.074318
0.143607,0.056054,-0.497864,-0.131846
0.053563,0.020506,-0.402488,-0.120922
-0.063580,0.019928,-0.236527,-0.169169
0.310101,0.045580,0.224038,-0.166068
0.385032,0.023927,0.252484,-0.120732
-0.020889,-0.012998,-0.245898,-0.169565
-0.079405,-0.013882,-0.250085,-0.105979
0.320742,0.000157,0.245932,-0.036728
0.338471,-0.008767,0.223816,-0.004233
-0.042284,-0.058932,-0.317937,-0.028308
-0.103231,-0.050783,-0.343247,0.047941
0.325528,0.002169,0.138069,0.073977
0.136873,0.056387,0.143256,0.209399
-0.216360,0.158943,-0.146086,0.005131
0.078873,0.282135,-0.161193,-0.004825
0.200790,0.287789,-0.161591,-0.092590
0.141282,0.344050,-0.007953,-0.084631
0.120679,0.308848,-0.003443,-0.093228
0.079540,0.244212,-0.011488,-0.114609
0.006669,0.147174,-0.038584,-0.129304
-0.081523,0.036232,-0.076407,-0.134056
-0.219913,-0.037799,-0.055464,-0.098829
-0.034296,0.042038,0.478524,-0.070440
-0.120086,0.016386,0.469770,-0.042592
-0.380338,-0.009000,-0.037341,-0.022457
-0.377434,-0.006833,-0.045237,-0.019792
-0.187768,-0.000226,0.411695,0.004622
-0.065742,-0.000336,0.508081,0.033710
-0.313029,-0.025543,-0.039648,-0.070368
-0.287751,-0.032047,-0.046462,-0.080818
0.095146,-0.001882,0.445495,0.010653
0.191592,-0.001004,0.352842,0.005443
0.378380,-0.002423,0.145156,0.028258
0.147623,0.014841,0.275566,-0.414642
-0.013831,-0.084047,-0.108991,-0.016316
-0.212657,-0.062486,-0.068793,0.047361
-0.085975,-0.076342,0.379244,0.165876
-0.094743,-0.017417,0.433335,0.172502
-0.405806,0.035565,-0.035887,0.114839
-0.436903,-0.002822,-0.070587,0.082814
-0.124215,0.000578,0.465418,0.190499
-0.047269,-0.004297,0.460579,0.140078
-0.132288,0.008594,0.136656,0.177366
-0.286844,-0.009244,-0.172551,0.019289
-0.290006,-0.009959,-0.176784,0.027399
-0.347334,-0.032784,-0.045819,-0.014939
0.039145,-0.005301,0.454312,0.060727
0.149377,-0.001142,0.374513,0.026435
0.322203,0.003688,0.137448,0.075787
-0.041641,-0.082409,-0.113206,-0.210952
0.376937,-0.053182,0.082191,0.061910
0.366668,-0.015832,0.072111,0.100829
0.352248,0.048417,-0.118007,0.235572
0.040757,-0.008660,-0.557456,0.076009
0.027344,-0.017522,-0.543369,0.084198
-0.079317,-0.010863,-0.460184,0.101013
-0.165435,-0.047365,-0.345808,0.109299
0.210366,-0.017878,0.195810,0.162233
0.258205,-0.012588,0.187692,0.117244
-0.116990,-0.043607,-0.337861,0.049247
-0.158587,-0.010899,-0.326581,0.046718
0.243568,-0.003005,0.209061,0.100025
0.294705,-0.001785,0.218650,0.038533
-0.100696,-0.012740,-0.286227,-0.049685
-0.147855,-0.001665,-0.231037,-0.068793
0.075806,-0.011922,-0.025200,0.013295
-0.283281,0.055937,-0.407294,0.193532
0.098915,-0.025264,0.101355,-0.183770
0.159378,-0.005814,0.094463,-0.238504
0.199808,0.026598,0.098216,-0.247190
0.353391,0.068736,0.148545,-0.171871
0.323275,0.057025,-0.119077,-0.211005
0.120823,-0.002049,-0.487313,-0.080517
0.134835,-0.013803,-0.529413,-0.040968
0.067625,-0.018374,-0.484982,-0.013619
0.437344,-0.010882,0.032576,0.084616
0.397824,-0.016738,0.041265,0.126827
-0.043119,-0.028558,-0.471824,0.094151
-0.125796,-0.012058,-0.425972,0.114475
-0.232319,-0.025694,-0.297024,0.105687
0.152194,-0.006746,0.210770,0.191943
0.238323,-0.003311,0.239919,0.074987
-0.164326,-0.014168,-0.270578,-0.000271
-0.195199,-0.001224,-0.263960,0.011033
0.224153,0.000585,0.271815,0.040133
0.307889,0.001335,0.275102,-0.038407
-0.002082,-0.024336,-0.077553,-0.029006
0.144319,0.012092,0.278885,-0.412096
-0.178202,-0.081389,-0.119364,0.041042
-0.294223,-0.018132,-0.085042,0.093521
-0.084242,-0.033142,0.414336,0.180885
-0.101915,-0.000975,0.451362,0.162574
-0.400320,0.027766,-0.021915,0.106756
-0.432875,-0.010652,-0.058363,0.083572
-0.112111,-0.003257,0.466470,0.190965
-0.019369,-0.007805,0.443964,0.133080
0.002546,-0.019380,0.208486,0.240076
-0.264595,-0.011306,-0.197181,0.023732
-0.278103,-0.009783,-0.182828,0.021364
-0.235891,-0.079287,0.025617,0.012700
0.130504,-0.009767,0.395544,0.022307
-0.143068,-0.054049,-0.167589,-0.072152
0.174275,0.048245,0.129073,0.196554
-0.307853,0.094225,-0.046291,-0.067017
-0.249872,0.065200,-0.095477,-0.085378
-0.288812,0.021297,-0.052686,-0.114153
-0.217313,0.014844,0.267170,-0.191564
-0.090294,0.010040,0.548638,-0.105138
-0.215519,-0.026780,0.334792,-0.155612
-0.260594,-0.046420,0.070948,-0.191875
-0.029345,-0.022498,0.247626,-0.135206
-0.091337,-0.046436,0.055437,-0.112072
-0.214031,-0.025566,-0.164380,-0.045370
0.029946,-0.037375,0.104679,-0.014396
0.223385,-0.007908,0.258163,0.047767
-0.162055,-0.013499,-0.265569,-0.008227
-0.198622,-0.011696,-0.266939,0.027906
0.130471,-0.015632,0.221972,0.209487
-0.105239,-0.047361,-0.145282,-0.073347
-0.063782,-0.074742,-0.100022,-0.208963
-0.194608,-0.141816,0.082749,0.095387
-0.061091,-0.108436,0.022740,0.137859
0.063101,-0.031169,0.027823,0.173267
0.227570,0.025867,0.030746,0.181630
0.339088,0.050181,-0.075479,0.219834
0.116155,-0.010406,-0.468888,0.168633
0.085193,-0.018373,-0.590662,0.074825
0.103510,-0.025868,-0.574933,0.047989
0.023066,-0.001371,-0.491208,0.020164
-0.060751,-0.004732,-0.322913,-0.059093
0.353678,0.012623,0.219029,-0.037396
0.390238,0.007863,0.216179,-0.065896
0.221826,-0.145218,0.101869,0.013270
0.229451,0.069711,0.067939,0.182202
0.309837,0.228607,-0.215285,-0.078657
0.227474,0.313839,-0.008571,-0.116354
0.163802,0.226366,-0.003945,-0.206003
0.019345,0.043494,-0.051014,-0.280018
-0.140185,-0.034716,-0.031697,-0.204673
-0.057508,0.006313,0.418567,-0.186099
-0.052207,0.037506,0.496043,-0.057005
-0.346856,-0.004818,-0.042653,-0.054800
-0.363051,-0.005347,-0.039072,-0.041784
-0.135856,0.012380,0.478467,0.048723
-0.080960,-0.003342,0.519077,0.096478
-0.311113,-0.050592,0.021614,0.040665
-0.345654,-0.015693,-0.118542,0.030540
-0.301512,-0.042918,-0.031388,-0.058605
0.089988,-0.002037,0.473393,-0.013604
0.196690,0.000246,0.368582,-0.017862
0.357407,-0.006989,0.221580,-0.022237
0.029032,-0.065446,-0.256635,-0.072452
0.295994,0.005682,0.122225,0.090266
0.134281,0.019129,0.270771,-0.418009
0.070667,-0.004018,-0.086234,0.168163
-0.170470,-0.062139,-0.152932,0.180874
-0.288299,-0.032628,-0.118110,0.148441
-0.063141,0.004872,0.459299,0.138495
-0.098944,0.011866,0.496707,0.110703
-0.425036,-0.008283,-0.051352,0.035645
-0.398362,-0.006549,-0.055447,0.011085
-0.152819,0.004041,0.452314,0.083490
-0.064432,-0.007202,0.515207,0.078774
-0.315402,-0.035760,-0.034038,-0.032545
-0.275923,-0.048434,-0.038264,-0.028244
0.117589,-0.011828,0.369871,0.070165
-0.161719,-0.047453,-0.172077,-0.065090
0.109709,0.019299,0.273238,-0.415983
-0.318057,0.057637,0.051848,0.125878
-0.250003,0.162267,0.167549,0.237197
-0.442601,0.002149,-0.101977,0.098584
-0.444641,-0.005026,-0.093549,0.094940
-0.173141,-0.003649,0.423293,0.225846
-0.124810,-0.005987,0.464528,0.184417
-0.370504,-0.018709,-0.063087,0.003341
-0.348888,-0.017287,-0.067814,-0.015258
0.018662,-0.006919,0.478255,0.051326
0.107206,-0.007006,0.417025,0.032485
0.272389,0.010425,0.108949,0.095936
-0.046196,-0.084642,-0.108302,-0.208955
0.339910,-0.081988,0.113129,0.044949
0.328443,-0.039831,0.111750,0.093246
0.396116,0.028522,-0.023024,0.131508
0.028557,-0.000598,-0.546885,0.069697
0.041990,-0.016205,-0.545520,0.070385
-0.015550,-0.031769,-0.487364,0.085337
0.340521,-0.017783,0.029459,0.197662
0.320325,-0.015421,0.035141,0.210150
-0.103048,-0.014847,-0.426180,0.094725
-0.165674,-0.013650,-0.351418,0.081391
-0.260062,-0.010376,-0.211125,0.032212
-0.004039,-0.033835,0.172456,0.025336
-0.157637,-0.047635,-0.171221,-0.067709
0.171253,0.042890,0.135742,0.198364
-0.321664,0.067195,-0.032526,-0.093747
-0.315182,0.030237,-0.036955,-0.117036
-0.201714,0.007381,0.334511,-0.202463
-0.036084,0.020609,0.597575,-0.103098
-0.038943,0.020903,0.502016,-0.106470
-0.242743,-0.035101,-0.000970,-0.164678
-0.191587,-0.046387,0.002385,-0.174866
-0.085984,-0.064033,-0.138241,-0.070543
-0.303760,0.052905,-0.383962,0.192562
-0.095176,-0.042415,0.080869,-0.095443
0.048987,-0.012508,0.079578,-0.141298
0.110313,0.011265,0.082964,-0.172842
0.241357,0.031275,0.091553,-0.149550
0.216578,-0.037410,-0.179644,-0.170712
0.117592,-0.014851,-0.438385,-0.088111
0.131238,-0.015471,-0.501290,-0.053585
0.132832,-0.020789,-0.486225,-0.059579
0.492145,0.003954,0.044563,-0.002523
0.488536,0.004079,0.049287,-0.003548
0.085916,-0.024828,-0.487935,-0.022502
0.029111,-0.013172,-0.444816,-0.020473
0.243380,0.006235,0.088067,0.092226
-0.044092,-0.085643,-0.109438,-0.208962
0.355973,-0.079378,0.103344,0.044278
0.346209,-0.038596,0.101105,0.092233
0.396466,0.029567,-0.039017,0.145192
0.040539,-0.000952,-0.554998,0.066066
0.043499,-0.015939,-0.544773,0.067863
-0.026004,-0.025777,-0.479467,0.081900
0.249880,-0.020196,-0.054049,0.325247
0.218242,-0.019544,-0.024304,0.319112
-0.144206,-0.009502,-0.392756,0.097115
-0.203349,-0.009762,-0.307896,0.071656
-0.281540,-0.009057,-0.176409,0.017656
-0.295041,-0.045420,-0.029304,-0.060005
0.078244,-0.002669,0.445113,0.028833
0.175686,-0.001295,0.354731,0.019702
0.341872,0.002947,0.145121,0.057819
-0.015298,-0.088384,-0.131982,-0.213070
0.294389,-0.016819,-0.192448,0.097275
0.233754,-0.050953,-0.286093,0.164178
0.027484,-0.016268,-0.537593,0.077029
-0.037543,0.000802,-0.502378,0.089781
-0.166000,0.013193,-0.403138,0.106595
-0.236815,-0.003259,-0.299212,0.089937
0.025401,0.005365,0.167716,0.310528
0.062472,-0.008567,0.189402,0.234400
-0.223524,-0.006927,-0.230891,0.011992
-0.245359,-0.007594,-0.192804,-0.003593
-0.294832,-0.020557,-0.072136,-0.057339
0.103103,-0.007643,0.422448,0.031017
0.182230,-0.004600,0.345463,0.026176
0.313571,-0.011826,0.197788,0.050729
0.213720,0.001298,0.067359,0.082206
0.262931,0.089585,0.011667,0.185194
0.133336,0.355588,-0.034595,0.028580
0.149220,0.374048,-0.023716,-0.005905
0.147242,0.365691,-0.016387,-0.060597
0.132378,0.338482,-0.007885,-0.094719
0.107467,0.296861,-0.004181,-0.104953
0.054001,0.217726,-0.018667,-0.124877
-0.035674,0.101717,-0.053543,-0.144141
-0.197779,-0.005923,-0.048371,-0.099887
-0.040494,0.030002,0.503298,-0.028967
-0.144422,-0.005994,0.465501,-0.003576
-0.425070,-0.001884,-0.045592,0.023863
-0.433019,0.002314,-0.049818,0.031430
-0.125426,0.014946,0.492631,0.104244
-0.035673,0.020281,0.524740,0.027494
-0.270722,-0.007902,-0.007502,-0.143913
-0.258599,-0.005140,-0.097443,-0.088169
-0.214464,-0.020943,-0.017116,-0.195267
0.165715,0.001709,0.439726,-0.058633
0.221354,0.002891,0.346843,-0.024093
0.387830,-0.005974,0.187962,-0.019775
0.288959,-0.016092,-0.049763,-0.057845
-0.020631,-0.008975,-0.386861,-0.032884
-0.123689,-0.007724,-0.279890,-0.038048
-0.213110,-0.008004,-0.191178,-0.037059
0.082525,-0.018765,0.221731,0.112176
0.180117,-0.016762,0.266801,0.118348
-0.199849,-0.026163,-0.259437,0.036098
-0.214826,-0.012116,-0.258447,0.036039
0.134130,-0.011566,0.241869,0.159310
-0.115452,-0.053926,-0.152912,-0.075214
-0.289917,0.051909,-0.396141,0.193444
-0.221414,-0.049542,0.114598,-0.094103
-0.004959,-0.013469,0.080971,-0.147945
0.110427,0.011443,0.083362,-0.163888
0.242035,0.031157,0.091880,-0.150142
0.205134,-0.026441,-0.189207,-0.228656
0.132198,-0.007404,-0.405539,-0.156711
0.143951,-0.008527,-0.477040,-0.105553
0.127798,-0.016647,-0.480286,-0.079729
0.498336,0.001562,0.044801,-0.003551
0.493616,0.001580,0.048784,-0.001890
0.061804,-0.023889,-0.483721,-0.003544
-0.013285,-0.014165,-0.458945,0.037046
0.240631,0.005133,0.085698,0.091216
-0.051396,-0.065459,-0.114947,-0.216228
0.318414,-0.005953,0.090890,0.115346
0.313159,0.011413,0.080172,0.131292
0.373385,0.041808,-0.069349,0.198262
0.042493,-0.016656,-0.574506,0.099371
0.064829,-0.030778,-0.559816,0.076414
0.004988,-0.032602,-0.493708,0.071972
0.343180,0.002163,0.145153,0.057297
0.131433,0.019948,0.268139,-0.419683
0.047735,-0.006916,-0.096182,0.138902
-0.150217,-0.070104,-0.148648,0.163045
-0.282096,-0.029799,-0.111266,0.132765
-0.060421,0.010811,0.460373,0.110919
-0.098201,0.016856,0.485496,0.062490
-0.378956,-0.000306,-0.043378,-0.026146
-0.355816,-0.000852,-0.046887,-0.045404
-0.144728,0.022835,0.437105,0.033489
-0.049085,0.006019,0.496796,0.079878
-0.250745,0.041692,0.012784,0.003826
-0.307414,-0.005854,-0.147364,0.011313
-0.198106,0.041022,0.016511,0.023571
0.116169,-0.010668,0.352390,0.084939
0.157838,-0.013159,0.248931,0.120666
-0.192889,-0.012153,-0.265641,0.021333
-0.217959,-0.007390,-0.259889,0.035888
0.057444,-0.016490,0.197002,0.253640
0.131443,-0.017554,0.234443,0.196347
-0.201480,-0.011093,-0.255730,0.018952
-0.232173,-0.009697,-0.206946,-0.000535
-0.208625,-0.066608,-0.036985,-0.050982
0.190445,-0.009187,0.363343,-0.005401
0.233983,-0.002494,0.250261,-0.005471
-0.150968,-0.013971,-0.263679,-0.020733
-0.187393,-0.010245,-0.266511,0.014798
0.097330,-0.021393,0.181082,0.142314
-0.138535,-0.056936,-0.166327,-0.072883
0.168830,0.059707,0.122749,0.196438
-0.275204,0.149948,-0.063388,-0.011318
-0.174427,0.168479,-0.117462,-0.028036
-0.101614,0.185575,-0.095174,-0.065585
-0.112713,0.135771,-0.108293,-0.118400
-0.139027,0.069336,-0.114159,-0.136076
-0.226061,-0.004247,-0.074729,-0.097377
-0.233390,0.012372,0.166887,-0.193943
-0.021552,0.021183,0.590077,-0.068324
-0.013556,0.009193,0.600921,-0.069145
-0.203138,-0.048466,0.217701,-0.259697
-0.182448,-0.027786,0.076241,-0.172151
0.122045,-0.012042,0.298022,0.063490
0.061364,-0.031965,0.116731,0.171225
-0.211629,-0.011772,-0.293198,0.067248
-0.251466,-0.011326,-0.254554,0.067995
-0.308358,-0.044899,-0.102884,0.007599
0.110826,-0.005877,0.405898,0.036885
0.183198,-0.001078,0.344757,0.022854
0.327451,-0.004503,0.200477,0.026452
0.098392,0.003916,-0.007484,0.028556
0.170731,0.008516,0.270134,-0.419021
-0.096084,-0.119734,-0.104731,-0.006832
-0.215447,-0.055871,-0.071044,0.073160
-0.084046,-0.072687,0.379775,0.172365
-0.096817,-0.023616,0.435398,0.156947
-0.410899,0.025204,-0.043973,0.084211
-0.429769,0.001591,-0.070275,0.066853
-0.119054,0.005345,0.462976,0.166812
-0.044016,-0.000224,0.465496,0.127414
-0.055074,0.019912,0.196897,0.280102
-0.303422,-0.008909,-0.202689,0.065670
-0.295745,-0.009506,-0.170759,0.026660
-0.328511,-0.028924,-0.025435,-0.052539
0.048755,-0.003974,0.472530,0.031754
0.158211,-0.001599,0.363916,0.028380
0.221903,-0.145196,0.101900,0.013274
0.176521,-0.020048,0.344922,0.041271
0.302798,0.038416,-0.014454,0.120432
0.032416,-0.089906,-0.096468,0.187434
-0.006455,-0.104864,-0.113597,0.186131
-0.171467,-0.104844,-0.111939,0.152681
-0.040578,-0.002322,0.422606,0.154766
-0.078173,0.009022,0.489944,0.112248
-0.441465,-0.010810,-0.065744,0.069921
-0.419968,-0.007862,-0.061502,0.040297
-0.149122,0.014640,0.461848,0.059815
-0.103028,0.002686,0.506774,0.007368
-0.334711,-0.017471,-0.012149,-0.083345
-0.312014,-0.029277,-0.019198,-0.059394
0.058317,-0.004534,0.447473,0.048179
0.159093,-0.003338,0.355107,0.038059
0.370953,-0.002215,0.146344,0.034243
0.215384,0.075982,0.073089,0.184519
0.231692,0.298807,-0.135574,0.029983
0.153942,0.370175,-0.022791,-0.007653
0.151606,0.362077,-0.014431,-0.057679
0.135996,0.332102,-0.005278,-0.099267
0.106707,0.283562,-0.004371,-0.112149
0.046661,0.197479,-0.023199,-0.133788
-0.051951,0.071493,-0.063292,-0.150123
-0.204548,-0.026335,-0.055357,-0.109399
-0.043800,0.046256,0.456784,-0.074333
-0.131903,0.014029,0.451358,-0.039163
-0.376728,-0.006364,-0.046207,-0.019885
-0.376164,-0.005468,-0.048898,-0.018761
-0.219435,-0.007091,0.371129,-0.007455
-0.080970,0.001482,0.500981,0.034586
-0.322547,-0.026034,-0.035015,-0.065283
-0.300276,-0.027142,-0.048827,-0.072398
0.088568,-0.002749,0.451605,0.010557
0.184943,-0.000505,0.355928,0.008843
0.352740,0.000327,0.146264,0.049571
-0.275992,0.051914,-0.407213,0.190293
0.182945,-0.123773,0.009350,-0.034511
0.211081,-0.058954,0.120905,-0.080355
0.330187,-0.041445,0.051760,-0.119515
0.192493,0.020559,-0.399534,-0.167323
0.164039,-0.004425,-0.524688,-0.082386
0.141252,-0.010679,-0.506019,-0.073858
0.112364,0.006960,-0.320315,-0.146961
0.415173,0.002265,0.149510,-0.017485
0.418473,-0.000137,0.150287,-0.018772
0.112947,-0.035710,-0.301172,-0.158763
0.371272,0.000398,0.145664,0.031989
0.238956,0.068502,0.060763,0.181161
0.152626,0.233949,-0.174602,-0.148671
0.079160,0.239173,-0.012088,-0.187206
-0.054313,0.061890,-0.060664,-0.233025
-0.197614,-0.032629,-0.042559,-0.158217
-0.140484,-0.013289,0.300090,-0.309568
0.009633,0.020538,0.589575,-0.082943
0.007365,0.000267,0.589895,-0.061320
0.008588,-0.007852,0.511092,-0.051545
-0.086350,0.028815,0.109047,-0.073060
-0.233880,-0.022314,-0.172467,-0.019401
0.102298,-0.011064,0.220349,0.213484
0.156793,-0.016328,0.217646,0.192187
-0.211593,-0.029925,-0.307919,0.100087
-0.243558,-0.013880,-0.281064,0.089152
0.089104,-0.009764,0.202792,0.238217
0.180649,-0.005286,0.251249,0.110945
-0.190437,-0.003609,-0.226481,-0.028823
-0.210269,-0.003354,-0.188461,-0.047267
-0.108118,-0.045953,0.049574,-0.154169
0.126638,-0.002272,0.009856,0.041626
-0.060684,-0.092790,-0.093141,-0.200874
-0.053792,-0.236529,0.005949,0.029839
-0.164622,-0.183691,0.081666,0.077236
-0.019651,-0.147865,0.008763,0.121121
0.019607,-0.094159,0.018281,0.122628
0.216063,-0.001070,0.056621,0.125749
0.344259,0.073909,-0.033111,0.136482
0.069402,0.018763,-0.488470,0.089140
0.067352,-0.016915,-0.568959,0.069174
0.071310,-0.028478,-0.559586,0.067404
-0.017476,-0.029693,-0.492091,0.089910
0.275201,0.017442,0.114042,0.096917
0.135398,0.019324,0.269865,-0.418626
0.057560,-0.011241,-0.090893,0.139790
-0.168829,-0.069234,-0.152400,0.166521
-0.285406,-0.028882,-0.116736,0.152288
-0.071044,0.005060,0.440822,0.159660
-0.105930,0.009090,0.484121,0.142404
-0.445919,-0.013094,-0.061493,0.071547
-0.411917,-0.007795,-0.065465,0.035902
-0.185261,0.009589,0.410052,0.049658
-0.126829,-0.009244,0.446057,-0.019844
-0.315267,-0.014018,-0.033159,-0.086710
-0.295694,-0.013465,-0.044877,-0.095028
0.073944,-0.005703,0.451958,0.028042
0.154500,-0.004127,0.353213,0.045781
0.338917,-0.000370,0.142027,0.064455
-0.043899,-0.071129,-0.117829,-0.215347
0.359071,-0.006713,0.059658,0.112755
0.354572,0.010541,0.049895,0.129194
0.328656,0.046148,-0.161055,0.284294
0.048949,-0.019566,-0.562354,0.083620
0.027822,-0.023895,-0.547839,0.094563
-0.100422,-0.013638,-0.441434,0.106144
-0.187965,-0.017147,-0.312170,0.067931
0.136516,-0.005751,0.186950,0.168688
-0.108990,-0.050502,-0.148226,-0.074174
-0.289730,0.050435,-0.394405,0.193141
-0.188129,-0.051962,0.099669,-0.073541
-0.095741,-0.034314,0.081875,-0.115983
0.054508,-0.008702,0.080190,-0.112199
0.092427,0.006935,0.082250,-0.105048
0.224824,0.023013,0.081120,-0.096229
0.168463,-0.068504,-0.231514,-0.153206
0.121086,-0.019987,-0.422425,-0.093862
0.137456,-0.008571,-0.499732,-0.052543
0.144911,-0.000972,-0.492069,-0.031316
0.476277,0.008330,0.035738,0.019903
0.470164,0.008598,0.042004,0.019210
0.085221,-0.026024,-0.504817,-0.003720
0.026176,-0.012222,-0.457433,-0.005871
-0.091243,-0.008380,-0.323105,-0.026621
0.323313,0.015999,0.236427,-0.041078
0.221787,-0.145229,0.101853,0.013268
0.225190,0.071803,0.069313,0.182866
0.347496,0.229372,-0.185918,0.025825
0.219840,0.279264,-0.036789,0.069246
0.201549,0.265788,-0.035367,0.094104
0.205649,0.294404,-0.035523,0.064818
0.213782,0.329464,-0.033069,0.022878
0.224648,0.356454,-0.028894,-0.020178
0.232549,0.369140,-0.023251,-0.062469
0.235769,0.364997,-0.015395,-0.097811
0.228966,0.349395,-0.009054,-0.102937
0.217216,0.326076,-0.001808,-0.108796
0.198097,0.285415,0.003184,-0.119259
0.154630,0.214726,-0.007895,-0.140074
0.069494,0.104033,-0.044891,-0.162625
-0.108389,0.025636,-0.041746,-0.096404
-0.024501,0.026684,0.486135,0.001815
-0.116377,-0.001027,0.485026,0.026814
-0.450114,0.005529,-0.052138,0.051143
-0.475475,0.014947,-0.061698,0.074917
-0.179301,0.007956,0.435976,0.140626
-0.092561,0.043323,0.492819,0.067607
-0.373399,0.028893,-0.036754,-0.063153
-0.326238,0.029505,-0.096768,-0.055849
-0.314954,0.012182,-0.038736,-0.107782
0.067949,0.019203,0.494946,-0.064689
0.170921,0.009013,0.426073,-0.057147
0.344142,0.010646,0.245241,-0.053936
0.187134,0.019626,0.054383,0.075730
-0.015231,-0.088557,-0.131933,-0.213011
0.268036,-0.032976,-0.222404,0.049003
0.189287,-0.079876,-0.333138,0.099385
0.012897,-0.017935,-0.518086,0.073800
-0.028708,-0.023604,-0.500236,0.103220
0.249219,-0.013522,-0.086976,0.353620
0.128058,-0.024545,-0.168386,0.295419
-0.146740,-0.005659,-0.420490,0.123539
-0.216105,-0.005691,-0.342522,0.114968
-0.303694,-0.011878,-0.208380,0.074601
-0.362074,-0.029265,-0.079764,0.021969
0.036487,-0.006321,0.475600,0.034692
0.140724,-0.003616,0.421085,-0.008690
0.165287,-0.003352,0.034906,0.060468
-0.270497,0.054290,-0.414741,0.189786
0.230222,-0.117709,-0.011517,-0.096439
0.320984,-0.017562,0.133000,-0.122265
0.407721,-0.010168,0.045876,-0.130373
0.189079,0.003689,-0.444724,-0.176231
0.163170,-0.013379,-0.502579,-0.096394
0.246480,-0.002295,-0.239240,-0.276979
0.458731,-0.000449,0.135463,-0.044212
0.432946,-0.002752,0.135471,-0.016198
0.423586,0.015313,-0.052378,0.016927
0.054421,-0.020610,-0.488545,0.005384
-0.053426,-0.015915,-0.435837,0.055827
-0.183299,-0.012758,-0.308893,0.055599
0.110336,-0.006041,0.150690,0.249663
0.168527,0.000714,0.165826,0.204614
-0.186523,-0.002572,-0.266963,0.006708
-0.214501,-0.002942,-0.198065,-0.033842
-0.254809,-0.015708,-0.076556,-0.102273
0.162649,-0.006614,0.431530,-0.049577
0.249148,-0.006726,0.338577,-0.031667
0.340098,0.000497,0.143393,0.062104
0.157753,0.014311,0.271658,-0.417735
-0.065540,-0.107885,-0.118703,-0.007792
-0.211773,-0.060241,-0.070660,0.050355
-0.092108,-0.068592,0.372151,0.166669
-0.096512,-0.019240,0.438293,0.158228
-0.415955,0.019820,-0.048261,0.080121
-0.428598,0.001910,-0.059949,0.070397
-0.110311,0.003348,0.475052,0.164198
-0.041640,-0.001902,0.459428,0.133003
-0.022278,0.003823,0.223882,0.289963
-0.303910,-0.009269,-0.216285,0.080114
-0.319165,-0.011154,-0.191271,0.072239
-0.317752,-0.069948,-0.023700,0.018933
0.075409,-0.013162,0.405571,0.054425
0.037924,-0.022080,0.191514,-0.057644
-0.208103,-0.009077,-0.179458,-0.052712
-0.220231,-0.007073,-0.175430,-0.046617
-0.164447,-0.051396,0.023237,-0.131419
0.180863,-0.014074,0.348841,0.034157
0.245927,0.006644,0.089900,0.092880
0.214712,0.079900,0.069216,0.185147
0.222444,0.302685,-0.121875,0.042677
0.151015,0.369788,-0.027128,0.002589
0.154269,0.370779,-0.019082,-0.041149
0.142659,0.346251,-0.009291,-0.097872
0.118557,0.304946,-0.003084,-0.115820
0.063455,0.221981,-0.016511,-0.145055
-0.030303,0.100561,-0.052728,-0.159927
-0.197159,-0.016568,-0.050551,-0.120368
-0.044483,0.050551,0.452926,-0.084688
-0.100641,0.014549,0.501184,-0.040441
-0.377469,-0.008682,-0.035719,-0.027259
-0.376064,-0.007931,-0.038788,-0.026497
-0.173230,-0.002578,0.432241,-0.004495
-0.042295,0.001713,0.532093,0.016163
-0.282381,-0.044405,-0.010264,-0.101130
-0.207229,-0.057898,0.013874,-0.112324
-0.135159,-0.054732,-0.163884,-0.074326
0.079807,0.015281,0.277714,-0.412195
-0.032657,-0.093172,0.496366,0.054161
-0.063824,-0.051656,0.452153,0.140749
-0.165004,0.142423,0.161078,0.199223
-0.331610,0.008069,-0.194610,0.069593
-0.331844,0.006638,-0.191306,0.067653
-0.275531,0.098745,0.062971,0.135897
-0.039832,0.011314,0.379469,0.193524
0.006479,0.015675,0.241996,0.247652
-0.288325,-0.007208,-0.223997,0.070180
-0.305449,-0.008586,-0.201924,0.066609
-0.063349,-0.014880,0.200849,0.230890
0.038766,-0.020463,0.259443,0.139001
-0.254352,-0.011482,-0.169964,-0.013552
-0.258357,-0.009286,-0.169258,-0.012449
-0.158505,-0.060699,0.073424,-0.034649
0.155413,-0.010904,0.380127,0.024151
0.136838,-0.017421,0.013225,0.043927
-0.277950,0.051860,-0.406096,0.191336
0.188190,-0.104014,0.051641,-0.065141
0.272095,-0.058576,0.081996,-0.118479
0.190872,0.001145,-0.332509,-0.191628
0.170837,0.015045,-0.500798,-0.119186
0.156545,-0.006014,-0.490648,-0.108341
0.445603,0.071968,-0.007337,-0.129030
0.366242,0.038857,-0.056361,-0.190141
0.062013,-0.007516,-0.409942,-0.093905
-0.051369,-0.010307,-0.329021,-0.058654
-0.160388,-0.010419,-0.249526,-0.029016
0.201145,-0.014297,0.237675,0.106007
0.246324,-0.013677,0.221824,0.095801
-0.133592,-0.057347,-0.163961,-0.074158
-0.046050,-0.067094,-0.118441,-0.216572
0.109341,-0.053259,0.076933,0.135167
0.077515,-0.029914,0.054254,0.157906
0.320431,0.024467,0.046910,0.148743
0.356847,0.041734,-0.103981,0.229091
0.062753,-0.017912,-0.583089,0.088991
0.083989,-0.029734,-0.566962,0.063359
0.035735,-0.027351,-0.508182,0.050448
-0.066075,-0.024724,-0.369757,0.011206
0.325592,-0.003658,0.196549,0.031364
0.349489,-0.004181,0.197469,0.007030
0.221972,-0.145176,0.101928,0.013278
0.225219,0.071811,0.069279,0.182863
0.344071,0.234455,-0.190143,0.007997
0.227988,0.319214,-0.029243,0.003950
0.220206,0.337353,-0.016023,-0.040433
0.218579,0.330911,-0.004434,-0.093870
0.197227,0.283782,0.003581,-0.144494
0.135827,0.190197,-0.013548,-0.177289
0.032074,0.059468,-0.053077,-0.205693
-0.145725,-0.024984,-0.050191,-0.143706
-0.020646,0.030318,0.479312,-0.043019
-0.085726,0.018370,0.498058,-0.011668
-0.372256,-0.007735,-0.044312,-0.024529
-0.372134,-0.006054,-0.047278,-0.023758
-0.232774,-0.003115,0.353373,-0.086451
-0.025996,0.003871,0.580973,-0.035537
0.036072,-0.002664,0.520627,-0.029771
-0.032340,-0.038259,0.122935,-0.026091
-0.218275,-0.028287,-0.161894,-0.040882
0.070294,-0.029227,0.154650,0.034842
0.215504,-0.010228,0.257355,0.062702
-0.170829,-0.014644,-0.270714,0.006837
-0.206240,-0.011640,-0.271107,0.039637
0.071206,-0.021317,0.171379,0.180071
-0.162238,-0.047110,-0.172111,-0.064957
0.115584,0.016636,0.279360,-0.411473
-0.339766,-0.037133,-0.016480,0.011857
-0.351128,0.034229,0.018408,0.085324
-0.274434,0.146791,0.133048,0.184673
-0.423160,0.004667,-0.101465,0.075127
-0.423390,0.003409,-0.100323,0.072009
-0.171117,0.021984,0.389529,0.200876
-0.100176,0.003475,0.445563,0.190936
-0.361631,-0.014008,-0.066037,0.007434
-0.335013,-0.012887,-0.078401,-0.022286
0.048880,-0.006639,0.432671,0.064905
0.125467,-0.008961,0.396534,0.036241
0.241710,-0.013210,0.199075,0.110074
-0.166449,-0.016719,-0.316330,0.050148
-0.204207,-0.011023,-0.289959,0.055838
-0.108354,-0.078012,-0.015496,0.120604
0.036913,-0.029189,0.120492,0.101021
-0.207270,-0.008856,-0.225890,-0.007334
-0.236656,-0.007868,-0.197539,-0.007288
-0.284673,-0.027239,-0.070304,-0.066590
0.137772,-0.005775,0.448009,-0.036068
0.225830,-0.005499,0.346705,-0.017951
0.347381,-0.001433,0.143880,0.057394
0.152826,0.018918,0.267177,-0.420591
-0.080329,-0.052902,-0.130045,0.160848
-0.276727,-0.008082,-0.107087,0.158279
-0.079315,0.006091,0.423552,0.174630
-0.099684,0.008715,0.484726,0.132785
-0.440417,-0.011667,-0.054742,0.058536
-0.423447,-0.008258,-0.060140,0.042652
-0.139106,0.000250,0.470509,0.136304
-0.071473,-0.006844,0.501599,0.115936
-0.267110,-0.067427,0.020539,0.072180
-0.334008,-0.016482,-0.138656,0.039796
-0.294038,-0.056128,-0.048414,-0.037049
0.094011,-0.002508,0.435881,0.021998
0.180331,-0.000126,0.355920,0.012652
0.375057,0.000176,0.144699,0.029398
0.233967,0.073800,0.059521,0.182020
0.216812,0.306435,-0.125360,0.011565
0.149149,0.364075,-0.019286,-0.016874
0.142094,0.346838,-0.008613,-0.071236
0.119215,0.305746,-0.003246,-0.103707
0.074902,0.237504,-0.012973,-0.121319
-0.014090,0.120541,-0.046467,-0.150869
-0.188551,-0.002895,-0.045865,-0.115675
-0.048461,0.054493,0.443125,-0.103840
-0.073146,0.033802,0.499445,-0.087081
-0.330856,-0.005421,-0.029540,-0.083465
-0.342824,-0.005752,-0.028767,-0.071984
-0.178585,0.007675,0.417907,-0.040602
-0.042376,-0.005687,0.536248,0.040355
-0.226228,-0.039792,0.053831,-0.005581
-0.300100,-0.022311,-0.119606,-0.007321
-0.093921,-0.054242,0.110193,0.048847
-0.119817,-0.060148,-0.157287,-0.075395
-0.308881,0.050757,-0.376369,0.192252
-0.111755,-0.058412,0.083006,-0.046449
0.002647,-0.037273,0.074613,-0.089824
0.034275,-0.018109,0.079079,-0.103004
0.066548,-0.002708,0.081645,-0.097694
0.191643,0.002720,0.066940,-0.089717
0.148077,-0.087478,-0.241405,-0.136823
0.118047,-0.018560,-0.412585,-0.107029
0.146912,-0.007518,-0.489634,-0.092307
0.156736,-0.013278,-0.481218,-0.105464
0.498475,0.016392,0.030789,-0.053413
0.495457,0.024019,0.035516,-0.053387
0.087736,-0.012536,-0.456142,-0.068409
0.016147,-0.010315,-0.426697,-0.028485
-0.088609,-0.025532,-0.335932,0.000723
0.285759,-0.013075,0.203262,0.074259
0.347894,-0.000860,0.144731,0.055863
-0.282590,0.047791,-0.395233,0.189095
0.118530,-0.162766,-0.006882,0.013375
0.122669,-0.120674,0.089513,-0.032124
0.242155,-0.102761,0.024548,-0.096141
0.164635,0.027524,-0.369892,-0.138542
0.188325,0.060900,-0.495837,-0.106366
0.134987,0.014943,-0.523008,-0.074334
0.059745,0.005873,-0.430673,-0.084293
-0.086378,0.008990,-0.280903,-0.091059
0.266592,0.039460,0.192962,-0.116404
0.349491,0.021972,0.240383,-0.078462
0.128134,-0.006925,0.009894,0.041445
-0.012931,-0.087634,-0.134554,-0.213662
0.191299,-0.036972,-0.306309,0.063631
0.420358,-0.022844,-0.075006,0.173842
0.032870,-0.031164,-0.500382,0.049540
0.011842,-0.023972,-0.494851,0.057638
-0.007722,-0.063317,-0.401996,0.041580
0.331525,-0.018850,0.131761,0.104981
0.332789,-0.009643,0.144970,0.081911
-0.010544,-0.068716,-0.384960,0.036649
-0.081093,-0.039253,-0.384020,0.055032
0.291201,-0.017558,0.166920,0.109518
0.313314,-0.011703,0.164689,0.083996
-0.083582,-0.047538,-0.369584,0.051360
0.221875,-0.145204,0.101889,0.013273
0.225234,0.071816,0.069262,0.182861
0.344098,0.234444,-0.190137,0.007997
0.229669,0.313867,-0.030876,0.012336
0.217732,0.319670,-0.024430,0.012153
0.217583,0.319818,-0.024448,0.012162
0.217429,0.319972,-0.024466,0.012171
0.217281,0.320120,-0.024484,0.012180
0.217132,0.320268,-0.024502,0.012189
0.217673,0.323380,-0.023785,0.005769
0.220321,0.336654,-0.017279,-0.034728
0.219639,0.333690,-0.006097,-0.086708
0.198605,0.285421,0.003833,-0.159221
0.126051,0.177245,-0.016540,-0.202499
0.017781,0.042632,-0.050955,-0.226524
-0.145306,-0.031546,-0.045366,-0.158150
-0.042130,0.021438,0.433961,-0.079796
-0.057233,0.027259,0.525003,-0.030539
-0.355560,-0.006055,-0.043076,-0.044372
-0.374567,-0.006581,-0.046483,-0.021592
-0.146374,0.013638,0.467093,0.070765
-0.080613,-0.002750,0.523187,0.072778
-0.340370,-0.045961,-0.018761,-0.031410
-0.294865,-0.053842,-0.021072,-0.058990
0.084506,-0.000461,0.467324,-0.002598
0.189949,0.000916,0.362039,-0.004939
0.389092,-0.003201,0.139459,0.024038
0.232479,0.067756,0.067327,0.181797
0.166535,0.236958,-0.187672,-0.132526
0.101388,0.272620,-0.005799,-0.157789
-0.003790,0.127200,-0.041939,-0.214374
-0.186816,-0.012754,-0.044671,-0.154763
-0.086708,0.038598,0.372943,-0.213779
-0.044364,0.046149,0.499417,-0.117081
-0.335953,-0.004995,-0.030235,-0.078106
-0.358708,-0.006277,-0.034371,-0.049958
-0.165708,0.001158,0.439182,-0.041026
-0.051687,-0.010273,0.519132,0.011035
-0.212064,-0.006512,0.065747,-0.013769
-0.295488,-0.018131,-0.129022,-0.006699
-0.100283,-0.017961,0.097210,0.064191
0.097887,-0.016257,0.249102,0.199588
-0.241147,-0.014169,-0.260102,0.066067
-0.261986,-0.011005,-0.230672,0.054313
-0.139239,-0.066222,0.044365,0.040672
0.179007,-0.009089,0.368644,0.006916
0.061918,-0.022024,-0.036161,0.004036
-0.272697,0.054261,-0.413658,0.191126
0.226879,-0.096636,0.039715,-0.111269
0.321507,-0.039386,0.075308,-0.145149
0.190937,0.003234,-0.372096,-0.208104
0.167152,-0.008922,-0.510960,-0.096089
0.152073,-0.012455,-0.488563,-0.100389
0.182598,-0.033324,-0.261173,-0.281773
0.441240,-0.001620,0.154169,-0.044220
0.440817,-0.001843,0.154816,-0.044708
0.440491,0.014980,-0.014275,-0.010972
0.030335,-0.014732,-0.462417,-0.002536
-0.070062,-0.010550,-0.412901,0.044163
-0.174760,-0.016074,-0.290509,0.031992
-0.123508,-0.061199,-0.159668,-0.075127
-0.080748,-0.079605,-0.086682,-0.199622
-0.114246,-0.155714,0.036600,0.108008
0.014039,-0.086801,0.016476,0.146342
0.209262,0.009188,0.048241,0.154438
0.345003,0.073589,-0.039583,0.153851
0.072946,0.011458,-0.494470,0.064217
0.088904,-0.015905,-0.548752,0.026407
0.097339,-0.022994,-0.543209,0.019513
-0.010356,-0.012658,-0.450304,0.023967
-0.067936,-0.045241,-0.339276,0.003111
0.308707,-0.011399,0.211426,0.041454
0.332288,-0.009986,0.190006,0.038034
0.322875,0.003423,0.137645,0.075384
0.167330,0.017508,0.264608,-0.422592
-0.156194,-0.073876,-0.143171,0.135928
-0.274438,-0.008615,-0.103889,0.150710
-0.067989,0.000475,0.436263,0.161697
-0.100531,0.007279,0.479186,0.139508
-0.453749,-0.022641,-0.058217,0.091818
-0.453376,-0.023989,-0.064083,0.092912
-0.132534,0.002511,0.480941,0.174018
-0.068777,-0.004843,0.509195,0.101149
-0.316807,-0.031048,-0.041218,-0.058228
-0.284349,-0.028154,-0.045339,-0.090199
0.109793,-0.003125,0.440507,0.001803
0.196570,-0.000856,0.353935,-0.000954
0.379841,-0.003136,0.144281,0.028394
-0.273879,0.053150,-0.410781,0.190493
0.212301,-0.113451,0.015780,-0.081808
0.262730,-0.031371,0.137615,-0.110783
0.363872,-0.018597,0.067086,-0.111509
0.203696,0.012664,-0.389046,-0.177501
0.164863,-0.011979,-0.521964,-0.079603
0.142209,-0.011868,-0.492887,-0.086795
0.097233,-0.036801,-0.319728,-0.186449
0.425226,-0.001599,0.157141,-0.031181
0.426747,-0.002697,0.155247,-0.029442
0.201152,-0.056127,-0.226391,-0.150584
0.026772,-0.057317,-0.371358,-0.047324
0.369730,-0.007803,0.147039,0.041377
0.372730,-0.007286,0.146427,0.038536
0.382215,-0.001026,0.142217,0.025957
0.169005,0.015744,0.265400,-0.422322
-0.127591,-0.097986,-0.126392,0.043609
-0.240561,-0.034021,-0.085462,0.093330
-0.068572,-0.025182,0.411165,0.176908
-0.097058,0.002374,0.458443,0.159224
-0.443563,-0.007948,-0.059031,0.095004
-0.451253,-0.019902,-0.066441,0.093569
-0.132453,-0.001906,0.475111,0.200191
-0.071499,-0.008388,0.457577,0.171369
-0.223943,-0.094365,0.059699,0.161339
-0.332333,-0.012475,-0.129039,0.024497
-0.293523,-0.038432,-0.050315,-0.064051
0.095150,-0.000699,0.439579,0.015522
0.187545,0.000221,0.352335,0.009011
0.349277,-0.007273,0.205777,0.002386
0.319830,0.008102,0.139251,0.074939
-0.016549,-0.082739,-0.134442,-0.215035
0.227648,-0.032382,-0.268319,0.026240
0.438711,-0.022715,-0.045147,0.145796
0.017147,-0.038519,-0.499408,0.076773
-0.002449,-0.026210,-0.503458,0.082803
0.316909,-0.016053,-0.071611,0.309496
0.284479,-0.015034,-0.062219,0.327032
-0.106875,-0.007735,-0.433406,0.098665
-0.180668,-0.008288,-0.366440,0.106046
-0.269777,-0.010138,-0.264158,0.094722
-0.150692,-0.090894,0.049425,0.256208
-0.047606,-0.045384,0.127026,0.272915
-0.276682,0.000877,-0.210256,0.036710
-0.275006,0.001579,-0.180837,0.004914
-0.316852,-0.011788,-0.063355,-0.057353
0.068627,-0.000015,0.464806,-0.058113
0.167621,0.000203,0.428267,-0.047252
0.221952,-0.145182,0.101920,0.013277
0.057590,-0.054675,0.014953,0.387574
0.112881,-0.173167,-0.237434,-0.034240
0.106226,0.044375,-0.458325,-0.078556
0.197762,0.077621,-0.471960,-0.126855
0.142092,0.017275,-0.500633,-0.106974
0.068135,0.002231,-0.397733,-0.121982
-0.047901,0.000136,-0.240297,-0.161288
0.349057,0.031261,0.245907,-0.143651
0.397997,0.016936,0.247790,-0.117247
0.021065,-0.029285,-0.242435,-0.198694
-0.033499,-0.027963,-0.266466,-0.121422
0.363431,-0.007717,0.242096,-0.058812
0.382611,-0.010577,0.227584,-0.053996
0.070213,-0.061541,-0.239237,-0.151434
-0.021882,-0.050544,-0.315485,-0.053347
0.307010,-0.010579,0.181829,0.071674
0.299829,-0.009169,0.174572,0.084985
0.348263,-0.014741,0.023228,0.192385
-0.076147,-0.012722,-0.431253,0.070771
-0.155541,-0.013868,-0.360354,0.080413
-0.256586,-0.011679,-0.255351,0.074266
0.055715,-0.021451,0.199983,0.182356
0.175487,-0.006035,0.274494,0.074505
-0.192408,-0.008961,-0.193665,-0.054316
-0.207469,-0.006789,-0.176249,-0.058842
-0.035676,-0.034393,0.125670,-0.150937
0.250621,0.003766,0.091818,0.092643
0.103122,0.018403,0.275858,-0.414027
-0.311666,-0.010836,-0.127492,0.068538
-0.402512,0.012784,-0.077212,0.087035
-0.098169,-0.007508,0.457125,0.146958
-0.088601,0.004609,0.482725,0.133895
-0.298684,0.084539,0.080883,0.145371
-0.396731,-0.005681,-0.118077,0.071213
-0.358243,-0.006334,0.006319,0.096513
-0.044516,-0.004951,0.382284,0.210983
0.002591,-0.017726,0.237990,0.277553
-0.290839,-0.011840,-0.191217,0.044545
-0.272067,-0.007877,-0.169976,0.000569
-0.284350,-0.031983,-0.021760,-0.104919
0.089727,-0.002021,0.464663,-0.003443
0.192243,0.000792,0.361515,-0.007617
0.353882,-0.008087,0.208650,-0.004319
0.361731,-0.002470,0.145672,0.043799
-0.262333,0.055461,-0.414510,0.182004
0.123696,-0.119024,-0.298149,-0.008785
0.313244,-0.073788,-0.123990,-0.051816
0.201085,0.100683,-0.415289,-0.120222
0.161837,0.051050,-0.495299,-0.146816
0.089898,0.019314,-0.450685,-0.107805
-0.005757,0.019462,-0.274653,-0.188272
0.392289,0.031383,0.223420,-0.106192
0.416228,0.012961,0.213608,-0.095355
0.031777,-0.022655,-0.265512,-0.192960
-0.025742,-0.016647,-0.266923,-0.140038
0.376811,0.005243,0.226106,-0.066396
0.373126,-0.007595,0.208896,-0.025430
0.033030,-0.064192,-0.289306,-0.076946
-0.048955,-0.064982,-0.334564,0.001923
0.292865,-0.010488,0.174960,0.093154
0.303856,-0.009554,0.169271,0.086885
0.359725,0.000894,0.146611,0.042040
0.254789,0.094696,0.011646,0.188228
0.132688,0.342857,-0.039960,0.049011
0.149952,0.367527,-0.033283,0.011503
0.161334,0.379643,-0.024183,-0.028406
0.157997,0.369874,-0.017403,-0.065854
0.147620,0.352444,-0.010281,-0.071465
0.132285,0.326171,-0.004788,-0.077491
0.107783,0.284514,-0.004514,-0.086803
0.059802,0.213653,-0.019110,-0.102571
-0.017492,0.114040,-0.049419,-0.119950
-0.187685,0.001004,-0.046077,-0.097883
-0.045154,0.049068,0.455416,-0.077227
-0.082945,0.027952,0.499907,-0.073066
-0.340667,-0.006114,-0.030214,-0.072260
-0.341427,-0.005826,-0.028015,-0.074060
-0.199369,0.002796,0.388379,-0.138124
-0.067273,-0.016951,0.505532,-0.026673
-0.249354,-0.020159,0.028998,-0.070293
-0.300644,-0.022438,-0.131855,0.005650
-0.039281,-0.029967,0.157133,0.122962
0.122364,-0.014235,0.264693,0.143314
-0.222184,-0.013322,-0.241102,0.027257
-0.244985,-0.011935,-0.212715,0.020283
-0.009087,-0.035411,0.149307,0.108428
0.145767,-0.008016,0.261228,0.042867
-0.196476,-0.009686,-0.186652,-0.056537
-0.212073,-0.007814,-0.176263,-0.053200
-0.036755,-0.035820,0.131453,-0.120164
0.219971,-0.011915,0.333213,0.008344
0.324572,0.001886,0.137273,0.074977
-0.047533,-0.068647,-0.116261,-0.215672
0.354183,-0.015810,0.078483,0.094568
0.347516,0.006048,0.069663,0.115215
0.358357,0.048345,-0.104829,0.236089
0.043183,-0.014971,-0.576349,0.098787
0.036819,-0.027447,-0.556971,0.098248
-0.051143,-0.028436,-0.488221,0.118450
-0.137313,-0.052944,-0.346896,0.088040
0.273722,-0.009486,0.205062,0.081033
0.323737,-0.007080,0.211775,0.021785
0.276687,0.017918,0.115274,0.096053
0.296793,0.075488,-0.001588,0.178821
0.135910,0.327733,-0.004832,-0.112381
0.062939,0.212705,-0.018045,-0.206596
-0.073219,0.035023,-0.068108,-0.229517
-0.200984,-0.036101,-0.043647,-0.148928
-0.064701,0.026691,0.411942,-0.141235
-0.108733,0.029711,0.455321,-0.059981
-0.367465,-0.005752,-0.046359,-0.029669
-0.368342,-0.005356,-0.049017,-0.026599
-0.171137,0.012960,0.431340,-0.010162
-0.092575,-0.003386,0.488389,0.011514
-0.314896,-0.018801,-0.026531,-0.087988
-0.284115,-0.021694,-0.034545,-0.103804
0.091819,-0.003958,0.460379,0.000374
0.177375,-0.003278,0.352627,0.021992
0.328144,-0.009314,0.192504,0.038992
0.329284,0.001356,0.139269,0.071501
-0.021593,-0.072524,-0.136668,-0.217956
0.346671,0.038441,-0.125349,0.210170
0.325775,0.028112,-0.183812,0.319229
0.026693,-0.017082,-0.553674,0.094713
-0.029820,-0.012229,-0.523676,0.116375
-0.163016,-0.007159,-0.420066,0.140892
-0.266811,-0.019263,-0.288802,0.125526
0.013421,-0.022047,0.168332,0.359658
0.086877,-0.007785,0.202820,0.259215
-0.240893,0.004071,-0.247003,0.034474
-0.251784,0.004661,-0.189405,-0.012823
-0.269736,-0.025116,-0.056788,-0.093010
0.118879,0.004590,0.426521,-0.000090
0.207281,0.005434,0.342190,-0.006104
0.364883,-0.000407,0.191789,-0.006334
-0.009248,-0.032687,-0.323352,-0.083859
0.265649,0.018897,0.107821,0.097864
0.142698,0.012254,0.279411,-0.411656
0.028024,-0.057330,-0.093911,0.053500
-0.235346,-0.036359,-0.082287,0.105255
-0.079802,-0.048477,0.391243,0.174830
-0.096393,-0.010297,0.447496,0.153796
-0.425936,0.009511,-0.055229,0.074851
-0.437169,-0.005278,-0.069227,0.072799
-0.128077,-0.001567,0.467429,0.168157
-0.062454,-0.001973,0.495713,0.105411
-0.290084,-0.000232,-0.010199,-0.066273
-0.291716,-0.011294,-0.124295,-0.022041
-0.252528,0.002834,-0.024484,-0.047224
0.108049,-0.015026,0.338613,0.114115
0.145620,-0.014986,0.236004,0.169875
-0.203633,-0.015886,-0.274819,0.044989
-0.226281,-0.009917,-0.255560,0.042408
-0.060474,-0.051854,0.080883,0.149915
0.100996,-0.014668,0.212127,0.198972
-0.222659,-0.008746,-0.262793,0.044847
-0.257100,-0.008806,-0.218715,0.035270
-0.271018,-0.063147,-0.067926,-0.015947
0.115990,-0.000420,0.427938,0.006206
0.222427,0.000298,0.345453,-0.019207
0.221962,-0.145179,0.101924,0.013277
0.341166,-0.094020,0.097706,0.025000
0.394567,0.012844,-0.033005,0.080216
0.033181,-0.007335,-0.524617,0.049600
0.027217,-0.013199,-0.542311,0.078944
-0.028309,-0.031192,-0.491582,0.101789
0.293467,-0.016194,-0.024466,0.296467
0.263812,-0.015399,-0.026139,0.327502
-0.129859,-0.011759,-0.423463,0.115730
-0.185090,-0.013483,-0.351693,0.100916
-0.278784,-0.011004,-0.213749,0.054187
-0.221219,-0.077863,0.010707,-0.006935
0.152403,-0.009846,0.383258,0.009283
-0.112434,-0.054060,-0.151250,-0.074923
0.110611,0.016503,0.279910,-0.410984
-0.332571,-0.036983,0.036196,0.008527
-0.290956,0.065535,0.121302,0.124637
-0.210897,0.152091,0.229348,0.227680
-0.379922,0.051896,-0.029750,0.128587
-0.399072,0.002478,-0.137158,0.084823
-0.438070,-0.015305,-0.066429,0.088747
-0.117185,-0.003338,0.468531,0.184176
-0.029708,-0.005966,0.480550,0.096629
-0.224130,-0.011080,0.003437,-0.062170
-0.268142,-0.014688,-0.139291,-0.027228
-0.165256,-0.009491,0.000436,-0.010736
0.143652,-0.015258,0.323489,0.098041
-0.075862,-0.064762,-0.132307,-0.067651
0.108399,0.020879,0.267317,-0.419761
-0.266151,0.140363,0.107920,0.247508
-0.433677,0.001648,-0.125577,0.114214
-0.433876,-0.005016,-0.125481,0.116169
-0.196529,0.013436,0.384489,0.237231
-0.190582,0.000865,0.405037,0.199818
-0.397835,-0.009634,-0.071710,0.029854
-0.370724,-0.006911,-0.072724,0.001015
-0.194320,-0.028965,0.312668,0.029161
0.006406,-0.009703,0.466208,0.058173
-0.276504,-0.032454,-0.086109,-0.052989
-0.263304,-0.034748,-0.101674,-0.048865
-0.107893,-0.062002,-0.150918,-0.074773
0.127639,0.036479,0.137893,0.233774
-0.051110,0.055372,0.548032,-0.003871
-0.139718,0.141802,0.377233,-0.095314
-0.337066,0.050095,-0.048811,-0.113416
-0.317213,0.039428,-0.056050,-0.115495
0.047930,0.054019,0.417796,-0.124081
0.176605,0.025788,0.433533,-0.086742
0.243153,0.046516,0.178477,-0.137722
-0.125975,0.001556,-0.231635,-0.093296
-0.161516,-0.001777,-0.194904,-0.091154
-0.156689,-0.049895,-0.171450,-0.066953
-0.295162,0.056486,-0.396267,0.192411
-0.065810,-0.017328,0.075525,-0.183549
0.121399,0.013155,0.080483,-0.209460
0.166835,0.036056,0.085508,-0.217129
0.276742,0.054277,0.087194,-0.146382
0.270919,0.027686,-0.140654,-0.162758
0.120497,-0.003679,-0.439333,-0.093974
0.119452,-0.012403,-0.500094,-0.047635
0.103979,-0.026343,-0.482747,-0.038271
0.487995,-0.000583,0.043093,0.014645
0.484229,-0.001205,0.047530,0.014794
0.068377,-0.026518,-0.487441,-0.003767
0.016103,-0.012869,-0.449815,-0.002770
-0.063148,-0.031363,-0.338980,-0.015859
0.326293,-0.008413,0.213310,0.018651
0.345388,-0.009013,0.207497,0.006168
-0.035351,-0.044111,-0.334238,-0.035643
0.140488,-0.016405,0.015609,0.045839
-0.049334,-0.068497,-0.114845,-0.215386
0.317905,-0.003961,0.084443,0.125848
0.314347,0.012438,0.072875,0.139814
0.381380,0.039421,-0.064180,0.187640
0.046349,-0.017642,-0.577731,0.099688
0.060873,-0.030713,-0.560380,0.080869
-0.003545,-0.030610,-0.490891,0.075696
0.312442,0.007653,0.134332,0.081482
-0.282021,0.050573,-0.401188,0.191932
0.132558,-0.117750,0.062841,-0.048026
0.100329,-0.068284,0.113221,-0.101945
0.261157,-0.034238,0.122002,-0.108750
0.258195,-0.071864,-0.202876,-0.161775
0.172398,0.010760,-0.459668,-0.132871
0.219212,0.022929,-0.404230,-0.184384
0.505659,0.014737,0.066644,-0.065624
0.505359,0.011388,0.080471,-0.064197
0.102300,-0.014534,-0.458336,-0.078777
0.049410,-0.005810,-0.426244,-0.066706
0.149534,-0.039035,-0.150229,-0.130653
0.347481,-0.006929,0.186125,0.023467
0.336079,-0.006591,0.176302,0.044118
0.419700,-0.007829,0.069724,0.067677
-0.010904,-0.024813,-0.445057,0.031423
-0.086252,-0.010636,-0.402577,0.050115
-0.163523,-0.044275,-0.171931,-0.065955
0.147080,0.047200,0.142283,0.209476
-0.394535,0.074718,0.010699,-0.032628
-0.377724,0.057174,-0.058579,-0.054827
-0.354657,0.045237,-0.046208,-0.090819
-0.352848,0.019991,0.012494,-0.125385
-0.150797,0.026692,0.471813,-0.187557
-0.001322,0.028918,0.577700,-0.120541
-0.158756,-0.027658,0.093978,-0.348364
-0.171605,-0.012369,-0.024526,-0.240833
0.018132,-0.041508,0.178639,-0.333300
0.295078,-0.016256,0.386558,-0.126547
0.371548,-0.013254,0.264378,-0.078459
0.331151,-0.075623,0.043528,-0.052794
-0.043658,-0.007137,-0.395178,-0.003377
-0.135099,0.005845,-0.365702,0.045607
-0.162177,-0.026749,-0.219841,0.081298
0.193842,-0.015059,0.265048,0.106174
0.244644,-0.013368,0.233083,0.085901
0.278867,-0.015208,0.082029,0.204199
-0.124155,-0.009984,-0.394594,0.079383
-0.188463,-0.011459,-0.328675,0.079247
-0.280479,-0.020184,-0.195975,0.047288
0.143057,-0.012052,0.323664,0.080529
0.221904,-0.145196,0.101900,0.013274
0.225292,0.071832,0.069195,0.182855
0.336815,0.239713,-0.196759,-0.020268
0.232388,0.333884,-0.019307,-0.059235
0.215476,0.322507,-0.001725,-0.100494
0.199793,0.287873,0.002793,-0.104179
0.166768,0.230302,-0.004754,-0.119328
0.087991,0.126051,-0.036672,-0.154245
0.028425,0.051241,-0.049125,-0.158314
-0.145927,-0.028556,-0.050758,-0.131946
-0.018764,0.026332,0.480113,-0.077765
-0.076468,0.025126,0.499718,-0.022491
-0.386840,-0.008976,-0.047890,-0.005044
-0.398963,-0.007213,-0.058031,0.015074
-0.173460,0.003104,0.438279,0.083675
-0.105508,-0.000503,0.499586,0.098462
-0.357065,-0.026005,-0.041188,-0.024720
-0.318887,-0.017337,-0.046784,-0.066324
0.075108,-0.001788,0.499127,-0.047815
0.175534,-0.002392,0.417728,-0.042448
0.324666,0.002872,0.138236,0.074230
-0.272993,0.053887,-0.412737,0.190849
0.222823,-0.103857,0.028567,-0.102689
0.268030,-0.025434,0.143309,-0.124116
0.374291,-0.011674,0.083554,-0.123322
0.206878,0.002771,-0.372055,-0.198670
0.165673,-0.013655,-0.516313,-0.084661
0.144183,-0.013691,-0.488152,-0.091686
0.144520,-0.047130,-0.285037,-0.245196
0.423748,-0.003767,0.149840,-0.019910
0.409966,-0.003440,0.152844,-0.009670
0.451534,0.006414,0.018213,0.056297
0.010233,-0.023548,-0.473103,0.037068
-0.077997,-0.014984,-0.418745,0.062376
-0.184743,-0.007880,-0.275910,0.019183
0.050922,-0.014402,0.116867,0.038876
-0.106572,-0.051556,-0.147151,-0.073884
0.174604,0.054820,0.122994,0.195536
-0.286874,0.133638,-0.060133,-0.025650
-0.197631,0.140715,-0.108401,-0.041640
-0.162750,0.123029,-0.103777,-0.082655
-0.181825,0.070424,-0.114875,-0.098781
-0.255907,0.011342,-0.069585,-0.086917
-0.235713,0.020117,0.204497,-0.172625
-0.114263,0.015592,0.503592,-0.124117
-0.287084,-0.022424,0.227891,-0.247903
-0.328575,-0.013082,0.030817,-0.138054
-0.128710,-0.038400,0.319522,-0.117051
0.084324,-0.002886,0.455790,0.009892
0.179157,-0.005426,0.333477,0.042537
0.352425,-0.001209,0.145539,0.051588
-0.041494,-0.070442,-0.120284,-0.216045
0.375770,-0.002044,0.042483,0.112205
0.375077,0.012830,0.032556,0.124859
0.310025,0.044674,-0.193440,0.297172
0.045020,-0.020619,-0.559802,0.086052
0.001659,-0.020761,-0.533616,0.103370
-0.128780,-0.013856,-0.429851,0.123138
-0.228447,-0.009553,-0.297930,0.086580
-0.267324,-0.072101,-0.130921,0.031440
0.136097,-0.006489,0.383041,0.037007
0.234887,-0.003657,0.320472,-0.001867
0.336204,0.005104,0.144245,0.061458
-0.269195,0.054098,-0.414676,0.188424
0.225031,-0.133810,-0.060015,-0.077346
0.326501,-0.030559,0.088524,-0.111618
0.399553,-0.022002,-0.025772,-0.133062
0.172333,0.013291,-0.501174,-0.122788
0.158236,-0.010952,-0.511318,-0.085177
0.079416,-0.009244,-0.396928,-0.122568
0.457583,0.031252,0.147820,-0.095453
0.452277,0.017869,0.154123,-0.078445
0.011899,-0.017110,-0.391610,-0.052530
-0.046959,-0.009177,-0.381430,-0.011784
0.282628,-0.002356,0.117727,0.125134
0.302403,-0.008092,0.157183,0.094999
-0.124347,-0.012289,-0.329118,0.016404
-0.173694,-0.007566,-0.282064,0.013973
-0.228744,-0.040314,-0.164160,-0.015783
0.060911,-0.037318,-0.039668,0.000781
0.085911,0.018477,0.273701,-0.415397
-0.367037,0.034634,-0.008884,0.088627
-0.302952,0.138456,0.084006,0.204809
-0.437044,0.005473,-0.116832,0.102689
-0.432435,-0.000405,-0.110436,0.094411
-0.212959,0.001984,0.353597,0.266558
-0.133797,-0.005347,0.446490,0.228049
-0.386819,-0.019902,-0.080652,0.038141
-0.355562,-0.015086,-0.078377,-0.000307
-0.002528,-0.014937,0.434662,-0.002084
0.124917,-0.007282,0.458402,-0.032857
-0.004750,-0.050368,0.043248,-0.087386
-0.184328,-0.034244,-0.224218,-0.006555
0.151354,-0.014982,0.156794,0.221470
-0.109820,-0.061513,-0.151915,-0.074961
0.117012,0.020483,0.268150,-0.419415
-0.385650,0.016910,-0.087967,0.123282
-0.194733,0.080176,0.276893,0.288393
-0.191580,0.008557,0.361983,0.276844
-0.448715,-0.011137,-0.106262,0.116945
-0.440520,-0.013278,-0.109434,0.113930
-0.215360,-0.007330,0.355279,0.300432
-0.169050,-0.012470,0.381517,0.235966
-0.384669,-0.004351,-0.086213,0.025884
-0.348555,0.001054,-0.091657,-0.010192
-0.221158,-0.027984,0.167025,-0.169539
0.072757,0.004276,0.527118,-0.058729
0.258905,-0.008611,0.364341,-0.065705
0.263744,0.007819,0.101984,0.095471
-0.030127,-0.088835,-0.119001,-0.210436
0.422604,-0.048206,0.036223,0.048065
0.435099,-0.021855,0.021466,0.088897
0.016468,-0.017162,-0.514938,0.082521
0.005180,-0.013932,-0.520890,0.080298
0.059087,-0.058221,-0.393469,0.131012
0.359023,-0.010177,0.091082,0.110506
0.353977,-0.008869,0.102941,0.102445
-0.024509,-0.068176,-0.443205,0.092625
-0.068295,-0.035307,-0.444367,0.098619
0.247296,-0.008056,0.085628,0.225508
0.252427,0.002519,0.100761,0.194521
-0.139702,0.007119,-0.384868,0.068101
-0.188867,0.005124,-0.285096,0.019488
-0.264219,-0.001959,-0.137276,-0.045896
0.159494,0.005218,0.372716,-0.030263
0.260663,-0.002755,0.329872,-0.038584
-0.009074,-0.025957,-0.118909,-0.202007
-0.062892,-0.036412,-0.174669,-0.172342
0.221884,-0.145201,0.101892,0.013273
0.177681,-0.024386,0.362802,0.024649
0.303972,0.039941,0.001963,0.075206
0.037532,-0.101870,-0.094777,0.147131
-0.137069,-0.069875,-0.090587,0.182306
-0.037472,-0.010593,0.389147,0.180001
-0.073920,0.007780,0.468695,0.131595
-0.440228,-0.007097,-0.086586,0.085892
-0.444501,-0.009458,-0.080091,0.085101
-0.135306,0.003947,0.484146,0.180153
-0.118952,-0.001960,0.494665,0.162452
-0.391866,-0.034995,-0.044308,0.022738
-0.352584,-0.020515,-0.052793,-0.023430
0.031184,-0.002347,0.503406,-0.010370
0.130866,-0.001355,0.434883,-0.015199
0.185598,0.001844,0.049322,0.070801
0.247410,0.070419,0.051158,0.180415
0.148499,0.251047,-0.146514,-0.144036
0.086193,0.253495,-0.008740,-0.164210
-0.021611,0.109127,-0.048182,-0.204315
-0.194102,-0.018328,-0.047684,-0.143484
-0.079940,0.039522,0.384785,-0.194578
-0.044772,0.046274,0.498713,-0.118465
-0.316381,-0.003918,-0.028194,-0.100800
-0.339526,-0.005829,-0.028776,-0.075180
-0.157564,-0.010720,0.455698,-0.035327
-0.044106,-0.006035,0.522072,0.048777
-0.091401,0.013160,0.170888,0.163975
-0.296677,-0.009517,-0.211042,0.067887
-0.314365,-0.010973,-0.188924,0.064912
-0.261355,-0.088442,0.034515,0.097726
0.072525,-0.012869,0.388817,0.087400
0.103322,-0.014842,0.237839,0.023711
-0.202711,-0.006989,-0.180820,-0.058830
-0.216958,-0.006690,-0.173202,-0.052501
-0.167851,-0.049082,0.015931,-0.167252
0.005832,-0.050667,-0.078217,-0.030097
0.134920,0.038195,0.145804,0.223330
-0.153766,0.055095,0.451736,-0.031311
-0.399462,0.047090,-0.020821,-0.074553
-0.365756,0.039353,-0.017895,-0.104877
-0.190218,0.077653,0.360121,-0.223956
0.057338,0.024933,0.556976,-0.094236
0.178450,0.013406,0.471662,-0.116173
0.326749,0.027950,0.264968,-0.133512
-0.073625,-0.012288,-0.209954,-0.153483
-0.127772,-0.009111,-0.192824,-0.119643
0.174021,-0.045343,0.167564,-0.166243
0.327038,-0.010253,0.249460,-0.022867
-0.062211,-0.041188,-0.299221,-0.046680
-0.126422,-0.035958,-0.324459,0.037496
0.241757,-0.014860,0.222968,0.100369
0.277225,-0.011562,0.196814,0.087988
0.277373,0.008531,0.111371,0.095314
-0.024867,-0.067015,-0.137494,-0.219344
0.357839,0.044598,-0.102055,0.222854
0.344602,0.022239,-0.151324,0.321516
0.025589,-0.022853,-0.559788,0.107702
-0.019989,-0.020817,-0.534001,0.125456
-0.148532,-0.012355,-0.427109,0.138646
-0.248993,-0.013802,-0.289932,0.103377
0.043463,-0.013793,0.170683,0.264227
0.123548,0.000456,0.213659,0.156434
-0.210170,-0.000910,-0.212691,-0.025580
-0.225405,-0.000418,-0.183241,-0.040287
-0.254503,-0.024293,-0.057262,-0.112443
0.141801,-0.001859,0.424587,-0.015349
0.225934,-0.000476,0.341640,-0.018202
0.385914,-0.001677,0.140553,0.024575
-0.271706,0.054100,-0.413807,0.190338
0.225802,-0.111325,0.008717,-0.095976
0.295817,-0.021141,0.142072,-0.122512
0.391379,-0.012479,0.063433,-0.134169
0.199262,0.005411,-0.409671,-0.187490
0.161326,-0.016682,-0.527060,-0.066588
0.127079,-0.019937,-0.510243,-0.046245
0.055033,-0.039808,-0.350457,-0.112502
0.412594,0.000430,0.161108,-0.024919
0.417294,-0.002654,0.159239,-0.023987
0.069980,-0.057606,-0.322372,-0.137607
0.363681,-0.001515,0.146729,0.040314
-0.280948,0.050055,-0.400914,0.190993
0.158665,-0.119551,0.044124,-0.031365
0.234050,-0.078409,0.072894,-0.087925
0.195095,-0.020220,-0.293068,-0.150215
0.174781,0.045669,-0.490860,-0.104241
0.154285,0.001429,-0.524526,-0.076837
0.111009,-0.000103,-0.474804,-0.085438
0.034751,-0.005505,-0.303978,-0.173636
0.406248,0.011487,0.202197,-0.072183
0.419468,-0.000913,0.203494,-0.072846
0.104738,-0.047574,-0.252359,-0.253250
0.017908,-0.025080,-0.307505,-0.134674
0.383008,-0.004824,0.204403,-0.033523
0.379165,-0.006806,0.169866,0.007789
0.230348,-0.022821,-0.147408,0.137302
-0.071174,-0.010853,-0.434951,0.067628
-0.155974,-0.013542,-0.348597,0.068763
-0.262639,-0.011142,-0.232459,0.056890
-0.091075,-0.060584,0.089059,0.190865
0.045105,-0.019398,0.184019,0.184150
-0.232869,-0.003886,-0.197931,-0.014664
-0.235827,-0.002508,-0.168855,-0.042160
-0.267541,-0.017118,-0.046874,-0.117771
0.115066,-0.002197,0.467433,-0.033655
0.193645,-0.001672,0.349252,0.007843
0.373720,-0.001181,0.145813,0.031011
0.149977,0.017539,0.272286,-0.416981
-0.044903,-0.068500,-0.125046,0.074598
-0.252776,-0.020355,-0.090572,0.120903
-0.068998,-0.021035,0.417689,0.170405
-0.097297,0.003429,0.464756,0.147090
-0.442758,-0.008646,-0.059668,0.079551
-0.441066,-0.011507,-0.064373,0.069065
-0.149693,-0.010970,0.456883,0.130937
-0.049022,-0.006110,0.525527,0.055791
-0.256575,-0.005789,0.022526,-0.040218
-0.306891,-0.017672,-0.135230,0.010462
-0.018248,-0.013826,0.181602,0.247887
0.078463,-0.017457,0.242683,0.231739
-0.241535,-0.012061,-0.229659,0.033905
-0.252918,-0.009494,-0.186693,-0.000246
-0.122011,-0.059548,0.085901,0.017220
-0.132503,-0.051369,-0.161306,-0.075209
-0.080101,-0.083031,-0.085430,-0.198019
-0.113218,-0.169160,0.042285,0.093936
-0.002172,-0.112297,0.014428,0.132116
0.197648,-0.006705,0.053957,0.142470
0.336672,0.071282,-0.032905,0.148361
0.079289,0.020470,-0.470656,0.113184
0.059749,-0.017053,-0.572382,0.080337
0.079835,-0.027847,-0.558924,0.057586
-0.002521,-0.019667,-0.462249,0.035087
0.221845,-0.145212,0.101877,0.013271
0.177106,-0.023022,0.357401,0.029910
0.303386,0.038790,-0.005158,0.095183
0.036650,-0.092983,-0.093823,0.176967
-0.002381,-0.100754,-0.111172,0.188402
-0.163477,-0.095771,-0.107208,0.156996
-0.028861,-0.002517,0.432450,0.138191
-0.076767,0.009663,0.486785,0.113353
-0.444443,-0.011599,-0.068336,0.076320
-0.437031,-0.009835,-0.063705,0.061623
-0.126496,0.012458,0.492536,0.096762
-0.087981,0.003590,0.522312,0.053661
-0.347354,-0.028216,-0.019924,-0.051058
-0.320271,-0.029460,-0.034975,-0.059481
0.058419,-0.003606,0.467628,0.026105
0.163754,-0.000672,0.364984,0.020384
0.359042,-0.001544,0.146361,0.044999
0.231631,0.070761,0.064915,0.182014
0.197615,0.276653,-0.163570,-0.075048
0.132475,0.325644,-0.004207,-0.103843
0.088159,0.253909,-0.008637,-0.143006
-0.002200,0.133109,-0.041655,-0.170972
-0.192038,-0.008936,-0.046237,-0.131777
-0.044230,0.050744,0.450571,-0.129008
-0.093916,0.031400,0.464094,-0.087139
-0.359408,-0.007117,-0.032419,-0.050279
-0.363830,-0.006207,-0.039718,-0.039562
-0.183754,0.010149,0.409581,-0.013696
-0.058645,-0.004366,0.520584,0.070128
-0.278692,-0.075874,0.009616,0.009758
-0.322950,-0.020863,-0.123989,0.018454
-0.203623,-0.076767,0.021636,0.002989
0.161348,-0.009204,0.377453,0.010413
-0.076566,-0.050791,-0.129346,-0.065953
-0.287321,0.053293,-0.400289,0.193536
-0.209211,-0.039180,0.111152,-0.126893
0.013953,-0.006573,0.080250,-0.156181
0.123202,0.015986,0.084270,-0.144328
0.247270,0.032491,0.089907,-0.127465
0.231715,-0.039837,-0.172239,-0.135692
0.125935,-0.018100,-0.428679,-0.086005
0.135359,-0.014241,-0.496223,-0.066486
0.137914,-0.020608,-0.485380,-0.075306
0.499158,0.008165,0.037038,-0.022032
0.492733,0.005057,0.049049,-0.010414
0.070473,-0.028512,-0.489359,-0.001953
0.010198,-0.014158,-0.447704,0.002314
0.242315,0.008786,0.088335,0.092460
-0.280275,0.051039,-0.403168,0.191635
0.165839,-0.105663,0.064136,-0.048323
0.245819,-0.061573,0.098047,-0.104772
0.198421,-0.020443,-0.289782,-0.192172
0.169943,0.023228,-0.485189,-0.126438
0.182715,0.017758,-0.458872,-0.177915
0.485875,0.033973,0.041121,-0.094547
0.488253,0.034955,0.057164,-0.082225
0.075120,-0.015192,-0.450860,-0.058418
0.014335,-0.011800,-0.424616,-0.027270
0.143505,-0.015632,0.017696,0.047468
-0.046875,-0.085204,-0.107459,-0.208538
0.328862,-0.081995,0.117471,0.052815
0.313058,-0.039107,0.113814,0.097379
0.392538,0.029041,-0.016487,0.129113
0.021397,-0.000549,-0.544051,0.074621
0.039278,-0.016512,-0.545856,0.073740
-0.010253,-0.036702,-0.486895,0.084510
0.362950,-0.018057,0.049053,0.156266
0.346296,-0.015769,0.060883,0.158882
-0.069437,-0.018300,-0.429139,0.067526
-0.135785,-0.011691,-0.347360,0.045486
-0.230792,-0.012760,-0.232761,0.026963
0.161796,-0.013765,0.276501,0.119253
0.243865,-0.008689,0.255196,0.059715
-0.134992,-0.029040,-0.228867,-0.056444
-0.158578,-0.046054,-0.171106,-0.068055
0.159705,0.038925,0.142010,0.206625
-0.356320,0.058904,0.026052,-0.095075
-0.322221,0.033070,-0.045854,-0.111282
-0.312034,0.001493,0.014751,-0.150916
-0.165042,0.004866,0.451943,-0.231204
-0.043424,0.023557,0.542803,-0.175957
-0.183628,-0.020001,0.088238,-0.329943
-0.199472,-0.008723,-0.040546,-0.200458
0.137911,-0.024190,0.302949,-0.061416
0.254740,-0.014772,0.301855,0.006212
0.104035,-0.042895,-0.048354,0.120519
-0.164308,-0.006492,-0.338756,0.060205
-0.217392,-0.005120,-0.292779,0.065940
-0.308253,-0.016808,-0.179958,0.055669
0.084859,-0.014503,0.322940,0.149912
-0.131035,-0.056126,-0.162189,-0.074838
-0.068573,-0.083977,-0.092034,-0.202649
-0.195663,-0.170003,0.109281,0.065486
-0.016410,-0.143840,0.010180,0.117450
0.022660,-0.087542,0.019166,0.124787
0.215181,0.001477,0.053096,0.127592
0.341752,0.074362,-0.033293,0.139482
0.059233,0.015815,-0.501171,0.090781
0.068145,-0.017336,-0.571501,0.071345
0.078634,-0.028305,-0.559656,0.059977
-0.002184,-0.020883,-0.467644,0.041361
0.282443,0.008332,0.114644,0.094514
0.138850,0.016580,0.276783,-0.413555
0.036430,-0.044659,-0.087977,0.008855
-0.218857,-0.051835,-0.074922,0.069576
-0.076429,-0.060766,0.395016,0.163814
-0.097360,-0.018327,0.442236,0.148759
-0.419886,0.012849,-0.053207,0.066131
-0.429902,-0.000189,-0.069820,0.061657
-0.121795,0.003628,0.464154,0.162180
-0.047818,-0.000460,0.469124,0.127347
-0.061469,0.022624,0.191708,0.267051
-0.304057,-0.008812,-0.208282,0.071801
-0.313824,-0.011647,-0.193598,0.069718
-0.352667,-0.055464,-0.043461,0.031080
0.035292,-0.004444,0.473123,0.043730
0.149201,-0.000874,0.397995,0.002508
0.221806,-0.145224,0.101861,0.013269
0.341325,-0.094837,0.097539,0.023645
0.396075,0.003479,-0.036571,0.040940
0.061787,-0.022450,-0.493688,0.005049
0.047554,-0.025659,-0.520608,0.049367
-0.017463,-0.034751,-0.487203,0.090165
0.249207,-0.008866,-0.057497,0.363532
0.226122,-0.010116,-0.041970,0.373787
-0.154439,-0.005865,-0.418522,0.129476
-0.211115,-0.009419,-0.356262,0.127446
-0.297078,-0.009998,-0.238553,0.096279
-0.176636,-0.087503,0.066390,0.139398
0.113106,-0.010332,0.367805,0.072683
0.182725,0.000073,0.261618,0.039938
-0.185070,-0.006753,-0.213578,-0.043949
-0.208045,-0.006625,-0.190123,-0.044558
-0.114930,-0.048173,0.032345,-0.142732
0.125825,-0.020429,0.005285,0.037646
0.108075,0.016326,0.280337,-0.410610
-0.255423,-0.045880,-0.115876,0.020538
-0.361301,-0.006800,-0.078091,0.071037
-0.091780,-0.017814,0.429409,0.181170
-0.091781,0.007632,0.448210,0.172643
-0.284405,0.105848,0.089389,0.219066
-0.369699,-0.007027,-0.175577,0.102963
-0.352184,-0.009581,-0.172788,0.085229
-0.427179,-0.020057,-0.050698,0.049271
-0.085910,-0.001255,0.511447,0.082762
0.006779,-0.003736,0.525806,0.013639
-0.031708,-0.035880,0.162864,-0.016107
-0.227394,-0.009285,-0.188179,-0.024493
-0.243926,-0.008362,-0.180352,-0.016710
-0.085035,-0.039182,0.110208,0.101122
0.112439,-0.015214,0.262716,0.174742
-0.238382,-0.014354,-0.244692,0.048078
-0.250212,-0.010731,-0.205129,0.016722
-0.042068,-0.037717,0.144860,-0.024233
-0.169430,-0.043373,-0.172414,-0.062409
-0.061231,-0.088512,-0.094872,-0.202905
-0.185696,-0.197331,0.124719,0.018010
-0.050937,-0.215475,0.010611,0.070600
-0.019092,-0.156382,0.008258,0.111087
0.015000,-0.104748,0.017948,0.114621
0.208986,-0.010670,0.057901,0.118715
0.341374,0.072186,-0.030002,0.128130
0.066148,0.023149,-0.486887,0.079814
0.065801,-0.014717,-0.563945,0.063513
0.067368,-0.025476,-0.556451,0.065209
-0.024095,-0.023215,-0.479452,0.077412
0.245112,0.006381,0.089226,0.092621
0.216108,0.069896,0.078931,0.184079
0.220620,0.278956,-0.178042,-0.042702
0.145370,0.351324,-0.009996,-0.068669
0.120164,0.305395,-0.002947,-0.115554
0.069881,0.229097,-0.014688,-0.136913
-0.024023,0.106741,-0.050547,-0.159959
-0.194510,-0.013989,-0.049394,-0.121982
-0.025435,0.045331,0.495820,-0.071442
-0.123764,0.013362,0.466962,-0.044277
-0.369018,-0.008118,-0.033408,-0.038621
-0.368341,-0.007771,-0.034816,-0.038366
-0.143682,0.007815,0.472393,-0.023553
-0.046779,0.002004,0.527929,-0.002411
-0.277859,-0.031200,-0.008183,-0.124809
-0.237271,-0.039596,-0.014214,-0.140115
0.128627,-0.003997,0.435804,-0.011597
0.216443,-0.000343,0.346305,-0.014808
0.365226,-0.007266,0.175572,0.016656
0.318777,-0.002856,-0.033453,0.205334
-0.065640,-0.011744,-0.430794,0.058827
-0.151450,-0.014295,-0.334065,0.050460
-0.260708,-0.010563,-0.214138,0.036059
-0.107955,-0.064801,0.081079,0.137167
0.069529,-0.015393,0.208342,0.166944
-0.230466,-0.004393,-0.194196,-0.020296
-0.232764,-0.002834,-0.173985,-0.039767
-0.261221,-0.027864,-0.042077,-0.117372
0.133797,-0.002122,0.433399,-0.015899
0.214910,0.000349,0.349790,-0.016715
0.395422,-0.002532,0.134388,0.022104
-0.279955,0.049770,-0.400808,0.190068
0.150943,-0.138440,0.012137,-0.014866
0.157826,-0.088743,0.106171,-0.061141
0.286321,-0.068268,0.049351,-0.121105
0.191760,0.018892,-0.361584,-0.168032
0.172531,0.018387,-0.512624,-0.111880
0.148865,-0.006090,-0.501473,-0.090082
0.209358,0.024828,-0.234158,-0.272595
0.456038,0.004668,0.163170,-0.075384
0.457735,0.001395,0.162292,-0.072321
0.372829,0.009858,-0.070158,-0.109996
0.039654,-0.011103,-0.448000,-0.029902
-0.072381,-0.013866,-0.372341,0.009238
-0.174615,-0.010202,-0.271805,0.007271
0.130816,-0.016130,0.194294,0.108699
-0.080203,-0.060815,-0.133955,-0.068524
-0.299508,0.045101,-0.377343,0.191422
-0.250819,-0.107482,0.116524,0.059448
-0.170302,-0.112670,0.072956,0.013634
-0.088015,-0.110846,0.047734,-0.034567
-0.056659,-0.085570,0.055127,-0.083673
-0.003873,-0.045073,0.068165,-0.139660
0.050605,-0.011348,0.078230,-0.166026
0.104418,0.010510,0.082502,-0.157293
0.236628,0.030523,0.089384,-0.145233
0.174405,-0.034160,-0.225853,-0.221199
0.127780,-0.012074,-0.417042,-0.126083
0.134156,-0.013613,-0.494079,-0.068707
0.118821,-0.025666,-0.486888,-0.044085
0.483691,0.001454,0.037813,0.019164
0.479499,0.001450,0.040986,0.019443
0.078768,-0.028212,-0.497684,-0.002222
0.013970,-0.015157,-0.449143,0.000980
0.158953,0.004639,0.032480,0.059082
0.219658,0.070248,0.075646,0.183530
0.229331,0.288181,-0.153559,0.013327
0.142382,0.356810,-0.027927,0.020069
0.145504,0.360948,-0.024940,0.011506
0.148689,0.362877,-0.017061,-0.030249
0.137481,0.337872,-0.006405,-0.088766
0.104421,0.281770,-0.004583,-0.122388
0.037629,0.187243,-0.026022,-0.146791
-0.062670,0.059253,-0.067083,-0.159619
-0.208436,-0.032055,-0.056062,-0.113073
-0.026595,0.042069,0.492388,-0.078632
-0.119661,0.016791,0.469515,-0.044293
-0.373510,-0.008579,-0.034833,-0.032247
-0.370464,-0.006637,-0.041687,-0.030519
-0.195962,0.003934,0.397989,-0.025882
-0.075669,-0.003574,0.496310,0.010480
-0.305602,-0.020198,-0.035258,-0.087800
-0.277584,-0.024711,-0.042454,-0.102469
0.104860,-0.003792,0.451694,-0.003756
0.200147,-0.001743,0.354554,-0.004542
0.348600,-0.008742,0.204705,0.005555
0.327756,0.001720,0.138837,0.072469
0.167894,0.016516,0.265251,-0.422318
-0.140884,-0.089131,-0.134227,0.076598
-0.256769,-0.017594,-0.093192,0.125509
-0.077723,-0.008307,0.411807,0.189461
-0.101594,0.004079,0.465793,0.154996
-0.452378,-0.020709,-0.058812,0.102370
-0.454707,-0.023179,-0.069802,0.099403
-0.133744,-0.000026,0.478625,0.195892
-0.075599,-0.006544,0.498074,0.129241
-0.320518,-0.065898,-0.028961,-0.009359
-0.288915,-0.032653,-0.048340,-0.078065
0.110530,-0.002424,0.463009,-0.025303
0.207042,0.000254,0.361402,-0.020337
0.221835,-0.145215,0.101873,0.013270
0.177463,-0.023906,0.360915,0.026509
0.303636,0.039360,-0.000989,0.083773
0.038126,-0.096517,-0.093199,0.164974
-0.000861,-0.099703,-0.110473,0.186672
-0.166340,-0.089637,-0.105604,0.155084
-0.032472,-0.002251,0.424761,0.145112
-0.075672,0.010158,0.485221,0.113048
-0.443572,-0.010981,-0.068962,0.075356
-0.443215,-0.010389,-0.070692,0.075355
-0.145949,0.009653,0.469705,0.153770
-0.109356,0.001256,0.499380,0.102151
-0.352881,-0.018306,-0.037877,-0.040220
-0.327117,-0.016039,-0.040377,-0.065767
0.042481,-0.005266,0.503020,-0.009555
0.130459,-0.005673,0.416094,0.008373
0.253958,0.007095,0.095238,0.094327
0.238697,0.075451,0.053420,0.181766
0.198756,0.312858,-0.123038,-0.035720
0.139836,0.347016,-0.008948,-0.073734
0.108782,0.291781,-0.003803,-0.130234
0.042272,0.195972,-0.023583,-0.157833
-0.063094,0.060699,-0.065947,-0.171684
-0.208273,-0.033364,-0.053753,-0.123256
-0.047139,0.043196,0.448763,-0.089055
-0.124383,0.018869,0.453570,-0.044539
-0.372140,-0.007233,-0.040765,-0.029044
-0.370245,-0.005599,-0.046777,-0.026686
-0.219893,0.001544,0.365065,-0.028385
-0.111707,-0.007325,0.463657,0.007037
-0.322671,-0.017996,-0.041584,-0.067018
-0.302779,-0.018318,-0.050655,-0.077428
0.090193,-0.004519,0.464395,-0.003604
0.184780,-0.002324,0.365707,0.000738
0.342459,-0.006776,0.218886,-0.004892
-0.051006,-0.033158,-0.317566,-0.047620
-0.118853,-0.016539,-0.290653,-0.023305
0.282099,-0.009682,0.208770,0.066008
0.320285,0.002168,0.135095,0.078086
-0.044804,-0.068768,-0.118480,-0.216134
0.353224,-0.001010,0.057129,0.120812
0.347288,0.012790,0.046617,0.139150
0.349310,0.038018,-0.135844,0.280709
0.046734,-0.024014,-0.571188,0.099118
0.026733,-0.028827,-0.554817,0.107562
-0.096720,-0.018078,-0.460885,0.126333
-0.198057,-0.008614,-0.350295,0.107616
0.145273,0.009103,0.161749,0.225285
0.206225,0.015401,0.198908,0.120339
-0.177590,0.009188,-0.261431,-0.019517
-0.200184,0.004146,-0.197579,-0.055734
-0.225071,-0.016957,-0.067799,-0.138589
0.182352,0.000210,0.407016,-0.040285
0.259724,-0.000808,0.326910,-0.037057
0.392197,-0.001398,0.135717,0.022851
0.155504,0.009892,0.275840,-0.414600
-0.061268,-0.110848,-0.117472,0.008404
-0.221963,-0.052564,-0.071911,0.074815
-0.082321,-0.062876,0.383633,0.182407
-0.095605,-0.014358,0.437217,0.169137
-0.413749,0.025362,-0.042967,0.099697
-0.437467,-0.004023,-0.069110,0.085120
-0.124374,-0.000174,0.467193,0.189741
-0.061876,-0.005038,0.453051,0.161761
-0.174462,-0.000141,0.097155,0.166437
-0.279780,-0.008868,-0.174889,0.014187
-0.287188,-0.009333,-0.168074,0.015246
-0.351719,-0.023598,-0.045795,-0.026917
0.021917,-0.006307,0.485581,0.045667
0.116420,-0.004924,0.398777,0.039192
0.262151,0.008224,0.101175,0.095550
0.237186,0.074174,0.056276,0.181698
0.200882,0.303674,-0.133556,-0.045857
0.139886,0.343268,-0.007730,-0.081782
0.096135,0.268127,-0.006714,-0.158985
0.007874,0.147058,-0.036992,-0.187057
-0.182665,-0.002170,-0.041887,-0.149237
-0.037384,0.050145,0.462610,-0.143424
-0.097499,0.030400,0.463295,-0.084301
-0.360480,-0.007184,-0.032605,-0.048956
-0.361515,-0.006133,-0.038479,-0.043193
-0.179700,0.010985,0.416039,0.000916
-0.066790,-0.005289,0.511420,0.083587
-0.321057,-0.057367,-0.037023,-0.008476
-0.281894,-0.077845,-0.042452,-0.003486
0.084441,-0.003019,0.413148,0.055529
0.185254,0.000392,0.348524,0.014883
0.352393,-0.006746,0.203477,0.001033
0.325574,0.007270,0.141499,0.069996
-0.016788,-0.082057,-0.134669,-0.215252
0.260967,-0.010617,-0.231440,0.081229
0.159515,-0.055601,-0.365383,0.114239
0.009401,-0.022867,-0.509305,0.073523
0.393341,-0.023291,-0.029821,0.201899
0.362064,-0.019388,-0.043661,0.243831
-0.053371,-0.009342,-0.476305,0.089668
-0.139896,-0.000508,-0.409594,0.100647
-0.225277,-0.010313,-0.295379,0.081619
-0.013785,-0.030414,0.119234,0.306244
0.056447,-0.019392,0.171807,0.311191
-0.245215,-0.006957,-0.276754,0.079576
-0.270303,-0.006010,-0.218023,0.044986
-0.327448,-0.017234,-0.088767,-0.015878
0.086865,-0.000493,0.427133,0.031882
0.176752,0.003833,0.349053,0.020323
0.313856,0.008041,0.203696,0.020278
-0.114156,-0.003605,-0.285263,-0.046326
-0.163641,-0.003220,-0.225771,-0.056718
-0.160512,-0.037298,-0.076330,-0.169601
0.250084,-0.009256,0.345977,-0.037279
0.285633,-0.004045,0.305111,-0.038247
0.411486,-0.004665,0.172266,-0.029521
0.029856,-0.045950,-0.339178,-0.094069
-0.048453,-0.025536,-0.378679,0.003318
0.321028,-0.013449,0.175214,0.067349
0.367649,-0.002865,0.145575,0.038654
-0.276888,0.050253,-0.403084,0.188560
0.165903,-0.154986,-0.039264,-0.020301
0.233179,-0.060976,0.106208,-0.050262
0.309741,-0.066486,-0.004791,-0.059967
0.162112,0.066790,-0.452555,-0.077721
0.173442,0.057510,-0.522947,-0.076860
0.103140,0.026828,-0.518252,-0.056788
-0.005685,0.039485,-0.378589,-0.102485
0.343796,0.051384,0.161507,-0.037731
0.369329,0.038232,0.173741,-0.039154
-0.063115,0.006153,-0.333570,-0.058818
-0.127238,0.004804,-0.269719,-0.057198
-0.115115,-0.019488,-0.107667,-0.190563
0.281105,-0.005482,0.315493,-0.041360
0.318884,-0.002809,0.279737,-0.047286
0.419186,0.002168,0.162942,-0.035570
0.357685,-0.001646,0.146073,0.046586
-0.244138,0.064203,-0.436946,0.178050
0.119716,0.037452,-0.446230,-0.098718
0.231293,0.068604,-0.399262,-0.186910
0.181009,0.031092,-0.450855,-0.208417
0.123477,0.008335,-0.378797,-0.202168
0.470680,0.046584,0.138460,-0.135378
0.474718,0.031092,0.157470,-0.133174
0.050556,-0.017126,-0.365243,-0.117537
-0.018010,-0.013532,-0.345570,-0.072239
0.325990,-0.019395,0.119834,0.009304
0.342718,-0.015235,0.162091,0.056914
-0.089689,-0.022194,-0.382512,0.045045
-0.157954,-0.007108,-0.344218,0.059930
-0.084199,-0.052394,-0.076157,0.116655
0.221758,-0.145238,0.101841,0.013266
0.341215,-0.094887,0.097596,0.023608
0.396059,0.003490,-0.036523,0.040933
0.078296,-0.029381,-0.477505,-0.020710
0.084129,-0.048357,-0.465852,-0.019264
0.038985,-0.069365,-0.430434,0.011549
0.144409,-0.096266,-0.196806,0.126889
0.295786,-0.048750,0.090950,0.209100
0.229466,-0.008490,-0.038897,0.351444
-0.152113,0.004575,-0.418107,0.116295
-0.216071,0.008920,-0.359077,0.116878
-0.291130,-0.007935,-0.252418,0.102133
-0.059982,0.006848,0.164823,0.245075
0.010240,-0.017839,0.200901,0.172123
-0.251375,-0.010623,-0.217547,0.030195
-0.270193,-0.010085,-0.193440,0.024368
-0.244592,-0.073555,-0.005086,0.024746
0.115521,-0.011948,0.353277,0.090615
0.179591,-0.012657,0.248360,0.130790
-0.201066,-0.011773,-0.272508,0.035997
-0.223198,-0.005075,-0.254174,0.033097
0.024901,-0.018448,0.142140,0.137002
0.136903,0.004047,0.215729,0.053477
-0.194996,-0.002826,-0.195476,-0.056053
-0.209531,-0.003599,-0.180085,-0.056134
-0.221757,-0.029850,-0.040696,-0.155577
0.175639,-0.005259,0.416277,-0.037743
0.251643,-0.002128,0.335145,-0.036622
0.394268,-0.004164,0.196303,-0.036978
0.015206,-0.045785,-0.327429,-0.091322
-0.054364,-0.037664,-0.355976,-0.001346
0.319930,-0.011490,0.197050,0.044692
0.340416,-0.009152,0.176572,0.042489
0.323572,0.002621,0.137383,0.075270
0.284502,0.082218,0.001341,0.181372
0.152094,0.365902,-0.021104,-0.009837
0.148833,0.355660,-0.011626,-0.061183
0.122424,0.306327,-0.003406,-0.130578
0.068079,0.224054,-0.015462,-0.154204
-0.035081,0.090121,-0.055290,-0.177266
-0.203277,-0.025915,-0.047589,-0.132056
-0.047281,0.042893,0.443618,-0.138737
-0.076116,0.038397,0.463147,-0.105687
-0.346769,-0.005803,-0.031340,-0.065356
-0.359930,-0.005624,-0.039968,-0.043803
-0.207696,0.001731,0.375833,-0.061736
-0.053464,-0.007942,0.530084,0.034610
-0.250535,-0.036598,0.034844,0.022524
-0.317492,-0.021555,-0.131878,0.021583
-0.149921,-0.067675,0.069669,0.080860
0.148266,-0.010944,0.370960,0.037900
-0.104460,-0.061930,-0.148869,-0.074327
0.110884,0.017345,0.278103,-0.412420
-0.339187,-0.015620,0.025233,0.035214
-0.278960,0.105753,0.129814,0.162987
-0.420042,0.027136,-0.076359,0.117402
-0.439416,0.002418,-0.094816,0.091722
-0.143804,0.005028,0.433742,0.210182
-0.079312,-0.002884,0.453346,0.177201
-0.167089,0.003758,0.116035,0.281642
-0.333424,-0.011658,-0.192170,0.087902
-0.313396,-0.007379,-0.182248,0.053673
-0.385390,-0.019937,-0.062691,0.018690
-0.026952,-0.006025,0.488379,0.083710
0.081124,-0.000832,0.451175,0.017722
-0.133164,-0.051897,-0.161836,-0.075082
-0.284348,0.054173,-0.404164,0.193549
-0.183411,-0.028622,0.100555,-0.151845
0.001881,-0.003848,0.071761,-0.202315
0.150794,0.023831,0.083410,-0.200588
0.263802,0.049255,0.090357,-0.166961
0.222698,0.013718,-0.175524,-0.264031
0.136483,0.000683,-0.400699,-0.166607
0.137549,-0.006333,-0.471963,-0.104034
0.116942,-0.020913,-0.458994,-0.084192
0.485669,-0.002454,0.042885,0.020977
0.467039,-0.005599,0.057403,0.030285
0.053184,-0.029402,-0.488878,0.015746
0.010501,-0.016767,-0.458939,0.015855
-0.026412,-0.059175,-0.318889,-0.042441
0.331898,-0.009139,0.196287,0.031223
0.348748,-0.007689,0.176266,0.032940
0.371294,0.003274,0.029801,0.129970
-0.047052,-0.007896,-0.419157,0.024754
-0.141657,-0.011907,-0.339531,0.043745
-0.254383,-0.010766,-0.252636,0.068436
0.074621,-0.014646,0.220785,0.245341
0.165951,-0.009757,0.260474,0.128552
-0.200236,-0.006160,-0.230705,-0.012249
-0.212053,-0.003574,-0.179452,-0.054271
-0.078429,-0.039977,0.084691,-0.218015
0.259796,-0.008963,0.359259,-0.061363
-0.165244,-0.047017,-0.172411,-0.062838
0.109866,0.019171,0.273610,-0.415732
-0.324928,0.046855,0.043510,0.112119
-0.250839,0.162201,0.165761,0.231892
-0.441842,0.002875,-0.102333,0.098010
-0.443737,-0.004284,-0.094313,0.094142
-0.169997,-0.004180,0.425086,0.239396
-0.121848,-0.004905,0.445777,0.226688
-0.399913,-0.050517,-0.074251,0.083735
-0.376259,-0.030043,-0.080440,0.037589
0.014799,-0.008000,0.467888,0.064046
0.100451,-0.002852,0.423301,0.028939
0.049518,-0.008123,-0.041542,0.000294
-0.274640,0.052169,-0.408350,0.189732
0.199106,-0.129657,-0.009505,-0.059926
0.263577,-0.040212,0.127708,-0.096022
0.356982,-0.033139,0.035096,-0.115289
0.198079,0.026764,-0.418956,-0.153998
0.162383,-0.007651,-0.527221,-0.075669
0.135059,-0.007640,-0.489981,-0.086777
0.037218,-0.013246,-0.345271,-0.128045
0.420433,0.024024,0.183856,-0.081483
0.428523,0.013325,0.186178,-0.080641
0.015261,-0.021710,-0.345651,-0.097250
-0.053133,-0.015522,-0.341063,-0.039632
0.325492,-0.009174,0.176723,0.053662
0.322203,-0.012516,0.176274,0.064252
0.178970,-0.007340,0.042348,0.065868
-0.020681,-0.063685,-0.144048,-0.220420
0.257201,0.049591,-0.225280,0.290012
0.014741,-0.032730,-0.514415,0.135365
-0.003395,-0.029677,-0.530542,0.114264
0.273550,-0.016608,-0.147097,0.381637
-0.029375,-0.082510,-0.417116,0.124129
-0.088838,-0.025950,-0.412825,0.078262
0.250043,0.001260,0.129464,0.166796
0.280976,0.011047,0.148579,0.098333
-0.126374,-0.002016,-0.291438,-0.029523
-0.162696,-0.003134,-0.215546,-0.067974
-0.222093,-0.015665,-0.106326,-0.105266
0.177392,-0.000864,0.389517,-0.077698
0.267783,-0.012440,0.316255,-0.022524
0.284553,-0.001753,0.120262,0.111494
-0.137094,-0.012261,-0.345847,0.045851
-0.189403,-0.009888,-0.302758,0.052699
-0.267960,-0.042326,-0.186724,0.047769
0.149299,-0.012355,0.341556,0.071163
0.221884,-0.145201,0.101892,0.013273
0.225234,0.071816,0.069262,0.182861
0.344173,0.234409,-0.190155,0.007998
0.229908,0.314761,-0.030639,0.010358
0.220613,0.333145,-0.019137,-0.023771
0.221271,0.335656,-0.008459,-0.075501
0.210864,0.309086,0.001827,-0.118845
0.181938,0.253833,0.000176,-0.135845
0.101813,0.143615,-0.028795,-0.176783
0.026021,0.048863,-0.049746,-0.184334
-0.145001,-0.030268,-0.048073,-0.145571
-0.038331,0.024172,0.444253,-0.066614
-0.073985,0.026432,0.499733,-0.026559
-0.358310,-0.006341,-0.043537,-0.040841
-0.357198,-0.004744,-0.045819,-0.041515
-0.211517,0.006756,0.377220,-0.051762
-0.105794,0.002990,0.494794,0.058187
-0.360541,-0.030714,-0.037430,-0.018126
-0.338878,-0.030483,-0.053484,-0.024059
0.050925,-0.004946,0.481061,0.018234
0.155983,-0.002685,0.411671,-0.016644
0.323667,0.001853,0.136743,0.075731
0.239670,0.070749,0.057814,0.181132
0.184706,0.275747,-0.151567,-0.086352
0.122671,0.309889,-0.003199,-0.119461
0.061458,0.217081,-0.017283,-0.163547
-0.051751,0.070118,-0.061338,-0.190883
-0.203762,-0.030552,-0.052882,-0.128557
-0.066292,0.037801,0.408196,-0.156080
-0.093006,0.032020,0.471831,-0.071994
-0.356451,-0.004895,-0.043344,-0.044580
-0.356232,-0.004757,-0.043842,-0.044493
-0.238937,-0.003354,0.329028,-0.090266
-0.010656,-0.000715,0.569445,-0.019917
0.057546,-0.002865,0.501592,-0.009989
0.140514,-0.016186,0.240156,0.083692
-0.192959,-0.010721,-0.243709,-0.001961
-0.221650,-0.008022,-0.219622,-0.000056
0.006715,-0.033018,0.144810,0.175758
0.138222,-0.016335,0.249590,0.170933
-0.211886,-0.013709,-0.263357,0.039603
-0.229027,-0.009781,-0.200762,-0.009780
-0.139859,-0.052759,0.038469,-0.110177
-0.044046,-0.060273,-0.111336,-0.054949
-0.077236,-0.089757,-0.084010,-0.195639
-0.099678,-0.202671,0.046273,0.053881
-0.019984,-0.169092,0.006402,0.103948
0.009779,-0.110525,0.016379,0.118191
0.208558,-0.011949,0.059689,0.121538
0.338329,0.070741,-0.029352,0.131003
0.073210,0.025114,-0.478320,0.087348
0.064873,-0.015049,-0.564338,0.065166
0.069065,-0.026352,-0.556582,0.064520
-0.020780,-0.026964,-0.487939,0.086333
-0.095425,-0.076164,-0.349085,0.078631
0.341862,0.005586,0.145426,0.055033
-0.300336,0.047385,-0.380123,0.192485
-0.115003,-0.079494,0.078607,-0.010780
-0.163029,-0.062236,0.094318,-0.066331
0.003728,-0.037217,0.074598,-0.094933
0.032737,-0.018818,0.079400,-0.096461
0.064410,-0.003613,0.081838,-0.095492
0.190893,-0.000373,0.066530,-0.087683
0.158022,-0.093559,-0.225834,-0.129368
0.117455,-0.018611,-0.412561,-0.105247
0.146546,-0.007201,-0.487393,-0.093856
0.153326,-0.013643,-0.497471,-0.089231
0.497782,0.016156,0.030844,-0.051865
0.494762,0.023761,0.035488,-0.051905
0.097456,-0.012769,-0.460016,-0.074022
0.018842,-0.012278,-0.408665,-0.047249
-0.090831,-0.023004,-0.308264,-0.027250
0.314907,-0.007610,0.219873,0.020876
0.333910,-0.009242,0.216826,0.008018
-0.059420,-0.052351,-0.333238,-0.004233
-0.112758,-0.032035,-0.343417,0.038860
0.295123,0.004930,0.121261,0.090619
0.101959,0.019300,0.273485,-0.415701
-0.327451,0.001281,-0.134148,0.087005
-0.425187,0.009787,-0.093611,0.105277
-0.101466,0.004954,0.460717,0.164101
-0.099864,0.000862,0.486951,0.156480
-0.239136,0.024750,0.154916,0.277024
-0.382134,-0.010393,-0.154393,0.097569
-0.358934,-0.007024,-0.156757,0.073365
-0.410249,-0.028909,-0.036847,0.026941
-0.039747,-0.001142,0.529244,0.040096
0.058394,0.000144,0.494244,-0.004359
-0.125807,-0.055053,-0.159004,-0.075445
-0.062230,-0.087780,-0.094527,-0.202948
-0.195876,-0.189903,0.123961,0.032880
-0.040536,-0.196059,0.007294,0.087880
-0.009191,-0.128198,0.012585,0.124780
0.032980,-0.078043,0.020595,0.124305
0.222649,0.006539,0.052464,0.126342
0.347292,0.075363,-0.035475,0.139533
0.070518,0.013712,-0.491499,0.090578
0.069502,-0.017987,-0.571885,0.071022
0.073114,-0.030251,-0.561366,0.069152
-0.010475,-0.028042,-0.486513,0.075680
0.279145,0.016654,0.116522,0.096162
-0.284112,0.049000,-0.396961,0.191381
0.111709,-0.136234,0.048740,-0.021411
0.085832,-0.087264,0.110511,-0.071583
0.244311,-0.056221,0.107546,-0.121322
0.235615,-0.056986,-0.223831,-0.193088
0.166093,0.012937,-0.474222,-0.135884
0.205930,0.014131,-0.421615,-0.204667
0.503043,0.021201,0.060433,-0.086818
0.501882,0.024037,0.068629,-0.086671
0.095844,-0.013535,-0.455201,-0.076458
0.032637,-0.005718,-0.430952,-0.045317
-0.019138,-0.047871,-0.307487,-0.074585
0.321208,-0.009447,0.192657,0.045940
0.328603,-0.008749,0.176735,0.053716
0.387925,-0.002739,0.140183,0.024011
0.168565,0.017287,0.264215,-0.422909
-0.151073,-0.078308,-0.142050,0.126345
-0.271261,-0.009006,-0.103443,0.152574
-0.067855,0.000274,0.433336,0.167558
-0.100393,0.007931,0.479140,0.144790
-0.456623,-0.026805,-0.058565,0.099876
-0.448856,-0.019227,-0.063119,0.082171
-0.134540,0.004339,0.479039,0.157260
-0.070038,-0.004782,0.510911,0.086841
-0.313050,-0.028605,-0.032199,-0.073418
-0.287321,-0.029956,-0.045854,-0.083875
0.099702,-0.003458,0.443720,0.008904
0.191532,-0.001783,0.351433,0.007870
0.290984,0.008204,0.120312,0.092431
0.234546,0.073523,0.059331,0.181921
0.203880,0.298352,-0.141247,-0.047938
0.140880,0.343420,-0.007642,-0.081781
0.102142,0.276295,-0.004928,-0.143821
0.019222,0.161075,-0.032886,-0.176770
-0.088351,0.024765,-0.076717,-0.175103
-0.213082,-0.039360,-0.046463,-0.128438
-0.047087,0.031093,0.444272,-0.130144
-0.101843,0.030819,0.471556,-0.063975
-0.370653,-0.007661,-0.036035,-0.034866
-0.369880,-0.006511,-0.043686,-0.029239
-0.177344,0.009544,0.419126,0.008158
-0.069233,-0.005925,0.510441,0.085248
-0.310625,-0.059596,-0.019367,-0.005623
-0.321724,-0.013561,-0.126112,0.012046
-0.290107,-0.029679,-0.046639,-0.081135
0.111136,-0.003411,0.456210,-0.016480
0.203030,-0.000778,0.357890,-0.011752
0.360633,-0.006728,0.214845,-0.018902
0.323460,0.002154,0.136886,0.075668
-0.019011,-0.076611,-0.136255,-0.216885
0.297837,0.018774,-0.188690,0.147683
0.237814,-0.004841,-0.284086,0.219032
0.026153,-0.013180,-0.547765,0.085443
-0.044432,-0.001226,-0.503845,0.100155
-0.175028,0.007354,-0.400521,0.118845
-0.258568,-0.010019,-0.283078,0.102316
-0.032724,-0.018611,0.144185,0.347110
0.003736,-0.028939,0.158936,0.309398
-0.256102,-0.010197,-0.223963,0.040912
-0.265651,-0.006709,-0.186329,0.009338
-0.323569,-0.017842,-0.073067,-0.034866
0.067213,-0.005736,0.463139,0.014418
0.158815,-0.003594,0.388362,0.006169
0.254190,0.016229,0.098850,0.096222
0.154860,0.013878,0.273243,-0.416537
-0.061623,-0.103707,-0.119616,-0.001603
-0.219509,-0.053304,-0.073470,0.066512
-0.087455,-0.059211,0.373944,0.180564
-0.084991,-0.013664,0.449897,0.161880
-0.419647,0.019321,-0.047019,0.098865
-0.437005,-0.006239,-0.059893,0.084629
-0.117122,-0.002028,0.480383,0.169704
-0.045143,-0.003263,0.499426,0.092292
-0.164001,0.024547,0.106207,0.034501
-0.292357,-0.016688,-0.138167,-0.002082
0.003394,-0.005479,0.187906,0.217947
0.096795,-0.017153,0.248878,0.212723
-0.231061,-0.013375,-0.252884,0.047970
-0.245277,-0.010027,-0.195856,0.001810
-0.169201,-0.068143,0.020198,-0.012945
-0.141433,-0.052587,-0.166284,-0.073199
-0.306638,0.051323,-0.379234,0.192413
-0.109702,-0.052210,0.083512,-0.063087
0.019811,-0.027440,0.077263,-0.111208
0.076231,-0.000675,0.081435,-0.156455
0.130083,0.017535,0.083917,-0.161968
0.251178,0.037290,0.091093,-0.145815
0.217532,-0.013902,-0.181772,-0.228062
0.132900,-0.005036,-0.406130,-0.158459
0.143059,-0.007352,-0.475555,-0.107547
0.125107,-0.015958,-0.477797,-0.080322
0.495998,0.000272,0.044658,0.002260
0.475992,-0.003924,0.045003,0.030628
0.050755,-0.028210,-0.488138,0.016243
-0.007570,-0.012012,-0.447702,0.017933
-0.072164,-0.037777,-0.346592,0.007183
0.312517,-0.011095,0.209825,0.038872
0.332102,-0.010240,0.198800,0.029638
0.320698,0.003243,0.136236,0.077171
0.287738,0.080871,0.000107,0.180728
0.152239,0.364558,-0.019196,-0.021089
0.145516,0.347980,-0.008612,-0.073975
0.123347,0.308165,-0.002961,-0.103940
0.084039,0.246641,-0.010658,-0.114142
0.003655,0.139704,-0.040455,-0.136919
-0.085789,0.027438,-0.078630,-0.138607
-0.212944,-0.037286,-0.058016,-0.099859
-0.051441,0.039090,0.439687,-0.102300
-0.107114,0.025545,0.471516,-0.057139
-0.377211,-0.008576,-0.037310,-0.026067
-0.382270,-0.007119,-0.048503,-0.011400
-0.176104,0.003851,0.425907,0.029742
-0.069715,-0.002497,0.508675,0.050151
-0.316658,-0.032579,-0.033415,-0.063622
-0.291863,-0.037624,-0.047654,-0.068076
0.098694,-0.003133,0.432589,0.021418
0.185482,-0.001145,0.351336,0.013397
0.376181,-0.000973,0.144997,0.029157
-0.275828,0.052287,-0.408067,0.190643
0.199527,-0.114416,0.023202,-0.069464
0.232391,-0.043920,0.132069,-0.111750
0.352924,-0.025569,0.071998,-0.139956
0.204484,0.005943,-0.371778,-0.202941
0.166932,-0.011670,-0.514924,-0.089218
0.146474,-0.012254,-0.485761,-0.097802
0.144439,-0.036445,-0.272739,-0.282977
0.448922,-0.000898,0.169872,-0.069195
0.428095,-0.003932,0.154807,-0.029597
0.449494,0.008582,0.013116,0.050979
0.005729,-0.017388,-0.468701,0.031010
-0.092025,-0.012150,-0.420624,0.075448
-0.197236,-0.015890,-0.296903,0.060678
0.140084,-0.010828,0.193714,0.222068
0.201363,-0.009008,0.204673,0.152584
-0.180352,-0.007530,-0.284244,0.022776
-0.201866,-0.003582,-0.213250,-0.030652
-0.195104,-0.038162,-0.045825,-0.158918
0.197351,-0.005639,0.390850,-0.033120
0.249169,-0.000321,0.329817,-0.030598
0.398322,-0.004553,0.182084,-0.026151
0.021638,-0.040095,-0.332479,-0.098411
-0.044599,-0.020555,-0.358225,-0.025971
0.330415,-0.009832,0.191018,0.038254
0.342523,-0.010133,0.190551,0.027308
0.299840,0.005853,0.124842,0.088811
-0.018234,-0.074113,-0.138705,-0.217744
0.270049,0.031587,-0.216527,0.189611
0.104282,-0.027220,-0.420564,0.157864
-0.001866,-0.018937,-0.517031,0.088490
0.346880,-0.012640,-0.077547,0.289874
0.307508,-0.011911,-0.092257,0.332496
-0.063306,-0.012668,-0.454649,0.081272
-0.141605,-0.010356,-0.346130,0.048740
-0.241772,-0.009246,-0.207706,0.009373
-0.311500,-0.021115,-0.094375,-0.022296
0.096212,-0.008900,0.411271,0.047449
0.182917,-0.006399,0.339680,0.033784
0.221777,-0.145232,0.101849,0.013267
0.057660,-0.054741,0.014766,0.387636
0.108221,-0.183936,-0.233110,-0.002648
0.092598,0.054349,-0.450968,-0.025756
0.183450,0.111118,-0.464368,-0.059581
0.157750,0.077202,-0.488689,-0.137618
0.044994,0.025380,-0.405261,-0.114457
-0.067084,0.004347,-0.270232,-0.116381
-0.183486,0.009235,-0.156430,-0.118670
-0.135853,-0.018371,0.013000,-0.306936
0.236360,-0.000906,0.435591,-0.124914
0.284717,0.001800,0.340274,-0.082511
0.412741,-0.005403,0.183953,-0.041900
0.391019,0.004329,-0.006433,0.038342
-0.028231,-0.008654,-0.433923,0.021458
-0.129399,-0.010635,-0.359712,0.050396
-0.215083,-0.013458,-0.259231,0.038421
0.100864,-0.018678,0.211651,0.087624
0.207749,-0.006301,0.271021,0.023374
-0.169356,-0.013771,-0.230955,-0.035268
-0.198373,-0.010645,-0.238520,-0.001812
0.125761,-0.016024,0.228388,0.163524
-0.124070,-0.060337,-0.159735,-0.075166
0.111234,0.019158,0.273551,-0.415797
-0.346998,0.024850,0.008655,0.085940
-0.269839,0.154379,0.133390,0.216580
-0.435981,0.004035,-0.108157,0.094458
-0.433722,-0.000213,-0.106100,0.091449
-0.199920,0.001590,0.382240,0.240677
-0.149443,-0.003187,0.435504,0.253560
-0.420130,-0.031565,-0.084637,0.087286
-0.394108,-0.017651,-0.089809,0.052223
-0.033882,-0.009336,0.443709,0.110152
0.077804,-0.005006,0.450689,0.021249
-0.060315,-0.040892,0.020340,-0.032367
-0.210203,-0.021789,-0.194950,-0.022407
-0.092664,-0.046479,-0.029788,-0.053932
0.149266,0.003731,0.025928,0.054196
-0.291868,0.049928,-0.391737,0.193119
-0.034145,-0.082221,0.086816,-0.003095
-0.131602,-0.064878,0.083822,-0.025375
-0.116675,-0.046859,0.083781,-0.082355
0.034698,-0.019156,0.078207,-0.122428
0.081002,0.001699,0.081738,-0.129936
0.216943,0.017289,0.080714,-0.120265
0.183955,-0.064282,-0.198347,-0.176922
0.126679,-0.017908,-0.409781,-0.122053
0.140843,-0.012840,-0.485529,-0.076814
0.161580,-0.006442,-0.453008,-0.080460
0.491508,0.004594,0.045799,-0.001944
0.467196,0.001069,0.054516,0.023996
0.069464,-0.033928,-0.500517,0.015730
0.036888,-0.018100,-0.478884,0.010746
-0.037891,-0.030835,-0.325953,-0.054639
0.359285,-0.001388,0.214532,-0.022950
0.374010,-0.005293,0.207211,-0.026028
0.346965,0.000995,0.145543,0.054673
-0.015535,-0.085317,-0.133696,-0.214210
0.231734,-0.034236,-0.263245,0.035968
0.443909,-0.034398,-0.044783,0.120852
0.052032,-0.039065,-0.491782,0.030033
0.036851,-0.038425,-0.485089,0.037345
0.210752,-0.069005,-0.194681,0.111355
0.140934,-0.030046,-0.221795,0.087469
-0.085740,-0.000825,-0.412323,0.049539
-0.174417,0.014216,-0.335875,0.046748
-0.242015,0.004108,-0.242820,0.031388
-0.101946,0.092449,0.073927,0.115058
0.028559,0.053511,0.174961,0.181297
-0.249885,-0.003154,-0.268222,0.071912
-0.271536,-0.004065,-0.254254,0.080506
-0.164662,0.017113,0.050153,0.209793
-0.077682,-0.015906,0.118715,0.251772
-0.268283,-0.009973,-0.203222,0.032128
-0.273395,-0.009023,-0.177603,0.010671
-0.341649,-0.019455,-0.068579,-0.019635
0.034650,-0.007985,0.473486,0.041617
0.120802,-0.005804,0.405992,0.028766
0.161219,-0.004052,0.032101,0.058394
-0.039454,-0.075821,-0.118779,-0.214237
0.387648,-0.017195,0.049053,0.093400
0.385434,0.007194,0.035251,0.114028
0.290490,0.043128,-0.210768,0.315745
0.040280,-0.018743,-0.559050,0.088162
-0.008403,-0.018982,-0.531630,0.109666
-0.140500,-0.011790,-0.428159,0.131099
-0.236000,-0.011583,-0.298403,0.096636
-0.242369,-0.098889,-0.116819,0.076440
0.126311,-0.001758,0.367829,0.057852
0.223875,-0.001124,0.324534,0.002449
0.349834,0.002703,0.146197,0.050175
0.263235,0.070139,0.036551,0.179547
0.094866,0.210992,-0.122861,-0.215002
-0.023662,0.100859,-0.048611,-0.265286
-0.187688,-0.027357,-0.036607,-0.184404
-0.155870,-0.021203,0.276480,-0.349622
0.007032,0.017763,0.587157,-0.071477
0.008791,0.001006,0.587807,-0.056526
-0.014758,-0.022446,0.474196,-0.127908
-0.156051,0.000493,0.042264,-0.201189
-0.216861,-0.009809,-0.139911,-0.081157
0.122277,-0.001319,0.234979,0.137239
0.181034,-0.015144,0.230099,0.153532
-0.192716,-0.030434,-0.305481,0.079282
-0.218113,-0.017055,-0.279023,0.064841
0.121355,-0.016210,0.226045,0.165328
-0.109318,-0.063777,-0.152420,-0.074951
0.168796,0.052051,0.128640,0.198193
-0.322140,0.113191,-0.046764,-0.030197
-0.266040,0.100516,-0.101077,-0.047339
-0.243241,0.077412,-0.094183,-0.077885
-0.310339,0.031931,-0.054028,-0.090091
-0.225939,0.014885,0.285009,-0.155236
-0.071471,0.010104,0.566509,-0.104569
-0.230972,-0.020847,0.311424,-0.248701
-0.243874,-0.044898,0.087343,-0.222813
0.088241,-0.006620,0.372330,0.001668
0.043981,-0.026589,0.157068,0.022331
-0.207977,-0.008357,-0.214191,-0.018826
-0.233273,-0.007595,-0.189599,-0.018884
-0.245264,-0.051351,-0.048895,-0.085853
0.126147,-0.005371,0.416333,0.012462
0.207220,-0.001669,0.338051,0.005294
0.367322,-0.007680,0.184689,0.005873
0.352348,-0.001044,0.145665,0.051448
0.169568,0.012042,0.268082,-0.420551
-0.113583,-0.106586,-0.117142,0.026629
-0.229137,-0.039699,-0.079841,0.093340
-0.071250,-0.040355,0.401458,0.177290
-0.095941,-0.005221,0.451224,0.156819
-0.431809,0.004356,-0.057520,0.080573
-0.441316,-0.009351,-0.068175,0.076022
-0.131103,-0.004472,0.470040,0.190944
-0.051167,-0.006492,0.463077,0.143459
-0.080072,-0.017339,0.179070,0.279047
-0.300222,-0.010309,-0.176522,0.037702
-0.282830,-0.008533,-0.166958,0.008971
-0.334658,-0.022040,-0.042639,-0.049721
0.044533,-0.004728,0.486970,0.019052
0.150784,-0.001198,0.382281,0.017214
0.221826,-0.145218,0.101869,0.013270
0.176784,-0.021667,0.352419,0.034323
0.303157,0.038437,-0.010285,0.109342
0.034152,-0.092238,-0.095574,0.177675
-0.005490,-0.103287,-0.113451,0.178808
-0.165904,-0.098165,-0.108425,0.154308
-0.035602,-0.002914,0.416372,0.154976
-0.079516,0.010795,0.480285,0.117067
-0.436156,-0.008308,-0.078320,0.074254
-0.436731,-0.008872,-0.075800,0.072448
-0.162396,0.012745,0.448141,0.153786
-0.119451,0.003865,0.492401,0.087360
-0.355647,-0.017497,-0.030828,-0.045294
-0.331865,-0.015306,-0.038586,-0.063544
0.031929,-0.005197,0.503040,-0.007152
0.112216,-0.005522,0.426054,0.016617
0.185474,-0.005096,0.047510,0.069418
-0.278657,0.050281,-0.402511,0.189914
0.166865,-0.135720,0.005205,-0.031424
0.192708,-0.071797,0.114295,-0.074516
0.304251,-0.052955,0.045297,-0.087610
0.185251,0.030011,-0.392261,-0.129180
0.171071,0.026723,-0.522577,-0.094825
0.139156,-0.000157,-0.513799,-0.072789
0.172715,0.074618,-0.262516,-0.182109
0.434553,0.012572,0.155487,-0.054744
0.441038,0.003911,0.156472,-0.052491
0.100478,-0.039530,-0.300090,-0.206010
0.372792,-0.001940,0.146297,0.032219
-0.267477,0.056414,-0.420953,0.190963
0.260873,-0.082228,0.040369,-0.158890
0.365789,-0.019463,0.081220,-0.170534
0.189913,-0.004714,-0.387800,-0.225343
0.174874,-0.008546,-0.471361,-0.143777
0.451094,0.038946,-0.034916,-0.145421
0.470881,0.030478,-0.004295,-0.076576
0.091301,-0.015408,-0.484332,-0.040912
0.006297,-0.011288,-0.444383,0.000024
-0.112070,-0.017365,-0.333186,0.013271
0.275283,-0.009624,0.191462,0.087624
0.305892,-0.010532,0.203507,0.050939
-0.113841,-0.018731,-0.331488,0.014709
-0.159996,-0.010768,-0.287712,0.009126
0.090267,-0.026035,0.129424,0.096607
-0.078780,-0.064093,-0.134147,-0.068506
0.176382,0.058046,0.119262,0.194329
-0.255294,0.151628,-0.068455,-0.025144
-0.136213,0.177402,-0.110137,-0.039947
-0.093873,0.169543,-0.107400,-0.085478
-0.099259,0.127339,-0.113985,-0.116120
-0.196359,0.052870,-0.059884,-0.083286
-0.220692,0.035867,0.213687,-0.168970
-0.103944,0.015309,0.503407,-0.103175
-0.318135,-0.017951,0.167476,-0.191468
-0.352310,-0.014267,0.009413,-0.091992
-0.286299,-0.050945,0.179251,-0.140028
0.027493,-0.001040,0.537017,-0.018188
0.147148,-0.009138,0.393894,0.017894
-0.054501,-0.055240,-0.116837,-0.058508
-0.056438,-0.078509,-0.103559,-0.209294
-0.139792,-0.165978,0.036517,0.077150
-0.159032,-0.123528,0.066954,0.112903
0.033915,-0.067562,0.020525,0.142184
0.223019,0.013928,0.046396,0.140769
0.344767,0.072144,-0.043339,0.159822
0.088298,0.011361,-0.473607,0.125088
0.074281,-0.020556,-0.577204,0.074134
0.094523,-0.030235,-0.560833,0.047195
0.009362,-0.024392,-0.478006,0.043685
-0.068423,-0.055409,-0.335413,0.011836
0.310070,-0.005002,0.182268,0.063086
0.338165,-0.001815,0.169012,0.044952
0.085524,0.007878,-0.219908,-0.086593
-0.032117,-0.024755,-0.321258,-0.071200
0.354473,-0.002764,0.212599,-0.014668
0.370333,-0.004751,0.200215,-0.015791
0.346874,0.002781,0.145882,0.053014
0.168748,0.010254,0.269789,-0.419292
-0.107666,-0.112376,-0.110456,0.009771
-0.221102,-0.049803,-0.074508,0.077757
-0.086082,-0.056007,0.374977,0.184949
-0.100866,-0.008648,0.434867,0.169445
-0.435552,0.003838,-0.079822,0.080982
-0.439847,-0.004530,-0.078504,0.077893
-0.140401,-0.002494,0.454920,0.197628
-0.065632,-0.005501,0.464957,0.154447
-0.123799,-0.010196,0.147997,0.281181
-0.324923,-0.011022,-0.197867,0.084462
-0.315631,-0.007745,-0.182107,0.056132
-0.365922,-0.023389,-0.055499,-0.004490
0.017138,-0.003192,0.504259,0.006932
0.119673,-0.001114,0.441782,-0.011131
0.081007,-0.022780,-0.023898,0.013995
-0.038222,-0.084326,-0.114911,-0.210806
0.394983,-0.055267,0.070102,0.052085
0.394334,-0.019962,0.057352,0.090426
0.295034,0.046553,-0.194942,0.263118
0.038810,-0.010874,-0.550825,0.073539
0.007594,-0.013043,-0.531327,0.087428
-0.127012,-0.001157,-0.428743,0.107562
-0.196522,-0.011934,-0.345261,0.104367
0.082284,-0.016117,0.144299,0.330965
-0.173816,-0.041805,-0.172278,-0.060364
0.159879,0.067271,0.122668,0.197713
-0.248445,0.174686,-0.071427,0.006706
-0.120299,0.212166,-0.128113,-0.015512
-0.008324,0.269494,-0.091309,-0.035887
0.094060,0.216171,-0.185481,-0.160830
0.110009,0.241969,-0.071578,-0.154386
0.041551,0.187521,-0.025381,-0.152922
-0.065174,0.051469,-0.069183,-0.165241
-0.207076,-0.034177,-0.055423,-0.116334
-0.062901,0.036205,0.413791,-0.145551
-0.091766,0.034382,0.450554,-0.085021
-0.358610,-0.005637,-0.040206,-0.044789
-0.372861,-0.005617,-0.051231,-0.019601
-0.202512,0.008100,0.384754,0.000420
-0.079087,-0.003921,0.507256,0.067633
-0.329803,-0.058006,-0.025002,0.006577
-0.297798,-0.077238,-0.042550,0.018855
0.075187,-0.002672,0.431643,0.045573
0.184512,-0.000115,0.355973,0.008900
0.221816,-0.145221,0.101865,0.013269
0.225277,0.071828,0.069212,0.182857
0.344290,0.234357,-0.190146,0.007999
0.229846,0.314271,-0.030736,0.011326
0.220619,0.332343,-0.019906,-0.020101
0.221610,0.336636,-0.009922,-0.068921
0.212278,0.311472,0.001778,-0.124165
0.174883,0.243414,-0.001227,-0.160914
0.085655,0.123615,-0.035725,-0.191543
0.011194,0.031675,-0.048900,-0.200300
-0.151533,-0.039759,-0.041722,-0.159026
-0.112510,-0.017006,0.333584,-0.230360
-0.046163,0.034856,0.461153,-0.103289
-0.338556,-0.004360,-0.052292,-0.053875
-0.364012,-0.004160,-0.057905,-0.023161
-0.182523,0.010380,0.415274,0.075618
-0.093561,-0.000348,0.516935,0.111594
-0.381152,-0.042529,-0.037311,0.026712
-0.351608,-0.055776,-0.043955,0.027676
0.033315,-0.003293,0.445127,0.074654
0.149912,0.001209,0.367728,0.030610
0.321714,0.007412,0.139865,0.073725
0.145465,0.017394,0.273630,-0.415980
-0.006862,-0.049973,-0.113719,0.095367
-0.254846,-0.017219,-0.093193,0.130392
-0.068120,-0.013178,0.419331,0.184806
-0.101520,0.003415,0.463927,0.156044
-0.444127,-0.011873,-0.058571,0.070204
-0.423018,-0.006351,-0.060346,0.040695
-0.171720,-0.008885,0.429525,0.053856
-0.063015,-0.003897,0.500362,0.031953
-0.299412,-0.007745,-0.028409,-0.078289
-0.315114,-0.012431,-0.148410,0.026609
-0.095377,0.004303,0.115471,0.232284
0.035597,-0.019361,0.227886,0.284498
-0.271681,-0.011784,-0.241443,0.075557
-0.277610,-0.008825,-0.189738,0.026823
-0.284110,-0.051829,-0.038245,-0.064328
0.094002,-0.001689,0.437284,0.020111
0.187315,-0.000281,0.350561,0.011280
0.351529,-0.007753,0.197475,0.009017
0.341170,0.003212,0.145029,0.058276
-0.255583,0.059022,-0.425478,0.181671
0.133237,-0.002572,-0.342968,-0.095461
0.307619,-0.003415,-0.207168,-0.175563
0.309041,0.066701,-0.269082,-0.191920
0.284647,0.116393,-0.303829,-0.170003
0.143312,0.026357,-0.407235,-0.195411
0.142210,0.002466,-0.277000,-0.262485
0.445540,0.006838,0.174718,-0.079093
0.450298,0.001216,0.168383,-0.070788
0.202928,-0.055050,-0.216422,-0.231823
0.048897,-0.053466,-0.344520,-0.100177
0.382701,-0.007329,0.150526,0.024337
0.357699,-0.007840,0.142794,0.057706
0.330457,-0.005665,-0.056864,0.272549
-0.034398,-0.018054,-0.463720,0.066821
-0.114693,-0.017210,-0.357911,0.040464
-0.236038,-0.002307,-0.195525,-0.015480
-0.250720,-0.021410,-0.055790,-0.120973
0.158021,-0.002347,0.432864,-0.041861
0.230864,0.001100,0.351779,-0.035838
0.384069,-0.002336,0.207217,-0.039436
0.339426,-0.000652,0.141955,0.064329
0.291255,0.078685,-0.000248,0.179774
0.148591,0.358170,-0.013597,-0.047647
0.129726,0.320263,-0.003756,-0.111370
0.076794,0.236819,-0.012242,-0.157415
-0.017643,0.113294,-0.047869,-0.173088
-0.181363,0.010108,-0.042192,-0.099732
-0.053526,0.030117,0.470479,-0.026752
-0.111776,0.004110,0.496561,-0.027787
-0.373721,-0.006479,-0.034611,-0.034130
-0.372958,-0.006802,-0.035782,-0.033713
-0.171856,-0.008636,0.442252,-0.020839
-0.041164,0.006368,0.531218,0.004440
-0.282088,-0.037916,-0.013603,-0.110088
-0.240092,-0.045856,-0.017578,-0.127301
0.125151,-0.001790,0.431778,-0.005908
0.212416,0.001106,0.346262,-0.011741
0.378373,-0.006617,0.190750,-0.012408
0.368360,-0.002369,0.146190,0.037017
-0.014987,-0.086807,-0.133241,-0.213718
0.187272,-0.063308,-0.311532,-0.044507
0.441621,-0.047792,-0.047575,0.119168
0.030493,-0.044263,-0.494425,0.061955
-0.009205,-0.029076,-0.502994,0.092011
0.293156,-0.013904,-0.085146,0.339618
0.236879,-0.022102,-0.107934,0.344297
-0.130882,-0.004116,-0.428291,0.113939
-0.200838,-0.005231,-0.358771,0.115490
-0.280842,-0.011155,-0.250361,0.093008
-0.348991,-0.042576,-0.098613,0.042359
0.057123,-0.007448,0.434782,0.060090
0.159283,-0.006303,0.401012,-0.004259
0.177143,-0.002690,0.042782,0.066117
-0.269722,0.054263,-0.414940,0.189146
0.226483,-0.126306,-0.035333,-0.078411
0.318823,-0.026208,0.110813,-0.113538
0.402234,-0.018838,0.003521,-0.150982
0.179581,0.012378,-0.473381,-0.154119
0.162933,-0.013277,-0.503625,-0.095261
0.148674,-0.021949,-0.332861,-0.239446
0.460863,0.001636,0.134021,-0.048018
0.439864,-0.003130,0.131288,-0.018141
0.087216,-0.054518,-0.378758,-0.101939
0.012474,-0.047243,-0.407240,-0.007338
0.368436,-0.008049,0.129728,0.060117
0.359193,-0.006868,0.130863,0.067221
-0.028766,-0.051122,-0.409865,0.040805
-0.069623,-0.013088,-0.384824,0.018184
0.288484,0.014893,0.122340,0.093341
0.119006,0.014379,0.283408,-0.408140
-0.192898,-0.071775,-0.139761,0.019040
-0.285578,-0.020787,-0.111360,0.075834
-0.132791,-0.006456,0.340439,0.225189
-0.139605,0.032156,0.388559,0.213432
-0.438820,0.001220,-0.100598,0.091731
-0.431915,-0.002946,-0.103272,0.089096
-0.191098,-0.003280,0.384424,0.267807
-0.125965,-0.006099,0.416361,0.258016
-0.391530,-0.048878,-0.094712,0.089173
-0.372727,-0.022060,-0.099201,0.044649
0.017358,-0.010899,0.438230,0.082345
0.121028,-0.003168,0.431757,-0.001741
-0.133447,-0.053756,-0.162659,-0.074806
-0.053668,-0.091166,-0.099051,-0.203927
-0.140333,-0.208075,0.062767,0.030182
-0.144789,-0.184235,0.067515,0.080772
-0.021676,-0.138825,0.010105,0.131921
0.022079,-0.074268,0.018831,0.150181
0.218101,0.013894,0.045692,0.148502
0.340435,0.071764,-0.053598,0.173151
0.072278,0.006395,-0.496387,0.090146
0.077203,-0.018064,-0.555682,0.047197
0.093791,-0.027091,-0.550520,0.034470
-0.011510,-0.018493,-0.462292,0.042945
0.221913,-0.145193,0.101904,0.013274
0.225190,0.071803,0.069313,0.182866
0.344003,0.234495,-0.190170,0.007930
0.229252,0.325704,-0.026917,-0.012548
0.220495,0.337788,-0.011335,-0.062467
0.213284,0.317184,0.000557,-0.116966
0.182603,0.257910,0.000878,-0.151002
0.106471,0.151800,-0.025774,-0.178602
0.021958,0.046589,-0.050494,-0.195140
-0.145525,-0.028583,-0.049851,-0.137997
-0.029011,0.026810,0.459616,-0.037585
-0.077130,0.026680,0.485694,-0.026877
-0.353796,-0.005810,-0.048675,-0.040764
-0.361155,-0.004716,-0.053075,-0.030314
-0.193418,0.011584,0.404541,0.052992
-0.094924,0.000233,0.519558,0.083112
-0.368012,-0.029568,-0.040733,-0.010680
-0.329028,-0.021241,-0.042679,-0.056298
0.053466,-0.001892,0.513048,-0.025487
0.156383,-0.002664,0.409827,-0.014890
0.324738,0.004089,0.139153,0.073547
0.146656,0.017650,0.272714,-0.416673
-0.013763,-0.050054,-0.116242,0.105202
-0.255883,-0.016242,-0.094457,0.133004
-0.067788,-0.016194,0.422936,0.168044
-0.098859,0.003786,0.467048,0.143502
-0.445898,-0.012099,-0.059784,0.081100
-0.447641,-0.016402,-0.064545,0.081023
-0.131639,-0.001288,0.477632,0.191791
-0.071503,-0.008339,0.477729,0.149685
-0.311375,-0.068031,-0.026173,0.023207
-0.313686,-0.012252,-0.121123,-0.002290
-0.295327,-0.039780,-0.048744,-0.060468
0.090056,-0.003030,0.434928,0.027463
0.182044,-0.001476,0.349625,0.019141
0.361298,0.000576,0.146615,0.040805
-0.039470,-0.080772,-0.115895,-0.212123
0.393551,-0.044887,0.067923,0.059233
0.391331,-0.011156,0.054094,0.094348
0.310082,0.049569,-0.184390,0.239376
0.045938,-0.010969,-0.548998,0.064680
0.007718,-0.011978,-0.527175,0.082088
-0.125013,0.000361,-0.423940,0.099242
-0.196147,-0.009827,-0.331375,0.087999
0.090607,-0.013869,0.154691,0.304036
0.151695,-0.015346,0.192839,0.215382
-0.190700,-0.010464,-0.269968,0.021782
-0.219565,-0.008594,-0.210945,-0.010247
-0.263418,-0.038791,-0.081888,-0.061376
0.137926,-0.008888,0.398378,0.022397
0.207545,-0.004758,0.331226,0.015496
0.372025,-0.002511,0.145994,0.033786
-0.037576,-0.081015,-0.117314,-0.212392
0.408935,-0.052851,0.062176,0.034958
0.417766,-0.024175,0.049717,0.073728
0.193266,0.008563,-0.312759,0.197678
0.035442,-0.011251,-0.548341,0.074802
-0.016959,-0.006880,-0.519293,0.093786
-0.150003,0.004651,-0.417165,0.113167
-0.229129,-0.007796,-0.306804,0.094378
-0.036841,-0.012412,0.089330,0.314148
0.029086,-0.025087,0.154858,0.336209
-0.246159,-0.009757,-0.257133,0.063699
-0.263111,-0.008072,-0.205262,0.027095
-0.324395,-0.015286,-0.082626,-0.027042
0.076865,-0.006840,0.428973,-0.047802
0.190857,-0.006059,0.422566,-0.061098
0.063033,-0.036940,-0.038812,0.001831
-0.271744,0.052863,-0.410962,0.188557
0.200196,-0.143312,-0.055063,-0.042034
0.287144,-0.042965,0.094572,-0.083750
0.372633,-0.040016,-0.025265,-0.138726
0.178964,0.033542,-0.478924,-0.137866
0.159317,-0.007891,-0.512524,-0.087676
0.137754,0.004573,-0.349545,-0.229687
0.469458,0.020052,0.139819,-0.086039
0.464454,0.004630,0.149478,-0.070591
0.078103,-0.046585,-0.357619,-0.123093
0.002837,-0.039358,-0.383895,-0.028935
0.374061,-0.008389,0.147444,0.036895
0.376295,-0.007729,0.144255,0.037398
0.340028,0.001202,0.143859,0.061471
-0.251037,0.061133,-0.424581,0.177903
0.092984,0.041378,-0.434025,-0.053387
0.214852,0.085233,-0.378379,-0.132828
0.240356,0.132397,-0.393542,-0.140687
0.144108,0.047310,-0.462069,-0.171808
0.054625,0.027881,-0.392156,-0.139630
0.386094,0.065737,0.133988,-0.105351
0.401208,0.042578,0.157970,-0.093397
-0.034876,-0.003070,-0.319332,-0.092072
-0.116149,-0.002298,-0.266621,-0.064282
-0.139323,-0.055105,-0.166139,-0.073150
0.149325,0.037462,0.144235,0.214559
-0.361106,0.029204,0.133880,-0.103954
-0.376208,0.035611,-0.004376,-0.100430
-0.356229,0.014107,0.102650,-0.185499
-0.146700,0.041351,0.440217,-0.212774
-0.183940,-0.021407,0.182785,-0.352338
-0.181245,-0.016381,0.028609,-0.280009
0.165049,0.009652,0.388869,-0.181152
0.292113,-0.011473,0.356724,-0.090823
0.329003,-0.004568,0.164119,-0.020235
-0.101445,-0.012671,-0.325095,-0.010140
-0.164150,-0.007919,-0.307444,0.030164
-0.019431,-0.043231,0.014427,0.178941
0.092508,-0.022483,0.119658,0.245648
-0.194091,-0.010014,-0.269065,0.023820
-0.231136,-0.008224,-0.212647,0.002656
-0.308439,-0.017760,-0.107591,-0.015559
0.097609,-0.011151,0.401435,0.047690
-0.064153,-0.060731,-0.124037,-0.063056
0.094060,0.018253,0.275681,-0.414041
-0.128097,-0.057233,0.377484,0.146220
-0.220377,0.159224,0.213609,0.219489
-0.402359,0.010299,-0.152413,0.097947
-0.391419,-0.000604,-0.149161,0.092659
-0.322225,0.063772,0.136148,0.182983
-0.224369,0.010569,0.262639,0.267726
-0.395412,-0.008595,-0.122678,0.077338
-0.377349,-0.006249,-0.118277,0.052527
-0.357584,-0.053839,0.075854,-0.018857
-0.014910,-0.004810,0.511793,0.039965
0.115744,-0.010964,0.381496,0.048610
-0.229456,-0.028777,-0.162886,-0.028224
-0.236747,-0.025040,-0.167084,-0.020478
0.221923,-0.145190,0.101908,0.013275
0.063564,-0.048343,0.016833,0.385779
0.123226,-0.150001,-0.243610,-0.081630
0.133630,0.038644,-0.450764,-0.109016
0.183524,0.036976,-0.491065,-0.154528
0.149663,0.009139,-0.477095,-0.130607
0.217373,0.019560,-0.194943,-0.333493
0.461075,0.005499,0.184625,-0.102988
0.449936,0.000506,0.170768,-0.072529
0.472035,0.024353,0.034661,-0.034659
0.039308,-0.014638,-0.450866,-0.023154
-0.037013,-0.010473,-0.392576,-0.009288
-0.140611,-0.016731,-0.276038,-0.015971
0.265484,-0.011228,0.230583,0.064242
0.312521,0.004021,0.131782,0.082473
-0.280785,0.049266,-0.399324,0.189929
0.147701,-0.141696,0.011050,-0.017278
0.158285,-0.090239,0.105564,-0.065871
0.273718,-0.067557,0.049543,-0.082026
0.183952,0.016299,-0.353571,-0.123381
0.180109,0.047929,-0.510411,-0.088446
0.157032,0.022741,-0.499217,-0.113590
0.315750,0.176910,-0.134050,-0.110271
0.104934,0.034505,-0.294895,-0.200147
-0.004082,-0.002681,-0.345951,-0.096615
0.389728,0.020662,0.191521,-0.054416
0.398682,0.006290,0.197190,-0.053651
0.332675,0.003100,0.142313,0.067060
0.298750,0.073637,-0.001467,0.178621
0.113333,0.288841,-0.005692,-0.165350
-0.012281,0.110343,-0.045334,-0.260113
-0.186703,-0.025390,-0.040732,-0.178641
-0.155290,-0.019787,0.276461,-0.348510
0.014363,0.015794,0.586254,-0.075201
0.004500,0.001426,0.585750,-0.048627
0.004309,-0.007908,0.518934,-0.023911
-0.068019,0.005271,0.129058,-0.011173
-0.241401,-0.007821,-0.226888,0.026761
-0.265393,-0.008754,-0.206342,0.031138
-0.141240,-0.032222,0.084571,0.107672
0.116881,-0.012859,0.360232,0.084681
-0.135456,-0.054977,-0.164121,-0.074215
0.106282,0.019890,0.271510,-0.417081
-0.256995,0.100007,0.140047,0.192241
-0.441770,0.007885,-0.106680,0.114816
-0.446915,-0.002677,-0.110222,0.115151
-0.156333,0.003522,0.437737,0.236363
-0.133592,-0.003157,0.461126,0.221480
-0.420847,-0.037656,-0.064715,0.075229
-0.390165,-0.024027,-0.071731,0.036609
-0.022747,-0.006678,0.485765,0.085370
0.070539,-0.001651,0.423315,0.057936
0.201251,-0.003079,0.216883,0.130076
-0.189964,-0.003121,-0.286333,0.030068
-0.216702,-0.001345,-0.218589,-0.012714
-0.203067,-0.035818,-0.048229,-0.148590
0.188086,-0.002646,0.399313,-0.035376
0.248655,0.000969,0.330522,-0.032228
0.397487,-0.004108,0.186995,-0.030569
0.372681,-0.002560,0.145913,0.033273
-0.014064,-0.084589,-0.135486,-0.214651
0.168549,-0.046567,-0.334062,0.014937
0.418509,-0.022352,-0.076960,0.179331
0.008287,-0.029220,-0.506434,0.078766
-0.011806,-0.023013,-0.504438,0.089921
0.186831,-0.035250,-0.194803,0.273141
0.033433,-0.067774,-0.300829,0.173837
-0.112052,-0.050462,-0.380851,0.094099
0.262938,-0.016410,0.181428,0.122409
0.332597,0.000128,0.139803,0.069830
-0.037946,-0.079928,-0.117634,-0.212788
0.402715,-0.038857,0.057841,0.059131
0.403301,-0.009894,0.043801,0.092775
0.292928,0.046050,-0.207578,0.281000
0.036210,-0.012929,-0.553403,0.080772
-0.014052,-0.011803,-0.524798,0.101305
-0.146903,-0.003527,-0.421570,0.122649
-0.233492,-0.012928,-0.304507,0.101577
-0.181603,-0.093235,-0.058722,0.151778
0.118992,-0.006509,0.361081,0.076697
0.212995,-0.004996,0.323439,0.018392
0.350035,0.000483,0.145923,0.052118
0.258253,0.075066,0.035999,0.180085
0.173796,0.307893,-0.100539,-0.083370
0.119615,0.307274,-0.003070,-0.116994
0.067574,0.228346,-0.014982,-0.142058
-0.029156,0.102351,-0.051982,-0.165120
-0.196922,-0.016846,-0.050228,-0.123733
-0.055185,0.049632,0.432954,-0.118793
-0.112278,0.022896,0.466576,-0.061529
-0.373326,-0.008578,-0.034699,-0.032565
-0.371503,-0.005856,-0.046288,-0.025668
-0.191301,0.002761,0.405183,-0.009972
-0.066939,-0.003422,0.512205,0.068012
-0.318371,-0.068119,-0.026566,-0.005506
-0.291778,-0.052741,-0.049315,-0.045481
0.111175,-0.001575,0.441381,-0.002227
0.202353,0.000417,0.355116,-0.009213
0.378503,-0.001737,0.144706,0.027895
0.147585,0.015100,0.275388,-0.414765
-0.010094,-0.069193,-0.112880,0.046907
-0.234794,-0.034202,-0.083061,0.104663
-0.069556,-0.033783,0.403999,0.179926
-0.095876,-0.001861,0.454734,0.157013
-0.435621,0.000223,-0.058450,0.083573
-0.444278,-0.012156,-0.067303,0.079575
-0.133087,-0.005999,0.471201,0.195851
-0.070019,-0.008108,0.484222,0.136308
-0.309138,-0.031328,-0.027940,-0.023763
-0.301611,-0.012977,-0.118863,-0.015900
-0.280141,-0.026417,-0.042379,-0.083344
0.094137,-0.005078,0.442763,0.017306
0.187298,-0.003174,0.352303,0.012177
0.340644,-0.009025,0.202784,0.015715
0.221991,-0.145171,0.101935,0.013279
0.058484,-0.053702,0.015273,0.387319
0.115402,-0.166196,-0.239800,-0.050481
0.115237,0.040060,-0.446972,-0.092320
0.190229,0.061521,-0.485498,-0.133287
0.139768,0.015133,-0.510374,-0.092400
0.070590,0.005400,-0.421763,-0.103576
-0.039375,0.001895,-0.256796,-0.155073
0.368711,0.021933,0.252491,-0.104059
0.402005,0.009815,0.225782,-0.089295
0.020123,-0.026968,-0.262662,-0.179843
-0.037907,-0.028674,-0.290093,-0.092676
0.344481,-0.007768,0.215911,-0.003230
0.340101,-0.007981,0.181591,0.036557
0.340652,-0.000696,0.142378,0.063172
-0.023890,-0.065491,-0.139541,-0.219832
0.337759,0.049637,-0.128720,0.253407
0.318901,0.028242,-0.187695,0.363504
0.025896,-0.023431,-0.559232,0.107416
-0.035875,-0.016756,-0.526075,0.129356
-0.165665,-0.015201,-0.412725,0.144242
-0.271343,-0.007100,-0.275346,0.104439
-0.211737,-0.088925,-0.038470,0.130572
0.111870,0.001333,0.316410,0.115243
0.061998,0.009841,0.127107,0.029819
-0.193838,0.001557,-0.199990,-0.057079
-0.202678,-0.000615,-0.166537,-0.079520
-0.222067,-0.013178,-0.041288,-0.172809
0.168543,-0.005838,0.444870,-0.061850
0.229976,-0.003797,0.335937,-0.013253
0.356000,-0.009009,0.177827,0.025413
0.318249,0.004118,0.135437,0.078628
0.280206,0.083618,0.003547,0.182049
0.149643,0.366192,-0.023227,0.002805
0.149837,0.362831,-0.015314,-0.044335
0.132359,0.327524,-0.005293,-0.110758
0.095988,0.268286,-0.006304,-0.131138
0.013744,0.155761,-0.035089,-0.158712
-0.086653,0.028805,-0.076922,-0.159659
-0.216417,-0.035559,-0.060747,-0.089071
-0.055328,0.027745,0.473229,-0.025624
-0.137008,-0.000500,0.466775,-0.019557
-0.379799,-0.008205,-0.036541,-0.024519
-0.378430,-0.007619,-0.039248,-0.023980
-0.155912,-0.003899,0.459161,0.007640
-0.041057,0.003426,0.532678,0.018845
-0.281187,-0.045945,-0.009978,-0.099776
-0.238406,-0.034001,-0.020260,-0.152737
0.144036,-0.001101,0.452716,-0.047276
0.224217,0.001280,0.349362,-0.027456
0.369812,-0.007427,0.177882,0.009930
0.372371,-0.002514,0.145974,0.033474
-0.261294,0.055862,-0.413788,0.180922
0.110543,-0.070441,-0.329078,-0.013852
0.295296,-0.064611,-0.173786,-0.058860
0.309234,0.025528,-0.228991,-0.086717
0.273768,0.158620,-0.304590,-0.086419
0.293986,0.223016,-0.271762,-0.052411
0.079171,0.048845,-0.488029,-0.084968
-0.034508,0.028342,-0.390591,-0.052592
-0.186132,0.038450,-0.242262,-0.059407
-0.116942,0.054949,-0.019153,-0.173009
0.246040,0.025324,0.315400,-0.038055
0.308078,0.031243,0.224352,-0.029283
-0.116146,0.006330,-0.283997,-0.055537
-0.162623,0.003398,-0.230382,-0.059744
-0.074976,-0.022754,-0.016611,-0.185704
0.292129,-0.006501,0.303754,-0.040759
0.312596,0.009746,0.135945,0.080335
-0.035542,-0.089526,-0.114184,-0.209035
0.399072,-0.064553,0.066568,0.048733
0.403511,-0.027561,0.054264,0.087855
0.304168,0.034082,-0.189780,0.259472
0.033062,-0.011056,-0.550565,0.079210
-0.005040,-0.010984,-0.528576,0.095252
-0.139660,-0.000018,-0.426013,0.116340
-0.213121,-0.009351,-0.330424,0.103545
0.036029,-0.020966,0.137721,0.359063
0.078279,-0.016399,0.152846,0.324589
-0.229839,-0.007849,-0.269422,0.057760
-0.253099,-0.007304,-0.204033,0.015085
-0.306787,-0.016841,-0.084520,-0.041201
0.113385,-0.007388,0.439782,-0.045586
0.209757,-0.007991,0.388225,-0.040777
-0.004808,-0.052968,-0.085455,-0.035741
0.156837,0.057782,0.131554,0.200982
-0.327137,0.124043,-0.046141,-0.011902
-0.277857,0.110404,-0.110184,-0.031373
-0.241077,0.107637,-0.095293,-0.061922
-0.237286,0.082389,-0.092690,-0.072828
-0.310024,0.032791,-0.054544,-0.085961
-0.227461,0.014262,0.287057,-0.148284
-0.088808,0.005687,0.549977,-0.105455
-0.239276,-0.022381,0.307203,-0.248329
-0.251177,-0.039488,0.081650,-0.230435
0.060093,-0.007422,0.350072,-0.030095
0.005654,-0.032747,0.130398,-0.000085
-0.214910,-0.009224,-0.205978,-0.019237
-0.235797,-0.007357,-0.187651,-0.018545
-0.257460,-0.045502,-0.049325,-0.084121
0.115851,-0.004797,0.425059,0.013353
0.204470,-0.001997,0.340555,0.005883
0.363793,-0.008122,0.189534,0.004982
0.345901,-0.000593,0.144399,0.057553
0.169447,0.014122,0.266529,-0.421635
-0.132602,-0.091465,-0.131485,0.082787
-0.249942,-0.021084,-0.090861,0.122543
-0.080504,-0.020985,0.402678,0.167885
-0.095950,0.002706,0.464708,0.141233
-0.437400,-0.004344,-0.060697,0.068261
-0.441213,-0.012884,-0.058765,0.068948
-0.117276,-0.006055,0.491428,0.164621
-0.051501,-0.007465,0.473752,0.132844
-0.134818,-0.021023,0.138331,0.135872
-0.279194,-0.009516,-0.171232,0.010591
-0.286178,-0.009134,-0.168362,0.014323
-0.321537,-0.042735,-0.032677,-0.031080
0.056228,-0.003639,0.450462,0.046398
0.157010,-0.001591,0.357270,0.036524
0.221835,-0.145215,0.101873,0.013270
0.179858,-0.025264,0.363568,0.022446
0.317623,0.043792,0.020036,0.014948
0.023973,-0.151935,-0.099264,-0.010570
-0.098624,-0.109583,-0.060364,-0.010740
-0.154995,-0.258068,0.238172,-0.022382
-0.047336,-0.129626,0.464851,0.022025
-0.133678,-0.122317,0.389074,0.022391
-0.352921,-0.011928,-0.033506,0.017849
-0.368376,-0.002439,-0.142456,0.076298
-0.295209,0.131837,0.025803,0.223249
-0.284577,0.122849,0.055734,0.234888
-0.361816,-0.002110,-0.192960,0.107567
-0.356441,-0.008272,-0.185591,0.101008
-0.450378,-0.035801,-0.059951,0.099505
-0.120097,-0.006662,0.470487,0.201920
-0.032891,-0.004752,0.470819,0.116335
-0.137030,-0.074271,0.079992,0.100197
-0.280937,-0.013236,-0.133691,-0.021486
-0.220407,-0.036927,-0.033138,-0.147954
0.174007,-0.001974,0.413108,-0.035928
0.236037,0.002029,0.341846,-0.032430
0.394368,-0.005326,0.193155,-0.032315
0.062557,-0.053674,-0.288216,-0.169240
0.004048,-0.035320,-0.324063,-0.094014
0.358303,-0.008410,0.195339,0.004827
0.348728,-0.008167,0.162428,0.047400
0.366804,-0.001588,0.146707,0.037382
0.168267,0.019017,0.260929,-0.424767
-0.160861,-0.062819,-0.147444,0.179336
-0.289324,-0.025440,-0.123146,0.165438
-0.064842,0.003207,0.448686,0.155060
-0.105189,0.006708,0.488276,0.150929
-0.456083,-0.026914,-0.056738,0.092061
-0.442287,-0.021038,-0.051951,0.066246
-0.122188,0.002496,0.497833,0.110237
-0.045829,0.000079,0.531792,0.037850
-0.284972,-0.044769,-0.010256,-0.098829
-0.240042,-0.053755,-0.014950,-0.108408
-0.158287,-0.047521,-0.171365,-0.067368
0.142294,0.035392,0.145190,0.220718
-0.186388,0.051872,0.411933,-0.070392
-0.378235,0.040232,-0.014661,-0.095668
-0.342796,0.024466,-0.013890,-0.117045
-0.241380,0.030600,0.303072,-0.257416
0.041603,0.022065,0.572242,-0.096711
0.151056,0.005667,0.506218,-0.124819
0.280974,0.019048,0.249692,-0.108891
-0.111665,-0.063869,-0.153737,-0.075132
-0.272240,0.054234,-0.413840,0.190837
0.042938,-0.057354,0.100403,-0.105936
-0.064625,-0.012861,0.061424,-0.187810
-0.031472,-0.001732,0.067421,-0.210494
0.064197,0.012226,0.068373,-0.192329
0.271813,0.049663,0.087054,-0.140786
0.214637,0.007650,-0.204781,-0.224119
0.130188,-0.003105,-0.422013,-0.123750
0.125612,-0.010272,-0.493328,-0.065158
0.097641,-0.024854,-0.492298,-0.027915
0.486755,-0.000559,0.037498,0.020261
0.482892,-0.000777,0.040330,0.021790
0.069346,-0.024115,-0.495060,0.000479
0.000992,-0.011201,-0.443605,0.004463
-0.088322,-0.024103,-0.336366,-0.000559
0.306389,0.003236,0.127466,0.086184
0.166050,0.047520,0.133642,0.200359
-0.109706,0.184148,-0.136777,-0.032976
0.053767,0.165456,-0.230775,-0.152266
0.080478,0.187825,-0.123530,-0.173852
0.007825,0.145418,-0.038002,-0.161086
-0.179761,0.003920,-0.041762,-0.133150
-0.053418,0.055998,0.435168,-0.118367
-0.112356,0.022469,0.464906,-0.064647
-0.370903,-0.008305,-0.034275,-0.035677
-0.373555,-0.009077,-0.032956,-0.033683
-0.141668,0.002971,0.473463,0.030307
-0.050009,-0.001190,0.527122,0.062808
-0.263772,-0.081479,0.019036,-0.019050
-0.291121,-0.016329,-0.104582,-0.037317
-0.220523,-0.040182,-0.003759,-0.170956
0.140238,-0.001187,0.434197,-0.024590
0.209813,0.002009,0.335537,-0.001291
0.368831,-0.007381,0.176330,0.012348
0.413665,0.006565,0.057196,0.064389
-0.015661,-0.008378,-0.426413,0.001102
-0.110524,-0.010582,-0.333224,0.004980
-0.208278,-0.010419,-0.219648,-0.011005
-0.165905,-0.045736,-0.172380,-0.063273
-0.081051,-0.086685,-0.083274,-0.195464
-0.089618,-0.190411,0.031269,0.077510
-0.010448,-0.134563,0.011669,0.119339
0.028881,-0.083849,0.019998,0.121811
0.220153,0.003399,0.054311,0.124699
0.338778,0.081341,-0.048229,0.148627
0.067208,0.016972,-0.494278,0.066998
0.083220,-0.014165,-0.548091,0.029689
0.088657,-0.021063,-0.542573,0.025629
-0.017732,-0.011621,-0.448875,0.028878
-0.086145,-0.049030,-0.350178,0.036018
0.337269,0.000601,0.142365,0.064800
-0.303061,0.045671,-0.374890,0.191790
-0.131211,-0.097311,0.077709,0.021208
-0.185949,-0.084063,0.095583,-0.032738
-0.035118,-0.068221,0.062412,-0.083424
0.015312,-0.030864,0.074884,-0.133384
0.059785,-0.007071,0.080091,-0.143479
0.112038,0.013053,0.083330,-0.145922
0.240277,0.030777,0.088395,-0.128867
0.210481,-0.034828,-0.184362,-0.194824
0.126944,-0.013459,-0.420335,-0.117301
0.133955,-0.014159,-0.492575,-0.068291
0.129035,-0.020728,-0.502091,-0.054537
0.498498,0.006765,0.037856,-0.015644
0.493984,0.009504,0.040676,-0.015769
0.082836,-0.019951,-0.489657,-0.022578
-0.001500,-0.012807,-0.446203,0.011159
0.130822,-0.019043,0.008852,0.040496
-0.045472,-0.079048,-0.111972,-0.211653
0.355012,-0.048241,0.095103,0.070888
0.337985,-0.011192,0.089404,0.108487
0.376504,0.045986,-0.071433,0.185440
0.042190,-0.004268,-0.563843,0.076572
0.044015,-0.020723,-0.551398,0.078756
-0.034276,-0.029048,-0.484581,0.098555
0.173130,-0.035400,-0.103080,0.298225
0.221884,-0.145201,0.101892,0.013273
0.225233,0.071805,0.069274,0.182861
0.336080,0.239953,-0.197361,-0.022536
0.235068,0.333094,-0.019178,-0.065934
0.215483,0.318831,-0.000395,-0.107871
0.195071,0.275600,0.002718,-0.121922
0.139138,0.191015,-0.013730,-0.153981
0.047567,0.074528,-0.052683,-0.174212
-0.135001,-0.018906,-0.049884,-0.148110
-0.015994,0.031933,0.483839,-0.074535
-0.078737,0.022813,0.498666,-0.021733
-0.376450,-0.008057,-0.045455,-0.018847
-0.375829,-0.006275,-0.049146,-0.017964
-0.196317,0.004139,0.404202,0.004091
-0.122614,-0.003400,0.476940,0.028332
-0.345362,-0.020269,-0.039638,-0.044023
-0.326755,-0.020652,-0.048440,-0.053399
0.052168,-0.004305,0.485128,0.011336
0.153580,-0.001261,0.387946,0.008945
0.303983,0.008407,0.129191,0.086751
0.244579,0.072384,0.051665,0.180745
0.179007,0.285584,-0.136025,-0.090295
0.115481,0.300717,-0.003761,-0.130367
0.039953,0.189753,-0.024536,-0.183285
-0.074275,0.043184,-0.069971,-0.190900
-0.214595,-0.035593,-0.056297,-0.109556
-0.039223,0.034957,0.486372,-0.047349
-0.117133,0.019589,0.467080,-0.053609
-0.356345,-0.007113,-0.031275,-0.054495
-0.359069,-0.006080,-0.036880,-0.047292
-0.177593,0.008849,0.418807,0.004703
-0.056199,-0.003389,0.520765,0.035790
-0.295868,-0.036170,-0.018287,-0.085125
-0.242949,-0.053440,-0.011270,-0.090445
0.155538,-0.010566,0.383232,0.017011
-0.057333,-0.063710,-0.120440,-0.060878
0.109059,0.017798,0.277163,-0.413127
-0.324454,0.000673,0.054903,0.059549
-0.250159,0.126899,0.172305,0.191810
-0.409921,0.034587,-0.054616,0.115546
-0.436719,0.001754,-0.083301,0.085287
-0.129276,0.004700,0.450536,0.197485
-0.068475,-0.002640,0.449946,0.169327
-0.096213,0.007759,0.170008,0.308085
-0.318146,-0.011217,-0.202700,0.082713
-0.307647,-0.009268,-0.176423,0.043988
-0.372369,-0.027348,-0.057122,0.007783
0.003872,-0.005445,0.484059,0.065744
0.100554,-0.002003,0.412158,0.039116
0.199644,0.014732,0.061677,0.079732
-0.039587,-0.083010,-0.114535,-0.211114
0.388148,-0.051015,0.073241,0.059589
0.383686,-0.013984,0.060437,0.096229
0.337484,0.046761,-0.144382,0.260436
0.035905,-0.011135,-0.556018,0.081897
0.011445,-0.016492,-0.538304,0.094001
-0.120404,-0.006367,-0.436336,0.113756
-0.187304,-0.023258,-0.346188,0.107400
0.148801,-0.014357,0.180667,0.230619
-0.088988,-0.060683,-0.139270,-0.071007
-0.290507,0.050325,-0.393538,0.193158
-0.198175,-0.054430,0.103441,-0.070975
-0.076410,-0.031422,0.079333,-0.126150
0.071925,-0.002225,0.081433,-0.138792
0.120213,0.015755,0.084050,-0.134966
0.242416,0.029420,0.084010,-0.092903
0.225382,-0.067103,-0.175216,-0.073512
0.123468,-0.022232,-0.427594,-0.058904
0.139144,-0.007019,-0.500278,-0.057402
0.147173,-0.006805,-0.497420,-0.057147
0.488443,0.008630,0.037772,-0.005802
0.489761,0.020331,0.037956,-0.037656
0.100286,-0.014793,-0.471088,-0.063756
0.027344,-0.013104,-0.432293,-0.031298
0.112897,-0.022144,-0.003023,0.030753
-0.044156,-0.082848,-0.110924,-0.210224
0.357837,-0.060101,0.096491,0.063316
0.342528,-0.020634,0.091902,0.104386
0.376392,0.043333,-0.070723,0.186174
0.039803,-0.003037,-0.561942,0.075829
0.040716,-0.019163,-0.549735,0.078832
-0.037636,-0.028153,-0.480038,0.096478
0.211760,-0.022782,-0.067606,0.347240
0.173869,-0.022416,-0.031768,0.352335
-0.150838,-0.012730,-0.397256,0.111474
-0.215915,-0.012877,-0.305701,0.085143
-0.319069,0.001364,-0.171095,0.039449
-0.297585,-0.043969,-0.014905,-0.059842
0.095847,-0.002130,0.444934,-0.020906
0.190235,0.002781,0.292142,-0.011120
-0.180337,-0.013526,-0.192746,-0.062741
-0.200818,-0.006066,-0.186683,-0.055783
-0.157391,-0.048595,-0.171357,-0.067293
-0.303189,0.054854,-0.386870,0.192404
-0.051479,-0.028071,0.079785,-0.127018
0.081263,0.001113,0.081806,-0.165228
0.137082,0.018697,0.083699,-0.180757
0.256370,0.040558,0.091887,-0.153771
0.221401,-0.006993,-0.177935,-0.229440
0.123129,-0.006207,-0.428855,-0.121530
0.131383,-0.011469,-0.491839,-0.071773
0.120489,-0.019804,-0.482839,-0.066230
0.499498,0.002712,0.044583,-0.007493
0.483078,-0.001755,0.046822,0.018256
0.060300,-0.026679,-0.486653,0.003683
0.001202,-0.011189,-0.444414,0.005051
-0.068415,-0.032845,-0.341981,-0.006108
0.321153,-0.009594,0.212273,0.026117
0.338896,-0.009547,0.207005,0.013809
0.318745,0.002040,0.134114,0.079265
0.167004,0.013574,0.268088,-0.420493
-0.115100,-0.107440,-0.114562,0.004664
-0.225279,-0.050647,-0.075429,0.062663
-0.075410,-0.051573,0.398662,0.171918
-0.095830,-0.007155,0.443643,0.168818
-0.422649,0.015812,-0.047980,0.100321
-0.443166,-0.010782,-0.068358,0.089083
-0.129919,-0.004380,0.469415,0.199065
-0.064491,-0.006943,0.473661,0.142828
-0.286628,-0.029347,-0.011122,0.011935
-0.316865,-0.014871,-0.133837,0.016222
-0.257192,-0.049935,-0.028374,-0.005445
0.119267,-0.012812,0.358980,0.080649
0.221797,-0.145226,0.101857,0.013268
0.177968,-0.024954,0.365043,0.022395
0.299467,0.045350,0.022650,-0.011366
0.041863,-0.158599,-0.087600,-0.056785
-0.101598,-0.112798,-0.062072,0.031595
-0.093268,-0.152640,0.297027,0.136488
-0.086873,-0.039949,0.404690,0.186467
-0.437026,0.007035,-0.102114,0.099987
-0.441125,0.000687,-0.098499,0.093273
-0.147788,0.001069,0.445265,0.202285
-0.114454,-0.005785,0.471983,0.193374
-0.325699,-0.036184,0.022642,0.164109
-0.378076,-0.010531,-0.120513,0.059771
-0.371381,-0.042815,-0.050687,0.020797
0.014110,-0.004077,0.454350,0.084847
0.116888,0.002900,0.370879,0.059278
0.300813,-0.003563,0.222687,0.029253
-0.123729,-0.018228,-0.288023,-0.019370
-0.162138,-0.005950,-0.269496,-0.011766
0.219726,-0.000681,0.253588,0.053903
0.238142,0.019724,0.088976,0.094374
-0.274432,0.053096,-0.410403,0.190760
0.211393,-0.109113,0.026229,-0.086314
0.244728,-0.035138,0.136345,-0.109008
0.356168,-0.017301,0.075813,-0.103771
0.200837,0.010233,-0.384678,-0.171431
0.163366,-0.010510,-0.524549,-0.076761
0.144670,-0.013542,-0.498795,-0.081664
0.137351,-0.032580,-0.282896,-0.261348
0.442922,0.000728,0.162416,-0.056956
0.424085,-0.003151,0.151726,-0.022783
0.256721,-0.042161,-0.186533,-0.091353
0.052613,-0.055396,-0.345623,-0.100749
0.395622,-0.006821,0.152011,0.009251
0.370873,-0.007174,0.149352,0.037201
0.352372,-0.002186,-0.052936,0.176771
-0.021751,-0.014150,-0.447431,0.033982
-0.118159,-0.015256,-0.353199,0.037264
-0.234308,-0.009390,-0.229882,0.024230
-0.116522,-0.063173,0.030235,0.075773
0.162550,-0.010147,0.324066,0.072870
0.250478,-0.002632,0.243043,0.053032
-0.152943,-0.004987,-0.245221,-0.046199
-0.181522,-0.004706,-0.195543,-0.067579
-0.116335,-0.046150,0.007379,-0.210910
0.234794,0.004550,0.081735,0.089628
-0.063607,-0.079804,-0.097548,-0.206538
-0.047954,-0.180842,-0.002741,0.087689
-0.182892,-0.116661,0.081905,0.114949
0.037046,-0.069332,0.020749,0.134989
0.227870,0.011995,0.050367,0.130766
0.347454,0.074964,-0.038138,0.146484
0.072525,0.011809,-0.490799,0.068203
0.082182,-0.015864,-0.548410,0.032745
0.094809,-0.023892,-0.546175,0.025908
-0.011855,-0.014599,-0.454438,0.031542
0.266095,0.005078,0.102405,0.094617
-0.050230,-0.070735,-0.112796,-0.214268
0.305314,-0.010800,0.096266,0.121516
0.305693,0.009785,0.086321,0.130753
0.388641,0.044844,-0.045230,0.154913
0.044994,-0.010772,-0.565962,0.082463
0.057013,-0.028944,-0.556650,0.079230
0.002536,-0.034394,-0.491642,0.074150
0.371025,-0.002977,0.145473,0.035661
0.131969,0.018773,0.272314,-0.416932
0.029606,-0.010531,-0.101082,0.143975
-0.134350,-0.068587,-0.143878,0.151601
-0.271183,-0.028039,-0.105482,0.123176
-0.066657,0.006605,0.438061,0.143965
-0.101679,0.012106,0.477663,0.124813
-0.431414,-0.005341,-0.066923,0.054759
-0.401091,-0.003769,-0.062938,0.018573
-0.209080,-0.013099,0.381847,0.019853
-0.079645,-0.006583,0.497091,0.048391
-0.313825,-0.011433,-0.018757,-0.051231
-0.332629,-0.014482,-0.142961,0.040729
-0.186595,-0.018902,0.052714,0.119388
0.094693,-0.013679,0.352890,0.113142
0.150444,-0.012718,0.248822,0.111461
-0.196852,-0.010580,-0.241258,-0.000660
-0.227141,-0.010015,-0.205396,-0.006798
-0.148827,-0.062826,0.011320,-0.027463
0.271511,0.015788,0.110724,0.096844
-0.268969,0.055965,-0.419186,0.191180
0.252706,-0.082543,0.047699,-0.150172
0.352408,-0.022349,0.087579,-0.158690
0.206800,-0.003112,-0.348373,-0.240579
0.169036,-0.011416,-0.506481,-0.100246
0.144843,-0.015905,-0.494623,-0.083659
0.239496,-0.024658,-0.213808,-0.189178
0.416088,-0.003680,0.147072,-0.009504
0.409807,-0.003316,0.147678,-0.004531
0.466011,0.011728,0.022699,0.025043
0.036258,-0.015386,-0.456362,-0.013861
-0.058409,-0.013852,-0.413870,0.036781
-0.174137,-0.014154,-0.294585,0.033526
-0.129861,-0.053736,-0.160757,-0.075255
0.132184,0.040158,0.147000,0.223052
-0.180835,0.053107,0.414337,-0.019205
-0.415405,0.052251,-0.037068,-0.046951
-0.407734,0.051517,-0.048053,-0.044674
-0.179792,0.094463,0.382040,-0.077869
-0.018785,0.069522,0.487615,-0.032700
-0.276855,0.056379,-0.022424,-0.146891
-0.293962,0.037600,-0.128366,-0.064614
-0.259995,0.032368,-0.044085,-0.147130
0.154222,0.046754,0.354430,-0.025351
0.182159,0.065075,0.231400,-0.029059
-0.177238,0.016276,-0.235650,-0.052739
-0.203964,0.009023,-0.198998,-0.055411
-0.157416,-0.036206,-0.011866,-0.186001
0.238950,-0.000623,0.340084,-0.031905
0.311636,0.006707,0.247027,-0.022084
-0.115368,-0.009270,-0.277244,-0.047468
-0.159373,-0.004933,-0.235275,-0.049769
0.221758,-0.145238,0.101841,0.013266
0.057567,-0.054751,0.014823,0.387639
0.107832,-0.183813,-0.233817,-0.002732
0.093573,0.053752,-0.451070,-0.030648
0.183967,0.107394,-0.466005,-0.068089
0.155139,0.069560,-0.491109,-0.140943
0.067010,0.026495,-0.425943,-0.116865
-0.028587,0.027131,-0.246510,-0.201289
0.371144,0.036144,0.240876,-0.122742
0.408449,0.017424,0.224937,-0.103838
0.018681,-0.022505,-0.255234,-0.190291
0.302251,0.005032,0.125909,0.087751
-0.043678,-0.089457,-0.107698,-0.207283
0.341973,-0.082566,0.108181,0.058198
0.330115,-0.036536,0.106048,0.103242
0.386951,0.034657,-0.044745,0.157432
0.033451,-0.000759,-0.551276,0.069263
0.042442,-0.016658,-0.546198,0.071064
-0.021900,-0.030077,-0.482176,0.084805
0.301978,-0.015059,-0.004314,0.266427
0.272314,-0.014173,-0.002494,0.293830
-0.125224,-0.010949,-0.412906,0.099728
-0.181645,-0.013242,-0.327989,0.073526
-0.273003,-0.009728,-0.182837,0.016217
-0.234920,-0.059938,0.001106,-0.097104
0.167376,-0.007209,0.419806,-0.045718
0.053451,-0.039387,-0.045443,-0.003640
0.144018,0.012284,0.278870,-0.412102
0.004371,-0.077842,-0.099577,-0.008571
-0.202698,-0.084643,-0.066444,0.021901
-0.149424,-0.192849,0.304454,0.036741
-0.043512,-0.094126,0.486562,0.055208
-0.112835,-0.088238,0.419630,0.064703
-0.293200,0.067910,0.040665,0.069900
-0.382697,0.011336,-0.156718,0.085699
-0.245056,0.136920,0.070498,0.203092
-0.179058,0.115300,0.124700,0.243162
-0.337995,-0.002650,-0.202901,0.094198
-0.340364,-0.009822,-0.184408,0.085247
-0.424290,-0.036453,-0.058961,0.082304
-0.052625,-0.009234,0.460483,0.147664
0.052018,-0.004562,0.446083,0.056024
-0.163492,-0.047421,-0.172320,-0.063829
-0.060331,-0.084638,-0.097473,-0.205172
-0.182084,-0.181186,0.098006,0.049801
-0.087853,-0.171143,0.023477,0.102213
0.005507,-0.113178,0.015934,0.119690
0.203221,-0.012782,0.057741,0.126293
0.337073,0.070585,-0.029233,0.132484
0.072562,0.025443,-0.474173,0.089756
0.060249,-0.014782,-0.563971,0.069156
0.069310,-0.026665,-0.557161,0.065166
-0.014538,-0.023660,-0.481592,0.070440
0.274869,0.008191,0.109520,0.095436
0.212885,0.073202,0.078173,0.184669
0.227681,0.290667,-0.162928,-0.017138
0.151371,0.363222,-0.015469,-0.044501
0.138894,0.338458,-0.006281,-0.083163
0.116186,0.299848,-0.003490,-0.093130
0.074279,0.235328,-0.013572,-0.108548
-0.006085,0.129751,-0.044045,-0.129295
-0.183292,0.005888,-0.043131,-0.107448
-0.045328,0.053666,0.451173,-0.087192
-0.118400,0.023798,0.444869,-0.071256
-0.366051,-0.005641,-0.043485,-0.034042
-0.369952,-0.005550,-0.045679,-0.028120
-0.225233,-0.004180,0.360460,-0.031920
-0.077811,-0.001982,0.507959,0.067281
-0.336431,-0.046959,-0.037469,-0.021479
-0.296353,-0.040303,-0.042569,-0.066431
0.094735,-0.000452,0.463331,-0.009133
0.195572,0.000860,0.359943,-0.007879
0.377351,-0.001950,0.145253,0.028714
0.239205,0.071139,0.057815,0.181200
0.192281,0.286131,-0.145192,-0.065007
0.130431,0.325155,-0.004197,-0.100249
0.052506,0.203890,-0.020501,-0.203735
-0.072478,0.041640,-0.067798,-0.217720
-0.204099,-0.035211,-0.046954,-0.141220
-0.029458,0.036466,0.481849,-0.098579
-0.104917,0.028618,0.470588,-0.062030
-0.352303,-0.006178,-0.031940,-0.058837
-0.347973,-0.005221,-0.034882,-0.061253
-0.230729,-0.007293,0.339004,-0.124607
-0.003847,-0.003498,0.567638,-0.036166
0.087356,-0.003164,0.504127,-0.050716
0.011584,-0.017533,0.106673,-0.169473
-0.139417,-0.016564,-0.148282,-0.144782
0.052912,-0.041184,0.079327,-0.170213
0.294872,-0.024098,0.316032,-0.057011
0.341725,-0.054807,0.220409,-0.055238
-0.020015,-0.043847,-0.260292,-0.124953
-0.072051,-0.038904,-0.241998,-0.096309
0.160414,-0.229818,0.103180,-0.172255
0.354440,-0.094559,0.314231,-0.061351
0.400293,-0.124270,0.220713,-0.036553
0.054642,-0.115740,-0.271511,-0.057652
-0.040347,-0.069753,-0.334896,-0.003940
-0.108315,-0.050539,-0.296809,0.026497
0.215997,-0.054051,0.182856,0.195466
0.226998,-0.027895,0.169958,0.180285
0.051163,0.091329,-0.163814,0.287062
-0.184063,0.011386,-0.401887,0.125215
-0.248856,0.007693,-0.325176,0.116990
-0.327384,-0.009926,-0.220504,0.108464
-0.331141,-0.063425,-0.035807,0.164516
-0.004370,-0.006159,0.427327,0.133211
0.093589,0.001646,0.371309,0.083591
0.268430,-0.004574,0.219774,0.065338
-0.147934,-0.008358,-0.280795,-0.012264
-0.182676,-0.004348,-0.245046,-0.017281
0.092495,-0.001117,0.155970,0.032056
0.236324,-0.002753,0.257251,0.046855
-0.160831,-0.008632,-0.267804,-0.012083
-0.193947,-0.005801,-0.230298,-0.019304
0.094826,-0.008599,0.183272,0.035158
-0.085716,-0.047726,-0.134003,-0.068350
0.112445,0.017080,0.278604,-0.412042
-0.343514,-0.025311,0.007130,0.022766
-0.306662,0.081259,0.088969,0.133452
-0.250945,0.165496,0.174402,0.199663
-0.428892,0.006742,-0.085897,0.081763
-0.433187,-0.001735,-0.087168,0.077507
-0.135016,0.005708,0.436868,0.215713
-0.058432,-0.003949,0.437393,0.172803
-0.108604,0.003072,0.129326,0.276288
-0.308947,-0.011174,-0.216154,0.086924
-0.316745,-0.009076,-0.191073,0.067544
-0.374581,-0.023359,-0.070387,0.019007
0.010770,-0.004067,0.502008,0.026431
0.118217,-0.001596,0.440547,-0.008277
0.007019,-0.036190,-0.074172,-0.026918
-0.286759,0.052759,-0.400155,0.193463
-0.188627,-0.037769,0.099820,-0.119689
-0.031467,-0.011892,0.075798,-0.168568
0.122038,0.015211,0.083512,-0.157522
0.246820,0.034568,0.090795,-0.143134
0.213490,-0.021304,-0.183929,-0.220513
0.129633,-0.009410,-0.416725,-0.132148
0.134140,-0.012007,-0.490131,-0.074426
0.115056,-0.025117,-0.485698,-0.048350
0.486449,0.000059,0.042956,0.015008
0.482783,-0.000621,0.047621,0.014663
0.071180,-0.027985,-0.488874,-0.003672
0.013065,-0.013311,-0.445986,-0.003118
