0.108193,0.067786,0.156043,0.206285
-0.287257,0.151133,-0.168630,0.031170
-0.004088,0.273828,-0.186195,0.023193
0.233646,0.356967,-0.135666,0.024678
0.151039,0.403341,-0.033622,-0.031120
0.160384,0.398889,-0.027448,-0.076192
0.150503,0.363433,-0.019895,-0.141675
0.110323,0.284000,-0.014761,-0.219394
0.020786,0.151726,-0.035690,-0.260344
-0.184791,-0.006535,-0.035904,-0.174965
-0.060485,0.046743,0.467493,-0.114850
-0.117216,0.022201,0.493929,-0.077924
-0.348850,-0.011205,-0.021011,-0.074591
-0.345576,-0.009329,-0.027217,-0.073593
-0.207948,-0.001070,0.409930,-0.072996
-0.054669,-0.013882,0.537877,0.036536
-0.231173,-0.033853,0.046609,-0.056373
-0.287116,-0.021860,-0.131414,-0.015336
-0.169046,-0.046701,0.037049,-0.041247
0.155625,-0.017212,0.378627,0.026120
0.249969,-0.015213,0.268870,0.039811
0.287572,0.080389,0.003932,0.171177
0.148016,0.359448,-0.017552,-0.025168
0.139480,0.338555,-0.007841,-0.082253
0.114819,0.292163,-0.004593,-0.110481
0.064048,0.214236,-0.018886,-0.131883
-0.030966,0.088042,-0.058783,-0.160523
-0.198108,-0.010099,-0.046651,-0.094962
-0.069663,0.023515,0.483884,-0.022303
-0.152356,-0.010337,0.483851,-0.006582
-0.395067,-0.009357,-0.042207,-0.008626
-0.380413,-0.008205,-0.047201,-0.019791
-0.331779,-0.034965,0.272290,-0.136102
-0.031064,0.004327,0.593107,-0.032236
0.044146,-0.004881,0.523800,-0.045401
-0.105121,-0.051550,0.036151,-0.151683
-0.205237,-0.031666,-0.190910,-0.027914
0.045499,-0.031658,0.105235,0.021719
0.194991,0.070219,0.098312,0.178722
0.246205,0.285649,-0.190703,0.018881
0.160390,0.361763,-0.031949,-0.015278
0.148354,0.352875,-0.011876,-0.068125
0.126976,0.309025,-0.003950,-0.117072
0.082491,0.236700,-0.012859,-0.139501
-0.007522,0.115303,-0.048452,-0.166231
-0.200112,-0.016172,-0.045711,-0.121810
-0.053841,0.034810,0.494131,-0.057106
-0.147959,0.000992,0.479805,-0.034387
-0.394962,-0.013421,-0.036788,-0.010261
-0.388807,-0.010194,-0.050751,-0.005912
-0.232272,-0.021477,0.398931,0.024815
-0.096043,0.005614,0.503805,0.028983
-0.309792,-0.021404,-0.035487,-0.089034
-0.281523,-0.020044,-0.041360,-0.112790
0.088695,-0.007452,0.500909,-0.049018
0.157985,-0.007528,0.389872,0.002182
0.322665,-0.013255,0.234264,-0.000170
0.246301,0.075246,0.050358,0.171084
0.216075,0.312701,-0.132060,-0.013656
0.146611,0.347188,-0.010999,-0.058620
0.129259,0.311711,-0.004412,-0.095911
0.093570,0.251691,-0.009932,-0.111913
0.023478,0.154668,-0.035924,-0.134878
-0.062604,0.042441,-0.077107,-0.140677
-0.207033,-0.020262,-0.055013,-0.065081
-0.063722,0.015696,0.516826,0.001305
-0.153421,-0.011044,0.488861,0.013800
-0.404422,-0.008053,-0.036031,-0.006671
-0.377749,-0.010488,-0.028945,-0.038398
-0.276155,-0.027231,0.351885,-0.155575
-0.006016,0.005459,0.595992,-0.056345
0.072556,-0.000988,0.537002,-0.071925
0.231978,-0.003350,0.287405,-0.022451
0.163445,0.056488,0.132157,0.189019
-0.331305,0.114454,-0.039683,-0.028802
-0.256074,0.105992,-0.113756,-0.045422
-0.239367,0.095223,-0.107378,-0.053938
-0.235443,0.071555,-0.110656,-0.054374
-0.316763,0.025566,-0.061507,-0.066092
-0.259342,0.009712,0.285937,-0.119754
-0.113612,0.000624,0.563654,-0.076405
-0.286399,-0.031131,0.307471,-0.204941
-0.294044,-0.030778,0.078649,-0.207020
0.055862,-0.008444,0.491442,-0.096671
0.174788,-0.011100,0.444359,-0.066852
0.298599,-0.002002,0.245135,-0.016580
-0.091478,-0.020939,-0.319334,-0.023977
-0.132705,-0.011945,-0.278285,-0.032792
0.016423,-0.053925,0.061686,-0.087862
0.248815,-0.015093,0.317414,-0.009460
0.294659,-0.014440,0.232633,0.030084
-0.090338,-0.037406,-0.365894,0.037911
-0.123819,-0.020704,-0.353319,0.042114
0.195616,-0.017923,0.185229,0.169886
0.233854,-0.019051,0.217386,0.111361
0.191604,0.091100,0.079342,0.180310
0.222242,0.301434,-0.139660,0.052998
0.139904,0.366394,-0.032864,0.013039
0.152923,0.380302,-0.023854,-0.022391
0.151551,0.368858,-0.017368,-0.074048
0.134856,0.332517,-0.008664,-0.121488
0.104381,0.276314,-0.005740,-0.137136
0.031014,0.171029,-0.030810,-0.166663
-0.066179,0.043522,-0.074968,-0.166896
-0.213152,-0.027651,-0.055421,-0.081061
-0.074853,0.020010,0.487055,-0.012645
-0.152715,-0.004580,0.479126,-0.027439
-0.384038,-0.013593,-0.027664,-0.030092
-0.378338,-0.013051,-0.029543,-0.034715
-0.205636,-0.007755,0.438571,-0.103247
-0.088884,0.001485,0.513660,-0.075079
-0.279772,-0.030548,0.003773,-0.144891
-0.240972,-0.046158,-0.005205,-0.136218
0.114929,-0.009363,0.438121,-0.001093
0.170271,-0.007693,0.371246,0.008070
0.327823,-0.015064,0.193186,0.038039
0.323949,-0.011522,-0.027169,0.190913
0.225331,0.069506,0.074888,0.173148
0.203690,0.267078,-0.198798,-0.078427
0.129212,0.319503,-0.005183,-0.107489
0.059763,0.207602,-0.019486,-0.192175
-0.058407,0.050507,-0.068479,-0.213484
-0.212723,-0.037656,-0.050121,-0.122941
-0.059396,0.036086,0.471981,-0.064455
-0.134736,0.017811,0.463875,-0.056973
-0.354361,-0.010302,-0.038271,-0.052714
-0.354051,-0.009427,-0.038585,-0.053639
-0.216988,0.003659,0.407003,-0.078643
-0.098683,-0.009275,0.511616,0.038837
-0.330162,-0.040618,-0.020169,-0.043139
-0.300941,-0.049661,-0.037103,-0.041719
0.069533,-0.009721,0.446793,0.036542
0.157689,-0.007656,0.388205,0.004299
0.329880,-0.011395,0.234459,-0.009637
0.260507,0.093309,0.011641,0.177547
0.135283,0.348527,-0.034524,0.033141
0.149298,0.369252,-0.025610,-0.000106
0.154148,0.370480,-0.018743,-0.048703
0.142782,0.343215,-0.009728,-0.104667
0.117181,0.293309,-0.004275,-0.132421
0.053410,0.197389,-0.022847,-0.160825
-0.050030,0.060746,-0.067823,-0.178599
-0.210232,-0.031987,-0.052257,-0.109428
-0.066820,0.027914,0.479260,-0.043115
-0.140748,0.006650,0.481415,-0.039684
-0.373066,-0.013518,-0.026869,-0.042095
-0.365484,-0.012614,-0.025354,-0.052233
-0.222844,0.001790,0.398323,-0.147076
-0.010832,-0.001362,0.588540,-0.039216
0.068391,-0.007036,0.491978,-0.011296
0.221404,-0.017666,0.268385,0.068694
-0.142925,-0.029321,-0.300124,0.016642
-0.171582,-0.017688,-0.281835,0.015378
0.183556,-0.017995,0.262786,0.104433
0.131187,0.037762,0.149135,0.216577
-0.137167,0.050621,0.516754,-0.016069
-0.425714,0.043996,0.002318,-0.074075
-0.361174,0.047117,-0.054369,-0.087290
-0.373053,0.022400,0.005733,-0.110723
-0.095311,0.059651,0.492682,-0.151317
0.061386,0.014581,0.548598,-0.091977
0.087216,-0.013509,0.222110,-0.242077
-0.133862,-0.016297,-0.173151,-0.132418
-0.148992,-0.010495,-0.186599,-0.109641
0.080381,-0.027495,0.206625,-0.186535
0.271686,-0.011826,0.298927,-0.019579
-0.086885,-0.045382,-0.273308,-0.050102
-0.134153,-0.042155,-0.312399,0.032984
0.213989,-0.017489,0.258098,0.089327
0.239394,-0.018743,0.252938,0.070531
0.215552,0.070463,0.081941,0.174713
0.225015,0.277834,-0.198934,-0.045829
0.141557,0.343943,-0.009239,-0.073869
0.103639,0.273371,-0.006806,-0.155662
0.019416,0.153407,-0.035527,-0.192303
-0.080958,0.022827,-0.081382,-0.173199
-0.220026,-0.037263,-0.059032,-0.078605
-0.065157,0.025234,0.483620,-0.031983
-0.140610,0.012962,0.465220,-0.048690
-0.362647,-0.011789,-0.033608,-0.047546
-0.359542,-0.010425,-0.038387,-0.047341
-0.260380,-0.005679,0.343568,-0.093071
-0.038009,-0.003863,0.574019,0.006996
0.024413,-0.008735,0.494311,0.032414
0.099564,-0.022846,0.205441,0.074963
-0.185081,-0.012141,-0.221395,-0.037112
-0.196810,-0.009905,-0.211839,-0.037173
-0.238887,-0.035434,-0.036682,-0.135570
0.117153,-0.012278,0.410805,0.027613
0.160474,-0.009450,0.345084,0.046492
0.328168,-0.015760,0.182667,0.049000
0.251175,-0.015615,-0.095055,0.176237
0.240456,0.065344,0.066211,0.171018
0.130889,0.200288,-0.204234,-0.185547
0.031071,0.168069,-0.030601,-0.228448
-0.086549,0.012295,-0.076540,-0.219700
-0.214370,-0.044065,-0.042731,-0.132613
-0.066932,0.024669,0.451484,-0.095008
-0.135363,0.017595,0.469655,-0.043933
-0.372711,-0.011519,-0.040882,-0.030509
-0.371332,-0.010720,-0.043305,-0.030334
-0.232990,0.001360,0.379163,-0.034629
-0.099816,-0.007616,0.510693,0.032318
-0.331601,-0.045459,-0.021248,-0.037632
-0.288703,-0.060254,-0.021452,-0.042942
0.078637,-0.007685,0.466025,0.005772
0.156963,-0.006480,0.389655,0.001900
0.331782,-0.013947,0.238959,-0.013148
0.000811,-0.050823,-0.307667,-0.097941
0.168381,0.044848,0.138789,0.189443
-0.118917,0.162250,-0.141629,-0.046742
-0.007544,0.095292,-0.249339,-0.182848
-0.030921,0.060578,-0.151762,-0.227110
-0.218663,-0.027007,-0.032587,-0.149773
-0.066861,0.032333,0.452260,-0.182986
-0.086146,0.037741,0.497890,-0.124056
-0.353284,-0.011484,-0.006323,-0.084581
-0.363846,-0.011469,-0.009669,-0.070682
-0.137721,-0.014834,0.508648,-0.049338
-0.019014,-0.006861,0.541715,0.017857
0.059366,-0.006334,0.282631,0.139158
-0.243919,-0.014217,-0.233716,0.036124
-0.253288,-0.012574,-0.220597,0.030731
0.002033,-0.029947,0.222327,0.167574
0.129500,-0.019162,0.278691,0.146264
-0.210716,-0.018841,-0.263765,0.037594
-0.224786,-0.013731,-0.214709,-0.002502
-0.034220,-0.040737,0.149285,-0.011072
0.188948,-0.012275,0.290629,0.057776
0.293083,0.075801,0.004835,0.169388
0.139260,0.344750,-0.009692,-0.071017
0.103467,0.277938,-0.006619,-0.149035
-0.022265,0.098979,-0.050437,-0.246351
-0.197527,-0.031288,-0.038124,-0.170430
-0.147381,-0.010199,0.322813,-0.302522
-0.012994,0.009577,0.602258,-0.061655
-0.019864,-0.000303,0.595002,-0.034976
-0.011967,-0.009244,0.536364,-0.002480
-0.140637,-0.024467,0.083945,-0.105913
-0.233352,-0.021204,-0.135453,-0.065707
-0.025040,-0.024500,0.111088,-0.056283
0.194916,-0.016808,0.336985,0.028056
0.247500,-0.015712,0.251522,0.060572
-0.095665,-0.073971,-0.316269,0.033172
0.229160,0.076537,0.063945,0.173237
0.217966,0.307513,-0.154804,-0.026944
0.144002,0.350441,-0.011343,-0.063584
0.121855,0.305994,-0.004172,-0.116516
0.079477,0.237639,-0.013131,-0.130801
-0.005990,0.122185,-0.046760,-0.156041
-0.184651,0.009367,-0.038037,-0.100189
-0.074009,0.024477,0.481670,-0.027382
-0.153703,-0.001630,0.473863,-0.038990
-0.377292,-0.012607,-0.026871,-0.038592
-0.372826,-0.011660,-0.032702,-0.038475
-0.243401,-0.018425,0.385069,-0.057496
-0.093676,0.002075,0.506658,-0.003216
-0.308807,-0.027156,-0.024251,-0.095285
-0.282811,-0.027898,-0.039198,-0.105456
0.093502,-0.008541,0.471510,-0.015671
0.170692,-0.007479,0.385175,-0.006089
0.340148,-0.011289,0.231022,-0.016559
0.212683,0.072090,0.082579,0.175254
0.228549,0.284646,-0.193206,-0.035020
0.143662,0.350566,-0.011412,-0.063486
0.116128,0.296685,-0.005038,-0.133965
0.058765,0.208504,-0.020081,-0.160016
-0.044543,0.071503,-0.063899,-0.180697
-0.209970,-0.033703,-0.049321,-0.125775
-0.059934,0.038335,0.470101,-0.069237
-0.141014,0.012028,0.467338,-0.042608
-0.367830,-0.012175,-0.033938,-0.041639
-0.365236,-0.010887,-0.039436,-0.040133
-0.251888,-0.002945,0.355847,-0.071102
-0.026031,-0.002354,0.582037,-0.013703
0.035828,-0.007558,0.517874,-0.006603
0.149701,-0.017846,0.246436,0.094816
-0.182969,-0.015918,-0.259754,0.002913
-0.209413,-0.013717,-0.229923,-0.002675
-0.150047,-0.064490,0.024736,-0.044526
0.196895,-0.014243,0.365654,-0.011120
0.224910,0.076555,0.067560,0.173785
0.222207,0.305093,-0.160640,-0.023716
0.145681,0.353242,-0.012362,-0.058796
0.121078,0.303932,-0.004929,-0.128989
0.028614,0.164028,-0.031366,-0.226008
-0.085255,0.014485,-0.078534,-0.209827
-0.209451,-0.043692,-0.035969,-0.149890
-0.102408,0.005663,0.391035,-0.191311
-0.109323,0.029468,0.483250,-0.072900
-0.370176,-0.010825,-0.027973,-0.046656
-0.365625,-0.009480,-0.035272,-0.045318
-0.208732,-0.000782,0.411821,-0.025652
-0.081410,-0.014206,0.519096,0.075970
-0.286698,-0.044893,0.005799,0.023746
-0.323715,-0.019469,-0.142712,0.030169
-0.284941,-0.064564,-0.029888,-0.026179
0.080249,-0.007912,0.451696,0.019087
0.152956,-0.007596,0.384008,0.013197
0.325406,-0.015621,0.232100,0.001943
0.235880,0.072747,0.062367,0.171973
0.204148,0.289727,-0.166068,-0.064359
0.131303,0.323982,-0.005595,-0.101515
0.070292,0.222816,-0.015723,-0.180704
-0.042774,0.071874,-0.061815,-0.208125
-0.207233,-0.027433,-0.049376,-0.118181
-0.065731,0.031932,0.475772,-0.055278
-0.109151,0.013653,0.524609,-0.051971
-0.365205,-0.013832,-0.017848,-0.058707
-0.364368,-0.013065,-0.018094,-0.060164
-0.184782,0.007534,0.446272,-0.070608
-0.043330,-0.007295,0.550005,0.014672
-0.205447,-0.049292,0.076950,-0.084123
-0.270598,-0.026892,-0.107009,-0.051200
-0.003166,-0.033528,0.191103,0.002850
0.184933,-0.014393,0.293302,0.053053
-0.167685,-0.019923,-0.255050,-0.013070
-0.197811,-0.016916,-0.259467,0.018466
0.144545,-0.019178,0.255121,0.150567
0.217447,-0.017587,0.280664,0.063051
0.228468,0.063502,0.078536,0.172487
0.147200,0.199100,-0.231224,-0.166913
0.057671,0.204375,-0.020900,-0.207821
-0.067767,0.036506,-0.070667,-0.230162
-0.205350,-0.040166,-0.036821,-0.156129
-0.099537,0.008780,0.395513,-0.185393
-0.089761,0.030948,0.519030,-0.069113
-0.353076,-0.009524,-0.025877,-0.067180
-0.370625,-0.010188,-0.030449,-0.044426
-0.151997,0.003645,0.488148,0.024302
-0.067132,-0.015486,0.533757,0.034108
-0.262167,-0.023343,0.032421,-0.099121
-0.296833,-0.021968,-0.127535,-0.009383
-0.078796,-0.027127,0.134064,0.091701
0.080261,-0.022327,0.239244,0.112350
-0.201805,-0.012768,-0.217576,-0.023580
-0.216435,-0.011262,-0.205871,-0.022160
-0.214861,-0.038470,0.004160,-0.107355
0.154864,-0.018856,0.358387,0.048222
0.216076,-0.018809,0.245611,0.100889
0.223253,0.073094,0.072757,0.173690
0.351104,0.236583,-0.205818,0.008138
0.229540,0.313711,-0.031523,0.003843
0.221088,0.330881,-0.016628,-0.040558
0.219735,0.324840,-0.006514,-0.093203
0.202805,0.282997,0.000655,-0.131918
0.155372,0.204343,-0.010883,-0.158042
0.048988,0.065712,-0.059439,-0.200409
-0.149049,-0.029249,-0.041835,-0.158004
-0.039797,0.026419,0.483529,-0.062907
-0.095915,0.014786,0.510820,-0.017180
-0.385282,-0.014412,-0.039055,-0.016387
-0.383630,-0.012682,-0.043990,-0.015273
-0.211312,-0.004026,0.422142,0.013163
-0.134860,-0.010888,0.494711,0.039552
-0.353957,-0.027505,-0.038110,-0.036105
-0.324202,-0.024360,-0.043626,-0.063504
0.047840,-0.008536,0.512401,-0.031688
0.140612,-0.009591,0.419311,-0.007763
0.293028,-0.013581,0.239044,0.025041
0.224271,0.068038,0.077346,0.173224
0.093901,0.315659,-0.099560,-0.028653
0.152881,0.262242,-0.134777,-0.125251
0.071223,0.227725,-0.014839,-0.175236
-0.040570,0.077980,-0.059998,-0.205970
-0.208009,-0.032089,-0.046885,-0.135423
-0.043438,0.037102,0.504434,-0.078515
-0.134764,0.012801,0.482112,-0.047676
-0.373205,-0.013366,-0.026588,-0.042420
-0.368848,-0.011687,-0.033483,-0.041674
-0.220118,0.003541,0.398975,-0.056616
-0.086240,-0.010575,0.514968,0.029728
-0.320503,-0.041509,-0.030975,-0.052427
-0.288712,-0.045451,-0.037863,-0.072337
0.094711,-0.009151,0.466831,-0.010852
0.161354,-0.005787,0.392639,-0.006777
0.341024,-0.012614,0.235214,-0.020251
-0.002551,-0.053189,-0.308851,-0.090875
-0.071513,-0.046830,-0.353835,0.016452
0.238404,0.075683,0.056876,0.172002
0.204389,0.308895,-0.144490,-0.043564
0.135149,0.335859,-0.007563,-0.084262
0.104153,0.279139,-0.005726,-0.126103
0.037783,0.182775,-0.027745,-0.152637
-0.044816,0.074429,-0.065231,-0.140056
-0.190361,0.012923,-0.040994,-0.050574
-0.075865,0.020050,0.486732,-0.004886
-0.169888,-0.006636,0.454884,-0.030424
-0.379433,-0.009406,-0.039001,-0.027496
-0.375431,-0.009489,-0.040367,-0.030330
-0.303317,-0.029288,0.306978,-0.138916
-0.027640,0.003359,0.590395,-0.033181
0.037685,-0.006137,0.518970,-0.011785
0.136219,-0.011732,0.233980,0.049578
-0.179139,-0.012488,-0.244899,-0.019203
-0.205461,-0.011796,-0.218231,-0.020239
-0.154726,-0.059796,0.029785,-0.093395
0.195045,-0.017103,0.356248,0.008138
0.241786,0.067928,0.062388,0.170914
0.156656,0.235304,-0.187204,-0.147952
0.080762,0.237505,-0.012576,-0.179075
-0.034009,0.082845,-0.057713,-0.212248
-0.204778,-0.032720,-0.044999,-0.144768
-0.098208,0.023392,0.393514,-0.198462
-0.109824,0.029717,0.461038,-0.087853
-0.353416,-0.009398,-0.038968,-0.053881
-0.355077,-0.008844,-0.039873,-0.051911
-0.184492,0.006071,0.448519,-0.002035
-0.089225,-0.009664,0.521040,0.082846
-0.326416,-0.046845,-0.013398,-0.023900
-0.302222,-0.038210,-0.040098,-0.065919
0.078007,-0.009150,0.474754,-0.002134
0.158318,-0.008361,0.387869,0.004617
0.326266,-0.012448,0.234067,-0.004576
-0.042858,-0.038618,-0.338623,-0.035629
-0.090044,-0.020971,-0.346363,0.001650
0.247232,-0.018819,0.217066,0.098121
0.178805,0.057993,0.121069,0.183911
-0.254237,0.149926,-0.057890,-0.030752
-0.128823,0.167831,-0.117416,-0.046570
-0.125327,0.116503,-0.135477,-0.114670
-0.222442,0.045759,-0.064249,-0.091388
-0.285534,0.015235,0.150890,-0.176441
-0.051968,0.015959,0.608856,-0.072291
-0.033956,0.007195,0.621837,-0.070496
-0.127257,-0.038398,0.311962,-0.204036
-0.137406,-0.046547,0.121145,-0.169249
0.129414,-0.010994,0.305300,-0.029639
-0.011899,-0.058764,0.007554,-0.063565
-0.171709,-0.033326,-0.273362,0.022669
0.101922,-0.025932,0.110492,0.208144
0.175078,0.048886,0.131677,0.186130
-0.318285,0.091344,-0.040733,-0.065640
-0.247960,0.063323,-0.103365,-0.083905
-0.294539,0.018501,-0.050778,-0.113915
-0.234339,0.010978,0.283042,-0.192922
-0.112601,0.006367,0.564067,-0.100962
-0.234166,-0.031422,0.349595,-0.153499
-0.272936,-0.049094,0.085681,-0.197968
-0.045758,-0.026990,0.259469,-0.132514
-0.096244,-0.050618,0.063247,-0.117164
-0.211984,-0.031236,-0.169929,-0.042576
0.031674,-0.044117,0.106580,-0.017672
0.222593,-0.012924,0.253655,0.051703
-0.139468,-0.018188,-0.291520,-0.006551
-0.177832,-0.016227,-0.288068,0.026399
0.136367,-0.020550,0.226010,0.198094
0.194214,-0.018659,0.238585,0.129566
0.211625,0.078731,0.076431,0.175810
0.238183,0.304651,-0.154315,0.030011
0.149686,0.367216,-0.021427,-0.008180
0.148595,0.359171,-0.014391,-0.058180
0.134055,0.327894,-0.006060,-0.098712
0.106450,0.278490,-0.005805,-0.111764
0.047786,0.192365,-0.024913,-0.134458
-0.047671,0.066666,-0.067420,-0.151827
-0.210955,-0.031237,-0.052304,-0.107521
-0.059675,0.039821,0.469779,-0.071395
-0.147121,0.008789,0.465366,-0.039086
-0.381714,-0.012713,-0.040621,-0.020514
-0.380420,-0.011743,-0.043844,-0.019662
-0.235588,-0.011729,0.386605,-0.008515
-0.097064,-0.003668,0.514166,0.036269
-0.327572,-0.031788,-0.028814,-0.067082
-0.303036,-0.032833,-0.044111,-0.075041
0.074609,-0.008289,0.465700,0.009584
0.150626,-0.007039,0.387280,0.011965
0.318099,-0.014281,0.237297,0.002553
0.127290,0.034494,0.142520,0.225104
-0.074872,0.053972,0.565674,-0.002728
-0.162945,0.141517,0.393153,-0.094100
-0.348732,0.048367,-0.046941,-0.108269
-0.326572,0.036814,-0.056236,-0.109714
0.025672,0.052843,0.430655,-0.119886
0.151243,0.021355,0.450255,-0.080046
0.226378,0.039591,0.182474,-0.124407
-0.106190,-0.003567,-0.257931,-0.088040
-0.139165,-0.005930,-0.225547,-0.085086
-0.122194,-0.039355,-0.017147,-0.271226
0.173831,0.056622,0.125492,0.185632
-0.295295,0.131935,-0.055167,-0.026869
-0.197115,0.140990,-0.117945,-0.039268
-0.159377,0.122213,-0.115827,-0.079541
-0.177021,0.069358,-0.127998,-0.095773
-0.259511,0.008047,-0.070379,-0.085602
-0.251715,0.014091,0.217565,-0.170042
-0.135364,0.011309,0.518092,-0.119612
-0.303131,-0.027274,0.241911,-0.247406
-0.340529,-0.017091,0.044700,-0.142353
-0.144111,-0.044445,0.331511,-0.113972
0.072708,-0.007872,0.465961,0.009946
0.147715,-0.011103,0.366655,0.040100
0.304623,-0.017737,0.214391,0.042645
0.230436,0.071281,0.068660,0.172566
0.205867,0.278226,-0.183396,-0.071421
0.130802,0.321189,-0.005087,-0.103210
0.088358,0.249084,-0.010181,-0.143214
-0.000052,0.128240,-0.044138,-0.172144
-0.199050,-0.013405,-0.043282,-0.129628
-0.060785,0.044179,0.464552,-0.126246
-0.110594,0.026694,0.477769,-0.085813
-0.366202,-0.012387,-0.026338,-0.050673
-0.369146,-0.011296,-0.034827,-0.040425
-0.200116,0.005921,0.424021,-0.013928
-0.071400,-0.009015,0.533981,0.067759
-0.280582,-0.076920,0.021840,-0.005907
-0.319206,-0.024027,-0.124397,0.011904
-0.207388,-0.078043,0.035809,-0.012520
0.152587,-0.014882,0.389665,0.006263
0.230243,-0.004046,0.275062,0.015057
0.160785,0.038697,0.145915,0.195490
-0.373735,0.055383,0.039417,-0.093879
-0.329810,0.030517,-0.043579,-0.109792
-0.325890,-0.003263,0.027708,-0.151639
-0.186166,0.001089,0.467769,-0.228507
-0.063932,0.018565,0.559533,-0.173566
-0.199252,-0.022994,0.102199,-0.331664
-0.200569,-0.010518,-0.035964,-0.208526
0.126043,-0.026840,0.314515,-0.064833
0.229014,-0.015492,0.321100,0.007035
0.103044,-0.047725,-0.032548,0.104155
-0.129746,-0.010557,-0.369479,0.054054
-0.190332,-0.008789,-0.312436,0.055829
-0.300682,-0.019402,-0.182386,0.046743
0.075886,-0.020132,0.338377,0.142701
0.170509,-0.018291,0.356649,0.034383
0.217816,0.071516,0.078983,0.174390
0.237311,0.291985,-0.172464,0.014072
0.139412,0.352891,-0.026314,0.018968
0.142349,0.356643,-0.023349,0.010996
0.146383,0.358847,-0.016538,-0.030814
0.135450,0.333746,-0.007043,-0.088351
0.104020,0.276802,-0.005955,-0.122021
0.038759,0.182287,-0.027820,-0.147543
-0.058228,0.054606,-0.071386,-0.161490
-0.215075,-0.036857,-0.052709,-0.111364
-0.042997,0.036060,0.505534,-0.075741
-0.135147,0.011677,0.483247,-0.043797
-0.380909,-0.014122,-0.027811,-0.032704
-0.376010,-0.012272,-0.036213,-0.031189
-0.212547,-0.000480,0.412726,-0.025991
-0.091993,-0.009061,0.509137,0.013092
-0.309372,-0.024785,-0.029561,-0.091518
-0.279390,-0.028623,-0.036399,-0.109182
0.092522,-0.009197,0.463300,-0.003996
0.164801,-0.007836,0.385043,0.000030
0.325420,-0.014735,0.229176,0.003880
-0.018461,-0.074264,-0.320839,-0.033027
0.236477,0.076766,0.057327,0.172387
0.205888,0.314140,-0.140634,-0.032914
0.137635,0.343066,-0.009314,-0.073595
0.108013,0.287008,-0.004990,-0.129881
0.043174,0.191166,-0.025288,-0.158604
-0.058970,0.056232,-0.070044,-0.173623
-0.215046,-0.038007,-0.050003,-0.121968
-0.062750,0.036581,0.461752,-0.086191
-0.139531,0.013631,0.467255,-0.044212
-0.378219,-0.013045,-0.034863,-0.029432
-0.374354,-0.011486,-0.042297,-0.027547
-0.236375,-0.003109,0.380077,-0.028634
-0.127875,-0.012846,0.477106,0.008900
-0.326953,-0.023373,-0.038323,-0.066999
-0.305125,-0.023164,-0.048181,-0.079090
0.073807,-0.009581,0.479966,-0.004105
0.151058,-0.008412,0.394330,0.005547
0.316946,-0.012426,0.241610,-0.002830
-0.051911,-0.038552,-0.328780,-0.036485
-0.094832,-0.020427,-0.324825,-0.015644
0.262036,-0.015001,0.228249,0.065533
0.264603,-0.016760,0.244120,0.051960
0.235233,0.075302,0.060096,0.172326
0.208809,0.305078,-0.152249,-0.042872
0.137730,0.339264,-0.008234,-0.081494
0.095986,0.263625,-0.008079,-0.159343
0.009459,0.142698,-0.039197,-0.188454
-0.189644,-0.006393,-0.038907,-0.147392
-0.054151,0.043647,0.477232,-0.141160
-0.114096,0.025649,0.476985,-0.083016
-0.367279,-0.012467,-0.026512,-0.049345
-0.366771,-0.011141,-0.033760,-0.044024
-0.195710,0.006674,0.430471,0.000428
-0.079168,-0.010080,0.524966,0.080834
-0.322807,-0.061189,-0.027821,-0.018485
-0.284127,-0.080881,-0.031331,-0.015715
0.080882,-0.008450,0.419323,0.051967
0.150930,-0.006046,0.380667,0.017124
0.330036,-0.013838,0.226928,0.000654
-0.012389,-0.048442,-0.318464,-0.076215
0.283626,0.082656,0.004575,0.172198
0.149014,0.361859,-0.019970,-0.010226
0.146534,0.352005,-0.011805,-0.061430
0.121376,0.301740,-0.004576,-0.130147
0.068824,0.219164,-0.017081,-0.154817
-0.031649,0.085405,-0.058745,-0.178909
-0.210927,-0.030541,-0.043149,-0.130598
-0.063413,0.036165,0.457647,-0.136289
-0.092572,0.033629,0.476580,-0.104269
-0.353475,-0.010260,-0.025817,-0.066094
-0.365509,-0.010022,-0.035165,-0.045006
-0.224161,-0.002371,0.390056,-0.061766
-0.068815,-0.012498,0.542578,0.035646
-0.252913,-0.036821,0.048786,0.004797
-0.314642,-0.024496,-0.131010,0.014427
-0.152500,-0.067805,0.085261,0.061598
0.141175,-0.016615,0.381610,0.033636
0.222952,-0.011230,0.274405,0.041032
0.238883,0.070538,0.062159,0.171408
0.193624,0.276571,-0.171531,-0.082506
0.121484,0.305175,-0.004274,-0.118861
0.062208,0.212358,-0.018892,-0.164341
-0.047959,0.065828,-0.065062,-0.193034
-0.210500,-0.035242,-0.049126,-0.127262
-0.081940,0.030672,0.422157,-0.153636
-0.108924,0.026843,0.485316,-0.070761
-0.360716,-0.010382,-0.039420,-0.045128
-0.360172,-0.009652,-0.040421,-0.045457
-0.255542,-0.007678,0.343755,-0.090443
-0.030378,-0.004399,0.584139,-0.017581
0.040011,-0.006625,0.515435,-0.008916
0.138492,-0.021048,0.242094,0.082260
-0.176194,-0.013836,-0.263784,-0.001915
-0.204864,-0.011123,-0.239522,-0.000220
0.009582,-0.036337,0.154159,0.160476
0.144001,-0.020227,0.248076,0.164182
-0.191408,-0.018320,-0.283604,0.037604
-0.212725,-0.013455,-0.221237,-0.008311
-0.146134,-0.056009,0.048103,-0.116667
0.198545,-0.016534,0.364500,-0.004137
0.263128,0.068174,0.042829,0.168963
0.104316,0.208984,-0.139488,-0.212191
-0.021395,0.097616,-0.050200,-0.269100
-0.191098,-0.031902,-0.031516,-0.187917
-0.169449,-0.028189,0.291717,-0.350675
-0.015788,0.014055,0.604655,-0.068826
-0.014016,-0.001417,0.604217,-0.054084
-0.033787,-0.026991,0.486906,-0.123430
-0.167171,0.000215,0.050518,-0.204425
-0.218356,-0.010122,-0.137217,-0.088422
0.121239,-0.003735,0.237259,0.132035
0.173136,-0.016525,0.249965,0.136569
-0.169926,-0.033515,-0.323472,0.071187
-0.194341,-0.019910,-0.304193,0.062716
0.125932,-0.021207,0.225993,0.159426
0.216948,-0.016844,0.280800,0.058266
0.168017,0.053987,0.131306,0.187992
-0.331495,0.110734,-0.040394,-0.031132
-0.267160,0.099154,-0.106289,-0.046021
-0.241739,0.075375,-0.101990,-0.075923
-0.316951,0.028492,-0.052147,-0.088298
-0.244568,0.011832,0.300222,-0.155145
-0.094728,0.006333,0.582745,-0.100156
-0.250348,-0.025193,0.325566,-0.245491
-0.258216,-0.047959,0.101565,-0.226010
0.073715,-0.011528,0.385551,0.001502
0.040494,-0.032876,0.164042,0.018748
-0.191933,-0.012719,-0.234677,-0.016399
-0.214006,-0.011455,-0.215241,-0.015026
-0.247392,-0.054653,-0.039826,-0.095870
0.116925,-0.010420,0.420381,0.016308
0.173361,-0.008244,0.369369,0.008034
0.348313,-0.014901,0.207842,0.002573
0.011241,-0.060274,-0.325049,-0.081287
0.223352,0.073122,0.072643,0.173679
0.351186,0.236553,-0.205755,0.008141
0.231293,0.309214,-0.033142,0.010964
0.220756,0.325581,-0.019614,-0.020145
0.222723,0.330560,-0.011482,-0.068775
0.214086,0.305105,-0.000742,-0.123463
0.178239,0.237009,-0.003670,-0.161796
0.091331,0.116640,-0.039469,-0.192877
0.019308,0.024541,-0.053830,-0.202725
-0.154825,-0.045773,-0.036655,-0.161165
-0.128230,-0.024189,0.348191,-0.228444
-0.059824,0.029219,0.473256,-0.102473
-0.342810,-0.008195,-0.049209,-0.055248
-0.368093,-0.008170,-0.054251,-0.025102
-0.194629,0.005764,0.431027,0.070213
-0.102598,-0.004622,0.531813,0.103649
-0.381500,-0.046608,-0.029985,0.017435
-0.351774,-0.059833,-0.035810,0.017375
0.023511,-0.008845,0.460312,0.068447
0.119364,-0.005870,0.399121,0.030466
0.294505,-0.014199,0.252317,0.011088
0.223266,0.073098,0.072742,0.173689
0.350894,0.236691,-0.205781,0.008075
0.231341,0.320306,-0.029955,-0.012579
0.221552,0.331701,-0.012707,-0.062442
0.214830,0.310864,-0.001893,-0.116121
0.185794,0.251486,-0.001744,-0.151521
0.111563,0.144728,-0.029078,-0.179692
0.029447,0.039204,-0.055026,-0.197093
-0.148193,-0.034777,-0.045922,-0.139440
-0.044376,0.020276,0.472246,-0.034690
-0.091133,0.020625,0.498238,-0.025744
-0.357942,-0.011835,-0.044409,-0.041237
-0.363759,-0.010713,-0.050229,-0.030937
-0.206599,0.006102,0.420249,0.049568
-0.106956,-0.004692,0.533971,0.079281
-0.372291,-0.035408,-0.034780,-0.012891
-0.333676,-0.027231,-0.039059,-0.055656
0.035056,-0.006411,0.526386,-0.022275
0.130857,-0.008040,0.423189,-0.003727
0.289264,-0.015207,0.252445,0.017287
0.153497,0.061235,0.134900,0.191146
-0.336572,0.122783,-0.039919,-0.013806
-0.280347,0.110912,-0.114470,-0.031481
-0.242462,0.106803,-0.101632,-0.059744
-0.235940,0.080186,-0.100263,-0.070779
-0.316558,0.029231,-0.052710,-0.084078
-0.246023,0.011167,0.302149,-0.148104
-0.111790,0.001840,0.565735,-0.100762
-0.258646,-0.026627,0.321412,-0.245300
-0.265714,-0.042509,0.096978,-0.234585
0.044968,-0.012437,0.362463,-0.028732
0.001152,-0.038326,0.138874,-0.004854
-0.199808,-0.013230,-0.225824,-0.016866
-0.216364,-0.011272,-0.213397,-0.014695
-0.259455,-0.048852,-0.041435,-0.093044
0.107839,-0.009711,0.428373,0.016588
0.169992,-0.008349,0.371809,0.009081
0.344280,-0.015079,0.212517,0.002091
0.003718,-0.057419,-0.327389,-0.074481
0.223311,0.073097,0.072705,0.173682
0.342557,0.240898,-0.212763,-0.020933
0.237851,0.327955,-0.024052,-0.065082
0.217114,0.312350,-0.002877,-0.106914
0.198277,0.268772,-0.000435,-0.121527
0.143495,0.183730,-0.016429,-0.154733
0.055021,0.067154,-0.057924,-0.175426
-0.138052,-0.024917,-0.046062,-0.149248
-0.032800,0.025967,0.497554,-0.071858
-0.092658,0.016876,0.511312,-0.020897
-0.382048,-0.014124,-0.039019,-0.019995
-0.380288,-0.012432,-0.043881,-0.018990
-0.212237,-0.000979,0.419441,0.003518
-0.138251,-0.008767,0.491118,0.028781
-0.351550,-0.026113,-0.035460,-0.042546
-0.330587,-0.026583,-0.045784,-0.052670
0.033639,-0.009251,0.501921,0.011640
0.126333,-0.007751,0.409643,0.014608
0.296513,-0.011876,0.240045,0.018742
0.131288,0.040539,0.150432,0.213757
-0.203109,0.052945,0.430522,-0.019326
-0.428764,0.051222,-0.029066,-0.046943
-0.418974,0.050227,-0.042495,-0.044080
-0.202310,0.092768,0.398693,-0.076690
-0.041644,0.066031,0.503244,-0.028357
-0.283883,0.053550,-0.012810,-0.153027
-0.295520,0.036059,-0.137537,-0.058722
-0.264321,0.030524,-0.037289,-0.154136
0.141402,0.043430,0.366097,-0.027249
0.177951,0.058595,0.231479,-0.024825
-0.160852,0.012507,-0.258356,-0.049028
-0.189246,0.005826,-0.224137,-0.048170
-0.159255,-0.040585,-0.007695,-0.190333
0.225747,-0.007950,0.348365,-0.026034
0.293883,-0.000513,0.256340,-0.012803
-0.096274,-0.013920,-0.307527,-0.038007
-0.138206,-0.009644,-0.260323,-0.047555
0.123176,-0.010828,0.164146,-0.062104
-0.306987,0.054427,-0.382557,0.188165
-0.230223,-0.061868,0.126329,-0.061296
-0.073864,-0.035726,0.087998,-0.114811
0.070470,-0.007393,0.076159,-0.142448
0.122945,0.011666,0.077270,-0.141543
0.262169,0.028089,0.063469,-0.124168
0.193946,-0.033712,-0.239863,-0.190728
0.130542,-0.016453,-0.436393,-0.102464
0.137113,-0.018711,-0.518962,-0.048038
0.138254,-0.029363,-0.508023,-0.041085
0.507530,-0.002744,0.012321,0.015112
0.503328,-0.003248,0.026176,0.007726
0.090821,-0.025329,-0.479760,-0.041459
0.024021,-0.016092,-0.431804,-0.031853
-0.068022,-0.031434,-0.340621,-0.015650
-0.307979,0.052239,-0.377179,0.186040
0.022342,-0.164985,0.037562,0.010496
-0.039393,-0.105260,0.097277,-0.044428
-0.028623,-0.077245,0.095417,-0.073709
-0.015832,-0.052556,0.095103,-0.076648
0.001904,-0.029492,0.097484,-0.076745
0.014598,-0.014532,0.094359,-0.078733
0.152863,-0.005188,0.095674,-0.064412
0.235468,-0.101221,-0.116719,-0.074872
0.143363,-0.030907,-0.385763,-0.096229
0.184912,0.003928,-0.453051,-0.104167
0.157367,-0.013924,-0.535625,-0.058743
0.133859,-0.018359,-0.495594,-0.072649
0.492062,0.009579,0.062602,-0.033986
0.480044,0.001022,0.089869,-0.033007
0.058667,-0.024256,-0.438403,-0.051736
-0.003186,-0.011245,-0.408143,-0.033155
-0.019103,-0.065498,-0.221527,-0.107616
-0.287830,0.057438,-0.401380,0.184206
0.203720,-0.131382,-0.050969,-0.034140
0.277637,-0.037123,0.102400,-0.071466
0.383112,-0.035476,-0.012591,-0.121899
0.184289,0.023697,-0.481413,-0.150512
0.162325,-0.012096,-0.516465,-0.089181
0.154042,-0.015928,-0.371716,-0.219494
0.476573,0.015306,0.151196,-0.106476
0.468720,-0.002559,0.153406,-0.078516
0.089777,-0.046982,-0.382804,-0.115708
0.003136,-0.027446,-0.411872,-0.019546
0.353746,-0.016497,0.155848,0.050181
0.341587,-0.016844,0.152236,0.066945
-0.058060,-0.042557,-0.403868,0.048758
-0.264887,0.064714,-0.422707,0.175662
0.132428,0.016083,-0.401317,-0.088556
0.311469,0.008672,-0.259938,-0.114648
0.300534,0.094916,-0.323759,-0.172097
0.189781,0.041838,-0.424541,-0.247817
0.183663,-0.006403,-0.288982,-0.339260
0.470029,0.013714,0.188859,-0.135549
0.464696,-0.004468,0.181960,-0.101075
0.175998,-0.060880,-0.274640,-0.293192
0.088153,-0.041895,-0.333986,-0.167998
0.409372,-0.014219,0.192273,-0.046692
0.392375,-0.012096,0.168071,-0.005465
0.140191,-0.084832,-0.297499,-0.011964
-0.012909,-0.074350,-0.399990,0.039745
0.306311,-0.013275,0.162756,0.088277
0.316796,-0.013197,0.158001,0.082493
0.086662,-0.087749,-0.297042,0.132322
-0.078084,-0.051796,-0.391538,0.065738
0.065707,-0.040730,0.007471,0.382357
0.126761,-0.143051,-0.258562,-0.085788
0.132830,0.033636,-0.476667,-0.099908
0.179824,0.034905,-0.508136,-0.136903
0.141280,0.004258,-0.497547,-0.103232
0.245978,0.050173,-0.179376,-0.268521
0.451145,0.032726,0.148718,-0.102792
0.123261,-0.044093,-0.253615,-0.280736
0.050853,-0.030382,-0.288268,-0.187931
0.379234,-0.007954,0.229299,-0.058428
0.369021,-0.010921,0.206265,-0.021135
0.428041,-0.008850,0.035497,0.077609
-0.031127,-0.013720,-0.431057,0.020176
-0.095767,-0.012792,-0.376279,0.029109
-0.187224,-0.015480,-0.273234,0.020210
0.147721,-0.019088,0.256760,0.127220
0.216132,-0.018107,0.268142,0.076889
-0.319216,0.050489,-0.363460,0.185529
-0.279483,-0.105547,0.141533,0.040059
-0.167107,-0.109837,0.076926,-0.006548
-0.086609,-0.102052,0.051758,-0.050181
-0.044137,-0.071825,0.059292,-0.101191
0.017883,-0.031130,0.071377,-0.157360
0.095526,0.001606,0.073391,-0.220977
0.155750,0.024178,0.073887,-0.265480
0.188201,0.047784,0.076094,-0.267432
0.287529,0.051825,0.054077,-0.218536
0.247679,0.065330,-0.172603,-0.259948
0.134575,0.010933,-0.411329,-0.163128
0.117986,-0.005348,-0.495029,-0.072658
0.104268,-0.020921,-0.493176,-0.045540
0.505312,-0.010448,0.008206,0.032959
0.496463,-0.013676,0.020556,0.033175
0.047107,-0.029669,-0.493290,0.020126
-0.033354,-0.015366,-0.460139,0.053132
-0.048772,-0.066356,-0.309226,0.097425
0.251580,-0.014755,0.213218,0.093980
0.277889,-0.014056,0.194124,0.086125
0.277352,-0.016757,-0.030487,0.300099
-0.307971,0.054981,-0.382477,0.188325
-0.069383,-0.046297,0.089827,-0.086537
-0.150449,-0.032308,0.107878,-0.147833
0.100526,0.005040,0.077226,-0.161133
0.252029,0.024907,0.065218,-0.143993
0.177396,-0.033217,-0.245124,-0.223364
0.134201,-0.010921,-0.416817,-0.149708
0.149811,-0.011663,-0.496750,-0.094691
0.141503,-0.022510,-0.502585,-0.071494
0.514286,-0.003262,0.012285,0.009659
0.504259,-0.005011,0.018186,0.018547
0.069382,-0.033880,-0.504987,0.013758
-0.023337,-0.022970,-0.456396,0.046975
-0.113622,-0.053954,-0.355284,0.067224
-0.271886,0.064846,-0.407146,0.172545
0.087696,0.031738,-0.424441,-0.007874
0.224557,0.078502,-0.352423,-0.075439
0.228559,0.156082,-0.394436,-0.077590
0.234640,0.183180,-0.376548,-0.091113
0.057310,0.064681,-0.461305,-0.112041
-0.047271,0.047478,-0.382955,-0.072797
0.145145,0.148866,0.051777,-0.101410
0.235326,0.073289,0.141810,-0.059181
-0.096694,0.016737,-0.320198,-0.055573
-0.141254,0.005573,-0.256844,-0.063203
-0.211379,-0.007312,-0.104551,-0.132465
0.207182,-0.005616,0.385983,-0.047953
0.266742,-0.011707,0.332475,-0.044312
0.362655,0.013725,0.196739,-0.033868
-0.301578,0.053715,-0.385106,0.185885
0.103280,-0.139683,0.027326,-0.006163
0.067797,-0.106808,0.107104,-0.056895
0.115209,-0.075502,0.115296,-0.107170
0.290083,-0.038984,0.094786,-0.129421
0.251301,-0.030024,-0.254962,-0.193994
0.173478,0.002387,-0.494634,-0.127380
0.183835,-0.007117,-0.468683,-0.159666
0.512276,0.021115,0.026604,-0.084690
0.511496,0.011052,0.041746,-0.046360
0.079886,-0.026158,-0.470740,-0.038717
0.014943,-0.013050,-0.428835,-0.028785
-0.053207,-0.038321,-0.319456,-0.044744
0.290338,-0.015364,0.242752,0.025947
0.288807,-0.015848,0.210660,0.060427
0.293917,-0.015738,0.003537,0.261256
-0.297531,0.054798,-0.390078,0.185593
0.146553,-0.125894,0.017201,-0.012445
0.121342,-0.098032,0.101585,-0.062902
0.281701,-0.058652,0.064216,-0.113495
0.204772,0.002094,-0.341210,-0.191339
0.173940,0.013072,-0.512731,-0.117620
0.158110,-0.008749,-0.501642,-0.102827
0.403114,0.067117,-0.077610,-0.174693
0.313564,0.000242,-0.116801,-0.243252
0.057735,-0.013566,-0.409295,-0.090602
-0.045776,-0.012560,-0.323074,-0.074318
-0.142165,-0.014653,-0.254702,-0.044207
0.212800,-0.017810,0.258497,0.069379
0.236777,-0.015734,0.256369,0.066195
-0.129189,-0.060768,-0.334395,0.068752
-0.158225,-0.034231,-0.340409,0.077137
-0.297366,0.056942,-0.395307,0.188516
-0.197239,-0.025834,0.114126,-0.167624
0.007551,-0.005675,0.073491,-0.219516
0.166149,0.024732,0.077723,-0.200846
0.290342,0.047716,0.063456,-0.159177
0.269482,0.017721,-0.171429,-0.172717
0.140423,-0.006974,-0.429144,-0.110827
0.137146,-0.014569,-0.504879,-0.059342
0.143797,-0.031622,-0.480177,-0.064520
0.510901,-0.004870,0.019374,0.013179
0.507601,-0.005201,0.019350,0.014694
0.085565,-0.031240,-0.502045,-0.008008
0.012864,-0.016445,-0.446387,-0.005759
-0.049732,-0.043475,-0.338655,-0.023865
0.289305,-0.016880,0.232397,0.039085
-0.329010,0.052183,-0.357591,0.186230
-0.183299,-0.107355,0.093712,0.047718
-0.104929,-0.116119,0.051697,0.013854
-0.090653,-0.106450,0.052528,-0.031513
-0.056944,-0.082184,0.057418,-0.082490
-0.002207,-0.044036,0.068465,-0.136634
0.062619,-0.010989,0.075367,-0.171484
0.121900,0.010297,0.076855,-0.172728
0.263966,0.030866,0.066177,-0.151614
0.191550,-0.024094,-0.240842,-0.219346
0.132333,-0.012981,-0.433745,-0.115400
0.142954,-0.014178,-0.505179,-0.072229
0.145952,-0.022612,-0.501712,-0.076391
0.523115,0.001318,0.020274,-0.019516
0.507359,-0.004991,0.025486,0.009381
0.069298,-0.035854,-0.503703,0.014531
-0.005052,-0.019836,-0.450478,0.019638
-0.073757,-0.043899,-0.354015,0.015944
-0.302991,0.055689,-0.388234,0.188458
-0.231431,-0.058059,0.127369,-0.058892
-0.075464,-0.038638,0.094618,-0.054556
0.027598,-0.023580,0.079607,-0.055449
0.149824,-0.036160,0.025391,-0.095017
0.143090,-0.090143,-0.235764,-0.167697
0.119353,-0.019339,-0.410902,-0.126919
0.157197,-0.009390,-0.490978,-0.108537
0.168736,-0.018115,-0.493515,-0.111177
0.520820,0.003566,0.019550,-0.027587
0.513102,0.000906,0.026942,-0.013987
0.089205,-0.025751,-0.481413,-0.037768
0.022255,-0.014703,-0.434308,-0.028972
-0.060381,-0.033485,-0.339807,-0.022055
0.291169,-0.016092,0.233236,0.035361
0.302351,-0.015874,0.214825,0.042701
-0.011173,-0.084793,-0.297881,-0.023605
-0.286555,0.057863,-0.404508,0.185806
0.016487,-0.067791,0.105612,-0.062310
-0.109809,-0.025972,0.091891,-0.079444
-0.109007,-0.028298,0.099540,-0.080225
-0.031435,-0.013507,0.093174,-0.068617
0.090382,0.003858,0.078969,-0.059281
0.221004,0.009448,0.048210,-0.052339
0.188801,-0.095691,-0.221187,-0.084263
0.121888,-0.025281,-0.421911,-0.079475
0.145606,-0.008047,-0.511142,-0.070326
0.198230,0.005097,-0.461200,-0.111203
0.515094,0.003849,0.021425,-0.018473
0.510974,0.001529,0.035714,-0.019670
0.103200,-0.029723,-0.497270,-0.031932
0.029492,-0.022448,-0.453899,-0.008873
-0.027823,-0.055327,-0.317711,-0.054077
-0.323126,0.054061,-0.366323,0.187057
-0.152284,-0.073443,0.100810,-0.022556
-0.022386,-0.056754,0.068727,-0.067178
0.018080,-0.030761,0.075419,-0.106915
0.051942,-0.014237,0.077074,-0.103352
0.090795,0.001548,0.076801,-0.101962
0.238562,0.016162,0.057016,-0.088675
0.185980,-0.071983,-0.234266,-0.140074
0.124753,-0.020287,-0.428603,-0.108141
0.145510,-0.013200,-0.510735,-0.073654
0.159745,-0.020639,-0.499940,-0.093393
0.519400,0.008552,0.008695,-0.038276
0.508511,-0.002794,0.032381,-0.003818
0.083173,-0.030394,-0.492713,-0.015793
0.012512,-0.015198,-0.440831,-0.012211
-0.052962,-0.037924,-0.334167,-0.030675
0.297664,-0.015103,0.242498,0.018578
0.303147,-0.015904,0.206449,0.050368
0.235233,-0.027510,-0.067128,0.227520
-0.290677,0.056809,-0.399168,0.185687
0.186505,-0.111328,0.005328,-0.020687
0.249242,-0.071490,0.031163,-0.031847
0.177465,0.012317,-0.363875,-0.121016
0.180263,0.040857,-0.508769,-0.118469
0.156135,0.011758,-0.503943,-0.117953
0.210283,0.034501,-0.260213,-0.273556
0.448498,0.004145,0.178051,-0.090122
0.451289,-0.003927,0.175807,-0.080735
0.228422,-0.053531,-0.227572,-0.218309
0.078766,-0.064063,-0.349208,-0.120751
0.379326,-0.014204,0.158998,0.019760
0.365143,-0.014100,0.148548,0.044396
0.279284,-0.023156,-0.162393,0.153627
-0.013325,-0.021252,-0.450912,0.029761
-0.100181,-0.020526,-0.323274,-0.011747
-0.201722,-0.009699,-0.218982,-0.025325
-0.269471,-0.030727,-0.062933,-0.092273
0.127836,-0.011078,0.428842,-0.003436
0.186200,-0.010130,0.368436,-0.001591
0.338521,-0.011411,0.222370,-0.006142
-0.290773,0.056535,-0.397177,0.183867
0.187733,-0.140685,-0.053992,-0.030118
0.259418,-0.047218,0.099801,-0.068955
0.362740,-0.047619,-0.018568,-0.113609
0.184015,0.036728,-0.475179,-0.130227
0.157022,-0.004487,-0.534753,-0.072700
0.103006,-0.011910,-0.464965,-0.081857
-0.013288,-0.008192,-0.350480,-0.083768
0.258707,0.012582,0.110634,-0.170280
0.366415,0.013344,0.212976,-0.055407
-0.300481,0.053494,-0.384479,0.184203
0.100301,-0.155151,-0.015275,0.033401
0.070028,-0.143906,0.073068,-0.013478
0.127556,-0.112703,0.091591,-0.062851
0.262166,-0.087350,0.021603,-0.106055
0.182593,0.020533,-0.373712,-0.142182
0.184621,0.047997,-0.511407,-0.104022
0.155809,0.020377,-0.506341,-0.119855
0.299255,0.130630,-0.167430,-0.166283
0.112592,-0.001865,-0.286454,-0.241632
0.007411,-0.015868,-0.344452,-0.102817
0.379656,0.015007,0.214663,-0.068397
-0.317712,0.055798,-0.374100,0.187368
-0.108242,-0.046423,0.092221,-0.099674
0.048406,-0.017066,0.076106,-0.134845
0.103002,0.005109,0.077507,-0.143374
0.251791,0.022729,0.063917,-0.121754
0.205920,-0.043846,-0.210751,-0.186103
0.124529,-0.012642,-0.430453,-0.127004
0.152053,-0.012237,-0.492095,-0.100837
0.151815,-0.020745,-0.498201,-0.087778
0.522415,0.002171,0.012380,-0.016162
0.513120,-0.001344,0.026903,-0.006626
0.074383,-0.032128,-0.498942,0.000960
-0.010076,-0.021508,-0.459327,0.035183
-0.088503,-0.055773,-0.355050,0.043640
-0.298426,0.054146,-0.387270,0.184227
0.109129,-0.153452,-0.023432,0.034956
0.091060,-0.132382,0.075295,-0.008726
0.149597,-0.102200,0.093408,-0.058015
0.277872,-0.085542,0.009827,-0.113725
0.185999,0.026769,-0.395668,-0.163246
0.168624,0.020181,-0.526706,-0.105196
0.136042,0.001301,-0.506006,-0.086700
0.107527,0.001899,-0.327503,-0.231939
0.425664,0.014176,0.188020,-0.089146
0.432731,-0.001235,0.199203,-0.089077
0.102217,-0.042453,-0.309067,-0.206408
0.022310,-0.032669,-0.349860,-0.095508
0.366454,-0.011275,0.204732,-0.016865
0.360703,-0.013662,0.176425,0.020298
0.005822,-0.076391,-0.377879,0.003178
-0.069010,-0.047121,-0.383910,0.044316
-0.280012,0.060640,-0.403657,0.177141
0.130796,-0.129432,-0.296959,-0.017381
0.330020,-0.067575,-0.122600,-0.054372
0.217850,0.088642,-0.405702,-0.136676
0.167321,0.056397,-0.504692,-0.137432
0.090250,0.023948,-0.473770,-0.095720
0.036658,0.025732,-0.291660,-0.219589
0.381411,0.014426,0.224689,-0.079692
0.403441,-0.001880,0.218376,-0.077585
0.098552,-0.040878,-0.264595,-0.247485
0.027133,-0.029496,-0.297457,-0.155908
0.384708,0.002379,0.230087,-0.075616
0.382110,-0.011176,0.221111,-0.049143
0.311944,-0.021522,-0.056974,-0.003262
-0.037387,-0.011441,-0.427111,0.020211
-0.117201,-0.012459,-0.371888,0.045820
-0.213948,-0.015977,-0.264688,0.038884
0.112174,-0.020215,0.249174,0.171772
0.186990,-0.019952,0.264559,0.111354
-0.297459,0.057365,-0.395782,0.188393
0.095452,-0.028308,0.100623,-0.182907
0.161396,-0.007873,0.090639,-0.241017
0.206266,0.023620,0.092224,-0.251058
0.373682,0.065539,0.123776,-0.170573
0.334797,0.055253,-0.140189,-0.206024
0.124851,-0.003242,-0.501922,-0.075121
0.135930,-0.015757,-0.540254,-0.035646
0.081714,-0.025079,-0.501746,-0.010617
0.451127,-0.016517,0.016582,0.086084
0.410932,-0.020914,0.026974,0.125809
-0.036435,-0.034469,-0.472385,0.087562
-0.104618,-0.016777,-0.432748,0.098415
-0.213590,-0.029849,-0.315048,0.102759
0.153734,-0.014754,0.224912,0.177893
0.225431,-0.011798,0.263971,0.065937
-0.142856,-0.021153,-0.299059,0.007349
-0.172650,-0.005924,-0.290469,0.013315
0.221758,-0.006741,0.271779,0.043513
0.287933,-0.004988,0.284652,-0.028055
-0.079776,-0.017628,-0.239709,-0.118615
-0.318026,0.055720,-0.373689,0.187361
-0.108180,-0.047493,0.092286,-0.095155
0.048471,-0.017197,0.076178,-0.139069
0.113084,0.007742,0.077287,-0.172792
0.259130,0.026617,0.066544,-0.144033
0.224754,-0.036517,-0.200584,-0.165218
0.121058,-0.016713,-0.450409,-0.084069
0.138903,-0.018000,-0.517507,-0.048881
0.146495,-0.025123,-0.505741,-0.055769
0.510840,-0.001787,0.019827,0.002883
0.506195,-0.002142,0.026310,0.001615
0.091886,-0.030992,-0.495830,-0.020791
0.022304,-0.018268,-0.444430,-0.015333
-0.064109,-0.030241,-0.336620,-0.024757
0.057498,-0.047959,0.004880,0.384590
0.111446,-0.176563,-0.248070,-0.011841
0.102686,0.043889,-0.457432,-0.060135
0.193684,0.089799,-0.480801,-0.094942
0.140780,0.042385,-0.515180,-0.110862
0.057463,0.016238,-0.448967,-0.080422
-0.032380,0.017242,-0.290474,-0.149941
0.348232,0.019794,0.245452,-0.077376
0.378960,0.001571,0.236759,-0.075406
0.036291,-0.031805,-0.269847,-0.190338
-0.305459,0.055274,-0.385300,0.188403
-0.243705,-0.052657,0.131395,-0.091870
-0.011541,-0.018397,0.083494,-0.145338
0.113156,0.007805,0.077591,-0.163584
0.259819,0.026521,0.066858,-0.144645
0.212508,-0.025829,-0.209018,-0.223204
0.135858,-0.009514,-0.417926,-0.152252
0.150139,-0.010720,-0.494161,-0.098805
0.141173,-0.021454,-0.500852,-0.074109
0.516582,-0.003285,0.019966,0.001508
0.510088,-0.003626,0.026229,0.003021
0.073211,-0.030247,-0.495835,-0.002857
-0.012754,-0.019084,-0.455765,0.031876
-0.095701,-0.063672,-0.354809,0.058658
-0.291763,0.056442,-0.397334,0.185279
0.187191,-0.120216,-0.007634,-0.031708
0.209396,-0.059438,0.114172,-0.077829
0.339804,-0.042258,0.029491,-0.112429
0.198937,0.018513,-0.414908,-0.162724
0.163389,-0.005954,-0.535378,-0.075893
0.138478,-0.012914,-0.513368,-0.067877
0.126792,-0.000806,-0.330618,-0.149700
0.404407,-0.004113,0.160327,-0.017535
0.410245,-0.007070,0.158310,-0.018011
0.125048,-0.046320,-0.307063,-0.160747
0.016183,-0.040355,-0.365267,-0.066280
-0.305809,0.054502,-0.383766,0.188136
-0.210045,-0.054628,0.117897,-0.073564
-0.110156,-0.039768,0.094675,-0.115293
0.054521,-0.013442,0.076559,-0.110218
0.094394,0.002882,0.076785,-0.103875
0.240320,0.018922,0.057591,-0.090480
0.174348,-0.067204,-0.250459,-0.147823
0.124521,-0.022203,-0.434757,-0.089126
0.145077,-0.011032,-0.515123,-0.048691
0.157042,-0.004352,-0.509271,-0.029246
0.495698,0.002857,0.011209,0.024108
0.488341,0.002848,0.019010,0.023400
0.091630,-0.029483,-0.516398,-0.001467
0.018124,-0.016926,-0.455107,-0.001819
-0.083417,-0.015135,-0.343587,-0.013588
0.307501,0.009370,0.241729,-0.030315
0.344693,0.002801,0.247440,-0.053039
-0.293730,0.056112,-0.395934,0.186325
0.190928,-0.101956,0.036943,-0.061618
0.277188,-0.059006,0.065522,-0.113046
0.195431,-0.000362,-0.348326,-0.185241
0.173105,0.013265,-0.513236,-0.113613
0.158514,-0.009085,-0.503188,-0.101076
0.457820,0.063680,-0.021956,-0.124727
0.375772,0.026874,-0.064357,-0.186093
0.058541,-0.012808,-0.419201,-0.082260
-0.038191,-0.014732,-0.346934,-0.055871
-0.139856,-0.014338,-0.273964,-0.027570
0.202189,-0.018596,0.235298,0.105263
0.227993,-0.018000,0.247970,0.085932
-0.130581,-0.047232,-0.335796,0.057890
-0.308275,0.057621,-0.385413,0.187158
-0.079639,-0.021898,0.086390,-0.182392
0.125142,0.010003,0.074967,-0.210913
0.174402,0.031532,0.078370,-0.219411
0.297601,0.049976,0.060292,-0.142414
0.281741,0.027425,-0.162576,-0.157779
0.124774,-0.005595,-0.451621,-0.090425
0.129402,-0.014750,-0.516976,-0.044733
0.122944,-0.031838,-0.504145,-0.036721
0.507884,-0.005607,0.018068,0.018428
0.502216,-0.006565,0.024758,0.018562
0.079817,-0.033035,-0.499866,-0.002644
0.011666,-0.017984,-0.449602,0.000193
-0.064105,-0.036729,-0.349017,-0.005877
0.302795,-0.013908,0.235432,0.019145
0.320771,-0.014784,0.231570,0.006105
-0.034660,-0.048974,-0.340017,-0.032070
-0.089755,-0.036950,-0.362258,0.033235
-0.286915,0.057734,-0.403552,0.185281
0.232037,-0.109699,-0.010959,-0.090540
0.298729,-0.022545,0.130527,-0.118853
0.404990,-0.013876,0.038277,-0.127604
0.207024,0.002000,-0.424472,-0.183419
0.161252,-0.019101,-0.537818,-0.059714
0.124952,-0.023379,-0.515594,-0.041702
0.069557,-0.046697,-0.358016,-0.118955
0.399269,-0.007471,0.177542,-0.026503
0.404810,-0.010461,0.175059,-0.025894
0.084971,-0.065258,-0.326449,-0.147247
-0.000837,-0.054148,-0.363706,-0.037025
-0.296282,0.055502,-0.393001,0.186634
0.166935,-0.102966,0.050926,-0.045282
0.249232,-0.061240,0.082815,-0.099666
0.202518,-0.021096,-0.306445,-0.185332
0.172832,0.021903,-0.499579,-0.119990
0.187013,0.016016,-0.473514,-0.172207
0.498983,0.028735,0.021538,-0.089211
0.499807,0.028810,0.040716,-0.077564
0.078477,-0.021779,-0.456773,-0.055652
0.009963,-0.016880,-0.428494,-0.020316
-0.077748,-0.030704,-0.309794,-0.037481
-0.316721,0.051208,-0.367361,0.186169
-0.270879,-0.106647,0.136586,0.052234
-0.184923,-0.111918,0.085111,0.008972
-0.096875,-0.109874,0.050131,-0.035453
-0.062798,-0.085597,0.055373,-0.084132
-0.008005,-0.047407,0.066433,-0.137840
0.050824,-0.015840,0.074538,-0.164438
0.107064,0.006669,0.076755,-0.156730
0.254051,0.025834,0.064641,-0.139601
0.180591,-0.033497,-0.244604,-0.215673
0.131157,-0.014216,-0.429559,-0.121179
0.141448,-0.016105,-0.510939,-0.063024
0.135100,-0.030672,-0.507098,-0.041525
0.504779,-0.004225,0.012081,0.023111
0.498565,-0.004595,0.018213,0.022817
0.085315,-0.033902,-0.505058,-0.002083
0.009256,-0.020010,-0.448326,0.003352
-0.081560,-0.025592,-0.352256,0.003680
-0.258750,0.067434,-0.426556,0.172663
0.122963,0.034612,-0.458566,-0.093166
0.236802,0.065521,-0.411844,-0.183135
0.182566,0.030810,-0.460692,-0.206232
0.132950,0.003528,-0.388195,-0.203815
0.466941,0.039969,0.145564,-0.138506
0.469329,0.025359,0.166620,-0.137578
0.055729,-0.021275,-0.384442,-0.105740
-0.012084,-0.015292,-0.370463,-0.057888
0.306526,-0.023643,0.132930,0.013535
0.322201,-0.018822,0.181811,0.054920
-0.079624,-0.024108,-0.392085,0.040090
-0.124426,-0.011544,-0.372393,0.052635
-0.068710,-0.057208,-0.076364,0.099797
0.172199,-0.016358,0.325637,0.062455
-0.300616,0.054189,-0.387002,0.186358
0.110676,-0.131625,0.037009,-0.019636
0.077532,-0.088930,0.113474,-0.070958
0.248296,-0.056618,0.092132,-0.115871
0.240574,-0.057028,-0.241619,-0.186595
0.169988,0.010865,-0.488525,-0.129782
0.215775,0.009063,-0.435342,-0.202096
0.516796,0.015859,0.040158,-0.081331
0.514572,0.018349,0.050901,-0.082323
0.099785,-0.020559,-0.461512,-0.073441
0.029941,-0.012053,-0.434651,-0.038964
-0.016672,-0.052488,-0.307600,-0.078699
0.298815,-0.015242,0.223137,0.037271
0.317479,-0.014702,0.196413,0.044738
0.379690,-0.014605,0.042599,0.134651
-0.308008,0.054165,-0.381167,0.188076
-0.044290,-0.083458,0.094308,-0.005582
-0.146973,-0.068752,0.100064,-0.028748
-0.130945,-0.052551,0.098014,-0.083004
0.033346,-0.023760,0.075582,-0.120225
0.082287,-0.002623,0.076740,-0.128281
0.232025,0.013483,0.057272,-0.114476
0.190719,-0.063331,-0.218529,-0.170834
0.129927,-0.020397,-0.422226,-0.116744
0.148620,-0.015342,-0.501380,-0.072616
0.178159,-0.011654,-0.470650,-0.080562
0.510479,-0.001066,0.020762,0.003405
0.485878,-0.004549,0.031874,0.027197
0.085218,-0.039735,-0.516465,0.015353
0.031302,-0.023230,-0.473566,0.009766
-0.038247,-0.036236,-0.330297,-0.050917
0.335445,-0.008527,0.235587,-0.019405
0.355345,-0.012478,0.227158,-0.026503
0.017685,-0.046891,-0.310437,-0.116020
0.064115,-0.042295,0.006695,0.382941
0.124818,-0.147439,-0.257182,-0.078587
0.136702,0.035668,-0.463809,-0.102445
0.182057,0.036369,-0.499997,-0.149899
0.147939,0.007317,-0.486149,-0.124383
0.223873,0.013670,-0.205225,-0.330193
0.446391,-0.001989,0.202554,-0.105123
0.437461,-0.005337,0.183719,-0.073541
0.483909,0.016949,0.020089,-0.030935
0.042683,-0.021321,-0.455377,-0.021712
-0.028605,-0.015384,-0.409469,-0.002270
-0.116287,-0.020950,-0.306878,-0.011613
0.247403,-0.016198,0.250410,0.061088
0.258350,-0.016643,0.251965,0.050255
0.058523,-0.047068,0.005191,0.384348
0.117171,-0.163083,-0.253011,-0.048533
0.118520,0.037558,-0.459021,-0.087430
0.189071,0.060118,-0.495218,-0.127384
0.133870,0.015999,-0.517503,-0.086617
0.061688,0.001406,-0.430097,-0.088724
-0.036380,-0.001439,-0.277184,-0.140723
0.348724,0.015922,0.258729,-0.090675
0.380571,0.003337,0.244662,-0.086640
0.030769,-0.031137,-0.276145,-0.179214
-0.033150,-0.032645,-0.312550,-0.077383
0.318593,-0.012499,0.238389,-0.001467
0.320010,-0.013926,0.208917,0.028890
0.119602,-0.066205,-0.200440,0.110552
-0.287399,0.057661,-0.403435,0.185786
0.030665,-0.059085,0.106227,-0.104133
-0.082870,-0.015831,0.075621,-0.187168
-0.045265,-0.004998,0.078525,-0.210915
0.057565,0.007316,0.072773,-0.191566
0.291757,0.045234,0.060623,-0.136248
0.222198,0.007746,-0.224176,-0.218754
0.134765,-0.005095,-0.434441,-0.120287
0.134540,-0.012467,-0.510649,-0.060947
0.115083,-0.029793,-0.514223,-0.024870
0.507662,-0.005559,0.011675,0.023800
0.501572,-0.006356,0.017731,0.024911
0.077086,-0.030378,-0.502069,-0.000366
-0.001465,-0.016414,-0.443979,0.006131
-0.080506,-0.028397,-0.351841,0.005016
0.287182,-0.014165,0.235695,0.034677
-0.319841,0.051395,-0.364960,0.186538
-0.145342,-0.096994,0.090190,0.016165
-0.205408,-0.085809,0.113228,-0.035556
-0.039832,-0.069858,0.062492,-0.083530
0.012408,-0.034494,0.072955,-0.131298
0.060125,-0.011693,0.076004,-0.141489
0.114833,0.009244,0.077348,-0.145304
0.257743,0.025851,0.063552,-0.122941
0.218109,-0.033980,-0.204914,-0.189129
0.130513,-0.015687,-0.432707,-0.112648
0.141346,-0.016584,-0.509148,-0.063061
0.139581,-0.024716,-0.521405,-0.048159
0.517624,0.001152,0.012154,-0.009831
0.511239,0.003263,0.018379,-0.010865
0.085609,-0.026395,-0.492317,-0.022624
-0.003421,-0.017759,-0.446159,0.011611
-0.083553,-0.030135,-0.356710,0.014670
0.057519,-0.048001,0.004722,0.384661
0.109949,-0.179166,-0.246673,-0.003017
0.096628,0.053453,-0.461689,-0.029162
0.184403,0.106690,-0.476682,-0.063522
0.150870,0.071276,-0.499056,-0.136821
0.057164,0.024313,-0.435556,-0.101602
-0.025857,0.026636,-0.263335,-0.193077
0.350150,0.029544,0.249643,-0.110294
0.388244,0.010305,0.241846,-0.099800
0.030466,-0.026940,-0.271284,-0.187969
-0.031784,-0.028027,-0.304084,-0.091832
-0.302153,0.055788,-0.389166,0.188462
-0.210986,-0.040705,0.116540,-0.117490
-0.042156,-0.016331,0.082790,-0.166810
0.125220,0.011491,0.077423,-0.157273
0.265090,0.029750,0.065343,-0.137512
0.221211,-0.020728,-0.204120,-0.214997
0.133246,-0.011545,-0.429397,-0.127332
0.141702,-0.014362,-0.507079,-0.069062
0.131678,-0.030166,-0.506652,-0.045348
0.506494,-0.005190,0.017971,0.018818
0.501025,-0.006155,0.024719,0.018479
0.080653,-0.034216,-0.499143,-0.003021
0.009441,-0.018375,-0.446559,-0.000234
-0.066718,-0.035230,-0.348303,-0.005476
0.090382,0.022241,0.278369,-0.423215
-0.366642,0.000230,-0.087803,0.057910
-0.287458,0.152205,0.148434,0.197054
-0.251752,0.134563,0.228329,0.258328
-0.411181,-0.007271,-0.151959,0.115095
-0.392119,-0.014659,-0.159893,0.111064
-0.437434,-0.055922,0.053346,0.152961
-0.156576,-0.007821,0.472980,0.217078
-0.251686,-0.057468,0.223979,0.160355
-0.355415,-0.004630,-0.116937,0.021254
-0.325797,-0.004069,-0.117608,-0.008254
-0.326960,-0.049690,0.068007,-0.100941
0.017819,-0.003934,0.507936,0.011933
0.167151,-0.013082,0.354773,0.023709
-0.173160,-0.022837,-0.161840,-0.097885
-0.180593,-0.020711,-0.166343,-0.088081
0.236650,-0.004822,0.342577,-0.043471
0.163559,0.019740,0.268975,-0.431007
-0.133194,-0.093189,-0.131825,0.051714
-0.261517,-0.016971,-0.079789,0.104939
-0.087536,-0.016451,0.419732,0.181835
-0.107748,-0.002452,0.475082,0.149470
-0.457739,-0.017948,-0.047614,0.094303
-0.454589,-0.022599,-0.058185,0.081532
-0.141764,-0.003463,0.492156,0.151070
-0.081096,-0.011217,0.522011,0.088121
-0.314990,-0.032820,-0.018171,-0.075527
-0.285323,-0.037657,-0.035390,-0.080175
0.090271,-0.010523,0.439156,0.024315
0.151122,-0.008595,0.381361,0.018630
0.323077,-0.015420,0.227624,0.008541
-0.014552,-0.059053,-0.322378,-0.059313
0.164511,-0.020822,0.368986,0.021536
0.334392,0.050852,-0.004251,0.015088
0.021125,-0.153882,-0.107279,-0.012496
-0.110010,-0.094515,-0.054738,0.018580
-0.085860,-0.113466,0.360247,0.129949
-0.091040,-0.036733,0.445920,0.151095
-0.439503,0.012438,-0.058823,0.070774
-0.441269,0.001831,-0.081742,0.067769
-0.144237,0.000999,0.472661,0.163510
-0.081750,-0.004510,0.505677,0.122059
-0.161254,0.020537,0.165326,0.235184
-0.313290,-0.013754,-0.203383,0.074699
-0.312525,-0.013063,-0.204803,0.074663
-0.395414,-0.059625,-0.040302,0.049378
-0.014501,-0.006811,0.514777,0.048501
0.100848,-0.004463,0.437071,0.009630
0.291310,-0.005719,0.283948,-0.030314
0.165187,0.014265,0.272737,-0.428615
-0.104735,-0.112288,-0.114233,0.006880
-0.231163,-0.043338,-0.064945,0.071735
-0.102711,-0.064306,0.386560,0.160734
-0.114111,-0.020099,0.447217,0.145429
-0.436831,0.007023,-0.067156,0.055200
-0.436571,0.002020,-0.070784,0.053824
-0.145048,0.003704,0.465600,0.157381
-0.088363,-0.002172,0.483672,0.145129
-0.241112,0.027267,0.050947,0.139269
-0.339418,-0.014737,-0.162754,0.061184
-0.273785,-0.053172,-0.013409,0.100374
0.044187,-0.020478,0.346732,0.166977
0.043172,-0.030681,0.185780,0.124719
-0.204321,-0.011640,-0.216216,-0.023551
-0.214764,-0.009603,-0.201704,-0.029657
-0.267757,-0.028832,-0.043655,-0.114220
0.116322,-0.010190,0.444628,-0.008059
0.174242,-0.007534,0.380272,-0.005136
0.333995,-0.014711,0.214421,0.010117
0.209321,-0.043732,-0.108906,0.146194
0.108364,0.023354,0.271121,-0.427848
-0.230988,-0.002834,-0.196090,0.129046
-0.348026,-0.010429,-0.157711,0.130929
-0.165591,0.015553,0.353187,0.281728
-0.186982,0.000300,0.401566,0.275913
-0.447439,-0.020888,-0.096630,0.109495
-0.419441,-0.014201,-0.100501,0.078489
-0.358183,-0.039521,0.215416,0.111837
-0.089486,0.003331,0.552661,0.062054
-0.059871,0.008645,0.442836,0.035394
-0.288177,-0.017641,-0.074841,-0.075068
-0.272596,-0.018945,-0.085749,-0.078437
0.128142,-0.010433,0.437947,-0.071474
0.213556,-0.015132,0.383410,-0.039013
0.300257,-0.002568,0.206330,0.030584
0.163468,0.021496,0.267210,-0.431803
-0.144121,-0.087247,-0.138977,0.072987
-0.243996,-0.048602,-0.069161,0.018697
-0.156665,-0.138225,0.345220,-0.000023
-0.120365,-0.044092,0.446379,0.084742
-0.417183,0.028563,-0.028705,0.057996
-0.430824,0.017545,-0.052035,0.106931
-0.128732,0.000314,0.454567,0.213528
-0.062748,-0.010681,0.435541,0.181448
-0.036386,-0.021549,0.216245,0.367703
-0.304531,-0.014597,-0.245167,0.108567
-0.311537,-0.008420,-0.204820,0.069048
-0.357481,-0.048583,-0.047199,0.004233
0.024382,-0.001468,0.503425,0.015595
0.133966,-0.001884,0.424684,-0.013898
0.320771,-0.002911,0.263680,-0.039770
-0.057325,-0.025163,-0.293124,-0.080117
0.144435,0.019314,0.278046,-0.424119
-0.008114,-0.087519,-0.135139,-0.015257
-0.219769,-0.060331,-0.059018,0.036087
-0.093350,-0.075832,0.403224,0.150983
-0.105790,-0.020451,0.448755,0.165064
-0.421546,0.032076,-0.026830,0.100818
-0.446006,-0.002414,-0.060679,0.081884
-0.134466,-0.003186,0.480144,0.183750
-0.076563,-0.007132,0.465716,0.159856
-0.088318,-0.005921,0.184778,0.295452
-0.298547,-0.014359,-0.225104,0.082283
-0.294177,-0.012570,-0.201425,0.052444
-0.364842,-0.031924,-0.052586,-0.006242
0.008300,-0.007048,0.523969,0.006556
0.113962,-0.006800,0.438038,-0.002426
0.281625,-0.009200,0.262761,0.006000
0.150551,0.018479,0.276064,-0.425769
-0.044232,-0.090212,-0.142390,0.046740
-0.247656,-0.025660,-0.074800,0.098732
-0.077689,-0.029449,0.419966,0.179461
-0.104668,-0.003250,0.468646,0.157998
-0.452509,-0.008399,-0.046839,0.096281
-0.456651,-0.021664,-0.059240,0.087005
-0.141058,-0.005091,0.491549,0.161664
-0.082161,-0.012787,0.517865,0.100282
-0.318808,-0.036990,-0.024154,-0.042974
-0.279024,-0.048058,-0.026908,-0.040675
0.105491,-0.017482,0.385409,0.065751
0.176990,-0.017693,0.255091,0.115772
0.127408,0.023132,0.267768,-0.430153
0.096781,-0.000440,-0.105554,0.256162
-0.178693,-0.054522,-0.147828,0.220969
-0.332425,-0.072387,-0.130077,0.144315
-0.089030,-0.006212,0.470572,0.157261
-0.120406,0.000081,0.507319,0.139137
-0.439303,-0.020243,-0.052750,0.056974
-0.418937,-0.011852,-0.058021,0.033223
-0.191029,-0.012283,0.450513,0.131802
-0.082188,0.007294,0.534723,0.074534
-0.339495,-0.019512,-0.031508,-0.060154
-0.299217,-0.003104,-0.108204,-0.045202
-0.272329,-0.017825,-0.028306,-0.137240
0.092775,-0.003007,0.509330,-0.068155
0.186201,-0.007692,0.408331,-0.045419
0.354156,-0.001831,0.239581,-0.049420
0.071441,0.020668,0.276970,-0.424134
-0.041428,-0.068743,0.518649,0.054014
-0.065303,-0.032973,0.478182,0.122885
-0.109511,0.086065,0.249758,0.242930
-0.339951,0.009375,-0.209898,0.084918
-0.333286,0.002854,-0.205229,0.079951
-0.154828,0.081614,0.199327,0.247323
-0.054380,0.016539,0.257395,0.280141
-0.310083,-0.010884,-0.219334,0.084574
-0.319362,-0.013274,-0.194024,0.070932
-0.309175,-0.069129,0.028674,0.034957
0.040187,-0.017707,0.434730,0.065969
0.095553,-0.017993,0.271264,0.051672
-0.206806,-0.015753,-0.214808,-0.018361
-0.222182,-0.013704,-0.201502,-0.018340
0.050942,-0.023529,0.242619,0.036085
0.201029,-0.014145,0.300734,0.047442
0.073513,0.021222,0.276423,-0.424520
-0.060154,-0.071579,0.507915,0.060943
-0.090610,-0.033406,0.461628,0.132111
-0.185544,0.158967,0.172608,0.220041
-0.327164,0.008213,-0.219508,0.082904
-0.328050,-0.001005,-0.209786,0.083192
-0.377060,0.014664,0.004806,0.104495
-0.087639,0.001675,0.378017,0.240535
-0.054801,-0.001007,0.228673,0.288523
-0.299111,-0.013332,-0.223299,0.080014
-0.293275,-0.013514,-0.194243,0.045305
-0.345822,-0.039156,-0.033975,-0.034436
0.031573,-0.007718,0.508290,0.008037
0.128116,-0.006032,0.406605,0.013770
0.299412,-0.014786,0.255685,0.003453
0.141591,0.019572,0.279044,-0.423294
0.007573,-0.068171,-0.135463,0.044577
-0.249238,-0.028237,-0.071922,0.086437
-0.095599,-0.053429,0.408693,0.142793
-0.108986,-0.016766,0.463039,0.129594
-0.433230,0.010128,-0.044698,0.044932
-0.434914,0.001015,-0.059765,0.044960
-0.134029,0.000274,0.479922,0.143078
-0.057156,-0.001824,0.495019,0.105514
-0.075619,0.038508,0.198489,0.220377
-0.284500,-0.010736,-0.216620,0.056128
-0.291142,-0.013897,-0.206728,0.056039
-0.335749,-0.064744,-0.019432,0.055061
0.013312,-0.021624,0.383111,0.153138
-0.056408,-0.047364,0.136981,0.039764
-0.210749,-0.010597,-0.202178,-0.032203
-0.218566,-0.009078,-0.189547,-0.038537
-0.267945,-0.026716,-0.025043,-0.134235
0.092825,-0.009535,0.443597,0.016187
0.146975,-0.009428,0.375866,0.029363
0.320441,-0.016518,0.213783,0.026271
0.134082,0.022042,0.276438,-0.425035
0.056288,-0.028835,-0.124595,0.109044
-0.160643,-0.074893,-0.149364,0.148486
-0.284106,-0.014858,-0.100490,0.152567
-0.075861,0.001843,0.449392,0.151607
-0.110017,0.004655,0.491565,0.134817
-0.456180,-0.021444,-0.056822,0.079381
-0.427773,-0.014048,-0.062162,0.048361
-0.164155,-0.000353,0.469731,0.138614
-0.085445,-0.009010,0.531252,0.099518
-0.339528,-0.057113,-0.027309,-0.020757
-0.301074,-0.059214,-0.032809,-0.050423
0.073539,-0.005635,0.440363,0.035320
0.140752,-0.005213,0.381506,0.025671
0.318445,-0.012728,0.220667,0.017542
-0.002826,-0.043217,-0.304759,-0.104567
-0.048557,-0.025062,-0.307807,-0.074301
0.134283,0.020833,0.280402,-0.422086
0.057314,-0.037745,-0.119715,0.060055
-0.143973,-0.081359,-0.140302,0.113769
-0.267140,-0.014107,-0.085342,0.117947
-0.086003,-0.015761,0.426878,0.152933
-0.110195,0.003558,0.476123,0.128970
-0.444088,-0.004700,-0.065179,0.059629
-0.441229,-0.009053,-0.065080,0.060111
-0.152734,-0.006482,0.476483,0.179799
-0.091375,-0.011303,0.513318,0.120361
-0.328278,-0.037148,-0.015790,-0.040173
-0.282534,-0.046847,-0.016220,-0.046813
0.100138,-0.017331,0.391678,0.063021
0.175689,-0.017402,0.265795,0.106773
0.161797,0.016147,0.272853,-0.428454
-0.121134,-0.102084,-0.120771,0.027819
-0.249870,-0.028987,-0.071007,0.085941
-0.100180,-0.044414,0.401379,0.162680
-0.108281,-0.012107,0.464523,0.141078
-0.436397,0.010152,-0.043093,0.060493
-0.442385,-0.003830,-0.059029,0.059933
-0.134110,-0.003198,0.483779,0.164043
-0.072532,-0.005712,0.479641,0.139151
-0.109420,0.014371,0.165703,0.230624
-0.268011,-0.012592,-0.202661,0.027536
-0.269284,-0.013125,-0.195243,0.021924
-0.360279,-0.030175,-0.049590,-0.014619
0.003294,-0.011084,0.498166,0.051273
0.102879,-0.008381,0.404420,0.044326
0.262149,-0.016235,0.248602,0.049357
0.104879,0.023022,0.275268,-0.425393
-0.332062,0.079921,0.066333,0.143394
-0.431709,0.006448,-0.113825,0.099296
-0.433796,-0.000447,-0.113647,0.094520
-0.174236,0.004286,0.430714,0.201975
-0.167219,-0.009877,0.459843,0.179805
-0.411476,-0.018898,-0.055747,0.030827
-0.393459,-0.016588,-0.075701,0.030069
-0.087951,-0.013772,0.470649,0.148075
0.014001,-0.011982,0.453843,0.086301
-0.043495,-0.052455,0.077913,0.082885
-0.205920,-0.012181,-0.232468,-0.005159
-0.226980,-0.011304,-0.218907,0.001463
-0.313159,-0.032419,-0.072521,-0.037425
0.077572,-0.010940,0.441699,0.032750
0.148428,-0.008601,0.376974,0.026623
0.299142,-0.012950,0.226817,0.030612
0.152522,0.014464,0.278234,-0.424220
-0.053681,-0.110925,-0.135781,0.011368
-0.230218,-0.044806,-0.064071,0.074237
-0.100326,-0.055738,0.390328,0.177730
-0.106126,-0.016302,0.455470,0.157812
-0.431384,0.019834,-0.036116,0.085093
-0.437692,0.001669,-0.034332,0.083206
-0.120955,-0.004877,0.498705,0.158932
-0.059132,-0.006128,0.497341,0.108717
-0.145228,0.021779,0.147164,0.071363
-0.257808,-0.011401,-0.195901,0.009382
-0.265221,-0.011836,-0.191085,0.012414
-0.319547,-0.031651,-0.015169,-0.043309
0.044995,-0.009325,0.465280,0.042126
0.125931,-0.008658,0.390004,0.035358
0.288115,-0.016815,0.244926,0.027732
0.128750,0.023006,0.271400,-0.428178
0.094725,-0.005899,-0.113469,0.208827
-0.169358,-0.065448,-0.153924,0.185754
-0.316524,-0.056322,-0.123165,0.131095
-0.078758,0.002033,0.466664,0.135242
-0.112029,0.010521,0.504234,0.093302
-0.410448,-0.009538,-0.053538,0.017954
-0.404179,-0.010772,-0.057071,0.016360
-0.145518,0.002632,0.494802,0.098972
-0.089865,-0.009130,0.522128,0.095605
-0.331699,-0.055118,-0.017092,-0.016733
-0.282777,-0.077150,-0.013688,-0.009398
0.091857,-0.017568,0.378698,0.086129
0.179201,-0.013574,0.264160,0.094833
-0.174918,-0.012362,-0.247669,-0.020780
-0.202155,-0.011193,-0.220133,-0.022247
-0.079640,-0.050525,0.075040,-0.064141
0.205424,-0.017800,0.352424,0.003306
0.126604,0.023122,0.269956,-0.428935
0.104248,-0.000860,-0.108878,0.230217
-0.172312,-0.058191,-0.153093,0.201640
-0.324064,-0.059610,-0.122581,0.125265
-0.074273,0.003234,0.485527,0.110718
-0.108098,0.008029,0.514179,0.089455
-0.439794,-0.017271,-0.044860,0.046646
-0.438374,-0.023481,-0.043533,0.049993
-0.125962,-0.003762,0.517184,0.131123
-0.062539,-0.006205,0.540535,0.062038
-0.287954,-0.057228,0.003462,-0.092990
-0.293131,-0.019694,-0.113805,-0.029098
-0.232919,-0.060124,0.001557,-0.111736
0.163883,-0.015158,0.380114,0.009876
0.094683,0.023081,0.274840,-0.425515
-0.356526,0.016684,-0.129574,0.102053
-0.438290,0.011953,-0.066199,0.102326
-0.107544,-0.001495,0.489973,0.142833
-0.097345,-0.004229,0.516082,0.126582
-0.209764,0.014756,0.213884,0.286309
-0.356264,-0.012762,-0.161308,0.074606
-0.335691,-0.012117,-0.159760,0.051840
-0.402720,-0.056646,0.004965,0.017365
-0.027370,-0.008810,0.528137,0.050926
0.088167,-0.005722,0.437943,0.022581
0.274952,-0.013072,0.293245,-0.012205
0.095554,0.022704,0.277024,-0.424161
-0.340712,0.004609,-0.122478,0.075989
-0.429749,0.020969,-0.059429,0.106074
-0.096827,-0.002109,0.485842,0.148075
-0.104120,-0.002956,0.502868,0.144197
-0.180115,0.016592,0.235140,0.324463
-0.362024,-0.013306,-0.164889,0.084491
-0.334917,-0.012126,-0.167681,0.058997
-0.409154,-0.045098,-0.019561,0.020075
-0.038337,-0.009110,0.526557,0.063359
0.073181,-0.005119,0.439524,0.035780
0.254118,-0.014356,0.294111,0.008819
-0.098612,-0.032187,-0.252558,-0.072364
0.138044,0.016833,0.282552,-0.420609
-0.181251,-0.077975,-0.121239,0.036175
-0.307940,-0.010630,-0.074748,0.083065
-0.095404,-0.034935,0.429353,0.172445
-0.112329,-0.004820,0.467296,0.154524
-0.412233,0.028078,-0.009171,0.099240
-0.440568,-0.010659,-0.049633,0.076161
-0.121910,-0.006152,0.482677,0.181075
-0.029255,-0.010124,0.456325,0.126547
0.003138,-0.020772,0.222065,0.220921
-0.247833,-0.014228,-0.213957,0.020290
-0.259035,-0.013106,-0.202210,0.018623
-0.238667,-0.079590,0.038958,-0.003935
0.118102,-0.015383,0.411379,0.018113
0.201104,-0.009316,0.282602,0.037565
0.128530,0.022611,0.274757,-0.426103
0.097346,-0.004257,-0.113800,0.162911
-0.167165,-0.066304,-0.153045,0.175470
-0.296076,-0.032310,-0.108769,0.140181
-0.069692,0.000485,0.472353,0.130001
-0.105666,0.007625,0.509920,0.102075
-0.427067,-0.010879,-0.042639,0.025182
-0.402194,-0.010269,-0.048648,0.005460
-0.165214,-0.000236,0.467311,0.078788
-0.077085,-0.011813,0.528735,0.076132
-0.317990,-0.038958,-0.024456,-0.042720
-0.278563,-0.050852,-0.027312,-0.040519
0.107390,-0.017380,0.384624,0.064785
0.179823,-0.017594,0.255513,0.114263
0.163226,-0.015916,0.351070,0.037908
0.324199,0.042263,-0.037754,0.112106
0.041433,-0.094023,-0.100614,0.180303
0.000185,-0.112161,-0.112303,0.179111
-0.174422,-0.108939,-0.103153,0.144568
-0.048504,-0.005852,0.435075,0.147374
-0.083988,0.004544,0.502707,0.103400
-0.443044,-0.014106,-0.057431,0.060106
-0.418821,-0.012234,-0.054069,0.029712
-0.162801,0.009740,0.476652,0.057216
-0.119722,-0.001815,0.520573,0.008389
-0.342200,-0.020967,-0.002081,-0.088807
-0.315660,-0.032040,-0.008807,-0.069754
0.049782,-0.009558,0.457606,0.045226
0.127876,-0.008695,0.387648,0.035714
0.291917,-0.017525,0.237901,0.031727
0.162746,0.021103,0.268003,-0.431376
-0.154213,-0.075170,-0.143537,0.129227
-0.284260,-0.006621,-0.093670,0.141941
-0.075516,-0.003870,0.449451,0.154002
-0.107116,0.002345,0.491821,0.132016
-0.460484,-0.025369,-0.048748,0.085435
-0.455342,-0.028371,-0.058027,0.086827
-0.139390,-0.002618,0.496314,0.164252
-0.079106,-0.009570,0.524219,0.094804
-0.320651,-0.036386,-0.034536,-0.062106
-0.286333,-0.033073,-0.039972,-0.095042
0.098199,-0.008541,0.450882,0.002060
0.161341,-0.007053,0.384720,0.003309
0.334566,-0.014457,0.232878,-0.009282
0.097852,0.022108,0.279512,-0.422493
-0.318169,-0.007168,-0.122784,0.060286
-0.415264,0.016098,-0.063842,0.076725
-0.108860,-0.010350,0.472528,0.138712
-0.100670,0.001318,0.499559,0.126043
-0.310830,0.085879,0.097384,0.133299
-0.396473,-0.007484,-0.114334,0.062637
-0.364714,-0.006301,0.016734,0.086170
-0.057942,-0.007936,0.402220,0.201080
0.001175,-0.019702,0.252738,0.259816
-0.274309,-0.015034,-0.204777,0.038392
-0.253595,-0.011684,-0.192010,0.001561
-0.288607,-0.035546,-0.012373,-0.112863
0.076440,-0.007178,0.477382,-0.004096
0.155938,-0.005121,0.392533,-0.002795
0.331156,-0.014408,0.234462,-0.007461
0.338525,-0.002397,0.038612,0.142455
0.111702,0.023254,0.272210,-0.427314
-0.398422,0.018758,-0.073973,0.113834
-0.203966,0.078359,0.294778,0.275180
-0.197616,0.003377,0.378057,0.265610
-0.444223,-0.014983,-0.106207,0.109866
-0.433450,-0.018529,-0.110842,0.107142
-0.220394,-0.013640,0.372541,0.288137
-0.174619,-0.017982,0.402762,0.219421
-0.382946,-0.009767,-0.084063,0.021051
-0.347748,-0.003808,-0.093553,-0.010617
-0.234970,-0.031983,0.179056,-0.170137
0.055728,0.000427,0.538931,-0.056042
0.235007,-0.013929,0.376502,-0.055027
0.167070,-0.011547,0.077618,-0.125295
0.162864,-0.020069,0.368138,0.023435
0.321863,0.045021,-0.022450,0.070268
0.045889,-0.103218,-0.100151,0.139122
-0.142853,-0.071339,-0.080898,0.173485
-0.046796,-0.014172,0.402463,0.173210
-0.080297,0.002839,0.481713,0.123518
-0.443910,-0.008933,-0.078900,0.077348
-0.444195,-0.013241,-0.075126,0.077236
-0.142044,-0.001688,0.497473,0.172822
-0.125831,-0.007200,0.509823,0.153035
-0.392671,-0.040979,-0.037749,0.016590
-0.356986,-0.026482,-0.050161,-0.022070
0.012260,-0.006732,0.516600,-0.006634
0.118920,-0.006669,0.442195,-0.011629
0.270080,-0.003207,0.252749,0.008331
0.163251,0.020283,0.268596,-0.431166
-0.139301,-0.088745,-0.135528,0.069553
-0.267273,-0.013021,-0.083689,0.115560
-0.085857,-0.012156,0.425364,0.181508
-0.108448,-0.001396,0.478952,0.147788
-0.460234,-0.023386,-0.048596,0.096310
-0.457018,-0.027225,-0.064305,0.093885
-0.140567,-0.004991,0.492587,0.187342
-0.084739,-0.010673,0.515011,0.119195
-0.322381,-0.069717,-0.019751,-0.019265
-0.291438,-0.038031,-0.042645,-0.082237
0.096068,-0.007613,0.477063,-0.026085
0.171630,-0.006103,0.391428,-0.014971
0.345396,-0.009375,0.231528,-0.024374
0.105263,0.021388,0.281788,-0.420905
-0.359080,-0.010569,0.043307,0.025602
-0.295982,0.108625,0.150931,0.149635
-0.431658,0.027301,-0.063215,0.109337
-0.446604,0.002411,-0.085995,0.083718
-0.153064,0.001202,0.449935,0.200697
-0.091074,-0.004972,0.470623,0.167395
-0.173790,0.006608,0.126544,0.268607
-0.312945,-0.014689,-0.209548,0.081454
-0.287450,-0.011797,-0.205276,0.048796
-0.386903,-0.024682,-0.058467,0.014345
-0.040399,-0.010235,0.504319,0.079049
0.068363,-0.006042,0.463810,0.016680
0.157045,-0.002784,0.213429,-0.027417
0.164046,0.020892,0.267576,-0.431732
-0.148712,-0.079462,-0.142644,0.119353
-0.281116,-0.006957,-0.093222,0.143781
-0.075057,-0.004206,0.446389,0.159811
-0.106508,0.002795,0.491398,0.137405
-0.462951,-0.030490,-0.049300,0.094247
-0.448952,-0.023599,-0.057542,0.074684
-0.141804,-0.000787,0.494980,0.147331
-0.082093,-0.009659,0.524676,0.083628
-0.317438,-0.033341,-0.024841,-0.078029
-0.289524,-0.034633,-0.039998,-0.089228
0.087714,-0.008911,0.455124,0.008563
0.157104,-0.007936,0.382362,0.011146
0.313088,-0.016996,0.220020,0.027830
0.162739,-0.019013,0.363877,0.027309
0.322716,0.043667,-0.028049,0.085884
0.045374,-0.096253,-0.098304,0.166283
0.003778,-0.107283,-0.110204,0.178734
-0.166287,-0.097850,-0.097161,0.146988
-0.036289,-0.006102,0.444640,0.129999
-0.082310,0.005552,0.499250,0.103890
-0.440989,-0.011386,-0.058433,0.056089
-0.412630,-0.009435,-0.059264,0.025800
-0.181158,0.007456,0.450363,0.059258
-0.128751,-0.004138,0.505104,0.072179
-0.372185,-0.027182,-0.029596,-0.025361
-0.350669,-0.027388,-0.047182,-0.029530
0.016342,-0.010497,0.492081,0.042904
0.110246,-0.008851,0.405034,0.036632
0.272160,-0.015781,0.249227,0.038177
0.162827,-0.017510,0.358217,0.031947
0.323768,0.042718,-0.033853,0.101639
0.042848,-0.095426,-0.099967,0.170180
0.001018,-0.110190,-0.112284,0.171662
-0.169395,-0.101961,-0.099318,0.146112
-0.043770,-0.006703,0.429009,0.147919
-0.085632,0.006576,0.493203,0.108107
-0.436288,-0.011094,-0.072093,0.064568
-0.433665,-0.013651,-0.071100,0.063085
-0.169241,0.007190,0.464581,0.143366
-0.131494,-0.001127,0.507151,0.083268
-0.363725,-0.022555,-0.025442,-0.043920
-0.337306,-0.020158,-0.036188,-0.062028
0.013891,-0.009367,0.515603,-0.003885
0.104521,-0.010348,0.429346,0.019468
0.248526,-0.017410,0.241837,0.070765
0.139564,0.021480,0.277436,-0.424348
0.013723,-0.050323,-0.136103,0.091134
-0.265652,-0.012257,-0.083774,0.120439
-0.076187,-0.017224,0.432656,0.177216
-0.108517,-0.002065,0.477162,0.148908
-0.451530,-0.012169,-0.048655,0.061610
-0.425285,-0.007939,-0.052704,0.030529
-0.185980,-0.012142,0.443954,0.050567
-0.079398,-0.008084,0.512484,0.034022
-0.304662,-0.008894,-0.018180,-0.088494
-0.312266,-0.014040,-0.148589,0.019173
-0.094694,0.007444,0.125369,0.212182
0.037550,-0.021290,0.235210,0.270772
-0.251637,-0.016010,-0.257048,0.068967
-0.257661,-0.012246,-0.208940,0.023119
-0.287221,-0.055827,-0.029522,-0.072321
0.086202,-0.006822,0.442780,0.021172
0.152705,-0.006671,0.382329,0.014134
0.329943,-0.014928,0.222823,0.006053
0.007197,-0.062481,-0.301532,-0.092944
0.112980,0.019023,0.286993,-0.416720
-0.188169,-0.067209,-0.153749,0.017356
-0.295826,-0.015182,-0.104811,0.067549
-0.145248,-0.005216,0.356808,0.213659
-0.149779,0.027640,0.406014,0.204290
-0.443595,0.000814,-0.093771,0.083708
-0.430498,-0.005253,-0.100734,0.081070
-0.198719,-0.007032,0.400993,0.256235
-0.134624,-0.009348,0.436463,0.243445
-0.391022,-0.051687,-0.089175,0.079559
-0.371051,-0.026028,-0.095490,0.036852
0.001555,-0.015553,0.455828,0.078827
0.108980,-0.008593,0.442964,-0.001853
0.015863,-0.032167,0.031117,-0.118289
0.101103,0.023029,0.275367,-0.425275
-0.273284,0.101967,0.160061,0.180185
-0.450777,0.006456,-0.094378,0.106571
-0.452485,-0.005218,-0.101565,0.108227
-0.162354,-0.001523,0.451300,0.227488
-0.141688,-0.007324,0.476572,0.211920
-0.419012,-0.041783,-0.060594,0.067021
-0.389408,-0.028582,-0.067426,0.029724
-0.036191,-0.010927,0.502670,0.079781
0.066468,-0.006812,0.429482,0.054625
0.200704,-0.011995,0.226709,0.123336
-0.163409,-0.007549,-0.315099,0.030329
-0.199354,-0.005489,-0.241152,-0.009732
-0.201721,-0.039867,-0.042212,-0.158282
0.163792,-0.008329,0.410105,-0.022568
0.218739,-0.005853,0.358332,-0.029677
0.382390,-0.011692,0.205222,-0.032492
0.043997,-0.051564,-0.324568,-0.123562
0.141547,0.019486,0.279130,-0.423233
0.007492,-0.068307,-0.135445,0.044619
-0.246909,-0.027509,-0.073354,0.094000
-0.080437,-0.035627,0.418462,0.171810
-0.104904,-0.006005,0.469002,0.149538
-0.446112,0.000253,-0.047070,0.076278
-0.450184,-0.012567,-0.059379,0.071591
-0.141643,-0.009228,0.485222,0.187237
-0.081150,-0.011709,0.501995,0.126888
-0.311428,-0.033909,-0.017267,-0.035947
-0.300507,-0.015781,-0.124138,-0.015302
-0.282863,-0.029248,-0.034063,-0.092484
0.083987,-0.010410,0.451821,0.017351
0.152974,-0.008933,0.383018,0.015167
0.316787,-0.014532,0.228641,0.012844
-0.020059,-0.082670,-0.316080,-0.008278
0.150367,0.020911,0.274089,-0.426987
-0.054120,-0.074102,-0.145786,0.097226
-0.263131,-0.014081,-0.083529,0.118260
-0.088616,-0.018567,0.422565,0.160682
-0.104961,0.000110,0.480811,0.132451
-0.450181,-0.007564,-0.050208,0.063775
-0.449360,-0.015887,-0.050430,0.064074
-0.125120,-0.007193,0.508817,0.151134
-0.066628,-0.012357,0.521633,0.092621
-0.237825,-0.027626,0.061738,-0.038689
-0.294548,-0.021117,-0.120806,-0.019254
-0.184008,-0.037164,0.047112,-0.053072
0.156149,-0.017792,0.374350,0.028311
0.224373,-0.017747,0.256292,0.080529
0.126123,0.022401,0.276279,-0.425058
0.054461,-0.010274,-0.127520,0.138923
-0.124994,-0.071771,-0.151571,0.146744
-0.279478,-0.026220,-0.096455,0.114249
-0.074786,0.002719,0.451593,0.136071
-0.108696,0.007935,0.490940,0.116347
-0.433175,-0.006354,-0.059544,0.043777
-0.404149,-0.006578,-0.056525,0.011649
-0.224120,-0.016339,0.396485,0.017122
-0.095184,-0.010411,0.509559,0.048914
-0.318088,-0.012761,-0.008048,-0.062729
-0.329040,-0.016474,-0.141148,0.030943
-0.187906,-0.017560,0.067344,0.098366
0.085007,-0.018763,0.367715,0.106710
0.150871,-0.017923,0.248604,0.110075
-0.180475,-0.014998,-0.259477,-0.000778
-0.209555,-0.013352,-0.227183,-0.005638
-0.152589,-0.065266,0.024329,-0.040651
0.176557,-0.018248,0.359080,0.025885
0.137748,0.017010,0.282544,-0.420609
0.019740,-0.074328,-0.125870,-0.007540
-0.217864,-0.078873,-0.058553,0.017029
-0.169200,-0.189131,0.319911,0.030964
-0.064192,-0.090858,0.500653,0.052150
-0.134386,-0.083465,0.433633,0.061103
-0.309189,0.077017,0.053738,0.057328
-0.385117,0.011679,-0.155256,0.079938
-0.257061,0.141183,0.082244,0.192709
-0.191347,0.121808,0.138104,0.229158
-0.320837,-0.005044,-0.219887,0.090042
-0.317755,-0.012204,-0.206769,0.081004
-0.425909,-0.039217,-0.053981,0.075330
-0.064517,-0.013171,0.480089,0.137511
0.041806,-0.009864,0.458968,0.052276
0.168407,-0.013630,0.250321,0.069443
0.106753,0.021187,0.282298,-0.420528
-0.363698,-0.019847,0.024010,0.014229
-0.323935,0.084903,0.109164,0.120508
-0.266442,0.165884,0.196561,0.186242
-0.437860,0.007931,-0.076209,0.073476
-0.438187,-0.001560,-0.080279,0.069066
-0.144212,0.002453,0.453533,0.205122
-0.070804,-0.005636,0.453660,0.164217
-0.110008,0.006255,0.137865,0.259606
-0.288171,-0.014116,-0.232765,0.079325
-0.291303,-0.013152,-0.213730,0.062456
-0.375367,-0.028298,-0.066767,0.014735
-0.006532,-0.008494,0.516194,0.027597
0.106206,-0.006916,0.450606,-0.007383
0.240979,-0.002947,0.246529,0.024418
-0.053420,-0.078377,-0.107655,-0.214993
0.330444,-0.038053,0.095409,0.085315
0.316284,-0.004639,0.087864,0.111214
0.422447,0.039106,-0.049057,0.118713
0.056830,-0.004687,-0.562737,0.054908
0.061958,-0.021648,-0.557118,0.061082
0.005744,-0.035910,-0.498350,0.072789
0.322299,-0.019161,-0.000585,0.240148
0.285378,-0.017880,0.013957,0.261671
-0.088587,-0.016695,-0.429863,0.079418
-0.154702,-0.018465,-0.366492,0.083931
-0.277021,-0.010898,-0.248240,0.080431
0.033183,-0.013150,0.236396,0.235878
0.133012,-0.004228,0.286464,0.115144
-0.215107,-0.003632,-0.209535,-0.027454
-0.210662,-0.002841,-0.185709,-0.056515
-0.059800,-0.045270,0.130900,-0.206683
0.228017,-0.013506,0.380856,-0.052664
0.319774,-0.009852,0.280511,-0.047562
-0.073195,-0.072732,-0.095735,-0.212023
-0.082983,-0.174772,0.021820,0.032071
-0.117781,-0.163426,0.092207,-0.019402
0.038393,-0.228435,0.013477,-0.063786
0.026912,-0.253861,0.011281,-0.051595
-0.019976,-0.238914,0.001805,0.042945
-0.032907,-0.188676,0.003808,0.092432
-0.009806,-0.119013,0.014728,0.130341
0.212686,-0.013199,0.037875,0.141351
0.353672,0.073643,-0.064413,0.156255
0.080696,0.017047,-0.488691,0.106798
0.068914,-0.018758,-0.580588,0.074707
0.064574,-0.032931,-0.566692,0.079322
-0.014798,-0.035108,-0.488596,0.082774
-0.098496,-0.051793,-0.354345,0.049110
0.266021,-0.011906,0.219702,0.070216
0.296672,-0.003879,0.193129,0.058089
-0.028978,-0.027564,-0.315023,-0.060632
-0.076002,-0.015409,-0.334746,-0.029569
0.319328,0.003076,0.248031,-0.030782
0.345075,-0.006893,0.241445,-0.036723
-0.019729,-0.030671,-0.310458,-0.094868
-0.051683,-0.089177,-0.103279,-0.210284
0.324750,-0.112570,0.101017,0.017599
0.316379,-0.082650,0.117745,0.056749
0.417883,0.000776,-0.014835,0.095752
0.029888,-0.003844,-0.534862,0.065845
0.043040,-0.013536,-0.547455,0.062224
0.018969,-0.046338,-0.503754,0.075707
0.386654,-0.019338,0.056111,0.120434
0.382614,-0.017996,0.069885,0.109455
-0.029632,-0.040296,-0.470010,0.084211
-0.091311,-0.016933,-0.422643,0.075160
-0.159678,-0.087940,-0.276096,0.093035
-0.024029,-0.072411,-0.135963,-0.222767
0.227157,0.005134,-0.303988,0.073440
0.444351,-0.001487,-0.098792,0.167200
0.022147,-0.027406,-0.528642,0.078510
0.003232,-0.028363,-0.523291,0.092697
0.254385,-0.029084,-0.161068,0.340989
0.116836,-0.065712,-0.227793,0.275860
-0.098428,-0.015140,-0.428638,0.086479
-0.170560,-0.015462,-0.316318,0.046612
-0.260085,-0.013515,-0.216811,0.034682
-0.357216,-0.035674,-0.076547,0.013981
0.026949,-0.010659,0.445365,0.080147
0.118768,-0.006361,0.395301,0.035870
0.279457,-0.007034,0.235394,0.032645
-0.109206,-0.015064,-0.322528,-0.008930
-0.149960,-0.010039,-0.277980,-0.017749
-0.000948,-0.029715,0.048305,-0.038546
0.243272,-0.016027,0.311141,0.005223
-0.027563,-0.070192,-0.134310,-0.223053
0.368858,0.043911,-0.138493,0.203033
0.356254,0.026066,-0.198550,0.309386
0.036296,-0.021358,-0.561812,0.091147
-0.039937,-0.014661,-0.511429,0.110299
-0.146506,-0.012001,-0.420470,0.123248
-0.242944,-0.020755,-0.317542,0.125514
0.019629,-0.026326,0.167231,0.338162
0.094065,-0.014529,0.213263,0.238452
-0.222416,-0.001820,-0.254641,0.023149
-0.230395,-0.000523,-0.211098,-0.013712
-0.257696,-0.024267,-0.038097,-0.134760
0.130783,-0.004225,0.487596,-0.079111
0.217485,-0.008278,0.391023,-0.059046
0.375544,0.001325,0.234036,-0.068888
0.009655,-0.030486,-0.304632,-0.130265
-0.052498,-0.023439,-0.317246,-0.062545
0.313383,-0.010105,0.232862,0.002764
0.306371,-0.013350,0.227460,0.022944
-0.032860,-0.077770,-0.321728,-0.002062
-0.092350,-0.050241,-0.356228,0.043103
0.260520,-0.017566,0.235996,0.065020
-0.086163,-0.081663,-0.083564,-0.201474
-0.096461,-0.158737,0.030666,0.097597
0.009631,-0.097229,0.017955,0.133426
0.225916,-0.000797,0.034018,0.145008
0.368447,0.072037,-0.053573,0.131414
0.078580,0.017089,-0.496663,0.043020
0.082361,-0.014605,-0.554865,0.031384
0.084571,-0.026242,-0.553031,0.038975
-0.020309,-0.031051,-0.482840,0.078473
-0.091569,-0.090318,-0.350341,0.092626
0.267432,-0.017867,0.218900,0.075643
0.348814,-0.098820,0.075634,0.011566
0.380364,-0.014866,-0.076606,-0.004849
0.072212,-0.025460,-0.496484,-0.005854
0.053686,-0.029985,-0.515861,0.036442
0.002448,-0.043294,-0.491385,0.076673
0.264887,-0.015446,-0.060350,0.339047
0.232251,-0.011664,-0.041185,0.358643
-0.130673,-0.004375,-0.426708,0.106029
-0.187859,-0.004356,-0.379970,0.116458
-0.272382,-0.012088,-0.272550,0.101292
-0.107329,-0.037968,0.140068,0.186466
0.033020,-0.026014,0.230872,0.215961
-0.248930,-0.014264,-0.240942,0.048408
-0.266197,-0.010725,-0.214075,0.035269
-0.285719,-0.063247,-0.027621,-0.050751
0.116587,-0.018362,0.396110,-0.001250
0.119833,-0.008304,0.208905,-0.041347
-0.166890,-0.011172,-0.229961,-0.047704
-0.189804,-0.010525,-0.211073,-0.044325
-0.107076,-0.049397,0.060717,-0.159981
0.223147,-0.015936,0.360397,-0.025116
-0.023821,-0.076843,-0.133191,-0.221285
0.312766,0.021342,-0.207091,0.130927
0.224796,-0.018258,-0.336108,0.178542
0.035858,-0.016732,-0.551182,0.076330
-0.055070,-0.002179,-0.485315,0.086839
-0.153761,0.003843,-0.409190,0.103381
-0.225556,-0.008367,-0.317017,0.095212
-0.028709,-0.005325,0.140489,0.319071
0.016284,-0.029922,0.168408,0.305632
-0.234316,-0.014597,-0.250806,0.043991
-0.245028,-0.011830,-0.213810,0.014939
-0.323995,-0.028620,-0.063088,-0.039920
0.054783,-0.010198,0.470406,0.024292
0.140827,-0.008020,0.387893,0.022614
0.294891,-0.011410,0.227173,0.032658
-0.067395,-0.079227,-0.096534,-0.210748
-0.201245,-0.168622,0.119252,0.034399
-0.074013,-0.170934,0.026388,0.068760
0.005510,-0.112889,0.017213,0.114847
0.219799,-0.012212,0.038703,0.131261
0.362142,0.069386,-0.048088,0.121274
0.072538,0.019678,-0.494470,0.030833
0.085329,-0.010988,-0.551794,0.021727
0.085711,-0.021408,-0.545897,0.025866
-0.014691,-0.016528,-0.450482,0.025973
-0.054171,-0.062350,-0.327161,-0.010610
0.283638,-0.014198,0.232761,0.041513
0.312014,-0.012830,0.204999,0.039759
0.168893,-0.036202,-0.152945,0.087797
-0.063366,-0.014589,-0.414033,0.036261
-0.148631,-0.013798,-0.321344,0.028046
-0.240972,-0.013673,-0.220358,0.019275
-0.153486,-0.072978,0.079959,0.050742
0.130000,-0.017197,0.364544,0.065480
0.223498,-0.017258,0.266128,0.070570
-0.045653,-0.074831,-0.115869,-0.218299
0.400287,-0.013007,0.031234,0.088766
0.397674,0.006097,0.020305,0.110829
0.346970,0.045333,-0.196000,0.264112
0.052740,-0.018914,-0.564083,0.074529
-0.003378,-0.021200,-0.524636,0.093488
-0.109025,-0.012561,-0.433556,0.099414
-0.185389,-0.015148,-0.323314,0.068123
-0.165521,-0.092455,-0.061692,0.051248
0.126570,-0.011162,0.363937,0.064526
0.164220,-0.008120,0.330567,0.056401
0.333339,-0.011709,0.170811,0.051514
-0.034086,-0.043155,-0.365897,-0.012527
-0.067370,-0.015635,-0.352880,-0.019843
0.298018,0.008503,0.224198,-0.014617
-0.031926,-0.066344,-0.133051,-0.223738
0.397774,0.040253,-0.094395,0.179911
0.396523,0.020147,-0.141982,0.258785
0.035605,-0.024059,-0.567655,0.100381
-0.011714,-0.025647,-0.536940,0.118573
-0.116396,-0.017645,-0.438070,0.116382
-0.204201,-0.029913,-0.325564,0.103951
0.155867,-0.016026,0.219326,0.182186
0.225815,-0.013492,0.244326,0.085755
-0.139119,-0.009918,-0.293129,-0.013561
-0.169645,-0.007375,-0.220892,-0.057816
-0.126874,-0.043069,0.002504,-0.272758
0.208189,-0.012375,0.406808,-0.061433
0.239325,-0.006045,0.344703,-0.038730
0.391446,-0.011250,0.181748,-0.018599
0.347860,-0.019853,-0.076516,-0.029035
-0.006949,-0.010785,-0.431977,-0.006017
-0.091156,-0.011861,-0.383020,0.030308
-0.188324,-0.017771,-0.308677,0.059043
0.123112,-0.021087,0.228229,0.204148
0.185323,-0.019536,0.239338,0.138456
-0.043540,-0.083674,-0.112600,-0.214828
0.408907,-0.048668,0.044514,0.050721
0.415789,-0.016047,0.034632,0.080651
0.298509,0.035518,-0.241491,0.167456
0.056620,-0.011813,-0.548637,0.048103
0.000984,-0.011895,-0.505779,0.060967
-0.100456,0.001947,-0.427243,0.070025
-0.164872,-0.006223,-0.349145,0.064514
0.098919,0.003917,0.159363,0.241150
0.138661,-0.012705,0.186158,0.216258
-0.175542,-0.013217,-0.328634,0.061664
-0.211250,-0.010297,-0.291996,0.057815
-0.244007,-0.079811,-0.088715,0.067214
0.087252,-0.011624,0.386147,0.082130
0.155086,-0.010563,0.362461,0.036555
0.317022,-0.013740,0.218157,0.022186
-0.049499,-0.076912,-0.111592,-0.216552
0.388119,-0.044993,0.065391,0.051343
0.381151,-0.013747,0.061022,0.084702
0.386675,0.046919,-0.118155,0.201011
0.051065,-0.009592,-0.565743,0.068542
0.036090,-0.020480,-0.548974,0.077637
-0.059961,-0.018679,-0.467946,0.090859
-0.126350,-0.070107,-0.353197,0.095447
0.222202,-0.020271,0.218275,0.123932
0.262959,-0.018159,0.220891,0.078455
0.349966,-0.089559,0.076328,0.024437
0.402394,0.011039,-0.057671,0.041816
0.074971,-0.021509,-0.500578,-0.008547
0.061009,-0.029514,-0.515203,0.027987
0.006109,-0.041772,-0.488418,0.068457
0.270265,-0.021364,-0.066797,0.307033
0.238130,-0.012463,-0.040197,0.321424
-0.120377,-0.001074,-0.421155,0.086878
-0.184849,0.004352,-0.367029,0.091798
-0.264069,-0.006951,-0.270966,0.086259
-0.060536,0.010327,0.177567,0.223272
-0.003883,-0.018205,0.206181,0.137565
-0.237478,-0.013196,-0.219094,0.014041
-0.246632,-0.012740,-0.209063,0.012707
-0.257065,-0.060617,-0.001174,-0.020601
0.110505,-0.018105,0.373498,0.073379
0.184936,-0.018972,0.263541,0.109804
-0.045893,-0.082141,-0.111574,-0.214996
0.395734,-0.045657,0.054428,0.059217
0.399344,-0.016117,0.047939,0.081486
0.336257,0.046729,-0.192873,0.167270
0.060981,-0.010339,-0.548588,0.042219
0.021580,-0.015232,-0.516460,0.054387
-0.080256,-0.001279,-0.432393,0.058200
-0.135356,-0.018792,-0.361897,0.060323
0.180236,-0.014211,0.204022,0.169069
0.212082,-0.017316,0.239078,0.109592
-0.128517,-0.035605,-0.351316,0.059713
-0.159357,-0.022107,-0.331776,0.057512
0.165690,-0.019525,0.209824,0.183987
0.221152,-0.019019,0.237991,0.103607
-0.048642,-0.079462,-0.110864,-0.215595
0.391754,-0.060960,0.066782,0.033152
0.396877,-0.030964,0.063566,0.064982
0.385334,0.041474,-0.121601,0.190611
0.050017,-0.007990,-0.557755,0.060001
0.034705,-0.018487,-0.543228,0.071282
-0.060056,-0.010799,-0.466056,0.081183
-0.120469,-0.051947,-0.364516,0.081758
0.220101,-0.019082,0.224257,0.118692
0.253709,-0.016455,0.207682,0.099199
-0.082165,-0.086665,-0.331361,0.056519
-0.043559,-0.086444,-0.111085,-0.213541
0.405709,-0.082810,0.051345,0.009749
0.425648,-0.047728,0.046933,0.053686
0.348720,0.017587,-0.174259,0.186016
0.038922,-0.011303,-0.551163,0.067819
0.002740,-0.014057,-0.525188,0.080781
-0.101813,0.000306,-0.437857,0.083637
-0.157751,-0.015604,-0.369269,0.086898
0.130113,-0.012697,0.181824,0.241593
0.165793,-0.020319,0.205911,0.192571
-0.169765,-0.027753,-0.345337,0.087128
-0.195665,-0.015187,-0.312903,0.068026
-0.181869,-0.084156,-0.057803,0.016210
0.142376,-0.011991,0.384861,0.028420
0.186937,-0.010223,0.349537,0.016912
0.345168,-0.013161,0.195128,0.016500
-0.042474,-0.038651,-0.375428,0.000827
-0.061988,-0.089886,-0.095120,-0.207068
0.026232,-0.184080,0.034837,0.053773
-0.207672,-0.155281,0.101462,0.088109
-0.053331,-0.125269,0.026225,0.111485
0.040442,-0.076897,0.023522,0.112439
0.241680,0.003408,0.033011,0.118847
0.371609,0.073529,-0.053813,0.127137
0.075422,0.014885,-0.501990,0.060896
0.090090,-0.015557,-0.558076,0.027817
0.091251,-0.026329,-0.548981,0.028331
-0.012316,-0.021001,-0.453623,0.031212
-0.069798,-0.057533,-0.343151,0.014828
0.279675,-0.017336,0.235361,0.046291
-0.022602,-0.087334,-0.127757,-0.217384
0.359948,-0.007399,-0.149895,0.091214
0.336550,-0.026447,-0.212735,0.173924
0.035868,-0.017474,-0.544982,0.070862
-0.030535,-0.006838,-0.502895,0.084549
-0.127162,0.002461,-0.422239,0.091212
-0.196223,-0.010292,-0.343012,0.093803
0.099533,-0.007403,0.202862,0.244286
0.149662,-0.018251,0.227528,0.184662
-0.170663,-0.022725,-0.309490,0.047150
-0.192554,-0.011896,-0.258845,0.007567
-0.102883,-0.054510,0.041416,0.006268
0.187695,-0.018968,0.336022,0.038440
0.253104,-0.016173,0.237100,0.068613
-0.051561,-0.084054,-0.106074,-0.212783
0.346807,-0.075614,0.094637,0.043793
0.333680,-0.034426,0.099519,0.088455
0.418827,0.028686,-0.042602,0.121833
0.044274,-0.002785,-0.560304,0.063210
0.051246,-0.019703,-0.555362,0.068092
0.002980,-0.036799,-0.503481,0.081575
0.343871,-0.022453,0.019059,0.203005
0.318178,-0.020679,0.031749,0.214569
-0.083443,-0.019820,-0.434140,0.081675
-0.138563,-0.018116,-0.374685,0.075635
-0.243304,-0.014433,-0.225625,0.027634
-0.012946,-0.038455,0.185089,0.019843
0.180651,-0.004938,0.321884,-0.014162
-0.048774,-0.071342,-0.115342,-0.219122
0.376567,-0.004863,0.039258,0.107433
0.372386,0.008584,0.031584,0.125271
0.355685,0.042522,-0.177006,0.270465
0.055877,-0.021190,-0.570510,0.080095
0.023920,-0.026534,-0.548039,0.094926
-0.081851,-0.017677,-0.447318,0.091118
-0.157468,-0.020902,-0.341923,0.064565
0.145952,-0.012405,0.183181,0.163299
0.210899,-0.009454,0.220895,0.098246
-0.020910,-0.086889,-0.129452,-0.217859
0.278955,-0.025016,-0.240551,0.041887
0.207373,-0.074957,-0.349495,0.086365
0.027583,-0.019735,-0.533500,0.069951
-0.013976,-0.028531,-0.512953,0.099755
0.258693,-0.017912,-0.098119,0.353305
0.128699,-0.030110,-0.172078,0.297691
-0.128598,-0.009140,-0.426718,0.108729
-0.194203,-0.008850,-0.360099,0.107425
-0.279099,-0.014962,-0.230192,0.068525
-0.362619,-0.034323,-0.075828,0.017259
0.017994,-0.011046,0.492990,0.034141
0.129909,-0.009004,0.426504,-0.004283
0.265275,-0.003571,0.241426,0.020149
-0.018507,-0.085996,-0.132042,-0.218614
0.205278,-0.030475,-0.322571,0.053045
0.441842,-0.017919,-0.097872,0.163923
0.047740,-0.030544,-0.517405,0.044696
0.022556,-0.026015,-0.505139,0.052877
0.000374,-0.065304,-0.413982,0.041082
0.316744,-0.022351,0.149780,0.098867
0.321229,-0.012705,0.159876,0.075250
-0.005460,-0.073389,-0.389341,0.034236
-0.075398,-0.041332,-0.390691,0.051710
0.270899,-0.020769,0.192414,0.101161
0.292173,-0.015936,0.192958,0.074723
-0.079507,-0.050031,-0.375742,0.049559
-0.110351,-0.026195,-0.373537,0.054355
-0.070400,-0.070547,-0.098842,-0.214052
-0.211254,-0.120097,0.093960,0.110083
-0.030670,-0.073978,0.036520,0.150412
0.232032,0.014629,0.021188,0.170948
0.366301,0.058002,-0.080741,0.187596
0.106392,0.000788,-0.479118,0.135666
0.084195,-0.023114,-0.576732,0.059962
0.107960,-0.033823,-0.563273,0.033410
0.018239,-0.021317,-0.456421,0.003771
-0.056100,-0.027767,-0.336616,-0.035244
-0.022024,-0.081479,-0.131808,-0.219831
0.239410,-0.025560,-0.285765,0.018726
0.461090,-0.018083,-0.070504,0.137764
0.035033,-0.040164,-0.517074,0.071821
0.014909,-0.030337,-0.518878,0.078613
0.340336,-0.021097,-0.084167,0.297292
0.300552,-0.020382,-0.069109,0.316816
-0.090706,-0.011575,-0.439176,0.085729
-0.158048,-0.010454,-0.389122,0.101896
-0.246688,-0.013530,-0.286381,0.090871
-0.148165,-0.093851,0.052453,0.247223
-0.041662,-0.049850,0.134474,0.257624
-0.256579,-0.002895,-0.227844,0.031590
-0.253503,-0.002540,-0.207278,0.007593
-0.319989,-0.017177,-0.064885,-0.053675
0.051096,-0.004518,0.476875,-0.054527
0.146679,-0.005467,0.440541,-0.039292
0.288445,0.006821,0.244871,-0.029630
-0.052297,-0.069101,-0.113764,-0.219328
0.368967,-0.013315,0.060342,0.089053
0.361580,0.004999,0.054517,0.110967
0.383861,0.043277,-0.121535,0.225983
0.051559,-0.017351,-0.582465,0.092531
0.038947,-0.029826,-0.561856,0.097008
-0.046718,-0.034075,-0.487114,0.112179
-0.126738,-0.057335,-0.353962,0.082545
0.255387,-0.015927,0.230755,0.073738
0.298728,-0.014191,0.238038,0.021264
-0.039089,-0.033376,-0.312959,-0.070297
-0.026769,-0.072037,-0.133763,-0.222550
0.366457,0.041332,-0.141753,0.197520
0.354067,0.025926,-0.200956,0.303888
0.034200,-0.020892,-0.561414,0.092379
-0.041247,-0.013882,-0.512341,0.111743
-0.148241,-0.011037,-0.424209,0.127759
-0.243141,-0.021183,-0.318476,0.127072
0.021233,-0.025641,0.169694,0.347700
0.092916,-0.014642,0.210571,0.245903
-0.223931,-0.000989,-0.261361,0.030553
-0.233954,0.000786,-0.213696,-0.008865
-0.271906,-0.030462,-0.051157,-0.097502
0.107184,-0.000479,0.433723,0.003094
0.170072,-0.000805,0.374385,-0.001228
0.344672,-0.008177,0.213779,-0.006719
-0.008159,-0.038294,-0.326080,-0.082991
-0.057609,-0.020414,-0.329376,-0.048328
0.349919,-0.088700,0.076549,0.025707
0.404916,0.019828,-0.053208,0.076708
0.044353,-0.004892,-0.536987,0.041977
0.035770,-0.016087,-0.551381,0.075971
-0.010007,-0.036688,-0.507205,0.098228
0.303536,-0.021717,-0.030772,0.291850
0.269361,-0.019942,-0.024449,0.318428
-0.105830,-0.016705,-0.433810,0.100617
-0.160062,-0.017244,-0.373983,0.095562
-0.259072,-0.014419,-0.228858,0.046620
-0.224802,-0.079215,0.024312,-0.021981
0.142138,-0.015519,0.397132,0.004971
0.216224,-0.003884,0.272248,0.018837
-0.029868,-0.067068,-0.134406,-0.223755
0.379098,0.044254,-0.118586,0.212092
0.376143,0.019115,-0.169946,0.305345
0.033945,-0.025835,-0.567758,0.103921
-0.028402,-0.023096,-0.529030,0.124800
-0.131001,-0.016953,-0.432372,0.124598
-0.222974,-0.017013,-0.320243,0.104501
0.053095,-0.018486,0.175351,0.248239
0.128724,-0.006696,0.213009,0.152681
-0.194309,-0.004933,-0.234947,-0.021539
-0.206749,-0.004648,-0.210599,-0.033732
-0.255119,-0.029112,-0.052969,-0.117679
0.130255,-0.007145,0.432246,-0.012552
0.189654,-0.007037,0.372681,-0.012781
0.355443,-0.012075,0.222362,-0.022324
-0.052241,-0.084595,-0.105255,-0.212362
0.334953,-0.075279,0.100397,0.050706
0.316378,-0.034285,0.104144,0.092530
0.416107,0.028412,-0.035871,0.119180
0.038951,-0.003052,-0.559150,0.068292
0.049954,-0.019969,-0.556897,0.071184
0.011065,-0.041452,-0.505618,0.080287
0.370717,-0.022376,0.036754,0.158739
0.352473,-0.021426,0.051416,0.161452
-0.059781,-0.023889,-0.431232,0.059173
-0.107661,-0.016445,-0.372995,0.041373
-0.214146,-0.017389,-0.249148,0.024955
0.165352,-0.018631,0.274806,0.115881
0.228007,-0.016004,0.280781,0.050924
-0.114165,-0.033609,-0.256557,-0.051390
-0.141003,-0.021592,-0.244206,-0.048927
0.350065,-0.089517,0.076273,0.024472
0.402409,0.011029,-0.057711,0.041822
0.065804,-0.017325,-0.507785,0.003626
0.050970,-0.023644,-0.528691,0.045642
-0.005699,-0.035992,-0.499708,0.085770
0.258890,-0.013997,-0.062809,0.357914
0.231536,-0.015394,-0.043206,0.368510
-0.130353,-0.010742,-0.429189,0.114557
-0.184464,-0.012627,-0.382025,0.123388
-0.277489,-0.013891,-0.254853,0.090505
-0.176610,-0.088653,0.081779,0.118740
0.103671,-0.016810,0.382304,0.067718
0.180108,-0.006151,0.262409,0.041612
-0.167916,-0.011561,-0.234854,-0.041396
-0.192229,-0.010798,-0.213313,-0.039388
-0.118688,-0.052396,0.039069,-0.147855
0.220115,-0.016543,0.358182,-0.018941
-0.025410,-0.064041,-0.140746,-0.225015
0.280932,0.047617,-0.241246,0.277841
0.038675,-0.039601,-0.530336,0.127847
0.015025,-0.033710,-0.546271,0.109229
0.293503,-0.022569,-0.172090,0.386261
-0.017493,-0.089682,-0.434322,0.130246
-0.079384,-0.031940,-0.417380,0.072977
0.238075,-0.006446,0.147921,0.161635
0.264769,0.003148,0.164683,0.099956
-0.098391,-0.007218,-0.323258,-0.026861
-0.144335,-0.008045,-0.242358,-0.060990
-0.221127,-0.019775,-0.114196,-0.100629
0.165559,-0.004747,0.401840,-0.080678
0.239410,-0.016658,0.338073,-0.018129
0.267025,-0.007437,0.135324,0.113266
-0.102718,-0.016622,-0.375662,0.039275
-0.161798,-0.014754,-0.325664,0.046489
-0.262701,-0.047526,-0.186837,0.041446
0.147852,-0.018221,0.348851,0.064803
0.223040,-0.015913,0.325889,0.010773
-0.066706,-0.087492,-0.092925,-0.206738
-0.215811,-0.185896,0.136696,0.029696
-0.046246,-0.191821,0.010621,0.079647
-0.009841,-0.128220,0.014051,0.117610
0.034580,-0.080645,0.022358,0.117167
0.240483,0.003329,0.034257,0.123547
0.371200,0.072628,-0.054599,0.131107
0.077964,0.013131,-0.498425,0.084262
0.075629,-0.019060,-0.576511,0.064218
0.075644,-0.033387,-0.564646,0.066661
-0.008521,-0.033776,-0.480368,0.066937
-0.077059,-0.053613,-0.341286,0.016404
-0.061272,-0.078420,-0.101498,-0.212986
-0.160359,-0.162771,0.056597,0.068053
-0.175169,-0.124093,0.086045,0.104135
0.035432,-0.070785,0.022846,0.135192
0.240629,0.009431,0.029091,0.138582
0.369636,0.068989,-0.062860,0.151252
0.095951,0.010267,-0.480517,0.119061
0.080831,-0.022325,-0.581747,0.067519
0.098110,-0.034139,-0.562806,0.043108
0.008988,-0.029866,-0.471606,0.036757
-0.066498,-0.060285,-0.335689,0.008686
0.288482,-0.012604,0.213606,0.054560
0.323818,-0.008344,0.190698,0.037765
0.087327,-0.000797,-0.218705,-0.087313
-0.032709,-0.030330,-0.326336,-0.066332
0.330480,-0.009991,0.233908,-0.011133
0.351196,-0.012286,0.221281,-0.016562
0.015557,-0.048730,-0.310539,-0.111736
-0.043579,-0.083643,-0.112586,-0.214833
0.408749,-0.048660,0.044667,0.050770
0.411274,-0.015278,0.035002,0.084776
0.319325,0.047221,-0.211585,0.248423
0.045800,-0.013709,-0.558424,0.070605
-0.001188,-0.015850,-0.526087,0.087399
-0.107600,-0.004955,-0.435492,0.092319
-0.175060,-0.016016,-0.363344,0.098692
0.087332,-0.019520,0.160618,0.306622
0.135442,-0.018327,0.182509,0.242854
-0.020592,-0.085253,-0.130711,-0.218576
0.196597,-0.056205,-0.329672,-0.049163
0.459387,-0.040885,-0.073555,0.114097
0.045107,-0.042311,-0.512320,0.056906
0.006898,-0.031717,-0.518484,0.087661
0.314961,-0.019312,-0.099453,0.331148
0.246463,-0.027216,-0.120374,0.345891
-0.110532,-0.008235,-0.435940,0.098979
-0.177686,-0.007378,-0.381717,0.111053
-0.257027,-0.014241,-0.271108,0.086649
-0.350286,-0.047146,-0.091957,0.035190
0.039877,-0.012952,0.454965,0.056281
0.147396,-0.011834,0.406073,0.001720
0.259894,-0.000665,0.217877,0.021691
-0.028812,-0.065671,-0.136369,-0.224281
0.360468,0.048501,-0.144015,0.240751
0.348234,0.023375,-0.206447,0.351413
0.032680,-0.025987,-0.566695,0.104275
-0.046061,-0.019818,-0.513616,0.123768
-0.150530,-0.018565,-0.420414,0.133782
-0.246278,-0.012158,-0.300237,0.102944
-0.211057,-0.091706,-0.029951,0.117779
0.109724,-0.005460,0.324631,0.109584
0.065498,0.001800,0.126090,0.029000
-0.176567,-0.002270,-0.226595,-0.050295
-0.183773,-0.004426,-0.195127,-0.072401
-0.224784,-0.017480,-0.036486,-0.176969
0.155998,-0.011270,0.457379,-0.062760
0.194592,-0.010213,0.366488,-0.008382
0.336801,-0.015787,0.201353,0.021485
-0.039815,-0.056252,-0.360694,0.001053
-0.041089,-0.088485,-0.111928,-0.213162
0.412396,-0.057085,0.040264,0.047868
0.420278,-0.021610,0.030724,0.082299
0.328002,0.036041,-0.207014,0.244539
0.040008,-0.014202,-0.557882,0.076350
-0.015637,-0.013592,-0.521476,0.094980
-0.121048,-0.003291,-0.432289,0.100901
-0.189871,-0.012934,-0.354309,0.101386
0.042243,-0.023975,0.143853,0.343349
0.085939,-0.020411,0.164935,0.302474
-0.206110,-0.012849,-0.289366,0.052597
-0.228622,-0.011217,-0.231223,0.015334
-0.307913,-0.021835,-0.087300,-0.038678
0.099206,-0.012236,0.452135,-0.045290
0.189832,-0.013582,0.397383,-0.030797
0.285462,-0.005459,0.212524,0.042479
-0.049471,-0.082343,-0.108635,-0.214081
0.367846,-0.054642,0.077701,0.060260
0.352358,-0.016002,0.076695,0.098753
0.398443,0.041333,-0.088507,0.177529
0.050425,-0.006190,-0.569250,0.069291
0.045188,-0.021868,-0.555869,0.076822
-0.030149,-0.033448,-0.486003,0.093873
0.210360,-0.028590,-0.062228,0.342696
0.170760,-0.028517,-0.025980,0.349386
-0.126692,-0.018003,-0.410832,0.099799
-0.193667,-0.017343,-0.318319,0.073601
-0.297320,-0.003059,-0.190004,0.034655
-0.301293,-0.048091,-0.004175,-0.069118
0.080222,-0.006859,0.458544,-0.020538
0.183089,-0.003004,0.300316,-0.012741
-0.166265,-0.017362,-0.213992,-0.058109
-0.184945,-0.010497,-0.209688,-0.050598
0.084668,-0.021578,0.218437,-0.062452
-0.067960,-0.079921,-0.095781,-0.210212
-0.062240,-0.173802,0.008534,0.077280
-0.196300,-0.117861,0.098705,0.106378
0.038668,-0.072323,0.022794,0.127937
0.245289,0.008320,0.032608,0.128402
0.371798,0.072065,-0.057495,0.138019
0.080465,0.011491,-0.497979,0.061384
0.088864,-0.016588,-0.555623,0.027623
0.095528,-0.027200,-0.548787,0.024731
-0.010922,-0.019918,-0.452377,0.027490
-0.072871,-0.053342,-0.344833,0.015337
-0.049256,-0.088560,-0.105492,-0.211185
0.349754,-0.075771,0.089516,0.055910
0.336175,-0.031014,0.093097,0.098235
0.407990,0.034745,-0.063240,0.148422
0.047406,-0.003099,-0.562532,0.062526
0.050375,-0.020049,-0.554842,0.068788
-0.005664,-0.035401,-0.496104,0.081443
0.304589,-0.019855,-0.004980,0.262899
0.272090,-0.019032,0.007294,0.282748
-0.099335,-0.015993,-0.423604,0.083205
-0.159190,-0.017821,-0.342347,0.063630
-0.255207,-0.013090,-0.201958,0.014527
-0.240321,-0.062083,0.012170,-0.107006
0.156472,-0.012408,0.432987,-0.049172
0.248783,-0.001220,0.300287,-0.033180
