-0.041972,0.151047,-0.109863,-0.137363
0.173822,0.404936,0.064891,-0.009512
-0.025830,0.243520,0.066811,0.007862
-0.195232,0.103331,0.029543,-0.016979
-0.178272,0.107039,-0.023291,0.005120
-0.172560,0.119259,-0.030184,0.027914
-0.123161,0.139590,-0.039452,0.067525
-0.035921,0.150871,-0.040773,0.111640
-0.002080,0.085162,-0.041045,0.085651
-0.063037,-0.006695,-0.024505,0.034090
-0.022000,-0.067004,0.032599,0.072716
0.028655,-0.057757,0.039686,0.057110
-0.055256,-0.070738,-0.018757,0.008751
-0.052414,-0.060580,-0.036845,0.010185
0.120080,-0.033576,0.117532,0.064114
-0.001863,-0.019032,-0.044063,-0.040629
0.210225,-0.025572,0.206614,0.116390
0.007045,-0.080466,-0.074142,0.004309
0.201493,-0.021462,0.182088,0.109877
-0.087153,-0.031323,-0.007233,-0.017124
-0.085310,-0.033098,0.004375,-0.029075
-0.095659,0.078341,-0.019068,-0.106365
-0.115711,0.097632,-0.044972,-0.003223
-0.079938,0.102978,-0.051090,0.028951
-0.040049,0.095174,-0.046208,0.043800
-0.013951,0.073841,-0.039271,0.045295
-0.011530,0.029447,-0.046038,0.036415
-0.053817,-0.005586,-0.016751,0.014676
-0.015407,-0.042681,0.007810,0.018156
0.044033,-0.006136,0.031381,0.012015
-0.056486,-0.037645,-0.014866,-0.004732
-0.056996,-0.035110,-0.033519,-0.001506
0.220137,0.013310,0.249849,0.123123
-0.026271,-0.032910,-0.078674,0.004041
-0.045440,-0.035693,-0.051642,0.015405
0.201514,-0.033079,0.184035,0.143435
0.002645,-0.087201,-0.066224,0.007119
0.097828,-0.034853,0.113883,0.041161
-0.060368,0.115760,-0.081174,-0.116166
-0.132873,0.129858,0.057346,-0.018163
-0.126744,0.099693,-0.040536,-0.008056
-0.100439,0.103117,-0.049249,0.020643
-0.052099,0.103003,-0.049293,0.048184
-0.018431,0.083307,-0.040228,0.052055
-0.009899,0.041155,-0.043307,0.041759
-0.057964,-0.010802,-0.021445,0.020878
-0.024121,-0.058834,0.008179,0.038313
0.046584,-0.028067,0.044047,0.030562
-0.051810,-0.054896,-0.011209,-0.005379
-0.051536,-0.045154,-0.028644,-0.007081
0.116859,0.001397,0.124534,-0.014202
0.008971,-0.028276,0.011810,-0.034673
-0.010041,-0.101815,0.012318,-0.028472
-0.004367,-0.109208,0.004955,-0.021353
-0.057651,-0.036474,-0.064574,0.025876
-0.081097,-0.032153,-0.023274,-0.005686
-0.094779,-0.033819,-0.005803,-0.008777
-0.076204,0.092100,-0.050743,-0.107828
-0.105080,0.114140,0.007474,-0.005105
-0.093325,0.097580,-0.049648,0.015373
-0.054613,0.095514,-0.049168,0.036601
-0.023893,0.079321,-0.041164,0.041112
-0.009580,0.050555,-0.040526,0.037608
-0.014784,0.007244,-0.051935,0.026776
-0.051797,-0.013118,-0.017579,0.007904
-0.018519,-0.035952,-0.021449,0.001965
0.041068,-0.001479,0.023650,-0.003472
-0.055700,-0.036015,-0.007943,-0.005951
-0.059824,-0.041862,-0.022274,0.002534
0.178437,0.003824,0.184334,0.134358
-0.028793,-0.038457,-0.086041,0.014524
-0.043128,-0.039878,-0.086547,0.033219
-0.050605,-0.049654,0.007673,-0.000829
-0.041466,0.130647,-0.102798,-0.127241
0.150553,0.352946,0.021049,0.008041
0.151463,0.343432,0.018130,0.026738
0.100423,0.252117,0.003161,0.023407
0.040862,0.144962,-0.017372,0.019116
-0.035075,0.051507,-0.007729,0.018837
0.116783,0.013407,0.186209,0.080852
0.020335,-0.008890,-0.034134,0.048539
0.200832,0.009753,0.223631,0.176166
0.141972,-0.086547,0.199088,0.055737
-0.046752,-0.037102,-0.005903,0.047713
-0.096836,-0.036553,-0.043472,0.035984
-0.069911,-0.044727,-0.006422,-0.003819
-0.034850,-0.062394,-0.051660,0.004966
-0.018052,-0.048156,-0.091997,0.014266
0.151678,0.012661,0.168369,0.103657
-0.107907,-0.025382,-0.004737,-0.003324
-0.092610,-0.022665,-0.003220,-0.024115
-0.040110,-0.053596,-0.031029,-0.019196
-0.032509,-0.051526,-0.040802,-0.019106
-0.023537,-0.034499,0.009626,-0.084140
-0.055741,-0.030372,0.006861,-0.063970
-0.081774,0.110794,-0.058802,-0.112270
-0.152461,0.120980,0.024833,-0.030671
-0.149880,0.107564,-0.027213,-0.016919
-0.153133,0.106581,-0.036834,-0.003571
-0.124789,0.113684,-0.044208,0.024556
-0.074286,0.118582,-0.049578,0.052639
-0.030926,0.099871,-0.044068,0.056565
-0.008341,0.066728,-0.039478,0.051762
-0.016313,0.010307,-0.052601,0.032904
-0.055292,-0.017641,-0.020544,0.011610
-0.011965,-0.043903,0.008027,0.012608
0.048662,-0.018227,0.042158,0.026235
-0.054465,-0.055586,-0.010921,0.000121
-0.052397,-0.056992,-0.022406,0.000542
0.114087,-0.022922,0.100047,0.084928
0.027356,-0.036205,0.011491,0.046059
0.097427,-0.110561,0.129226,0.019412
0.162331,-0.075509,0.156072,0.079358
-0.064686,-0.034117,-0.040288,-0.003182
-0.074782,-0.029192,-0.025818,-0.011952
-0.102984,-0.028491,0.007746,-0.019927
-0.047794,-0.051384,-0.020925,-0.016724
-0.065302,0.101258,-0.067856,-0.110664
-0.062464,0.148450,0.054726,0.038451
-0.060080,0.105635,-0.050217,0.043405
-0.009446,0.090791,-0.039166,0.071096
-0.017193,0.016755,-0.054358,0.044554
-0.062795,-0.030967,-0.029960,0.023056
-0.021394,-0.067302,0.021988,0.042836
0.039227,-0.056895,0.059037,0.044574
-0.053116,-0.064609,-0.023993,0.004795
-0.050378,-0.059997,-0.034106,0.005485
0.123324,-0.039822,0.123351,0.070105
0.020450,-0.025106,0.002201,-0.039955
0.119028,-0.072127,0.130478,0.057656
0.124685,-0.071936,0.108930,0.064923
-0.046771,-0.032197,-0.042173,-0.021679
-0.080549,-0.031867,-0.022874,-0.006949
-0.095793,-0.035197,-0.006465,-0.005525
-0.104936,0.086036,-0.014518,-0.109267
-0.136487,0.104841,-0.026364,-0.024577
-0.145788,0.102584,-0.035534,-0.014096
-0.130988,0.106153,-0.043118,0.009828
-0.087131,0.113513,-0.049858,0.042419
-0.040750,0.103507,-0.046899,0.055728
-0.010575,0.074903,-0.039298,0.054476
-0.014608,0.018716,-0.050625,0.037474
-0.059396,-0.023123,-0.025657,0.018417
-0.016534,-0.056690,0.017643,0.030984
0.042025,-0.037326,0.043805,0.033603
-0.052593,-0.065593,-0.014630,0.001864
-0.047947,-0.065723,-0.026309,0.004218
0.136741,-0.038864,0.137539,0.124136
-0.021930,-0.032517,-0.085785,0.003418
-0.034790,-0.032369,-0.079595,0.005039
-0.064983,-0.031349,0.009305,-0.053465
-0.022025,-0.068268,-0.043277,-0.010368
-0.012966,-0.060409,-0.064623,-0.005941
-0.043613,-0.036597,0.020320,-0.072588
-0.038189,0.139384,-0.090308,-0.145707
0.019029,0.108589,-0.147348,0.005889
0.065776,0.216122,0.119934,-0.020575
-0.112176,0.074846,-0.083990,0.020600
-0.065704,0.032720,0.018889,-0.036119
0.023042,-0.038222,0.007884,0.101706
-0.051107,-0.019327,-0.103202,0.041361
0.083117,-0.027207,0.106650,0.181048
-0.019361,-0.072063,-0.089497,0.037024
-0.027725,-0.056646,-0.086283,0.026750
0.092081,-0.017315,0.104696,0.142908
-0.100726,-0.030563,-0.007375,-0.000220
-0.027141,-0.072985,-0.039413,-0.003349
-0.024553,-0.065240,-0.037303,-0.016772
-0.073798,-0.029335,0.008238,-0.048701
-0.090585,-0.029261,0.008010,-0.031955
-0.064759,0.106466,-0.071857,-0.112214
-0.090909,0.140864,0.058673,0.019221
-0.086592,0.102527,-0.050704,0.024086
-0.029148,0.106578,-0.043492,0.066536
-0.007383,0.065025,-0.040573,0.057706
-0.019574,-0.000044,-0.056649,0.032504
-0.056272,-0.024857,-0.023294,0.011155
-0.016989,-0.054513,0.011975,0.024392
0.041763,-0.046062,0.057574,0.039461
-0.054083,-0.064364,-0.019205,0.003443
-0.049000,-0.059805,-0.033520,0.004149
0.160104,-0.035905,0.179672,0.087237
-0.020030,-0.030244,-0.070440,-0.018106
-0.019143,-0.030850,-0.073520,-0.018563
0.036096,-0.037076,0.063396,-0.024154
-0.007333,-0.052402,-0.096788,0.012585
-0.022958,-0.040925,-0.082686,0.002644
0.103900,-0.090326,0.078987,0.037590
-0.069618,-0.030761,-0.025647,-0.016942
-0.065617,-0.026399,-0.025246,-0.025181
-0.098598,-0.028394,0.002947,-0.019703
-0.045500,-0.050980,-0.019218,-0.016960
-0.062341,0.088966,-0.061497,-0.107846
0.015839,0.154150,0.036086,0.091268
-0.004390,0.083683,-0.039956,0.076635
-0.023626,-0.006640,-0.063233,0.042630
-0.059393,-0.040060,-0.030964,0.026011
-0.016304,-0.070757,0.031928,0.059102
0.038958,-0.060024,0.051138,0.036444
-0.048220,-0.064294,-0.020403,-0.001882
-0.046778,-0.060162,-0.028383,-0.001896
0.132186,-0.039648,0.144646,0.039656
0.020976,-0.027333,0.005546,-0.034727
0.117979,-0.077605,0.129495,0.056659
0.154402,-0.061965,0.142026,0.083877
-0.047088,-0.034011,-0.056275,-0.005049
-0.074703,-0.031652,-0.027684,-0.007733
-0.106520,-0.032313,0.001876,-0.006362
-0.043955,-0.071362,-0.026163,-0.001969
-0.034000,0.122003,-0.102423,-0.126788
0.090977,0.280439,0.008220,0.012929
0.029087,0.128477,0.002221,0.056818
0.004531,0.025609,-0.053940,0.048937
-0.073677,-0.025726,-0.022229,0.030193
-0.013315,-0.069435,0.050220,0.113136
0.011064,-0.078938,0.040053,0.085309
-0.054417,-0.072302,-0.012362,0.003909
-0.049583,-0.063278,-0.014783,-0.004465
0.060349,-0.011597,0.013376,0.030972
-0.005232,-0.016850,-0.090559,-0.020738
0.016623,-0.034607,0.037558,-0.094256
-0.000128,-0.061630,-0.073748,-0.008419
-0.003445,-0.047644,-0.088465,-0.004378
0.054315,-0.029419,0.066904,-0.057504
-0.029661,-0.037197,0.025123,-0.093247
-0.007377,-0.063962,-0.061118,-0.011478
-0.004303,-0.050147,-0.092873,0.003388
0.138418,-0.023873,0.132852,0.059096
-0.046762,-0.042825,0.013516,-0.048736
-0.089553,0.073848,-0.022181,-0.104901
-0.086794,0.103484,-0.050525,0.022515
-0.030787,0.107499,-0.043936,0.063721
-0.009889,0.049376,-0.047515,0.063322
-0.071669,-0.033990,-0.035186,0.037011
-0.022827,-0.061435,0.065793,0.121630
-0.032751,-0.042610,-0.084918,0.023416
-0.020459,-0.030394,-0.095620,0.006935
-0.017082,-0.023598,-0.058643,-0.013062
0.217847,-0.015028,0.203556,0.125340
0.009235,-0.080474,-0.082660,0.012641
0.155111,-0.013279,0.155508,0.079653
-0.096104,-0.026415,-0.002026,-0.018277
-0.086651,-0.029210,0.003381,-0.031073
-0.033398,-0.060748,-0.025608,-0.023344
-0.074446,0.100155,-0.058410,-0.109866
-0.107496,0.127301,0.025357,0.004515
-0.095700,0.102360,-0.049713,0.018089
-0.048889,0.103618,-0.048670,0.047888
-0.018406,0.082711,-0.039935,0.048322
-0.009399,0.043616,-0.042220,0.039832
-0.050545,0.007082,-0.012038,0.016286
-0.013437,-0.039132,0.010740,0.020939
0.049549,-0.016686,0.047067,0.033437
-0.057532,-0.051403,-0.012633,0.002822
-0.054362,-0.052302,-0.028635,0.002249
0.140297,-0.009125,0.146475,0.053282
0.016356,-0.033962,0.014853,-0.008988
0.022767,-0.126759,0.052110,-0.025407
0.031872,-0.123756,0.040724,-0.017867
-0.057794,-0.034316,-0.057054,0.008687
-0.086961,-0.031889,-0.021016,-0.002141
-0.098622,-0.034834,-0.006326,-0.003213
-0.066053,0.107817,-0.071560,-0.112504
-0.101891,0.138400,0.055568,0.012645
-0.095740,0.102615,-0.049678,0.018042
-0.042229,0.107933,-0.046960,0.057295
-0.011452,0.080772,-0.039029,0.056508
-0.013515,0.024836,-0.048772,0.039459
-0.062703,-0.027353,-0.028854,0.023182
-0.021734,-0.067037,0.023676,0.045447
0.042333,-0.047509,0.054974,0.035845
-0.051549,-0.065351,-0.018175,0.001557
-0.047623,-0.059774,-0.032051,0.001839
0.150933,-0.037074,0.168548,0.069787
-0.022189,-0.031676,-0.077334,-0.008427
-0.026937,-0.033488,-0.080037,0.001242
-0.011158,-0.038673,0.034271,-0.057800
-0.007437,-0.058581,-0.078212,0.000292
-0.005693,-0.046220,-0.095138,0.003111
0.194367,-0.021924,0.176433,0.109201
-0.085840,-0.039056,-0.011019,-0.000952
-0.073584,0.102017,-0.060554,-0.110380
-0.110913,0.128140,0.030296,0.003303
-0.100259,0.101905,-0.049077,0.015287
-0.047557,0.108385,-0.048076,0.055036
-0.004920,0.080039,-0.040436,0.074135
-0.023119,-0.004889,-0.061906,0.040368
-0.061775,-0.043445,-0.032196,0.031058
-0.008373,-0.067110,0.058576,0.098668
0.024682,-0.070352,0.042890,0.053719
-0.050983,-0.069045,-0.014164,0.000003
-0.051539,-0.060047,-0.026705,0.000887
0.114251,-0.032676,0.111076,0.027188
0.009880,-0.018471,-0.023401,-0.067191
0.176901,-0.027273,0.164962,0.106155
0.006314,-0.074078,-0.073010,-0.002946
0.152184,-0.056787,0.131668,0.086089
-0.048679,-0.033620,-0.047287,-0.013208
-0.074363,-0.030534,-0.024428,-0.012959
-0.102005,-0.032050,0.000050,-0.009495
-0.071067,0.096592,-0.059105,-0.109074
-0.076269,0.137027,0.030779,0.027339
-0.064112,0.105115,-0.050633,0.040060
-0.012577,0.093793,-0.039372,0.069328
-0.013991,0.027942,-0.049968,0.046512
-0.060054,-0.020138,-0.024993,0.020452
-0.017736,-0.059459,0.021468,0.038017
0.020057,-0.045156,0.007849,0.036911
-0.051316,-0.072434,-0.012835,0.004803
-0.047299,-0.069880,-0.022269,0.004027
0.096492,-0.042320,0.086143,0.058648
-0.011547,-0.027416,-0.049400,-0.025407
0.216386,-0.023209,0.222614,0.119617
0.013341,-0.099878,-0.060586,0.008133
0.109674,-0.023757,0.110258,0.034423
-0.045317,-0.037328,0.013539,-0.047513
-0.008037,-0.066715,-0.072982,0.003801
-0.005970,-0.058444,-0.074951,-0.004572
-0.028863,-0.038069,0.026536,-0.090367
-0.078788,-0.033095,0.008818,-0.040182
-0.058522,0.095575,-0.069841,-0.109895
0.010155,0.161346,0.058284,0.084837
-0.007620,0.095702,-0.038652,0.078176
-0.020229,0.009130,-0.059060,0.046696
-0.064603,-0.040824,-0.033159,0.032990
-0.012053,-0.067235,0.053931,0.095481
0.008441,-0.070089,0.013027,0.048515
-0.056491,-0.068128,-0.017999,0.006079
-0.050628,-0.062822,-0.021390,-0.001220
0.057150,-0.035465,0.034022,-0.020101
0.004016,-0.016080,-0.032931,-0.040005
0.215024,-0.018280,0.224609,0.118649
0.008189,-0.082637,-0.071367,0.003285
0.128683,-0.027704,0.126818,0.024599
0.026049,-0.033923,0.051933,-0.054807
-0.003919,-0.049546,-0.099150,0.008679
-0.015413,-0.040100,-0.090029,0.001614
0.208188,-0.026663,0.185359,0.119873
-0.077287,-0.031394,-0.001709,-0.031899
-0.065235,-0.029527,0.012529,-0.061205
-0.069234,0.102896,-0.065320,-0.110828
-0.156171,0.095183,0.076551,-0.008937
-0.143111,0.074368,-0.033155,-0.013604
-0.133573,0.072620,-0.040096,0.005743
-0.103090,0.070077,-0.048793,0.031629
-0.057695,0.061436,-0.048897,0.050658
-0.023295,0.042232,-0.046375,0.052769
-0.012499,0.003192,-0.056232,0.044006
-0.052890,-0.024876,-0.029102,0.025365
-0.026057,-0.060304,0.000677,0.041251
0.006726,-0.052053,0.008178,0.015920
-0.049094,-0.066777,-0.005639,-0.004471
-0.047486,-0.060279,-0.020222,-0.004611
0.102507,-0.028517,0.105133,-0.002722
0.041233,-0.021062,0.029041,-0.037755
-0.003308,-0.112429,0.024272,-0.024777
-0.001067,-0.111943,0.017474,-0.024679
-0.043425,-0.034397,-0.052477,0.010579
-0.078008,-0.034404,-0.029523,-0.000317
-0.084162,-0.035142,-0.003467,-0.020434
-0.063351,0.101317,-0.069677,-0.110860
-0.044839,0.162195,-0.016449,0.000930
-0.021100,0.133722,0.002866,0.060014
-0.013432,0.095373,-0.039250,0.067936
-0.013184,0.031651,-0.048582,0.047033
-0.064340,-0.027588,-0.029665,0.025903
-0.027828,-0.068869,0.005505,0.051381
0.039433,-0.048821,0.044714,0.038803
-0.048536,-0.069765,-0.014336,0.000888
-0.046790,-0.063240,-0.027516,0.000935
0.123446,-0.040747,0.129952,0.053948
0.012837,-0.024909,-0.000926,-0.034773
0.095613,-0.092000,0.101437,0.037442
0.105243,-0.093203,0.091652,0.042365
-0.058165,-0.034228,-0.054666,0.005844
-0.074895,-0.031918,-0.030603,-0.003780
-0.106858,-0.031605,-0.000948,-0.003636
-0.043241,-0.069886,-0.025997,-0.003994
-0.039904,-0.061045,-0.027995,-0.014983
-0.075254,0.095938,-0.054567,-0.108768
-0.092740,0.128427,0.016285,0.013215
-0.075845,0.104479,-0.051013,0.030253
-0.032142,0.097761,-0.044195,0.051128
-0.009186,0.068807,-0.038951,0.048629
-0.012022,0.022291,-0.047101,0.029701
-0.046244,0.004558,-0.008718,0.005838
-0.012608,-0.031946,0.000527,0.007109
0.060038,-0.006745,0.060258,0.029500
-0.059672,-0.038289,-0.019806,0.000781
-0.057064,-0.040966,-0.031120,0.001107
0.200294,0.002994,0.222365,0.123923
-0.025648,-0.035131,-0.075710,0.003873
-0.030072,-0.032548,-0.079587,0.003795
0.013734,-0.045511,0.046190,-0.024524
-0.006791,-0.054738,-0.091281,0.008871
-0.011027,-0.046636,-0.090973,0.004697
0.206668,-0.028693,0.185360,0.123367
-0.092865,-0.036661,-0.002473,-0.010002
-0.065731,0.090456,-0.059478,-0.107950
-0.008246,0.152939,0.035088,0.075345
-0.015864,0.100081,-0.039731,0.072101
-0.012631,0.034146,-0.048331,0.049506
-0.065977,-0.029863,-0.031536,0.028643
-0.011888,-0.060626,0.060510,0.104849
0.022090,-0.076211,0.059336,0.060943
-0.053561,-0.064413,-0.024239,0.004610
-0.051913,-0.058344,-0.033871,0.004893
0.086952,-0.039892,0.077034,0.005688
0.009140,-0.024379,-0.019296,-0.070198
0.147077,-0.055528,0.152009,0.081945
0.090398,-0.090957,0.081734,0.034021
-0.049425,-0.033554,-0.059496,0.001322
-0.080266,-0.031061,-0.023704,-0.007116
-0.097264,-0.032470,-0.005851,-0.007397
-0.041857,-0.066901,-0.033146,-0.002027
-0.038422,-0.058467,-0.042558,-0.004494
-0.058593,-0.029082,0.003653,-0.059249
-0.045107,0.123156,-0.096876,-0.122675
0.123095,0.322119,0.009928,0.007585
0.090243,0.273012,0.002369,0.012629
0.047403,0.173163,-0.010881,0.036911
-0.017224,0.066584,-0.018300,0.026457
0.015918,0.013283,0.134030,0.042986
-0.021211,-0.035428,-0.078944,0.035322
-0.020472,-0.036788,-0.097626,0.030618
0.118681,-0.008771,0.184239,0.160239
0.207453,-0.021818,0.226101,0.148998
0.005670,-0.039545,0.025643,0.013833
0.156577,-0.008378,0.161392,0.102802
-0.014264,-0.073276,-0.044638,-0.011745
0.012481,-0.043881,0.014962,-0.024316
-0.037049,0.120576,-0.100583,-0.124447
0.099859,0.284218,0.011598,0.020655
0.040948,0.170079,-0.017868,0.034632
-0.070370,0.019338,-0.020628,0.035248
0.102368,-0.012123,0.197875,0.120845
0.028961,-0.028274,-0.025093,0.067550
0.159704,-0.002079,0.177627,0.131439
0.216561,-0.047923,0.278259,0.131435
0.111982,-0.029216,0.154522,0.100093
0.195680,-0.026150,0.181944,0.130144
0.006550,-0.089315,-0.072330,0.011616
0.116111,-0.018445,0.131040,0.060286
-0.045398,-0.039851,0.015631,-0.045188
-0.019951,-0.062423,-0.062246,0.000680
-0.013310,-0.054908,-0.066109,-0.009614
-0.025665,-0.036505,0.026445,-0.103877
-0.055613,-0.028522,0.016998,-0.076239
-0.073153,0.107236,-0.064620,-0.111754
-0.141078,0.117645,0.028991,-0.025675
-0.135098,0.099904,-0.040695,-0.011681
-0.109792,0.104203,-0.047483,0.014952
-0.068204,0.105123,-0.050894,0.038472
-0.032958,0.090620,-0.043920,0.043540
-0.011099,0.066419,-0.039134,0.043015
-0.013067,0.019340,-0.048696,0.031726
-0.059184,-0.022272,-0.025041,0.017976
-0.022251,-0.066543,0.023882,0.046588
0.046676,-0.042586,0.056719,0.034087
-0.050177,-0.058829,-0.020026,-0.003085
-0.047687,-0.056244,-0.027499,-0.003695
0.128845,-0.020472,0.140156,0.016584
0.013214,-0.029128,0.005580,-0.039195
0.028879,-0.124219,0.058550,-0.018435
0.038123,-0.123365,0.045114,-0.009655
-0.049592,-0.032101,-0.053266,-0.006321
-0.078290,-0.030980,-0.022413,-0.010840
-0.096361,-0.033940,-0.003982,-0.009057
-0.047716,0.130611,-0.065492,-0.149382
-0.039913,0.101955,-0.198103,-0.005657
0.048866,-0.002060,0.004744,0.071070
0.004615,0.152683,0.020432,-0.052805
-0.035911,0.073397,-0.026855,-0.064555
-0.048448,0.004262,-0.022332,0.077443
-0.107870,-0.008775,-0.072094,0.046258
-0.002653,-0.053019,0.046422,0.083680
-0.030206,-0.049186,-0.103899,0.039357
-0.028266,-0.046590,-0.095185,0.026103
0.089120,-0.106249,0.062699,0.067040
-0.043098,0.125484,-0.099359,-0.124336
0.137941,0.337695,0.015265,0.004920
0.130329,0.320368,0.014357,0.014606
0.070885,0.219895,-0.004683,0.027433
0.017953,0.104560,-0.029492,0.024717
-0.046153,0.011508,-0.024544,0.023135
0.044761,-0.015432,0.153216,0.066604
0.050182,-0.036566,0.024001,0.086522
0.205908,-0.029006,0.256679,0.184597
0.027335,-0.109264,0.062709,-0.016493
0.112607,0.001697,0.163345,0.090668
-0.028076,-0.032694,-0.070199,-0.009481
-0.077424,-0.028185,-0.013764,-0.023688
-0.085989,-0.029173,-0.007948,-0.020484
-0.068306,0.099022,-0.063484,-0.109865
-0.070463,0.142682,0.043577,0.033013
-0.061720,0.104012,-0.050513,0.040904
-0.021087,0.090653,-0.040729,0.055888
-0.009028,0.048857,-0.041992,0.045743
-0.058759,-0.008910,-0.020902,0.022782
-0.021260,-0.066184,0.033519,0.079164
0.023830,-0.066314,0.051501,0.061460
-0.050244,-0.070510,-0.014902,0.002395
-0.046942,-0.063207,-0.026789,0.000160
0.101308,-0.042138,0.102887,0.018139
-0.001738,-0.026179,-0.035784,-0.057326
0.193534,-0.025587,0.193067,0.108965
0.006832,-0.087536,-0.063738,0.001102
0.210772,0.000925,0.193918,0.111709
-0.070607,-0.035246,-0.018319,-0.009144
-0.051570,-0.050872,0.010016,-0.023684
-0.031982,0.121731,-0.100322,-0.130095
0.108878,0.256868,0.102048,0.030626
-0.075027,0.067917,-0.032701,0.040098
-0.071084,-0.005123,0.036998,0.018504
0.106589,-0.021058,0.080032,0.179157
0.022895,-0.052309,-0.024437,0.113217
0.140483,-0.069809,0.179913,0.121185
0.018963,-0.076638,0.004841,-0.021103
-0.004639,-0.009213,0.024209,0.040633
-0.100189,-0.023859,-0.006005,-0.011278
0.024051,-0.017522,0.030329,0.016943
-0.034004,-0.042311,-0.041512,-0.026116
-0.022722,-0.035672,-0.067859,-0.017689
0.006836,-0.073275,-0.070709,-0.006684
-0.023691,-0.033278,0.014334,-0.093879
-0.087092,-0.033339,-0.001099,-0.021392
-0.066390,0.105434,-0.069698,-0.111746
-0.122446,0.123448,0.040435,-0.016728
-0.125050,0.098607,-0.036233,-0.022660
-0.125081,0.097445,-0.039271,-0.020172
-0.112434,0.098838,-0.045947,-0.000271
-0.073876,0.104335,-0.051067,0.032565
-0.031524,0.094522,-0.043785,0.048713
-0.009573,0.066587,-0.039095,0.046509
-0.014736,0.015225,-0.050607,0.032788
-0.061087,-0.028199,-0.027830,0.019555
-0.027732,-0.068890,0.004254,0.049648
0.039458,-0.047809,0.043097,0.036334
-0.047008,-0.069353,-0.012232,-0.001321
-0.045370,-0.063343,-0.024641,-0.002031
0.112700,-0.035100,0.116691,0.027986
0.018492,-0.026398,0.008756,-0.021978
0.027962,-0.115015,0.048181,-0.019431
0.058569,-0.109050,0.058248,0.001660
-0.055169,-0.033469,-0.054961,0.001295
-0.079982,-0.030446,-0.024938,-0.006411
-0.104265,-0.029539,0.001100,-0.010709
-0.042275,-0.060913,-0.023295,-0.015843
-0.076218,0.096895,-0.054313,-0.109009
-0.100359,0.126050,0.014028,0.006631
-0.084312,0.104188,-0.050644,0.024060
-0.035780,0.103026,-0.045608,0.053968
-0.009306,0.074471,-0.038741,0.052633
-0.015128,0.017570,-0.050656,0.035876
-0.063253,-0.031554,-0.029869,0.023093
-0.019898,-0.068882,0.029649,0.055016
0.042025,-0.051799,0.055032,0.036959
-0.047915,-0.065972,-0.016158,-0.001789
-0.045723,-0.059799,-0.028856,-0.002099
0.132942,-0.034080,0.145939,0.034735
0.047226,-0.022731,0.043699,-0.013760
0.003870,-0.108640,0.022177,-0.026355
0.013211,-0.109617,0.019164,-0.018870
-0.048775,-0.033683,-0.059969,0.002661
-0.077763,-0.031618,-0.026084,-0.006754
-0.097186,-0.033403,-0.004196,-0.008188
-0.038723,-0.068599,-0.035373,-0.001232
-0.034953,-0.062210,-0.048574,0.001796
-0.064819,-0.030465,0.003383,-0.048593
-0.089091,-0.029864,0.001608,-0.026249
-0.074164,0.097378,-0.056705,-0.109154
-0.094160,0.129945,0.022208,0.013437
-0.080161,0.104295,-0.050934,0.028608
-0.024599,0.104692,-0.042067,0.066995
-0.007742,0.059827,-0.040978,0.054047
-0.058857,-0.004356,-0.020501,0.026729
-0.022898,-0.066374,0.028630,0.089692
0.026332,-0.065040,0.052117,0.059998
-0.049834,-0.070335,-0.015111,0.002091
-0.047376,-0.063109,-0.027853,0.001237
0.095078,-0.042758,0.095747,0.006650
0.002447,-0.025439,-0.026015,-0.067257
0.128024,-0.076427,0.125653,0.066558
0.150216,-0.059936,0.129367,0.083915
-0.055574,-0.026958,-0.030519,-0.030342
-0.076406,-0.026001,-0.024556,-0.015418
-0.104689,-0.028960,-0.000238,-0.009565
-0.045869,-0.065952,-0.025177,-0.006258
-0.097879,0.080039,-0.017890,-0.107006
-0.125289,0.097215,-0.042514,-0.010763
-0.098820,0.101378,-0.049400,0.016784
-0.046326,0.106855,-0.047931,0.055374
-0.013771,0.082238,-0.039458,0.056130
-0.012091,0.030391,-0.046891,0.040889
-0.065507,-0.024503,-0.024507,0.023857
-0.018504,-0.067485,0.036828,0.083929
0.011603,-0.078445,0.050950,0.070769
-0.054673,-0.069679,-0.017398,0.005791
-0.049370,-0.061593,-0.027726,0.000939
0.131567,-0.032819,0.135185,0.057784
0.001602,-0.019353,-0.038534,-0.040366
0.195692,-0.024550,0.191362,0.106968
0.010460,-0.086559,-0.067880,0.001065
0.168014,-0.004531,0.158601,0.070494
-0.070564,-0.034810,-0.011287,-0.022822
-0.055163,-0.043435,0.011413,-0.039696
-0.068684,0.094012,-0.059415,-0.108589
-0.056343,0.140461,0.032155,0.038269
-0.048308,0.104279,-0.048512,0.049186
-0.011834,0.083511,-0.039129,0.059204
-0.014481,0.023211,-0.050243,0.041739
-0.063363,-0.029217,-0.029725,0.023800
-0.014173,-0.064651,0.049949,0.087668
0.021238,-0.068487,0.042069,0.051359
-0.051340,-0.064485,-0.022777,0.002098
-0.049226,-0.059564,-0.032544,0.002717
0.161282,-0.031221,0.178593,0.084090
-0.017260,-0.027338,-0.080532,-0.006340
-0.025822,-0.029004,-0.088136,0.003379
-0.000623,-0.027155,0.040514,-0.054708
-0.007161,-0.052993,-0.085763,0.001979
-0.004916,-0.043977,-0.097576,0.002530
0.068917,-0.022291,0.086550,-0.032139
-0.029620,-0.036728,0.026580,-0.095955
-0.012007,-0.060323,-0.058652,-0.012957
-0.006383,-0.047726,-0.093795,0.003964
0.210771,-0.028467,0.193075,0.131514
-0.097171,-0.036707,-0.004803,-0.003367
-0.069383,0.077607,-0.046269,-0.104735
0.015226,0.140113,-0.001561,0.098903
-0.009028,0.053024,-0.048771,0.070340
-0.074091,-0.038381,-0.036797,0.042631
-0.037756,-0.067949,0.058681,0.118841
-0.032405,-0.047180,-0.082012,0.027820
-0.019345,-0.027198,-0.105576,0.017729
0.017202,0.000542,0.001753,0.077764
0.237883,0.025337,0.238047,0.168011
0.028172,-0.045031,-0.034451,0.015742
-0.004135,-0.026927,0.036895,-0.092416
-0.048810,-0.021534,0.019615,-0.092087
-0.020341,-0.056968,-0.039708,-0.026912
-0.014219,-0.055951,-0.050725,-0.023045
-0.007082,-0.036489,0.036997,-0.083682
-0.064907,-0.035840,0.010863,-0.048963
-0.040088,0.128014,-0.102486,-0.126486
0.145811,0.344247,0.020026,0.008519
0.145671,0.328179,0.016256,0.028683
0.060587,0.196891,-0.010327,0.032180
-0.043505,0.060335,-0.007313,0.029207
0.113822,0.009139,0.187496,0.105507
0.011825,-0.019905,-0.048973,0.063021
0.183430,-0.005154,0.206572,0.206556
0.229155,-0.031645,0.293575,0.158971
-0.006648,-0.042020,0.011575,-0.012085
0.091459,-0.029172,0.102587,0.027624
-0.005678,-0.050478,-0.095319,0.007535
-0.016086,-0.042502,-0.085702,0.000352
0.130211,-0.088923,0.099318,0.060205
-0.069814,-0.033085,-0.027930,-0.012041
-0.082688,-0.029442,-0.019208,-0.010933
-0.102184,-0.031257,-0.000923,-0.009135
-0.048493,-0.064613,-0.023810,-0.006594
-0.069286,0.102850,-0.065239,-0.110813
-0.156200,0.095157,0.076493,-0.008937
-0.144700,0.074730,-0.031866,-0.016373
-0.140355,0.073482,-0.036554,-0.003266
-0.119868,0.070718,-0.044993,0.019200
-0.077211,0.067500,-0.050596,0.047187
-0.032833,0.053790,-0.047129,0.059623
-0.012719,0.019306,-0.051241,0.049989
-0.001214,-0.009510,-0.051455,0.041306
-0.041139,-0.034972,-0.032280,0.025346
-0.020663,-0.054218,0.039035,0.091095
-0.007369,-0.072622,0.041211,0.069712
-0.061330,-0.062964,-0.017888,0.008001
-0.055827,-0.056922,-0.021814,-0.001606
0.087138,-0.039577,0.082451,-0.045275
0.007529,-0.027565,-0.030053,-0.077846
0.086946,-0.074896,0.103298,0.037742
0.112026,-0.072522,0.109547,0.060643
-0.023813,-0.027767,-0.053619,-0.037899
-0.061927,-0.029258,-0.032053,-0.019528
-0.096738,-0.034086,-0.000245,-0.012315
-0.069241,0.102890,-0.065309,-0.110826
-0.156068,0.095232,0.076489,-0.008906
-0.140103,0.073495,-0.035664,-0.006916
-0.123112,0.071404,-0.043998,0.016107
-0.083095,0.068473,-0.050543,0.043556
-0.039017,0.056306,-0.047393,0.057090
-0.014393,0.027006,-0.048608,0.050625
-0.004911,-0.005254,-0.052451,0.041089
-0.042432,-0.027446,-0.029637,0.020699
-0.023996,-0.059072,0.000572,0.027355
0.003907,-0.061997,0.017772,0.021313
-0.052517,-0.069381,-0.013202,0.001153
-0.048795,-0.062697,-0.025015,-0.000517
0.093985,-0.043927,0.099441,-0.025290
0.009581,-0.028124,-0.015641,-0.067154
0.012613,-0.114759,0.044931,-0.018721
0.007348,-0.116055,0.030553,-0.025623
-0.034237,-0.034397,-0.069465,0.005655
-0.068165,-0.034298,-0.036114,-0.003392
-0.096093,-0.033986,0.000872,-0.014254
-0.043720,0.134693,-0.103118,-0.128387
0.163133,0.368849,0.025151,0.002314
0.173301,0.386250,0.024772,0.018494
0.131528,0.315992,0.010961,0.032583
0.060594,0.191868,-0.009665,0.029106
-0.039303,0.062508,-0.004958,0.027467
0.115137,0.009149,0.185987,0.101561
0.024598,-0.014130,-0.031937,0.066524
0.188604,-0.002137,0.211367,0.206962
0.200967,-0.057195,0.262630,0.131459
0.018280,-0.041758,0.046091,0.010729
0.121838,-0.025935,0.124982,0.052537
-0.004807,-0.050796,-0.095581,0.007246
-0.017401,-0.041492,-0.084438,-0.000606
0.115259,-0.092988,0.087589,0.048183
-0.063707,-0.033534,-0.033010,-0.012514
-0.081684,-0.029504,-0.019721,-0.011368
-0.102176,-0.031152,-0.001020,-0.009134
-0.047739,-0.064567,-0.024433,-0.006930
-0.069249,0.102869,-0.065287,-0.110820
-0.137935,0.095649,0.079726,0.006861
-0.122235,0.071094,-0.044078,0.016910
-0.086469,0.066571,-0.050076,0.038755
-0.049730,0.053340,-0.047667,0.044839
-0.019721,0.034397,-0.046636,0.048390
-0.010435,0.001218,-0.053959,0.038472
-0.047058,-0.022513,-0.029906,0.022972
-0.027351,-0.060988,-0.006039,0.045934
0.004974,-0.055377,0.008184,0.018056
-0.048657,-0.068315,-0.006158,-0.004016
-0.046667,-0.061961,-0.020871,-0.003964
0.105071,-0.033870,0.108186,0.005837
0.046492,-0.024870,0.033696,-0.028327
-0.001635,-0.110194,0.022991,-0.025504
0.006426,-0.112654,0.023238,-0.022800
-0.030491,-0.031387,-0.067546,-0.008205
-0.066790,-0.032222,-0.031933,-0.011572
-0.083581,-0.037323,-0.004349,-0.017844
-0.035474,0.142788,-0.099727,-0.143647
0.090384,0.119847,-0.082678,0.011604
0.034989,0.235772,0.033084,-0.007723
-0.043093,0.155453,-0.015281,-0.010487
0.068643,0.015849,0.044962,0.058249
-0.043543,0.038080,-0.102470,0.008972
0.220171,0.204272,0.230893,0.121563
-0.038488,0.058794,-0.089482,-0.031170
0.225347,0.180114,0.215967,0.126078
-0.098916,0.000025,-0.034246,0.009772
-0.043704,-0.030046,0.018875,0.011777
-0.034673,-0.022088,-0.109855,0.022952
-0.022973,-0.014694,-0.123683,0.017422
0.253379,0.049250,0.226098,0.168472
-0.110298,-0.024610,-0.010839,0.005943
-0.085129,-0.039107,-0.008309,-0.004052
-0.035649,-0.065221,-0.052977,0.009912
-0.017596,-0.055172,-0.091590,0.020417
0.062999,-0.049007,0.090086,0.060834
0.213936,0.055021,0.025612,-0.031285
0.225720,0.222473,-0.051921,0.040344
0.190670,0.210828,-0.039688,0.063926
0.191830,0.145241,-0.082203,0.080059
0.186614,0.082774,-0.081223,0.078099
0.169981,0.004232,-0.098735,0.070015
0.262932,-0.008895,0.139410,0.127697
0.275653,-0.050501,0.275691,0.068465
-0.044018,-0.075890,0.025267,-0.001263
-0.072050,-0.068353,0.013575,-0.001164
-0.058999,-0.033355,-0.030302,-0.009473
-0.061484,-0.033888,-0.032997,-0.005422
-0.094673,-0.054281,-0.006117,0.011131
-0.092235,-0.049988,-0.011858,0.010138
-0.038895,-0.067124,-0.036404,-0.001516
0.160402,0.069861,-0.030116,-0.055656
0.164192,0.364025,-0.046228,-0.009875
0.160463,0.294741,-0.051954,0.024170
0.160087,0.259923,-0.053778,0.041445
0.154844,0.220516,-0.057789,0.040229
0.150493,0.183983,-0.060696,0.039109
0.153534,0.154478,-0.057157,0.040460
0.140133,0.111778,-0.097677,0.033638
0.196279,0.140499,0.033443,0.049758
0.287218,0.051164,0.254733,0.070684
0.179583,0.067711,0.218150,0.049759
-0.098213,-0.037959,0.004681,0.017945
-0.093627,-0.049026,-0.006959,0.014222
-0.067406,-0.039124,-0.038176,0.014686
-0.071045,-0.038211,-0.040158,0.011782
-0.083069,-0.058437,-0.014880,0.012447
-0.071485,-0.056178,-0.024032,0.007753
-0.023413,-0.084791,-0.014506,0.003173
0.102829,0.075442,-0.047196,-0.071880
0.081343,0.312137,-0.008754,0.021531
0.005920,0.192606,-0.114079,0.040512
0.018379,0.133926,-0.049205,0.079566
0.033216,0.114970,0.097519,0.004875
-0.122059,-0.038588,-0.015593,0.038189
-0.072475,-0.058378,-0.023774,0.030234
-0.081846,-0.055893,-0.039473,0.040911
-0.091744,-0.038150,-0.038044,0.027206
-0.069475,-0.060444,-0.025433,0.011511
-0.068288,-0.051908,-0.023355,-0.000392
-0.060432,-0.026538,-0.026104,-0.029876
-0.068349,-0.025745,-0.023745,-0.025756
-0.051393,-0.044225,-0.025029,-0.023296
0.047369,0.091462,-0.059949,-0.091917
0.206855,0.209442,0.254533,0.062713
0.076962,0.133414,0.148924,0.091643
0.070893,0.170300,0.152466,0.099878
-0.071170,0.023675,0.017039,0.025709
-0.064196,-0.047792,-0.022895,0.035137
-0.099711,-0.055331,-0.025388,0.043678
-0.107642,-0.035241,-0.026811,0.028896
-0.056006,-0.072012,-0.025348,0.029273
-0.072763,-0.057036,-0.037061,0.023117
-0.120068,-0.011748,-0.019268,0.010669
-0.118350,-0.010468,-0.007315,-0.006432
-0.042279,-0.039315,-0.010343,-0.004654
-0.052047,-0.039631,-0.023803,-0.027139
-0.082154,-0.020677,-0.008010,-0.032900
-0.085511,-0.025416,-0.002954,-0.029885
-0.048922,-0.042950,-0.020435,-0.029301
-0.046607,-0.043060,-0.026406,-0.027842
0.073114,0.190473,-0.043716,-0.237189
0.202821,0.314218,0.166274,0.065228
0.161856,0.329760,0.212170,0.058114
-0.056724,0.100398,0.051405,0.005214
-0.132177,-0.016608,-0.020888,0.038249
0.025457,0.037051,0.055533,0.104191
-0.075718,-0.065438,-0.030890,0.042457
-0.061400,-0.074566,-0.029620,0.027301
-0.056396,-0.070988,-0.043691,0.027227
-0.118310,-0.030517,-0.002631,0.009631
-0.122923,-0.024278,0.007442,-0.003151
-0.051841,-0.039788,-0.022544,-0.018435
-0.065676,-0.051378,-0.013525,-0.013363
-0.050672,-0.039729,-0.038460,-0.015082
-0.008300,-0.055595,-0.073517,-0.006527
-0.023277,-0.034101,0.028486,-0.083481
-0.069777,-0.031015,0.010720,-0.052657
0.216480,0.063495,0.002534,-0.040262
0.279433,0.290466,-0.069171,-0.012846
0.242543,0.335724,-0.037854,0.005524
0.225434,0.340462,-0.059335,0.029273
0.210190,0.292562,-0.068357,0.057628
0.196056,0.215487,-0.079366,0.087989
0.205623,0.117918,-0.074258,0.123768
0.222910,0.020566,-0.068813,0.149022
0.202722,-0.046134,-0.073283,0.145279
0.157065,-0.080157,-0.087346,0.122727
0.227891,-0.078806,0.118438,0.187236
0.284645,-0.015829,0.296493,0.111790
-0.062662,-0.074871,0.008009,0.008022
-0.076452,-0.066781,0.001416,0.000418
-0.066249,-0.016568,-0.030564,-0.022463
-0.069840,-0.012203,-0.031562,-0.022697
-0.080242,-0.035456,-0.013686,-0.014550
-0.065600,-0.038698,-0.012636,-0.027009
-0.036162,-0.040392,-0.024688,-0.033458
-0.081356,-0.024155,0.001808,-0.039992
-0.088110,-0.026396,0.006316,-0.035565
-0.045362,-0.039781,-0.024495,-0.032777
0.242342,0.051037,0.051577,-0.021216
0.167073,0.230675,-0.043007,0.046947
0.188639,0.172888,-0.020296,0.085870
0.191937,0.109293,-0.079682,0.089898
0.177448,0.018265,-0.099488,0.082913
0.279290,-0.007945,0.147796,0.149632
0.259097,-0.061423,0.247378,0.069300
-0.054391,-0.077435,0.019733,0.016321
-0.082751,-0.077054,0.008306,0.011286
-0.059637,-0.035644,-0.030602,-0.006976
-0.059983,-0.033988,-0.030651,-0.011138
-0.087231,-0.044877,-0.002126,-0.009710
-0.073026,-0.047087,-0.003603,-0.020228
-0.037242,-0.051695,-0.027445,-0.027478
0.054815,0.123458,-0.069747,-0.096215
0.121210,0.318035,0.264595,0.006924
0.011967,0.271883,0.195152,0.044721
-0.032603,0.297909,0.164380,0.056744
-0.040010,0.261049,0.139212,0.070374
-0.099668,0.150238,0.037602,0.000448
-0.090349,0.080150,-0.039989,-0.022336
0.023111,0.006968,0.057735,0.066435
-0.033832,-0.008113,0.014472,0.036064
-0.064210,-0.014415,-0.089875,0.024786
-0.043556,-0.006095,-0.117829,0.023552
0.002732,-0.052505,-0.075204,0.011552
-0.113588,-0.026979,-0.020125,0.021419
-0.135673,-0.027161,0.005172,0.014788
-0.069397,-0.057789,-0.021737,0.009942
0.139002,0.072250,-0.038473,-0.061246
0.121855,0.338694,-0.055156,-0.000101
0.118723,0.281746,-0.073171,0.033457
0.109638,0.223025,-0.076040,0.065121
0.061149,0.139832,-0.104017,0.078315
0.209220,0.071710,0.164813,0.148631
-0.033816,-0.001875,0.029875,-0.019904
-0.082054,-0.055874,0.003967,0.021255
-0.046809,-0.054651,-0.024289,0.049480
-0.058215,-0.048804,-0.034072,0.023159
-0.088606,-0.054861,-0.009678,0.009203
-0.085587,-0.051152,-0.014311,0.007107
-0.037384,-0.069089,-0.038368,0.000918
-0.095462,-0.029689,-0.000497,-0.017697
-0.097678,-0.028127,0.009517,-0.027432
-0.046954,-0.037049,-0.024969,-0.034188
0.127625,0.073277,-0.041642,-0.064315
0.097093,0.321261,-0.055237,0.004406
0.095568,0.268521,-0.079354,0.036744
0.040686,0.196821,-0.090240,0.072937
0.240714,0.095530,0.221721,0.146995
-0.062353,0.035029,0.025225,-0.005176
-0.114898,-0.041360,-0.013745,0.035279
0.007467,-0.056898,0.035851,0.093734
0.011983,-0.050454,0.038424,0.095702
-0.101237,-0.051767,-0.025190,0.034253
-0.064643,-0.041213,-0.076977,0.038894
-0.012669,-0.054653,-0.095535,0.018934
-0.053744,-0.023367,0.012408,-0.057865
-0.082045,-0.027786,0.005899,-0.039347
-0.030878,-0.057036,-0.028037,-0.027883
-0.026994,-0.054821,-0.034414,-0.027705
0.220401,0.046037,0.049792,-0.020877
0.183851,0.153756,-0.039736,0.088187
0.176001,0.100414,-0.027602,0.109794
0.200199,0.022504,-0.074916,0.111697
0.163320,-0.050295,-0.090962,0.088998
0.204126,-0.059257,0.092167,0.115680
0.278123,-0.045031,0.292177,0.076588
-0.012508,-0.081607,0.057474,-0.012807
-0.053682,-0.076983,0.023013,-0.004608
-0.060881,-0.034465,-0.034792,-0.008230
-0.060944,-0.033895,-0.032472,-0.008924
-0.089195,-0.049609,-0.003537,-0.001601
-0.085579,-0.050319,-0.005675,-0.002370
-0.040242,-0.066685,-0.029902,-0.007088
-0.092405,-0.029274,-0.001426,-0.020474
0.349883,0.059821,0.115117,-0.009818
0.237889,0.315718,-0.036489,-0.024211
0.232098,0.354585,-0.058956,-0.008352
0.226516,0.344369,-0.059730,0.018318
0.213705,0.308607,-0.066001,0.047316
0.197466,0.241229,-0.077503,0.076388
0.195274,0.159663,-0.079676,0.096532
0.194141,0.085933,-0.078688,0.096310
0.175466,-0.003211,-0.096174,0.087142
0.265275,-0.025394,0.142140,0.146202
0.275968,-0.051921,0.278452,0.072883
-0.037215,-0.074644,0.033209,0.008173
-0.082125,-0.077355,0.009074,0.011664
-0.060226,-0.040135,-0.033073,0.008208
-0.062396,-0.033838,-0.034249,-0.006515
-0.083094,-0.045716,-0.004767,-0.010365
-0.078122,-0.049433,-0.004844,-0.011544
-0.039613,-0.062152,-0.028270,-0.013896
0.219274,0.050725,0.038479,-0.025733
0.226044,0.210773,-0.052008,0.039257
0.187426,0.216409,-0.044242,0.030902
0.186743,0.192257,-0.089232,0.030310
0.188887,0.154645,-0.074121,0.057375
0.295111,0.114795,0.134336,0.114804
0.287735,-0.003062,0.253371,0.073187
-0.033959,-0.058838,0.021379,-0.011337
-0.086097,-0.073505,0.003986,0.025587
-0.057445,-0.040953,-0.031286,0.013104
-0.059951,-0.039515,-0.032861,0.005449
-0.093118,-0.053767,-0.006832,0.009775
-0.091576,-0.049498,-0.011306,0.008437
-0.039730,-0.065410,-0.038689,-0.000107
-0.088695,-0.028855,-0.003261,-0.022534
-0.098427,-0.028382,0.002963,-0.019829
-0.040441,-0.061134,-0.022662,-0.016205
0.119226,0.065526,-0.028858,-0.058904
0.129926,0.224196,-0.050417,0.033470
0.141189,0.187357,-0.025981,0.041565
0.162999,0.167238,-0.020346,0.046901
0.168360,0.146697,-0.033648,0.038077
0.173933,0.113027,-0.087014,0.031713
0.157040,0.066671,-0.098875,0.029044
0.251110,0.103170,0.112175,0.058434
0.293703,0.010298,0.270407,0.057327
-0.004988,-0.020820,0.046216,-0.019592
-0.024654,-0.012720,0.061508,0.016947
-0.062346,-0.030523,-0.036252,0.007261
-0.064121,-0.034458,-0.037646,0.007815
-0.092079,-0.053548,-0.006749,0.008450
-0.085419,-0.050625,-0.004732,-0.003167
-0.042147,-0.066177,-0.024072,-0.010587
0.347225,0.056118,0.124513,-0.008598
0.213306,0.270927,-0.035952,0.015664
0.201133,0.262276,-0.078409,0.037984
0.193436,0.210362,-0.084993,0.060096
0.189278,0.162933,-0.085672,0.057931
0.182036,0.115477,-0.084528,0.055876
0.162833,0.046631,-0.102162,0.050014
0.263916,0.057959,0.131583,0.095991
0.261064,-0.054076,0.244414,0.060038
-0.056305,-0.068623,0.009927,0.016960
-0.085601,-0.075055,0.006252,0.019467
-0.050300,-0.046273,-0.023327,0.020902
-0.062215,-0.036352,-0.035265,-0.000243
-0.088973,-0.050752,-0.005219,0.001002
-0.084693,-0.051332,-0.007779,-0.000139
-0.039393,-0.068100,-0.034561,-0.001877
-0.096657,-0.030406,-0.001086,-0.015160
-0.099280,-0.028380,0.006069,-0.022142
-0.043535,-0.047356,-0.022478,-0.023644
0.120002,0.069594,-0.035722,-0.062511
0.081298,0.293028,-0.050879,0.010079
0.033770,0.242018,-0.074275,0.017031
0.202779,0.157683,0.233355,0.092711
-0.004293,0.162007,0.097945,0.015752
-0.128498,-0.002031,-0.012043,0.029145
0.011150,0.041747,0.047937,0.084767
-0.110706,-0.031721,-0.023817,0.025990
-0.105045,-0.036811,-0.020837,0.020582
-0.023603,-0.063153,0.006012,0.039522
-0.058945,-0.061606,-0.023351,0.000581
-0.089340,-0.029705,-0.013375,-0.011133
-0.090789,-0.027606,-0.004822,-0.020444
-0.050791,-0.049752,-0.015154,-0.015016
-0.081830,-0.044160,-0.004627,-0.013325
-0.052633,-0.035241,-0.065704,0.009645
-0.025997,-0.040954,-0.076084,-0.000900
0.027525,-0.121935,0.000406,0.000247
-0.078873,-0.034398,-0.029402,0.000834
-0.099142,-0.030681,-0.009288,-0.003495
-0.091134,-0.035257,-0.010816,-0.005804
0.103129,0.078827,-0.052663,-0.074927
0.085780,0.330293,-0.004434,0.019026
0.012102,0.214238,-0.112698,0.039644
0.016635,0.165224,-0.044298,0.075410
0.121226,0.222280,0.180967,0.055379
-0.138453,-0.015935,-0.009997,0.031238
-0.125280,-0.033013,-0.014605,0.029131
-0.065458,-0.057468,-0.050983,0.029980
0.021685,-0.071900,0.054020,0.107149
-0.078628,-0.059699,-0.017798,0.019091
0.120853,0.079850,-0.054768,-0.071722
0.113557,0.369277,-0.027796,-0.025105
0.113420,0.344594,-0.062410,0.005580
0.084968,0.304730,-0.081072,0.037604
0.037582,0.257065,-0.062456,0.072437
0.201474,0.168398,0.232207,0.101719
0.000148,0.169568,0.111716,0.023027
-0.120023,0.019886,0.003684,0.015156
0.016826,0.063688,0.059479,0.083855
-0.024541,-0.002512,0.007479,0.037560
-0.061616,-0.062198,-0.039718,0.019759
-0.087853,-0.059716,-0.017052,0.024007
0.353669,0.052602,0.141317,-0.007509
0.193276,0.227941,-0.031691,0.057021
0.192308,0.172557,-0.083571,0.075642
0.187956,0.107809,-0.081485,0.079884
0.170592,0.025088,-0.102074,0.069180
0.255229,0.015462,0.120625,0.126498
0.231170,-0.079852,0.220046,0.034011
-0.049904,-0.078644,0.019590,0.012643
-0.083914,-0.078045,0.008134,0.015780
-0.057549,-0.040915,-0.029108,0.006617
-0.062010,-0.036920,-0.034311,0.001354
-0.085207,-0.047752,-0.005644,-0.005340
-0.078211,-0.046785,-0.002544,-0.016404
-0.038993,-0.055744,-0.026695,-0.022458
0.117115,0.079657,-0.054239,-0.072358
0.109135,0.365967,-0.022746,-0.026189
0.098092,0.333580,-0.069391,0.001953
0.068473,0.295189,-0.088354,0.034021
0.030872,0.252419,-0.054699,0.078236
0.195464,0.211668,0.228136,0.100721
-0.101198,0.055206,0.015734,0.012122
-0.134440,-0.016870,-0.019020,0.035220
-0.059772,-0.027940,-0.020012,0.021381
-0.099738,-0.046548,-0.022524,0.030410
-0.104172,-0.042000,-0.016914,0.021785
-0.066272,-0.069638,-0.029682,0.022044
-0.059139,-0.064624,-0.031933,0.011772
-0.099983,-0.027950,-0.013811,-0.000976
-0.100756,-0.024885,-0.005873,-0.011923
-0.050930,-0.048839,-0.022119,-0.021151
-0.047072,-0.047728,-0.027137,-0.022000
0.064611,0.106113,-0.071778,-0.094845
0.140534,0.346797,0.204267,0.016725
-0.025505,0.260669,0.038188,0.039227
0.055053,0.297423,0.194552,0.086366
-0.071582,0.147321,0.070389,0.026066
-0.140207,0.024903,-0.034354,0.032706
-0.012930,0.037960,0.009797,0.021150
-0.132164,-0.018238,-0.010338,0.020231
-0.127024,-0.025613,-0.005472,0.016082
-0.058108,-0.070659,-0.026763,0.021271
-0.053066,-0.072853,-0.039968,0.022003
-0.108944,-0.045179,-0.006696,0.019585
-0.120665,-0.027195,0.000738,0.004543
-0.029381,-0.053138,-0.001743,0.017452
-0.066474,-0.048999,-0.016185,-0.012285
-0.043635,-0.038465,-0.040031,-0.021811
-0.006580,-0.056637,-0.069713,-0.011009
-0.012194,-0.038314,0.032618,-0.094828
-0.056980,-0.031848,0.016818,-0.070614
0.249492,0.042205,0.077495,-0.011758
0.157280,0.151864,-0.068191,0.106531
0.175772,0.057386,-0.051852,0.135745
0.174866,-0.020998,-0.047931,0.136511
0.093648,-0.088524,-0.108611,0.087425
0.155089,-0.083534,0.090295,0.146837
-0.076007,-0.074883,-0.001757,0.031494
-0.123941,-0.051110,0.015938,0.015183
-0.086291,-0.049181,-0.008389,-0.000078
-0.053957,-0.026261,-0.022362,-0.034450
-0.053360,-0.024806,-0.023333,-0.040981
-0.060512,-0.037600,-0.010934,-0.034897
-0.050668,-0.037238,-0.015283,-0.040755
-0.017499,-0.050676,-0.040109,-0.035648
-0.036548,-0.019688,0.028026,-0.113250
-0.089544,-0.019522,0.008011,-0.042158
-0.029889,-0.057810,-0.046795,-0.008973
-0.023405,-0.050652,-0.062194,-0.007609
-0.072860,-0.021293,0.005036,-0.040889
-0.101739,-0.033501,-0.007933,0.003952
-0.028384,-0.076133,-0.066215,0.026865
0.353549,0.052814,0.140619,-0.007565
0.193648,0.230535,-0.032678,0.054576
0.192401,0.173582,-0.083209,0.078067
0.193539,0.097643,-0.079129,0.096469
0.174840,0.008592,-0.098335,0.082554
0.238551,0.003516,0.109822,0.111529
0.263830,-0.060728,0.265776,0.051879
-0.033284,-0.068570,0.032586,-0.001400
-0.073138,-0.066284,0.014719,0.003104
-0.060807,-0.033885,-0.033473,-0.003508
-0.061251,-0.034989,-0.033058,-0.002520
-0.091494,-0.051156,-0.004605,0.003316
-0.091672,-0.049880,-0.005032,0.002642
-0.039935,-0.068608,-0.036237,0.000843
0.078752,0.201654,-0.040785,-0.241424
0.171354,0.375004,0.160670,0.009512
0.132415,0.365061,0.233550,0.035962
0.047322,0.310413,0.198080,0.061769
-0.121713,0.087105,0.026072,0.020125
-0.135997,0.016579,-0.046738,0.031043
-0.045505,-0.013079,-0.055140,0.006915
-0.116870,-0.032422,-0.012006,0.025514
-0.122652,-0.034115,-0.002031,0.017239
-0.052031,-0.074328,-0.036403,0.019848
0.228084,0.051195,0.042446,-0.024358
0.231720,0.196300,-0.058722,0.054342
0.190167,0.170563,-0.055089,0.078679
0.191296,0.097585,-0.079729,0.091309
0.174557,0.008316,-0.098334,0.082929
0.252462,-0.015417,0.123545,0.151248
0.251681,-0.062900,0.244120,0.063907
-0.053239,-0.077776,0.021065,0.015487
-0.083912,-0.076993,0.007205,0.013161
-0.062403,-0.035048,-0.034403,-0.002759
-0.063125,-0.033965,-0.034739,-0.003662
-0.085871,-0.047566,-0.006610,-0.003896
-0.077893,-0.046904,-0.003491,-0.015655
-0.038244,-0.052471,-0.026372,-0.026763
0.116520,0.072520,-0.041241,-0.065972
0.083692,0.303933,-0.040436,0.018466
0.048026,0.216494,-0.104348,0.045140
0.029132,0.152298,-0.072325,0.071189
0.221011,0.159968,0.242177,0.100176
-0.122245,-0.018578,-0.009514,0.029750
-0.122623,-0.036070,-0.011190,0.026694
-0.040629,-0.019180,-0.002800,0.019299
-0.102690,-0.020953,-0.018353,-0.000764
-0.102972,-0.025032,-0.012603,-0.002540
-0.051072,-0.057093,-0.016453,0.007510
-0.059499,-0.060046,-0.025185,0.000882
0.205188,0.055901,0.019269,-0.034003
0.207576,0.222908,-0.045576,0.046083
0.189266,0.207739,-0.024948,0.066149
0.189822,0.160045,-0.085027,0.061757
0.181862,0.111624,-0.084275,0.056910
0.163622,0.042706,-0.103162,0.050985
0.274029,0.048856,0.143781,0.100568
0.271913,-0.038469,0.260126,0.060947
0.009609,-0.021499,0.068037,-0.006500
-0.064620,-0.029951,0.027827,0.002840
-0.064053,-0.019889,-0.035284,-0.014410
-0.065858,-0.020035,-0.034203,-0.013249
-0.101814,-0.032996,-0.005734,-0.003368
-0.096451,-0.034523,-0.008195,-0.004772
-0.044167,-0.054469,-0.045713,0.000459
-0.073238,-0.051504,-0.009588,0.006305
-0.095844,-0.051142,-0.009708,0.015122
0.131175,0.067729,-0.030544,-0.058568
0.086491,0.274660,-0.071110,0.038061
0.047966,0.193086,-0.090576,0.072284
0.250496,0.094183,0.228450,0.141176
-0.053500,0.039636,0.031644,-0.006649
-0.113247,-0.041485,-0.011728,0.033492
-0.013816,-0.071725,0.013822,0.076239
0.007766,-0.059136,0.033239,0.091456
-0.100954,-0.052926,-0.019855,0.029794
-0.070218,-0.042477,-0.059396,0.028149
-0.016161,-0.053605,-0.085912,0.011739
-0.039547,-0.029337,0.018684,-0.073677
-0.073777,-0.028910,0.007778,-0.048658
-0.029896,-0.061260,-0.029621,-0.023125
0.353481,0.046155,0.157603,-0.005778
0.175930,0.168776,-0.020368,0.096371
0.204548,0.079382,-0.074905,0.117751
0.203441,0.004794,-0.072754,0.122302
0.155041,-0.057922,-0.091352,0.077612
0.193954,-0.065174,0.085611,0.105625
0.282947,-0.043295,0.305291,0.062776
-0.038315,-0.080941,0.036286,-0.007649
-0.069287,-0.073476,0.012345,-0.004901
-0.060851,-0.033592,-0.033713,-0.010390
-0.061911,-0.032643,-0.033876,-0.010281
-0.086218,-0.048940,-0.004818,-0.003967
-0.088502,-0.048438,-0.003381,-0.003622
-0.039927,-0.065499,-0.032096,-0.006416
-0.088611,-0.031965,-0.004852,-0.017708
-0.100634,-0.029779,-0.002116,-0.010806
-0.043069,-0.064180,-0.027249,-0.009386
-0.038972,-0.058388,-0.030019,-0.016559
0.112725,0.069040,-0.035819,-0.063598
0.084497,0.265394,-0.039191,0.060717
0.021047,0.134921,-0.117065,0.067331
0.030232,0.061283,-0.074672,0.076218
0.141608,0.057806,0.179247,0.049950
-0.114756,-0.048753,-0.000619,0.023918
-0.111873,-0.044965,-0.001565,0.014507
-0.063491,-0.055914,-0.025235,0.003608
-0.090593,-0.034331,-0.022278,0.004691
-0.099384,-0.032734,-0.010219,-0.000850
-0.057467,-0.064762,-0.023044,0.003058
-0.054062,-0.056129,-0.024590,-0.009119
0.138980,0.067073,-0.027770,-0.056563
0.094810,0.280734,-0.077818,0.024578
0.053687,0.206140,-0.099539,0.061779
0.234430,0.114989,0.197492,0.143077
0.020180,0.108939,0.087675,-0.004792
-0.077134,-0.009180,0.020012,0.007396
-0.045864,-0.048232,-0.020260,0.053745
-0.049639,-0.061531,-0.024895,0.043165
-0.093206,-0.057071,-0.008913,0.015250
-0.087594,-0.049482,-0.012730,0.005863
-0.034760,-0.072054,-0.040852,0.003730
0.212624,0.062665,0.004107,-0.039939
0.272514,0.292857,-0.063814,-0.019518
0.245701,0.330773,-0.035541,-0.002493
0.229809,0.351021,-0.057050,0.020812
0.216064,0.315555,-0.063931,0.048421
0.199374,0.248447,-0.075603,0.077145
0.195719,0.172959,-0.080369,0.092443
0.191491,0.103151,-0.080482,0.087423
0.176167,0.014771,-0.099291,0.080049
0.275972,-0.008090,0.146170,0.144437
0.270964,-0.056626,0.265934,0.070384
-0.043100,-0.074882,0.027248,0.006602
-0.071368,-0.070656,0.013366,-0.002255
-0.059035,-0.032936,-0.030626,-0.012987
-0.059733,-0.032748,-0.030069,-0.012249
-0.092739,-0.046578,-0.001060,-0.003564
-0.086454,-0.048529,-0.004395,-0.004565
-0.039752,-0.064002,-0.034141,-0.006042
0.040223,0.099699,-0.057578,-0.092261
0.167139,0.334162,0.228010,0.055849
0.110782,0.242708,0.191556,0.112645
-0.106271,0.000725,-0.008134,0.012400
-0.093284,-0.052191,-0.031841,0.039239
-0.066979,-0.078476,-0.027723,0.059039
-0.080881,-0.067439,-0.030367,0.055191
-0.079906,-0.061616,-0.033222,0.030829
-0.065060,-0.051207,-0.048696,0.021032
-0.028565,-0.013063,0.015574,-0.005408
-0.071270,-0.014060,-0.012786,-0.041673
-0.046429,-0.047464,-0.029151,-0.020898
-0.034223,-0.044479,-0.040317,-0.024924
0.031122,-0.036898,0.018532,0.008281
-0.090630,-0.027145,0.004871,-0.030701
0.142887,0.069731,-0.032539,-0.058310
0.122055,0.323439,-0.060980,0.008118
0.116267,0.252726,-0.074152,0.041697
0.065260,0.188200,-0.100377,0.070706
0.206407,0.124680,0.147477,0.142994
0.018014,0.067349,0.070782,-0.020256
-0.031506,-0.003441,0.053327,0.016385
-0.056632,-0.043501,-0.035476,0.043890
-0.055727,-0.054531,-0.034993,0.043532
-0.095198,-0.059373,-0.014600,0.025237
-0.087891,-0.053644,-0.011342,0.008934
-0.040575,-0.070552,-0.026505,-0.005423
-0.101115,-0.028415,0.006055,-0.020178
-0.102772,-0.028241,0.011241,-0.023831
-0.053187,-0.039640,-0.025345,-0.024018
0.215289,0.055584,0.024936,-0.031607
0.166644,0.275053,-0.061982,0.000119
0.193013,0.256722,-0.033809,0.018309
0.198534,0.234802,-0.029066,0.049665
0.192617,0.190240,-0.084749,0.067282
0.188022,0.129631,-0.082874,0.071761
0.172467,0.052175,-0.099870,0.065816
0.264607,0.047704,0.124412,0.116987
0.265065,-0.052589,0.247907,0.069219
0.000336,-0.058188,0.058705,-0.011665
-0.041727,-0.049455,0.039979,0.007539
-0.061736,-0.031862,-0.035739,-0.004106
-0.063720,-0.027113,-0.036525,-0.012755
-0.086325,-0.041473,-0.005416,-0.010644
-0.092087,-0.040489,-0.002856,-0.008510
-0.045480,-0.062381,-0.029435,-0.006327
-0.101114,-0.034190,-0.006338,-0.001132
-0.106495,-0.033103,-0.001598,-0.002000
-0.049654,-0.070381,-0.025618,0.002133
0.074220,0.192986,-0.043003,-0.238226
0.198903,0.322547,0.165556,0.059854
0.167079,0.325001,0.221552,0.061691
-0.048904,0.106536,0.053238,0.006827
-0.128176,-0.019412,-0.022480,0.038943
0.006529,0.009683,0.037557,0.096515
-0.118059,-0.037652,-0.015043,0.029242
-0.113682,-0.036637,-0.010150,0.018474
-0.041057,-0.056825,-0.014206,0.019245
-0.087374,-0.051704,-0.006126,0.001261
-0.074125,-0.045761,-0.022532,-0.001526
-0.027305,-0.063844,-0.053570,0.000779
-0.072440,-0.030310,0.005488,-0.045114
-0.090126,-0.030879,0.003255,-0.025848
0.078028,0.200317,-0.041146,-0.240950
0.185564,0.351508,0.163495,0.037109
0.155953,0.345588,0.228863,0.053502
0.024107,0.223652,0.138512,0.045581
-0.147609,0.013115,-0.015166,0.034217
-0.123752,-0.014184,-0.037126,0.031714
-0.049389,-0.057133,-0.070381,0.034208
-0.097468,-0.058876,-0.011164,0.035102
-0.110241,-0.050814,-0.004183,0.023632
-0.050666,-0.072960,-0.044968,0.024764
-0.041712,-0.068063,-0.046027,0.011875
-0.101398,-0.028634,-0.004147,-0.008510
-0.102892,-0.027006,0.003406,-0.017071
-0.042726,-0.050551,-0.021564,-0.021513
0.119206,0.066434,-0.030406,-0.059757
0.131349,0.210964,-0.047777,0.060791
0.117575,0.137758,-0.020684,0.087535
0.130457,0.081959,-0.007809,0.100455
0.158247,0.025273,-0.018547,0.090925
0.158410,-0.046755,-0.091640,0.074913
0.244008,-0.052949,0.138327,0.148490
0.281202,-0.043855,0.295873,0.079564
-0.041055,-0.079258,0.033329,-0.000603
-0.075326,-0.071725,0.010061,-0.003466
-0.059750,-0.033417,-0.030993,-0.013215
-0.060206,-0.032753,-0.030914,-0.013739
-0.092393,-0.046726,-0.000700,-0.004123
-0.083125,-0.048598,-0.006333,-0.005887
-0.038505,-0.062866,-0.036283,-0.006287
-0.081133,-0.032433,-0.002273,-0.027222
0.248944,0.058871,0.033852,-0.028126
0.209190,0.307298,-0.037306,-0.008250
0.235980,0.280305,-0.041083,0.025351
0.207882,0.286447,-0.071446,0.047525
0.194429,0.220885,-0.082191,0.073309
0.192572,0.157837,-0.082566,0.079510
0.187963,0.093086,-0.081204,0.080523
0.170625,0.012696,-0.100117,0.069525
0.245801,-0.001118,0.116588,0.128106
0.271210,-0.055274,0.267439,0.068354
-0.033875,-0.074107,0.033276,0.003156
-0.087919,-0.071663,0.008992,0.010023
-0.056707,-0.039383,-0.028464,0.003316
-0.056373,-0.041970,-0.028056,0.004380
-0.097174,-0.050239,-0.000923,0.004393
-0.081995,-0.048797,-0.005271,-0.007881
-0.038766,-0.062466,-0.032938,-0.009771
0.078789,0.201714,-0.040710,-0.241485
0.168245,0.379653,0.159748,0.002921
0.108266,0.374557,0.237686,0.017305
0.025936,0.343412,0.217611,0.047193
-0.070469,0.192781,0.096227,0.035568
-0.142334,0.029116,-0.055910,0.040175
-0.041373,-0.004924,-0.062214,-0.000055
-0.107579,-0.044115,-0.012305,0.045234
-0.118434,-0.048682,-0.003340,0.030183
-0.052997,-0.075572,-0.043426,0.028201
-0.043029,-0.072816,-0.045118,0.017030
0.214898,0.050851,0.035769,-0.026764
0.200659,0.189205,-0.044137,0.066534
0.178011,0.153504,-0.028049,0.088666
0.189778,0.081608,-0.079894,0.087274
0.171665,-0.001568,-0.097290,0.078156
0.244122,-0.023141,0.117919,0.145046
0.271763,-0.055079,0.271680,0.073469
-0.039314,-0.075568,0.031857,0.006713
-0.072926,-0.073393,0.012261,-0.001358
-0.060394,-0.033517,-0.033322,-0.010646
-0.061477,-0.032793,-0.033368,-0.010184
-0.087297,-0.048536,-0.004264,-0.003845
-0.084470,-0.050397,-0.004983,-0.004093
-0.039904,-0.066620,-0.031088,-0.006321
0.010703,0.000288,0.143517,0.260261
0.006198,0.074422,0.012977,-0.021921
0.078853,-0.001040,0.093516,-0.029243
0.086550,-0.084852,0.095475,-0.070195
-0.013394,-0.039013,-0.047278,-0.036149
-0.011130,-0.045789,-0.047270,-0.034654
0.135164,-0.038951,0.174117,0.062141
0.034121,-0.024413,0.022230,-0.157294
0.149505,0.020195,0.180470,-0.032674
-0.028270,-0.032228,-0.066279,-0.016612
-0.032750,-0.026495,-0.077409,-0.006742
0.253768,0.014179,0.318807,0.119909
-0.031956,-0.017904,-0.072351,-0.011224
-0.073394,-0.027141,-0.007299,-0.024401
-0.002411,-0.085976,-0.074651,0.020391
-0.003298,-0.076029,-0.089153,0.024612
-0.082431,-0.050649,-0.010954,0.013404
-0.002187,-0.002850,0.121500,0.257004
-0.035606,0.090631,-0.034641,-0.018065
-0.004671,0.037214,0.012822,-0.031801
0.020701,0.001114,-0.011475,-0.107753
0.013733,-0.017804,-0.017830,-0.092147
0.018003,-0.044657,0.043686,-0.004585
-0.008798,-0.062796,0.008990,-0.022063
0.032802,-0.029292,0.010108,-0.111374
0.006997,-0.022727,-0.030557,-0.071242
0.108467,-0.078598,0.122685,0.044539
0.113496,-0.077505,0.099410,0.051159
-0.056511,-0.032385,-0.038753,-0.015245
-0.071454,-0.029530,-0.025355,-0.015917
-0.103034,-0.030107,0.001405,-0.011757
-0.043289,-0.065795,-0.024570,-0.009800
-0.064673,0.061877,-0.117273,-0.014062
-0.003790,0.020301,-0.061532,-0.006820
-0.056681,0.142275,-0.030460,0.001149
-0.023230,0.146794,0.010610,-0.003748
0.062621,0.122265,0.004180,-0.081857
0.025037,0.037796,-0.023093,-0.108714
0.014681,-0.007297,0.043718,-0.013001
-0.028472,-0.042312,-0.004038,-0.031294
0.042629,-0.021921,0.004174,-0.117528
0.013860,-0.016414,-0.064890,-0.073705
0.096898,-0.055133,0.093736,-0.011619
-0.008348,-0.036169,-0.081302,-0.018115
-0.019590,-0.034243,-0.064382,-0.025714
0.071018,-0.086671,0.084936,0.033734
-0.011411,-0.019815,-0.083787,-0.026628
-0.055368,-0.029302,-0.047491,-0.010604
-0.091019,-0.047021,-0.004627,0.003760
-0.008601,0.015818,0.108473,0.255145
-0.041920,0.160614,-0.037096,-0.003318
0.005170,0.121706,0.018969,-0.020663
0.051269,0.070507,0.003758,-0.106296
0.033152,0.017722,-0.002462,-0.106601
-0.006173,-0.012735,0.020008,-0.021253
-0.021708,-0.033397,0.002043,-0.024592
0.048345,-0.020403,0.005752,-0.115052
0.023787,-0.017667,-0.044462,-0.099597
0.155260,-0.027154,0.142647,0.068784
0.003832,-0.064610,-0.071947,-0.011020
0.139027,-0.027391,0.122013,0.079182
-0.016532,-0.031020,0.016434,-0.105980
0.057728,-0.031223,0.075589,-0.032193
-0.010866,-0.047436,-0.091158,0.005520
-0.026818,-0.039726,-0.075897,-0.001477
0.050331,-0.113619,0.041146,-0.002643
-0.069519,-0.034018,-0.041677,0.002838
-0.083447,-0.030246,-0.023371,-0.004546
-0.104729,-0.029238,0.002633,-0.012161
-0.042926,-0.053057,-0.020563,-0.016876
0.014278,-0.016672,0.153298,0.262870
0.001553,-0.001913,-0.032483,-0.037950
-0.005186,-0.030398,-0.014893,-0.040194
0.028492,-0.049208,0.025254,-0.090704
0.044243,-0.035677,0.039001,-0.138892
-0.014350,-0.056399,-0.023774,-0.031980
-0.021450,-0.047877,-0.035844,-0.030179
0.197256,0.019655,0.242077,-0.014820
-0.013683,-0.013701,-0.048882,-0.051976
-0.001367,-0.019234,0.031553,-0.037778
-0.023815,-0.075594,-0.033906,-0.005392
-0.024183,-0.077752,-0.048455,0.008203
-0.057545,-0.040658,-0.022292,0.036540
-0.115574,-0.035829,-0.006683,0.015591
-0.053173,-0.048072,-0.009547,-0.023572
0.000666,-0.010573,0.126503,0.257945
-0.031291,0.064044,-0.031753,-0.024543
-0.026853,0.061100,0.003076,-0.008970
0.103677,0.138694,0.079725,0.015458
0.045385,0.046980,0.008490,-0.067451
0.061974,0.048397,0.084473,0.014315
0.047142,0.011300,0.055897,0.014050
0.036390,-0.018527,-0.018213,-0.139001
0.005981,-0.018815,-0.025989,-0.104409
0.004671,-0.035240,0.034075,-0.129276
-0.009839,-0.043031,-0.065764,-0.025305
-0.013580,-0.027718,-0.085272,-0.017370
0.113830,-0.033922,0.118585,0.052300
-0.027986,-0.012761,-0.091690,-0.009171
-0.076463,-0.023839,-0.045537,0.003293
-0.101067,-0.041710,-0.007785,0.009115
-0.038921,-0.074636,-0.043380,0.013026
-0.005768,0.008540,0.118373,0.254002
-0.009741,0.135277,-0.048913,0.002597
-0.001807,0.146468,0.016088,-0.008430
0.047527,0.086819,-0.012454,-0.107061
0.026711,0.021470,-0.017963,-0.117494
0.062859,0.025674,0.083432,0.019474
0.014988,-0.024498,0.030437,-0.006063
0.036413,-0.017202,-0.013535,-0.131600
0.016747,-0.020115,-0.038187,-0.099995
0.049751,-0.042428,0.059073,-0.057958
-0.006985,-0.039110,-0.080529,-0.017315
-0.022207,-0.034419,-0.066383,-0.020921
0.000444,-0.111797,0.020505,-0.014833
-0.027897,-0.030571,-0.061449,-0.011544
-0.065761,-0.034808,-0.038852,-0.003030
-0.080286,-0.042730,-0.003330,-0.014519
-0.005881,0.008522,0.116932,0.254531
-0.021888,0.112094,-0.041031,-0.013782
0.001277,0.070742,0.016808,-0.029780
0.021566,0.022310,-0.020912,-0.115007
0.014455,-0.012009,-0.019231,-0.101627
0.021568,-0.036663,0.046909,-0.002250
-0.002186,-0.055810,0.013802,-0.018833
0.033305,-0.025648,0.004242,-0.118684
0.010887,-0.019693,-0.036457,-0.077633
0.129120,-0.059372,0.128178,0.068341
0.156452,-0.049216,0.136480,0.089914
-0.054253,-0.032308,-0.009679,-0.042607
-0.038373,-0.038752,0.021717,-0.074470
0.012207,-0.020673,0.149575,0.262753
0.022415,-0.010809,-0.014927,-0.062733
0.007467,-0.020178,-0.016084,-0.046433
-0.007228,-0.038504,0.000270,-0.043388
-0.000596,-0.035209,-0.028798,-0.067846
0.004807,-0.037139,-0.013907,-0.079678
-0.036171,-0.067767,0.005014,-0.023945
-0.048531,-0.049049,-0.010950,-0.018063
0.061931,0.003338,0.060311,-0.104588
-0.012750,-0.005281,-0.059910,-0.056099
0.135209,0.025829,0.162752,0.048845
-0.039328,-0.035612,-0.068408,0.000986
0.005073,-0.094086,0.032027,-0.044356
-0.062264,-0.032841,-0.072513,0.036985
-0.098295,-0.034347,-0.027818,0.019337
-0.100778,-0.045009,-0.006885,0.010511
0.013159,0.006347,0.144061,0.263254
-0.003354,0.099924,-0.110003,-0.048744
0.011129,0.062065,-0.077438,-0.098228
0.059002,-0.039099,0.056925,-0.145949
-0.014265,-0.014002,-0.076981,-0.033535
-0.010416,-0.018445,-0.085299,-0.028997
0.089742,-0.073832,0.085496,-0.076584
0.034523,-0.041442,0.049906,-0.142492
-0.004767,-0.046196,-0.073530,-0.019434
-0.007640,-0.038144,-0.081312,-0.016835
0.187567,-0.022086,0.191307,0.107509
-0.025796,-0.029752,-0.021441,-0.045893
0.023074,-0.039203,0.041640,-0.027279
0.000745,-0.062048,-0.090530,0.007905
-0.005485,-0.051846,-0.091758,0.005158
0.059935,-0.035219,0.068268,-0.003596
-0.061423,-0.040454,0.009750,-0.042623
0.014184,0.003186,0.146341,0.263451
0.008713,0.099480,-0.091399,-0.053605
0.027275,0.060786,-0.051081,-0.106389
0.096758,-0.061340,0.092376,-0.095409
-0.014575,-0.007422,-0.083687,-0.033465
-0.014629,-0.016299,-0.081746,-0.029371
0.154329,0.026476,0.144067,0.065387
0.030329,-0.028412,0.028413,-0.162598
0.033707,-0.045166,0.048276,-0.099019
-0.005516,-0.043824,-0.078085,-0.016510
-0.018622,-0.035909,-0.072455,-0.016945
0.051208,-0.111779,0.072791,0.003142
-0.025708,-0.031647,-0.076638,-0.005866
-0.062577,-0.032265,-0.035268,-0.012047
-0.100992,-0.034704,0.001957,-0.009697
-0.005859,0.009008,0.118716,0.253719
-0.004019,0.104811,-0.043711,-0.011764
0.000708,0.080103,0.016543,-0.026110
0.041918,0.052493,-0.001454,-0.095694
0.026858,0.009921,-0.007178,-0.096217
0.023993,-0.000548,0.056028,-0.003880
-0.010703,-0.031014,0.015643,-0.018810
0.041518,-0.016587,-0.007861,-0.106028
0.009477,-0.017691,-0.067920,-0.065092
0.072128,-0.061127,0.075542,-0.070330
-0.005924,-0.040038,-0.085396,-0.012575
-0.013003,-0.033679,-0.080367,-0.016881
0.151745,-0.037754,0.140665,0.092949
-0.005775,-0.027115,0.005600,-0.100342
0.138278,-0.017650,0.132746,0.042383
-0.018472,-0.046055,-0.082183,0.002774
-0.029135,-0.038875,-0.076446,0.000580
0.060219,-0.113216,0.069282,-0.002571
-0.056035,-0.033328,-0.041989,-0.011396
-0.068376,-0.028555,-0.024900,-0.020687
-0.101549,-0.029957,0.002758,-0.014901
0.000046,-0.001694,0.130011,0.256130
0.019120,0.040716,-0.042493,-0.030542
-0.016670,0.015920,-0.024696,-0.042779
-0.011813,-0.019460,0.007410,-0.041257
0.001784,-0.032774,-0.024707,-0.071065
0.007816,-0.035284,-0.016943,-0.076362
-0.016185,-0.071564,0.009695,-0.026135
-0.035909,-0.064192,-0.006835,-0.020998
0.047768,-0.035403,0.041303,-0.097676
0.002418,-0.025015,-0.043989,-0.069407
0.107579,-0.090713,0.122377,0.045977
0.127651,-0.080042,0.120701,0.057214
-0.049526,-0.027988,-0.043145,-0.022601
-0.070396,-0.023757,-0.028451,-0.019817
-0.108874,-0.023263,0.003938,-0.015400
-0.046414,-0.068051,-0.026371,-0.001471
-0.042603,-0.072637,-0.041769,0.013089
-0.004672,0.007220,0.122039,0.253643
0.021373,0.077580,-0.049707,-0.017352
-0.022198,0.058482,-0.026450,-0.034402
-0.009988,0.011378,0.009165,-0.035090
0.022161,-0.002921,-0.008488,-0.088990
0.018584,-0.025319,-0.005970,-0.085476
-0.027510,-0.058642,0.001960,-0.027502
-0.028909,-0.059270,-0.005650,-0.026881
0.042386,-0.023719,0.015586,-0.131065
0.015087,-0.020678,-0.038298,-0.086797
0.133896,-0.057745,0.142075,0.070319
0.164057,-0.048089,0.150914,0.093413
-0.050023,-0.032492,-0.012772,-0.041898
-0.040754,-0.038253,0.021114,-0.072668
-0.006973,0.011171,0.112447,0.255292
-0.037774,0.138501,-0.036469,-0.009610
0.003617,0.089494,0.018189,-0.025858
0.042038,0.043807,0.001202,-0.106706
0.023943,0.004241,-0.010848,-0.102258
0.033164,-0.001825,0.062003,0.002736
-0.002089,-0.036347,0.019340,-0.015331
0.037984,-0.017182,-0.009905,-0.121105
0.016552,-0.018990,-0.048130,-0.089652
0.082432,-0.052537,0.085056,-0.027127
-0.014574,-0.034284,-0.083707,-0.011361
-0.024804,-0.033177,-0.070458,-0.015386
0.019895,-0.096903,0.033705,-0.010413
-0.013287,-0.028360,-0.070923,-0.028755
-0.054938,-0.030056,-0.032724,-0.025206
-0.084227,-0.033238,0.002305,-0.028385
0.010693,-0.008197,0.146673,0.260511
0.092531,0.052274,0.100960,-0.003448
-0.011261,-0.025998,0.000903,-0.040501
-0.022481,-0.048626,-0.012203,-0.038582
0.056531,-0.030685,0.041276,-0.129915
0.056153,-0.019201,0.031786,-0.131130
-0.016007,-0.070970,0.001788,-0.015067
-0.018746,-0.070239,-0.026179,-0.014917
0.017279,-0.023481,-0.003848,-0.106669
-0.023983,-0.028375,-0.040981,-0.048497
0.126130,-0.017373,0.128344,0.038914
-0.011178,-0.043410,-0.091328,0.001976
-0.025341,-0.037861,-0.073393,-0.007341
0.015020,-0.118105,-0.010167,-0.001238
-0.054730,-0.030397,-0.036386,-0.019244
-0.084244,-0.029272,-0.013805,-0.015781
-0.079469,-0.034173,-0.008834,-0.020819
-0.010013,0.020940,0.107876,0.253454
-0.027657,0.157172,-0.046549,-0.004321
0.009308,0.132374,0.020881,-0.020834
0.046694,0.062094,-0.002116,-0.118818
0.024456,0.013005,-0.015778,-0.112236
0.050639,0.012085,0.074575,0.013349
0.048733,-0.007806,0.069033,0.013830
0.027316,-0.015217,-0.030880,-0.112702
0.010291,-0.018021,-0.064559,-0.068182
0.155477,-0.045154,0.147043,0.029892
-0.011882,-0.034405,-0.092154,-0.005478
-0.020824,-0.031945,-0.078582,-0.012520
0.141985,-0.047862,0.144623,0.077831
-0.026753,-0.030525,-0.060684,-0.024788
-0.057735,-0.029538,-0.031981,-0.023110
-0.101059,-0.030267,0.005204,-0.017508
0.007639,-0.013540,0.142635,0.260154
0.023934,0.000018,-0.021343,-0.054534
-0.002526,-0.008842,-0.016486,-0.044520
-0.011449,-0.033190,0.004810,-0.040518
0.001289,-0.038911,-0.024777,-0.062687
0.012239,-0.044508,-0.008644,-0.055243
-0.044181,-0.063955,-0.007396,-0.014573
-0.044425,-0.060004,-0.014210,-0.014489
0.038708,-0.036400,0.020649,-0.073839
0.007440,-0.025612,-0.024559,-0.075719
0.139345,-0.065055,0.145534,0.075735
0.169998,-0.042969,0.154846,0.097624
-0.048409,-0.029463,-0.005308,-0.055612
-0.036879,-0.039145,0.021794,-0.070120
-0.007598,-0.057654,-0.087779,0.009093
-0.007756,-0.048708,-0.094874,0.007399
0.180334,-0.022377,0.168158,0.104737
-0.100265,-0.034658,-0.000951,-0.007153
0.009973,-0.016742,0.146343,0.261411
0.023696,-0.005978,-0.017134,-0.059354
0.002042,-0.014347,-0.016164,-0.045404
-0.011539,-0.036889,0.003647,-0.039704
-0.001415,-0.040157,-0.029843,-0.053695
0.007989,-0.042385,-0.016188,-0.052968
-0.025959,-0.075718,0.010875,-0.020617
-0.023551,-0.079993,0.014310,-0.019130
0.014850,-0.028364,-0.005020,-0.099757
-0.009063,-0.027174,-0.049516,-0.047757
0.171716,-0.067513,0.195806,0.081914
-0.006556,-0.081147,-0.056727,0.001004
0.189316,-0.058864,0.176151,0.103347
-0.078738,-0.036601,-0.012507,-0.010547
0.014089,-0.008756,0.150432,0.262004
0.002686,0.023722,-0.009609,-0.036971
0.014853,-0.026347,0.039422,-0.019918
0.012092,-0.016675,-0.028537,-0.090329
0.008461,-0.014118,-0.061733,-0.073374
0.086396,-0.047883,0.089883,-0.044173
-0.014803,-0.037080,-0.066309,-0.025666
-0.023926,-0.035836,-0.062145,-0.021716
0.113339,-0.079415,0.157271,0.046749
-0.006988,-0.025246,-0.086228,-0.024094
-0.044667,-0.031037,-0.049956,-0.016993
-0.099018,-0.039452,-0.000849,-0.003274
0.011250,-0.003813,0.145630,0.260475
-0.001463,0.050777,-0.010531,-0.029965
0.026007,-0.006730,0.046066,-0.018063
0.007314,-0.010045,-0.042375,-0.089548
0.014530,-0.013215,-0.054639,-0.086339
0.059513,-0.048000,0.064916,-0.076492
-0.012022,-0.037909,-0.068144,-0.025804
-0.023714,-0.035669,-0.060760,-0.023540
0.031631,-0.106379,0.074434,-0.004775
-0.005898,-0.023805,-0.079518,-0.032922
-0.041007,-0.028011,-0.051228,-0.022798
-0.096166,-0.034351,0.001594,-0.013442
-0.027053,-0.081209,-0.038026,0.002817
-0.009377,0.019911,0.111990,0.252338
-0.025779,0.154711,-0.032687,-0.011163
0.018026,0.094559,0.025492,-0.025626
0.029453,0.036451,-0.016471,-0.120643
0.024308,-0.000451,-0.019744,-0.108470
0.084568,0.027439,0.101279,0.033110
0.030904,-0.024352,0.040567,0.002316
0.034055,-0.017896,-0.024774,-0.126752
-0.003824,-0.022258,-0.045026,-0.072056
0.036927,-0.035569,0.055731,-0.084177
-0.003921,-0.046542,-0.091891,-0.001581
-0.012941,-0.039771,-0.084527,-0.006697
0.200429,-0.012762,0.192022,0.108626
-0.057085,-0.035143,-0.025665,-0.014005
-0.043802,-0.045790,0.014002,-0.036165
0.003796,-0.006570,0.136563,0.257941
0.023772,0.012434,-0.031548,-0.045190
-0.008134,0.000024,-0.018083,-0.045375
-0.012146,-0.026888,0.006437,-0.039532
-0.003082,-0.032319,-0.035189,-0.062280
0.006140,-0.039861,-0.019404,-0.060640
-0.035274,-0.071674,0.005194,-0.018636
-0.045212,-0.061505,-0.011428,-0.013823
0.062323,-0.032734,0.047640,-0.058208
0.005356,-0.021042,-0.035769,-0.064226
0.129207,-0.061716,0.128196,0.068133
0.156252,-0.051003,0.135885,0.089277
-0.055383,-0.032576,-0.009580,-0.041557
-0.039904,-0.038855,0.020847,-0.073804
-0.060581,0.052803,-0.105847,-0.022530
0.003992,-0.001349,-0.036307,-0.047608
-0.014234,0.029353,-0.015770,-0.049050
-0.006927,0.011428,-0.010531,-0.045494
-0.015389,-0.014950,0.006060,-0.038455
-0.003540,-0.034181,-0.030968,-0.059460
-0.002511,-0.038213,-0.031382,-0.054331
-0.023558,-0.072852,0.008230,-0.023028
-0.039575,-0.067457,-0.002300,-0.015994
0.058043,-0.044544,0.044758,-0.040269
0.034908,-0.030519,0.001548,-0.013400
0.041500,-0.093597,0.074348,-0.009104
0.136325,-0.059847,0.150676,0.067406
-0.028779,-0.030911,-0.056212,-0.026830
-0.056881,-0.029119,-0.032817,-0.023482
-0.103149,-0.030004,0.007888,-0.018428
-0.000185,-0.008263,0.125194,0.257588
-0.018901,0.044147,-0.024903,-0.038281
-0.011708,-0.008853,0.007081,-0.040298
0.005533,-0.020581,-0.024798,-0.083958
0.008529,-0.029585,-0.020107,-0.077612
0.004774,-0.059746,0.031592,-0.013850
-0.010321,-0.069072,0.008697,-0.023002
0.024193,-0.032030,0.008556,-0.118999
0.002251,-0.025897,-0.035482,-0.070906
0.055638,-0.117152,0.070976,0.002208
0.052024,-0.120331,0.053729,-0.003303
-0.061305,-0.034164,-0.044176,-0.002630
-0.078815,-0.031177,-0.023851,-0.008198
-0.103627,-0.032579,-0.000437,-0.006735
0.007610,0.001872,0.139747,0.258609
-0.006443,0.075812,-0.014669,-0.024467
0.016352,0.016947,0.032027,-0.025633
0.022966,0.003975,-0.017479,-0.101184
0.016607,-0.005689,-0.047624,-0.089221
0.156457,0.011673,0.157282,0.019693
-0.014954,-0.038372,-0.062480,-0.023654
0.170814,-0.000534,0.164667,0.081420
0.010872,-0.026651,0.010034,-0.131355
0.019630,-0.037249,0.043308,-0.119715
-0.002198,-0.050342,-0.087095,-0.004294
-0.021393,-0.038415,-0.075572,-0.008547
0.100811,-0.105291,0.120110,0.027422
-0.043433,-0.034470,-0.064918,0.000599
-0.065309,-0.031700,-0.035994,-0.007458
-0.111538,-0.030682,0.008180,-0.009384
-0.044530,-0.055347,-0.021331,-0.013748
0.012032,-0.014286,0.149910,0.261752
0.019440,0.004160,0.031118,-0.032402
0.051051,-0.070402,0.055862,-0.083123
0.064782,-0.023595,0.052779,-0.143731
-0.013620,-0.049048,-0.037277,-0.033492
-0.015007,-0.050961,-0.038378,-0.033217
0.070387,-0.023497,0.091302,-0.165274
0.058583,-0.002803,0.076464,-0.161737
-0.029250,-0.057275,-0.037141,-0.015006
-0.036666,-0.032747,-0.064319,-0.007927
0.211910,0.003760,0.287455,0.146789
-0.034336,-0.032739,-0.097747,0.026098
-0.118146,-0.039221,-0.006690,0.021830
0.069048,-0.055940,0.090475,0.098438
-0.064079,0.060874,-0.116072,-0.015011
0.002358,0.012087,-0.051036,-0.029817
-0.027024,0.053877,-0.024183,-0.040414
-0.017312,0.006636,0.007524,-0.045315
0.002844,-0.014941,-0.026597,-0.076196
-0.000500,-0.030209,-0.030511,-0.066263
-0.023188,-0.065042,0.001982,-0.029800
-0.025479,-0.063670,-0.004970,-0.028400
0.021828,-0.033638,0.000749,-0.115214
0.016577,-0.025523,-0.008512,-0.112059
0.017093,-0.105019,0.050931,-0.009470
-0.010194,-0.105330,0.013153,-0.020292
-0.034854,-0.030950,-0.042023,-0.007373
-0.070549,-0.035449,-0.039639,0.003144
-0.061181,-0.050944,0.002173,-0.017778
-0.001416,-0.004945,0.122930,0.257231
-0.031526,0.078587,-0.032124,-0.023022
-0.005966,0.023549,0.011811,-0.034590
0.016346,-0.006690,-0.014292,-0.104011
0.012109,-0.021586,-0.018648,-0.088471
0.016854,-0.047894,0.042126,-0.005127
-0.009504,-0.064619,0.002558,-0.024489
0.023967,-0.029808,0.001028,-0.129243
0.008049,-0.024094,-0.044792,-0.077633
0.149496,-0.062016,0.155159,0.076342
0.057047,-0.121841,0.055515,0.001949
-0.059939,-0.034125,-0.059757,0.014708
-0.087070,-0.032906,-0.024077,0.002358
-0.098384,-0.037543,-0.006803,-0.000119
0.002769,0.006979,0.132801,0.256300
0.138192,0.162471,0.140616,0.022132
0.121602,0.043488,0.127247,-0.033744
0.035621,0.024394,0.047189,-0.001243
-0.013094,-0.028208,-0.001533,-0.025278
0.050470,-0.018635,0.010806,-0.141120
0.021040,-0.019122,-0.039691,-0.103871
0.092761,-0.047203,0.090940,0.004624
-0.009262,-0.035591,-0.079681,-0.019403
-0.026620,-0.034503,-0.059867,-0.022849
-0.018111,-0.098415,-0.000552,-0.012713
-0.010457,-0.025168,-0.042040,-0.054750
-0.045895,-0.030029,-0.055468,-0.011094
0.024984,-0.052932,0.058083,0.024181
-0.000242,-0.008138,0.124795,0.257695
-0.021221,0.048954,-0.025972,-0.035946
-0.010982,-0.006767,0.007665,-0.040669
0.004556,-0.020467,-0.025934,-0.084808
0.006453,-0.030350,-0.022763,-0.078129
0.008988,-0.059141,0.034443,-0.011132
-0.019073,-0.071609,0.004816,-0.024456
0.028014,-0.033864,0.014743,-0.108392
0.002529,-0.025708,-0.023885,-0.069199
0.058248,-0.115937,0.081138,0.000658
0.062370,-0.114269,0.060595,0.005713
-0.055577,-0.033557,-0.047037,-0.005994
-0.078875,-0.030799,-0.021441,-0.011267
-0.094797,-0.030460,-0.003262,-0.015096
-0.063191,0.058831,-0.113505,-0.016951
0.003132,0.007563,-0.045962,-0.036475
-0.021565,0.041852,-0.021171,-0.046947
-0.010435,0.017229,-0.011650,-0.047054
-0.016247,-0.010524,0.006942,-0.038747
-0.005980,-0.027937,-0.039917,-0.058221
-0.002165,-0.037688,-0.031129,-0.055158
-0.026349,-0.072120,0.007120,-0.023547
-0.043073,-0.063371,-0.007800,-0.015843
0.075814,-0.041643,0.066738,-0.039102
0.034534,-0.028656,0.008928,-0.059099
0.023635,-0.091342,0.052847,-0.013459
0.020122,-0.095840,0.033652,-0.012559
-0.020896,-0.029887,-0.065406,-0.024318
-0.057408,-0.030642,-0.032789,-0.021905
-0.087761,-0.033207,0.001392,-0.023881
-0.061970,0.055723,-0.109758,-0.019366
0.003684,0.002339,-0.040290,-0.043189
-0.018082,0.035822,-0.018554,-0.047373
-0.009470,0.015059,-0.011280,-0.044963
-0.015879,-0.012224,0.006660,-0.038628
-0.003929,-0.032287,-0.031250,-0.059157
0.000598,-0.039860,-0.025629,-0.057190
-0.027192,-0.067108,-0.000724,-0.025785
-0.030782,-0.063641,-0.005999,-0.023755
0.049828,-0.044017,0.043951,-0.096342
0.029939,-0.032874,0.012759,-0.067513
-0.005900,-0.100645,0.018914,-0.021356
-0.008724,-0.092009,0.002886,-0.020469
-0.031226,-0.031565,-0.044532,-0.008635
-0.060123,-0.032797,-0.035526,-0.014219
-0.074088,-0.031296,0.005935,-0.043939
-0.002895,0.001874,0.124635,0.254765
0.006073,0.065635,-0.040581,-0.025389
-0.002358,0.031352,0.014001,-0.035908
0.012232,0.000906,-0.023907,-0.105400
0.013002,-0.020069,-0.017911,-0.090209
-0.008322,-0.060749,0.023484,-0.019536
-0.036569,-0.060239,-0.003990,-0.021114
0.088915,-0.016080,0.068183,-0.037776
0.016906,-0.015097,-0.022095,-0.038502
0.158696,0.010979,0.157034,0.078986
0.003232,-0.062283,-0.080455,-0.003766
0.088889,-0.045932,0.094162,-0.007220
0.006020,-0.038392,0.037644,-0.127273
-0.008219,-0.050302,-0.068761,-0.016657
-0.013046,-0.040679,-0.083639,-0.006575
0.114763,-0.102392,0.108306,0.047117
-0.053601,-0.032419,-0.042104,-0.014881
-0.073037,-0.028720,-0.026351,-0.014120
-0.104119,-0.030877,0.003029,-0.011596
-0.044250,-0.067903,-0.021893,-0.006127
-0.006028,0.020447,0.118135,0.252326
-0.031005,0.142717,-0.054776,-0.005815
0.005118,0.108709,-0.001326,-0.023645
0.060939,0.016735,0.033105,-0.131021
0.050396,-0.027856,0.024357,-0.134800
-0.022690,-0.033844,-0.017819,-0.031517
-0.025429,-0.038580,-0.035435,-0.033175
0.076357,-0.018589,0.064269,-0.173495
0.043591,-0.024652,0.007540,-0.162094
0.019091,-0.094129,-0.020201,-0.003197
0.000346,-0.093281,-0.040034,-0.008500
-0.018578,-0.025288,-0.021290,-0.055203
-0.070268,-0.032838,-0.037985,-0.000084
0.137209,-0.047840,0.145993,0.116865
0.011702,-0.007979,0.147709,0.260884
0.100318,0.019849,0.103331,-0.035569
-0.003400,-0.028181,0.015474,-0.031457
-0.017918,-0.050002,-0.004218,-0.035090
0.043879,-0.025741,0.015105,-0.147875
0.033914,-0.025516,-0.009550,-0.138004
0.008452,-0.095623,0.015073,-0.006846
-0.011063,-0.101452,-0.006066,-0.013205
-0.010188,-0.025292,-0.046841,-0.052692
-0.049009,-0.025726,-0.036115,-0.032586
-0.048363,-0.025033,0.016789,-0.081831
-0.024897,-0.047424,-0.057205,-0.014414
-0.007691,-0.031126,-0.111189,0.006065
0.162796,-0.034502,0.117948,0.082743
-0.098876,-0.031163,-0.021391,0.008754
-0.108498,-0.030254,-0.010466,0.007921
-0.102933,-0.034214,-0.006807,0.000852
-0.055795,-0.066352,-0.025131,0.003531
-0.005964,0.009330,0.118502,0.253683
-0.004025,0.105461,-0.043712,-0.011749
0.002037,0.078461,0.017243,-0.028334
0.026339,0.031580,-0.018726,-0.113207
0.017620,-0.006378,-0.015627,-0.102938
0.023017,-0.025273,0.051041,-0.001502
-0.009596,-0.053846,0.010220,-0.021356
0.036779,-0.017788,-0.003652,-0.136617
0.016538,-0.018573,-0.048089,-0.085580
0.148951,-0.044733,0.144331,0.084856
-0.010618,-0.060155,-0.068615,-0.004230
0.111863,-0.066065,0.099640,0.050059
-0.049834,-0.030794,-0.050516,-0.011281
-0.072700,-0.028705,-0.026390,-0.014173
-0.103734,-0.028091,0.001525,-0.013113
-0.041304,-0.057363,-0.023240,-0.019517
-0.002903,-0.000274,0.122984,0.255471
-0.016142,0.072206,-0.033299,-0.027515
-0.005204,0.025888,0.012391,-0.035222
0.024444,0.003216,-0.007384,-0.096412
0.014682,-0.019555,-0.013936,-0.089303
-0.001282,-0.050291,0.029876,-0.015861
-0.006505,-0.058399,0.017654,-0.018939
0.023057,-0.020960,-0.019836,-0.109584
0.008509,-0.018317,-0.061517,-0.063622
0.209163,-0.024633,0.211292,0.111350
0.003260,-0.079723,-0.069035,0.002625
0.209754,-0.021221,0.192566,0.114434
-0.078412,-0.031944,-0.009062,-0.021274
-0.070307,-0.030211,0.010422,-0.053023
0.002775,-0.003699,0.134963,0.257270
0.022310,0.021189,-0.038134,-0.037750
-0.011039,0.013601,-0.023301,-0.039893
-0.017625,-0.018028,0.005098,-0.034584
0.005716,-0.031367,-0.020564,-0.069349
0.012423,-0.036770,-0.010992,-0.070970
-0.035546,-0.062712,-0.001872,-0.023186
-0.048650,-0.054472,-0.014483,-0.014781
0.126499,-0.013104,0.117729,-0.006142
0.023794,-0.014624,-0.013490,-0.048341
0.169836,0.004263,0.173680,0.088194
0.005037,-0.070858,-0.072227,-0.005154
0.156493,-0.030522,0.147951,0.072482
-0.044195,-0.029889,0.001930,-0.068190
-0.016949,-0.038635,0.031469,-0.067528
-0.007766,-0.055754,-0.082237,0.001817
-0.006303,-0.045743,-0.095368,0.003473
0.193803,-0.021254,0.176041,0.108404
-0.090416,-0.033614,-0.001712,-0.017205
-0.009223,0.019474,0.112359,0.252357
0.007931,0.146316,-0.049137,0.002782
-0.001150,0.180691,0.015431,-0.002298
0.125297,0.217459,0.067850,-0.008962
0.014009,0.120965,-0.084244,-0.048184
0.067221,0.118200,-0.010311,-0.051816
0.156751,0.159798,0.151105,0.013028
-0.014740,0.037016,-0.046856,-0.032375
0.116829,0.007865,0.108721,-0.020964
0.106736,-0.066353,0.101268,-0.046410
-0.008752,-0.023493,-0.084485,-0.027142
-0.016392,-0.026079,-0.071703,-0.029591
0.048568,-0.061604,0.047212,0.014413
0.010417,-0.022375,-0.041806,-0.085822
-0.029497,-0.030771,-0.052446,-0.030146
-0.016685,-0.043069,0.030240,-0.045377
0.001701,0.008222,0.131207,0.255811
0.119965,0.168888,0.124519,0.021135
0.132396,0.084859,0.140290,-0.009432
0.096389,-0.030592,0.102486,-0.060180
0.006260,-0.002581,0.015306,-0.013108
-0.014646,-0.031444,-0.010235,-0.022798
0.048594,-0.020914,0.006217,-0.150484
0.017028,-0.021202,-0.030716,-0.106220
0.073608,-0.048088,0.079745,-0.017121
-0.007617,-0.038119,-0.080868,-0.017336
-0.020022,-0.034136,-0.067494,-0.022282
-0.009840,-0.105359,-0.005249,-0.010774
-0.024579,-0.028660,-0.050648,-0.024565
-0.066034,-0.034360,-0.044013,0.002219
-0.044472,-0.052533,0.012557,-0.024603
-0.052898,0.062492,-0.210778,0.109458
-0.031394,0.038611,-0.057891,-0.051021
-0.007845,0.002438,-0.056556,-0.060815
0.004572,-0.047081,-0.011738,-0.077130
-0.081334,-0.059274,0.020695,-0.023922
-0.105291,-0.035886,0.022853,-0.025619
-0.069556,-0.033666,-0.008510,-0.032210
-0.047806,-0.031800,-0.023920,-0.039062
-0.043900,-0.035915,-0.025507,-0.037797
-0.052037,-0.044348,-0.015258,-0.032300
-0.037920,-0.033607,-0.039348,-0.033068
-0.007952,-0.040812,-0.075302,-0.019873
0.016767,-0.007285,0.046724,-0.148297
-0.045380,-0.011611,0.016812,-0.089901
-0.007283,-0.043103,-0.105543,0.012156
-0.018004,-0.034877,-0.102980,0.011941
0.192873,0.002388,0.196005,0.171367
-0.118694,-0.037916,-0.007434,0.021667
-0.111026,-0.040262,0.000011,0.008732
0.025574,0.056580,-0.157838,0.068831
0.016079,0.008327,-0.033289,-0.023791
0.028157,0.004520,-0.041374,0.011915
0.005620,0.065698,-0.075990,0.032354
-0.013063,0.082552,-0.074833,0.025766
0.008106,0.064467,-0.065161,-0.030938
0.046242,0.032196,-0.060162,-0.057452
0.076424,-0.002663,-0.057673,-0.072284
0.089208,-0.034186,-0.068287,-0.068902
0.072819,-0.085821,-0.011512,-0.096636
0.204106,-0.065473,0.262732,-0.005529
-0.090635,-0.054869,0.030551,-0.028988
-0.105770,-0.035102,0.026201,-0.029272
-0.070084,-0.038145,-0.004205,-0.031509
-0.040287,-0.050935,-0.027760,-0.024763
-0.092870,-0.018745,-0.001214,-0.030875
-0.108474,-0.010309,0.002927,-0.027826
-0.037783,-0.035583,-0.019743,-0.008659
-0.045726,-0.053461,-0.047304,0.002834
-0.094767,-0.039470,-0.010884,0.005786
-0.107511,-0.036038,-0.003826,0.004797
-0.045021,-0.072078,-0.035561,0.008787
-0.060913,0.077320,-0.207595,0.107594
-0.055878,0.103892,-0.057508,-0.017396
-0.064231,0.081342,-0.054707,-0.037280
-0.002624,0.001283,-0.037194,-0.064399
-0.047468,-0.045553,0.020098,-0.024345
-0.095623,-0.034467,0.014914,-0.028765
-0.066576,-0.029880,-0.011982,-0.035421
-0.055668,-0.011560,-0.021969,-0.054337
-0.056731,-0.017546,-0.024842,-0.044511
-0.060539,-0.034005,-0.014837,-0.034562
-0.048033,-0.047247,-0.017251,-0.031412
-0.023636,-0.054056,-0.028192,-0.033781
-0.099659,0.060525,-0.225312,0.137692
0.161929,0.007107,0.193055,-0.012603
-0.014942,-0.008811,0.017054,-0.105369
-0.069672,-0.034616,-0.001553,-0.037981
-0.071028,-0.028837,-0.003228,-0.040850
-0.051406,-0.029895,-0.018809,-0.039288
-0.045020,-0.034051,-0.022888,-0.039884
-0.055110,-0.036386,-0.015060,-0.037386
-0.045062,-0.030738,-0.058359,-0.009767
-0.022111,-0.034797,-0.071974,-0.015050
0.009085,-0.111949,-0.013923,-0.002257
-0.033036,-0.023752,-0.037958,-0.046731
-0.073342,-0.025367,-0.024038,-0.020507
-0.072003,-0.037192,-0.002510,-0.028440
-0.034844,-0.062330,-0.045935,-0.000830
-0.016522,-0.049962,-0.085016,0.007557
0.135071,-0.040779,0.140882,0.084452
-0.102947,-0.035177,0.003395,-0.008553
-0.093467,0.056751,-0.226012,0.136826
0.040223,-0.038392,0.058304,-0.139984
-0.020110,-0.052616,0.026387,-0.058063
-0.101479,-0.029962,0.023175,-0.035677
-0.091382,-0.027863,0.015766,-0.040464
-0.040968,-0.030602,-0.020600,-0.051773
-0.017646,-0.045267,-0.041332,-0.039698
0.009043,-0.023670,0.024631,-0.109122
-0.007669,-0.014708,0.037416,-0.145987
-0.008636,-0.030438,-0.099421,-0.005443
-0.023480,-0.020154,-0.099321,-0.000985
0.068702,-0.069121,0.070208,-0.010691
-0.079417,-0.034778,-0.066480,0.045946
-0.114080,-0.033652,-0.019770,0.026608
-0.106107,-0.046399,-0.006272,0.017086
-0.049735,-0.067496,-0.046530,0.019857
-0.042815,-0.061552,-0.057918,0.018359
-0.092988,-0.025681,-0.006744,-0.013168
-0.103739,-0.022218,-0.000317,-0.016824
-0.040221,-0.054738,-0.024044,-0.021147
-0.038006,-0.055779,-0.028156,-0.021967
-0.083707,-0.029028,0.000717,-0.031623
0.137475,0.080254,-0.052284,0.026689
0.052322,-0.002281,-0.044900,-0.060199
0.080331,-0.010939,-0.057015,-0.071786
0.087745,-0.040248,-0.067825,-0.068376
0.068415,-0.087029,-0.020427,-0.081432
0.254796,-0.031545,0.312894,0.029755
-0.101220,-0.055327,0.027632,-0.015020
-0.115898,-0.037817,0.024469,-0.014697
-0.068438,-0.039545,-0.005230,-0.030730
-0.039109,-0.044822,-0.025465,-0.033870
-0.085507,-0.028754,-0.000411,-0.029107
-0.023797,0.090165,-0.059917,-0.014418
0.044469,0.035205,0.022997,0.001179
-0.110577,0.008328,-0.030509,0.000288
-0.130120,0.018940,-0.013042,-0.019653
-0.081197,0.011177,-0.030441,-0.043194
-0.040950,0.007149,-0.019108,-0.076327
-0.039953,-0.015660,-0.025019,-0.057993
-0.042299,-0.036950,-0.019613,-0.045081
-0.033366,-0.029659,-0.032758,-0.048159
-0.011757,-0.045328,-0.058754,-0.028101
0.103626,-0.020438,0.106034,0.003276
0.023389,-0.035434,0.047858,-0.090469
-0.006172,-0.047468,-0.080735,-0.009564
-0.009461,-0.035684,-0.092165,-0.006629
0.190497,-0.016575,0.172409,0.099619
-0.039928,-0.024778,-0.021568,-0.006554
0.049461,-0.043628,0.073366,0.036601
-0.008466,-0.057899,-0.096243,0.018671
-0.013928,-0.049629,-0.090316,0.009936
0.205488,-0.030105,0.191390,0.148318
-0.106323,-0.036704,-0.004811,0.005671
-0.103013,0.066954,-0.225863,0.136805
0.092663,-0.007145,0.116642,-0.077833
0.007234,-0.018686,0.059773,-0.000832
-0.106992,-0.022277,0.018203,-0.032877
-0.093100,-0.023594,0.010212,-0.037461
-0.039407,-0.030366,-0.028061,-0.046109
-0.017055,-0.039819,-0.051935,-0.035134
0.024479,-0.041325,0.027937,-0.053705
0.017748,-0.031468,0.033819,-0.084890
-0.008711,-0.041784,-0.084449,-0.008997
-0.025700,-0.036439,-0.070589,-0.011206
0.006551,-0.115640,0.004834,-0.008733
-0.042159,-0.029954,-0.052709,-0.014138
-0.079864,-0.030095,-0.019082,-0.013949
-0.075254,-0.036627,-0.007356,-0.023750
-0.002590,0.063086,-0.173591,0.080486
0.063696,0.007740,-0.052591,-0.020670
0.042631,0.008560,-0.051485,-0.046007
0.075949,-0.004845,-0.058720,-0.064339
0.089863,-0.035141,-0.069258,-0.064986
0.071852,-0.083624,-0.019592,-0.077042
0.259794,-0.023128,0.316051,0.027268
-0.101864,-0.056092,0.024906,-0.010886
-0.117869,-0.037667,0.022018,-0.010425
-0.072685,-0.045708,-0.009326,-0.016224
-0.038697,-0.059425,-0.026212,-0.017925
-0.096676,-0.024858,0.000880,-0.022732
-0.102300,-0.026040,0.006319,-0.021594
-0.040926,-0.054790,-0.019090,-0.013289
-0.061355,-0.043238,-0.021868,-0.017482
-0.034674,-0.036421,-0.065639,-0.007207
-0.007462,-0.042104,-0.091497,-0.002876
0.172122,-0.002914,0.162144,0.076355
-0.070684,-0.031880,-0.001602,-0.038335
-0.070735,-0.033317,0.009522,-0.048081
-0.068414,0.059314,-0.221515,0.120924
-0.005639,0.007018,-0.059076,-0.056006
-0.010978,-0.015393,-0.050598,-0.058901
0.039719,-0.062277,0.073699,-0.117193
-0.101432,-0.039114,0.026922,-0.030320
-0.099515,-0.029195,0.019529,-0.034761
-0.054496,-0.032868,-0.013324,-0.043255
-0.018509,-0.047409,-0.051769,-0.026255
0.080631,-0.051418,0.060861,0.035453
-0.077176,-0.027810,-0.007339,-0.031218
-0.077196,-0.023931,-0.013666,-0.027985
-0.089031,-0.024048,-0.011273,-0.019276
-0.052369,-0.050597,-0.027812,-0.012946
-0.046730,-0.059349,-0.041006,0.003146
-0.052837,-0.059549,-0.004713,0.000780
-0.084913,0.050420,-0.226351,0.135549
0.016357,-0.039096,0.023746,-0.124918
0.004622,-0.036738,0.037750,-0.139177
-0.095458,-0.034904,0.024331,-0.037913
-0.094079,-0.026748,0.017810,-0.040926
-0.047095,-0.037879,-0.013216,-0.045753
-0.019400,-0.050071,-0.038696,-0.035768
-0.032956,-0.025697,0.026700,-0.109077
-0.071122,-0.023416,0.010767,-0.058308
-0.024809,-0.058224,-0.063741,0.002839
-0.014745,-0.046821,-0.101080,0.018707
0.132016,-0.090009,0.117073,0.105547
-0.110957,-0.033254,-0.025921,0.029245
-0.103509,-0.031624,-0.018938,0.014448
-0.113752,-0.025952,0.001401,-0.004720
-0.025170,-0.053279,0.004509,0.027671
-0.078873,-0.048145,-0.014311,-0.002614
-0.054497,-0.038271,-0.035563,-0.015611
-0.015066,-0.053559,-0.052585,-0.022732
-0.019353,-0.036874,0.029523,-0.107399
-0.051651,-0.030681,0.018406,-0.079327
-0.076922,0.071868,-0.220566,0.120115
-0.028559,0.053307,-0.060772,-0.036532
-0.032421,0.021161,-0.058155,-0.049908
0.095130,-0.032824,0.129303,-0.072277
-0.110893,-0.029395,0.018412,-0.022064
-0.106108,-0.018413,0.008159,-0.027578
-0.059262,-0.030377,-0.020090,-0.034212
-0.020328,-0.042239,-0.053493,-0.027861
0.004291,-0.023642,0.026098,-0.109918
-0.012949,-0.022383,0.026295,-0.119035
-0.018617,-0.048245,-0.050835,-0.026245
-0.014779,-0.041098,-0.069533,-0.018532
0.061337,-0.059879,0.030730,0.021431
-0.059781,-0.027547,-0.014817,-0.041432
-0.085039,-0.028008,-0.009231,-0.020944
-0.081193,-0.033240,-0.013755,-0.015110
-0.061580,0.061334,-0.216909,0.115530
-0.032280,0.047750,-0.061362,-0.035993
-0.027706,0.016975,-0.058616,-0.050846
0.026552,-0.048617,0.041784,-0.136909
-0.096306,-0.045686,0.024998,-0.026949
-0.106248,-0.028771,0.021718,-0.030642
-0.057973,-0.040132,-0.009050,-0.036789
-0.035301,-0.044019,-0.028261,-0.036117
-0.064098,-0.026983,0.003757,-0.056485
-0.088858,-0.028843,0.003608,-0.029724
-0.025505,0.082208,-0.060030,-0.021293
0.023631,0.005868,0.002389,-0.035491
-0.112071,-0.001113,-0.028062,0.001904
-0.129623,0.014256,-0.013007,-0.015519
-0.081841,0.008591,-0.031172,-0.039300
-0.034871,0.016111,-0.011632,-0.066396
-0.034846,-0.007542,-0.019594,-0.052725
-0.046072,-0.034383,-0.023240,-0.040247
-0.031958,-0.031470,-0.040808,-0.039706
-0.010274,-0.042071,-0.065434,-0.026161
0.068118,-0.049605,0.076140,-0.050648
0.070875,-0.033081,0.079869,-0.043615
-0.003233,-0.047644,-0.092716,-0.000341
-0.012432,-0.038456,-0.087793,-0.005255
0.184738,-0.032487,0.167563,0.107322
-0.053245,-0.032781,-0.005154,-0.047776
-0.048340,-0.036230,0.018359,-0.072781
-0.071522,0.069225,-0.218855,0.118019
-0.030341,0.049614,-0.060765,-0.040859
-0.030868,0.020892,-0.058646,-0.049929
0.073805,-0.042361,0.100795,-0.100541
-0.109512,-0.034349,0.019037,-0.019116
-0.109542,-0.019209,0.009598,-0.024786
-0.060405,-0.034308,-0.018950,-0.030278
-0.031075,-0.043959,-0.041704,-0.027127
-0.034692,-0.014690,0.022052,-0.111461
-0.064870,-0.019407,0.010895,-0.069726
-0.031304,-0.052962,-0.034524,-0.025131
-0.022380,-0.052600,-0.045036,-0.023925
-0.030016,-0.031769,0.021895,-0.099765
-0.063718,-0.029608,0.011772,-0.061850
-0.064590,0.064917,-0.216919,0.115605
-0.040299,0.066560,-0.060521,-0.025839
-0.048685,0.042068,-0.057619,-0.041761
0.029017,-0.038067,0.045030,-0.133358
-0.099773,-0.040600,0.021481,-0.025047
-0.107668,-0.024219,0.017848,-0.029904
-0.058943,-0.038415,-0.011131,-0.035454
-0.036399,-0.042746,-0.029925,-0.034579
-0.064607,-0.022491,0.005369,-0.061909
-0.079487,-0.027208,0.000878,-0.037989
-0.037733,-0.051893,-0.025058,-0.028293
-0.078296,0.075644,-0.219635,0.119154
-0.039577,0.092900,-0.057174,-0.012512
-0.065107,0.067725,-0.056517,-0.036380
0.055164,-0.008613,0.082845,-0.116405
-0.107377,-0.024766,0.018088,-0.029883
-0.105292,-0.015147,0.010970,-0.034472
-0.055631,-0.032063,-0.016504,-0.039744
-0.026527,-0.042159,-0.038393,-0.036850
-0.012708,-0.021993,0.024812,-0.130618
-0.030398,-0.023651,0.020204,-0.109781
-0.024370,-0.049301,-0.037388,-0.032883
-0.017017,-0.047588,-0.054728,-0.024609
0.108331,-0.052522,0.083835,0.055193
-0.086002,-0.029810,-0.011683,-0.015844
-0.097816,-0.026804,-0.005519,-0.012718
-0.087320,-0.030834,-0.014849,-0.010304
-0.051215,-0.055507,-0.026959,-0.010236
-0.025340,0.076606,-0.180797,0.086674
-0.012136,0.059061,-0.034230,-0.037389
0.077637,-0.007225,-0.042418,-0.055219
0.068905,-0.010180,-0.051243,-0.065845
0.082180,-0.018755,-0.058753,-0.060467
0.091534,-0.044599,-0.070126,-0.058429
0.067895,-0.088724,-0.020275,-0.079393
0.224283,-0.047525,0.284559,0.022974
-0.101757,-0.056284,0.026947,-0.012838
-0.118408,-0.038649,0.023791,-0.010678
-0.073196,-0.047725,-0.006712,-0.016309
-0.038644,-0.060862,-0.026265,-0.018048
-0.092746,-0.029541,0.000781,-0.022156
-0.111824,0.081990,-0.226236,0.134688
0.055068,0.027964,0.071809,-0.061196
0.055806,0.026166,0.095746,-0.069681
-0.108019,-0.014611,0.011466,-0.032775
-0.097896,-0.014737,0.005655,-0.036961
-0.046821,-0.028495,-0.025031,-0.043594
-0.017641,-0.043854,-0.046197,-0.036215
-0.004990,-0.025945,0.033773,-0.141791
-0.031265,-0.024288,0.025804,-0.113523
-0.017772,-0.059144,-0.048241,-0.018784
-0.007327,-0.045607,-0.090642,-0.000364
0.172733,-0.013527,0.164829,0.083896
-0.085451,-0.032889,0.001888,-0.026409
-0.067694,-0.032372,0.005267,-0.047518
-0.059674,0.070351,-0.210828,0.109753
-0.049179,0.076014,-0.058530,-0.031221
-0.042182,0.040266,-0.054755,-0.052818
0.000471,-0.031472,-0.017531,-0.078733
-0.078208,-0.055311,0.017770,-0.027822
-0.101868,-0.033821,0.020506,-0.028760
-0.067574,-0.031750,-0.008783,-0.035835
-0.048143,-0.025845,-0.021687,-0.047488
-0.045641,-0.031078,-0.023453,-0.043328
-0.051618,-0.046348,-0.013037,-0.032940
-0.038999,-0.036473,-0.036349,-0.032123
-0.002893,-0.052000,-0.085801,-0.003241
0.115366,-0.019830,0.112829,0.026502
-0.034256,-0.049493,0.003542,-0.003105
-0.060307,0.054198,-0.219494,0.118865
0.000534,-0.003414,-0.058854,-0.062078
-0.004891,-0.021824,-0.051580,-0.060291
0.044021,-0.056665,0.073020,-0.154841
-0.097021,-0.044572,0.028650,-0.031000
-0.103038,-0.030191,0.023051,-0.033765
-0.060682,-0.038275,-0.007129,-0.037858
-0.025949,-0.051692,-0.040071,-0.026231
0.001548,-0.047597,0.027522,-0.063342
-0.032656,-0.046423,0.013820,-0.055285
-0.113809,0.081727,-0.225850,0.135439
0.124744,0.047623,0.148870,-0.010397
0.099972,0.074537,0.148012,0.036742
-0.091208,-0.016759,0.000538,-0.036479
-0.069738,-0.017110,-0.011064,-0.046026
-0.045485,-0.021440,-0.021748,-0.043144
-0.039953,-0.031347,-0.023777,-0.040444
-0.044976,-0.032156,-0.018949,-0.047862
-0.038435,-0.031439,-0.036074,-0.037992
-0.012878,-0.033563,-0.079503,-0.017996
0.006198,-0.109869,-0.013704,-0.003985
-0.028270,-0.028999,-0.053870,-0.022622
-0.079014,-0.034638,-0.028540,-0.000607
-0.054092,-0.050790,0.004138,-0.022406
-0.116364,0.080884,-0.225029,0.136399
0.172112,0.046266,0.205202,0.005572
-0.017356,0.015400,0.015029,-0.104716
-0.086718,-0.021091,-0.009585,-0.025917
-0.084360,-0.014181,-0.015386,-0.030000
-0.055123,-0.013971,-0.030563,-0.031747
-0.084864,0.010644,-0.010450,-0.058043
-0.093095,-0.007228,-0.005781,-0.037217
-0.050482,-0.036843,-0.024301,-0.027636
-0.047120,-0.040945,-0.029221,-0.026621
-0.063144,-0.015121,-0.006746,-0.058364
-0.081819,-0.021482,-0.007542,-0.032748
-0.043753,-0.048268,-0.027617,-0.024291
-0.037677,-0.051338,-0.032249,-0.022678
0.009841,0.052845,-0.172384,0.078001
0.099318,-0.024981,-0.040396,-0.068498
0.075020,-0.030636,-0.041220,-0.079677
0.083520,-0.046127,-0.064819,-0.073788
0.068238,-0.076845,-0.016301,-0.107515
0.231044,-0.048131,0.280412,0.009408
-0.096026,-0.053163,0.030078,-0.024769
-0.116659,-0.038080,0.023227,-0.012429
-0.087027,-0.046022,-0.004180,-0.006714
-0.043084,-0.067522,-0.035565,0.002256
-0.108608,0.073853,-0.225821,0.136350
0.158737,0.044695,0.184823,0.013902
-0.030108,0.016282,-0.004565,-0.092699
-0.071263,-0.027823,-0.005318,-0.035511
-0.073072,-0.023968,-0.007986,-0.038903
-0.051513,-0.021855,-0.019660,-0.043021
-0.048489,-0.028756,-0.021229,-0.039310
-0.053636,-0.041609,-0.011550,-0.037149
-0.044591,-0.031984,-0.025238,-0.042130
-0.014261,-0.040735,-0.062913,-0.026033
0.075457,-0.005082,0.074109,0.012138
0.064226,0.012472,0.080016,-0.061722
-0.009702,-0.023300,-0.105293,-0.005646
-0.035493,-0.020351,-0.077049,-0.011031
-0.026807,-0.074642,-0.016618,-0.017127
-0.046532,-0.026878,-0.019288,0.024003
-0.086031,-0.036395,-0.038420,0.018708
-0.057613,-0.060674,0.002045,0.005609
-0.051632,0.050727,-0.216270,0.115443
-0.005973,0.007089,-0.062774,-0.053610
-0.003970,-0.015723,-0.057899,-0.056913
0.025822,-0.053943,0.041130,-0.144811
-0.089097,-0.049793,0.028062,-0.033114
-0.102184,-0.031038,0.024241,-0.034962
-0.060808,-0.037386,-0.005890,-0.039859
-0.036279,-0.048361,-0.027810,-0.031376
-0.079332,-0.026662,0.000177,-0.037808
-0.101314,-0.026012,-0.000566,-0.015620
-0.041904,-0.069746,-0.032158,0.000056
-0.095789,0.059555,-0.226060,0.136747
0.042704,-0.034499,0.061184,-0.136210
-0.018255,-0.050905,0.028497,-0.055545
-0.101343,-0.029096,0.022693,-0.036197
-0.091159,-0.027380,0.015503,-0.040907
-0.041261,-0.029687,-0.019600,-0.053394
-0.017639,-0.045065,-0.041057,-0.040181
0.005280,-0.025661,0.020974,-0.113691
-0.007983,-0.013758,0.037247,-0.149945
-0.010136,-0.030446,-0.094569,-0.008787
-0.021610,-0.017286,-0.104340,-0.000703
0.138360,-0.010022,0.110523,0.047203
-0.075921,-0.020144,-0.043000,-0.004131
-0.093108,-0.018681,-0.023053,-0.007277
-0.111027,-0.020585,-0.003975,-0.007639
-0.050601,-0.060157,-0.028149,-0.003913
-0.045370,-0.066473,-0.042338,0.010254
-0.025849,0.081509,-0.060032,-0.021960
0.017779,-0.006951,-0.004030,-0.059084
-0.088550,-0.033622,0.001457,-0.020737
-0.104581,-0.022415,0.016430,-0.033376
-0.066129,-0.022626,-0.011863,-0.043316
-0.047058,-0.022687,-0.021330,-0.051574
-0.043963,-0.029631,-0.024308,-0.045342
-0.047856,-0.042270,-0.013623,-0.040195
-0.038978,-0.033448,-0.033642,-0.037874
-0.007016,-0.042582,-0.086311,-0.008031
0.210786,-0.005602,0.194469,0.115515
-0.063254,-0.034716,-0.022135,-0.008308
-0.041950,-0.051138,0.014270,-0.024516
-0.088238,0.051838,-0.226098,0.136457
0.028341,-0.042537,0.042157,-0.145515
-0.010352,-0.049244,0.029683,-0.101408
-0.097181,-0.032225,0.024238,-0.038775
-0.090644,-0.027654,0.016813,-0.042459
-0.044452,-0.032277,-0.016719,-0.050496
-0.017369,-0.044926,-0.044395,-0.037253
0.020086,-0.018316,0.047999,-0.108453
-0.006318,-0.022955,0.039933,-0.098266
-0.007342,-0.033564,-0.113350,0.010315
-0.027389,-0.031327,-0.086698,0.001476
0.054702,-0.100298,0.028122,-0.002781
-0.082031,-0.032975,-0.032144,0.004673
-0.098790,-0.030217,-0.013745,0.000528
-0.100590,-0.034919,-0.006300,-0.001270
-0.058146,0.070895,-0.209446,0.108489
-0.048803,0.073448,-0.057912,-0.034480
-0.035467,0.037003,-0.053562,-0.054669
0.001777,-0.033303,-0.022207,-0.074689
-0.070492,-0.058857,0.017507,-0.030340
-0.097990,-0.037217,0.020934,-0.029670
-0.066301,-0.033628,-0.008959,-0.035052
-0.050109,-0.022619,-0.021714,-0.049066
-0.049841,-0.027481,-0.023349,-0.042917
-0.055109,-0.048594,-0.014374,-0.025868
-0.045071,-0.040892,-0.038460,-0.019521
-0.004326,-0.064100,-0.069028,-0.006480
-0.043131,-0.033860,0.022354,-0.082456
-0.089679,-0.030464,0.007730,-0.030967
-0.025246,-0.080213,-0.037438,-0.000614
-0.014320,-0.074374,-0.068423,0.013196
-0.025493,0.082189,-0.060026,-0.021313
0.023624,0.005883,0.002411,-0.035492
-0.109033,-0.006307,-0.022982,-0.003189
-0.122026,0.002662,-0.001157,-0.023400
-0.073506,-0.004668,-0.021045,-0.044648
-0.044607,-0.011388,-0.023658,-0.060531
-0.040989,-0.024902,-0.025161,-0.050780
-0.041607,-0.037918,-0.018064,-0.046354
-0.036265,-0.031113,-0.028499,-0.048066
-0.009735,-0.043760,-0.068747,-0.021699
0.157556,0.014623,0.151939,0.064672
-0.052814,-0.027795,-0.009941,-0.046013
-0.021490,-0.046245,0.025906,-0.036194
-0.008046,-0.058091,-0.094472,0.016672
-0.011995,-0.049662,-0.091914,0.009632
0.205392,-0.032848,0.187505,0.141702
-0.105566,-0.036680,-0.003038,0.002799
-0.091938,0.047958,-0.223975,0.138614
0.072796,-0.053301,0.107242,-0.104836
-0.055946,-0.046772,0.005578,-0.041889
-0.074961,-0.033288,0.007528,-0.043222
-0.055687,-0.032108,-0.014662,-0.040266
-0.052605,-0.034382,-0.019112,-0.037557
-0.049175,-0.041793,-0.021759,-0.031215
-0.032370,-0.034232,-0.014065,-0.060230
-0.035083,-0.042086,-0.009441,-0.045850
-0.038223,-0.048886,-0.065508,0.008675
-0.041839,-0.043495,-0.070792,0.012208
-0.018891,-0.075595,-0.062981,0.014143
-0.055951,-0.044513,-0.024303,0.043007
-0.112952,-0.029896,-0.002394,0.002870
-0.022273,-0.046109,-0.005851,-0.035516
-0.040397,-0.050541,-0.033882,-0.019123
-0.023878,-0.040301,-0.061565,-0.018199
0.006321,-0.089519,-0.047244,-0.011472
-0.075223,-0.031255,0.001407,-0.037886
-0.106823,-0.031380,0.005171,-0.010429
-0.002853,0.074167,-0.165513,0.076642
0.068976,0.019857,-0.061060,-0.019384
0.039724,0.030819,-0.059771,-0.050947
0.072631,0.001518,-0.058630,-0.066798
0.081737,-0.017199,-0.058271,-0.062938
0.090435,-0.043993,-0.069950,-0.060272
0.067056,-0.087813,-0.020210,-0.081232
0.214446,-0.057878,0.274252,0.012137
-0.092880,-0.055626,0.030100,-0.025534
-0.109001,-0.036125,0.025670,-0.024487
-0.071576,-0.040364,-0.005070,-0.026933
-0.039441,-0.059577,-0.025886,-0.018795
-0.028884,0.061556,-0.194175,0.095472
0.036496,-0.001532,-0.031947,-0.039135
0.081065,-0.026722,-0.033747,-0.062395
0.083818,-0.020376,-0.057225,-0.070024
0.088415,-0.046191,-0.067903,-0.064783
0.067818,-0.085363,-0.019758,-0.091078
0.241721,-0.043064,0.294870,0.001002
-0.092225,-0.055763,0.030110,-0.026058
-0.114295,-0.039012,0.024842,-0.015478
-0.078002,-0.044108,-0.004250,-0.017583
-0.041033,-0.055598,-0.025540,-0.020833
-0.100110,-0.020641,0.001051,-0.024016
-0.112359,-0.016058,0.006479,-0.021671
-0.018415,-0.032188,0.005684,0.015006
-0.046941,-0.062999,-0.032103,-0.001533
-0.102517,-0.029896,-0.005823,-0.004700
-0.107951,-0.029361,-0.000838,-0.005151
-0.049396,-0.068192,-0.024684,-0.000635
-0.076831,0.071817,-0.220541,0.120083
-0.028588,0.053281,-0.060782,-0.036554
-0.030202,0.019956,-0.057951,-0.051917
0.059282,-0.050743,0.092685,-0.113387
-0.103706,-0.034219,0.023515,-0.029533
-0.102606,-0.024715,0.017299,-0.033921
-0.054028,-0.034192,-0.013606,-0.042117
-0.021736,-0.043762,-0.039197,-0.039248
-0.005253,-0.035328,0.009383,-0.103673
-0.016839,-0.036980,0.017390,-0.105724
-0.113107,0.079483,-0.225682,0.135946
0.191644,0.075352,0.219218,0.064886
-0.030566,0.047261,-0.001028,-0.078112
-0.082655,-0.011759,-0.010886,-0.031313
-0.073796,-0.014721,-0.011242,-0.044152
-0.050586,-0.015393,-0.020863,-0.047279
-0.046305,-0.025869,-0.020909,-0.040854
-0.050689,-0.035381,-0.014163,-0.043710
-0.042107,-0.031015,-0.027031,-0.043790
-0.012543,-0.034695,-0.074486,-0.022218
0.021051,-0.104315,-0.027574,0.002684
-0.035835,-0.028969,-0.040147,-0.032897
-0.088824,-0.033408,-0.017053,-0.003745
-0.037493,-0.054873,0.008653,-0.015836
-0.088718,0.049978,-0.225649,0.137245
0.039839,-0.047375,0.059536,-0.159009
-0.029190,-0.052861,0.017567,-0.060564
-0.098868,-0.030676,0.024239,-0.038639
-0.088033,-0.028338,0.015692,-0.043265
-0.043147,-0.028867,-0.018935,-0.052994
-0.016478,-0.038175,-0.056771,-0.032519
0.179344,0.078458,0.167228,0.084722
-0.051850,-0.012225,0.006799,-0.080879
0.077871,-0.016600,0.105898,0.005594
-0.015884,-0.030413,-0.115239,0.017595
-0.037035,-0.037931,-0.082239,0.013312
0.001417,-0.113047,-0.000151,-0.018644
-0.088040,-0.036797,-0.050012,0.035822
-0.099739,-0.029532,-0.011369,-0.001562
-0.093701,-0.029186,-0.008185,-0.012452
-0.046854,-0.055337,-0.025857,-0.015856
-0.084114,0.078982,-0.221169,0.121026
-0.033259,0.065284,-0.058858,-0.034920
-0.037695,0.030191,-0.057386,-0.051425
0.051365,-0.040326,0.086084,-0.107496
-0.104129,-0.030144,0.022382,-0.032052
-0.099656,-0.023232,0.015625,-0.036679
-0.050868,-0.031812,-0.015497,-0.045767
-0.019753,-0.042625,-0.041703,-0.039862
-0.002125,-0.034418,-0.001908,-0.072324
-0.005575,-0.038716,0.009366,-0.097912
-0.013743,-0.043222,-0.070046,-0.016933
-0.024418,-0.034309,-0.076744,-0.008468
-0.012731,-0.091650,-0.036848,-0.000014
-0.052059,-0.037343,-0.024370,0.020202
-0.107223,-0.035885,-0.012043,0.012640
-0.053364,-0.045996,-0.005438,-0.029954
-0.063965,0.068603,-0.214646,0.113409
-0.043862,0.060347,-0.058068,-0.039585
-0.029010,0.021214,-0.056272,-0.057261
0.015073,-0.043889,0.018811,-0.119021
-0.089506,-0.050366,0.024028,-0.028093
-0.104718,-0.030962,0.022586,-0.030849
-0.063278,-0.032305,-0.009766,-0.038595
-0.039579,-0.036954,-0.025205,-0.039116
-0.035588,-0.039165,-0.026811,-0.039648
-0.040857,-0.036698,-0.024993,-0.041395
-0.032014,-0.022658,-0.068237,-0.021032
-0.017395,-0.026616,-0.088762,-0.011162
0.226984,0.025359,0.243558,0.116208
-0.053772,-0.018334,-0.047986,0.009018
-0.033766,-0.041221,0.011818,-0.004378
-0.005428,-0.067769,-0.091075,0.020354
-0.008690,-0.054983,-0.095754,0.015494
0.070174,-0.035653,0.081603,0.056156
0.000469,0.064126,-0.170525,0.078529
0.020778,0.015725,-0.028238,-0.050805
0.093013,-0.028280,-0.037175,-0.064546
0.082568,-0.019660,-0.057188,-0.066985
0.088657,-0.046091,-0.069255,-0.061448
0.067148,-0.087850,-0.020601,-0.084583
0.251186,-0.039563,0.308876,0.024329
-0.103459,-0.055414,0.028216,-0.013275
-0.119025,-0.039471,0.023830,-0.009277
-0.075642,-0.048446,-0.005339,-0.014517
-0.038305,-0.062158,-0.026831,-0.016590
-0.066851,0.077100,-0.211889,0.111412
-0.052188,0.079466,-0.057259,-0.037497
-0.042290,0.039472,-0.054085,-0.057207
0.007554,-0.035186,-0.001285,-0.099289
-0.083450,-0.052707,0.019248,-0.026942
-0.103888,-0.031699,0.020649,-0.029006
-0.067397,-0.031067,-0.009811,-0.035667
-0.046190,-0.029574,-0.023625,-0.043124
-0.042523,-0.034351,-0.025529,-0.040687
-0.047572,-0.044857,-0.017819,-0.033696
-0.034624,-0.034521,-0.052679,-0.022119
-0.009678,-0.044697,-0.086678,-0.002882
0.196097,-0.054160,0.192707,0.107606
-0.077686,-0.038797,-0.037300,0.026210
-0.066529,-0.052205,-0.000318,0.004638
