-0.171309,0.055282,-0.037995,-0.000612
-0.080139,-0.043181,-0.253159,-0.007407
-0.277956,-0.073815,0.046900,-0.007244
0.012179,0.007664,0.140095,0.009629
0.138666,-0.055890,0.060369,0.007507
0.023626,-0.018526,-0.342009,-0.014064
0.035218,-0.032347,-0.390270,0.003349
0.060667,-0.039338,-0.405770,0.000782
0.213037,-0.240854,-0.116088,0.006287
0.346996,-0.129729,0.167771,0.019377
0.217920,-0.239468,-0.082383,0.007666
0.043402,-0.064069,-0.357945,-0.003904
0.005703,-0.044421,-0.343326,-0.001102
-0.013630,-0.115269,-0.230487,-0.013627
0.118350,-0.210548,0.043919,0.003486
0.112668,-0.212019,0.041287,0.002077
0.106565,-0.213709,0.038347,0.000572
0.100706,-0.215304,0.035675,-0.000840
0.094890,-0.216806,0.033045,-0.002193
0.088899,-0.218277,0.030351,-0.003528
0.083206,-0.219596,0.027794,-0.004752
0.077362,-0.220863,0.025162,-0.005958
0.071825,-0.221974,0.022671,-0.007077
0.066391,-0.222993,0.020215,-0.008155
0.059793,-0.224981,0.016682,-0.010166
0.053385,-0.226913,0.013482,-0.012152
0.047137,-0.228670,0.010404,-0.014005
0.040828,-0.230332,0.007334,-0.015789
0.034939,-0.231766,0.004485,-0.017354
0.029215,-0.233026,0.001739,-0.018782
0.022889,-0.234454,-0.001978,-0.020315
0.017849,-0.235164,-0.003569,-0.021368
0.013225,-0.235368,-0.005365,-0.021875
0.008929,-0.235264,-0.006890,-0.022129
0.004214,-0.235118,-0.009257,-0.022360
0.000255,-0.234814,-0.009996,-0.022542
-0.003750,-0.234445,-0.011558,-0.022672
-0.007678,-0.233981,-0.013137,-0.022758
-0.011707,-0.233420,-0.014757,-0.022795
-0.015530,-0.232793,-0.016297,-0.022794
-0.019305,-0.232052,-0.017848,-0.022758
-0.023194,-0.231156,-0.019465,-0.022689
-0.033225,-0.222597,-0.029370,-0.052603
-0.050367,-0.164522,-0.052594,-0.108230
0.248774,0.002218,0.334855,-0.074715
0.287762,0.031669,0.368536,-0.073425
-0.070540,0.013682,-0.234123,-0.093161
-0.090828,0.032869,-0.246758,-0.079425
0.247185,0.094391,0.350743,-0.076529
0.280495,0.078957,0.323409,-0.067008
-0.074947,0.054384,-0.252673,-0.110894
-0.119656,0.041342,-0.262339,-0.043486
0.216342,0.082851,0.305532,0.011119
0.227604,0.062128,0.307688,0.018430
-0.132661,0.050565,-0.291055,-0.010117
-0.112308,0.082192,-0.008870,-0.048715
-0.138437,-0.169667,-0.007464,-0.068558
-0.106221,-0.420749,0.123956,0.045223
-0.054629,-0.424515,0.060673,0.066627
-0.041897,-0.333204,0.060197,0.088144
0.040925,-0.170441,0.097497,0.126194
0.264153,0.012239,0.075267,0.110660
0.075222,0.016401,-0.493266,0.049726
0.082869,0.036682,-0.516231,0.040083
0.412344,0.074024,0.062176,0.060139
0.420408,0.070336,0.072326,0.046428
0.094208,0.032215,-0.514221,0.011316
0.067233,0.028020,-0.498029,0.018969
0.109236,0.073096,-0.179687,-0.036076
0.317078,0.101651,0.220340,-0.023862
0.011779,0.069806,-0.202515,-0.155332
-0.046830,0.046473,-0.352218,-0.031565
0.142305,0.149883,0.173363,0.068965
0.102299,-0.104370,0.362259,-0.160332
0.010738,-0.168152,-0.059808,0.023849
-0.108050,-0.185702,-0.033032,0.053639
-0.241189,-0.149458,0.009771,0.065347
-0.286778,-0.107593,0.006195,0.067759
-0.396863,-0.044316,0.018123,0.064190
-0.425583,0.035666,0.082447,0.072869
-0.379882,0.062671,0.148470,0.040386
-0.059742,0.089932,0.478206,0.052292
-0.026070,0.091690,0.473757,0.045018
-0.409876,0.030299,-0.003138,-0.001187
-0.405819,0.031377,-0.011774,0.002211
0.027699,0.073338,0.481813,0.033003
0.084530,0.060498,0.442287,0.028542
-0.220334,0.056678,-0.083145,-0.086941
0.112489,0.011550,0.320896,0.117422
-0.283349,0.004113,-0.041112,-0.034885
-0.292809,0.002128,-0.032536,-0.048543
-0.389428,0.003085,0.046572,-0.043875
0.062953,0.057034,0.528487,-0.032766
0.077868,0.049088,0.521946,-0.033046
0.096383,0.063541,0.493477,-0.037544
-0.257491,0.044594,0.025013,-0.196044
-0.229078,0.047235,0.023946,-0.225924
0.178096,0.056932,0.436737,-0.055907
0.233492,0.047730,0.383139,-0.048505
0.315628,0.045738,0.309315,-0.054828
-0.038522,0.013755,-0.274443,-0.084821
-0.073740,0.005807,-0.290314,-0.025878
0.256246,0.041798,0.297141,0.020502
0.256685,0.031675,0.277692,0.049782
-0.126169,0.036841,-0.312608,0.036342
-0.116989,0.045856,-0.362892,0.049885
-0.281596,0.043796,-0.116237,-0.030048
-0.142943,-0.161082,-0.011925,-0.068175
-0.121524,-0.353581,0.159230,0.091589
-0.021590,-0.289058,0.070719,0.144892
0.132610,-0.013930,0.139724,0.193501
0.276758,0.087888,0.068782,0.139250
0.137892,0.072746,-0.403865,0.169069
0.069126,0.034349,-0.513949,0.043135
0.417496,0.063522,0.052980,0.073274
0.421060,0.050099,0.073206,0.063583
0.088291,0.018754,-0.498243,0.008311
0.060486,0.012673,-0.449194,-0.008089
0.041886,-0.012351,-0.212499,-0.154901
0.326118,0.084472,0.238728,-0.034145
0.030273,0.037114,-0.188205,-0.180750
-0.039138,0.046155,-0.350448,-0.040708
0.193107,0.145211,0.205744,0.060041
0.079048,0.012860,0.282674,0.140920
0.128424,0.151609,-0.038746,-0.026301
0.030632,0.151803,0.021963,-0.027632
-0.094812,0.109778,0.051012,-0.034271
-0.295865,0.047128,0.018407,-0.037526
-0.396670,0.004735,0.048785,-0.035246
-0.265298,0.014752,0.198434,-0.103597
0.070618,0.062361,0.536159,-0.053283
0.075858,0.058741,0.527658,-0.046401
0.124229,0.064474,0.466207,-0.039053
-0.167478,0.066689,-0.048835,-0.075348
0.154894,-0.114552,0.412377,-0.134145
-0.173087,-0.191259,0.005313,-0.002309
-0.117519,-0.190172,-0.031464,0.019726
-0.125905,-0.186798,-0.027409,0.032780
-0.130842,-0.174863,-0.023024,0.037048
-0.141628,-0.163871,-0.023095,0.038741
-0.155374,-0.151026,-0.024218,0.039798
-0.270086,-0.114877,0.001370,0.032970
-0.395261,-0.047912,0.065989,0.030734
-0.398662,-0.029762,0.118804,0.031541
-0.330075,-0.081053,0.218443,0.062045
-0.022951,0.041467,0.512541,0.049600
-0.001685,0.058842,0.481146,0.066016
-0.394662,0.021616,-0.037965,0.026959
-0.385286,0.030091,-0.054926,0.026010
0.049268,0.076993,0.445352,0.044240
0.093627,0.062186,0.427499,0.032545
-0.270636,0.046944,-0.114665,-0.045388
-0.100354,-0.025058,-0.414726,0.169226
0.280151,-0.028674,0.215264,-0.047023
0.352572,-0.017915,0.139020,-0.078295
0.108874,0.006833,-0.411941,-0.087528
0.114228,0.014256,-0.452004,-0.060503
0.468994,0.069160,0.084988,-0.059662
0.471294,0.071886,0.113433,-0.057288
0.119657,0.033422,-0.460481,-0.076720
0.059108,0.029067,-0.421529,-0.050786
0.142111,0.133550,-0.092287,-0.078558
0.262652,0.152752,0.098289,0.065364
-0.047053,0.040488,-0.405408,0.027839
-0.121833,0.033467,-0.340077,0.044371
-0.280764,0.033920,-0.191607,0.054314
0.095131,0.077007,0.364536,0.079153
0.145399,0.049364,0.361454,0.059536
-0.228971,0.015751,-0.186058,0.021741
-0.201386,0.018744,-0.204424,0.002931
0.155626,0.069565,0.403272,-0.012666
0.201271,0.050955,0.394655,-0.031027
-0.138619,0.032443,-0.181214,-0.096718
-0.158109,0.038230,-0.210422,-0.053841
0.206742,0.073204,0.368461,-0.032550
0.235341,0.058743,0.349555,-0.027782
-0.048536,0.067012,-0.165258,-0.189705
-0.102073,0.052164,-0.233334,-0.100838
0.241257,0.053540,0.338536,-0.017476
0.268050,0.043160,0.288122,0.016521
0.278112,0.131755,0.088145,0.096970
-0.044101,0.040921,-0.402206,0.021252
-0.106192,0.031077,-0.330870,0.021924
-0.254177,0.039203,-0.200824,0.031657
0.072501,0.098279,0.366468,0.078587
0.132320,0.076574,0.380203,0.026757
-0.212616,0.038526,-0.194402,-0.015651
-0.204598,0.038520,-0.206231,-0.011833
0.111462,0.109328,0.371140,0.023863
0.170585,0.074004,0.378435,-0.007167
-0.171250,0.055335,-0.037950,-0.000611
-0.305852,0.012651,-0.025030,-0.001962
-0.396829,-0.016179,0.040649,-0.005432
0.072660,0.020204,0.511495,0.007412
0.096114,0.006278,0.510417,0.002902
0.092157,0.014296,0.499562,0.007979
-0.145309,-0.178835,0.137142,-0.005320
-0.238268,-0.037884,-0.097528,-0.007627
-0.131182,-0.195763,0.110806,-0.011909
0.153765,-0.013585,0.441204,0.009149
0.137919,-0.096223,0.305977,0.022454
-0.140778,-0.036769,-0.202380,-0.003459
-0.153789,-0.027898,-0.202449,0.000069
-0.050955,-0.185654,0.147093,-0.009790
0.191685,-0.015752,0.428345,-0.007688
0.209978,-0.049765,0.311488,-0.055469
-0.086369,-0.006007,-0.218979,-0.072787
-0.105947,0.011943,-0.215087,-0.075051
-0.006591,-0.031322,0.112296,-0.268855
0.244352,0.030339,0.410856,-0.069690
0.296305,0.034392,0.360060,-0.074903
0.370869,0.052783,0.270393,-0.078202
0.076471,0.058407,-0.247934,-0.228718
0.016474,0.022275,-0.384867,-0.038020
-0.095174,0.032729,-0.305611,-0.015977
0.232998,0.064056,0.281465,0.037317
0.251038,0.056765,0.246181,0.061847
-0.116102,0.061283,-0.312661,0.039768
-0.115269,0.047250,-0.365472,0.049355
-0.209442,0.038727,-0.246860,0.033436
0.072576,0.131253,0.298932,0.097644
0.121121,0.124284,0.331200,0.037329
-0.291300,0.041723,-0.114382,-0.020165
-0.088993,-0.024997,-0.419335,0.166965
0.359909,-0.071069,0.092143,-0.040165
0.209753,-0.153013,-0.217698,-0.175175
0.166984,-0.053693,-0.299499,-0.194052
0.443359,0.040255,0.205592,-0.081869
0.425249,0.056173,0.204284,-0.075071
0.307522,0.092559,-0.210124,-0.219198
0.130920,0.027322,-0.479829,-0.062532
0.108192,0.030190,-0.380702,-0.134172
0.407415,0.028339,0.187066,-0.007517
0.385170,0.023594,0.190251,0.016295
0.076371,0.028372,-0.367525,-0.018120
0.018264,0.014185,-0.417614,0.001032
-0.082009,0.033378,-0.339411,0.003913
0.203376,0.103428,0.230820,0.076934
0.206915,0.092349,0.245632,0.070886
-0.172000,0.073957,-0.049403,-0.075413
0.015026,-0.099752,0.278747,-0.185207
-0.107064,-0.167734,-0.033274,0.077568
-0.166208,-0.109739,-0.035691,0.115771
-0.348703,-0.056680,-0.006068,0.104154
-0.421198,0.001258,0.001290,0.091094
-0.441310,0.033854,0.056462,0.089987
-0.362465,0.017992,0.147400,0.072503
-0.006141,0.077862,0.501053,0.039858
0.017691,0.070760,0.499328,0.028006
-0.407356,0.029494,0.006048,-0.012015
-0.380089,0.032092,-0.005472,-0.030651
0.083730,0.066335,0.493520,-0.027727
0.152879,0.052249,0.448157,-0.037427
0.210870,0.076226,0.362923,-0.034162
-0.232382,0.055284,-0.092139,-0.085313
-0.122416,-0.013212,-0.412309,0.172486
-0.084840,-0.001501,0.111204,-0.146396
0.184093,0.059710,0.176837,-0.161950
0.345339,0.100538,0.150427,-0.102559
0.097705,0.033733,-0.423441,-0.091993
0.120256,0.030822,-0.479226,-0.055934
0.477337,0.095772,0.047605,-0.033409
0.466721,0.081810,0.060102,-0.008712
0.107644,0.025126,-0.513419,-0.003129
0.066767,0.029796,-0.504977,0.024410
0.233962,0.149077,-0.056475,0.165046
0.137910,0.137002,-0.085825,0.150189
-0.052005,0.037783,-0.396116,0.026207
-0.113359,0.028536,-0.311381,0.012376
-0.226008,0.035272,-0.178658,-0.014745
-0.285468,0.049033,0.015033,-0.162250
0.143140,0.063203,0.460136,-0.050622
0.217434,0.040300,0.405727,-0.047603
0.288312,0.033032,0.329288,-0.034778
-0.053834,0.003852,-0.259565,-0.074189
-0.080411,-0.014991,-0.244886,-0.043846
0.277417,0.008352,0.345020,-0.015245
0.284076,-0.010961,0.329537,0.013162
-0.046445,-0.055026,-0.221010,0.020513
-0.078455,0.004433,-0.338675,0.028559
-0.192642,0.018898,-0.237649,0.027264
0.171100,0.069524,0.329313,0.045900
0.198063,0.053048,0.330865,0.033880
-0.016169,0.108510,0.060125,0.003866
-0.069658,-0.148435,-0.086932,-0.078694
0.123928,-0.105652,-0.440440,0.038131
0.405933,-0.073177,-0.084601,0.197313
0.380532,0.027191,-0.022726,0.187793
0.036091,0.018572,-0.515372,0.077260
-0.029317,0.036924,-0.479269,0.087622
-0.192505,0.041182,-0.327798,0.097849
-0.186535,0.035704,-0.142241,0.138141
-0.252629,0.022418,-0.182307,0.036442
0.053502,0.075075,0.249883,0.125102
0.117413,0.095354,0.304065,0.055427
-0.158256,0.031899,-0.231635,-0.026150
-0.158238,0.030520,-0.209687,-0.046727
-0.270722,0.038281,-0.053755,-0.097946
0.139224,0.070371,0.467900,-0.061638
0.206219,0.044420,0.434203,-0.068984
0.265011,0.080518,0.313569,-0.076016
-0.057804,-0.024281,-0.255210,-0.046848
-0.099134,-0.045099,-0.221949,-0.017960
-0.151191,-0.175889,-0.006435,-0.031696
0.199142,-0.009326,0.390868,0.035160
0.245994,0.004905,0.320248,0.044400
0.311345,0.019863,0.224264,0.060218
-0.032606,0.034629,-0.309062,0.057179
-0.061163,0.038867,-0.395893,0.034057
-0.239587,0.051478,-0.099754,-0.080659
-0.139821,-0.163445,-0.012964,-0.067893
-0.127382,-0.367805,0.153313,0.076281
-0.043692,-0.340027,0.060148,0.114870
0.114471,-0.045078,0.133019,0.208738
0.274214,0.077279,0.075000,0.139692
0.128562,0.062146,-0.411364,0.131004
0.082833,0.038333,-0.509513,0.032323
0.416936,0.068142,0.073415,0.051086
0.416899,0.059277,0.083756,0.050364
0.092285,0.028990,-0.505623,0.011983
0.045173,0.021404,-0.454852,0.004142
0.000942,0.034304,-0.397065,-0.022322
-0.103192,0.050609,-0.265654,-0.065732
0.235201,0.068106,0.330064,-0.017516
0.257892,0.054844,0.321514,-0.018395
-0.024424,0.070870,-0.203771,-0.142386
0.156346,0.149147,0.182344,0.069344
-0.003762,-0.001157,0.169500,0.170950
0.104534,0.172856,-0.017447,0.001038
-0.000911,0.176195,0.073261,0.019203
0.013470,0.180702,0.074116,0.010102
0.017768,0.177272,0.073169,-0.017966
-0.009557,0.153213,0.066181,-0.041596
-0.060199,0.120853,0.055055,-0.049723
-0.271501,0.048923,0.020165,-0.055842
-0.394694,0.007879,0.048272,-0.040212
-0.264535,-0.001359,0.205473,-0.042524
0.054945,0.054125,0.508104,-0.001329
0.068566,0.043038,0.510374,-0.006123
0.120036,0.049807,0.468769,-0.022756
0.143485,0.117036,0.379888,-0.040012
-0.176312,0.038153,-0.166829,-0.079154
-0.185389,0.038121,-0.164089,-0.072785
-0.178306,0.034613,0.079611,-0.317381
0.200471,0.022428,0.456614,-0.063655
0.270402,-0.018233,0.418861,-0.055173
0.372962,-0.055458,0.337181,-0.039042
0.068278,-0.153961,-0.206047,-0.082352
0.006841,-0.075886,-0.314429,-0.000664
-0.079559,-0.075954,-0.244241,0.016082
0.268535,-0.026961,0.334182,0.038958
0.274061,-0.020288,0.319639,0.042333
-0.077431,-0.040922,-0.252616,0.025105
-0.084816,0.003767,-0.334851,0.031760
-0.199664,0.019947,-0.232752,0.028330
0.133112,0.087217,0.306373,0.088952
0.179171,0.075509,0.319286,0.041883
-0.171214,0.055369,-0.037921,-0.000610
-0.080128,-0.043182,-0.253207,-0.007368
-0.287936,-0.069216,0.046740,-0.007619
0.032095,0.024703,0.144381,-0.028380
0.144277,-0.003904,0.068178,-0.083412
0.041305,0.008955,-0.347599,-0.085630
0.083343,0.010152,-0.425035,-0.052565
0.474471,0.058357,0.086771,-0.044492
0.475236,0.059291,0.095640,-0.035376
0.112746,0.024860,-0.489671,-0.031056
0.095168,0.021389,-0.486590,-0.013844
0.340991,0.059830,-0.009629,0.014831
0.341345,0.077574,0.041984,0.026682
0.012211,0.029557,-0.408734,-0.017172
-0.038322,0.033728,-0.364219,-0.015322
-0.182763,0.038723,-0.218407,-0.021695
0.183841,0.086691,0.349974,-0.004653
0.211997,0.069678,0.338522,-0.004342
-0.123085,0.050928,-0.235298,-0.076672
-0.024584,0.118017,0.056722,0.001620
0.074630,0.012700,0.283098,0.144105
0.115888,0.139300,-0.028434,-0.048637
-0.006410,0.099858,0.005446,-0.077556
-0.290883,0.021451,0.035305,-0.098390
-0.398213,0.015900,0.083454,-0.082705
-0.128804,0.101649,0.378415,-0.092426
0.019970,0.080505,0.549400,-0.034203
0.039179,0.078563,0.514430,-0.024191
-0.346121,0.006246,0.002975,-0.047215
-0.332030,-0.007528,-0.006935,-0.037622
0.092444,0.022225,0.498732,0.002442
0.151460,0.018649,0.426233,0.019513
0.205081,0.039134,0.325036,0.046596
-0.178437,0.038493,-0.269858,0.041298
-0.230849,0.052140,-0.094296,-0.084959
-0.156569,-0.154016,-0.004078,-0.069464
-0.096085,-0.346990,0.145858,0.114431
0.050716,-0.163846,0.102232,0.200379
0.272448,0.062219,0.078103,0.154250
0.110740,0.062735,-0.449582,0.166955
0.058037,0.035832,-0.518844,0.060112
0.409210,0.061557,0.049566,0.087323
0.424114,0.050021,0.072205,0.062294
0.088410,0.017256,-0.494628,0.005311
0.037357,0.015100,-0.422548,-0.014047
-0.034705,0.018570,-0.277537,-0.086830
0.283718,0.040252,0.307321,-0.015447
0.314986,0.040641,0.301558,-0.041339
0.202940,0.097259,-0.051071,-0.182285
0.014602,0.035590,-0.395869,-0.038464
-0.074368,0.029319,-0.325954,-0.013103
-0.269474,0.045406,-0.115360,-0.044396
0.193662,-0.128219,0.454399,-0.115284
-0.260377,-0.177342,0.046125,0.014292
-0.264249,-0.156369,0.005410,0.034988
-0.369477,-0.104654,0.044299,0.050205
-0.181845,-0.150071,0.365499,0.155964
-0.008429,0.041975,0.513967,0.062140
-0.045154,0.064584,0.386203,0.188041
-0.384090,0.031628,-0.098516,0.066868
-0.368615,0.032573,-0.101914,0.053824
0.011488,0.100871,0.400847,0.102538
0.089842,0.074033,0.427421,0.024560
-0.292534,0.036078,-0.104083,-0.023601
-0.272162,0.034566,-0.102521,-0.044025
-0.221341,0.059312,-0.084699,-0.087496
0.222973,-0.190030,0.482274,-0.077074
-0.131198,-0.477638,0.227457,-0.000815
-0.139703,-0.477420,0.219420,0.014460
-0.160912,-0.465750,0.232252,0.024371
0.020685,-0.279240,0.381038,0.091668
0.176052,-0.137225,0.455460,0.070245
-0.035770,-0.289410,0.060101,0.074347
-0.163456,-0.076956,-0.189730,0.046035
-0.099901,-0.098059,0.029728,0.186473
0.162326,0.036406,0.314851,0.102236
0.152689,0.082048,0.179383,0.201531
-0.208179,0.037218,-0.326885,0.115052
-0.208595,0.024096,-0.285220,0.085607
-0.317084,0.024123,-0.102961,0.061594
0.064808,0.072116,0.365621,0.109074
-0.262297,0.008594,-0.096962,-0.022667
-0.243083,0.010700,-0.109024,-0.042320
0.171469,0.037255,0.424637,-0.017521
0.219331,0.021992,0.392298,-0.017780
0.238918,0.074524,0.242893,0.002368
-0.085327,0.024219,-0.294856,-0.028177
-0.118710,0.034073,-0.282560,-0.016944
-0.205572,0.044803,-0.063047,-0.150894
0.203668,0.047529,0.380148,-0.015488
0.243218,0.037030,0.359957,-0.024354
0.304502,0.062161,0.269289,-0.020135
-0.055088,0.048994,-0.326974,-0.050996
-0.074733,0.049508,-0.330874,-0.028043
0.224896,0.134423,0.251003,0.003860
0.243585,0.109672,0.276535,-0.013997
-0.208872,0.052039,-0.080472,-0.087962
0.015900,0.004194,0.199488,0.168297
0.114569,0.166064,-0.042326,-0.002567
-0.018061,0.169947,0.071941,0.022434
-0.001285,0.175792,0.072080,0.023662
0.021473,0.181578,0.074118,-0.006641
0.005183,0.166916,0.070570,-0.029832
-0.035951,0.132734,0.059158,-0.053759
-0.092934,0.094255,0.048037,-0.063496
-0.290174,0.032587,0.027662,-0.067977
-0.396061,0.008085,0.067001,-0.060759
-0.280022,0.032085,0.204525,-0.087947
0.042847,0.069826,0.520740,-0.017571
0.053511,0.060266,0.519300,-0.017220
0.111448,0.064964,0.481228,-0.041783
0.150307,0.126354,0.368400,-0.039479
-0.180543,0.033993,-0.179489,-0.058104
-0.195958,0.023934,-0.183328,-0.028789
-0.236401,-0.003854,0.028115,-0.165204
0.167877,0.023094,0.448473,-0.023587
0.224031,0.019588,0.369721,0.002484
0.296093,0.022995,0.252506,0.044235
0.220265,0.123050,-0.035079,0.160228
-0.034099,0.032503,-0.407700,0.025159
-0.110876,0.029081,-0.329713,0.027473
-0.256927,0.040858,-0.208067,0.039996
0.027415,0.118170,0.322082,0.146985
0.090842,0.089740,0.371796,0.063471
-0.251620,0.032927,-0.195705,0.030258
-0.233211,0.030963,-0.193355,0.011463
-0.041933,0.102997,0.246062,-0.014020
0.122089,0.121257,0.378787,-0.008808
-0.297757,0.039683,-0.112768,-0.013293
-0.044271,-0.215476,-0.049359,-0.074867
0.124503,-0.545397,0.098266,-0.021739
0.046814,-0.501906,0.103696,-0.031518
-0.018084,-0.447184,0.089180,-0.008013
0.034618,-0.506847,0.061376,0.026805
0.020934,-0.515059,0.061929,0.048321
-0.015068,-0.504842,0.064524,0.074705
-0.057483,-0.442432,0.061066,0.109052
-0.000325,-0.247445,0.081880,0.177912
0.256391,0.003188,0.069624,0.149322
0.084035,0.010888,-0.485804,0.051858
0.090609,0.029326,-0.520176,0.027744
0.409239,0.078399,0.050269,0.069936
0.404317,0.067115,0.072813,0.067310
0.090177,0.030394,-0.514887,0.014435
0.056564,0.028653,-0.474003,0.004698
0.023323,0.058727,-0.233822,-0.064906
0.290407,0.099781,0.214463,0.010514
-0.024527,0.066348,-0.206433,-0.071258
-0.056552,0.045025,-0.367192,-0.005423
-0.175495,0.068990,-0.050351,-0.075951
-0.131010,-0.023171,-0.397532,0.174710
0.076291,-0.004597,0.171408,-0.064635
0.273576,-0.014141,0.089097,-0.089683
0.074665,0.013099,-0.391388,-0.080391
0.105727,0.015400,-0.443247,-0.061984
0.474575,0.073192,0.071938,-0.068805
0.478180,0.083630,0.083035,-0.059450
0.121838,0.030742,-0.488711,-0.047946
0.076992,0.029652,-0.465479,-0.025298
0.241257,0.137961,-0.060546,0.044711
0.229893,0.138170,-0.015012,0.143432
-0.045794,0.036286,-0.416905,0.042283
-0.122008,0.030492,-0.344614,0.052098
-0.243074,0.022523,-0.215032,0.051446
0.047165,0.103300,0.335841,0.121702
0.101023,0.095156,0.368272,0.050062
-0.198843,0.029742,-0.185234,-0.029807
-0.197098,0.031733,-0.172364,-0.046412
-0.222971,0.047075,0.046307,-0.254448
0.176021,0.059752,0.446192,-0.066108
0.237283,0.040021,0.396692,-0.058139
0.314959,0.026782,0.323917,-0.049805
-0.021201,-0.008440,-0.251359,-0.099377
-0.074469,-0.004695,-0.279494,-0.024681
0.259670,0.014709,0.305818,0.035641
0.272048,0.027443,0.250060,0.066257
0.199136,0.146107,-0.029528,0.250147
-0.066598,0.041435,-0.410615,0.051649
-0.128582,0.029534,-0.329801,0.044943
-0.258544,0.032779,-0.193313,0.034939
-0.037046,0.111971,0.266989,0.087703
0.093185,0.117402,0.371662,0.031877
-0.218365,0.036903,-0.161305,-0.041374
-0.219882,0.036922,-0.165615,-0.035566
-0.171266,0.055320,-0.037962,-0.000611
-0.305705,0.012664,-0.025089,-0.001975
-0.396239,-0.015759,0.039198,-0.005012
0.071309,0.020826,0.511312,0.007558
0.095467,0.006634,0.510444,0.003172
0.095771,0.017890,0.502615,-0.001491
-0.219109,-0.051281,0.059304,-0.139291
-0.188112,-0.018382,0.053767,-0.226241
0.216420,0.012694,0.456494,-0.069753
0.265932,0.007847,0.416925,-0.074849
0.326177,0.046551,0.320292,-0.077166
0.036493,0.048643,-0.211946,-0.256863
-0.013683,0.059049,-0.245762,-0.183307
0.298571,0.055717,0.300094,-0.038530
0.317666,0.042586,0.280983,-0.025382
0.229712,0.129325,-0.025853,-0.048890
-0.006439,0.024601,-0.402006,-0.000296
-0.087776,0.029734,-0.349026,0.022944
0.197328,0.138935,0.205378,0.060819
0.205094,-0.135435,0.462365,-0.100587
-0.145494,-0.187275,-0.016463,-0.005276
-0.069590,-0.201679,-0.045672,0.015945
-0.072296,-0.205063,-0.037212,0.041834
-0.085538,-0.173953,-0.032905,0.078820
-0.129589,-0.122073,-0.035233,0.113494
-0.217036,-0.065663,-0.028947,0.122745
-0.355066,-0.038548,-0.007979,0.090949
-0.418979,0.008038,0.010076,0.082623
-0.448883,0.025532,0.044189,0.077502
-0.395800,0.028413,0.109440,0.053497
-0.072121,0.084824,0.434912,0.086577
-0.017911,0.103106,0.449633,0.062790
-0.390322,0.033184,-0.003965,-0.023018
-0.359557,0.033915,-0.013597,-0.044899
0.066577,0.082679,0.506277,-0.039781
0.092563,0.068546,0.499736,-0.044989
0.116983,0.113811,0.361514,0.006960
-0.201105,0.019650,-0.164764,-0.037924
-0.200439,0.008361,-0.163744,-0.028319
-0.257710,-0.034258,0.022675,-0.113457
0.150451,0.018546,0.439081,0.007777
0.206641,0.027509,0.347896,0.033713
0.271875,0.036615,0.240198,0.067092
0.194541,0.153896,-0.037462,0.221903
-0.058299,0.040151,-0.400867,0.034880
-0.113555,0.029882,-0.316101,0.015877
-0.235989,0.037579,-0.178233,-0.007496
-0.305700,0.052009,0.010679,-0.116754
0.119534,0.059645,0.444095,-0.007417
0.195410,0.052093,0.376976,-0.008622
0.253186,0.062420,0.303957,-0.003712
-0.096120,0.056093,-0.275982,-0.064216
0.164992,0.145965,0.186813,0.068934
-0.098662,-0.184326,-0.033572,-0.067509
0.193206,-0.452116,0.035737,0.026292
0.147515,-0.403472,0.095405,0.025793
0.229314,-0.217756,0.126337,0.057890
0.373376,-0.035062,0.081710,0.085306
0.132698,0.000946,-0.462326,0.091173
0.074817,0.020092,-0.527930,0.049250
0.065138,0.033164,-0.517987,0.040588
0.018881,0.072662,-0.392651,0.049752
-0.070532,0.049079,-0.394268,0.033186
-0.102376,0.056916,-0.238372,0.028377
0.212873,0.114127,0.239354,0.048417
-0.138004,0.049122,-0.246072,-0.046660
-0.168539,0.042217,-0.239894,-0.017919
0.197394,0.085009,0.331314,0.002137
0.227901,0.073057,0.334718,-0.019822
0.172718,0.150073,0.193834,0.067167
-0.020148,-0.106450,0.237059,-0.180521
-0.055288,-0.214282,-0.033842,-0.034378
-0.102465,-0.237293,0.013287,-0.029005
-0.101155,-0.244195,0.011828,-0.018608
-0.104923,-0.251462,0.010833,0.000298
-0.111468,-0.253718,0.009679,0.019936
-0.125870,-0.246555,0.010174,0.041997
-0.159627,-0.221534,0.012703,0.071021
-0.219687,-0.179597,0.007347,0.086151
-0.278721,-0.125794,0.003933,0.085326
-0.332263,-0.069797,-0.001155,0.088626
-0.416396,-0.012888,0.007992,0.078568
-0.442192,0.041233,0.057887,0.078336
-0.389099,0.048771,0.127094,0.047950
-0.049625,0.089285,0.472007,0.058533
-0.008282,0.098883,0.473462,0.041739
-0.411380,0.034214,-0.001807,-0.005020
-0.404618,0.034240,-0.008512,-0.005184
0.040294,0.074845,0.492387,0.008330
0.095982,0.061922,0.449807,0.008146
0.109966,0.103568,0.370498,0.031810
-0.213995,0.039948,-0.210559,0.000465
-0.223805,0.037691,-0.201971,0.003944
0.059615,0.126176,0.336688,0.087604
0.104516,0.105442,0.368653,0.037216
-0.214121,0.039752,-0.200241,-0.009533
-0.209767,0.037553,-0.175926,-0.036002
-0.280247,0.043316,-0.116104,-0.031050
-0.141050,-0.173061,0.001957,-0.071978
0.005241,-0.457236,0.069999,-0.001652
-0.005096,-0.470812,0.069995,0.022474
-0.028741,-0.467427,0.068281,0.047926
-0.057775,-0.426075,0.059969,0.079978
-0.028763,-0.297678,0.067316,0.125300
0.102426,-0.064974,0.128831,0.167494
0.282648,0.061283,0.090249,0.104389
0.084010,0.024183,-0.480665,0.027334
0.098923,0.033415,-0.510259,0.017894
0.415509,0.070930,0.071672,0.050622
0.412614,0.065748,0.081653,0.050937
0.093585,0.034545,-0.514227,0.018557
0.041476,0.026857,-0.486572,0.034123
-0.014680,0.031666,-0.416363,0.015243
-0.126272,0.044043,-0.279803,-0.021736
0.218707,0.067993,0.328838,0.000314
0.238926,0.053299,0.323321,0.000306
-0.084039,0.049571,-0.252389,-0.081046
-0.101482,0.051950,-0.267795,-0.066808
0.255522,0.082966,0.320348,-0.042983
0.255939,0.057897,0.322427,-0.020409
-0.069672,0.056532,-0.243034,-0.113856
-0.105902,0.045939,-0.272508,-0.051611
0.241173,0.059958,0.321997,-0.007275
0.254700,0.045295,0.290655,0.025203
0.112052,0.143757,-0.054193,0.111339
-0.061513,0.037690,-0.385831,0.025520
-0.118128,0.030519,-0.319014,0.022651
-0.275512,0.038517,-0.173885,0.026740
0.009827,0.127769,0.320849,0.151046
0.084293,0.106558,0.373854,0.051107
-0.229101,0.038438,-0.169417,-0.024062
-0.236161,0.037447,-0.161115,-0.024312
-0.285733,0.042290,-0.115865,-0.024808
-0.148923,-0.018309,-0.389014,0.177697
0.178138,0.003110,0.175729,-0.036615
0.267379,-0.018926,0.084088,-0.076578
0.073382,0.010214,-0.393027,-0.074550
0.102209,0.012516,-0.439953,-0.058889
0.443072,0.059961,0.021394,-0.091686
0.468219,0.083667,0.063884,-0.061078
0.116037,0.029196,-0.486803,-0.042489
0.077822,0.029958,-0.472001,-0.019882
0.212969,0.111882,-0.084018,0.019765
0.177936,0.115620,-0.043607,0.018213
-0.020947,0.039230,-0.397364,-0.005059
-0.091960,0.031858,-0.323310,-0.000664
-0.226144,0.039736,-0.197446,-0.000288
-0.266938,0.047527,-0.113111,-0.050873
-0.147435,-0.018475,-0.389971,0.177437
0.174360,-0.021693,0.170975,0.011665
0.232391,-0.088699,0.053251,0.053410
0.035710,-0.034555,-0.376544,0.004629
0.042631,-0.037674,-0.375779,-0.013301
0.066737,-0.032504,-0.383283,-0.035074
0.130264,-0.132905,-0.211731,-0.166131
0.395637,0.005840,0.296917,-0.083551
0.391939,0.026106,0.278044,-0.080668
0.359371,0.066898,-0.016047,-0.168993
0.082637,0.029088,-0.418591,-0.077276
0.027252,0.032269,-0.396903,-0.046760
-0.078207,0.051658,-0.267226,-0.089577
0.250907,0.055169,0.304086,0.005689
0.273159,0.047609,0.252698,0.042369
0.168907,0.155658,-0.060370,0.171522
-0.048610,0.039585,-0.400758,0.025646
-0.108836,0.030025,-0.315942,0.010785
-0.234361,0.037323,-0.176177,-0.010926
-0.171214,0.055369,-0.037921,-0.000610
-0.125780,-0.177560,-0.012346,-0.068436
-0.173215,-0.321810,0.114328,-0.000066
-0.060340,-0.393713,0.065792,0.004324
-0.066375,-0.406962,0.064756,0.024954
-0.089025,-0.408786,0.063083,0.053445
-0.120968,-0.376773,0.056313,0.081875
-0.118341,-0.284081,0.059968,0.114227
-0.030732,-0.109926,0.108283,0.160437
0.202340,0.031452,0.088204,0.131743
0.068553,0.020271,-0.470899,0.020939
0.098244,0.025977,-0.504980,0.004564
0.437736,0.073709,0.056528,0.032358
0.431126,0.068103,0.075496,0.031922
0.108610,0.031213,-0.515945,0.001516
0.090681,0.029269,-0.513463,0.009924
0.331171,0.140479,-0.016931,0.098271
0.300035,0.136513,0.011935,0.104801
-0.012013,0.037346,-0.417796,0.008328
-0.089788,0.031812,-0.334082,0.007977
-0.292729,0.041736,-0.114491,-0.018643
0.054902,-0.101496,0.313426,-0.171949
-0.101470,-0.209334,-0.016853,0.004557
-0.112523,-0.207645,-0.015002,0.028558
-0.135811,-0.189526,-0.016294,0.059377
-0.179527,-0.150034,-0.016726,0.082262
-0.282194,-0.104193,-0.000326,0.077887
-0.402520,-0.038372,0.013746,0.070920
-0.427015,0.044544,0.079885,0.084523
-0.382650,0.061440,0.140857,0.055448
-0.071406,0.087003,0.456754,0.065538
-0.009382,0.092496,0.487981,0.042095
-0.423989,0.034173,-0.005034,0.011089
-0.416643,0.033317,-0.007420,0.006827
0.046295,0.072347,0.495285,0.001929
0.114444,0.062261,0.456411,-0.017259
-0.018535,0.122799,0.061771,0.005546
-0.094488,-0.022468,-0.419468,0.167901
0.109884,-0.058960,-0.347623,-0.080635
0.252315,-0.159530,-0.151757,-0.188112
0.398577,0.025083,0.238173,-0.066906
0.370144,0.045198,0.245415,-0.067718
0.474334,0.085546,0.052155,-0.064459
0.119881,0.028132,-0.480017,-0.052125
0.095768,0.028143,-0.470215,-0.037835
0.193547,0.108922,-0.200450,-0.081024
0.360902,0.089040,0.136413,0.026262
0.191431,0.132390,-0.128717,0.105480
-0.024946,0.035957,-0.408378,0.013230
-0.100313,0.030336,-0.321668,0.007682
-0.213043,0.038516,-0.198493,-0.011121
-0.287310,0.043105,-0.115650,-0.024258
-0.162302,-0.161291,0.009521,-0.070061
-0.018190,-0.462361,0.070507,0.027760
-0.044162,-0.448230,0.065861,0.053876
-0.057039,-0.396656,0.057648,0.067608
-0.030573,-0.300129,0.065708,0.087752
0.063464,-0.129428,0.109521,0.126569
0.262782,0.004826,0.074295,0.085577
0.092866,0.008248,-0.477302,0.009064
0.118478,0.005720,-0.498716,-0.005164
0.467521,0.037107,0.069361,0.011185
0.452039,0.033355,0.092012,0.021521
0.115593,0.013470,-0.508656,0.019916
0.056201,0.021820,-0.496777,0.034623
-0.001007,0.036204,-0.454010,0.034705
-0.086920,0.079992,-0.212055,0.011467
0.226326,0.113810,0.247873,0.027566
0.171558,0.149104,0.192567,0.067589
-0.015752,-0.002616,0.156891,0.174462
0.088310,0.169665,0.001621,-0.023219
-0.041918,0.131962,0.059038,-0.048483
-0.091949,0.097516,0.048572,-0.058561
-0.296310,0.033514,0.023368,-0.062331
-0.404501,0.007502,0.055206,-0.039192
-0.192338,0.016882,0.288407,-0.045205
0.053017,0.061187,0.512066,-0.010419
0.070426,0.053388,0.516748,-0.024705
0.128116,0.059888,0.466472,-0.038618
0.168445,0.095257,0.390259,-0.038121
-0.258105,0.049038,-0.110519,-0.062145
0.055675,0.010773,0.255218,0.155058
0.064892,0.166300,0.032388,-0.010857
0.089074,0.155364,-0.031748,0.008680
-0.037112,0.163567,0.069752,0.032648
-0.008682,0.173364,0.071225,0.027121
0.017403,0.178049,0.073299,-0.014900
-0.006458,0.157239,0.067581,-0.037657
-0.057349,0.118354,0.054537,-0.059409
-0.271319,0.039844,0.020083,-0.068966
-0.388112,0.005220,0.061509,-0.060436
-0.255807,0.042610,0.219189,-0.101491
0.053547,0.069888,0.540963,-0.048546
0.067096,0.063463,0.533025,-0.047727
0.105503,0.066881,0.495801,-0.052327
0.153741,0.096672,0.382181,-0.017138
-0.177582,0.019194,-0.182488,-0.043266
-0.190149,0.004548,-0.165214,-0.033328
0.088536,0.054270,0.344919,0.062423
0.138692,0.057430,0.377420,0.042027
-0.231141,0.024621,-0.208866,0.031254
-0.247209,0.034377,-0.208323,0.037014
-0.247455,0.048038,-0.106281,-0.072096
0.226813,-0.152988,0.489102,-0.086487
-0.309977,-0.228880,0.132541,0.030321
-0.354402,-0.147834,0.094417,0.027506
-0.333028,-0.276667,0.152031,0.080719
-0.083232,-0.072760,0.384350,0.233309
-0.089788,0.043348,0.300454,0.312899
-0.364086,0.032083,-0.146287,0.094175
-0.353596,0.031917,-0.137611,0.075162
-0.094412,0.122321,0.290640,0.274443
0.016834,0.091441,0.366055,0.141326
-0.293007,0.017780,-0.144202,0.035296
-0.273115,0.014469,-0.136929,0.011440
-0.061493,0.111617,0.310686,0.006092
0.083647,0.107299,0.422482,-0.007120
-0.222895,0.029347,-0.134140,-0.056455
-0.225861,0.033574,-0.138241,-0.053614
-0.014959,0.121203,0.317085,-0.099706
-0.171277,0.055311,-0.037970,-0.000611
-0.082802,-0.040532,-0.248399,-0.012194
-0.298465,-0.044984,0.051803,-0.054676
0.017369,0.063326,0.132918,-0.121280
0.178729,0.074300,0.097990,-0.134549
0.052428,0.026636,-0.376199,-0.086827
0.093510,0.023619,-0.444161,-0.057059
0.477410,0.086101,0.066020,-0.053698
0.479755,0.079291,0.079508,-0.048531
0.125763,0.031201,-0.495203,-0.045507
0.105479,0.029444,-0.501365,-0.017613
0.377511,0.124619,0.027901,0.053828
0.350017,0.127464,0.041809,0.066419
0.004589,0.036115,-0.423739,-0.001100
-0.069943,0.034644,-0.351533,0.002708
-0.264044,0.048394,-0.112383,-0.054936
0.128107,0.006871,0.333129,0.105532
-0.342494,-0.005408,-0.008344,0.004445
-0.340359,-0.017350,-0.007373,0.000779
-0.368797,-0.015779,0.082805,-0.023148
0.088956,0.022733,0.512991,-0.009822
0.091151,0.038613,0.512239,-0.026948
-0.256183,0.016292,0.074739,-0.218677
-0.201504,0.029739,0.079014,-0.291358
0.170041,0.049996,0.496255,-0.100434
0.237034,0.039520,0.440343,-0.101039
0.321726,0.057327,0.337322,-0.100518
0.021558,-0.005537,-0.164036,-0.236065
-0.016787,-0.057377,-0.190617,-0.119343
0.338265,-0.053313,0.361002,-0.030214
0.368775,-0.079362,0.328656,-0.002796
0.242289,-0.148841,-0.022950,0.039771
-0.013267,-0.054345,-0.341262,0.025189
-0.047620,-0.108845,-0.207867,0.030400
0.258283,0.029479,0.254759,0.067580
-0.061412,-0.036071,-0.164859,0.040781
-0.129263,0.017084,-0.305363,0.033406
-0.220613,0.025325,-0.215763,0.026984
0.175937,0.065966,0.334363,0.039586
0.198989,0.054544,0.324366,0.037956
0.166108,0.149981,0.189293,0.068449
-0.026553,-0.104613,0.236150,-0.184181
-0.076473,-0.190155,-0.044479,0.029517
-0.205956,-0.175557,0.014432,0.047104
-0.263644,-0.132320,0.006670,0.070614
-0.393428,-0.058236,0.016507,0.072862
-0.431720,0.025766,0.067685,0.082473
-0.358335,0.075483,0.167742,0.088921
-0.098099,0.085014,0.428314,0.091844
-0.023742,0.093901,0.474859,0.065299
-0.422448,0.034379,-0.007588,0.011771
-0.397214,0.034754,-0.013724,-0.007921
0.047373,0.081147,0.502836,-0.015505
0.091087,0.067526,0.492164,-0.034920
-0.311697,0.035247,-0.097423,-0.010264
-0.107136,-0.186850,-0.022334,-0.067789
-0.085834,-0.409658,0.117523,-0.002045
-0.017835,-0.463834,0.076497,0.022076
-0.033072,-0.461563,0.068082,0.047439
-0.057953,-0.420587,0.059860,0.070094
-0.044863,-0.331385,0.060211,0.088693
0.037671,-0.168890,0.097509,0.127091
0.267441,0.016851,0.077354,0.107678
0.082557,0.014145,-0.488149,0.026104
0.108566,0.018185,-0.508922,0.006779
0.461179,0.060425,0.060131,0.013177
0.455477,0.046931,0.090422,0.011433
0.124170,0.011593,-0.508146,-0.010017
0.093239,0.014476,-0.499672,0.007952
0.329159,0.117893,0.036742,0.116120
0.294989,0.125403,0.048109,0.133374
-0.029367,0.039337,-0.422596,0.028502
-0.090630,0.033002,-0.334334,0.007846
-0.286383,0.043339,-0.115714,-0.025352
-0.141412,-0.169478,-0.004070,-0.069168
-0.084674,-0.426309,0.112989,0.019691
-0.037982,-0.451236,0.067919,0.043326
-0.057605,-0.415759,0.060330,0.060240
-0.050333,-0.342176,0.058301,0.071600
0.006316,-0.218267,0.083909,0.098827
0.100046,-0.060972,0.132113,0.115645
0.271080,0.021894,0.084084,0.061104
0.092012,0.009018,-0.480025,-0.000968
0.123460,0.001542,-0.495555,-0.011224
0.475387,0.034289,0.056988,0.010308
0.449814,0.042843,0.063019,0.037517
0.099856,0.016048,-0.522692,0.029096
0.029100,0.027616,-0.491725,0.050873
-0.029402,0.036332,-0.434394,0.043340
0.014436,0.131653,0.087671,0.023899
0.086714,-0.102172,0.348095,-0.168035
0.012776,-0.157537,-0.059261,0.018831
-0.134108,-0.191047,-0.016010,0.030369
-0.225257,-0.159480,0.011986,0.056985
-0.289713,-0.111968,0.003289,0.079779
-0.411717,-0.035682,0.009693,0.080082
-0.431379,0.041813,0.072401,0.080932
-0.367183,0.067929,0.157539,0.055705
-0.040180,0.089654,0.492012,0.043410
-0.002891,0.093634,0.491789,0.029849
-0.414279,0.033259,-0.003596,0.000739
-0.409686,0.033543,-0.007223,-0.000580
0.046495,0.071038,0.483204,0.015120
0.105599,0.058625,0.443358,0.008274
0.111538,0.157731,0.155780,0.064931
-0.097143,-0.022334,-0.418507,0.168434
0.145723,-0.105542,-0.286395,-0.108031
0.389491,-0.056242,0.012416,-0.105334
0.441507,0.009330,0.057902,-0.083032
0.105280,0.012096,-0.443650,-0.057852
0.078322,0.019297,-0.418909,-0.062852
0.079993,0.034031,-0.245599,-0.222556
0.347903,0.043215,0.245751,-0.021067
0.352284,0.044815,0.239694,-0.021092
0.330571,0.131594,-0.043977,-0.043225
0.030149,0.031720,-0.412236,-0.033774
-0.034038,0.025923,-0.341702,-0.034320
-0.171251,0.055335,-0.037950,-0.000611
-0.125070,-0.144876,0.031014,-0.142369
-0.302861,-0.172877,0.079628,0.024395
-0.261235,-0.373963,0.250808,0.048786
-0.088473,-0.145338,0.440987,0.139030
0.021705,0.004655,0.501495,0.074996
-0.247259,-0.098290,0.117948,0.173301
-0.365055,0.022992,-0.105037,0.063078
-0.042973,0.112308,0.276293,0.264027
0.029014,0.095786,0.332557,0.158404
-0.267845,0.032623,-0.199906,0.050990
-0.251465,0.029300,-0.183470,0.021502
-0.354450,0.042871,-0.014797,-0.057128
0.118539,0.060647,0.443011,-0.006340
0.191863,0.049782,0.386137,-0.011925
0.231320,0.069975,0.325064,-0.010507
-0.108461,0.051035,-0.281774,-0.044852
0.058375,0.145918,0.119098,0.045458
-0.093649,-0.188508,-0.034120,-0.067790
0.186700,-0.469363,0.031917,0.019681
0.120547,-0.452088,0.096143,0.021081
0.156867,-0.352443,0.104384,0.033733
0.215699,-0.222933,0.127163,0.037605
0.365122,-0.087498,0.079353,0.050465
0.147283,-0.033181,-0.458130,0.046410
0.094734,-0.001954,-0.512050,0.035345
0.087262,0.013375,-0.517860,0.038028
0.151625,0.114274,-0.264919,0.158154
-0.012903,0.041987,-0.470120,0.057078
-0.085463,0.042567,-0.391035,0.049798
-0.235946,0.040224,-0.215643,0.027276
0.160581,0.080601,0.344040,0.030630
0.192044,0.058271,0.340280,0.025258
-0.155273,0.037878,-0.228664,-0.010440
-0.158611,0.035369,-0.276625,0.015727
-0.210333,0.032322,-0.198392,-0.007738
0.148001,0.088642,0.395271,-0.016069
0.197591,0.069060,0.373143,-0.023937
-0.163907,0.047295,-0.174240,-0.093221
-0.105302,0.101866,0.001050,-0.041040
-0.136524,-0.016160,-0.400121,0.175339
0.107203,0.009568,0.178145,-0.050409
0.271213,-0.010384,0.085058,-0.040997
0.064329,0.004512,-0.401212,-0.050668
0.095012,0.006582,-0.435917,-0.049800
0.418106,0.022874,0.006179,-0.102033
0.459904,0.070046,0.061320,-0.069031
0.111983,0.026421,-0.469520,-0.053009
0.065439,0.027796,-0.440189,-0.037180
0.079237,0.069692,-0.203554,-0.082582
0.311599,0.099577,0.198805,0.004973
0.008473,0.075592,-0.208126,-0.081250
-0.049966,0.046604,-0.368311,-0.012468
0.074911,0.152494,0.130089,0.052819
0.084214,0.011525,0.277634,0.137747
0.142939,0.162838,-0.044976,-0.008309
0.066138,0.172710,0.021737,-0.008950
-0.029653,0.147259,0.064465,-0.031632
-0.070068,0.112426,0.052556,-0.055966
-0.281024,0.039271,0.019986,-0.063695
-0.392821,0.007564,0.056803,-0.052994
-0.257265,0.037838,0.217398,-0.098367
0.053150,0.069134,0.537624,-0.044056
0.065112,0.063087,0.530464,-0.042807
0.106660,0.067909,0.496018,-0.054730
0.137802,0.116326,0.358062,-0.042027
-0.188458,0.020037,-0.181780,-0.033941
-0.212880,0.015159,-0.180343,-0.006077
0.049973,0.097274,0.314399,0.132404
-0.254106,0.045052,-0.111191,-0.061703
0.118128,0.008461,0.313260,0.114354
-0.258403,0.016968,-0.046750,0.000466
-0.246546,0.007566,-0.058958,-0.019223
-0.379281,-0.002464,0.035058,-0.033769
0.055909,0.043875,0.498008,-0.041368
0.089990,0.040590,0.517790,-0.032515
0.087337,0.068962,0.497766,-0.038605
-0.309833,0.024780,-0.037801,-0.061288
-0.306975,0.030555,-0.046285,-0.061437
0.115375,0.068653,0.480389,-0.048559
0.176018,0.060430,0.430577,-0.051169
0.158742,0.148105,0.183498,0.069266
-0.093855,-0.008680,-0.430348,0.166276
0.091943,-0.006073,-0.391687,-0.078308
0.165264,-0.009127,-0.323060,-0.216325
0.453972,0.054374,0.209718,-0.103434
0.443864,0.063921,0.195574,-0.088454
0.245186,0.072423,-0.299464,-0.240014
0.119642,0.007062,-0.461408,-0.049432
0.074203,-0.003841,-0.397793,-0.056510
0.385562,0.024830,0.198149,0.005720
0.369532,0.019247,0.188226,0.037555
-0.021754,0.020376,-0.410883,0.048169
-0.033744,0.030295,-0.413855,0.033173
-0.155249,0.049745,-0.331684,0.053049
-0.222280,0.057914,-0.084729,-0.087158
-0.173832,-0.148892,0.008694,-0.070101
-0.078739,-0.407643,0.085044,0.089596
0.019911,-0.209064,0.090781,0.192047
0.267081,0.043204,0.079411,0.157318
0.139029,0.056202,-0.411979,0.185004
0.064651,0.039633,-0.513322,0.056618
0.409076,0.069700,0.054088,0.076156
0.419721,0.057924,0.072569,0.059461
0.080757,0.023572,-0.505944,0.022533
0.024029,0.010279,-0.451742,0.033329
-0.024909,0.022371,-0.390004,0.008409
-0.133634,0.021316,-0.247881,-0.023905
0.225275,0.073786,0.349667,-0.032916
0.257257,0.065649,0.339775,-0.046826
-0.071863,0.053143,-0.237787,-0.127624
0.181423,0.146988,0.198258,0.065249
0.109895,-0.105557,0.365588,-0.149330
0.006565,-0.185279,-0.059979,-0.029564
-0.067948,-0.226336,-0.027383,-0.001518
-0.128138,-0.238791,0.013676,0.020689
-0.151178,-0.224806,0.014107,0.043901
-0.196449,-0.193263,0.012556,0.072405
-0.279079,-0.131331,0.001996,0.102004
-0.353511,-0.058055,-0.006978,0.122708
-0.364770,-0.011145,-0.006390,0.125259
-0.409026,0.021740,0.011902,0.104387
-0.445344,0.008202,0.034096,0.084016
-0.390452,-0.001725,0.101521,0.058694
-0.018820,0.072094,0.469910,0.069555
0.013694,0.078536,0.470131,0.050593
-0.400986,0.019952,0.003169,-0.006133
-0.391862,0.018702,-0.004589,-0.006279
0.066912,0.057331,0.494959,-0.003355
0.118421,0.047163,0.477054,-0.026782
0.097948,0.101263,0.338601,-0.059994
-0.184770,0.034508,-0.177721,-0.056159
-0.194917,0.035184,-0.173913,-0.050496
-0.171208,0.055374,-0.037917,-0.000610
-0.122890,-0.147936,0.030377,-0.140569
-0.254808,-0.196129,0.075967,-0.000799
-0.160141,-0.448478,0.224033,0.003262
-0.137745,-0.482071,0.239391,-0.000709
-0.109795,-0.490656,0.244754,-0.003304
0.077595,-0.384645,0.350496,0.005351
0.325999,-0.246779,0.441308,0.002590
0.368588,-0.288720,0.312475,0.004061
0.459732,-0.242245,0.298417,0.025982
0.197879,-0.409904,-0.134797,-0.003055
0.069365,-0.177539,-0.278219,0.002267
0.047072,-0.279139,-0.184553,0.032855
0.382196,-0.181383,0.301675,0.088506
0.365289,-0.102768,0.267502,0.080873
0.262895,-0.037571,-0.031922,0.277334
-0.017425,-0.006105,-0.434197,0.073696
-0.103926,0.029055,-0.384450,0.075202
-0.278239,0.042590,-0.235367,0.086914
0.069203,0.088056,0.300207,0.158333
0.110835,0.074082,0.322633,0.108175
-0.225338,0.021766,-0.227356,0.046878
-0.216371,0.018729,-0.214071,0.027573
0.069799,0.100909,0.339993,0.077546
0.127400,0.099672,0.373285,0.012886
-0.180094,0.033613,-0.184309,-0.053352
-0.192472,0.034009,-0.175386,-0.050292
-0.270328,0.046614,-0.114153,-0.045870
-0.155476,-0.005626,-0.395488,0.177637
0.187507,0.054658,0.182686,-0.101725
0.297659,0.031070,0.109420,-0.112373
0.083580,0.023453,-0.404672,-0.086484
0.115431,0.025561,-0.461470,-0.063642
0.472658,0.094924,0.043427,-0.047640
0.469687,0.087715,0.057923,-0.022122
0.108933,0.029772,-0.506090,-0.016434
0.059727,0.030010,-0.490594,0.016751
0.077489,0.096918,-0.220975,0.053421
0.280805,0.102623,0.164070,0.064654
-0.082677,0.050802,-0.285856,-0.039785
-0.064233,0.038420,-0.329207,-0.029121
-0.242000,0.052296,-0.100589,-0.079671
-0.087609,-0.198967,-0.024081,-0.073461
-0.045820,-0.413622,0.099407,-0.023474
0.019145,-0.472581,0.067344,0.002254
0.010146,-0.486646,0.067519,0.025144
-0.013449,-0.485303,0.067875,0.048826
-0.045613,-0.457616,0.064785,0.070053
-0.055480,-0.385982,0.056649,0.081735
-0.003471,-0.249948,0.077253,0.117114
0.104431,-0.064839,0.130250,0.136569
0.279294,0.034569,0.087141,0.074331
0.095217,0.013517,-0.480924,0.004040
0.112276,0.013033,-0.505670,0.003328
0.450775,0.061299,0.050673,0.029676
0.441670,0.063107,0.063005,0.035305
0.093232,0.025574,-0.525804,0.025111
0.060625,0.030019,-0.511264,0.036925
0.183683,0.140742,-0.117663,0.125349
0.080934,0.121080,-0.134233,0.054717
-0.042423,0.039111,-0.393480,0.012656
-0.107548,0.030005,-0.312059,0.005640
-0.224659,0.037157,-0.173129,-0.023510
-0.293314,0.040402,-0.114346,-0.016874
-0.144110,-0.171464,0.003012,-0.071571
0.002579,-0.461005,0.070505,0.004282
-0.011110,-0.470182,0.070151,0.028205
-0.038335,-0.459378,0.066977,0.054851
-0.057697,-0.403306,0.057564,0.078301
-0.022938,-0.285879,0.069032,0.102760
0.087956,-0.090673,0.121758,0.143550
0.287232,0.057286,0.090786,0.100593
0.080339,0.022895,-0.490609,0.024572
0.102038,0.027093,-0.512552,0.011276
0.429787,0.077856,0.051585,0.044311
0.422417,0.070852,0.071163,0.044150
0.108645,0.030354,-0.513991,-0.006669
0.080172,0.030855,-0.499498,0.004461
0.295033,0.137462,0.004299,0.124873
0.227913,0.138634,-0.001545,0.097059
-0.015902,0.038251,-0.392609,-0.013880
-0.084525,0.029868,-0.310435,-0.018995
-0.298533,0.035123,-0.109043,-0.011681
0.188575,-0.126767,0.446620,-0.115155
-0.203691,-0.201690,0.034949,-0.006703
-0.185712,-0.192918,-0.005474,0.010416
-0.252757,-0.187384,0.033947,0.026767
-0.312953,-0.278988,0.148216,0.066699
-0.094565,-0.177500,0.434424,0.133699
0.028823,-0.010087,0.507399,0.071267
-0.038622,-0.008600,0.326998,0.244324
-0.327973,0.019396,-0.150494,0.074944
-0.336621,0.033587,-0.155646,0.074549
-0.011260,0.104132,0.330694,0.191916
0.063132,0.084418,0.383191,0.085103
-0.278218,0.030206,-0.161381,0.025252
-0.266008,0.028927,-0.142370,-0.004690
0.088897,0.102760,0.413725,0.010073
0.147633,0.084772,0.413690,-0.030242
-0.270576,0.046613,-0.114964,-0.044846
0.064491,0.011749,0.268846,0.150430
0.014988,0.143688,0.035137,-0.037897
0.089103,0.123649,-0.046621,-0.046095
-0.140575,0.059477,0.037999,-0.083508
-0.301142,0.020715,0.039304,-0.090827
-0.400478,0.017642,0.083143,-0.081852
-0.283170,0.053027,0.228221,-0.158329
0.034043,0.071796,0.542074,-0.032268
0.032585,0.062871,0.536320,-0.015929
0.094661,0.051800,0.476989,-0.007593
0.134660,0.082646,0.373268,0.024325
-0.215268,0.021043,-0.198475,0.008558
-0.245560,0.030796,-0.209870,0.040493
-0.271241,0.045011,-0.115667,-0.042008
-0.141796,-0.033844,-0.378567,0.176253
0.151107,-0.058474,0.156115,-0.004001
0.220195,-0.087990,0.058577,-0.051919
0.056346,-0.010309,-0.371396,-0.058271
0.085740,-0.004405,-0.415161,-0.050295
0.368160,-0.047201,-0.030167,-0.119010
0.415379,0.021829,0.021154,-0.083383
0.097684,0.016342,-0.446040,-0.052124
0.053779,0.025503,-0.407609,-0.055814
-0.001956,0.047037,-0.270809,-0.155025
0.300145,0.049994,0.273452,-0.007747
0.316002,0.044047,0.249356,0.006391
0.216151,0.115707,-0.074020,-0.005776
-0.010200,0.037281,-0.399980,-0.011241
-0.085381,0.031478,-0.323317,-0.006841
-0.299114,0.039640,-0.112183,-0.012479
0.118955,0.010721,0.332476,0.111630
-0.337043,0.001593,-0.007541,-0.025952
-0.333422,0.001623,-0.002334,-0.046353
-0.380446,-0.000045,0.065440,-0.067881
0.080794,0.050294,0.523223,-0.038455
0.102013,0.041632,0.515801,-0.043590
0.159153,0.047230,0.456941,-0.047467
0.210876,0.076875,0.388064,-0.059963
-0.137296,0.047243,-0.194844,-0.099246
-0.171303,0.055287,-0.037991,-0.000612
-0.081565,-0.042890,-0.251997,-0.007442
-0.294096,-0.070119,0.043112,-0.006950
0.043413,0.012744,0.145902,0.010374
0.133846,-0.049749,0.059366,-0.017021
0.023706,-0.009880,-0.346930,-0.048790
0.069976,-0.005585,-0.403981,-0.044492
0.426642,-0.008034,0.034689,-0.060108
0.473243,0.038383,0.103042,-0.038954
0.106726,0.015199,-0.458557,-0.047468
0.070365,0.017567,-0.420733,-0.051340
0.069030,0.034352,-0.237524,-0.233346
0.350825,0.047183,0.276368,-0.058527
0.366756,0.044136,0.255719,-0.050769
0.333954,0.142812,-0.025564,-0.092071
0.031484,0.019276,-0.411982,-0.022918
-0.038075,0.024776,-0.377995,0.007158
-0.232579,0.050188,-0.096440,-0.083805
-0.162518,-0.150994,-0.000711,-0.069904
-0.094710,-0.349312,0.137534,0.119192
0.052399,-0.153259,0.104804,0.209180
0.269138,0.065736,0.074518,0.159326
0.235394,0.101732,-0.300332,0.291723
0.037896,0.027898,-0.506616,0.056698
0.029506,0.019649,-0.481787,0.048527
0.016984,0.017501,-0.457696,0.039283
-0.023143,-0.050416,-0.217651,0.015350
0.258182,0.053480,0.239410,0.055874
-0.070097,-0.026169,-0.215245,-0.052852
-0.084269,0.026427,-0.295943,-0.030356
-0.148595,0.036378,-0.218722,-0.053205
0.214868,0.099829,0.366908,-0.065862
0.241945,0.075536,0.356663,-0.058289
-0.106055,0.045989,-0.197026,-0.127048
-0.125000,0.024622,-0.215204,-0.068560
0.244705,0.042485,0.386098,-0.057640
0.266551,0.012689,0.358295,-0.021706
-0.091711,-0.027971,-0.222663,-0.040261
-0.138551,-0.010108,-0.247725,0.012782
0.215356,0.031039,0.320378,0.049066
0.235568,0.034307,0.287808,0.058167
0.118810,0.137414,-0.017364,0.187914
-0.084885,0.040872,-0.385502,0.045383
-0.134835,0.032958,-0.321238,0.039162
-0.286879,0.035460,-0.181467,0.048749
-0.013077,0.117152,0.309123,0.197761
0.064868,0.097513,0.370113,0.083296
-0.239965,0.029265,-0.170220,-0.003221
-0.228558,0.031169,-0.160182,-0.026570
-0.252082,0.050744,0.074416,-0.207676
0.149266,0.054476,0.443966,-0.031851
0.217723,0.048939,0.379453,-0.030259
0.276887,0.051853,0.317078,-0.029963
-0.006829,0.065608,-0.214392,-0.175406
-0.071743,0.045115,-0.266699,-0.090422
0.260102,0.048288,0.314236,-0.006774
0.280291,0.039752,0.263681,0.032122
0.235765,0.152382,0.013347,0.152899
-0.040809,0.038597,-0.406187,0.024262
-0.107645,0.031379,-0.328920,0.021118
-0.236006,0.040128,-0.187785,-0.000479
-0.274674,0.044756,-0.115891,-0.038188
0.129578,0.006839,0.364891,0.096802
-0.355014,-0.013360,0.095654,-0.062323
-0.385541,0.007671,0.059884,-0.065032
0.087652,0.055829,0.511988,-0.040071
0.102913,0.049389,0.512679,-0.049128
-0.173598,0.051120,0.165995,-0.293163
-0.052424,0.091350,0.244291,-0.224352
0.189131,0.047271,0.436848,-0.057394
0.249330,0.042410,0.364112,-0.040012
0.319194,0.044883,0.273684,-0.021913
0.358398,0.142129,0.105936,-0.015778
0.017269,0.028228,-0.397444,-0.032193
-0.045936,0.021200,-0.343148,-0.016255
-0.213709,0.034865,-0.202858,-0.002428
0.185236,0.073373,0.339521,0.017723
0.206965,0.055872,0.337522,0.015497
-0.116028,0.064391,-0.190753,-0.040142
-0.236532,0.047936,-0.100090,-0.080839
0.090348,-0.102647,0.351421,-0.166382
-0.125679,-0.179786,-0.023448,0.045767
-0.052780,-0.156367,-0.051318,0.081719
-0.163311,-0.118393,-0.038468,0.084650
-0.318864,-0.076064,0.002536,0.072569
-0.414198,-0.018649,0.013690,0.067216
-0.431561,0.044110,0.076493,0.061944
-0.383390,0.059733,0.140850,0.030917
-0.034180,0.092392,0.500912,0.028117
-0.019125,0.095038,0.476253,0.035843
-0.405323,0.030992,-0.001920,-0.007722
-0.398298,0.031070,-0.010134,-0.006692
0.027661,0.075069,0.490744,0.022379
0.081890,0.061332,0.443616,0.029017
-0.217849,0.055674,-0.081227,-0.086889
-0.136991,-0.162444,-0.017073,-0.067614
-0.126627,-0.341301,0.169396,0.095700
-0.011164,-0.270889,0.075047,0.153611
0.134604,-0.013138,0.139749,0.185552
0.279495,0.086374,0.071873,0.132877
0.098270,0.055495,-0.447238,0.106983
0.080198,0.035236,-0.514353,0.031805
0.428846,0.074063,0.053154,0.050960
0.441002,0.067283,0.072655,0.026087
0.102000,0.028563,-0.505647,-0.007387
0.068990,0.026793,-0.484207,0.004373
0.064446,0.050802,-0.215758,-0.087184
0.318401,0.108025,0.225902,-0.037384
-0.000253,0.062184,-0.218851,-0.191438
-0.067739,0.054496,-0.284918,-0.085882
0.257812,0.060849,0.299914,-0.002726
0.274844,0.050159,0.256344,0.034495
0.138585,0.152203,-0.097870,0.177935
-0.059385,0.038592,-0.400055,0.036715
-0.119877,0.028088,-0.318290,0.026370
-0.243789,0.033455,-0.175451,0.001645
-0.303160,0.048342,0.014393,-0.137619
0.131954,0.059191,0.445956,-0.021244
0.206408,0.051375,0.380670,-0.022597
0.263988,0.061214,0.313686,-0.023035
-0.067540,0.057290,-0.257482,-0.111639
-0.101880,0.046858,-0.278417,-0.050684
0.247614,0.064166,0.323764,-0.019692
0.255600,0.043505,0.318691,-0.001943
-0.041460,0.062882,-0.195554,0.008838
-0.111889,0.048891,-0.357261,0.036127
-0.232708,0.055111,-0.093673,-0.085080
0.127841,0.006757,0.330884,0.105999
-0.330770,-0.004628,-0.011272,-0.009309
-0.332152,-0.011022,-0.004731,-0.026453
-0.369628,-0.010954,0.078801,-0.065023
0.094115,0.028219,0.514562,-0.021056
0.119431,0.016243,0.505876,-0.025709
0.175322,0.015500,0.453455,-0.028433
0.205608,0.035755,0.400626,-0.026429
-0.133978,0.008091,-0.197625,-0.060611
-0.152425,0.021287,-0.207570,-0.045432
0.203025,0.059654,0.384441,-0.031303
0.232922,0.052996,0.353448,-0.023514
-0.081103,0.029298,-0.198548,-0.132042
-0.113102,0.042079,-0.233934,-0.079167
0.233701,0.070429,0.337774,-0.026049
0.256237,0.056986,0.331384,-0.028752
-0.028304,0.065549,-0.199505,-0.174619
-0.087254,0.054850,-0.267358,-0.084306
0.240529,0.060262,0.319123,-0.004061
0.266569,0.051211,0.286895,0.011178
0.022990,0.102634,-0.161900,-0.037597
-0.075903,0.047347,-0.352127,-0.003457
-0.000498,0.109230,0.070623,0.011589
0.106578,-0.104975,0.366355,-0.158387
0.009666,-0.174290,-0.058774,0.023893
-0.088147,-0.183492,-0.042134,0.053400
-0.245052,-0.149201,0.008053,0.071074
-0.299596,-0.100621,0.002945,0.078375
-0.411139,-0.031408,0.012180,0.073635
-0.431090,0.042484,0.073911,0.078708
-0.339698,0.077213,0.185777,0.069269
-0.040750,0.089158,0.489763,0.046553
-0.010078,0.092086,0.486274,0.045326
-0.428729,0.033673,-0.002694,0.014321
-0.420562,0.032259,-0.008539,0.013057
0.048504,0.066570,0.477768,0.023015
0.116034,0.056464,0.448986,-0.005628
0.160719,0.085419,0.387346,-0.017628
-0.252725,0.049626,-0.105639,-0.070052
-0.095991,-0.019980,-0.420943,0.168038
0.344316,-0.045397,0.160386,-0.059107
0.432794,0.012872,0.066546,-0.090016
0.105115,0.010281,-0.429431,-0.070099
0.106088,0.018000,-0.436921,-0.071308
0.160285,0.047390,-0.233783,-0.326889
0.409191,0.046503,0.227992,-0.067868
0.393284,0.037729,0.226034,-0.041815
0.456293,0.106550,0.031228,-0.011660
0.095500,0.013014,-0.491893,-0.000715
0.003641,0.020058,-0.426261,0.018425
-0.132532,0.044513,-0.306669,0.015679
0.221689,0.072342,0.277470,0.044337
0.244573,0.058501,0.268116,0.044656
-0.081677,0.077884,-0.250966,0.024316
-0.101726,0.046266,-0.360264,0.031585
-0.171240,0.055344,-0.037942,-0.000610
-0.125816,-0.177546,-0.012320,-0.068440
-0.173417,-0.321590,0.114306,-0.000069
-0.060148,-0.392636,0.065704,0.003132
-0.057649,-0.393632,0.064317,0.003015
-0.061957,-0.402779,0.064727,0.016199
-0.078803,-0.411258,0.063941,0.043416
-0.112439,-0.393750,0.058928,0.076261
-0.122747,-0.302869,0.057957,0.125711
-0.002801,-0.073248,0.119807,0.202360
0.201625,0.055422,0.078557,0.169617
0.212804,0.094068,-0.305605,0.242661
0.038974,0.029263,-0.501573,0.049205
0.041095,0.023411,-0.484788,0.036151
0.050226,0.019867,-0.479804,0.025759
-0.000736,-0.004032,-0.252626,-0.048774
0.296379,0.103074,0.230147,-0.016264
-0.039209,0.048886,-0.242254,-0.148559
-0.077594,0.055257,-0.277704,-0.084083
0.268252,0.077184,0.309989,-0.039574
0.281762,0.056011,0.317670,-0.039589
-0.044938,0.039697,-0.253087,-0.125055
-0.089032,0.028454,-0.276431,-0.047088
0.248926,0.044057,0.314595,0.008273
0.262341,0.037478,0.272661,0.043369
0.087598,0.129875,-0.108410,0.147303
-0.071180,0.038971,-0.389068,0.037145
-0.125610,0.030180,-0.321332,0.032957
-0.272083,0.036420,-0.190982,0.042508
-0.137346,0.112342,0.181765,0.173217
0.016592,0.123040,0.320864,0.138790
-0.233759,0.032155,-0.171962,-0.010573
-0.229349,0.033615,-0.168630,-0.019770
-0.340000,0.046022,-0.007318,-0.082781
0.115884,0.066563,0.448998,-0.015588
0.189651,0.055766,0.390608,-0.020168
0.241044,0.067930,0.327744,-0.020863
-0.100362,0.052138,-0.265397,-0.070450
-0.134374,0.036826,-0.241047,-0.045546
0.227421,0.078979,0.320793,-0.011360
0.228259,0.050461,0.325005,0.012128
-0.132927,0.047333,-0.257396,-0.013870
-0.238528,0.046284,-0.101979,-0.078617
0.075487,-0.101626,0.336243,-0.170512
-0.091974,-0.191442,-0.030663,0.040967
-0.031872,-0.151749,-0.072701,0.068116
-0.270418,-0.126992,0.005145,0.075345
-0.394790,-0.054797,0.017067,0.071406
-0.425950,0.033792,0.079076,0.084803
-0.368931,0.069621,0.154550,0.089833
-0.063704,0.085721,0.457813,0.085421
-0.020928,0.094394,0.470430,0.067588
-0.417029,0.033952,-0.003030,0.002184
-0.408595,0.033667,-0.005045,-0.004063
0.049625,0.072926,0.496898,-0.003592
0.117408,0.065385,0.462164,-0.029099
-0.158758,0.063193,-0.044089,-0.072938
-0.086754,-0.199028,-0.026807,-0.071521
-0.065226,-0.413614,0.107008,-0.011108
0.008598,-0.475222,0.069106,0.013723
-0.008341,-0.481013,0.068865,0.037659
-0.041517,-0.461767,0.065833,0.065236
-0.054812,-0.386832,0.057171,0.095965
0.021120,-0.208528,0.088122,0.146517
0.260689,0.010437,0.073051,0.132225
0.094440,0.007372,-0.467643,0.064880
0.097788,0.031272,-0.511141,0.022910
0.434067,0.069794,0.071116,0.030609
0.438130,0.062194,0.090705,0.017198
0.116634,0.029845,-0.508524,-0.014264
0.095873,0.029231,-0.505745,-0.003035
0.362864,0.130394,0.053353,0.048252
0.335956,0.133895,0.073907,0.046537
-0.008949,0.036612,-0.422987,0.011196
-0.079630,0.041385,-0.383608,0.037719
-0.258251,0.048736,-0.108842,-0.063096
-0.133820,-0.029786,-0.388836,0.175154
0.096282,-0.045059,0.177643,0.030982
0.210677,-0.102348,0.069272,0.016829
0.036809,-0.032679,-0.360715,-0.019555
0.046616,-0.032245,-0.376234,-0.022265
0.073138,-0.026688,-0.386266,-0.044310
0.168879,-0.168955,-0.178433,-0.188075
0.380759,0.007758,0.288491,-0.065511
0.379168,0.030853,0.260494,-0.058737
0.443935,0.075334,0.060576,-0.077435
0.095037,0.028010,-0.436461,-0.070725
0.044538,0.031473,-0.409469,-0.050683
0.000684,0.076388,-0.211987,-0.138508
0.284118,0.096085,0.229924,0.005567
0.046919,0.113526,-0.107182,-0.039770
0.152402,0.147381,0.179047,0.069364
-0.000144,-0.000605,0.173634,0.169939
0.103447,0.173095,-0.014119,-0.002504
-0.011516,0.161537,0.068998,-0.021746
-0.042433,0.132892,0.059413,-0.046187
-0.091946,0.092849,0.047673,-0.068995
-0.280244,0.027549,0.029433,-0.085536
-0.392709,0.011084,0.071699,-0.072876
-0.293742,0.040193,0.198244,-0.129734
0.039949,0.074463,0.534591,-0.033165
0.041702,0.067020,0.524244,-0.017110
0.097159,0.066903,0.458417,-0.006622
-0.240284,0.048414,-0.102079,-0.078487
0.111509,0.011814,0.321060,0.117918
-0.300284,0.009020,-0.037697,0.009190
-0.302206,0.004270,-0.039549,0.030322
-0.391152,-0.013923,0.043065,-0.018159
0.082208,0.031602,0.521179,-0.022531
0.109220,0.026218,0.520170,-0.039756
0.122577,0.051380,0.505090,-0.063408
-0.244574,0.032641,-0.000206,-0.172003
-0.232834,0.042387,-0.002797,-0.190897
0.173452,0.064800,0.458134,-0.080529
0.228580,0.044197,0.426427,-0.083347
0.320526,0.060784,0.326584,-0.092186
-0.029490,-0.033740,-0.238188,-0.082724
-0.036679,-0.069034,-0.230246,-0.048184
0.062851,-0.264524,0.113239,-0.096049
0.307321,-0.087281,0.391068,0.003439
0.341279,-0.077673,0.307483,0.036260
-0.049552,-0.068843,-0.291907,0.027253
-0.088736,-0.041316,-0.282818,0.028748
0.212742,0.023786,0.278597,0.087407
0.222823,0.036796,0.286397,0.069597
-0.171127,0.035152,-0.305868,0.064995
-0.152816,0.043023,-0.334924,0.060582
-0.228078,0.041470,-0.238701,0.041171
-0.301559,0.039842,-0.110738,-0.011682
-0.145073,-0.030216,-0.379893,0.176958
0.152530,-0.045049,0.160173,-0.005372
0.224600,-0.074183,0.062823,-0.054525
0.053932,-0.008497,-0.373309,-0.055456
0.085460,-0.002517,-0.425740,-0.041263
0.443692,0.004334,0.066786,-0.036708
0.460430,0.030071,0.086842,-0.031991
0.100918,0.010857,-0.452053,-0.043815
0.068152,0.016801,-0.421947,-0.047147
0.092042,0.003302,-0.175645,-0.219425
0.352439,0.077017,0.239861,-0.053660
0.145605,0.081192,-0.092860,-0.190606
-0.021802,0.047205,-0.348022,-0.061514
-0.086174,0.057557,-0.255699,-0.092389
0.245004,0.055553,0.295298,0.019998
0.272020,0.046660,0.260618,0.036534
0.223437,0.141666,0.020117,0.110221
-0.036953,0.040178,-0.399984,0.012620
-0.105422,0.030919,-0.324789,0.015244
-0.233691,0.037808,-0.184747,-0.003510
-0.283471,0.043931,-0.116116,-0.028438
0.221534,-0.175737,0.478483,-0.081911
-0.193436,-0.242564,0.080335,-0.025397
-0.208813,-0.232389,0.068613,-0.010060
-0.204009,-0.268620,0.079481,0.009693
-0.138622,-0.462761,0.177205,0.040555
-0.144641,-0.474350,0.200001,0.038090
0.090117,-0.224603,0.425826,0.104789
0.216979,-0.101041,0.439986,0.053492
0.280795,-0.071694,0.339693,0.065334
-0.010836,-0.142925,-0.140957,0.113700
-0.117752,-0.004523,-0.320859,0.059020
-0.223369,0.020327,-0.237857,0.057475
0.166115,0.064310,0.322219,0.063203
0.197984,0.055670,0.297403,0.064795
0.007388,0.122074,-0.063126,0.187985
-0.131434,0.038385,-0.343408,0.052334
-0.162032,0.031347,-0.298096,0.045236
-0.283833,0.021979,-0.149660,0.027378
-0.217758,0.082101,0.158838,-0.018195
0.128081,0.053310,0.450414,-0.015948
0.205121,0.042022,0.407766,-0.039051
0.254136,0.063368,0.338636,-0.040284
-0.050322,0.058800,-0.218865,-0.171658
-0.092254,0.050734,-0.229597,-0.113013
0.253477,0.057499,0.336281,-0.031401
0.267634,0.037314,0.317508,-0.006601
0.193430,0.127622,0.032432,0.079783
-0.047078,0.036375,-0.396812,0.023376
-0.110973,0.030266,-0.327641,0.024263
-0.263176,0.040531,-0.194137,0.032642
-0.171235,0.055349,-0.037938,-0.000610
-0.124566,-0.145604,0.030885,-0.141953
-0.299195,-0.175199,0.079625,0.022234
-0.262964,-0.379498,0.236341,0.043518
-0.112370,-0.187374,0.414778,0.121188
0.018638,-0.022436,0.492359,0.097296
-0.253812,-0.148494,0.112571,0.138624
-0.356284,0.009002,-0.092073,0.055326
-0.013547,0.099289,0.302593,0.222326
0.051915,0.092208,0.338823,0.132877
-0.277091,0.036866,-0.198026,0.054113
-0.266666,0.033114,-0.185148,0.034562
-0.001589,0.121692,0.314866,0.167117
0.063482,0.098709,0.362696,0.090851
-0.233391,0.027453,-0.191322,0.013120
-0.230545,0.028888,-0.167345,-0.015139
-0.264000,0.046665,0.057587,-0.216491
0.155943,0.061226,0.450399,-0.051712
0.227464,0.049395,0.397410,-0.058412
0.306998,0.044070,0.327571,-0.062783
0.002105,0.009617,-0.199314,-0.187801
-0.050349,-0.005284,-0.241966,-0.084805
0.275761,0.004337,0.326474,0.009277
0.298216,0.013710,0.264818,0.039062
0.314924,0.090092,0.088103,0.117653
-0.035979,0.039688,-0.438012,0.050250
-0.095312,0.043178,-0.381403,0.049403
-0.269323,0.047054,-0.113968,-0.047406
0.130906,0.006225,0.339161,0.102918
-0.367591,-0.006292,0.007025,0.002946
-0.365746,-0.015295,0.013206,-0.007850
-0.264512,0.002179,0.183633,-0.113060
0.102209,0.028505,0.517225,-0.032113
0.109451,0.035052,0.513282,-0.041943
0.099440,0.081103,0.441323,-0.054070
-0.222801,0.018530,-0.113854,-0.066017
-0.226268,0.026294,-0.119580,-0.064587
0.119042,0.105021,0.445369,-0.056563
0.165667,0.078007,0.420087,-0.047905
-0.193965,0.045146,-0.128360,-0.106964
-0.197430,0.027782,-0.150909,-0.063585
0.186685,0.047689,0.407802,-0.026323
0.216879,0.034602,0.357497,0.006878
0.166161,0.097787,0.124942,0.113144
-0.108370,0.038933,-0.353974,0.039271
-0.135464,0.033114,-0.315011,0.033262
-0.295629,0.038157,-0.157788,0.031122
-0.280056,0.044761,-0.115731,-0.033029
-0.173370,-0.152480,0.011512,-0.069794
-0.027354,-0.454410,0.069432,0.033661
-0.047375,-0.424926,0.061872,0.054844
-0.017498,-0.298521,0.068233,0.125082
0.134592,-0.029631,0.138476,0.178901
0.283458,0.078115,0.078366,0.126127
0.110893,0.054336,-0.434070,0.103155
0.083629,0.033940,-0.519018,0.025926
0.420712,0.076147,0.052652,0.057951
0.418743,0.064302,0.073014,0.053841
0.098242,0.028155,-0.507572,-0.000317
0.070600,0.027787,-0.467910,-0.014578
0.108146,0.067790,-0.153649,-0.132146
0.323774,0.087141,0.219097,-0.014408
0.186865,0.123453,-0.031541,0.049583
-0.027520,0.038392,-0.401841,0.006830
-0.098950,0.031122,-0.326275,0.010036
-0.228900,0.037286,-0.199541,0.007015
0.076098,0.128662,0.350857,0.047934
-0.240708,0.053196,-0.098036,-0.081299
-0.118460,-0.020653,-0.408350,0.172393
-0.046823,-0.029339,0.147454,-0.041986
0.186995,0.029046,0.188075,-0.029487
0.277450,0.002151,0.090791,-0.062308
0.071428,0.012096,-0.395372,-0.072032
0.104747,0.013549,-0.431853,-0.070568
0.468375,0.074731,0.066035,-0.092741
0.479784,0.089759,0.093532,-0.080212
0.133996,0.032180,-0.482222,-0.068045
0.102360,0.027761,-0.469140,-0.045104
0.364450,0.134302,0.051807,0.006424
0.352096,0.114767,0.094350,0.044959
-0.014744,0.040729,-0.443536,0.033502
-0.077022,0.043687,-0.393386,0.042584
-0.219517,0.054439,-0.082315,-0.086960
0.189948,-0.124168,0.453672,-0.122012
-0.344802,-0.124865,0.044072,0.050421
-0.375084,-0.065665,-0.013562,0.074995
-0.447581,-0.000982,-0.005608,0.078795
-0.068608,0.083064,0.461555,0.126667
-0.015299,0.072974,0.493188,0.064895
-0.043773,0.107454,0.386047,0.164258
-0.347099,0.028200,-0.090653,0.025415
-0.316619,0.026176,-0.098395,0.004699
-0.039079,0.119428,0.368896,0.027308
0.070927,0.095401,0.449410,0.000017
-0.294727,0.034503,-0.094101,-0.029816
-0.286430,0.035669,-0.106731,-0.026650
-0.281669,0.044433,-0.116096,-0.030744
-0.148718,-0.017681,-0.389757,0.177619
0.177652,-0.005441,0.174530,-0.016387
0.243420,-0.062254,0.065379,0.020187
0.044349,-0.017402,-0.388660,-0.017569
0.074089,-0.015813,-0.414029,-0.028238
0.347212,-0.102728,-0.020396,-0.080401
0.387351,-0.045710,0.026763,-0.060609
0.084078,-0.002417,-0.427803,-0.037989
0.047084,0.011358,-0.402222,-0.040361
-0.004935,0.010012,-0.265325,-0.123501
0.311431,0.041597,0.305948,-0.043128
0.330510,0.040186,0.289177,-0.044034
0.099561,0.049484,-0.187535,-0.221152
0.005917,0.042013,-0.372186,-0.059881
-0.079902,0.055273,-0.289184,-0.069982
0.246074,0.063579,0.295111,0.011084
0.268628,0.050050,0.276513,0.020657
0.088446,0.126717,-0.113292,0.016491
-0.040007,0.039208,-0.387054,0.003716
-0.107747,0.030223,-0.314480,0.008022
-0.246183,0.038660,-0.182259,0.005641
-0.022140,0.137754,0.278764,0.109177
-0.281663,0.044283,-0.115642,-0.031055
0.115527,0.010172,0.317360,0.116120
-0.277264,0.010771,-0.044429,-0.004088
-0.272979,0.000330,-0.050947,-0.028879
-0.381852,-0.002104,0.043527,-0.042413
0.075354,0.050970,0.525462,-0.037403
0.088990,0.043325,0.521430,-0.037888
0.096979,0.062056,0.497988,-0.041175
-0.280102,0.042095,0.007003,-0.153119
-0.268267,0.045194,-0.013100,-0.147963
0.160697,0.064323,0.439857,-0.049020
0.223245,0.052065,0.391613,-0.051066
0.297609,0.067594,0.308432,-0.057786
-0.071416,0.021273,-0.268489,-0.065495
-0.102647,0.007361,-0.260219,-0.028635
0.228663,0.062469,0.295623,0.028733
0.228479,0.043709,0.298066,0.045592
-0.151389,0.042748,-0.291478,0.033963
-0.138870,0.046279,-0.339106,0.047558
-0.297188,0.040710,-0.113240,-0.014415
-0.143716,-0.161557,-0.010589,-0.068262
-0.124079,-0.389447,0.137593,0.051633
-0.052199,-0.412586,0.061858,0.043938
-0.045815,-0.342818,0.058566,0.075226
0.070923,-0.122547,0.111240,0.166405
0.277551,0.062896,0.082709,0.135090
0.084758,0.042838,-0.469823,0.098926
0.081784,0.035634,-0.518856,0.033140
0.425016,0.081595,0.041442,0.057033
0.441385,0.080722,0.049954,0.031489
0.105569,0.029326,-0.499084,-0.019867
0.049946,0.029948,-0.426513,-0.037522
-0.022237,0.057738,-0.272762,-0.140543
0.308922,0.052537,0.284030,-0.029643
0.314207,0.039403,0.253285,0.008950
0.256883,0.154793,-0.024782,0.101207
-0.021212,0.034121,-0.407005,0.009957
-0.096265,0.029491,-0.330084,0.012781
-0.171203,0.055378,-0.037913,-0.000610
-0.303074,0.010144,-0.025546,-0.014500
-0.387003,-0.008024,0.044961,-0.031353
0.085377,0.039936,0.525703,-0.035559
0.097642,0.035726,0.521820,-0.039332
0.107108,0.050292,0.502953,-0.044502
-0.217389,0.041199,0.076566,-0.279391
-0.198359,0.046343,0.060951,-0.288676
0.190998,0.052484,0.433470,-0.061095
0.243515,0.044153,0.379225,-0.051037
0.301076,0.049567,0.288940,-0.023730
0.151527,0.139305,-0.103249,-0.001768
-0.029888,0.037565,-0.406565,0.014750
-0.108601,0.030503,-0.330356,0.024424
-0.243757,0.037690,-0.216477,0.038405
0.010491,0.126019,0.289289,0.177030
0.082520,0.109592,0.352484,0.070954
-0.212929,0.036032,-0.188547,-0.018698
-0.218173,0.035561,-0.178812,-0.022716
-0.294258,0.049241,0.002150,-0.138086
0.135762,0.059780,0.441008,-0.020692
0.205678,0.051306,0.379400,-0.020528
0.265658,0.059256,0.310654,-0.019716
-0.074043,0.053812,-0.270661,-0.090268
-0.118987,0.048926,-0.293354,-0.020594
0.219049,0.070503,0.289936,0.036358
0.241677,0.056694,0.268897,0.048576
-0.080299,0.074923,-0.250460,0.032997
-0.193179,0.063497,-0.063266,-0.082280
-0.094055,-0.027618,-0.415258,0.168033
0.306747,-0.073924,0.155225,-0.018656
0.381855,-0.055899,0.054668,-0.049603
0.087910,-0.005354,-0.411401,-0.055287
0.089601,-0.001310,-0.416459,-0.055972
0.148125,-0.028706,-0.243078,-0.237507
0.394484,0.038797,0.245307,-0.062917
0.387509,0.045664,0.237192,-0.055000
0.448428,0.117995,0.036516,-0.039251
0.090796,0.030325,-0.484835,-0.020387
0.012274,0.033819,-0.427578,-0.002653
-0.108845,0.056675,-0.283201,-0.036666
0.236721,0.065501,0.298550,0.015076
0.260266,0.051989,0.284467,0.019129
0.043330,0.116075,-0.143046,-0.000402
0.149560,0.153601,0.179649,0.069453
-0.058171,-0.192820,-0.056417,-0.076334
0.113681,-0.186221,-0.311337,-0.000185
0.367994,-0.335819,0.004475,0.051175
0.450615,-0.219798,0.190350,0.053035
0.474923,-0.162166,0.064175,0.073979
0.126147,-0.079540,-0.471486,0.041110
0.070627,-0.063649,-0.436455,0.045420
0.078033,-0.129567,-0.179882,0.117331
0.296900,0.025700,0.206578,0.085087
0.142714,0.062887,-0.034733,0.202516
-0.064448,0.030568,-0.396733,0.046477
-0.130370,0.031348,-0.328917,0.043871
-0.287184,0.039012,-0.190512,0.054546
0.040863,0.098087,0.355694,0.121159
0.111792,0.076853,0.396104,0.031105
-0.234519,0.035204,-0.178352,-0.006475
-0.226472,0.035926,-0.160554,-0.033041
-0.228936,0.054940,-0.089437,-0.086022
0.223894,-0.180932,0.482346,-0.079793
-0.185451,-0.345626,0.149821,-0.000443
-0.207413,-0.351429,0.143976,0.032133
-0.167561,-0.454778,0.214552,0.024929
-0.168777,-0.443975,0.224829,0.023326
0.065492,-0.213170,0.412480,0.114120
0.160638,-0.133588,0.414292,0.102912
-0.166379,-0.167679,-0.091158,0.042773
-0.200370,-0.078854,-0.134217,0.029792
0.196843,-0.015341,0.392447,0.041680
0.223400,-0.005939,0.352146,0.046235
0.228647,0.052658,0.188206,0.115809
-0.092198,0.021353,-0.354000,0.040709
-0.146883,0.029918,-0.306043,0.038870
-0.284457,0.039354,-0.115639,-0.023382
0.203853,-0.131398,0.466522,-0.109365
-0.314045,-0.151817,0.062525,0.026167
-0.306725,-0.136172,0.033587,0.028033
-0.389310,-0.098822,0.073104,0.034668
-0.029942,-0.028193,0.507405,0.102107
0.008221,0.036095,0.504295,0.065551
0.059686,0.054780,0.419814,0.081546
-0.131647,0.115409,0.097724,0.252703
-0.234624,0.039977,-0.241523,0.052048
-0.231460,0.034381,-0.225319,0.038510
-0.365499,0.031214,-0.068855,0.019004
0.043195,0.092814,0.451715,0.028089
0.101429,0.074373,0.453514,-0.013459
-0.296208,0.040967,-0.113468,-0.015424
-0.109790,-0.010410,-0.422144,0.169767
0.249686,0.004688,0.222498,-0.089022
0.361516,0.040821,0.184076,-0.094320
0.147320,0.028894,-0.364102,-0.194638
0.154695,0.030479,-0.428311,-0.140148
0.478700,0.072038,0.127154,-0.079741
0.460695,0.053819,0.142416,-0.049739
0.173069,0.011191,-0.442094,-0.099696
0.111902,0.000401,-0.483919,-0.012516
0.064336,0.000429,-0.453297,0.004540
0.322144,0.083502,0.118763,0.086211
0.306509,0.089557,0.140028,0.078007
-0.069892,0.047068,-0.400811,0.039594
-0.105858,0.045733,-0.364687,0.040674
-0.248674,0.051689,-0.103857,-0.074710
-0.149108,-0.166106,0.000690,-0.069606
-0.062693,-0.437501,0.104193,0.014949
-0.029037,-0.454443,0.069550,0.033687
-0.054245,-0.424951,0.061422,0.061296
-0.039593,-0.325464,0.061704,0.103335
0.068246,-0.123836,0.110961,0.149326
0.276634,0.043082,0.085925,0.112109
0.085771,0.017287,-0.479316,0.034540
0.105945,0.026845,-0.508819,0.009536
0.451960,0.064837,0.071187,0.014256
0.453192,0.059183,0.082000,0.010624
0.121215,0.018953,-0.509616,-0.012739
0.096368,0.018157,-0.495096,-0.003508
0.303180,0.133778,-0.021754,0.071014
0.289442,0.137470,0.030620,0.123112
-0.024710,0.036138,-0.415914,0.020355
-0.093418,0.030381,-0.333557,0.012504
-0.292561,0.039730,-0.114117,-0.017184
0.121377,0.010232,0.337593,0.109057
-0.359637,0.003929,0.007895,-0.026944
-0.346344,0.002628,0.008089,-0.046267
-0.372475,0.003342,0.076539,-0.089349
0.083019,0.048162,0.522154,-0.037478
0.110666,0.039990,0.510653,-0.045453
0.186099,0.039781,0.445048,-0.055070
0.224291,0.066415,0.376746,-0.051596
-0.112553,0.053610,-0.214335,-0.110704
-0.171256,0.055330,-0.037954,-0.000611
-0.129609,-0.174889,-0.011396,-0.068229
-0.189765,-0.337465,0.124435,0.032340
-0.117008,-0.397002,0.068998,0.068465
-0.128942,-0.341891,0.053704,0.102379
-0.063803,-0.170516,0.087373,0.171987
0.013477,-0.020216,0.107263,0.189808
0.207169,0.078384,0.075565,0.150339
0.107656,0.057351,-0.411984,0.085702
0.083806,0.037726,-0.503496,0.013560
0.420163,0.075727,0.068256,0.041713
0.421550,0.066321,0.087211,0.033981
0.109434,0.030302,-0.507058,-0.014783
0.101434,0.030176,-0.497940,-0.017672
0.352924,0.129130,-0.012446,0.016166
0.271583,0.128921,-0.047475,-0.014581
0.003127,0.035352,-0.411021,-0.011597
-0.074105,0.036379,-0.362638,0.016242
-0.270029,0.046062,-0.113816,-0.045960
-0.126020,-0.032799,-0.391365,0.173730
0.037918,-0.047080,0.169797,-0.006973
0.227658,-0.074441,0.063176,-0.052147
0.054577,-0.007360,-0.373584,-0.057451
0.088379,-0.001479,-0.417185,-0.053842
0.389358,-0.019503,-0.013962,-0.115859
0.453667,0.055496,0.061789,-0.066982
0.106885,0.021897,-0.455124,-0.057793
0.063704,0.027050,-0.416294,-0.058602
0.033793,0.053437,-0.241288,-0.178136
0.308949,0.046324,0.257063,0.003495
0.323380,0.044366,0.242115,0.005853
0.323435,0.130817,0.010351,0.046410
0.003665,0.035817,-0.412981,-0.010639
-0.072857,0.032536,-0.335176,-0.008625
-0.264922,0.047914,-0.113151,-0.053050
0.190667,-0.127346,0.450288,-0.115927
-0.224130,-0.193220,0.041541,-0.001606
-0.192090,-0.188033,0.002484,0.000054
-0.244342,-0.190263,0.039861,0.014234
-0.271140,-0.329574,0.167293,0.054299
-0.106948,-0.244480,0.404551,0.103198
0.052900,-0.044948,0.509358,0.065314
0.020027,-0.041081,0.357528,0.207491
-0.302257,-0.000375,-0.145292,0.063807
-0.314447,0.025028,-0.159130,0.064421
0.070587,0.081358,0.370330,0.093567
0.119675,0.065874,0.352890,0.077415
-0.245666,0.040533,-0.176500,0.091510
-0.224954,0.024050,-0.250484,0.067260
-0.279320,0.017837,-0.165257,0.042646
0.089178,0.075357,0.397822,0.053341
0.142473,0.054365,0.418268,0.000726
-0.202307,0.022929,-0.157222,-0.047530
-0.197294,0.027689,-0.180186,-0.034351
0.163688,0.070607,0.403476,-0.021924
0.206983,0.059258,0.369745,-0.020131
-0.132833,0.040682,-0.186105,-0.105104
-0.159294,0.042864,-0.193086,-0.074611
0.216262,0.069950,0.348046,-0.018401
0.241657,0.055215,0.340342,-0.021357
0.098194,0.137088,-0.016116,-0.096249
-0.044203,0.031370,-0.334575,-0.036733
-0.098817,0.029751,-0.311640,-0.003413
-0.299229,0.037828,-0.110730,-0.012005
-0.152742,-0.162856,0.000878,-0.069409
-0.080718,-0.438291,0.107340,0.043670
-0.053897,-0.414304,0.058788,0.073572
-0.000423,-0.254071,0.077701,0.141123
0.132830,-0.025303,0.140396,0.164322
0.283329,0.075171,0.083417,0.115813
0.069850,0.038708,-0.491555,0.047121
0.095175,0.036198,-0.512727,0.017319
0.427072,0.079814,0.051696,0.046542
0.426057,0.070812,0.072507,0.039521
0.108606,0.031300,-0.507341,-0.015402
0.074018,0.030990,-0.470767,-0.018361
0.109420,0.105921,-0.178181,-0.069158
0.310491,0.093254,0.177700,0.033686
0.110833,0.128697,-0.114823,0.066932
-0.038723,0.039355,-0.390817,0.006050
-0.107067,0.028853,-0.292817,-0.012896
-0.222115,0.036983,-0.176744,-0.022263
-0.298468,0.036498,-0.110038,-0.012127
0.129751,0.006705,0.362991,0.097050
-0.380487,-0.017573,0.074109,-0.029833
-0.108153,0.012565,0.348850,0.075965
0.059694,0.029342,0.502127,0.020427
-0.340121,0.001169,0.027178,-0.048896
-0.317342,-0.001957,0.016101,-0.079055
0.128046,0.027704,0.501715,-0.041684
0.213089,0.007157,0.460402,-0.064794
0.249337,0.045350,0.393123,-0.071997
-0.083646,0.031780,-0.182505,-0.149771
-0.104372,0.045113,-0.206991,-0.117893
0.253818,0.074616,0.366863,-0.079445
0.287087,0.054424,0.340001,-0.065655
-0.013348,0.008143,-0.165302,-0.213160
-0.054860,-0.020064,-0.196901,-0.112191
0.286034,-0.008705,0.348178,-0.009657
0.309246,-0.016171,0.305325,0.017412
0.331990,0.045803,0.127054,0.101580
-0.013974,0.007693,-0.407569,0.029751
-0.075337,0.021822,-0.366320,0.035696
-0.240955,0.043564,-0.104349,-0.074895
0.133023,0.005509,0.341759,0.101250
-0.375311,-0.007198,0.014293,-0.000700
-0.375875,-0.015827,0.018910,-0.004321
-0.078581,-0.002318,0.371599,-0.031997
0.089765,0.038975,0.512774,-0.026560
-0.304779,0.024392,0.071214,-0.174689
-0.257541,0.031387,0.106335,-0.262528
0.144215,0.040083,0.498736,-0.067177
0.216360,0.029322,0.439730,-0.069555
0.272647,0.052770,0.354126,-0.063686
0.229714,0.160269,0.106420,-0.145548
-0.015130,0.033092,-0.349791,-0.052314
-0.074724,0.026925,-0.315016,-0.021325
-0.235081,0.030417,-0.150673,-0.028798
0.174888,0.055466,0.385114,0.000389
0.206557,0.041031,0.345764,0.022505
0.216973,0.114230,0.170840,0.109829
-0.117526,0.049862,-0.363279,0.046807
-0.159818,0.039302,-0.306810,0.043193
-0.305169,0.034371,-0.148523,0.035279
0.126632,0.062826,0.378176,0.048218
0.182997,0.045820,0.358595,0.028440
0.065567,0.051262,0.091126,0.011000
-0.102017,0.035737,-0.295847,-0.022012
-0.117695,0.028100,-0.261561,-0.032908
-0.279748,0.034625,-0.100255,-0.038764
-0.272540,0.046334,-0.115314,-0.042348
-0.151206,-0.013080,-0.392133,0.177692
0.186264,0.022113,0.179941,-0.051229
0.270333,-0.010888,0.083576,-0.012127
0.053383,-0.003585,-0.408112,-0.013361
0.077296,-0.006184,-0.435948,-0.019046
0.355640,-0.077808,-0.032976,-0.078491
0.384468,-0.032035,0.017697,-0.123951
0.097292,0.014558,-0.418626,-0.077364
0.065655,0.026208,-0.401082,-0.074923
0.038514,0.056084,-0.239045,-0.239610
0.341490,0.052548,0.299680,-0.077865
0.358912,0.029744,0.281817,-0.054619
0.256671,0.076317,-0.048467,-0.070084
0.013467,0.006276,-0.399860,-0.004023
-0.065685,0.012768,-0.353387,0.022170
-0.228424,0.035078,-0.227835,0.037043
-0.139491,0.073495,-0.028796,-0.062791
0.226841,-0.150730,0.489484,-0.087028
-0.323227,-0.207573,0.123906,0.031536
-0.381854,-0.143732,0.097124,0.049697
-0.358230,-0.224999,0.131273,0.113336
-0.080808,0.002516,0.387926,0.249670
-0.108527,0.083057,0.283636,0.319491
-0.361681,0.033019,-0.143450,0.087986
-0.345369,0.028393,-0.139349,0.072204
-0.207038,0.124327,0.205522,0.193320
-0.037591,0.115871,0.354879,0.160477
-0.281861,0.020590,-0.123679,0.000811
-0.249368,0.025249,-0.140891,-0.019120
-0.338217,0.046612,0.029336,-0.121795
0.112467,0.064415,0.491135,-0.052159
0.185610,0.048824,0.438314,-0.056891
0.257088,0.060349,0.344938,-0.046518
-0.067100,0.020172,-0.185350,-0.151824
-0.097896,-0.002210,-0.202254,-0.081775
0.264294,0.014783,0.351690,-0.014934
0.275438,-0.005021,0.332730,0.012706
0.205870,0.040036,0.054692,0.128755
-0.047298,0.017435,-0.391366,0.037094
-0.114722,0.024792,-0.330301,0.036108
-0.171076,0.055494,-0.037813,-0.000607
-0.123135,-0.147967,0.030397,-0.140396
-0.254271,-0.197602,0.077483,-0.000819
-0.162641,-0.443189,0.220310,0.004325
-0.138493,-0.482069,0.241547,-0.000555
-0.112431,-0.491038,0.243770,-0.003261
0.077941,-0.384443,0.350676,0.005351
0.323139,-0.248492,0.442697,0.002265
0.369151,-0.286636,0.319039,0.004001
0.457301,-0.243614,0.299217,0.025994
0.190468,-0.409476,-0.136691,-0.003496
0.065875,-0.182901,-0.265408,-0.001689
0.039894,-0.256922,-0.156671,-0.010363
0.315535,-0.333008,0.269574,0.027491
0.407457,-0.271188,0.312995,0.039614
0.120401,-0.383369,-0.117956,-0.001591
0.019711,-0.179450,-0.221923,-0.002479
-0.024136,-0.205796,-0.145933,-0.008272
0.143093,-0.449742,0.176574,-0.019081
0.388553,-0.254699,0.372669,0.028404
0.421840,-0.264838,0.311392,0.036935
0.129861,-0.380353,-0.131092,-0.000885
0.027859,-0.178615,-0.230975,-0.002411
-0.018286,-0.199080,-0.160555,-0.006219
0.136730,-0.458429,0.162308,-0.021061
0.392036,-0.255895,0.369416,0.030464
0.418406,-0.270273,0.305183,0.039506
0.128128,-0.379197,-0.130690,-0.000849
0.025219,-0.178860,-0.228086,-0.002416
-0.020551,-0.203259,-0.152977,-0.007352
0.132576,-0.462445,0.159564,-0.021721
0.387257,-0.258812,0.370458,0.031168
0.413101,-0.274560,0.305180,0.040665
0.113986,-0.352391,-0.143109,-0.001830
0.022900,-0.177045,-0.227623,-0.002374
-0.023562,-0.195037,-0.162010,-0.003532
0.094702,-0.484853,0.131295,-0.023971
0.367135,-0.269610,0.368689,0.034235
0.378813,-0.299592,0.289248,0.042526
0.086693,-0.321749,-0.143781,-0.004921
0.012673,-0.176660,-0.218003,-0.002152
-0.034220,-0.196379,-0.151617,-0.001925
0.129837,-0.425979,0.179856,0.030568
0.355720,-0.185464,0.357913,0.056467
0.370910,-0.119466,0.281475,0.077461
0.220147,-0.086380,-0.068521,0.256961
-0.023078,-0.014213,-0.420129,0.073344
-0.106303,0.019158,-0.369277,0.072305
-0.273108,0.038417,-0.208308,0.058862
-0.273699,0.046108,-0.115515,-0.040811
0.139456,0.001547,0.359067,0.093672
-0.369245,-0.021252,0.079902,-0.019942
-0.389024,-0.004437,0.046552,-0.034787
0.069229,0.055132,0.498960,-0.029460
0.098869,0.046450,0.512664,-0.042378
-0.265298,0.030876,0.063233,-0.212836
-0.237658,0.037534,0.064667,-0.248580
0.153905,0.054149,0.472761,-0.064958
0.222632,0.043409,0.407623,-0.057807
0.267937,0.060018,0.329280,-0.041380
-0.027859,0.071650,-0.204512,-0.132840
0.165428,0.148974,0.188360,0.068639
-0.008304,-0.104393,0.250994,-0.182153
-0.048175,-0.205841,-0.047336,-0.010399
-0.143374,-0.223795,0.016090,0.014455
-0.167779,-0.209543,0.015191,0.039975
-0.208555,-0.178145,0.013020,0.062740
-0.253715,-0.138525,0.008036,0.065841
-0.381204,-0.067709,0.022370,0.063083
-0.423458,0.015689,0.077218,0.071131
-0.359825,0.076720,0.168925,0.079516
-0.074700,0.084618,0.458942,0.074176
-0.015911,0.090960,0.490018,0.047420
-0.426921,0.033432,-0.006358,0.016253
-0.418441,0.033512,-0.008572,0.009644
0.040534,0.074280,0.493429,0.007614
0.102068,0.060846,0.452262,0.000681
-0.122427,0.092206,-0.011426,-0.050287
-0.130895,-0.173360,-0.011888,-0.067980
-0.112309,-0.414909,0.128314,0.042385
-0.052935,-0.432994,0.062122,0.065207
-0.031785,-0.309534,0.065206,0.123320
0.096964,-0.078026,0.124773,0.172577
0.284031,0.059431,0.090310,0.106523
0.084415,0.022882,-0.480844,0.029387
0.099492,0.033001,-0.510191,0.017963
0.415551,0.070726,0.071906,0.050575
0.412729,0.065867,0.081464,0.050825
0.095618,0.032211,-0.517902,0.014270
0.082185,0.030283,-0.499029,0.002661
0.219374,0.113369,-0.088821,-0.028677
0.184741,0.121823,-0.050746,-0.036812
-0.010248,0.037886,-0.399430,-0.012348
-0.090669,0.032953,-0.333066,0.006669
-0.288593,0.042601,-0.115161,-0.022962
-0.145541,-0.164913,-0.004883,-0.068790
-0.107325,-0.417781,0.124453,0.058644
-0.055582,-0.397574,0.057195,0.079538
-0.008986,-0.264111,0.074350,0.117788
0.057783,-0.140372,0.106747,0.095969
0.235589,-0.063036,0.048576,0.036493
0.095386,-0.002794,-0.475106,0.005083
0.115535,0.000358,-0.501184,0.007263
0.448676,0.046443,0.050401,0.038833
0.420194,0.055673,0.072807,0.059972
0.096593,0.027425,-0.520642,0.022745
0.045515,0.029472,-0.478315,0.019189
-0.011482,0.033510,-0.409484,0.003317
0.164108,0.147223,0.186690,0.068921
-0.097911,-0.029828,-0.411597,0.168823
0.241308,-0.146084,-0.129509,-0.045412
0.203962,-0.172750,-0.213394,-0.080283
0.174135,-0.171641,-0.265535,-0.080747
0.145354,-0.151577,-0.295255,-0.071588
0.361770,-0.064074,0.033550,-0.036305
0.386463,-0.029257,0.072457,-0.024878
0.067754,0.000427,-0.420656,-0.031657
0.014219,0.016370,-0.383203,-0.031526
-0.060644,0.011925,-0.238324,-0.096667
0.265556,0.044495,0.329907,-0.024120
0.290436,0.032668,0.322488,-0.029749
0.137982,0.007014,-0.075590,-0.136075
-0.039941,0.043791,-0.342241,-0.045737
-0.075081,0.055349,-0.245881,-0.117227
0.252625,0.061901,0.328870,-0.027542
0.280400,0.049451,0.314251,-0.028246
0.191676,0.159640,0.007899,-0.056521
-0.018618,0.036323,-0.396689,-0.005156
-0.087870,0.030474,-0.328306,0.001583
-0.291654,0.038571,-0.113845,-0.017204
-0.127598,-0.028513,-0.394653,0.174126
0.041535,-0.044424,0.172586,0.013298
0.219425,-0.081701,0.059357,-0.030181
0.047503,-0.012941,-0.372763,-0.045468
0.082949,-0.006974,-0.410065,-0.050025
0.360144,-0.060893,-0.034536,-0.124489
0.432405,0.024079,0.049815,-0.077766
0.102474,0.015601,-0.447810,-0.054397
0.065194,0.024342,-0.413340,-0.060337
0.045826,0.047088,-0.227722,-0.243435
0.336546,0.049675,0.295565,-0.065932
0.351294,0.043603,0.254849,-0.033902
0.377349,0.138702,0.046283,0.015125
0.019431,0.032111,-0.441933,0.006262
-0.040621,0.036135,-0.394036,0.014385
-0.225221,0.054088,-0.089853,-0.086709
0.123542,0.008757,0.332813,0.108542
-0.340388,-0.001209,-0.006919,-0.015484
-0.338559,-0.004066,0.000242,-0.036121
-0.378233,-0.003198,0.066368,-0.067245
0.089333,0.041853,0.520722,-0.036054
0.110625,0.033509,0.512163,-0.040442
0.163795,0.037466,0.456479,-0.041883
0.207348,0.065792,0.395532,-0.052824
-0.133592,0.040906,-0.199021,-0.092436
-0.171298,0.055291,-0.037987,-0.000612
-0.125859,-0.177529,-0.012289,-0.068446
-0.166733,-0.328850,0.115002,0.000131
-0.069536,-0.387696,0.069825,0.003468
-0.057977,-0.393265,0.064270,0.003021
-0.057784,-0.393467,0.064282,0.003018
-0.061710,-0.401990,0.064686,0.015188
-0.077974,-0.411216,0.063989,0.042394
-0.110262,-0.393637,0.059617,0.071087
-0.127549,-0.332983,0.054190,0.090490
-0.087918,-0.208173,0.075805,0.127721
-0.005623,-0.055900,0.111436,0.161198
0.202958,0.058056,0.082745,0.143621
0.125686,0.058781,-0.396478,0.114282
0.081334,0.038975,-0.504102,0.021605
0.423541,0.077077,0.068617,0.036669
0.421462,0.068112,0.086206,0.033476
0.106267,0.034938,-0.504211,0.005091
0.071520,0.026333,-0.491862,0.009886
0.027792,0.032539,-0.421003,-0.023465
-0.034725,0.062261,-0.224912,-0.155200
0.273005,0.055583,0.314751,-0.027486
0.300446,0.045956,0.273552,-0.004104
0.255444,0.151441,0.004710,0.044112
-0.011151,0.035899,-0.402327,-0.006560
-0.081365,0.030596,-0.329301,-0.004049
-0.282145,0.041030,-0.116066,-0.026932
0.123901,0.009011,0.336723,0.107637
-0.360146,-0.002457,-0.000461,0.000932
-0.359776,-0.009801,0.006197,-0.011848
-0.338549,-0.006027,0.106895,-0.107241
0.102802,0.030750,0.519912,-0.037611
0.133923,0.020878,0.508795,-0.047745
0.199639,0.021297,0.446765,-0.051845
0.230854,0.048672,0.391925,-0.055600
-0.081862,0.030120,-0.158013,-0.174343
-0.104725,0.047589,-0.183379,-0.143625
0.249512,0.067639,0.349485,-0.050779
0.279867,0.048151,0.341264,-0.053425
0.170507,0.084652,0.024784,-0.135873
-0.009153,0.002714,-0.348816,-0.028887
-0.074938,0.005373,-0.318039,0.003469
-0.242108,0.016223,-0.173324,0.015069
0.132884,0.065053,0.392399,0.025498
0.184371,0.055069,0.351334,0.025082
-0.170007,0.045241,-0.191340,-0.021928
-0.123962,0.065698,-0.020069,-0.057859
-0.133354,-0.027615,-0.391386,0.175110
0.087632,-0.018194,0.175171,-0.033721
0.246481,-0.042518,0.075068,-0.072509
0.060998,0.002573,-0.382283,-0.065349
0.097519,0.007486,-0.430847,-0.058285
0.433998,0.041630,0.018456,-0.095989
0.462918,0.075496,0.061236,-0.069884
0.114062,0.027258,-0.479949,-0.045462
0.074608,0.028440,-0.460783,-0.026382
0.197304,0.097067,-0.081932,-0.039602
0.130624,0.097852,-0.089661,-0.061600
-0.042541,0.046456,-0.365966,-0.022087
-0.238876,0.043910,-0.102954,-0.077020
-0.126567,-0.006301,-0.415224,0.172262
-0.079197,0.005763,0.099715,-0.190991
0.187820,0.069553,0.172349,-0.178238
0.347150,0.109248,0.144552,-0.105339
0.099986,0.037175,-0.428215,-0.092902
0.127213,0.030565,-0.481023,-0.060782
0.487197,0.081074,0.060935,-0.034829
0.484166,0.052428,0.080735,-0.018962
0.140134,-0.000251,-0.494544,-0.029148
0.102098,-0.012596,-0.451548,-0.022091
0.215882,-0.015908,-0.109498,0.003746
0.354634,0.028528,0.182497,0.048616
0.274396,0.104987,0.011485,0.182363
-0.028793,0.030271,-0.422796,0.037193
-0.101079,0.034949,-0.357023,0.039041
-0.295944,0.041029,-0.113574,-0.015642
0.177056,-0.119335,0.440685,-0.131046
-0.326259,-0.129232,0.030083,0.050837
-0.342915,-0.076547,-0.031293,0.073406
-0.430801,-0.011973,-0.008319,0.071683
-0.252860,0.081177,0.270369,0.182035
-0.032502,0.081482,0.488949,0.065472
-0.432669,0.030990,-0.000556,0.020585
-0.428653,0.031768,-0.005374,0.019838
0.035098,0.069242,0.469814,0.041703
0.096698,0.056784,0.442079,0.020295
0.153883,0.080274,0.372468,0.009231
-0.213274,0.040534,-0.198727,-0.012674
-0.216339,0.040052,-0.202804,-0.005050
0.129287,0.092174,0.384861,0.009532
0.187148,0.076117,0.345425,0.007166
-0.184430,0.045115,-0.202844,-0.041944
-0.237808,0.054297,-0.096547,-0.083075
0.192933,-0.129013,0.450090,-0.110367
-0.184217,-0.208992,0.036247,-0.020403
-0.149252,-0.203102,-0.000833,-0.020076
-0.150804,-0.211345,-0.002722,-0.010461
-0.159595,-0.217316,-0.005821,0.005600
-0.177248,-0.218231,-0.005297,0.021998
-0.208430,-0.206274,-0.003750,0.038482
-0.282023,-0.181346,0.040774,0.042035
-0.275943,-0.365647,0.206229,0.060859
-0.038473,-0.134201,0.472588,0.098726
0.060742,-0.020297,0.508832,0.057880
0.059131,-0.017835,0.373931,0.133319
-0.248362,-0.021273,-0.133297,0.018794
-0.250953,-0.013598,-0.132011,0.012421
0.098014,0.048751,0.399289,0.065454
0.138957,0.050044,0.377360,0.049488
-0.249601,0.042244,-0.109706,-0.064349
-0.114754,-0.158640,-0.042172,-0.068528
0.046855,-0.332704,0.180548,0.091336
0.005507,-0.066624,0.251395,0.189990
0.268593,0.049205,0.081035,0.158470
0.212495,0.086726,-0.326410,0.254606
0.042043,0.028801,-0.506805,0.051829
0.022443,0.023600,-0.480571,0.050410
0.008729,0.021181,-0.472704,0.059179
-0.067474,-0.035263,-0.268809,0.048812
0.220679,0.054022,0.201068,0.070106
-0.108421,0.022913,-0.253301,-0.045064
-0.120174,0.033098,-0.244931,-0.052136
0.226349,0.097498,0.353197,-0.061296
0.259797,0.082909,0.327577,-0.054431
-0.098116,0.047377,-0.235310,-0.098093
-0.171198,0.055383,-0.037909,-0.000609
-0.124225,-0.146230,0.030858,-0.141592
-0.292264,-0.179366,0.078703,0.020171
-0.262691,-0.377672,0.227290,0.043563
-0.153100,-0.234500,0.374516,0.107715
-0.004593,-0.045634,0.470911,0.142319
-0.323804,-0.159937,0.047428,0.104131
-0.225192,-0.053325,0.101551,0.180236
-0.004456,0.098006,0.302501,0.215798
-0.284039,0.038931,-0.190159,0.051128
-0.285748,0.036616,-0.166824,0.031817
-0.259688,0.087324,0.091114,0.064968
0.095493,0.055611,0.436598,0.028155
0.177004,0.046253,0.373110,0.019488
0.225078,0.064711,0.324399,0.001664
-0.102262,0.050666,-0.266874,-0.065647
0.060444,0.145035,0.118660,0.045861
0.061748,0.011500,0.270133,0.152614
0.109843,0.133046,-0.038266,-0.044715
-0.067982,0.085057,0.025044,-0.080277
-0.295986,0.021912,0.035409,-0.090675
-0.404381,0.014710,0.075655,-0.067069
-0.266618,0.053830,0.234127,-0.103546
0.036519,0.073644,0.524971,-0.019309
0.042064,0.066995,0.524264,-0.017468
0.101824,0.066779,0.463796,-0.016543
-0.222252,0.046339,-0.091196,-0.086935
0.170246,-0.119214,0.428883,-0.128177
-0.207435,-0.192699,0.020293,0.005975
-0.178646,-0.178036,-0.022952,0.023869
-0.214442,-0.153650,-0.029620,0.044321
-0.326308,-0.105984,-0.000498,0.057233
-0.425492,-0.052574,0.072457,0.055100
-0.104789,-0.010210,0.447615,0.155436
-0.064369,0.055126,0.444186,0.145580
-0.432546,0.027179,-0.022760,0.045277
-0.420691,0.031926,-0.026640,0.031590
0.033307,0.074961,0.476005,0.031582
0.088326,0.058257,0.441304,0.027970
0.105193,0.101961,0.355722,0.052961
-0.202614,0.039971,-0.210447,-0.011051
-0.197570,0.037597,-0.186628,-0.037541
-0.281003,0.041391,-0.116164,-0.028329
0.122061,0.010658,0.364329,0.100332
-0.382693,-0.006259,0.060624,-0.054469
-0.358092,0.015973,0.095310,-0.132277
0.087037,0.040534,0.521478,-0.033194
0.130350,0.032042,0.495635,-0.042171
0.198370,0.031435,0.435941,-0.049889
0.247811,0.062545,0.357180,-0.051682
-0.076841,0.051284,-0.200745,-0.157840
-0.101460,0.045324,-0.217526,-0.110481
0.254964,0.060523,0.370560,-0.070214
0.274456,0.029397,0.343859,-0.031857
-0.062882,-0.007281,-0.224312,-0.081409
-0.116616,0.004422,-0.267323,-0.003840
0.228038,0.030418,0.316432,0.040962
0.251664,0.034271,0.278354,0.051560
0.116106,0.131127,-0.046922,0.155214
-0.070278,0.038174,-0.388700,0.036671
-0.123789,0.031189,-0.323055,0.031687
-0.277828,0.038049,-0.185434,0.041074
-0.005962,0.124129,0.312310,0.179859
0.064444,0.109589,0.360685,0.080847
-0.233553,0.035680,-0.163301,-0.022968
-0.218747,0.036102,-0.167714,-0.033780
-0.305277,0.038011,-0.106849,-0.010023
-0.130283,-0.178448,-0.002047,-0.073355
0.011846,-0.452610,0.068679,-0.011569
0.006747,-0.472515,0.068999,0.012954
-0.010167,-0.479345,0.068699,0.037941
-0.041029,-0.462650,0.066205,0.063115
-0.058919,-0.405973,0.057764,0.077936
-0.023646,-0.284347,0.069329,0.108215
0.086057,-0.090774,0.121640,0.144017
0.278894,0.045282,0.088435,0.097241
0.089030,0.019339,-0.483350,0.018523
0.104938,0.022707,-0.511014,0.009816
0.434941,0.073929,0.052254,0.041562
0.420508,0.074584,0.061701,0.050839
0.085921,0.033094,-0.523303,0.030728
0.027214,0.029798,-0.484120,0.042977
-0.025498,0.035248,-0.404924,0.011037
-0.148995,0.044891,-0.261564,-0.018471
0.203707,0.097281,0.315836,-0.000972
0.221430,0.076235,0.324379,-0.006191
0.153778,0.156604,0.183891,0.069452
-0.072285,-0.029387,-0.418526,0.164618
0.038976,-0.032949,-0.383669,-0.006487
0.053461,-0.028525,-0.382604,-0.026465
0.049089,-0.048715,-0.282712,-0.101597
0.373945,0.005671,0.280389,-0.049482
0.368646,0.011956,0.281176,-0.046727
0.066284,-0.008370,-0.264869,-0.175117
0.021176,0.024395,-0.292380,-0.137195
0.339174,0.054778,0.282847,-0.060957
0.354064,0.048469,0.267905,-0.054593
0.129075,0.089991,-0.195298,-0.157194
-0.011783,0.042584,-0.394640,-0.020272
-0.107001,0.052999,-0.303080,-0.025459
0.236032,0.074933,0.290925,0.013953
0.255363,0.062810,0.282336,0.015336
-0.100885,0.054753,-0.299506,-0.033680
-0.293667,0.041348,-0.114543,-0.017267
-0.152105,-0.167048,0.005729,-0.070708
-0.004298,-0.466000,0.071096,0.015864
-0.024346,-0.465280,0.069278,0.039918
-0.051449,-0.433529,0.061826,0.068128
-0.039368,-0.336031,0.060250,0.099923
0.052227,-0.158131,0.101318,0.137932
0.268647,0.015594,0.076058,0.107447
0.080704,0.014612,-0.492206,0.022405
0.108110,0.017661,-0.509359,0.008597
0.441802,0.069307,0.052365,0.037949
0.433773,0.070751,0.061532,0.039468
0.100932,0.026591,-0.520321,0.009990
0.068595,0.029897,-0.502265,0.019728
0.173030,0.147059,-0.126359,0.099020
0.099803,0.138144,-0.117853,0.081745
-0.044579,0.039628,-0.395531,0.016346
-0.108766,0.030147,-0.314375,0.009026
-0.229019,0.037423,-0.172847,-0.019697
-0.171304,0.055287,-0.037991,-0.000612
-0.124304,-0.146024,0.030826,-0.141704
-0.293929,-0.178422,0.078901,0.020874
-0.262826,-0.377189,0.227584,0.042784
-0.176142,-0.268017,0.350040,0.083391
0.042382,-0.024057,0.522229,0.051529
0.084681,0.002060,0.465524,0.063213
0.109629,0.046949,0.340422,0.116999
-0.244786,0.023464,-0.208806,0.045990
-0.237109,0.029166,-0.203358,0.027159
0.048787,0.116558,0.314784,0.121322
-0.251362,0.042610,-0.110538,-0.062584
-0.133618,-0.169315,-0.013591,-0.067599
-0.128880,-0.392935,0.141923,0.060327
-0.057491,-0.398689,0.057282,0.076987
-0.019376,-0.278818,0.070621,0.107790
0.090108,-0.086888,0.123034,0.141672
0.287703,0.057312,0.090937,0.098625
0.080980,0.022664,-0.490606,0.022681
0.104319,0.025454,-0.511315,0.008262
0.435109,0.076555,0.051079,0.039611
0.427020,0.070815,0.071121,0.038775
0.103216,0.031122,-0.517587,0.004275
0.082090,0.030163,-0.493122,-0.003218
0.228436,0.150323,-0.057103,-0.042194
0.210331,0.158742,-0.018157,0.010341
-0.022706,0.035337,-0.401908,0.005137
-0.093078,0.029676,-0.329013,0.008314
-0.300138,0.037371,-0.109793,-0.011575
-0.141058,-0.167469,-0.007077,-0.068521
-0.111493,-0.415418,0.126939,0.054092
-0.057340,-0.405398,0.057738,0.080303
-0.004602,-0.253255,0.077220,0.136896
0.114502,-0.048443,0.134512,0.152738
0.286252,0.054358,0.092710,0.083579
0.079391,0.021589,-0.493206,0.017650
0.099588,0.027091,-0.513957,0.016820
0.422140,0.077864,0.052645,0.052584
0.415958,0.070237,0.071197,0.052254
0.097961,0.033695,-0.516311,0.010012
0.079975,0.031343,-0.495130,-0.000185
0.186322,0.121121,-0.107425,-0.043482
0.159371,0.131562,-0.063328,-0.041440
-0.012022,0.036507,-0.394132,-0.014494
-0.093869,0.030000,-0.326726,0.006526
-0.301821,0.038902,-0.110307,-0.010911
0.123058,0.008982,0.332992,0.108833
-0.341210,-0.000684,-0.006234,-0.017019
-0.347320,-0.005229,0.000807,-0.025586
-0.379752,-0.007698,0.072646,-0.056788
0.085475,0.034590,0.514201,-0.018417
0.117557,0.023158,0.508770,-0.033634
0.172548,0.027229,0.473241,-0.057162
0.237551,0.075265,0.390722,-0.088066
-0.120550,0.044198,-0.188207,-0.119583
-0.155407,0.043531,-0.173313,-0.098954
0.224726,0.090121,0.373274,-0.072639
0.242533,0.039268,0.384593,-0.050541
-0.094737,-0.013379,-0.187032,-0.088990
-0.100952,-0.035623,-0.195484,-0.052083
0.259140,-0.023169,0.392595,-0.013445
0.273267,-0.028355,0.354232,0.016657
0.009882,-0.096741,-0.124852,0.070435
-0.125819,0.012383,-0.331478,0.060987
-0.181461,0.047667,-0.204171,0.120496
0.129232,0.094480,0.228043,0.163849
-0.166894,0.060870,-0.147562,0.152576
-0.207312,0.031123,-0.288577,0.080645
-0.279177,0.019744,-0.189885,0.065603
0.094866,0.062420,0.386744,0.071463
0.144091,0.044739,0.400295,0.026451
-0.202672,0.012303,-0.175825,-0.017879
-0.187993,0.020946,-0.182011,-0.035084
0.167467,0.083818,0.398075,-0.033834
0.203047,0.066218,0.394184,-0.047596
-0.141055,0.040509,-0.198387,-0.085209
-0.183388,0.040314,-0.204473,-0.036595
0.194265,0.079671,0.342284,-0.000366
0.215436,0.061685,0.339572,-0.000837
-0.098655,0.062255,-0.192262,-0.087385
-0.140915,0.051843,-0.255707,-0.039188
0.214257,0.069360,0.333842,-0.001603
0.243300,0.058966,0.331219,-0.017629
-0.060373,0.059275,-0.217063,-0.154269
-0.111992,0.055446,-0.253227,-0.072783
0.229826,0.058525,0.316058,0.011445
0.259928,0.050126,0.285999,0.019800
0.194419,0.157756,0.029547,0.057687
-0.038170,0.039671,-0.389054,0.003412
-0.100120,0.031166,-0.322057,0.006918
-0.308988,0.037662,-0.102959,-0.009853
0.125542,0.008219,0.335968,0.106732
-0.356540,-0.004265,-0.002658,0.005443
-0.353458,-0.012601,0.004250,-0.012218
-0.337159,-0.007094,0.107243,-0.103694
0.101495,0.027224,0.517513,-0.030385
0.132525,0.015823,0.505724,-0.038229
0.195230,0.015622,0.447587,-0.042587
0.224289,0.037543,0.395740,-0.041753
-0.092458,0.010677,-0.163004,-0.139296
-0.118927,0.033513,-0.208958,-0.089768
0.234530,0.066360,0.355951,-0.040985
0.259918,0.058657,0.337956,-0.040675
0.018513,0.085099,-0.126426,-0.186871
-0.082026,0.061516,-0.227907,-0.107912
0.246873,0.056807,0.319090,-0.006915
0.279006,0.048026,0.292002,-0.003180
0.179411,0.152909,-0.021396,-0.023359
-0.013704,0.033971,-0.389679,-0.014730
-0.080585,0.025855,-0.319886,-0.009502
-0.243120,0.036376,-0.184232,0.006835
-0.251463,0.045862,-0.109594,-0.065651
0.226695,-0.157354,0.488390,-0.085448
-0.311458,-0.247092,0.137049,0.045748
-0.377233,-0.191196,0.115398,0.075249
-0.317561,-0.227768,0.172346,0.118029
-0.032581,0.016652,0.437838,0.174084
-0.047383,0.075754,0.338820,0.232450
-0.362054,0.033858,-0.130583,0.074655
-0.343036,0.031425,-0.128093,0.055569
-0.064725,0.129321,0.332447,0.197088
0.032716,0.108416,0.392551,0.081667
-0.274473,0.031283,-0.120007,-0.020945
-0.246361,0.033753,-0.130825,-0.040708
-0.253266,0.047820,0.084601,-0.257366
0.134382,0.058725,0.460752,-0.038001
0.200372,0.045673,0.391805,-0.021996
0.275746,0.034885,0.312007,-0.006782
0.269494,0.120814,0.112523,0.011817
-0.019889,0.023857,-0.389562,0.001454
-0.100332,0.028940,-0.338339,0.025597
-0.280902,0.043520,-0.116166,-0.030537
-0.129186,-0.035096,-0.386667,0.174150
0.092327,-0.030839,0.175333,-0.041922
0.249093,-0.055812,0.073371,-0.076010
0.061708,-0.000127,-0.381401,-0.064157
0.094295,0.005201,-0.432223,-0.051398
0.421105,0.021490,0.010513,-0.087501
0.461450,0.066787,0.063760,-0.058668
0.111349,0.024796,-0.464226,-0.056047
0.060772,0.026572,-0.425216,-0.046268
0.051679,0.060824,-0.225295,-0.129253
0.314365,0.105871,0.205978,-0.011269
-0.011104,0.072307,-0.226323,-0.121181
0.181822,0.146989,0.198536,0.065102
-0.075177,-0.026987,-0.420298,0.164850
0.046466,-0.029918,-0.391672,-0.009003
0.063676,-0.027416,-0.393675,-0.026714
0.087764,-0.095771,-0.245203,-0.129061
0.367927,-0.003767,0.291536,-0.044807
0.370826,0.012152,0.282569,-0.051667
0.222998,-0.039657,-0.126919,-0.177386
0.061093,0.024940,-0.391952,-0.078215
0.024769,0.044650,-0.261765,-0.190653
0.332149,0.053722,0.291105,-0.061127
0.345063,0.046172,0.256228,-0.031618
0.306040,0.149528,-0.020026,0.018672
-0.001039,0.033918,-0.416663,-0.000354
-0.078677,0.031065,-0.338343,0.001839
-0.171304,0.055287,-0.037991,-0.000612
-0.080269,-0.043155,-0.253053,-0.007409
-0.278932,-0.073400,0.046769,-0.007599
0.005514,0.019595,0.138688,-0.026937
0.143480,-0.003539,0.068028,-0.083532
0.037941,0.009215,-0.343382,-0.086657
0.081691,0.010372,-0.419654,-0.056485
0.473288,0.058038,0.091138,-0.047496
0.475903,0.061338,0.098933,-0.044020
0.121169,0.026524,-0.478154,-0.053515
0.102832,0.026124,-0.480446,-0.032634
0.363937,0.108289,-0.010194,0.011757
0.337098,0.117248,0.006145,0.018292
0.011567,0.034684,-0.410583,-0.019808
-0.055037,0.033436,-0.342309,-0.020220
-0.250263,0.051283,-0.105285,-0.072821
-0.127547,-0.177098,-0.010638,-0.068841
-0.088322,-0.430600,0.117240,0.026716
-0.034683,-0.455740,0.068050,0.044574
-0.051024,-0.422536,0.062744,0.048962
-0.053174,-0.372523,0.057143,0.053117
-0.029017,-0.295353,0.066287,0.065258
0.040393,-0.167250,0.098382,0.091726
0.251497,-0.020226,0.064086,0.082745
0.090073,0.007778,-0.481355,0.029144
0.108242,0.015483,-0.508840,0.009886
0.455309,0.062813,0.051112,0.023538
0.452093,0.062065,0.062234,0.024842
0.110429,0.015940,-0.513043,0.002993
0.076948,0.019363,-0.489736,0.009314
0.121097,0.097852,-0.177885,0.032486
0.302629,0.086154,0.163420,0.063018
0.158252,0.158054,-0.066646,0.171015
-0.053039,0.039695,-0.394252,0.023462
-0.113147,0.029821,-0.310387,0.009830
-0.248637,0.037872,-0.181727,0.008352
-0.307087,0.056791,-0.002525,-0.056929
0.115255,0.056759,0.434157,0.009686
0.191388,0.049476,0.368920,0.006071
0.246570,0.063085,0.315723,-0.009525
-0.082297,0.056572,-0.275939,-0.082111
0.173409,0.147817,0.193200,0.067389
0.092503,-0.103648,0.350358,-0.159799
0.013734,-0.170987,-0.055333,-0.005029
-0.118461,-0.219320,-0.005215,0.022453
-0.179594,-0.200843,0.014774,0.047332
-0.222422,-0.166182,0.011477,0.063906
-0.265392,-0.126664,0.007266,0.064378
-0.379173,-0.065487,0.027015,0.052988
-0.410598,-0.002079,0.086643,0.032367
-0.380569,0.025685,0.150399,0.020588
-0.137193,0.019282,0.416791,0.078241
-0.136887,-0.010904,0.373799,0.072002
-0.409836,0.017571,-0.003720,0.012037
-0.415593,0.026756,-0.019811,0.024785
0.011962,0.073498,0.479609,0.050765
0.066178,0.061352,0.442219,0.046107
0.073300,0.105940,0.347529,0.088990
-0.234854,0.037004,-0.211483,0.025191
-0.243728,0.033491,-0.199489,0.025588
-0.091919,0.101444,0.207204,0.106371
0.059293,0.126266,0.339405,0.062254
-0.214957,0.035521,-0.168832,-0.035873
-0.221926,0.036110,-0.168497,-0.029827
-0.306771,0.038138,-0.105624,-0.009880
0.127012,0.008161,0.363993,0.098040
-0.374823,-0.009215,0.067533,-0.064770
-0.288609,0.021658,0.155407,-0.261024
0.100172,0.042127,0.527333,-0.053775
0.145597,0.035495,0.505114,-0.070350
0.220321,0.038134,0.435348,-0.077946
0.295284,0.064946,0.334500,-0.078874
-0.009933,0.045111,-0.186854,-0.231716
-0.071952,0.020152,-0.239323,-0.092992
0.267949,0.026526,0.335774,-0.014396
0.284830,0.013068,0.301096,0.016859
0.195126,0.086115,-0.014159,0.144820
-0.048489,0.033111,-0.410910,0.042160
-0.120959,0.034309,-0.342406,0.044954
-0.276973,0.038377,-0.201698,0.056156
0.058620,0.092092,0.347592,0.117513
0.116053,0.079575,0.354989,0.065224
-0.230626,0.029863,-0.195218,0.011844
-0.212795,0.030870,-0.192938,-0.009279
0.090599,0.127368,0.352151,0.020637
0.144539,0.103635,0.383944,-0.016306
-0.273220,0.045825,-0.114750,-0.041749
-0.097823,-0.014828,-0.424320,0.167884
0.356739,-0.030403,0.165437,-0.077175
0.447170,0.036529,0.075619,-0.096486
0.111082,0.016712,-0.438620,-0.073311
0.107031,0.022498,-0.442964,-0.070706
0.198821,0.067546,-0.225398,-0.236492
0.420069,0.082364,0.144081,-0.032209
0.297258,0.144020,-0.100081,-0.051567
0.023175,0.027399,-0.408322,-0.026393
-0.064173,0.026826,-0.343659,-0.003108
-0.264112,0.044803,-0.114749,-0.049511
0.122748,0.007808,0.321835,0.110412
-0.293964,0.002257,-0.032067,-0.010692
-0.289189,-0.006229,-0.035573,-0.034965
-0.380797,-0.005501,0.052196,-0.049395
0.079931,0.043963,0.530098,-0.038191
0.093922,0.038621,0.521786,-0.038473
0.113650,0.055052,0.490754,-0.043603
-0.202116,0.044503,0.064353,-0.282915
-0.173305,0.052248,0.050913,-0.292140
0.199590,0.049594,0.427914,-0.061240
0.250507,0.044166,0.369024,-0.047842
0.315266,0.047969,0.268446,-0.015830
0.114681,0.122256,-0.162146,-0.078185
-0.029901,0.039118,-0.371124,-0.022227
-0.127816,0.046643,-0.293270,-0.009601
0.211284,0.072511,0.291593,0.040457
0.233841,0.058287,0.275561,0.048159
-0.076203,0.080827,-0.225404,0.046091
-0.110362,0.045107,-0.345193,0.026308
-0.268585,0.046396,-0.113348,-0.048100
0.177864,-0.121924,0.437158,-0.124642
-0.224506,-0.190161,0.029552,0.008364
-0.205225,-0.172828,-0.015764,0.026531
-0.299722,-0.141199,0.017394,0.045739
-0.410409,-0.107721,0.101918,0.053122
-0.076675,-0.058077,0.471287,0.130265
-0.009098,0.040639,0.494814,0.079662
-0.379725,-0.021239,0.029469,0.089605
-0.301551,0.038696,0.074052,0.155559
0.060402,0.059079,0.426218,0.070157
0.146569,0.049567,0.373594,0.046123
0.192094,0.067453,0.324143,0.032147
-0.151623,0.036394,-0.257152,-0.011730
-0.166197,0.040009,-0.228080,-0.029875
0.183078,0.115324,0.358962,-0.041744
0.188171,0.146020,0.202515,0.062644
-0.058225,-0.208738,-0.044572,-0.072478
0.200004,-0.492881,-0.013251,-0.005970
0.192483,-0.511055,0.086343,0.015999
0.219892,-0.463707,0.109114,0.036926
0.253133,-0.378201,0.107402,0.030576
0.335973,-0.201544,0.109333,0.051282
0.423890,-0.059803,0.027132,0.095403
0.098581,-0.010280,-0.520083,0.055568
0.063996,0.007965,-0.501008,0.044923
0.015876,0.023289,-0.467514,0.044239
-0.089783,0.074258,-0.271960,0.067479
0.198441,0.118003,0.172914,0.122466
-0.173047,0.048298,-0.284886,0.039652
-0.149795,0.038688,-0.309553,0.036525
-0.212760,0.034735,-0.222878,0.016763
-0.206614,0.061514,0.039140,-0.127988
0.170672,0.054931,0.427718,-0.037463
0.227184,0.048302,0.374727,-0.034357
0.294157,0.058301,0.300481,-0.037088
-0.046077,0.060517,-0.259766,-0.114921
-0.110022,0.051547,-0.302630,-0.021883
0.233717,0.073793,0.289209,0.019122
0.253306,0.057492,0.285235,0.019817
-0.084402,0.065258,-0.265569,-0.038727
-0.171288,0.055301,-0.037979,-0.000611
-0.122035,-0.149097,0.030079,-0.139848
-0.222793,-0.206887,0.071408,-0.017948
-0.119767,-0.374671,0.157810,-0.046154
-0.038096,-0.526297,0.209469,-0.029104
-0.029496,-0.556936,0.208360,-0.005948
0.007278,-0.597958,0.198411,0.020215
0.178466,-0.509792,0.256459,0.049256
0.312236,-0.319956,0.255513,0.022528
0.336740,-0.159854,0.250672,0.041377
0.362327,-0.058464,0.219271,0.069905
0.415720,0.006572,0.054419,0.113889
0.062647,0.012423,-0.522260,0.068990
-0.010664,0.032087,-0.487601,0.082057
-0.096817,0.039771,-0.400684,0.073616
-0.228813,0.035650,-0.252713,0.061754
0.098212,0.084881,0.311997,0.120520
0.141052,0.066319,0.336355,0.071913
-0.191562,0.021003,-0.224361,0.010790
-0.187495,0.026177,-0.217332,-0.005492
-0.062343,0.065926,0.156902,-0.131305
0.195903,0.039310,0.426136,-0.045492
0.250664,0.037609,0.369941,-0.042358
0.304895,0.049309,0.297422,-0.035776
0.051829,0.071692,-0.207644,-0.086751
-0.050482,0.045469,-0.376203,-0.002912
-0.126759,0.049253,-0.301431,-0.005183
0.207454,0.088367,0.305297,0.014730
0.224195,0.068741,0.312595,0.010318
-0.123506,0.049151,-0.293891,-0.015599
-0.154148,0.045382,-0.273290,-0.002083
0.186685,0.106334,0.296035,0.026784
0.216829,0.087038,0.318735,-0.006750
0.083365,0.156086,0.136662,0.056425
-0.061442,-0.179756,-0.066680,-0.075776
0.121096,-0.162315,-0.353922,0.011029
0.363315,-0.263998,-0.106310,0.095396
0.484366,-0.128677,0.146040,0.070891
0.445412,-0.062393,-0.008796,0.147821
0.071300,-0.032446,-0.482717,0.059934
-0.010470,-0.004549,-0.426946,0.057838
-0.166365,0.032786,-0.315335,0.067752
0.180093,0.084160,0.245477,0.106080
0.205442,0.065507,0.254169,0.090699
-0.166899,0.041613,-0.302663,0.048791
-0.181893,0.037103,-0.265706,0.026356
0.135484,0.113515,0.309386,0.056366
0.189509,0.104588,0.336849,-0.015169
-0.151498,0.042654,-0.231592,-0.043706
-0.278922,0.044793,-0.116150,-0.033768
0.176809,-0.121665,0.433734,-0.121652
-0.183021,-0.203595,0.023851,-0.010724
-0.152688,-0.194194,-0.016869,0.006017
-0.171514,-0.190667,-0.019757,0.023712
-0.205817,-0.171827,-0.023696,0.043410
-0.260815,-0.125703,-0.037001,0.066586
-0.382064,-0.057055,-0.009100,0.072683
-0.432887,0.002027,0.065641,0.078825
-0.040824,0.069976,0.505285,0.066210
-0.017192,0.083181,0.489414,0.057643
-0.428153,0.030317,-0.011578,0.026569
-0.420534,0.032073,-0.024890,0.030086
0.050442,0.066263,0.448019,0.051132
0.107919,0.052403,0.427296,0.028239
0.142724,0.096445,0.353041,0.023630
-0.175575,0.040473,-0.222696,-0.026344
-0.292155,0.041827,-0.114563,-0.019234
-0.130917,-0.010535,-0.408850,0.173678
-0.002227,0.017132,0.139358,-0.146101
0.187937,0.062899,0.178614,-0.155326
0.344086,0.096429,0.139708,-0.098146
0.090217,0.033106,-0.428348,-0.078896
0.113306,0.030431,-0.482469,-0.044951
0.466598,0.074882,0.071746,-0.012919
0.456759,0.070140,0.081340,-0.002977
0.118387,0.031866,-0.502616,-0.030329
0.089805,0.030672,-0.485629,-0.018940
0.230768,0.141234,-0.080707,-0.042487
0.160057,0.140746,-0.087997,-0.065790
-0.011084,0.031224,-0.391434,-0.012847
-0.090583,0.027605,-0.328179,0.007061
-0.299267,0.035652,-0.108921,-0.011599
-0.124795,-0.029249,-0.395890,0.173624
0.023986,-0.035334,0.166024,-0.032323
0.248142,-0.048819,0.072608,-0.064025
0.057284,-0.002536,-0.389654,-0.048631
0.087049,0.001946,-0.437270,-0.035804
0.410166,-0.010476,0.009008,-0.045246
0.447022,0.029104,0.062614,-0.028965
0.096408,0.010463,-0.452166,-0.038807
0.050769,0.017182,-0.410667,-0.041424
0.005867,0.023591,-0.259996,-0.151244
0.319608,0.048672,0.291429,-0.043862
0.335851,0.044987,0.277564,-0.042557
0.193179,0.101840,-0.099497,-0.162068
-0.003919,0.043392,-0.369162,-0.054430
-0.071230,0.060124,-0.258601,-0.082836
0.257331,0.053797,0.271998,0.032724
0.278033,0.045056,0.247906,0.044795
0.211017,0.139532,-0.027368,0.133233
-0.024614,0.039032,-0.398500,-0.000058
-0.090421,0.031641,-0.317018,-0.008273
-0.305629,0.038598,-0.107119,-0.009987
0.117348,0.011599,0.336978,0.111527
-0.349900,0.005363,0.005509,-0.037910
-0.345817,0.006610,0.008394,-0.051679
-0.364020,0.004240,0.085530,-0.105059
0.078048,0.053364,0.523648,-0.039204
0.105753,0.044952,0.512777,-0.047626
0.179882,0.047149,0.444399,-0.055573
0.222520,0.072127,0.363534,-0.042325
0.168348,0.153036,0.192383,0.067742
-0.015235,0.000384,0.168143,0.181760
0.078261,0.155238,-0.001562,-0.041300
-0.088678,0.095924,0.048502,-0.066650
-0.287755,0.030580,0.026563,-0.072892
-0.394710,0.009755,0.064839,-0.062431
-0.306342,0.028153,0.178700,-0.093585
0.048223,0.069895,0.520346,-0.022621
0.049271,0.063151,0.521672,-0.018237
0.104506,0.066112,0.463644,-0.018405
-0.240984,0.053504,-0.098975,-0.081123
-0.111473,-0.185676,-0.018200,-0.068768
-0.088201,-0.420520,0.117075,0.013299
-0.021236,-0.466188,0.069662,0.036147
-0.050414,-0.442069,0.063443,0.065378
-0.046512,-0.347625,0.058446,0.104657
0.053772,-0.150228,0.103280,0.155997
0.275188,0.043835,0.084283,0.125598
0.102565,0.022003,-0.450192,0.088843
0.090872,0.039243,-0.508941,0.030485
0.414047,0.073910,0.064013,0.056450
0.409841,0.064299,0.082664,0.054730
0.092873,0.033758,-0.508419,0.015929
0.047046,0.027130,-0.467142,0.008829
-0.000466,0.036037,-0.399661,-0.020052
-0.107871,0.052988,-0.275077,-0.054144
0.231600,0.073651,0.326788,-0.016185
0.252590,0.058953,0.321386,-0.017074
-0.069021,0.058866,-0.244101,-0.116888
-0.117079,0.053682,-0.274660,-0.045472
0.225878,0.063531,0.308241,0.018201
0.251791,0.053818,0.286327,0.023917
0.049906,0.122882,-0.111341,0.028434
-0.171245,0.055340,-0.037946,-0.000611
-0.125845,-0.177534,-0.012299,-0.068444
-0.169273,-0.331120,0.116057,0.004520
-0.081842,-0.404612,0.070179,0.032963
-0.098110,-0.404487,0.061968,0.061687
-0.126802,-0.354731,0.053616,0.095048
-0.086125,-0.212012,0.075372,0.146404
0.005299,-0.042794,0.111344,0.183336
0.204540,0.060979,0.082777,0.139967
0.083967,0.041805,-0.443146,0.042971
0.079677,0.035032,-0.512411,0.019986
0.422130,0.078581,0.058770,0.045674
0.443148,0.075417,0.066382,0.019232
0.110629,0.029153,-0.508423,-0.015159
0.093426,0.029597,-0.497966,-0.009136
0.282324,0.141230,-0.072326,0.067235
0.257951,0.138463,-0.026055,0.129782
-0.022057,0.036829,-0.412189,0.013280
-0.090860,0.031602,-0.327749,0.002926
-0.213916,0.040016,-0.199714,-0.010528
-0.264565,0.048119,-0.112186,-0.054398
-0.147926,-0.016968,-0.391016,0.177426
0.184011,0.019257,0.177355,-0.080602
0.291342,0.005034,0.099345,-0.104090
0.079974,0.018129,-0.400594,-0.081564
0.105980,0.018671,-0.448932,-0.059854
0.454064,0.081659,0.026167,-0.087355
0.466958,0.096961,0.048879,-0.057975
0.114186,0.029103,-0.490920,-0.036490
0.067613,0.030612,-0.455859,-0.026503
0.021761,0.074610,-0.254642,-0.139337
0.313458,0.113087,0.212163,-0.023703
-0.044625,0.042824,-0.247499,-0.109902
-0.067481,0.038269,-0.357495,0.002569
-0.055556,0.091467,0.030647,-0.019101
0.088026,-0.100743,0.351499,-0.170734
0.017637,-0.139281,-0.059019,0.087361
-0.173405,-0.107688,-0.033418,0.116239
-0.342098,-0.061162,-0.003938,0.096142
-0.418968,-0.005797,0.006906,0.080648
-0.442871,0.037983,0.059387,0.065913
-0.391740,0.049254,0.123735,0.039602
-0.088429,0.092891,0.432190,0.070633
-0.045834,0.102090,0.437781,0.066933
-0.412335,0.034772,-0.005214,-0.001253
-0.410203,0.034144,-0.005780,-0.002184
0.035258,0.074462,0.493825,0.012311
0.091454,0.061320,0.451407,0.011676
0.104626,0.105246,0.368639,0.037319
-0.289185,0.042324,-0.114911,-0.022346
0.074657,-0.102207,0.333120,-0.166675
-0.064697,-0.206589,-0.036933,0.008113
-0.032679,-0.190463,-0.059739,0.031146
-0.194650,-0.188588,0.014532,0.054029
-0.233222,-0.152688,0.011126,0.058197
-0.272103,-0.116552,0.007982,0.059057
-0.385390,-0.056942,0.025512,0.053686
-0.418077,0.008403,0.081713,0.038871
-0.371632,0.041037,0.162238,0.013786
-0.114568,0.022166,0.440910,0.063034
-0.034493,0.058807,0.484343,0.059399
-0.428877,0.025795,-0.007736,0.027987
-0.428409,0.029916,-0.013324,0.028843
0.032382,0.070562,0.463039,0.049873
0.093434,0.058454,0.443372,0.020598
-0.140816,0.079811,-0.025045,-0.060157
0.114010,0.011737,0.327541,0.115352
-0.314334,0.001306,-0.022947,-0.027148
-0.312545,0.001656,-0.019807,-0.047038
-0.380202,0.001685,0.055007,-0.060251
0.071524,0.054123,0.536854,-0.046651
0.084612,0.050857,0.525521,-0.045133
0.114834,0.063266,0.494838,-0.057081
-0.165295,0.054879,0.086147,-0.321034
0.046088,0.106297,0.234398,-0.140758
0.196998,0.079561,0.381090,-0.041808
-0.174991,0.032111,-0.210338,-0.030922
-0.179120,0.027023,-0.210639,-0.021406
0.145357,0.084993,0.364739,0.020309
0.191920,0.061120,0.339807,0.023002
-0.176333,0.053769,-0.058006,-0.081308
-0.108460,-0.155744,-0.049392,-0.070484
0.084558,-0.365907,0.142440,0.050867
0.075920,-0.120400,0.257243,0.145256
0.099802,0.004159,0.167213,0.206418
0.291585,0.096170,0.047533,0.151474
0.139884,0.077226,-0.410645,0.192044
0.032958,0.024677,-0.495646,0.053888
0.009908,0.012922,-0.456091,0.049213
-0.009919,0.012879,-0.415581,0.028514
-0.116010,0.017600,-0.287107,0.001556
0.232530,0.062168,0.329537,-0.008661
0.264333,0.061356,0.325909,-0.035790
-0.080890,0.035843,-0.250359,-0.088735
-0.103450,0.042279,-0.252916,-0.070054
0.232177,0.110904,0.301229,-0.028504
0.241597,0.084130,0.308674,-0.018550
0.158464,0.148647,0.183541,0.069268
-0.041341,-0.003812,0.136372,0.185697
0.046433,0.161179,0.031929,-0.041363
-0.079258,0.103622,0.050488,-0.063038
-0.282550,0.032498,0.023858,-0.073061
-0.398151,0.008752,0.058363,-0.050631
-0.304969,0.010759,0.175640,-0.073172
0.053190,0.066028,0.515024,-0.018395
0.059433,0.058521,0.521479,-0.023576
0.108777,0.064793,0.491005,-0.048718
0.143977,0.129903,0.376850,-0.051675
-0.276060,0.039715,-0.116289,-0.031456
-0.095475,-0.021549,-0.419848,0.168046
0.332194,-0.055268,0.155330,-0.036452
0.420619,-0.010431,0.064802,-0.057262
0.095036,0.002723,-0.426201,-0.055693
0.093197,0.006199,-0.428311,-0.055226
0.136094,0.004850,-0.263037,-0.241209
0.398400,0.045486,0.240094,-0.068175
0.400904,0.046194,0.225945,-0.057291
0.412535,0.148599,-0.013398,-0.054084
0.066291,0.025589,-0.450812,-0.025208
-0.009668,0.027689,-0.400302,-0.001858
-0.171298,0.055291,-0.037987,-0.000612
-0.122913,-0.147939,0.030390,-0.140561
-0.255280,-0.195720,0.075743,-0.000194
-0.193674,-0.418743,0.211429,0.020688
-0.199165,-0.430834,0.258162,0.030560
0.004328,-0.154841,0.461434,0.115937
0.099756,-0.036654,0.472799,0.075088
0.100258,0.012981,0.326269,0.163163
-0.256701,0.016915,-0.223108,0.078817
-0.282129,0.037424,-0.216393,0.076962
0.044910,0.096567,0.308226,0.166070
0.092805,0.093235,0.336180,0.093622
-0.237761,0.035007,-0.203884,0.022496
-0.220765,0.034032,-0.197030,-0.000377
-0.075046,0.098175,0.206250,0.003834
0.089225,0.117811,0.351923,0.055838
-0.217222,0.037167,-0.196781,-0.007306
-0.228192,0.035419,-0.182851,-0.008516
-0.295319,0.050322,0.001673,-0.109608
0.132521,0.055340,0.434185,-0.006189
0.203394,0.048871,0.370460,-0.006869
0.254154,0.057764,0.304630,-0.000697
-0.065829,0.064026,-0.251817,-0.082765
0.057986,0.152041,0.118963,0.046214
-0.073686,-0.030994,-0.417327,0.164722
0.044349,-0.033301,-0.388265,-0.006909
0.062394,-0.029614,-0.388175,-0.028735
0.086443,-0.091857,-0.242872,-0.134496
0.376175,-0.000613,0.295079,-0.057039
0.376050,0.014102,0.284889,-0.060020
0.210959,-0.022776,-0.137867,-0.211807
0.067730,0.028704,-0.390836,-0.089734
0.023334,0.047103,-0.261430,-0.186084
0.320790,0.049868,0.259845,-0.014665
0.325890,0.044762,0.246344,-0.001219
0.284966,0.131293,-0.036030,0.008722
0.004497,0.035176,-0.407214,-0.016599
-0.076497,0.030195,-0.325534,-0.012259
-0.275077,0.043384,-0.116247,-0.036093
0.116994,0.011236,0.331080,0.113040
-0.328665,0.002006,-0.011601,-0.031125
-0.324203,0.002971,-0.007061,-0.052187
-0.373947,0.000247,0.066243,-0.076152
0.075356,0.054820,0.536729,-0.051049
0.091048,0.049606,0.525042,-0.049840
0.132476,0.059007,0.490584,-0.066210
-0.077160,0.108449,0.021620,-0.025439
0.105063,0.013700,0.327265,0.120501
-0.301366,0.005754,-0.016331,-0.062757
-0.303801,0.012594,-0.012406,-0.077032
-0.378972,0.011962,0.060537,-0.077250
0.050651,0.071093,0.541640,-0.047564
0.057381,0.063181,0.527969,-0.032674
0.088552,0.070604,0.492745,-0.036044
-0.278305,0.042809,-0.116241,-0.032339
-0.074837,-0.205164,-0.031247,-0.072857
-0.053653,-0.393058,0.099091,-0.035829
0.027479,-0.466420,0.065577,-0.010479
0.023588,-0.486795,0.065913,0.013370
0.010718,-0.496597,0.066137,0.036019
-0.017424,-0.489146,0.067150,0.058414
-0.045130,-0.454630,0.064904,0.066345
-0.054699,-0.388272,0.056797,0.079236
-0.011199,-0.266707,0.073348,0.105137
0.095792,-0.081346,0.125129,0.135008
0.279481,0.046480,0.096264,0.087332
0.089694,0.017892,-0.481862,0.012816
0.110371,0.020169,-0.506447,0.005851
0.439960,0.065766,0.063077,0.034677
0.430796,0.061558,0.081707,0.034326
0.107359,0.029638,-0.515233,0.003692
0.056466,0.029065,-0.490455,0.020788
-0.002384,0.035658,-0.428931,0.011526
-0.125330,0.062187,-0.256768,-0.014483
0.203742,0.121315,0.224065,0.065632
-0.160742,0.053597,-0.257204,-0.008851
-0.191973,0.046549,-0.252636,0.013966
0.193349,0.083400,0.335685,0.003421
0.225597,0.072028,0.337898,-0.019667
0.183369,0.146498,0.199350,0.064658
-0.011252,-0.105092,0.246698,-0.180983
-0.046952,-0.209850,-0.042374,-0.028320
-0.117411,-0.235957,0.014324,-0.008648
-0.125942,-0.237812,0.014023,0.012531
-0.143121,-0.229132,0.013959,0.035054
-0.178953,-0.204469,0.013950,0.062489
-0.237382,-0.160108,0.007893,0.078475
-0.293564,-0.109116,0.003163,0.081684
-0.404299,-0.039451,0.011708,0.075610
-0.426781,0.043610,0.080241,0.083624
-0.382524,0.061638,0.142043,0.049437
-0.072947,0.085243,0.454975,0.068023
-0.026207,0.095144,0.469039,0.071715
-0.427637,0.033857,-0.008333,0.018334
-0.409685,0.033695,-0.009330,0.001268
0.047301,0.075722,0.495680,-0.002847
0.103521,0.064453,0.456059,-0.008176
-0.230831,0.055365,-0.090902,-0.085705
-0.122675,-0.021915,-0.404435,0.173193
-0.038461,-0.014592,0.147789,-0.077249
0.188694,0.055582,0.182821,-0.106270
0.300274,0.032524,0.110013,-0.114619
0.082697,0.024853,-0.410300,-0.081284
0.112180,0.024594,-0.461254,-0.059581
0.478622,0.090273,0.061107,-0.054561
0.475504,0.075362,0.080634,-0.031758
0.125015,0.031404,-0.496411,-0.043650
0.089031,0.029304,-0.466418,-0.036052
0.242795,0.145945,-0.073432,-0.039640
0.182322,0.136762,-0.065857,-0.019060
-0.008821,0.027497,-0.392427,-0.010391
-0.079972,0.019406,-0.318219,-0.005322
-0.212617,0.025782,-0.190430,-0.006877
0.071339,0.104366,0.338641,0.099515
-0.240589,0.048588,-0.102147,-0.078371
-0.144614,-0.154553,-0.016328,-0.068629
-0.093716,-0.273477,0.198522,0.141589
0.056907,-0.144695,0.106414,0.206351
0.272308,0.062861,0.078350,0.150716
0.151815,0.064241,-0.388607,0.165254
0.077122,0.040999,-0.507646,0.043817
0.401152,0.067556,0.064153,0.076210
0.414527,0.055940,0.083037,0.056073
0.096773,0.026777,-0.504139,0.002323
0.080807,0.023602,-0.476920,-0.011554
0.246432,0.073197,-0.041285,-0.044041
0.205919,0.085196,-0.028378,-0.057300
-0.003619,0.038099,-0.395370,-0.023252
-0.072687,0.033394,-0.325472,-0.019352
-0.171272,0.055316,-0.037967,-0.000611
-0.307193,0.014035,-0.024453,0.004569
-0.396092,-0.019111,0.036686,0.006809
0.072601,0.016327,0.509774,0.005540
0.109595,0.007913,0.514812,-0.016541
0.108871,0.029550,0.508302,-0.031324
-0.200368,0.002987,0.078551,-0.263884
-0.171949,0.019217,0.072108,-0.302607
0.208746,0.032955,0.440607,-0.066451
0.260569,0.030651,0.390692,-0.066055
0.315693,0.055237,0.312968,-0.068043
0.012187,0.056554,-0.230064,-0.196225
-0.046511,0.057385,-0.268617,-0.125255
0.287329,0.056530,0.309992,-0.037999
0.306375,0.040436,0.299095,-0.030053
0.105073,0.074926,-0.124267,-0.058161
-0.070889,0.037601,-0.361403,0.010621
-0.155345,0.046618,-0.278734,0.008760
0.208958,0.065495,0.307825,0.033572
0.232847,0.057250,0.288046,0.037709
-0.091693,0.075845,-0.240882,0.013562
-0.176025,0.068850,-0.050737,-0.076161
-0.104535,-0.172210,-0.038803,-0.068522
0.037665,-0.451438,0.127394,0.037087
-0.014709,-0.253091,0.224020,0.127180
0.012564,-0.135011,0.190818,0.172859
0.275580,0.008950,0.055386,0.133331
0.075887,0.015283,-0.496065,0.047392
0.093989,0.027984,-0.518524,0.023145
0.419732,0.083437,0.041114,0.059890
0.414687,0.075015,0.060915,0.058404
0.094106,0.031609,-0.517652,0.011858
0.057692,0.030378,-0.475202,0.003013
-0.004266,0.064087,-0.266889,-0.123911
0.295620,0.129632,0.201959,-0.015024
-0.070888,0.061786,-0.267512,-0.073699
-0.122811,0.052907,-0.295157,-0.017481
0.223234,0.074542,0.300058,0.018013
0.244087,0.062059,0.291313,0.018390
-0.108870,0.055738,-0.291041,-0.031555
0.151873,0.152062,0.180562,0.069421
0.086278,-0.102983,0.344961,-0.163490
0.017017,-0.162149,-0.052552,0.008282
-0.141692,-0.210452,0.001003,0.033493
-0.190721,-0.188944,0.015272,0.040023
-0.214168,-0.164350,0.014240,0.040566
-0.317237,-0.114238,0.037701,0.036430
-0.394518,-0.039740,0.093174,0.039810
-0.382325,-0.022171,0.145659,0.033788
-0.118818,0.000532,0.440095,0.114152
-0.079658,0.026470,0.436155,0.107491
-0.425736,0.021294,-0.006164,0.027429
-0.422108,0.028778,-0.016545,0.026335
0.021154,0.072761,0.479656,0.042280
0.084406,0.062091,0.448904,0.020456
-0.228091,0.056152,-0.088928,-0.086383
-0.118752,-0.028928,-0.400377,0.172582
-0.043980,-0.039684,0.149411,-0.041362
0.176240,0.021364,0.176197,-0.081181
0.279238,0.003181,0.092825,-0.085877
0.069937,0.013480,-0.402479,-0.064559
0.099615,0.015512,-0.454837,-0.044380
0.475532,0.061579,0.079013,-0.033906
0.476192,0.067121,0.084330,-0.035495
0.116504,0.026805,-0.476540,-0.050838
0.080381,0.028079,-0.454188,-0.038400
0.202010,0.095525,-0.104123,-0.044376
0.125300,0.095592,-0.114135,-0.058453
-0.042584,0.046372,-0.367817,-0.020105
0.185126,0.148339,0.201771,0.063207
-0.099325,-0.023578,-0.416501,0.168957
0.205254,-0.143995,-0.191083,-0.104952
0.174999,-0.120247,-0.269805,-0.157445
0.459013,0.016864,0.092941,-0.068236
0.477363,0.047003,0.118999,-0.053526
0.118976,0.020641,-0.460124,-0.063502
0.095852,0.026023,-0.458224,-0.047774
0.371744,0.101073,0.060798,-0.011684
0.360576,0.116670,0.099372,-0.005971
0.018764,0.036792,-0.404837,-0.034858
-0.033866,0.033727,-0.350103,-0.033898
-0.299954,0.039686,-0.111792,-0.012076
0.129890,0.006631,0.362979,0.096992
-0.376496,-0.011640,0.068336,-0.058788
-0.288092,0.017406,0.159569,-0.244920
0.099417,0.035894,0.523467,-0.042922
0.149822,0.025459,0.495287,-0.054712
0.220881,0.026133,0.433813,-0.064970
0.272926,0.058232,0.336654,-0.051956
-0.020712,0.053229,-0.185340,-0.188692
-0.081087,0.058252,-0.247031,-0.110316
0.249991,0.062603,0.324654,-0.021394
0.277251,0.050784,0.308005,-0.020186
0.044832,0.094244,-0.154414,-0.140532
-0.059928,0.043780,-0.346853,-0.021138
0.156628,0.143060,0.180628,0.069391
0.093842,-0.102766,0.355380,-0.165938
0.011735,-0.160975,-0.060290,0.022663
-0.102966,-0.187094,-0.034333,0.024123
-0.196514,-0.178512,0.016658,0.026301
-0.308787,-0.125387,0.037334,0.042202
-0.402801,-0.034738,0.083768,0.061425
-0.379870,0.014039,0.145225,0.063370
-0.091087,0.061210,0.453423,0.127103
-0.047860,0.086307,0.467065,0.094773
-0.427987,0.032107,-0.009969,0.022265
-0.418564,0.033393,-0.013535,0.014808
0.029103,0.073059,0.483337,0.030356
0.086184,0.058097,0.444529,0.027046
0.114376,0.094015,0.373822,0.033637
-0.208972,0.039852,-0.199170,-0.015852
-0.211590,0.038164,-0.181986,-0.028729
-0.171240,0.055344,-0.037942,-0.000610
-0.080219,-0.043164,-0.253122,-0.007381
-0.278646,-0.073652,0.046740,-0.007232
0.016313,0.007937,0.141234,0.009715
0.139570,-0.056268,0.060159,0.007524
0.022432,-0.017400,-0.338690,-0.014101
0.034950,-0.031079,-0.389049,0.001148
0.065623,-0.032554,-0.398867,-0.018212
0.207833,-0.226828,-0.132688,-0.133423
0.434196,-0.028206,0.220116,-0.062409
0.245122,-0.118443,-0.102286,-0.216507
0.093227,0.002603,-0.372289,-0.107640
0.112202,0.020607,-0.207825,-0.283251
0.367876,0.045160,0.278907,-0.076095
0.382605,0.043870,0.244334,-0.055002
0.439267,0.127943,0.057383,-0.032211
0.072303,0.025616,-0.463782,-0.018262
-0.004700,0.028116,-0.410985,0.003431
-0.149091,0.051789,-0.277019,0.002726
0.213414,0.061750,0.308411,0.032278
0.240559,0.054816,0.281496,0.038979
0.043065,0.126677,-0.106776,0.078385
-0.075760,0.033713,-0.340281,-0.001798
-0.117176,0.027431,-0.273102,-0.021025
-0.235415,0.035954,-0.159903,-0.024776
-0.294012,0.043303,0.040953,-0.163141
0.120281,0.058890,0.454279,-0.017593
0.186857,0.049397,0.381603,-0.002002
0.252093,0.050556,0.275632,0.037570
0.053712,0.129449,-0.118626,0.088173
-0.063451,0.038126,-0.374902,0.016092
-0.114843,0.027870,-0.289055,-0.007924
-0.251649,0.036721,-0.156915,-0.012298
-0.303219,0.036042,-0.106181,-0.010777
0.132243,0.005379,0.362763,0.096059
-0.372098,-0.015358,0.076277,-0.054905
-0.188843,0.032055,0.261535,-0.185012
0.105045,0.029974,0.522469,-0.041633
0.162948,0.016237,0.486940,-0.050272
0.228964,0.017434,0.429187,-0.059729
0.279585,0.047420,0.341796,-0.052944
0.020240,0.046541,-0.161952,-0.271555
-0.017301,0.059497,-0.197065,-0.224554
0.276598,0.052165,0.321224,-0.034132
0.306749,0.044644,0.268310,-0.003856
0.326120,0.139874,0.073493,0.045307
-0.004753,0.034398,-0.406282,-0.007500
-0.072444,0.030365,-0.336148,-0.005908
-0.252939,0.045208,-0.110582,-0.063257
-0.131847,-0.024556,-0.395556,0.174870
0.087514,-0.008832,0.174529,-0.054301
0.266414,-0.024514,0.083771,-0.083104
0.065220,0.006832,-0.395098,-0.060996
0.098229,0.011288,-0.445238,-0.048398
0.446514,0.051398,0.030249,-0.064091
0.456146,0.073297,0.045222,-0.057583
0.105739,0.024553,-0.472469,-0.041954
0.059425,0.027097,-0.442616,-0.028036
0.007257,0.052068,-0.265493,-0.122738
0.302967,0.113099,0.211467,-0.013146
-0.033725,0.065315,-0.241503,-0.124667
-0.088483,0.055747,-0.280457,-0.070452
0.254678,0.068360,0.309934,-0.017121
0.272373,0.053952,0.303404,-0.013877
0.032178,0.107248,-0.154816,-0.025979
0.163596,0.149125,0.187191,0.068844
-0.025641,-0.103898,0.237708,-0.184641
-0.078337,-0.177164,-0.048811,0.066029
-0.265247,-0.136672,0.005574,0.081330
-0.328658,-0.077351,-0.001396,0.094819
-0.410465,-0.021085,0.011731,0.071225
-0.435472,0.040225,0.071044,0.058468
-0.376046,0.060390,0.149274,0.028462
-0.071169,0.088123,0.458465,0.062972
-0.028620,0.097096,0.466428,0.068549
-0.424991,0.034297,-0.005573,0.012515
-0.406695,0.034478,-0.009355,-0.002483
0.039542,0.077353,0.495156,0.003805
0.092383,0.065162,0.453402,0.004910
-0.253571,0.050469,-0.106468,-0.069403
-0.122379,-0.178701,-0.015111,-0.067928
-0.105597,-0.416655,0.124568,0.027934
-0.039732,-0.452846,0.066952,0.050104
-0.056596,-0.389637,0.056887,0.090515
0.006960,-0.230391,0.082347,0.137499
0.123127,-0.033220,0.139416,0.143337
0.286880,0.051921,0.093421,0.072161
0.088501,0.019783,-0.481979,0.013299
0.104279,0.025498,-0.509297,0.014086
0.425194,0.071446,0.062901,0.046443
0.417568,0.065776,0.081021,0.045692
0.102205,0.037467,-0.511005,0.011976
0.058200,0.029689,-0.484391,0.012364
0.001747,0.034588,-0.407307,-0.013168
-0.119836,0.056408,-0.265554,-0.050217
0.223242,0.061483,0.303901,0.027226
0.249294,0.049000,0.278138,0.039407
0.139994,0.124693,-0.025931,0.093855
-0.040205,0.038360,-0.374487,-0.007806
-0.105698,0.028463,-0.282435,-0.024300
-0.226707,0.036911,-0.159790,-0.034555
-0.288256,0.038434,-0.114728,-0.019579
0.128573,0.007341,0.364210,0.097317
-0.373468,-0.013032,0.074709,-0.058630
-0.237709,0.021075,0.212757,-0.224768
0.108377,0.033487,0.526101,-0.052109
0.159701,0.023856,0.497318,-0.065019
0.229747,0.026738,0.432525,-0.073153
0.291981,0.057493,0.340753,-0.074370
0.036990,0.066477,-0.148658,-0.294591
-0.021439,0.049271,-0.195584,-0.203926
0.277731,0.035344,0.320587,-0.017806
0.309467,0.032293,0.262694,0.011378
0.350739,0.104766,0.105990,0.047705
-0.005571,0.029968,-0.414825,0.006303
-0.057197,0.034079,-0.374523,0.013502
-0.225838,0.049423,-0.092603,-0.086188
0.192293,-0.127145,0.453763,-0.117371
-0.293630,-0.158922,0.044859,0.031109
-0.301117,-0.127381,-0.000771,0.049503
-0.388771,-0.077344,0.039319,0.046830
-0.148797,-0.097778,0.403690,0.149378
-0.001142,0.041192,0.521801,0.043643
-0.272669,-0.146386,0.151805,0.052588
-0.022166,0.050842,0.382312,0.124465
0.084889,0.064889,0.424860,0.041198
-0.308163,0.031384,-0.132345,0.025006
-0.171256,0.055330,-0.037954,-0.000611
-0.122934,-0.147943,0.030416,-0.140563
-0.254436,-0.195977,0.075666,-0.000732
-0.173177,-0.421103,0.206186,0.007106
-0.139259,-0.481364,0.240178,-0.000513
-0.117823,-0.491696,0.240446,-0.002903
0.028155,-0.423423,0.315793,0.004566
0.295742,-0.259615,0.443371,0.000420
0.368563,-0.278705,0.345418,0.003964
0.446618,-0.233789,0.295283,0.040007
0.211800,-0.355887,-0.127310,0.071088
0.047105,-0.145686,-0.351647,0.066615
-0.021465,-0.083795,-0.349514,0.070924
-0.120651,-0.077230,-0.259427,0.084186
0.159249,0.038176,0.187381,0.210020
-0.188018,0.036477,-0.239522,0.099552
-0.196035,0.047545,-0.316297,0.080652
-0.269790,0.038807,-0.208376,0.055220
0.055204,0.102466,0.338065,0.119938
0.110492,0.085406,0.349102,0.070837
-0.236395,0.029455,-0.203322,0.026131
-0.220732,0.028457,-0.199798,0.007932
0.100548,0.113395,0.369278,0.031181
0.145271,0.091619,0.392152,-0.013202
-0.194331,0.038734,-0.197118,-0.031427
-0.202438,0.038634,-0.191239,-0.029098
-0.246669,0.050982,-0.101854,-0.076375
0.223420,-0.168894,0.481949,-0.083272
-0.235957,-0.234472,0.092314,-0.002202
-0.274705,-0.202141,0.079903,0.014921
-0.265351,-0.327689,0.140302,0.070388
-0.249990,-0.371696,0.185420,0.056990
-0.168103,-0.283923,0.252705,0.086434
0.079555,-0.030962,0.464498,0.091662
0.104210,0.009996,0.384176,0.105946
-0.271569,0.008277,-0.174476,0.053687
-0.280659,0.028556,-0.187493,0.055460
0.076685,0.090289,0.342127,0.106724
0.132665,0.069281,0.345658,0.068251
-0.249891,0.041822,-0.218020,0.059694
-0.258985,0.032000,-0.204700,0.047674
0.133789,0.067332,0.374827,0.039892
0.185521,0.056527,0.364557,0.009243
-0.161160,0.031859,-0.179290,-0.075431
-0.177529,0.036363,-0.188405,-0.054571
0.202939,0.069207,0.366066,-0.022355
0.230309,0.059299,0.346172,-0.019924
-0.018081,0.088810,-0.117515,-0.160639
-0.104805,0.057883,-0.212351,-0.122259
0.232621,0.057516,0.332265,-0.006546
0.262067,0.047789,0.283115,0.022877
0.254105,0.144488,0.080171,0.073428
-0.032895,0.041331,-0.396719,0.004144
-0.095625,0.034425,-0.327930,0.005004
-0.287873,0.042882,-0.115411,-0.023712
0.127892,0.007609,0.340537,0.104489
-0.372241,-0.001774,0.013047,-0.010595
-0.372296,-0.002770,0.023209,-0.029236
-0.255643,0.016081,0.190938,-0.214625
0.099446,0.033455,0.521659,-0.038705
0.147381,0.022276,0.497167,-0.050973
0.220810,0.018689,0.435280,-0.058923
0.273694,0.043247,0.354648,-0.055732
0.209660,0.103957,0.080033,-0.146363
-0.008250,0.039765,-0.363651,-0.052006
-0.069862,0.033351,-0.324198,-0.023426
-0.256477,0.049532,-0.109552,-0.064553
-0.149898,-0.164600,-0.000284,-0.069346
-0.086934,-0.437740,0.111486,0.046986
-0.054898,-0.419149,0.059678,0.068783
-0.035795,-0.320603,0.062492,0.095629
0.051966,-0.153834,0.102238,0.127385
0.260424,-0.012653,0.066561,0.080957
0.092094,0.005024,-0.481426,0.008904
0.112612,0.007616,-0.504741,0.007429
0.447968,0.055469,0.050612,0.035515
0.440923,0.054939,0.072396,0.035166
0.106192,0.020887,-0.518935,0.012056
0.041062,0.028779,-0.494996,0.041024
-0.020829,0.038474,-0.440412,0.038651
-0.163264,0.051729,-0.277688,0.033233
0.172316,0.127978,0.215380,0.096250
-0.188163,0.043681,-0.252457,0.013507
-0.203295,0.037759,-0.215730,-0.002874
0.162721,0.097386,0.371316,-0.015576
0.214878,0.079349,0.358708,-0.037080
0.092101,0.144283,0.139068,0.057255
-0.080174,-0.015405,-0.428259,0.164758
0.059370,-0.017738,-0.375475,-0.050298
0.083344,0.002750,-0.395279,-0.074957
0.121237,0.012958,-0.223979,-0.293736
0.383309,0.045626,0.286926,-0.100013
0.393026,0.046512,0.247552,-0.071276
0.427109,0.143556,0.020756,-0.069036
0.081233,0.017972,-0.439371,-0.043973
0.021188,0.008830,-0.380927,-0.033234
-0.089852,0.002524,-0.254000,-0.042799
0.251146,0.027390,0.329061,0.008231
0.257660,0.019764,0.299958,0.038469
-0.012852,0.045995,-0.184053,0.094689
-0.112217,0.045508,-0.356942,0.039523
-0.225215,0.053596,-0.090116,-0.086678
-0.148353,-0.158739,-0.008324,-0.068709
-0.114610,-0.359022,0.152027,0.099054
-0.008341,-0.262811,0.076435,0.154834
0.132939,-0.015471,0.139979,0.180102
0.281710,0.075766,0.084269,0.112626
0.084447,0.039637,-0.470382,0.044296
0.100913,0.036989,-0.508004,0.011819
0.430440,0.072222,0.071697,0.032248
0.427420,0.067428,0.081591,0.032656
0.104558,0.034415,-0.511433,-0.001097
0.082746,0.031027,-0.501938,0.004311
0.222478,0.123300,-0.086703,-0.033468
0.142396,0.121847,-0.099642,-0.053407
-0.021087,0.037316,-0.404054,0.003685
-0.096114,0.031616,-0.329515,0.009934
-0.232794,0.040566,-0.210907,0.018994
-0.275005,0.045372,-0.114965,-0.039362
-0.143166,-0.027761,-0.383888,0.176721
0.165721,-0.033502,0.166151,-0.020662
0.245477,-0.057076,0.069999,-0.063733
0.062067,-0.002883,-0.385778,-0.057028
0.089501,0.002220,-0.434754,-0.041072
0.404386,-0.010133,0.001497,-0.066797
0.446121,0.038377,0.057998,-0.046575
0.100291,0.015533,-0.454938,-0.045004
0.060039,0.022171,-0.415723,-0.050628
0.032488,0.037773,-0.233743,-0.209435
0.312486,0.044214,0.277462,-0.018323
0.329356,0.043725,0.249699,-0.007040
0.351410,0.125288,0.032595,0.015271
0.015406,0.034945,-0.411702,-0.022788
-0.048116,0.032178,-0.344854,-0.023341
-0.237361,0.050490,-0.099110,-0.081477
0.115402,0.012031,0.335522,0.112873
-0.341732,0.005323,0.001762,-0.042352
-0.333957,0.008125,0.004864,-0.061746
-0.375083,0.006848,0.070513,-0.085481
0.074495,0.059721,0.531405,-0.049764
0.096072,0.051477,0.523666,-0.055358
0.154882,0.057845,0.464763,-0.061632
0.210840,0.069858,0.391855,-0.056697
-0.171245,0.055340,-0.037946,-0.000610
-0.122924,-0.147941,0.030408,-0.140565
-0.254433,-0.195991,0.075679,-0.000732
-0.168647,-0.430873,0.212112,0.006279
-0.138383,-0.481014,0.238022,-0.000649
-0.117823,-0.491696,0.240446,-0.002903
0.054451,-0.387969,0.342828,0.015544
0.301047,-0.201446,0.440360,0.026262
0.347754,-0.143206,0.334541,0.044794
0.374160,-0.084706,0.241230,0.077824
0.351276,-0.006299,0.014769,0.221730
0.012231,-0.001922,-0.469829,0.075600
-0.075577,0.028123,-0.405488,0.068814
-0.241800,0.048114,-0.269905,0.080435
-0.071913,0.101415,0.025097,-0.023501
0.177012,-0.120186,0.439544,-0.129779
-0.140273,-0.161822,-0.040324,0.029433
-0.027799,-0.169697,-0.046438,0.039325
-0.048219,-0.149185,-0.060715,0.035502
-0.126217,-0.144812,-0.043433,0.031547
-0.242827,-0.129272,0.013492,0.029207
-0.344183,-0.085626,0.037928,0.027864
-0.401570,-0.018000,0.092132,0.031077
-0.386019,0.005501,0.141754,0.027996
-0.106090,0.019926,0.452104,0.093339
-0.130614,-0.003825,0.381705,0.096918
-0.415260,0.018683,-0.005626,0.018354
-0.411394,0.026490,-0.018530,0.019484
0.018304,0.077204,0.491843,0.028485
0.075338,0.067511,0.458669,0.014339
-0.267053,0.042285,-0.115903,-0.043240
-0.115508,-0.028289,-0.403118,0.172037
-0.052687,-0.042480,0.146877,-0.045830
0.178845,0.032176,0.184382,-0.081180
0.283827,0.009300,0.094459,-0.079593
0.070753,0.014236,-0.404658,-0.063926
0.099876,0.015976,-0.456247,-0.043690
0.475430,0.061877,0.078586,-0.032839
0.475983,0.067077,0.084058,-0.034547
0.115966,0.026718,-0.477897,-0.048834
0.080476,0.027707,-0.461836,-0.030466
0.186154,0.086398,-0.116734,-0.057457
0.110922,0.085979,-0.128797,-0.083391
-0.031220,0.044757,-0.373098,-0.024578
0.183594,0.148417,0.200644,0.063906
0.077134,0.011660,0.271948,0.141957
0.138465,0.159466,-0.050304,-0.013399
0.033243,0.163390,0.042463,-0.026810
-0.070736,0.113807,0.052742,-0.052353
-0.279399,0.040576,0.019846,-0.062867
-0.395435,0.007888,0.052466,-0.045042
-0.303044,-0.001359,0.170443,-0.058411
0.051817,0.061486,0.514419,-0.011876
0.061589,0.051660,0.516504,-0.013896
0.107441,0.056381,0.461624,-0.009589
0.109047,0.117908,0.357133,0.028649
-0.198302,0.034788,-0.198324,-0.022303
-0.215565,0.033663,-0.178225,-0.024015
-0.106261,0.083762,0.186484,-0.087285
0.161527,0.053277,0.424982,-0.023928
0.220161,0.047238,0.369554,-0.021098
0.277561,0.053128,0.302399,-0.017235
-0.009304,0.072660,-0.226242,-0.132877
-0.046224,0.045047,-0.356320,-0.026644
0.042493,0.122400,0.101583,0.033995
-0.096219,-0.032011,-0.410360,0.168475
0.224371,-0.164255,-0.143946,0.009097
0.178458,-0.190518,-0.225119,-0.045869
0.147674,-0.159004,-0.274415,-0.088183
0.317885,-0.134315,-0.016037,-0.117153
0.405931,-0.034933,0.086158,-0.065389
0.086231,-0.000385,-0.420485,-0.049493
0.049695,0.016886,-0.400908,-0.049815
0.045473,-0.014586,-0.175611,-0.224212
0.312459,0.040476,0.316061,-0.053145
0.336235,0.042120,0.282152,-0.044672
0.391269,0.121814,0.081797,-0.016433
0.032470,0.036405,-0.437538,-0.015449
-0.020227,0.039307,-0.400122,-0.003098
0.131634,0.158977,0.169670,0.068684
-0.110098,-0.177838,-0.029588,-0.066569
0.135111,-0.457088,0.052785,0.022912
0.090187,-0.368578,0.122678,0.050879
0.146296,-0.212940,0.159031,0.080073
0.282697,-0.066806,0.105605,0.064099
0.274118,-0.016771,-0.278397,0.124612
0.086588,0.001750,-0.496056,0.023586
0.072166,0.005981,-0.479997,0.017709
0.042360,0.014298,-0.458134,0.017472
0.276213,0.112090,0.102597,0.096506
0.267886,0.109477,0.125289,0.108615
-0.085141,0.047773,-0.392030,0.045291
-0.118218,0.037372,-0.324647,0.021362
-0.286977,0.042700,-0.115088,-0.024747
-0.153291,-0.160999,-0.000590,-0.069249
-0.102631,-0.420074,0.117764,0.063734
-0.055380,-0.379496,0.056452,0.088186
0.015945,-0.213901,0.086331,0.139478
0.251733,-0.008553,0.066513,0.124248
0.088076,0.005708,-0.478329,0.035713
0.098610,0.018918,-0.513718,0.016363
0.432123,0.071884,0.052904,0.046616
0.423429,0.073907,0.061704,0.048124
0.096405,0.029536,-0.522437,0.014850
0.069760,0.030483,-0.498206,0.013906
0.103066,0.115090,-0.192488,-0.010315
0.305310,0.101826,0.187435,0.020464
0.022649,0.103159,-0.185230,-0.031648
0.173996,0.150026,0.194698,0.066849
-0.009956,-0.002893,0.160027,0.171266
0.093477,0.176235,0.003021,-0.008262
-0.015467,0.155805,0.067195,-0.030293
-0.050723,0.132684,0.059414,-0.037885
-0.090101,0.109092,0.050679,-0.040987
-0.285354,0.046231,0.017151,-0.044866
-0.398129,0.007884,0.047980,-0.036299
-0.293510,-0.001508,0.176064,-0.054174
0.052523,0.056065,0.509580,-0.002320
0.063430,0.044249,0.510313,-0.002138
0.111160,0.050980,0.466267,-0.012551
0.106528,0.119332,0.351996,-0.031236
-0.191341,0.035210,-0.167099,-0.060912
-0.195623,0.036389,-0.171368,-0.053539
-0.171245,0.055340,-0.037946,-0.000611
-0.125845,-0.177534,-0.012299,-0.068444
-0.166721,-0.328862,0.115003,0.000132
-0.069509,-0.387727,0.069829,0.003467
-0.057958,-0.393286,0.064272,0.003021
-0.062689,-0.403149,0.064690,0.017354
-0.080179,-0.410859,0.063824,0.044617
-0.114015,-0.391734,0.058553,0.077322
-0.126923,-0.319306,0.055354,0.100173
-0.065096,-0.167247,0.088542,0.148109
0.001731,-0.038517,0.107556,0.163277
0.198659,0.049215,0.088764,0.105919
0.071466,0.028142,-0.461112,0.001406
0.098872,0.030200,-0.501520,0.001186
0.432085,0.074110,0.066720,0.029872
0.426716,0.068097,0.084429,0.028718
0.114713,0.035525,-0.507733,-0.000996
0.097619,0.030628,-0.515000,0.004216
0.378437,0.109151,0.046594,0.061079
0.359233,0.110643,0.059147,0.066109
0.014038,0.038798,-0.446113,0.009174
-0.033562,0.039110,-0.386715,-0.002970
-0.144690,0.084763,-0.029036,-0.062584
0.120205,0.010952,0.340052,0.109321
-0.363723,0.005147,0.012903,-0.031717
-0.354931,0.005291,0.016669,-0.049878
-0.345533,0.012270,0.105009,-0.149925
0.083830,0.049994,0.525300,-0.043266
0.118612,0.042947,0.509962,-0.055666
0.197683,0.041378,0.441403,-0.064607
0.244976,0.061134,0.347000,-0.037253
0.104990,0.141930,0.007522,-0.095400
-0.049101,0.032355,-0.328063,-0.039332
-0.095810,0.023178,-0.280373,-0.031098
-0.240008,0.025759,-0.133336,-0.036557
0.105180,0.086379,0.391521,0.032495
0.137840,0.068584,0.380138,0.029291
-0.255487,0.045654,-0.111535,-0.060757
0.085411,0.008955,0.264776,0.136187
0.060320,0.170465,0.039695,0.000369
0.146299,0.174276,-0.052802,-0.020341
-0.017626,0.148820,0.064813,-0.042009
-0.066532,0.117084,0.053684,-0.050944
-0.280005,0.044709,0.017930,-0.056453
-0.393289,0.007302,0.051777,-0.046078
-0.252256,0.028114,0.217301,-0.087388
0.056326,0.065690,0.531221,-0.037385
0.068679,0.058912,0.525876,-0.037610
0.112682,0.065949,0.487615,-0.050389
0.157021,0.117207,0.379670,-0.040514
-0.182728,0.032106,-0.168699,-0.064821
-0.184052,0.013729,-0.162065,-0.051754
-0.187438,-0.035318,0.063556,-0.223933
0.198326,-0.012645,0.460018,-0.029843
0.258344,-0.024417,0.394245,-0.012370
0.337524,-0.032576,0.283403,0.027362
0.255356,-0.014319,-0.015257,0.104147
-0.002940,-0.007882,-0.390079,0.016761
-0.077421,-0.001449,-0.324102,0.018841
-0.222358,0.012433,-0.200886,0.026670
0.094933,0.082363,0.346700,0.090700
0.148747,0.074682,0.348909,0.043501
-0.254052,0.041265,-0.112120,-0.057883
-0.103985,-0.170847,-0.040301,-0.068933
0.050459,-0.443892,0.124535,0.037556
0.010960,-0.229839,0.230670,0.132234
0.057529,-0.095773,0.193767,0.184737
0.298444,0.043546,0.066163,0.127504
0.077801,0.029601,-0.487052,0.080485
0.073139,0.036269,-0.524337,0.048198
0.410555,0.081440,0.030531,0.084504
0.416985,0.072791,0.036587,0.077598
0.078132,0.021406,-0.506878,0.023671
0.021986,0.020922,-0.429805,0.002766
-0.070691,0.041651,-0.309648,-0.045266
0.273531,0.075514,0.290916,-0.024122
0.286308,0.058429,0.296983,-0.025875
-0.048704,0.056989,-0.277552,-0.110829
-0.086280,0.053295,-0.296931,-0.054209
0.254631,0.080051,0.304418,-0.023250
0.258340,0.059970,0.297312,0.000228
-0.094219,0.060073,-0.271544,-0.047872
0.178527,0.146538,0.196030,0.066317
-0.095873,-0.027943,-0.414208,0.168400
0.166487,-0.140309,-0.240442,-0.079241
0.147735,-0.118897,-0.302612,-0.099247
0.334883,-0.102716,-0.048474,-0.098146
0.407576,-0.021591,0.039147,-0.052657
0.089298,0.001382,-0.434214,-0.040590
0.046954,0.013350,-0.402825,-0.041621
-0.000560,0.014902,-0.263967,-0.133977
0.314260,0.044685,0.304176,-0.047271
0.333747,0.042717,0.285711,-0.046331
0.152514,0.073138,-0.132757,-0.195509
0.005815,0.043204,-0.365355,-0.067798
-0.059357,0.050424,-0.271386,-0.103786
0.273144,0.050244,0.317713,-0.025248
0.286630,0.038134,0.281546,0.009542
0.098691,0.101529,-0.125779,0.050693
-0.031618,0.032569,-0.396531,0.011441
-0.103246,0.026505,-0.320179,0.012869
-0.236774,0.033788,-0.168384,-0.012772
-0.124446,0.054716,0.169175,-0.054879
0.148176,0.048532,0.431092,-0.011943
0.205568,0.045074,0.357999,0.007198
0.277522,0.044062,0.251663,0.042587
0.200187,0.161251,-0.026947,0.129831
-0.026490,0.036587,-0.392423,-0.001813
-0.092624,0.027642,-0.310017,-0.009078
-0.229294,0.035133,-0.170970,-0.019011
0.051983,0.116048,0.336047,0.054538
0.119364,0.097151,0.374596,0.024550
-0.229509,0.033661,-0.192810,0.004516
-0.251035,0.038307,-0.200893,0.029480
-0.276367,0.043566,-0.116199,-0.035046
-0.143853,-0.029997,-0.381050,0.176765
0.156477,-0.044345,0.161165,-0.009330
0.229634,-0.072245,0.063888,-0.055525
0.053519,-0.007218,-0.376871,-0.053347
0.087635,-0.000837,-0.425415,-0.045496
0.390978,-0.024612,-0.010041,-0.089055
0.426605,0.028122,0.030809,-0.064491
0.095302,0.014470,-0.446440,-0.047469
0.051913,0.023723,-0.409343,-0.050435
-0.008180,0.037925,-0.274651,-0.133347
0.301768,0.049048,0.280575,-0.015548
0.320259,0.044291,0.261521,-0.010244
0.169638,0.098126,-0.118037,-0.084449
-0.007854,0.041705,-0.383904,-0.034082
-0.096053,0.053269,-0.289743,-0.051578
0.248478,0.079428,0.305154,-0.017210
0.260737,0.054834,0.319371,-0.019088
-0.080926,0.046845,-0.261632,-0.080429
-0.132118,0.046295,-0.286815,-0.010114
0.220624,0.064544,0.294283,0.036398
0.244659,0.054978,0.275928,0.040284
0.007420,0.114693,-0.151908,0.065526
0.019244,0.143053,0.091392,0.027632
-0.013581,-0.104788,0.246371,-0.182740
-0.053158,-0.203726,-0.047982,0.004580
-0.163029,-0.211927,0.016343,0.029407
-0.193999,-0.188237,0.015014,0.048682
-0.221484,-0.159286,0.013556,0.047502
-0.250347,-0.129346,0.011620,0.048218
-0.367135,-0.073398,0.031177,0.045160
-0.414558,0.003771,0.085641,0.052227
-0.358443,0.067127,0.172185,0.056154
-0.059092,0.076226,0.483538,0.065636
-0.038640,0.090723,0.470790,0.082479
-0.433990,0.032792,-0.007849,0.025860
-0.411612,0.034253,-0.016220,0.009561
0.034214,0.074877,0.490212,0.016553
0.090633,0.061200,0.447327,0.016696
0.105883,0.100531,0.367049,0.042383
-0.209006,0.040301,-0.209982,-0.005455
-0.209296,0.037830,-0.178444,-0.034232
-0.275395,0.044303,-0.116026,-0.036903
0.222896,-0.167976,0.481165,-0.083595
-0.234848,-0.230451,0.087752,-0.002703
-0.269058,-0.202432,0.075760,0.013769
-0.274998,-0.238558,0.100950,0.030059
-0.221064,-0.379369,0.171193,0.046183
-0.129621,-0.358664,0.294433,0.044740
0.161504,-0.098069,0.510115,0.031078
0.242048,-0.075065,0.414432,0.031092
0.321395,-0.076418,0.325902,0.043806
0.145577,-0.142124,-0.060589,0.088486
-0.051822,-0.031522,-0.329206,0.028501
-0.130373,-0.032497,-0.233294,0.024591
0.211786,0.052402,0.258246,0.089430
-0.139339,0.007130,-0.194605,0.028007
-0.170067,0.031386,-0.280534,0.035074
-0.171214,0.055369,-0.037921,-0.000610
-0.306023,0.012646,-0.024960,-0.001939
-0.396219,-0.015821,0.039289,-0.005040
0.071358,0.020808,0.511336,0.007551
0.095455,0.006636,0.510448,0.003177
0.093170,0.012882,0.500330,0.007930
-0.145249,-0.178884,0.137135,-0.005323
-0.238769,-0.035251,-0.090720,-0.017243
-0.139615,-0.171109,0.094857,-0.101393
0.182334,0.018410,0.455784,-0.041698
0.231907,0.041616,0.390580,-0.058940
-0.118329,0.013403,-0.212634,-0.066583
-0.148185,0.027216,-0.205726,-0.057447
0.195898,0.108023,0.357621,-0.052838
0.225932,0.074147,0.380970,-0.065196
-0.120196,0.046126,-0.214099,-0.095973
-0.102878,0.098968,0.001400,-0.040734
-0.130713,-0.017365,-0.403155,0.174420
0.018426,0.008496,0.154636,-0.112272
0.288247,0.013865,0.102128,-0.106057
0.074367,0.017184,-0.407169,-0.068486
0.106659,0.020067,-0.455862,-0.054968
0.461937,0.082896,0.035068,-0.070205
0.474602,0.090495,0.066718,-0.052241
0.120589,0.031051,-0.492591,-0.043088
0.081869,0.031104,-0.472329,-0.024760
0.211567,0.137240,-0.072162,-0.059999
0.154173,0.139874,-0.070877,-0.077322
-0.009738,0.028270,-0.380688,-0.021984
-0.080059,0.020631,-0.317406,-0.007277
-0.233855,0.034601,-0.201210,0.016322
-0.264292,0.043001,-0.115324,-0.047137
-0.172685,-0.153850,0.012153,-0.069751
-0.037320,-0.454497,0.067272,0.048750
-0.054955,-0.394917,0.057180,0.086630
0.051528,-0.159470,0.101889,0.187019
0.277227,0.055673,0.083535,0.140951
0.167441,0.063559,-0.372501,0.191823
0.041090,0.028556,-0.499656,0.045873
0.037351,0.026014,-0.481269,0.033769
0.026333,0.029195,-0.457598,0.017968
-0.072914,0.038844,-0.274308,-0.020082
0.237413,0.100025,0.221580,0.054142
-0.118875,0.036716,-0.262547,-0.021365
-0.111079,0.037740,-0.301335,-0.009466
-0.171324,0.040690,-0.220028,-0.033480
-0.117290,0.091906,-0.007731,-0.047622
-0.125422,-0.180843,-0.003867,-0.074002
0.015517,-0.447604,0.067798,-0.019348
0.013707,-0.470873,0.068006,0.005328
0.002116,-0.483597,0.068082,0.029771
-0.023493,-0.478204,0.067818,0.053154
-0.050510,-0.443507,0.063807,0.064430
-0.056392,-0.379126,0.056631,0.073324
-0.013530,-0.262319,0.073685,0.100761
0.088351,-0.085682,0.123846,0.126053
0.267623,0.011932,0.078605,0.067937
0.095717,0.007540,-0.475136,0.000411
0.125549,0.001514,-0.493680,-0.012334
0.479257,0.026394,0.067748,0.003610
0.481525,0.019385,0.079660,0.005369
0.126581,-0.004774,-0.506496,0.003136
0.059509,0.006517,-0.486176,0.036014
-0.003745,0.023542,-0.449911,0.046013
-0.095108,0.084545,-0.230220,0.087472
0.189625,0.104332,0.208265,0.112981
-0.155647,0.054647,-0.232325,0.062585
-0.167729,0.038656,-0.293151,0.038087
-0.223854,0.033439,-0.204920,0.011194
0.103656,0.115987,0.361640,0.033861
0.159520,0.101146,0.384077,-0.028912
-0.261096,0.048640,-0.111740,-0.058340
0.082032,-0.102729,0.337777,-0.158767
-0.051463,-0.211969,-0.038960,-0.032809
-0.020943,-0.205478,-0.055806,-0.015808
-0.116153,-0.245161,0.012467,0.010778
-0.128985,-0.240130,0.012433,0.031437
-0.157973,-0.221370,0.013489,0.057275
-0.213491,-0.183076,0.008900,0.081828
-0.270634,-0.132093,0.005010,0.081804
-0.323216,-0.078816,0.000505,0.085450
-0.410752,-0.021393,0.011272,0.072147
-0.435401,0.039258,0.071366,0.056204
-0.387772,0.059125,0.135661,0.036397
-0.103690,0.083484,0.422774,0.081852
-0.049946,0.099758,0.442568,0.098998
-0.425934,0.034367,-0.008454,0.016175
-0.404944,0.034470,-0.014062,0.000446
0.036065,0.078126,0.494219,0.007444
0.082833,0.065248,0.457027,0.010750
0.079703,0.117651,0.348817,0.068928
-0.220769,0.038314,-0.203428,0.001742
-0.236337,0.036048,-0.183098,-0.000753
-0.249768,0.064470,0.057388,-0.066810
0.128152,0.056902,0.442294,-0.011491
0.210492,0.051663,0.384059,-0.030357
0.276351,0.066273,0.309992,-0.036764
-0.073482,0.050435,-0.271569,-0.089405
-0.110408,0.042368,-0.291062,-0.025031
0.214666,0.080391,0.296090,0.024698
0.228590,0.062911,0.272404,0.051939
-0.143439,0.055591,-0.303370,0.041792
-0.130137,0.044154,-0.341584,0.043431
-0.204900,0.038472,-0.235585,0.017873
0.059167,0.133547,0.296869,0.089420
0.104392,0.115662,0.340855,0.054564
-0.186011,0.040520,-0.220609,-0.018042
-0.193449,0.037298,-0.188270,-0.039720
-0.291379,0.036632,-0.113331,-0.016054
0.123135,0.010105,0.363188,0.100111
-0.379383,-0.005738,0.058088,-0.056414
-0.356660,0.011095,0.082383,-0.120563
0.096868,0.050862,0.531265,-0.063137
0.125846,0.046114,0.517374,-0.073477
0.200500,0.052112,0.442685,-0.079441
0.255068,0.076111,0.353484,-0.068813
-0.110418,0.033018,-0.224878,-0.081859
-0.149700,0.024752,-0.225889,-0.033303
0.205188,0.063366,0.330273,0.017024
0.215986,0.049969,0.306219,0.043679
0.003305,0.127962,-0.109892,0.170397
-0.109443,0.038673,-0.361783,0.048438
-0.144946,0.029733,-0.295770,0.027540
-0.276875,0.030148,-0.160545,0.023136
-0.301347,0.063858,0.070314,0.007171
0.105898,0.053168,0.444912,0.011880
0.190627,0.046863,0.391461,-0.013094
0.241346,0.070644,0.336204,-0.032338
-0.089255,0.055608,-0.252244,-0.098223
0.143709,0.150227,0.174417,0.069091
-0.103377,-0.017687,-0.419547,0.169340
0.239247,-0.134011,-0.145254,-0.143693
0.447080,0.017590,0.130132,-0.061970
0.463766,0.045853,0.140425,-0.058597
0.126116,0.020874,-0.457999,-0.072749
0.117171,0.025668,-0.476251,-0.050561
0.437304,0.088698,0.067021,-0.021289
0.424629,0.084524,0.112234,-0.019440
0.074710,0.033543,-0.446933,-0.045417
0.019234,0.035630,-0.401754,-0.037250
-0.065745,0.065471,-0.201511,-0.122892
0.249730,0.051544,0.310085,0.004496
0.286480,0.045989,0.276092,0.007288
0.306114,0.145710,0.099630,0.034744
-0.011644,0.036136,-0.398276,-0.010355
-0.075276,0.030230,-0.330136,-0.008952
-0.260151,0.042834,-0.114203,-0.051920
0.194159,-0.128563,0.454689,-0.114590
-0.272768,-0.172258,0.044990,0.023047
-0.283636,-0.142845,0.001586,0.045055
-0.388764,-0.085486,0.039598,0.055290
-0.201051,-0.120858,0.346934,0.162765
-0.014795,0.052946,0.509701,0.062215
-0.131180,0.070674,0.298278,0.272443
-0.376949,0.032095,-0.104002,0.064732
-0.356994,0.030481,-0.121250,0.063636
-0.166045,0.129044,0.252752,0.192553
-0.004426,0.112670,0.393907,0.110260
-0.287074,0.027170,-0.113619,-0.010618
-0.263095,0.029532,-0.120220,-0.030355
-0.295822,0.050182,0.075271,-0.210742
0.122766,0.062362,0.473531,-0.042802
0.199994,0.050844,0.405108,-0.040089
0.272124,0.036424,0.347531,-0.040223
0.047612,-0.018125,-0.102839,-0.179773
-0.060849,0.006452,-0.309384,-0.020354
-0.134177,-0.000374,-0.212760,-0.020741
0.219755,0.028369,0.318647,0.049083
0.252757,0.039704,0.254126,0.069197
0.266977,0.108186,0.104332,0.129595
-0.055628,0.044093,-0.397315,0.024716
-0.104781,0.035492,-0.326059,0.011221
-0.257457,0.038658,-0.178537,0.013195
0.120135,0.079092,0.394650,0.021979
0.180870,0.071091,0.356297,0.007599
-0.171208,0.055373,-0.037917,-0.000610
-0.308335,0.015451,-0.023615,0.010883
-0.394048,-0.018952,0.037056,0.001991
0.073075,0.015468,0.510021,0.008271
0.102845,0.005677,0.513509,-0.006306
0.105543,0.024480,0.507247,-0.022295
-0.210065,-0.012591,0.070288,-0.227231
-0.170433,0.009504,0.068533,-0.291166
0.212089,0.027107,0.446338,-0.069676
0.265081,0.021886,0.405033,-0.076144
0.322978,0.052400,0.315674,-0.075196
0.055139,0.056297,-0.183372,-0.242739
-0.002752,0.063994,-0.223923,-0.185516
0.296836,0.050026,0.305873,-0.036881
0.324461,0.037744,0.278122,-0.024474
0.325946,0.132441,0.053534,0.039212
-0.006221,0.027910,-0.415966,0.010142
-0.074763,0.031721,-0.357152,0.016061
-0.265401,0.044696,-0.115054,-0.047909
-0.124973,-0.032190,-0.392745,0.173577
0.033445,-0.045796,0.168886,-0.011756
0.227930,-0.069984,0.064059,-0.055981
0.052781,-0.007022,-0.376889,-0.052766
0.087171,-0.000644,-0.426511,-0.044124
0.394557,-0.022936,-0.006336,-0.082053
0.445072,0.035645,0.058378,-0.054441
0.101565,0.015619,-0.453427,-0.047880
0.062547,0.022142,-0.417225,-0.051604
0.050598,0.022485,-0.219730,-0.165847
0.324709,0.078983,0.222156,-0.010287
0.103097,0.069327,-0.115644,-0.089471
-0.045314,0.047064,-0.352173,-0.033715
0.194743,0.142735,0.205272,0.060452
-0.062495,-0.209025,-0.041235,-0.071300
0.163720,-0.517552,0.030658,-0.007354
0.109126,-0.544304,0.090554,0.006767
0.080039,-0.537536,0.089000,0.019367
0.055715,-0.500301,0.091022,0.037847
0.062526,-0.420114,0.094229,0.047203
0.094493,-0.319822,0.106218,0.043484
0.092233,-0.289949,0.098394,0.004501
-0.003982,-0.231257,0.184292,0.019972
-0.080266,-0.240477,0.141280,0.017913
-0.030581,-0.271218,0.070745,0.013010
-0.014077,-0.237771,0.078264,0.013573
0.007576,-0.199105,0.088468,0.016253
0.034446,-0.154433,0.102959,0.021402
0.061828,-0.110221,0.118953,0.024255
0.243755,-0.043164,0.055943,0.019664
0.094553,0.000886,-0.476208,0.003304
0.115215,0.002783,-0.501468,0.005517
0.454433,0.047417,0.050292,0.031222
0.447692,0.047318,0.072477,0.031684
0.114496,0.012467,-0.514807,0.006043
0.086866,0.017102,-0.502038,0.014059
0.291860,0.136845,-0.019283,0.099690
0.258678,0.147063,0.018373,0.101528
-0.021470,0.033337,-0.404580,0.008574
-0.095361,0.028750,-0.329505,0.012035
-0.299406,0.037357,-0.110177,-0.011908
0.179615,-0.122001,0.440759,-0.126200
-0.246183,-0.178438,0.035580,0.011882
-0.261157,-0.169131,0.034117,0.016745
-0.348380,-0.176077,0.115324,0.033898
-0.141227,-0.213559,0.396156,0.109529
0.006366,-0.016776,0.497451,0.096575
-0.191592,-0.085568,0.200335,0.196373
-0.333276,0.016392,-0.135225,0.067977
-0.340832,0.032125,-0.139285,0.063858
-0.180205,0.103523,0.216402,0.188697
0.010954,0.119377,0.374537,0.109896
-0.285293,0.036280,-0.124523,-0.010605
-0.263546,0.034570,-0.128828,-0.026336
-0.189312,0.064131,0.174864,-0.150116
0.114525,0.059834,0.458412,-0.016914
0.185919,0.051382,0.374820,0.003726
0.259383,0.047891,0.277636,0.030940
0.250858,0.149506,0.079706,0.085275
-0.038834,0.041239,-0.396158,0.009614
-0.100994,0.034279,-0.327728,0.010319
-0.293253,0.041662,-0.114487,-0.018050
0.190007,-0.126201,0.451369,-0.118986
-0.286204,-0.162245,0.042665,0.029151
-0.289110,-0.133013,-0.004469,0.046845
-0.376960,-0.084771,0.037532,0.044223
-0.270743,-0.188421,0.279889,0.101037
-0.002483,0.037680,0.526777,0.045652
0.028149,0.048997,0.480424,0.058192
0.082162,0.070684,0.390038,0.072954
-0.300340,0.038843,-0.111097,-0.011542
-0.095400,-0.039688,-0.403363,0.168044
0.249491,-0.077152,0.193878,-0.019120
0.314412,-0.082036,0.103883,-0.054376
0.086891,-0.008120,-0.391683,-0.071092
0.101898,-0.002365,-0.416137,-0.067506
0.439984,0.029474,0.079432,-0.086866
0.465296,0.063014,0.118064,-0.070177
0.113363,0.028349,-0.443895,-0.081948
0.070353,0.031375,-0.418820,-0.067044
0.294894,0.149544,0.076754,-0.044182
0.298125,0.159270,0.120677,-0.023779
-0.002835,0.033805,-0.390006,-0.025106
-0.080444,0.030473,-0.332197,-0.001971
-0.254587,0.047855,-0.109832,-0.064525
-0.160717,-0.153271,-0.000460,-0.069680
-0.101449,-0.371213,0.130593,0.103607
-0.002996,-0.249863,0.078700,0.155477
0.133097,-0.010583,0.138039,0.179593
0.278875,0.081499,0.078848,0.121956
0.091558,0.047391,-0.457945,0.067877
0.091661,0.036085,-0.512912,0.019307
0.422666,0.077589,0.053272,0.053096
0.427576,0.072736,0.062432,0.045185
0.103447,0.028722,-0.505905,-0.010002
0.064989,0.030031,-0.450885,-0.028268
0.014499,0.063732,-0.260115,-0.152111
0.312785,0.114974,0.208337,-0.021241
0.005413,0.092583,-0.200161,-0.057135
0.173966,0.146405,0.192921,0.067493
-0.013107,-0.001696,0.161502,0.174688
0.085794,0.168612,0.004303,-0.026698
-0.049294,0.126861,0.057179,-0.050957
-0.101816,0.091580,0.046766,-0.059043
-0.299983,0.031823,0.024304,-0.062777
-0.398383,0.009360,0.060617,-0.053672
-0.275851,0.039447,0.206866,-0.095167
0.044986,0.070147,0.523433,-0.022720
0.049509,0.061426,0.518174,-0.013252
0.108181,0.061850,0.459882,-0.014055
-0.171309,0.055282,-0.037996,-0.000612
-0.125874,-0.177523,-0.012279,-0.068447
-0.169422,-0.330967,0.116041,0.004528
-0.081973,-0.404467,0.070161,0.032965
-0.098249,-0.404371,0.061955,0.061717
-0.127448,-0.352881,0.053503,0.098167
-0.071376,-0.187685,0.082255,0.170522
0.003822,-0.041681,0.109968,0.174848
0.199122,0.046899,0.088665,0.108949
0.061317,0.030643,-0.477665,0.018678
0.087388,0.035167,-0.509271,0.016339
0.416491,0.078559,0.058520,0.052071
0.414816,0.069840,0.075970,0.049092
0.107296,0.032728,-0.511577,-0.004982
0.094881,0.030636,-0.503602,-0.005764
0.355054,0.127036,0.015956,0.054869
0.318489,0.128176,0.028361,0.055675
0.000826,0.036993,-0.413235,-0.008722
-0.071275,0.033865,-0.340055,-0.006664
-0.259547,0.049350,-0.109945,-0.061621
-0.129674,-0.023522,-0.398143,0.174481
0.066260,-0.008501,0.170533,-0.065285
0.271847,-0.017513,0.086485,-0.084851
0.070802,0.009181,-0.398690,-0.065103
0.098147,0.012227,-0.448940,-0.045550
0.448637,0.052435,0.032339,-0.055642
0.465655,0.072359,0.064172,-0.049599
0.112857,0.026258,-0.470877,-0.052359
0.070787,0.028405,-0.434974,-0.048354
0.127886,0.084572,-0.155019,-0.100666
0.326247,0.083081,0.208655,-0.002352
0.154028,0.119863,-0.068242,-0.040454
-0.012396,0.037854,-0.394776,-0.014823
-0.086697,0.029944,-0.318420,-0.008894
-0.298950,0.036910,-0.110001,-0.012094
-0.127061,-0.177707,-0.010229,-0.069127
-0.083261,-0.432687,0.115176,0.023551
-0.033343,-0.458671,0.068158,0.045491
-0.055987,-0.418202,0.059478,0.069791
-0.041864,-0.331686,0.060301,0.083561
0.035543,-0.178379,0.095271,0.118529
0.246042,-0.027855,0.061453,0.089271
0.095149,0.003445,-0.477901,0.011626
0.111799,0.007865,-0.505213,0.008828
0.446431,0.055600,0.051562,0.036701
0.437971,0.056556,0.072171,0.038201
0.107920,0.020928,-0.518062,0.008723
0.080672,0.026358,-0.507498,0.016555
0.293804,0.152107,-0.011891,0.114952
0.257441,0.150113,0.015733,0.117292
-0.027681,0.038238,-0.407369,0.012675
-0.098053,0.032641,-0.332254,0.013561
-0.296738,0.040627,-0.112898,-0.015123
0.125975,0.008024,0.335860,0.106475
-0.354488,-0.001324,0.001395,-0.012314
-0.355612,-0.004393,0.010755,-0.030264
-0.355105,-0.004779,0.094183,-0.097436
0.090757,0.033871,0.517088,-0.025864
0.123054,0.022167,0.504072,-0.033444
0.191498,0.018214,0.445832,-0.039690
0.221707,0.039524,0.390255,-0.035652
-0.094213,0.011842,-0.165768,-0.135852
-0.118869,0.031093,-0.191112,-0.105227
0.235121,0.060742,0.351474,-0.031480
0.263466,0.049439,0.338891,-0.035940
0.197474,0.139310,0.065064,-0.093937
-0.017545,0.033516,-0.353435,-0.046677
-0.078981,0.031403,-0.321232,-0.015322
-0.278230,0.041178,-0.116420,-0.030623
0.195730,-0.129718,0.455434,-0.112077
-0.249485,-0.185080,0.044677,0.012472
-0.253207,-0.166743,0.006794,0.033010
-0.348838,-0.122556,0.046436,0.045230
-0.267896,-0.271150,0.277492,0.082556
0.011914,0.012446,0.530019,0.049873
0.041332,0.034871,0.478037,0.061440
0.105721,0.056412,0.380843,0.072866
-0.276925,0.050863,-0.156549,0.076213
-0.293214,0.041644,-0.114602,-0.017956
-0.131856,-0.035296,-0.384484,0.174565
0.098879,-0.040620,0.175654,-0.007352
0.219241,-0.082988,0.059880,-0.056818
0.056376,-0.008839,-0.371574,-0.059625
0.086238,-0.002804,-0.419627,-0.047922
0.382204,-0.034793,-0.017233,-0.102058
0.389940,0.003677,-0.014416,-0.099645
0.097548,0.015404,-0.448257,-0.048831
0.051783,0.021643,-0.415247,-0.042319
-0.009872,0.024233,-0.276377,-0.104133
0.296838,0.043532,0.279182,-0.003720
0.317033,0.040842,0.258066,-0.000157
0.184464,0.080220,-0.107076,-0.048326
-0.007834,0.036181,-0.396869,-0.015618
-0.079857,0.032272,-0.324083,-0.012417
-0.291198,0.042151,-0.114961,-0.020116
0.117192,0.011179,0.331051,0.112944
-0.333301,0.000148,-0.014221,-0.014416
-0.330867,-0.002523,-0.009473,-0.033885
-0.377686,-0.003560,0.063702,-0.065530
0.082199,0.047430,0.529194,-0.042968
0.099232,0.040499,0.520294,-0.044169
0.137511,0.053037,0.480439,-0.055130
0.179841,0.111959,0.379531,-0.057242
-0.169528,0.042626,-0.186716,-0.070524
-0.280065,0.043284,-0.116093,-0.031209
0.186742,-0.125965,0.444388,-0.115929
-0.195787,-0.203913,0.032595,-0.009918
-0.174509,-0.195453,-0.007576,0.006827
-0.200461,-0.190006,-0.008886,0.025717
-0.277241,-0.169880,0.030377,0.037938
-0.351392,-0.195908,0.125607,0.046849
-0.149487,-0.227922,0.384978,0.086968
0.000704,-0.046939,0.484521,0.109209
-0.285013,-0.202519,0.094057,0.089642
-0.062511,-0.008836,0.277429,0.209473
0.072502,0.069837,0.377149,0.096197
-0.171240,0.055345,-0.037942,-0.000610
-0.307277,0.011549,-0.024913,-0.001912
-0.395475,-0.017719,0.042229,-0.006180
0.072744,0.020168,0.511527,0.007400
0.100610,0.003985,0.509110,0.001960
0.098699,0.008316,0.499012,0.008445
-0.090049,-0.166227,0.198050,-0.004060
-0.236914,-0.039259,-0.086181,-0.014072
-0.235147,-0.039541,-0.086912,-0.014536
-0.233637,-0.039748,-0.086593,-0.015391
-0.231901,-0.039977,-0.086870,-0.016039
-0.230203,-0.040176,-0.086765,-0.016817
-0.228373,-0.040396,-0.086595,-0.017671
-0.228555,-0.041241,-0.086544,-0.008549
-0.225126,-0.045016,-0.085232,-0.001601
-0.217231,-0.047098,-0.084611,-0.020300
-0.211651,-0.046343,-0.084417,-0.033944
-0.200392,-0.038392,-0.083922,-0.060693
-0.044681,-0.156870,0.165089,-0.197451
0.238630,-0.000477,0.444800,-0.067105
0.296640,0.002060,0.385685,-0.068562
0.347352,0.031628,0.315320,-0.078452
0.107712,0.022312,-0.173601,-0.298912
0.079647,0.047366,-0.192320,-0.235865
0.326346,0.045407,0.262801,-0.018720
0.334047,0.043902,0.246485,-0.008760
0.395849,0.122398,0.063575,0.009029
0.035369,0.034698,-0.428466,-0.025735
-0.016988,0.035404,-0.389200,-0.013355
-0.017465,0.114205,0.060513,0.004358
0.097093,-0.103629,0.357464,-0.162916
0.011004,-0.167904,-0.059851,0.006558
-0.091149,-0.200441,-0.033487,0.017435
-0.193195,-0.187762,0.015427,0.043039
-0.241651,-0.149278,0.009928,0.065839
-0.297481,-0.101252,0.004602,0.075355
-0.402823,-0.037350,0.014538,0.070021
-0.433943,0.036099,0.069815,0.073828
-0.386992,0.060972,0.137769,0.046137
-0.107681,0.083065,0.419802,0.084290
-0.054217,0.098939,0.440102,0.102662
-0.421659,0.034622,-0.007900,0.011018
-0.404740,0.034803,-0.014230,0.000082
0.032324,0.078249,0.492766,0.012515
0.081938,0.064704,0.453797,0.015419
-0.275932,0.045446,-0.115254,-0.038239
0.161344,-0.116398,0.419642,-0.132282
-0.171937,-0.191309,0.011789,-0.013400
-0.121275,-0.190141,-0.024023,-0.007851
-0.126567,-0.196082,-0.025039,0.010872
-0.142253,-0.194426,-0.024828,0.029256
-0.166312,-0.178533,-0.025898,0.047062
-0.189524,-0.149551,-0.029975,0.056715
-0.216291,-0.117426,-0.030779,0.058742
-0.343148,-0.063211,-0.012249,0.053529
-0.416170,-0.011524,0.061136,0.037249
-0.393363,-0.005730,0.133829,0.009194
-0.222288,-0.148393,0.330525,-0.010362
0.018284,0.031945,0.542904,0.009564
0.046829,0.027069,0.498678,0.029398
-0.362489,-0.012687,-0.029961,0.021742
-0.351137,-0.011575,-0.059675,0.066117
0.089415,0.060428,0.381724,0.084287
0.162598,0.050063,0.325602,0.077541
0.195233,0.068840,0.268355,0.083315
-0.147113,0.034782,-0.303176,0.031510
-0.170463,0.033679,-0.254032,0.006675
0.082015,0.126771,0.268512,0.021917
0.149825,0.137791,0.312144,-0.013666
-0.158512,0.041955,-0.223059,-0.044526
-0.306261,0.039102,-0.106935,-0.010044
-0.118677,-0.181202,-0.016052,-0.068187
-0.098296,-0.420233,0.121744,0.023279
-0.032980,-0.459026,0.068191,0.045432
-0.056676,-0.413442,0.058497,0.077958
-0.028282,-0.300992,0.066259,0.105233
0.079055,-0.107776,0.116272,0.144263
0.281213,0.051521,0.088464,0.109488
0.085209,0.020036,-0.480450,0.031776
0.104286,0.028524,-0.509038,0.011027
0.428238,0.073130,0.062368,0.041550
0.422139,0.066315,0.080967,0.040066
0.103663,0.035788,-0.512118,0.006749
0.045658,0.029812,-0.485981,0.026374
-0.006192,0.036465,-0.422120,0.007712
-0.121988,0.053947,-0.278149,-0.037370
0.225314,0.072174,0.318722,-0.000358
0.246939,0.057083,0.311449,0.000384
-0.034220,0.083161,-0.190330,-0.066184
0.106587,0.156692,0.152833,0.063493
-0.079016,-0.151431,-0.077500,-0.075951
0.128319,-0.119834,-0.428241,0.040718
0.348095,-0.104000,-0.179461,0.182226
0.091411,-0.023468,-0.515419,0.069016
0.022055,0.012854,-0.495342,0.076346
-0.050570,0.039823,-0.440571,0.067250
0.047164,0.149923,0.111204,0.041292
-0.096573,-0.039410,-0.403078,0.168284
0.265323,-0.149348,-0.070083,-0.033298
0.230018,-0.180688,-0.154929,-0.104347
0.187872,-0.173975,-0.234978,-0.130182
0.452277,-0.006660,0.127962,-0.033883
0.462073,0.014238,0.139665,-0.032339
0.103706,0.004369,-0.438221,-0.053839
0.076374,0.014482,-0.423748,-0.051247
0.208007,-0.000988,-0.056094,-0.164148
0.365462,0.053497,0.248717,-0.051876
0.362524,0.128946,0.128019,-0.062199
0.028686,0.036472,-0.398377,-0.050922
-0.023261,0.035669,-0.373908,-0.022641
-0.008111,0.112041,0.066171,0.008488
0.085986,0.012712,0.287773,0.136390
0.126493,0.154739,-0.023457,-0.036477
0.049375,0.135368,0.001933,-0.053217
-0.132898,0.069975,0.041127,-0.067105
-0.310947,0.025577,0.032254,-0.067867
-0.403668,0.013391,0.068122,-0.059847
-0.252688,0.047604,0.241698,-0.092240
0.038177,0.072429,0.521224,-0.015995
0.038974,0.063414,0.514354,-0.000886
0.098687,0.061244,0.452531,0.003395
-0.239779,0.052514,-0.097177,-0.081609
-0.124004,-0.012369,-0.411977,0.172670
-0.078354,0.000927,0.113091,-0.151737
0.186004,0.068701,0.179061,-0.142228
0.333047,0.087165,0.134783,-0.093547
0.086234,0.032060,-0.428321,-0.073881
0.109025,0.029282,-0.481910,-0.040083
0.465534,0.071462,0.073078,-0.008214
0.460798,0.068329,0.082577,-0.006728
0.113845,0.029884,-0.500376,-0.027174
0.087705,0.030926,-0.479158,-0.023575
0.201496,0.120035,-0.105981,-0.074286
0.122606,0.118548,-0.120057,-0.101404
-0.033261,0.042295,-0.363330,-0.029841
-0.123142,0.047629,-0.283347,-0.025222
0.217879,0.066319,0.315957,0.015698
0.240426,0.055890,0.302938,0.016599
-0.090110,0.068185,-0.234858,-0.038614
-0.171245,0.055340,-0.037946,-0.000610
-0.080251,-0.043157,-0.253093,-0.007384
-0.278788,-0.073602,0.046723,-0.007231
0.015837,0.008398,0.141164,0.008433
0.135771,-0.042358,0.059184,-0.034439
0.028031,-0.004013,-0.338437,-0.065581
0.071592,-0.001524,-0.402581,-0.051494
0.461598,0.028398,0.087272,-0.040781
0.472948,0.044421,0.104143,-0.036648
0.112603,0.018904,-0.466622,-0.048925
0.096146,0.019351,-0.455981,-0.043647
0.299643,0.052390,-0.063763,-0.045612
0.298832,0.081172,-0.023095,-0.012015
0.010160,0.033182,-0.404217,-0.023264
-0.057789,0.031867,-0.334378,-0.023825
-0.254297,0.049264,-0.106555,-0.068149
-0.123881,-0.179408,-0.011731,-0.069104
-0.083694,-0.430479,0.115237,0.021350
-0.030572,-0.460812,0.068591,0.043359
-0.056605,-0.420889,0.059539,0.075261
-0.005296,-0.255257,0.077685,0.154965
0.131126,-0.019545,0.140726,0.172556
0.278923,0.078946,0.078770,0.124909
0.109296,0.054841,-0.435221,0.102542
0.086612,0.036343,-0.513932,0.025731
0.427692,0.077576,0.053057,0.047680
0.423685,0.067058,0.072545,0.045997
0.098094,0.029143,-0.509666,0.002120
0.074681,0.028380,-0.477045,-0.010095
0.117836,0.072836,-0.148831,-0.144342
0.333245,0.090420,0.224041,-0.032073
0.142508,0.120554,-0.081470,-0.072992
-0.019244,0.037204,-0.400044,-0.002057
-0.090871,0.031431,-0.327094,0.002440
-0.300453,0.039300,-0.111352,-0.011632
-0.135982,-0.171626,-0.007884,-0.068634
-0.099735,-0.426452,0.120984,0.039066
-0.051221,-0.436685,0.062993,0.062495
-0.039121,-0.327604,0.061731,0.113328
0.077457,-0.111006,0.114794,0.165285
0.276317,0.037677,0.084725,0.104424
0.088357,0.018127,-0.483662,0.024380
0.092860,0.024270,-0.517985,0.020241
0.422928,0.082344,0.041662,0.056626
0.417353,0.079760,0.051117,0.059069
0.090381,0.031000,-0.520206,0.017633
0.054218,0.030899,-0.481982,0.012769
-0.010201,0.070947,-0.280326,-0.037732
0.268741,0.122116,0.178248,0.041770
-0.097814,0.054237,-0.290061,-0.038034
-0.125150,0.049075,-0.302932,-0.005083
0.210853,0.085538,0.304445,0.015011
0.237937,0.073523,0.315320,-0.010929
-0.099169,0.054613,-0.277718,-0.061831
0.032464,0.136637,0.098306,0.032331
0.073498,0.011075,0.265080,0.143952
0.136012,0.157673,-0.049539,-0.023149
-0.016774,0.134638,0.047978,-0.050322
-0.101482,0.090002,0.046625,-0.062069
-0.299383,0.031604,0.025930,-0.063606
-0.399521,0.009611,0.060779,-0.052916
-0.309778,0.017591,0.173503,-0.081400
0.049676,0.067705,0.515080,-0.016618
0.053568,0.060094,0.519653,-0.017459
0.107196,0.063341,0.462794,-0.017473
-0.245013,0.050477,-0.100577,-0.077667
0.106563,0.013317,0.324754,0.119969
-0.295115,0.004752,-0.025684,-0.054193
-0.297048,0.010375,-0.019488,-0.072336
-0.379482,0.010560,0.053649,-0.068654
0.058143,0.071169,0.541912,-0.055622
0.067871,0.066385,0.531745,-0.050144
0.085865,0.074231,0.498455,-0.042693
-0.292455,0.032517,-0.111619,-0.012576
0.162055,-0.116471,0.418543,-0.129117
-0.162505,-0.196019,0.008008,-0.011870
-0.118514,-0.196113,-0.027701,0.006211
-0.128046,-0.198652,-0.028029,0.025731
-0.150851,-0.188250,-0.026867,0.046321
-0.192731,-0.150943,-0.033149,0.075883
-0.242910,-0.096256,-0.038778,0.096250
-0.289453,-0.045980,-0.039652,0.100569
-0.393031,-0.004567,-0.026330,0.069385
-0.451273,0.029073,0.031350,0.040974
-0.168024,0.102227,0.357042,0.106726
-0.010388,0.081072,0.508160,0.036709
-0.009418,0.098648,0.467624,0.056354
-0.392838,0.034241,-0.027894,0.002372
-0.379367,0.034004,-0.039284,0.000517
0.046117,0.080265,0.478592,0.010881
0.102807,0.065493,0.446570,0.000988
-0.259236,0.049126,-0.109573,-0.061991
-0.116120,-0.017987,-0.412196,0.171807
0.014475,-0.005005,0.159915,-0.112811
0.102878,0.048838,0.158566,-0.155639
0.322659,0.065292,0.124684,-0.100690
0.084322,0.026809,-0.421635,-0.073592
0.114909,0.027941,-0.472086,-0.054860
0.473733,0.091946,0.047108,-0.034236
0.472913,0.083479,0.067785,-0.027228
0.123835,0.028945,-0.497161,-0.039650
0.085467,0.027217,-0.464867,-0.031949
0.270600,0.147658,-0.022467,0.026289
0.221784,0.146507,-0.007254,0.042469
-0.013912,0.030602,-0.397788,-0.003042
-0.088293,0.023967,-0.322362,0.002600
-0.226488,0.034254,-0.193375,0.001467
0.074031,0.115279,0.338698,0.083036
-0.231998,0.042625,-0.098703,-0.081283
0.164834,-0.117005,0.425798,-0.134551
-0.250910,-0.170820,0.018416,0.027481
-0.293690,-0.136460,0.006165,0.047179
-0.409382,-0.087552,0.084749,0.048812
-0.119732,-0.093670,0.436222,0.135275
-0.066998,-0.002296,0.437276,0.167972
-0.423519,0.013161,-0.015932,0.043857
-0.422443,0.027118,-0.033326,0.046281
0.039043,0.072863,0.456126,0.047822
0.092521,0.059256,0.436927,0.027152
0.116021,0.102867,0.325716,0.071239
-0.219311,0.038032,-0.226430,0.023568
-0.224598,0.033659,-0.225150,0.031950
-0.047746,0.112390,0.214138,0.099835
0.098696,0.121223,0.352097,0.040970
-0.196251,0.037288,-0.178299,-0.046881
-0.199662,0.036762,-0.173810,-0.047431
-0.171198,0.055383,-0.037909,-0.000609
-0.306170,0.012634,-0.024903,-0.001927
-0.396219,-0.015833,0.039310,-0.005046
0.071679,0.021177,0.511658,0.006677
0.102041,0.011654,0.514005,-0.011899
0.105741,0.030395,0.506847,-0.027452
-0.211915,0.000659,0.078481,-0.243389
-0.187082,0.014000,0.070672,-0.273591
0.200305,0.026101,0.439917,-0.050467
0.256107,0.023682,0.384852,-0.048785
0.307040,0.048117,0.316171,-0.055475
-0.001211,0.038983,-0.241510,-0.174712
-0.058878,0.049894,-0.276095,-0.094441
0.269218,0.059048,0.300312,-0.012730
0.287969,0.048799,0.287721,-0.008639
0.080454,0.092781,-0.147112,-0.097621
-0.047991,0.047205,-0.358265,-0.025085
0.174965,0.147232,0.193966,0.067128
0.073195,0.012255,0.272878,0.144419
0.126545,0.148543,-0.040618,-0.034586
-0.014364,0.119991,0.028747,-0.063646
-0.274320,0.029019,0.028624,-0.088070
-0.396766,0.010479,0.066032,-0.062311
-0.308005,0.028146,0.179316,-0.089751
0.042068,0.072779,0.533154,-0.032156
0.051658,0.065826,0.530084,-0.031711
0.092959,0.068287,0.493444,-0.038832
-0.251744,0.037201,-0.112276,-0.056166
-0.123886,-0.009737,-0.414209,0.172285
-0.087197,0.001767,0.103900,-0.168243
0.185764,0.066736,0.177768,-0.158252
0.340685,0.094530,0.134761,-0.088317
0.084367,0.032438,-0.442291,-0.058424
0.109362,0.029481,-0.484012,-0.038658
0.473587,0.090494,0.048292,-0.029490
0.470756,0.100371,0.043276,-0.034457
0.119671,0.027374,-0.496005,-0.035147
0.075609,0.027909,-0.469577,-0.018074
0.120632,0.122476,-0.179861,0.005739
0.309757,0.096914,0.179716,0.028953
0.048201,0.115986,-0.160254,0.005519
0.174524,0.145583,0.192945,0.067512
-0.024190,-0.104960,0.237745,-0.183842
-0.078094,-0.191218,-0.043534,0.044602
-0.221244,-0.166163,0.012076,0.061980
-0.268531,-0.125542,0.006782,0.067071
-0.387883,-0.059208,0.022195,0.061613
-0.428206,0.019635,0.071866,0.069858
-0.331926,0.089443,0.196591,0.102275
-0.070666,0.087217,0.453760,0.095308
-0.030829,0.094006,0.466452,0.079512
-0.428861,0.033824,-0.005394,0.016769
-0.416555,0.032692,-0.010900,0.010783
0.043048,0.073670,0.492894,0.006243
0.108759,0.063181,0.464235,-0.020318
-0.225726,0.057705,-0.087705,-0.087014
-0.124541,-0.014004,-0.410249,0.172963
-0.064613,0.000702,0.123784,-0.134405
0.185031,0.063736,0.178450,-0.143946
0.333564,0.084037,0.135290,-0.098203
0.088175,0.031286,-0.422326,-0.081107
0.111854,0.029471,-0.479199,-0.045953
0.472709,0.075821,0.072264,-0.022636
0.470781,0.073121,0.080781,-0.023080
0.120552,0.031625,-0.501463,-0.033739
0.086664,0.030883,-0.500884,-0.000611
0.293002,0.139924,-0.025395,0.073689
0.223708,0.138726,-0.019669,0.008312
-0.005379,0.036398,-0.395666,-0.019494
-0.075252,0.030118,-0.325657,-0.013330
-0.283197,0.041030,-0.115926,-0.026023
-0.140659,-0.167833,-0.007105,-0.068528
-0.110859,-0.416491,0.126377,0.052772
-0.057161,-0.409272,0.058216,0.073564
-0.028757,-0.299806,0.066316,0.102079
0.075157,-0.112446,0.114840,0.139984
0.279293,0.046455,0.087197,0.107465
0.086522,0.020142,-0.479776,0.040067
0.101028,0.028502,-0.512979,0.012322
0.433712,0.078486,0.051358,0.039068
0.428269,0.076306,0.061098,0.040701
0.099078,0.029619,-0.519691,0.008474
0.068766,0.030653,-0.497470,0.013998
0.067893,0.097529,-0.220532,-0.059590
0.307515,0.105408,0.195227,0.006956
0.068396,0.127691,-0.144102,0.039748
0.166551,0.154347,0.191826,0.067973
-0.074739,-0.162259,-0.071577,-0.075255
0.126420,-0.135461,-0.400828,0.026226
0.455300,-0.134496,0.017076,0.090544
0.448807,-0.037544,0.049896,0.103067
0.084671,-0.010384,-0.516738,0.060010
0.001950,0.010621,-0.460113,0.063409
-0.068135,0.030114,-0.390627,0.044517
-0.263849,0.046507,-0.113843,-0.052151
0.167342,-0.115993,0.431198,-0.137035
-0.292563,-0.145508,0.026645,0.035775
-0.319284,-0.116046,0.020564,0.036314
-0.409598,-0.089138,0.104721,0.034465
-0.098507,-0.100241,0.452470,0.087245
-0.003788,0.010416,0.494088,0.073750
-0.389093,-0.038413,0.011857,0.038275
-0.316472,-0.077327,0.066376,0.077253
0.071018,0.059631,0.438836,0.046369
0.156662,0.055030,0.360151,0.043987
0.220580,0.053248,0.277395,0.064614
0.049223,0.102131,-0.068813,0.172543
-0.099347,0.037107,-0.355829,0.033940
-0.131667,0.026349,-0.283890,0.005755
-0.250197,0.030118,-0.156588,-0.007472
-0.315480,0.050085,0.041582,-0.114304
0.122287,0.054084,0.447542,-0.008056
0.198731,0.045732,0.378908,-0.007515
0.243826,0.051326,0.323183,-0.002482
-0.037942,0.054522,-0.188802,-0.090292
-0.079247,0.047586,-0.337574,-0.014906
-0.171288,0.055301,-0.037979,-0.000611
-0.125838,-0.177537,-0.012305,-0.068443
-0.166608,-0.328987,0.115017,0.000133
-0.067368,-0.389593,0.069611,0.003413
-0.061459,-0.403369,0.064816,0.016207
-0.079473,-0.412462,0.063850,0.045543
-0.108875,-0.393305,0.059880,0.068635
-0.125485,-0.340861,0.053893,0.077228
-0.104679,-0.243857,0.067145,0.105932
-0.024533,-0.094540,0.113960,0.133995
0.175445,-0.008658,0.080882,0.088892
0.069759,0.012001,-0.465448,0.004068
0.104039,0.015150,-0.500980,0.003808
0.446273,0.060647,0.056992,0.030307
0.443777,0.061857,0.066841,0.031131
0.109650,0.020472,-0.518794,0.006250
0.091306,0.024334,-0.510846,0.011256
0.312369,0.155118,-0.041431,0.100036
0.265459,0.157057,-0.021435,0.102174
-0.017185,0.035252,-0.409821,0.007617
-0.090753,0.031256,-0.333269,0.008665
-0.295471,0.040639,-0.113929,-0.015372
0.123107,0.008969,0.333058,0.108790
-0.341029,-0.000729,-0.006292,-0.017134
-0.343285,-0.004148,0.000588,-0.031069
-0.373433,-0.007215,0.076515,-0.068762
0.085306,0.038017,0.515825,-0.023296
0.112286,0.025909,0.506918,-0.029262
0.164369,0.028037,0.452307,-0.028858
0.198107,0.053291,0.397919,-0.033545
-0.146673,0.023428,-0.197538,-0.063356
-0.160553,0.034156,-0.215677,-0.042068
0.187783,0.085656,0.381403,-0.039010
0.221172,0.072640,0.353935,-0.031891
-0.125160,0.047759,-0.212606,-0.094127
-0.028440,0.129838,0.056950,0.002075
-0.097231,-0.186391,-0.033010,-0.067440
0.180871,-0.464923,0.040632,0.023453
0.118467,-0.440398,0.095715,0.024538
0.160204,-0.329668,0.106471,0.036923
0.222499,-0.189913,0.135221,0.043316
0.367151,-0.056968,0.085036,0.055293
0.145763,-0.020991,-0.457118,0.052180
0.094357,0.000229,-0.507578,0.028927
0.109206,0.004582,-0.506380,0.009351
0.390474,0.091117,0.044245,0.056973
0.373535,0.088654,0.078219,0.054651
0.020674,0.008792,-0.412592,-0.001006
-0.030888,0.010399,-0.365975,0.002324
-0.203255,0.023774,-0.209959,0.005337
0.182969,0.058419,0.334232,0.040235
0.207533,0.052522,0.310291,0.045509
0.048460,0.135333,-0.029408,0.138403
-0.096904,0.036100,-0.334485,0.011156
-0.130189,0.030135,-0.285408,0.001499
-0.281459,0.036463,-0.143240,0.004096
0.026085,0.123986,0.369540,0.092322
-0.284750,0.043621,-0.115652,-0.027321
0.119165,0.010364,0.330347,0.111862
-0.330891,-0.001230,-0.016627,-0.005694
-0.327906,-0.007932,-0.013156,-0.023285
-0.379862,-0.007267,0.063681,-0.058807
0.087176,0.041482,0.523324,-0.036130
0.102832,0.033686,0.518360,-0.039022
0.138502,0.042119,0.481656,-0.046421
0.174868,0.090482,0.392943,-0.043283
-0.168471,0.038365,-0.194679,-0.059358
-0.186100,0.037993,-0.172611,-0.063424
-0.219415,0.060033,-0.083434,-0.087471
-0.151452,-0.011815,-0.393077,0.177596
0.184621,0.038588,0.179153,-0.103139
0.298621,0.021909,0.108304,-0.116964
0.080174,0.020501,-0.408627,-0.076165
0.113327,0.023349,-0.457711,-0.063085
0.461610,0.094666,0.030964,-0.084124
0.473054,0.100679,0.053176,-0.047708
0.117574,0.028190,-0.498017,-0.031834
0.073225,0.028873,-0.459135,-0.027101
0.024883,0.061026,-0.254858,-0.121404
0.311454,0.094048,0.187272,0.022639
0.042839,0.100008,-0.162982,0.018150
-0.078512,0.046712,-0.361498,0.009164
-0.023357,0.107262,0.055133,0.000091
0.090292,-0.102480,0.351701,-0.166929
0.017156,-0.153051,-0.058288,0.050619
-0.156539,-0.158525,-0.023786,0.074425
-0.280025,-0.115314,0.005304,0.069024
-0.395569,-0.048263,0.017150,0.065687
-0.428993,0.023116,0.073083,0.060842
-0.355427,0.074029,0.177476,0.040247
-0.070246,0.083593,0.469271,0.061452
-0.033744,0.092881,0.470967,0.069692
-0.427473,0.032775,-0.006695,0.017856
-0.421012,0.033456,-0.013844,0.017544
0.030240,0.072564,0.484589,0.028463
0.093111,0.061489,0.449008,0.012248
0.107412,0.103494,0.369448,0.035486
-0.216213,0.039425,-0.210310,0.002956
-0.225701,0.037036,-0.201810,0.006334
0.057753,0.125943,0.337292,0.088212
-0.256545,0.048641,-0.107778,-0.065220
-0.122304,-0.016747,-0.409347,0.172826
-0.068899,-0.008848,0.130025,-0.102389
0.187410,0.064235,0.180312,-0.123311
0.315672,0.057972,0.122241,-0.106488
0.085550,0.028584,-0.415758,-0.082391
0.115291,0.027434,-0.466600,-0.060189
0.478534,0.087857,0.061422,-0.041589
0.469704,0.072855,0.080581,-0.021327
0.115510,0.032339,-0.506009,-0.022925
0.088134,0.031507,-0.502145,-0.001291
0.334503,0.130723,0.028364,0.066585
0.297867,0.132238,0.043028,0.064337
-0.009976,0.038129,-0.407924,-0.004367
-0.082223,0.032577,-0.332359,-0.002105
-0.278040,0.045001,-0.116103,-0.034890
0.188613,-0.126774,0.446728,-0.115233
-0.199446,-0.202484,0.035125,-0.010377
-0.178694,-0.195055,-0.005177,0.005631
-0.204996,-0.190390,-0.005517,0.024972
-0.285446,-0.167273,0.033198,0.040447
-0.347108,-0.247875,0.150891,0.070435
-0.034933,-0.085312,0.496730,0.100935
0.027828,0.008426,0.510458,0.059946
-0.018643,0.014570,0.342176,0.214442
-0.323320,0.020924,-0.144920,0.063186
-0.328599,0.033989,-0.159905,0.070382
-0.006051,0.107023,0.334706,0.179768
0.056498,0.091873,0.375977,0.091490
-0.270846,0.032782,-0.163922,0.017845
-0.260335,0.032268,-0.142750,-0.013324
0.065670,0.119243,0.403670,0.015911
-0.171266,0.055321,-0.037962,-0.000611
-0.080227,-0.043163,-0.253103,-0.007393
-0.278593,-0.073650,0.046767,-0.007234
0.016252,0.007927,0.141218,0.009714
0.139642,-0.056296,0.060090,0.007526
0.021003,-0.015364,-0.337910,-0.029371
0.045315,-0.019710,-0.386837,-0.022894
0.080992,-0.017990,-0.399044,-0.048080
0.240485,-0.157413,-0.120652,-0.184973
0.439039,0.009325,0.203241,-0.047997
0.369583,0.013317,-0.003626,-0.108455
0.080091,0.021564,-0.424710,-0.061085
0.033800,0.032171,-0.396704,-0.053410
-0.037188,0.058895,-0.255174,-0.150535
0.274117,0.058261,0.313670,-0.030194
0.297755,0.048024,0.283363,-0.013288
0.169314,0.145675,-0.056583,-0.059177
-0.016414,0.033510,-0.400377,-0.000859
-0.093371,0.029751,-0.331592,0.011106
-0.297282,0.038364,-0.112019,-0.013198
0.127193,0.007282,0.333395,0.106077
-0.344355,-0.005050,-0.008307,0.006267
-0.339000,-0.014789,-0.002045,-0.016240
-0.368902,-0.009794,0.075249,-0.071421
0.104806,0.029240,0.519585,-0.037781
0.127849,0.020296,0.511160,-0.043454
0.186612,0.021514,0.454232,-0.046502
0.217220,0.050934,0.399135,-0.051448
-0.113432,0.032256,-0.183925,-0.119038
-0.131254,0.041148,-0.202934,-0.091103
0.228238,0.075043,0.368895,-0.056320
0.252452,0.060045,0.342348,-0.038990
0.092682,0.133851,-0.017066,-0.080496
-0.053741,0.034777,-0.354385,-0.010792
-0.100100,0.029017,-0.310911,-0.002125
-0.259503,0.034886,-0.150383,-0.009141
-0.260152,0.042354,-0.114277,-0.051434
0.226269,-0.166516,0.486931,-0.083206
-0.268677,-0.293531,0.149633,0.034428
-0.315491,-0.248158,0.128493,0.054273
-0.272848,-0.351966,0.201695,0.047698
-0.119610,-0.201925,0.342851,0.113603
-0.183134,-0.223387,0.199454,0.085679
-0.311575,-0.114995,-0.014775,0.062707
0.096179,0.042344,0.404383,0.072555
0.141114,0.049232,0.366518,0.058990
-0.223127,0.049641,-0.090740,-0.086924
0.093599,0.009798,0.277779,0.131927
-0.018790,0.129429,0.018286,-0.018806
0.133497,0.159981,-0.043353,-0.033333
-0.010967,0.134424,0.041238,-0.049255
-0.109199,0.089545,0.045892,-0.053761
-0.302108,0.034400,0.025917,-0.057350
-0.400939,0.009277,0.058264,-0.048382
-0.271508,0.028619,0.210093,-0.084522
0.045372,0.068285,0.519263,-0.017077
0.054848,0.059337,0.518451,-0.016779
0.105782,0.063545,0.462089,-0.015558
0.122334,0.114302,0.369859,0.009163
-0.288378,0.042776,-0.115364,-0.023150
-0.096118,-0.017491,-0.422898,0.167834
0.356632,-0.038822,0.153591,-0.067680
0.426743,0.010027,0.046050,-0.084431
0.102109,0.010613,-0.442142,-0.054714
0.091825,0.013555,-0.432151,-0.057370
0.125353,0.031387,-0.276896,-0.253065
0.396384,0.047209,0.220956,-0.048776
0.389682,0.044619,0.210648,-0.029411
0.297646,0.134485,-0.140950,-0.075921
0.036804,0.027059,-0.418098,-0.029906
-0.032527,0.030141,-0.378379,-0.003365
-0.235291,0.048560,-0.099015,-0.081863
-0.139952,-0.163419,-0.012847,-0.067906
-0.125337,-0.364283,0.156202,0.086819
-0.031720,-0.310890,0.065833,0.132035
0.109859,-0.055949,0.130845,0.186982
0.277840,0.072250,0.080491,0.129666
0.110228,0.051571,-0.434937,0.099842
0.082865,0.034245,-0.519119,0.027196
0.414451,0.075221,0.054197,0.064515
0.427632,0.070671,0.062777,0.046854
0.099287,0.027583,-0.507867,-0.002521
0.064224,0.027038,-0.482600,0.007278
0.047103,0.041405,-0.237110,-0.022995
0.299341,0.101492,0.208472,0.005130
-0.041285,0.053011,-0.249305,-0.118474
-0.094069,0.053643,-0.283793,-0.058374
0.235565,0.060193,0.303367,0.016724
0.259824,0.048981,0.284786,0.022250
0.011163,0.064218,-0.174750,-0.014684
-0.066235,0.047322,-0.350017,-0.015211
0.006138,0.140169,0.081982,0.020885
-0.077044,-0.200224,-0.037409,-0.069383
0.170865,-0.503511,0.029120,0.001408
0.111410,-0.522610,0.092164,0.011107
0.089865,-0.492746,0.090587,0.023166
0.111396,-0.388728,0.095909,0.044862
0.201924,-0.202761,0.136017,0.067774
0.349146,-0.040688,0.084225,0.069285
0.119617,-0.006623,-0.485669,0.049833
0.120797,0.003502,-0.506589,0.022891
0.338012,0.086136,-0.165377,0.065159
0.099741,0.013835,-0.505499,0.008951
0.034034,0.017889,-0.450584,0.014533
-0.012438,0.059399,-0.189016,0.006287
0.255852,0.096292,0.225977,0.037449
-0.060622,0.077158,-0.189376,-0.000962
-0.072209,0.090738,0.019438,-0.027475
0.080928,-0.101551,0.342603,-0.170280
-0.115049,-0.177785,-0.027458,0.055323
-0.052813,-0.142583,-0.062232,0.086688
-0.231321,-0.104072,-0.014680,0.085824
-0.330833,-0.064014,0.000348,0.075498
-0.405771,-0.017232,0.018337,0.055241
-0.427406,0.041487,0.087284,0.040670
-0.378593,0.060540,0.150434,0.007837
-0.070329,0.086647,0.469363,0.034823
-0.043008,0.071426,0.459174,0.038325
-0.407592,0.026540,-0.005001,0.002083
-0.414707,0.030231,-0.014054,0.014667
0.022743,0.074524,0.488490,0.030095
0.081603,0.062251,0.448651,0.023352
-0.171229,0.055354,-0.037933,-0.000610
-0.125830,-0.177540,-0.012310,-0.068442
-0.166710,-0.328874,0.115004,0.000133
-0.069500,-0.392776,0.069835,0.008559
-0.071537,-0.411011,0.064491,0.034766
-0.099351,-0.403798,0.061779,0.062874
-0.124976,-0.355954,0.054184,0.082891
-0.110903,-0.260504,0.063718,0.107755
-0.013032,-0.081789,0.117575,0.160113
0.212137,0.044264,0.082473,0.136954
0.068744,0.026268,-0.470487,0.028851
0.096071,0.030415,-0.505740,0.004158
0.447254,0.075867,0.055991,0.018191
0.443677,0.067792,0.074927,0.017963
0.115450,0.026830,-0.513675,-0.008785
0.100004,0.026768,-0.509480,-0.001077
0.369577,0.136017,0.027235,0.055276
0.335005,0.132646,0.040067,0.084376
-0.005820,0.038613,-0.442049,0.025145
-0.069436,0.038762,-0.374597,0.021140
-0.258346,0.049512,-0.109899,-0.062778
0.121172,0.010336,0.337754,0.109158
-0.358402,0.003901,0.007564,-0.027834
-0.356416,0.003064,0.012756,-0.041221
-0.367024,0.001913,0.083824,-0.096521
0.083362,0.044500,0.520448,-0.032455
0.115158,0.035356,0.506753,-0.041412
0.188077,0.034118,0.442460,-0.048798
0.229294,0.055104,0.377948,-0.046489
-0.076805,0.046602,-0.166644,-0.186416
-0.112607,0.052037,-0.187880,-0.135662
0.230809,0.060920,0.341725,-0.017597
0.256703,0.048612,0.304926,0.005614
0.274122,0.145999,0.135500,0.033950
0.149738,0.151508,0.178908,0.069404
-0.081360,-0.115209,0.179986,-0.172541
-0.183514,-0.196203,0.014735,0.043580
-0.232753,-0.158720,0.009219,0.067750
-0.292899,-0.109034,0.002274,0.080791
-0.402534,-0.040170,0.012091,0.072508
-0.433310,0.032836,0.069558,0.071797
-0.378910,0.064036,0.148043,0.043347
-0.067948,0.085808,0.463239,0.063955
-0.028614,0.094906,0.469963,0.071342
-0.430574,0.033908,-0.006346,0.019466
-0.412252,0.033885,-0.010321,0.004677
0.038440,0.074270,0.491475,0.011671
0.094219,0.060914,0.449038,0.011686
0.108351,0.103794,0.370034,0.033659
-0.287946,0.042546,-0.115032,-0.023682
-0.094613,-0.021577,-0.420162,0.167873
0.343679,-0.053292,0.148500,-0.048928
0.405888,-0.018099,0.033074,-0.089816
0.094932,0.004105,-0.421287,-0.061891
0.093165,0.011326,-0.427081,-0.061551
0.123102,0.029444,-0.273955,-0.258421
0.399830,0.048458,0.226903,-0.059397
0.389888,0.044414,0.216116,-0.034821
0.386808,0.149364,-0.037861,-0.023297
0.047347,0.026020,-0.423638,-0.033870
-0.018228,0.026010,-0.379687,-0.012232
-0.162873,0.040154,-0.269471,0.008049
0.089263,0.129919,0.133967,0.053806
-0.131550,-0.172274,-0.012490,-0.067808
-0.027314,-0.477721,0.108232,0.029807
-0.104275,-0.400544,0.121833,0.068576
-0.039218,-0.333993,0.060761,0.109139
0.074201,-0.120921,0.111917,0.162625
0.280595,0.050061,0.086788,0.116837
0.073553,0.023652,-0.496145,0.035354
0.100013,0.029701,-0.513573,0.013443
0.429852,0.079397,0.051656,0.042608
0.423663,0.071289,0.071039,0.042499
0.099697,0.033173,-0.516715,0.007650
0.076431,0.031418,-0.499235,0.007462
0.233350,0.133646,-0.049434,0.001554
0.190614,0.138486,-0.033405,0.018801
-0.027987,0.039124,-0.405891,0.010616
-0.101526,0.030926,-0.329241,0.015796
-0.241957,0.038385,-0.205058,0.024490
0.066707,0.118313,0.341775,0.087974
-0.239873,0.051435,-0.097071,-0.081370
0.108908,0.012922,0.326504,0.118325
-0.307301,0.004416,-0.024713,-0.042096
-0.306698,0.006525,-0.018153,-0.060105
-0.376161,0.005350,0.057939,-0.070943
0.063590,0.064483,0.540092,-0.052348
0.068046,0.059183,0.526354,-0.037726
0.089659,0.066565,0.491911,-0.032277
-0.282949,0.043969,-0.115616,-0.029494
0.164686,-0.117328,0.421476,-0.128276
-0.158884,-0.196256,0.012012,-0.020115
-0.117202,-0.197661,-0.025331,-0.005556
-0.123700,-0.203636,-0.025887,0.013197
-0.137392,-0.201821,-0.025490,0.031651
-0.159426,-0.186413,-0.024790,0.046484
-0.180729,-0.160460,-0.026455,0.051919
-0.205123,-0.129681,-0.029039,0.056926
-0.329648,-0.076280,-0.010099,0.052499
-0.420826,-0.014532,0.050304,0.051012
-0.320749,0.043249,0.207805,0.102893
-0.067417,0.066464,0.470796,0.096364
-0.051576,0.091686,0.445997,0.114124
-0.422533,0.033161,-0.033552,0.038995
-0.409348,0.033944,-0.035756,0.027077
0.034817,0.079607,0.481370,0.020060
0.084318,0.062990,0.444367,0.024182
0.045285,0.131874,0.284086,0.061888
-0.200664,0.037163,-0.186121,-0.034519
-0.193714,0.035695,-0.182546,-0.043570
-0.298055,0.026863,-0.040779,-0.072168
0.129340,0.052031,0.467467,-0.032981
0.191317,0.028264,0.413664,-0.017389
0.250715,0.054066,0.309920,0.001053
-0.112338,0.007177,-0.260286,-0.018686
-0.151342,0.010608,-0.239082,-0.004326
0.161147,0.069744,0.306734,0.077421
0.183568,0.069567,0.296658,0.066044
-0.215887,0.049396,-0.281068,0.067939
-0.273970,0.045733,-0.114913,-0.040772
-0.116726,-0.037878,-0.392569,0.171933
-0.020961,-0.072056,0.152241,0.001254
0.217293,-0.094062,0.057252,-0.039645
0.048900,-0.015034,-0.367577,-0.049874
0.081167,-0.008998,-0.408623,-0.047656
0.353981,-0.070231,-0.038871,-0.118118
0.429418,0.015250,0.050029,-0.067308
0.098703,0.012032,-0.444024,-0.050842
0.061651,0.021838,-0.411920,-0.055711
0.038799,0.039727,-0.232711,-0.225324
0.329755,0.049209,0.297343,-0.060454
0.341534,0.044914,0.253574,-0.024198
0.370507,0.130096,0.044740,0.037274
0.016364,0.036951,-0.437040,-0.000402
-0.040287,0.038077,-0.386035,0.004111
-0.171235,0.055349,-0.037938,-0.000610
-0.123256,-0.147505,0.030525,-0.140830
-0.278791,-0.186594,0.077533,0.013901
-0.242412,-0.394501,0.223565,0.036565
-0.211517,-0.340830,0.301724,0.055306
0.042239,-0.055981,0.515820,0.055315
0.094538,-0.016312,0.476871,0.058901
0.102666,0.020767,0.337090,0.133079
-0.245845,0.013151,-0.208680,0.057241
-0.259094,0.032039,-0.221515,0.064431
-0.286597,0.040397,-0.115366,-0.022559
0.139018,0.001869,0.357762,0.093995
-0.384257,-0.019336,0.062717,-0.030453
-0.353657,0.000654,0.096051,-0.106191
0.107874,0.024790,0.519890,-0.036703
0.146471,0.013110,0.503592,-0.047329
0.206508,0.016285,0.444021,-0.050959
0.246074,0.046318,0.380559,-0.057135
-0.093503,0.030236,-0.211913,-0.108959
-0.116371,0.039840,-0.227112,-0.080499
0.227041,0.080843,0.333386,-0.025416
0.235661,0.055281,0.329915,-0.005003
-0.057117,0.065566,-0.199520,-0.090972
-0.095629,0.048599,-0.324135,-0.012977
-0.158467,0.077925,-0.037842,-0.068447
-0.134961,-0.173216,-0.006879,-0.069071
-0.085047,-0.436976,0.115771,0.032021
-0.043913,-0.447112,0.065511,0.054643
-0.054082,-0.386622,0.056858,0.076017
-0.009300,-0.263837,0.074035,0.105815
0.078418,-0.108576,0.116949,0.112201
0.250250,-0.029679,0.061115,0.048072
0.097759,0.000460,-0.472145,0.000998
0.118667,0.002461,-0.499137,0.003209
0.453105,0.037752,0.070749,0.026901
0.445377,0.041261,0.082778,0.030431
0.105862,0.019204,-0.516265,0.022352
0.051167,0.026086,-0.497385,0.036001
-0.004783,0.033191,-0.423165,0.010622
-0.133956,0.053137,-0.277121,-0.023808
0.220622,0.063477,0.318422,0.013331
0.246711,0.054887,0.296811,0.017445
-0.044026,0.084490,-0.203421,-0.029438
-0.231513,0.055777,-0.091660,-0.085657
-0.125097,-0.012491,-0.411155,0.172884
-0.063392,0.003298,0.120545,-0.145740
0.184849,0.062324,0.177850,-0.153721
0.345024,0.093538,0.139231,-0.094978
0.090616,0.030898,-0.425215,-0.080345
0.116515,0.029918,-0.478356,-0.052141
0.474770,0.093366,0.046536,-0.033102
0.474874,0.083447,0.068063,-0.027793
0.124880,0.024243,-0.501651,-0.031405
0.081403,0.023729,-0.485638,-0.003621
0.255707,0.156795,-0.052685,0.116946
0.205552,0.157691,-0.038590,0.183712
-0.045774,0.038647,-0.407277,0.030269
-0.115295,0.029625,-0.325801,0.027519
-0.237785,0.036313,-0.193539,0.010871
-0.144990,0.090358,0.151754,0.020897
0.068571,0.123604,0.345605,0.074436
-0.212216,0.037352,-0.175555,-0.033722
-0.212046,0.036206,-0.170692,-0.037607
-0.295883,0.041325,-0.007556,-0.121936
0.117677,0.058903,0.449201,-0.009924
0.182302,0.051262,0.372823,0.009467
0.243485,0.055165,0.265270,0.051924
-0.048042,0.096205,-0.222860,0.074827
-0.114409,0.047622,-0.357239,0.039888
-0.197093,0.040628,-0.232457,0.004780
-0.102319,0.092194,0.003010,-0.040063
-0.151738,-0.013250,-0.391584,0.177812
0.182408,0.030906,0.179136,-0.080634
0.289407,0.013176,0.101869,-0.105229
0.082434,0.019696,-0.402910,-0.083289
0.110143,0.020887,-0.453062,-0.062085
0.457745,0.087517,0.028656,-0.088906
0.474800,0.095830,0.064240,-0.058810
0.123364,0.030113,-0.494565,-0.042961
0.086153,0.030596,-0.481574,-0.019286
0.251229,0.154778,-0.054471,0.027766
0.221983,0.158096,-0.011530,0.034402
-0.027631,0.037429,-0.404983,0.011047
-0.099470,0.031534,-0.332199,0.016040
-0.301567,0.039130,-0.110603,-0.011097
0.120148,0.010405,0.334150,0.110526
-0.344311,0.002166,-0.002601,-0.026058
-0.339626,0.002022,0.002874,-0.046454
-0.371025,0.001197,0.072822,-0.085995
0.083446,0.051173,0.527601,-0.046364
0.110004,0.042726,0.517700,-0.054574
0.175932,0.047489,0.452323,-0.059887
0.216343,0.069815,0.381835,-0.052137
0.162721,0.152906,0.188332,0.068690
-0.060994,-0.191532,-0.055244,-0.076001
0.114540,-0.185493,-0.316755,0.003704
0.392708,-0.306479,0.031009,0.053515
0.466845,-0.191518,0.080762,0.076580
0.131456,-0.095383,-0.471350,0.051941
0.048305,-0.056612,-0.434254,0.058428
-0.015619,-0.022295,-0.404375,0.058172
-0.156919,-0.007690,-0.231532,0.092442
0.158108,0.088754,0.216587,0.151343
-0.147169,0.091013,-0.174307,0.133204
-0.198198,0.042731,-0.297081,0.068413
-0.260911,0.034219,-0.196916,0.039468
0.085230,0.092701,0.372649,0.065254
0.137013,0.071241,0.365630,0.041959
-0.222915,0.029156,-0.192415,0.002049
-0.197061,0.032311,-0.204574,-0.014817
0.134542,0.114195,0.376067,-0.009982
0.185812,0.087968,0.387205,-0.045136
-0.171251,0.055335,-0.037950,-0.000611
-0.080543,-0.042290,-0.251587,-0.009481
-0.286465,-0.054005,0.051853,-0.045691
-0.004466,0.049204,0.127576,-0.108920
0.018243,0.079809,0.131070,-0.137096
0.186409,0.097492,0.105949,-0.109703
0.056738,0.031424,-0.384247,-0.087581
0.092294,0.025734,-0.452499,-0.049588
0.474898,0.082560,0.067050,-0.041710
0.475222,0.078039,0.069897,-0.028925
0.110705,0.028826,-0.501812,-0.021665
0.091528,0.028173,-0.502400,-0.001274
0.301054,0.115831,-0.068494,0.058992
0.256620,0.113479,-0.044992,0.054858
-0.005125,0.036645,-0.401772,-0.013888
-0.071170,0.032727,-0.323033,-0.022630
-0.279622,0.043552,-0.116129,-0.031879
0.181842,-0.123667,0.440569,-0.121082
-0.221321,-0.193599,0.031179,0.006914
-0.206074,-0.176939,-0.012209,0.024966
-0.293637,-0.151338,0.026323,0.040526
-0.385634,-0.135935,0.110594,0.041221
-0.091012,-0.128779,0.454235,0.107510
0.004273,-0.002553,0.498834,0.080264
-0.315844,-0.152474,0.080951,0.095498
-0.135109,0.009823,0.224611,0.222875
0.026972,0.093818,0.346601,0.147567
-0.293953,0.038378,-0.177473,0.048911
-0.286803,0.037055,-0.163686,0.029295
-0.089552,0.134083,0.251323,0.160777
0.041297,0.117015,0.352133,0.104585
-0.245072,0.036644,-0.160469,-0.015244
-0.230770,0.035696,-0.157085,-0.031980
-0.300416,0.043795,0.014540,-0.141801
0.118337,0.061636,0.454838,-0.018953
0.182669,0.051056,0.382904,-0.000774
0.245215,0.052345,0.292506,0.025788
-0.035804,0.091356,-0.190887,0.000571
0.039712,0.133352,0.102251,0.034894
-0.073976,-0.034092,-0.414894,0.164717
0.047958,-0.033691,-0.386054,-0.012338
0.068227,-0.028815,-0.389445,-0.034093
0.130115,-0.176945,-0.195791,-0.129264
0.359457,-0.009665,0.295169,-0.043440
0.360584,0.011685,0.281068,-0.044174
0.328514,-0.017753,-0.030853,-0.108421
0.066396,0.019176,-0.418010,-0.051703
0.009504,0.030810,-0.381577,-0.042876
-0.077294,0.050999,-0.266884,-0.090961
0.271613,0.083407,0.311543,-0.050713
0.278854,0.057437,0.322105,-0.042541
-0.039822,0.060352,-0.224598,-0.118628
-0.083517,0.047029,-0.352878,0.005228
-0.070685,0.097123,0.021851,-0.025438
-0.146383,-0.162301,-0.006842,-0.068600
-0.117901,-0.391260,0.136945,0.076474
-0.046427,-0.348104,0.058747,0.108771
0.066970,-0.128344,0.109484,0.166510
0.278840,0.052977,0.086785,0.123583
0.108798,0.029297,-0.439124,0.104130
0.088729,0.041364,-0.507773,0.034631
0.414353,0.070756,0.072666,0.051677
0.414360,0.064275,0.083151,0.049341
0.101692,0.029606,-0.512079,-0.000877
0.084806,0.030030,-0.484257,-0.014658
0.187384,0.103054,-0.116180,-0.073022
0.219048,0.129518,-0.020714,0.019573
-0.020741,0.038341,-0.407051,0.005313
-0.091599,0.032696,-0.331763,0.006556
-0.238822,0.039049,-0.197966,0.013598
0.099167,0.100139,0.370232,0.046305
0.162975,0.076203,0.367984,0.008694
-0.232265,0.053266,-0.091729,-0.084937
0.059506,0.011251,0.266133,0.153821
0.015270,0.130281,0.030379,-0.064074
0.068045,0.097262,-0.045090,-0.068344
-0.296057,0.022786,0.036371,-0.087116
-0.408090,0.014432,0.069426,-0.057093
-0.314368,0.032060,0.182700,-0.095415
0.044983,0.072441,0.527435,-0.029026
0.040527,0.067188,0.524812,-0.016671
0.092664,0.065871,0.456182,0.001140
-0.242497,0.051725,-0.101224,-0.078992
0.113009,0.011627,0.323189,0.116725
-0.291080,0.003087,-0.035974,-0.036091
-0.295078,0.002390,-0.029801,-0.051472
-0.382536,0.002263,0.052185,-0.055601
0.064938,0.058557,0.532438,-0.040167
0.077952,0.053541,0.524167,-0.039803
0.098900,0.067264,0.495992,-0.046299
-0.243711,0.046378,0.031203,-0.217834
-0.274111,0.046159,-0.115405,-0.040566
0.222429,-0.159894,0.481025,-0.085586
-0.248274,-0.212331,0.081111,0.000331
-0.276631,-0.191094,0.068232,0.017626
-0.237746,-0.395186,0.197333,0.054277
-0.063111,-0.210733,0.420478,0.115766
0.077857,-0.056333,0.496055,0.070850
-0.002758,-0.075772,0.281126,0.206475
-0.252680,-0.008633,-0.187612,0.064786
-0.280136,0.015990,-0.185353,0.065360
-0.020761,0.104352,0.286562,0.234700
0.046301,0.096336,0.337390,0.135771
-0.282319,0.036316,-0.198232,0.060096
-0.267805,0.032082,-0.192748,0.044335
-0.263807,0.067157,0.057841,-0.008404
0.124119,0.055691,0.442913,-0.006866
0.205197,0.048581,0.384401,-0.022322
0.254820,0.071180,0.315131,-0.025281
-0.085624,0.056087,-0.276902,-0.077562
0.157925,0.151119,0.184248,0.069225
-0.094909,-0.187484,-0.033959,-0.067716
0.188096,-0.465430,0.033048,0.021342
0.131443,-0.442731,0.092134,0.018321
0.188382,-0.302175,0.108490,0.043897
0.266732,-0.142099,0.140791,0.050021
0.387851,-0.019770,0.086882,0.068904
0.114754,-0.004013,-0.499559,0.040070
0.116284,0.003093,-0.513720,0.017700
0.240340,0.035615,-0.282625,0.021652
0.111018,0.022264,-0.384314,-0.008845
0.012368,0.020343,-0.409176,-0.003925
-0.048419,0.025755,-0.362383,0.001045
-0.112866,0.039862,-0.262347,0.013262
0.215144,0.101074,0.218475,0.080501
-0.171219,0.055364,-0.037925,-0.000610
-0.125225,-0.144876,0.031162,-0.142373
-0.302894,-0.172818,0.079591,0.024379
-0.262382,-0.378812,0.240686,0.041766
-0.168100,-0.252545,0.360026,0.083862
0.044084,-0.019343,0.522998,0.049018
0.087814,0.002920,0.464061,0.060817
0.117248,0.046616,0.344100,0.106220
-0.243136,0.022020,-0.205480,0.042463
-0.227205,0.027814,-0.210907,0.026157
0.054329,0.113284,0.317380,0.115090
-0.251955,0.041785,-0.111015,-0.061015
0.119753,0.008559,0.318135,0.112903
-0.279846,0.008487,-0.040299,-0.004608
-0.276752,-0.000855,-0.047197,-0.023850
-0.395116,-0.007315,0.044180,-0.023491
0.072910,0.035660,0.518629,-0.012609
0.089875,0.025412,0.515075,-0.014514
0.089805,0.042789,0.497467,-0.014387
-0.276849,0.011496,-0.013196,-0.105297
-0.245970,0.020566,-0.013501,-0.145223
0.179784,0.042706,0.455688,-0.062322
0.231723,0.032593,0.419465,-0.067924
0.295451,0.083314,0.309112,-0.072035
-0.059470,0.054960,-0.278612,-0.101019
-0.105305,0.041652,-0.265970,-0.054519
0.232237,0.095936,0.288217,-0.000572
0.228822,0.064569,0.298125,0.024332
0.181091,0.145986,0.197495,0.065647
-0.026162,-0.006932,0.136408,0.171537
0.085216,0.180964,0.018482,-0.005599
0.000548,0.165181,0.070091,-0.028323
-0.040645,0.131340,0.058746,-0.051248
-0.092682,0.096589,0.048389,-0.059395
-0.293222,0.034037,0.025189,-0.063932
-0.395995,0.007110,0.064563,-0.057395
-0.264436,0.043948,0.217117,-0.099485
0.048546,0.071757,0.539356,-0.043809
0.054861,0.064557,0.528560,-0.032122
0.104704,0.067478,0.465052,-0.021377
-0.225789,0.050633,-0.092007,-0.086308
-0.123280,-0.014118,-0.410980,0.172747
-0.077217,-0.001765,0.117202,-0.140599
0.184539,0.063665,0.178068,-0.149442
0.335889,0.088658,0.136762,-0.096002
0.089047,0.031884,-0.423304,-0.081590
0.111948,0.029859,-0.479398,-0.046209
0.471790,0.080311,0.062352,-0.019186
0.466199,0.071773,0.081105,-0.016016
0.123314,0.031129,-0.499024,-0.038903
0.092403,0.030281,-0.485193,-0.021594
0.295193,0.151101,-0.025833,0.054839
0.279621,0.147342,0.036967,0.064499
-0.013837,0.036283,-0.404395,-0.002191
-0.078492,0.030291,-0.326930,-0.008987
-0.280618,0.036676,-0.115672,-0.024508
0.190499,-0.127598,0.448985,-0.114335
-0.222765,-0.196424,0.037664,0.004316
-0.214755,-0.183105,-0.002147,0.023425
-0.298541,-0.156477,0.036015,0.040002
-0.355124,-0.257837,0.163546,0.080403
-0.005432,-0.024863,0.522287,0.070341
0.019222,0.025880,0.502137,0.066326
0.032565,0.064131,0.376310,0.140801
-0.332045,0.034562,-0.158072,0.071435
-0.330435,0.036640,-0.162363,0.072025
0.030332,0.095829,0.360613,0.129026
0.098467,0.077388,0.401248,0.038749
-0.256801,0.031405,-0.159745,0.001000
-0.245637,0.031573,-0.141452,-0.028626
0.135325,0.092164,0.417668,-0.029320
0.074769,0.149418,0.129179,0.052203
-0.058370,-0.211339,-0.042488,-0.071855
0.166547,-0.520767,0.028060,-0.017839
0.119849,-0.553153,0.089027,-0.000062
0.097289,-0.555592,0.086277,0.013008
0.067875,-0.544908,0.086816,0.027617
0.040519,-0.496805,0.089838,0.051080
0.089578,-0.332384,0.112376,0.104139
0.196094,-0.099673,0.158642,0.129394
0.324384,0.035682,0.106804,0.084826
0.144147,0.019825,-0.439414,0.059175
0.129095,0.027573,-0.490186,0.021455
0.399835,0.121676,-0.070505,0.072428
0.094607,0.036370,-0.506640,0.014535
0.040758,0.031175,-0.487201,0.031137
-0.021791,0.038382,-0.412154,0.011428
0.182073,0.148447,0.199548,0.064551
-0.104484,-0.183461,-0.029420,-0.066724
0.139149,-0.475381,0.060119,0.022526
0.059144,-0.442507,0.108926,0.037350
0.101025,-0.294811,0.139890,0.082454
0.253371,-0.122011,0.090620,0.069011
0.272657,-0.038309,-0.272087,0.143560
0.071098,0.010376,-0.511355,0.045772
0.050943,0.024122,-0.507647,0.048455
0.005194,0.043365,-0.483618,0.054583
-0.069350,0.065980,-0.328551,0.019430
-0.126288,0.047526,-0.321063,0.016329
-0.126336,0.062842,-0.172506,-0.033531
0.223652,0.105985,0.291720,-0.005522
0.181127,0.149392,0.199445,0.064637
-0.082209,-0.021332,-0.423850,0.165551
0.065351,-0.020999,-0.397315,-0.031163
0.090568,-0.015513,-0.396458,-0.062723
0.352556,-0.045075,0.056669,-0.159712
0.433346,0.059319,0.146743,-0.093304
0.085541,0.027223,-0.405412,-0.091493
0.043552,0.035671,-0.393708,-0.069658
0.029909,0.082804,-0.138155,-0.222049
0.282417,0.046934,0.304043,-0.017538
0.308308,0.043247,0.253681,0.010544
0.353422,0.091924,0.113469,0.051678
-0.004014,0.044085,-0.446712,0.022615
-0.051309,0.042991,-0.395942,0.020122
-0.171224,0.055359,-0.037929,-0.000610
-0.123028,-0.147943,0.030270,-0.140396
-0.254290,-0.197567,0.077459,-0.000817
-0.175807,-0.439808,0.222669,0.012122
-0.186682,-0.446191,0.251339,0.023030
0.000584,-0.199051,0.440909,0.109194
0.114471,-0.051723,0.471015,0.076398
0.131909,0.003756,0.338184,0.135070
-0.244765,0.013961,-0.234086,0.081446
-0.271373,0.037485,-0.230914,0.080690
0.082576,0.088963,0.307765,0.136530
0.127193,0.079562,0.330789,0.078306
-0.233261,0.034930,-0.217427,0.031654
-0.211897,0.032933,-0.217271,0.012093
0.097569,0.121489,0.348629,0.044519
0.149489,0.108867,0.376173,-0.018766
-0.271308,0.046589,-0.114527,-0.044546
-0.066580,-0.203038,-0.042737,-0.071657
0.089326,-0.537595,0.101627,-0.002656
-0.007865,-0.506978,0.123188,0.017384
-0.094079,-0.441010,0.119287,0.047007
-0.042234,-0.451876,0.066192,0.054641
-0.055232,-0.406601,0.059187,0.058566
-0.041330,-0.328930,0.060524,0.074378
0.020738,-0.201860,0.088829,0.097218
0.114782,-0.046004,0.137152,0.112841
0.297589,0.065360,0.086964,0.086950
0.077755,0.025803,-0.490798,0.030706
0.100898,0.030127,-0.512803,0.010876
0.444637,0.079025,0.050649,0.025484
0.438497,0.071381,0.071033,0.024914
0.108814,0.028698,-0.515376,-0.003985
0.081163,0.030217,-0.501128,0.005729
0.289126,0.150324,-0.004511,0.076910
0.233456,0.153345,-0.001021,0.070491
-0.021783,0.036658,-0.401341,0.002325
-0.092945,0.031026,-0.327446,0.005272
-0.302003,0.038774,-0.110079,-0.010829
-0.124470,-0.029992,-0.395365,0.173554
0.027681,-0.050751,0.169185,0.013359
0.223788,-0.083957,0.059210,-0.033334
0.050538,-0.012603,-0.372781,-0.048686
0.083159,-0.006884,-0.410764,-0.049626
0.353093,-0.066155,-0.041714,-0.133199
0.436738,0.027093,0.053901,-0.068147
0.101723,0.015202,-0.447503,-0.053555
0.056134,0.023172,-0.408744,-0.054703
0.017401,0.035780,-0.251740,-0.166333
0.310209,0.046308,0.269213,-0.009893
0.325349,0.043629,0.257478,-0.010660
0.288109,0.120698,-0.020692,-0.017566
0.007415,0.036072,-0.403943,-0.023684
-0.071815,0.032451,-0.336744,-0.008015
-0.268249,0.047396,-0.114063,-0.048643
0.121951,0.009274,0.331350,0.109829
-0.332987,-0.001115,-0.011084,-0.017821
-0.331200,-0.003276,-0.004888,-0.038746
-0.371461,-0.003161,0.069044,-0.077238
0.085937,0.046798,0.527395,-0.044274
0.105630,0.039484,0.518371,-0.047629
0.149921,0.050712,0.470519,-0.055294
0.208872,0.090757,0.382109,-0.065945
-0.151981,0.044986,-0.196962,-0.080185
-0.172445,0.039866,-0.182860,-0.068703
0.164969,0.098364,0.371051,-0.018881
0.203254,0.062003,0.377051,-0.026466
-0.154551,0.016683,-0.209389,-0.036885
-0.172676,0.013540,-0.210670,-0.014335
0.151549,0.066389,0.351637,0.045969
0.187887,0.054491,0.327952,0.045522
-0.089114,0.085990,0.007248,-0.036777
0.059764,-0.097862,0.324401,-0.180065
-0.237274,-0.133007,-0.025404,0.079528
-0.318752,-0.060395,-0.036153,0.111290
-0.360364,-0.012776,-0.043840,0.119666
-0.435748,0.017907,-0.035197,0.092862
-0.460500,0.023918,0.030103,0.070142
-0.019732,0.072759,0.487378,0.052368
0.021174,0.059623,0.508332,0.026714
0.040708,0.065825,0.494567,0.014752
-0.367984,0.036469,-0.004849,-0.047697
-0.331125,0.040862,-0.013445,-0.080426
0.120116,0.066054,0.483170,-0.053484
0.191496,0.049679,0.440945,-0.066263
0.262644,0.076178,0.341900,-0.064877
-0.106350,0.024312,-0.229172,-0.072929
-0.138578,0.018917,-0.236920,-0.027560
0.206687,0.066346,0.332563,0.009776
0.237130,0.049628,0.329853,-0.000837
-0.136520,0.012813,-0.260324,-0.000087
-0.190933,0.026314,-0.251992,0.032476
-0.012523,0.099592,0.060959,0.003729
-0.118528,-0.036866,-0.392399,0.172296
0.211132,-0.072167,0.163680,-0.027251
0.287928,-0.080271,0.067076,-0.060745
0.070101,-0.006032,-0.394744,-0.053388
0.092312,-0.001488,-0.426466,-0.048486
0.328459,-0.057480,-0.069694,-0.137399
0.410543,0.033297,0.028372,-0.080774
0.091324,0.020475,-0.438523,-0.057414
0.038984,0.029522,-0.400828,-0.051821
-0.033015,0.054647,-0.267134,-0.136574
0.280181,0.058590,0.295587,-0.018511
0.301001,0.050013,0.278505,-0.013669
0.044964,0.089973,-0.210451,-0.113374
-0.054129,0.046330,-0.374797,-0.001530
0.157571,0.152633,0.184680,0.069201
-0.107651,-0.173331,-0.035539,-0.067559
0.225013,-0.382303,0.044190,0.046268
0.226253,-0.239903,0.121511,0.052439
0.375326,-0.047440,0.080477,0.084968
0.132655,-0.008375,-0.467491,0.083673
0.082759,0.014196,-0.522800,0.042016
0.075863,0.028101,-0.514918,0.029941
0.055366,0.094046,-0.349192,0.071959
-0.067878,0.053766,-0.394701,0.033412
-0.091290,0.073168,-0.235552,-0.010973
0.224789,0.115672,0.238531,0.036399
-0.132820,0.059238,-0.236609,-0.039082
-0.165250,0.049359,-0.264781,-0.003363
0.199412,0.079019,0.326776,0.010647
0.229149,0.068965,0.331696,-0.013955
-0.096727,0.052659,-0.241456,-0.098608
0.106226,0.132183,0.145613,0.059754
0.076008,0.012376,0.276031,0.142715
0.128526,0.150926,-0.038996,-0.033103
0.003936,0.128575,0.025295,-0.059146
-0.137115,0.059536,0.037646,-0.090332
-0.295726,0.019990,0.041813,-0.102202
-0.396517,0.019272,0.090193,-0.094455
-0.297877,0.060723,0.223269,-0.190780
0.037451,0.056233,0.562069,-0.040770
0.045123,0.042475,0.552133,-0.023963
0.107139,0.011603,0.502688,-0.005583
0.126274,0.031306,0.365734,0.061694
-0.222829,0.001450,-0.195845,0.033085
-0.257419,0.022064,-0.203211,0.054427
-0.171235,0.055349,-0.037938,-0.000610
-0.132792,-0.172444,-0.010756,-0.068133
-0.198470,-0.333545,0.128494,0.040415
-0.126707,-0.385304,0.067118,0.074397
-0.121715,-0.295237,0.059113,0.133090
0.008039,-0.048877,0.117834,0.227835
0.203044,0.067957,0.072472,0.175826
0.087012,0.051664,-0.444971,0.098251
0.077253,0.036664,-0.509164,0.023781
0.418333,0.074827,0.059877,0.053147
0.433436,0.071727,0.058354,0.043326
0.105555,0.028011,-0.506169,-0.010822
0.090269,0.028227,-0.479257,-0.023355
0.127756,0.076887,-0.206592,-0.145830
0.354522,0.091774,0.191481,-0.022441
0.192366,0.136031,-0.082202,0.003561
-0.023071,0.037336,-0.410008,0.011606
-0.100714,0.031108,-0.332718,0.018263
-0.230424,0.038415,-0.218738,0.026608
0.024468,0.133778,0.280692,0.076771
-0.255751,0.049470,-0.107544,-0.066475
-0.120576,-0.018206,-0.409179,0.172622
-0.080637,-0.011816,0.122763,-0.115792
0.187368,0.062111,0.179906,-0.130587
0.312820,0.057189,0.119056,-0.103778
0.081578,0.026025,-0.422153,-0.069541
0.108389,0.027302,-0.476911,-0.042783
0.469540,0.081177,0.051610,-0.010348
0.457700,0.069977,0.071664,0.004465
0.109159,0.028949,-0.500262,-0.021329
0.074979,0.028651,-0.473388,-0.014345
0.196431,0.101443,-0.081756,-0.039644
0.130507,0.102322,-0.088757,-0.061065
-0.043007,0.046543,-0.365488,-0.022184
0.180765,0.148482,0.198623,0.065057
-0.101170,-0.021070,-0.417779,0.169177
0.222603,-0.140808,-0.167810,-0.120640
0.193786,-0.120479,-0.250316,-0.186525
0.474072,0.034499,0.114691,-0.060768
0.478572,0.053377,0.116756,-0.056766
0.123258,0.023916,-0.465739,-0.065387
0.102968,0.028465,-0.470278,-0.045258
0.386873,0.102842,0.066095,0.006933
0.369308,0.102820,0.090277,0.024457
0.018329,0.034618,-0.420785,-0.016295
-0.026575,0.039137,-0.386678,-0.010024
-0.238750,0.052836,-0.098445,-0.081805
0.117021,0.009839,0.319381,0.114815
-0.283497,0.006804,-0.041366,-0.012461
-0.278810,-0.001497,-0.045707,-0.035540
-0.382021,-0.000918,0.045249,-0.045604
0.073463,0.051634,0.526975,-0.036709
0.086579,0.044772,0.521622,-0.037116
0.099205,0.061553,0.497669,-0.042574
-0.279639,0.042316,-0.003581,-0.143227
-0.261522,0.045835,-0.008217,-0.160228
0.166281,0.062749,0.440952,-0.054124
0.221371,0.051222,0.385010,-0.041746
0.277801,0.061681,0.299829,-0.023463
-0.091999,0.052897,-0.286007,-0.047102
0.175961,0.147144,0.194593,0.066896
-0.108450,-0.163015,-0.043426,-0.069188
0.297571,-0.289667,0.023502,0.062931
0.400157,-0.097577,0.048286,0.085780
0.105844,-0.017567,-0.507269,0.064629
0.066401,0.010725,-0.515830,0.054619
0.047825,0.026603,-0.507741,0.049456
0.130675,0.150961,-0.140636,0.135685
0.014510,0.115772,-0.169597,0.072729
0.083552,0.154682,0.136370,0.056264
-0.023819,-0.104996,0.238005,-0.183788
-0.078466,-0.192504,-0.042727,0.042345
-0.221448,-0.167062,0.011607,0.063866
-0.284361,-0.118029,0.003546,0.081186
-0.399005,-0.047049,0.014146,0.072183
-0.430150,0.025055,0.072437,0.062992
-0.358765,0.072377,0.173752,0.038196
-0.071825,0.080869,0.470555,0.052739
-0.034022,0.085265,0.470152,0.056527
-0.412775,0.029835,-0.006948,0.005985
-0.409044,0.031331,-0.012263,0.006003
0.027447,0.075896,0.492284,0.020225
0.086380,0.062828,0.449187,0.017461
-0.223526,0.058345,-0.086039,-0.087256
0.120060,0.009076,0.323041,0.112234
-0.298944,0.002015,-0.031585,-0.011647
-0.291906,-0.004908,-0.034948,-0.035701
-0.383648,-0.003796,0.050088,-0.046094
0.078713,0.043969,0.530032,-0.036885
0.090735,0.039080,0.521209,-0.035168
0.110589,0.053310,0.491466,-0.039511
-0.193081,0.049625,0.081831,-0.282975
-0.166401,0.055527,0.053982,-0.277970
0.200970,0.050176,0.419286,-0.054575
0.249799,0.043269,0.366547,-0.043761
0.309375,0.047807,0.266758,-0.008093
0.173423,0.132149,-0.093647,-0.002973
-0.015193,0.036497,-0.398277,-0.007166
-0.088608,0.030130,-0.322765,-0.002827
-0.276197,0.041126,-0.116485,-0.032524
0.139231,0.001659,0.359186,0.093751
-0.373625,-0.019828,0.073493,-0.040708
-0.282514,0.005403,0.167615,-0.167090
0.109869,0.023441,0.520814,-0.038272
0.160331,0.008084,0.494078,-0.046652
0.222915,0.009771,0.436136,-0.052969
0.264570,0.041229,0.359957,-0.049908
-0.034616,0.025035,-0.192270,-0.182050
-0.073720,0.041758,-0.234067,-0.117547
0.245364,0.051446,0.326211,-0.007168
0.274995,0.039594,0.294246,0.006998
0.253572,0.099903,0.069483,0.034182
-0.021622,0.038597,-0.393193,-0.007922
-0.083161,0.032963,-0.326358,-0.007565
-0.209682,0.039663,-0.187903,-0.026221
-0.203811,0.065035,-0.071506,-0.085555
-0.130682,-0.178160,-0.002321,-0.072969
0.014088,-0.461849,0.069929,-0.005711
0.006063,-0.477857,0.069987,0.018148
-0.015381,-0.478684,0.069063,0.043651
-0.041150,-0.452609,0.065585,0.058579
-0.051040,-0.398641,0.058007,0.064346
-0.022553,-0.300219,0.066348,0.083659
0.063913,-0.142889,0.106145,0.113818
0.269162,0.005279,0.073056,0.087912
0.086948,0.009909,-0.487857,0.013053
0.119316,0.006013,-0.500372,-0.005027
0.487664,0.041701,0.045215,-0.005421
0.498113,0.029044,0.054335,-0.009026
0.137400,-0.022062,-0.482683,-0.016746
0.082754,-0.032951,-0.433800,-0.000137
0.050921,-0.081021,-0.244553,0.036827
0.308564,0.046874,0.178408,0.080707
0.132679,0.089785,-0.082455,0.199561
-0.063659,0.035096,-0.396779,0.041206
-0.116050,0.028121,-0.319717,0.023713
-0.261885,0.038680,-0.186196,0.025261
-0.241773,0.085854,0.058434,0.038119
0.112347,0.058582,0.418694,0.026233
0.186250,0.048345,0.359961,0.021295
0.234280,0.054375,0.302270,0.024923
-0.097797,0.051025,-0.280855,-0.054877
-0.116777,0.048050,-0.274899,-0.040515
0.229662,0.097546,0.305598,-0.016957
0.242198,0.071448,0.322611,-0.020404
-0.101888,0.054777,-0.267645,-0.069218
0.119857,0.145087,0.157212,0.064975
0.087288,-0.102374,0.348343,-0.167354
0.017157,-0.152589,-0.057357,0.042173
-0.165476,-0.164680,-0.016725,0.070529
-0.282134,-0.118099,0.004123,0.076868
-0.399424,-0.046658,0.013803,0.072444
-0.433967,0.034398,0.066632,0.082829
-0.363039,0.069987,0.158446,0.097813
-0.065010,0.085171,0.453958,0.090074
-0.019428,0.093002,0.469691,0.068701
-0.417788,0.033245,-0.005819,0.006391
-0.412187,0.032164,-0.009443,0.005431
0.044084,0.071465,0.491727,0.008580
0.111234,0.060862,0.461132,-0.017372
-0.224679,0.056657,-0.086392,-0.086848
0.104600,0.013750,0.327296,0.120785
-0.310348,0.005926,-0.020040,-0.048611
-0.308435,0.009838,-0.014884,-0.066192
-0.374256,0.009221,0.061483,-0.080266
0.061344,0.070372,0.545207,-0.061147
0.064563,0.064479,0.530565,-0.043750
0.087206,0.069713,0.496952,-0.038014
-0.277584,0.041986,-0.116375,-0.032108
-0.121200,-0.013409,-0.412924,0.172284
-0.058570,-0.008233,0.132832,-0.095102
0.169221,0.064691,0.176702,-0.116727
0.308630,0.052490,0.113025,-0.090624
0.074679,0.024577,-0.432918,-0.050117
0.095860,0.021601,-0.481510,-0.019801
0.451472,0.052490,0.054374,0.038322
0.438217,0.033544,0.072392,0.051907
0.088683,0.008972,-0.477503,-0.004053
0.055303,0.005271,-0.430080,-0.014630
0.052631,-0.071082,-0.200537,-0.083601
0.324582,0.053662,0.235561,-0.003007
0.015151,-0.040854,-0.194619,-0.100448
-0.052376,0.034308,-0.348784,-0.017286
-0.121649,0.031165,-0.260973,-0.032631
0.223068,0.070165,0.330284,-0.007678
0.244340,0.056586,0.332632,-0.017705
-0.064361,0.049514,-0.238453,-0.130341
-0.097652,0.053406,-0.255202,-0.084684
0.229933,0.067223,0.328495,-0.009797
0.252746,0.053795,0.310241,-0.000929
0.041107,0.111845,-0.114657,-0.043409
-0.097023,0.049984,-0.351717,0.014629
-0.188122,0.048117,-0.265085,0.021403
0.190301,0.079702,0.326392,0.019459
0.219949,0.064149,0.337288,-0.005530
-0.110990,0.057073,-0.239797,-0.086191
0.151838,0.155731,0.182183,0.069507
-0.091836,-0.192347,-0.032231,-0.067665
0.149775,-0.497874,0.053374,0.011551
0.066097,-0.509591,0.100163,0.020925
0.045438,-0.451235,0.103445,0.045659
0.084401,-0.315344,0.126333,0.079707
0.150860,-0.145469,0.163245,0.107207
0.287012,0.001288,0.120924,0.079446
0.259117,0.016125,-0.271891,0.155277
0.065033,0.022997,-0.515450,0.043305
0.050437,0.027464,-0.508646,0.046625
0.013345,0.042272,-0.478737,0.056334
-0.041766,0.044808,-0.324020,0.022084
-0.098452,0.045562,-0.318375,-0.012664
-0.104674,0.057591,-0.177119,-0.134279
0.243838,0.062269,0.345841,-0.036091
0.277121,0.047661,0.335213,-0.044138
0.296243,0.154061,0.147873,-0.010282
-0.020731,0.035167,-0.388849,-0.009725
-0.075463,0.026951,-0.328894,-0.006728
-0.231377,0.034402,-0.179419,-0.007746
-0.108848,0.067766,-0.009400,-0.050280
-0.144666,-0.032081,-0.378255,0.176821
0.145971,-0.057642,0.155459,0.006171
0.218460,-0.088492,0.057938,-0.050637
0.050545,-0.012168,-0.371118,-0.050875
0.082136,-0.006312,-0.418056,-0.041859
0.365261,-0.061109,-0.028677,-0.095550
0.433015,0.013435,0.053858,-0.049972
0.095980,0.008969,-0.444463,-0.044608
0.051912,0.018528,-0.407291,-0.047290
0.012034,0.029501,-0.257125,-0.167265
0.320133,0.050087,0.291485,-0.045858
0.328490,0.043342,0.254181,-0.010209
0.237712,0.107723,-0.086606,0.007107
-0.003283,0.035949,-0.405814,-0.010991
-0.079883,0.032093,-0.327787,-0.008523
-0.171277,0.055311,-0.037971,-0.000611
-0.082940,-0.039042,-0.245492,-0.016473
-0.288184,-0.041992,0.052613,-0.065793
-0.010085,0.060430,0.121477,-0.133034
0.021836,0.093186,0.133142,-0.135290
0.196413,0.117721,0.114554,-0.107821
0.059509,0.035354,-0.390934,-0.087686
0.095585,0.028421,-0.457366,-0.050679
0.473602,0.084316,0.063643,-0.039692
0.469775,0.077076,0.068934,-0.018860
0.111020,0.030700,-0.507124,-0.017204
0.088332,0.028131,-0.507633,0.007395
0.309559,0.113798,-0.055278,0.089015
0.185170,0.092296,-0.120651,-0.008925
-0.009783,0.036691,-0.394044,-0.017003
-0.082114,0.031847,-0.320685,-0.013107
-0.297799,0.039977,-0.112894,-0.013419
-0.112300,-0.185814,-0.016416,-0.069589
-0.070254,-0.415882,0.109157,-0.005248
-0.002602,-0.469845,0.070219,0.018689
-0.024360,-0.468255,0.068908,0.042818
-0.050079,-0.440364,0.063734,0.061222
-0.055272,-0.379024,0.056770,0.069060
-0.017022,-0.271250,0.071702,0.092779
0.082396,-0.097627,0.120100,0.122263
0.279471,0.043621,0.087902,0.095728
0.085460,0.017808,-0.480184,0.032896
0.106639,0.026446,-0.508489,0.008748
0.444385,0.065554,0.071480,0.022445
0.440015,0.062314,0.081722,0.022929
0.112786,0.026480,-0.513518,-0.005449
0.089229,0.027603,-0.505369,0.004549
0.308876,0.153951,-0.012793,0.076631
0.272741,0.154461,0.017753,0.076034
-0.014918,0.035286,-0.405181,0.000674
-0.084530,0.030700,-0.332160,0.001870
-0.284235,0.041385,-0.115762,-0.025505
0.183784,-0.123978,0.444281,-0.122353
-0.248800,-0.180463,0.037149,0.015013
-0.242421,-0.159164,-0.009408,0.035567
-0.341035,-0.114851,0.029735,0.047434
-0.384353,-0.188905,0.154949,0.071346
-0.008805,0.015092,0.528754,0.055568
0.013257,0.041347,0.511390,0.049063
-0.053138,0.008864,0.328721,0.129379
-0.295585,0.014434,-0.122980,0.019991
-0.299523,0.022149,-0.130305,0.023540
-0.045734,0.091870,0.323595,0.152636
-0.295377,0.036110,-0.111519,-0.013347
-0.144078,-0.163609,-0.008006,-0.068431
-0.120369,-0.391379,0.138391,0.073735
-0.046616,-0.348494,0.059151,0.113636
0.088138,-0.091981,0.120280,0.188816
0.277383,0.066166,0.082086,0.132680
0.177123,0.078655,-0.361402,0.202822
0.040173,0.028253,-0.507197,0.054642
0.029271,0.022200,-0.482055,0.046469
0.018778,0.019610,-0.459311,0.036870
-0.083097,0.009663,-0.284752,-0.013983
0.240762,0.102638,0.216488,0.026551
-0.091538,0.040026,-0.249300,-0.083276
-0.112425,0.043532,-0.233245,-0.082004
0.243906,0.084018,0.350460,-0.062536
0.272539,0.065195,0.330423,-0.052301
-0.076426,0.036038,-0.237925,-0.105696
-0.119610,0.026791,-0.260382,-0.030912
0.220833,0.053702,0.321583,0.019734
0.237545,0.044974,0.299427,0.033907
-0.097478,0.061364,-0.245354,0.007911
-0.134162,0.074899,-0.024956,-0.060176
0.079996,0.008616,0.258096,0.138919
0.085709,0.181911,0.041119,-0.006487
0.131973,0.171607,-0.040097,-0.027155
-0.036951,0.134555,0.059900,-0.049136
-0.088099,0.102570,0.049539,-0.053839
-0.293248,0.037307,0.021153,-0.058808
-0.396837,0.007942,0.056206,-0.048699
-0.257665,0.035475,0.218608,-0.093575
0.051919,0.069005,0.534698,-0.039770
0.062589,0.062680,0.529377,-0.038788
0.105435,0.067447,0.494894,-0.051918
-0.237194,0.043881,-0.101873,-0.078405
-0.122264,-0.016788,-0.409338,0.172822
-0.066648,-0.009864,0.132183,-0.095496
0.188571,0.065578,0.181007,-0.118018
0.309957,0.051980,0.117056,-0.107279
0.085272,0.028124,-0.414651,-0.082764
0.114557,0.027060,-0.466370,-0.059305
0.478501,0.086914,0.061952,-0.040033
0.466416,0.071690,0.081095,-0.016035
0.112937,0.032348,-0.506432,-0.019546
0.080518,0.030901,-0.505622,0.011041
0.324215,0.107548,0.026926,0.103746
0.295439,0.106833,0.041326,0.109928
-0.010759,0.036274,-0.401955,-0.007700
-0.075113,0.032904,-0.324896,-0.017004
-0.279172,0.044769,-0.115514,-0.034129
0.115576,0.012136,0.337470,0.112323
-0.347465,0.005905,0.006711,-0.043548
-0.338254,0.008779,0.008900,-0.062478
-0.360871,0.008436,0.088883,-0.117464
0.075790,0.059727,0.529507,-0.049167
0.100922,0.050851,0.521307,-0.057223
0.175785,0.052249,0.448387,-0.060564
0.225537,0.069913,0.357082,-0.036675
-0.128112,0.054366,-0.209820,-0.098406
0.111033,0.138510,0.149851,0.061931
0.109833,-0.105358,0.369877,-0.157583
0.008320,-0.175872,-0.057653,0.030739
-0.072358,-0.178957,-0.051920,0.051757
-0.224345,-0.157353,0.013197,0.050672
-0.253581,-0.126965,0.011249,0.049175
-0.369522,-0.072440,0.031431,0.046213
-0.414128,0.008529,0.089952,0.055736
-0.367978,0.052662,0.163896,0.034656
-0.118585,0.024009,0.435332,0.055551
-0.051404,0.025277,0.464287,0.027750
-0.391943,0.008074,0.006211,-0.006391
-0.383926,0.008245,-0.001645,-0.006743
0.044090,0.053999,0.510176,0.007549
0.098771,0.041219,0.466015,0.009851
0.148283,0.058978,0.384876,0.023666
-0.237517,0.031202,-0.210869,0.033110
-0.171214,0.055369,-0.037921,-0.000610
-0.125838,-0.177537,-0.012305,-0.068443
-0.161292,-0.324496,0.112863,-0.008531
-0.056409,-0.360538,0.064909,-0.032036
-0.036421,-0.352513,0.054960,-0.050089
-0.026539,-0.379558,0.054714,-0.032723
-0.020570,-0.411691,0.055440,-0.007302
-0.019924,-0.440190,0.056140,0.019850
-0.026463,-0.458069,0.056618,0.043828
-0.049323,-0.456754,0.059755,0.062582
-0.077878,-0.433724,0.062429,0.066898
-0.105976,-0.400140,0.060484,0.070282
-0.124989,-0.346893,0.053963,0.076187
-0.112344,-0.261234,0.063392,0.096311
-0.040818,-0.119696,0.105171,0.127947
0.168579,-0.028151,0.071651,0.085469
0.076086,0.005863,-0.457570,-0.002463
0.119720,0.000248,-0.484683,-0.016589
0.491818,0.007427,0.040204,-0.023515
0.510832,-0.036218,0.055434,-0.038199
0.161633,-0.060733,-0.459334,-0.025592
0.130891,-0.079947,-0.424801,-0.010273
0.241292,-0.198796,-0.135889,0.015050
0.420625,-0.062560,0.196988,0.055471
0.348459,-0.014545,0.029955,0.159669
0.012811,-0.019435,-0.413256,0.035771
-0.066880,0.002183,-0.358830,0.039392
-0.228492,0.022777,-0.219244,0.040826
-0.181535,0.049534,-0.062345,-0.083251
0.139351,0.001598,0.359132,0.093708
-0.372649,-0.021463,0.075676,-0.031493
-0.266928,-0.000014,0.184767,-0.130183
0.100189,0.030519,0.516918,-0.031830
0.116459,0.038471,0.511597,-0.050699
-0.188291,0.032000,0.114316,-0.305986
-0.072847,0.053089,0.197307,-0.250011
0.207998,0.037142,0.439430,-0.068714
0.270735,0.036988,0.375318,-0.067186
0.326813,0.045147,0.296763,-0.052868
0.367185,0.139082,0.104382,-0.017590
0.013644,0.034132,-0.421074,-0.010833
-0.042619,0.038481,-0.394077,0.014075
-0.166062,0.073888,-0.045717,-0.073314
0.189107,-0.125524,0.450894,-0.120258
-0.296780,-0.155348,0.042289,0.033541
-0.312122,-0.115533,-0.008223,0.056450
-0.410020,-0.053912,0.025590,0.059009
-0.183334,-0.025570,0.360943,0.196701
-0.023214,0.068303,0.504086,0.063177
-0.229000,0.056984,0.203118,0.212224
-0.353086,0.032557,-0.103064,0.039458
-0.327604,0.033261,-0.110495,0.020712
-0.387087,0.042717,0.039809,-0.030093
0.068062,0.066514,0.483333,-0.002051
0.151283,0.054451,0.443238,-0.033115
0.222581,0.066056,0.354974,-0.027754
-0.102706,0.046659,-0.159004,-0.166772
-0.137783,0.029575,-0.172061,-0.103808
0.224684,0.042231,0.348712,0.000229
0.253893,0.035619,0.295268,0.031073
0.275319,0.116700,0.120148,0.096489
-0.064275,0.044584,-0.394971,0.030537
-0.116586,0.038514,-0.330609,0.024547
-0.279061,0.044916,-0.116084,-0.033816
-0.135298,-0.026477,-0.391097,0.175442
0.105020,-0.027386,0.179457,0.008634
0.226057,-0.073366,0.062468,-0.034173
0.054980,-0.009769,-0.375892,-0.052635
0.083966,-0.004356,-0.420639,-0.043071
0.377544,-0.046037,-0.018716,-0.087877
0.413261,0.006666,0.022836,-0.064897
0.093824,0.010526,-0.443591,-0.044893
0.050046,0.020978,-0.407050,-0.048116
-0.001286,0.037299,-0.273156,-0.146684
0.321218,0.057073,0.292520,-0.054965
0.337996,0.048593,0.282430,-0.053168
0.170934,0.122374,-0.117764,-0.111897
-0.029729,0.044003,-0.386161,-0.012211
-0.123993,0.055042,-0.295603,-0.004988
0.228082,0.068268,0.281391,0.038102
0.249544,0.054405,0.271936,0.039955
-0.044997,0.077863,-0.220648,0.002258
-0.077585,0.046309,-0.342650,-0.010216
-0.224763,0.058042,-0.087039,-0.087155
-0.107102,-0.188909,-0.017262,-0.070848
-0.057120,-0.418916,0.105157,-0.012175
0.006617,-0.471919,0.069604,0.011944
-0.010157,-0.477208,0.069367,0.035240
-0.039407,-0.461225,0.066467,0.059962
-0.055852,-0.410080,0.058565,0.069433
-0.031575,-0.308691,0.064544,0.095208
0.058772,-0.141165,0.105941,0.126121
0.272004,0.026029,0.080561,0.104704
0.086606,0.012909,-0.479515,0.037973
0.098121,0.023210,-0.514242,0.013233
0.445863,0.074123,0.051253,0.028650
0.440354,0.072774,0.061123,0.029816
0.105821,0.026404,-0.517028,0.002030
0.072238,0.029398,-0.497759,0.012037
0.157224,0.148981,-0.143168,0.053883
0.007371,0.100503,-0.209395,-0.001736
0.146709,0.151111,0.176735,0.069301
-0.070912,-0.036750,-0.412879,0.164390
0.039812,-0.038202,-0.380462,-0.005273
0.057109,-0.033563,-0.381123,-0.026552
0.075786,-0.104330,-0.255040,-0.098675
0.362253,-0.023513,0.285292,-0.033452
0.359697,-0.007776,0.285016,-0.034300
0.132995,-0.123003,-0.200647,-0.145232
0.040335,0.017429,-0.390102,-0.051803
-0.026507,0.023330,-0.292495,-0.088399
0.306246,0.056657,0.295891,-0.042954
0.321996,0.050408,0.289480,-0.046039
-0.000118,0.050822,-0.275484,-0.154179
-0.061273,0.055348,-0.307002,-0.069739
0.268388,0.068242,0.270803,0.008399
0.281761,0.054511,0.267477,0.012093
-0.031827,0.071981,-0.263986,-0.061320
-0.053934,0.046339,-0.372651,-0.003895
-0.145599,0.085966,-0.028496,-0.062403
0.171394,-0.119130,0.432273,-0.130915
-0.256418,-0.172038,0.025994,0.026249
-0.302278,-0.137350,0.016401,0.045994
-0.411091,-0.104083,0.102550,0.053002
-0.084632,-0.062983,0.465645,0.127503
-0.010581,0.041030,0.494045,0.079496
-0.413377,-0.000717,-0.005936,0.056875
-0.359014,0.021841,0.025930,0.101888
0.058594,0.059612,0.433603,0.064048
0.145405,0.053164,0.378595,0.038692
0.195805,0.066033,0.332180,0.021836
-0.150088,0.044327,-0.244020,-0.034309
-0.163162,0.042540,-0.222561,-0.040960
0.145029,0.154901,0.177150,0.069424
0.111903,0.013088,0.337084,0.114369
-0.117674,0.054561,-0.048612,-0.055997
-0.105216,0.054605,-0.026935,-0.073401
-0.337939,0.017100,0.022548,-0.083153
-0.388424,0.019327,0.071140,-0.083709
0.039111,0.080171,0.551056,-0.054646
0.048228,0.067000,0.535997,-0.035371
0.077110,0.064566,0.503182,-0.029001
0.132217,0.077977,0.404822,0.000827
-0.231428,0.030821,-0.173627,-0.009906
-0.239882,0.030981,-0.177486,0.002246
-0.171314,0.055277,-0.038000,-0.000612
-0.125852,-0.177532,-0.012294,-0.068445
-0.166620,-0.328975,0.115017,0.000132
-0.069416,-0.392901,0.069839,0.008595
-0.071488,-0.411079,0.064501,0.034778
-0.099288,-0.403831,0.061784,0.062846
-0.126133,-0.352399,0.053681,0.089777
-0.100029,-0.237583,0.068901,0.124432
-0.006523,-0.065093,0.114910,0.166914
0.206536,0.046611,0.087472,0.125960
0.067248,0.027946,-0.471902,0.017961
0.098239,0.029269,-0.504372,0.000919
0.440780,0.076026,0.055963,0.026481
0.435568,0.069103,0.074945,0.026179
0.104817,0.034466,-0.514703,0.012061
0.058149,0.028461,-0.502850,0.032131
0.012266,0.036642,-0.460121,0.027112
-0.100237,0.057244,-0.268869,-0.040535
0.227496,0.121545,0.231328,0.034367
-0.130577,0.054108,-0.253140,-0.043330
-0.157152,0.048346,-0.264395,-0.010863
0.206872,0.079714,0.328360,0.000907
0.236094,0.066508,0.334303,-0.021049
-0.090876,0.058392,-0.232133,-0.114328
0.181359,0.148092,0.198822,0.064947
-0.098879,-0.032340,-0.408794,0.168987
0.279056,-0.133520,-0.063541,-0.019350
0.240398,-0.171139,-0.150500,-0.093709
0.188381,-0.167899,-0.238649,-0.138256
0.457565,0.001355,0.129510,-0.036564
0.465282,0.020698,0.138854,-0.035208
0.107179,0.007563,-0.442271,-0.056444
0.078664,0.016740,-0.428076,-0.051464
0.303851,0.047067,0.027602,-0.033154
0.338264,0.074042,0.111126,0.026565
-0.001687,0.031485,-0.399182,-0.014750
-0.040583,0.033601,-0.363923,-0.013235
-0.187623,0.036598,-0.194112,-0.038976
0.207040,0.069443,0.364475,-0.025102
0.237197,0.060850,0.346384,-0.028574
0.043634,0.114489,-0.051085,-0.145408
-0.105748,0.060980,-0.219677,-0.094880
0.232079,0.055541,0.324365,0.003870
0.266667,0.047838,0.292326,0.009021
0.265903,0.146513,0.090557,0.059720
-0.045515,0.042632,-0.403745,0.022495
-0.104350,0.035472,-0.331323,0.016075
-0.284324,0.043635,-0.115570,-0.027841
-0.137238,-0.014902,-0.400716,0.175344
0.093691,0.023157,0.166734,-0.113219
0.302000,0.019877,0.107043,-0.111307
0.087005,0.022586,-0.407074,-0.086480
0.108504,0.022445,-0.461892,-0.053152
0.469924,0.081522,0.046794,-0.028562
0.469373,0.074652,0.069730,-0.016388
0.113890,0.029121,-0.491650,-0.035296
0.075785,0.030211,-0.452974,-0.037149
0.092404,0.080657,-0.185623,-0.171895
0.338683,0.090483,0.219013,-0.032498
0.193557,0.153108,-0.035903,-0.017918
-0.015382,0.034977,-0.399988,-0.003748
-0.089418,0.028329,-0.324404,0.001413
-0.297856,0.035548,-0.109798,-0.012029
-0.130676,-0.175381,-0.009186,-0.068883
-0.076802,-0.422258,0.112733,0.005696
-0.015099,-0.462228,0.070866,0.023876
-0.040055,-0.450808,0.066874,0.048903
-0.055851,-0.406159,0.058705,0.063662
-0.038561,-0.322046,0.061718,0.079058
0.041569,-0.168166,0.098094,0.116518
0.260175,0.000965,0.071284,0.100828
0.089113,0.006745,-0.476100,0.047191
0.083571,0.029491,-0.522339,0.034083
0.402971,0.076284,0.053835,0.076008
0.408272,0.071378,0.063141,0.067625
0.095797,0.029839,-0.514411,0.007912
0.063041,0.028279,-0.474289,-0.001144
0.028520,0.062940,-0.251013,-0.091527
0.299698,0.114215,0.195848,0.004042
-0.047990,0.064376,-0.260505,-0.093658
0.126632,0.155530,0.165080,0.067614
-0.026153,-0.106342,0.233970,-0.182485
-0.072962,-0.206118,-0.039786,0.018408
-0.178490,-0.200747,0.015611,0.039779
-0.206501,-0.175103,0.014704,0.046178
-0.232047,-0.146571,0.013000,0.044713
-0.342500,-0.095040,0.035576,0.040668
-0.402792,-0.013957,0.096283,0.048836
-0.382463,0.020410,0.145938,0.040004
-0.088347,0.051245,0.463012,0.102055
-0.048918,0.074435,0.465274,0.089477
-0.433312,0.030269,-0.008693,0.028884
-0.430598,0.031548,-0.012828,0.028685
0.034785,0.068927,0.462181,0.049963
0.096026,0.055677,0.443566,0.020588
0.137985,0.086877,0.385435,0.005557
-0.194937,0.041287,-0.197401,-0.033091
-0.284230,0.043861,-0.115999,-0.027731
0.189090,-0.127045,0.446910,-0.114409
-0.207424,-0.201498,0.034561,-0.002741
-0.192053,-0.191157,-0.005629,0.014818
-0.265086,-0.179804,0.033667,0.032201
-0.327375,-0.231661,0.133301,0.049074
-0.170470,-0.278548,0.355998,0.072281
0.051073,-0.038408,0.526465,0.046606
0.097598,-0.013337,0.473830,0.057248
0.157739,0.021965,0.371503,0.064367
-0.235004,0.015900,-0.215545,0.052817
-0.254877,0.033455,-0.213894,0.051252
-0.135520,0.079266,-0.024704,-0.059835
0.139642,0.001369,0.360943,0.093499
-0.344961,-0.015050,0.101378,-0.059609
-0.382959,0.002157,0.060445,-0.061787
0.077768,0.047850,0.507929,-0.018535
0.094108,0.034585,0.508913,-0.021772
0.079503,0.074802,0.435639,-0.004521
-0.234921,0.006856,-0.113969,-0.042106
-0.228968,0.015646,-0.131693,-0.039126
0.076120,0.102890,0.413809,-0.003422
0.142545,0.077912,0.417547,-0.022199
-0.213247,0.030374,-0.154931,-0.046338
-0.217974,0.032137,-0.151501,-0.046804
0.140602,0.096086,0.401048,-0.021898
-0.171261,0.055325,-0.037958,-0.000611
-0.125859,-0.177529,-0.012289,-0.068446
-0.166638,-0.328956,0.115015,0.000132
-0.069493,-0.387756,0.069842,0.003468
-0.057921,-0.393328,0.064278,0.003020
-0.057728,-0.393531,0.064290,0.003017
-0.057527,-0.393742,0.064302,0.003015
-0.057334,-0.393944,0.064314,0.003012
-0.057142,-0.394147,0.064326,0.003009
-0.058207,-0.397206,0.064522,0.006972
-0.068966,-0.410557,0.064590,0.031480
-0.094794,-0.406720,0.062391,0.059226
-0.126765,-0.359769,0.053816,0.097229
-0.093078,-0.226380,0.071938,0.143389
0.005077,-0.044273,0.111958,0.185351
0.203538,0.058412,0.083751,0.137811
0.080313,0.038798,-0.447738,0.036176
0.084103,0.034169,-0.510467,0.013123
0.422330,0.078870,0.058172,0.045270
0.437582,0.074954,0.066666,0.025799
0.114867,0.030245,-0.508484,-0.019740
0.095008,0.029302,-0.497486,-0.010910
0.238062,0.141749,-0.116248,-0.020902
0.161962,0.142110,-0.122183,-0.008309
-0.021806,0.035174,-0.405522,0.008016
-0.098629,0.030135,-0.327745,0.012196
-0.310004,0.038124,-0.102387,-0.009871
-0.138979,-0.166840,-0.010237,-0.068068
-0.123558,-0.395568,0.138535,0.064904
-0.056234,-0.382595,0.056700,0.092631
0.029335,-0.190544,0.092809,0.160781
0.264533,0.021861,0.076932,0.132815
0.113849,0.014171,-0.437595,0.111291
0.070030,0.036642,-0.523122,0.049143
0.407201,0.074908,0.054080,0.073067
0.423142,0.070255,0.062947,0.052216
0.092482,0.026767,-0.512859,0.011040
0.060730,0.023457,-0.483442,0.015220
0.006533,0.026655,-0.266829,-0.076680
0.298699,0.099182,0.211840,0.004644
-0.043575,0.045870,-0.248897,-0.101473
-0.077128,0.055025,-0.278930,-0.083055
0.266076,0.073003,0.317066,-0.040292
0.281648,0.056378,0.314920,-0.037092
-0.029993,0.064737,-0.216337,-0.113510
-0.079548,0.046936,-0.360066,0.008541
-0.076095,0.096910,0.018265,-0.028158
0.173972,-0.119224,0.436365,-0.131477
-0.293446,-0.150517,0.028741,0.039895
-0.353016,-0.099996,0.017892,0.058105
-0.409076,-0.112713,0.121778,0.081573
-0.027475,0.049174,0.516950,0.066042
-0.012286,0.068030,0.493895,0.065683
-0.129150,0.095286,0.272617,0.248955
-0.324792,0.033770,-0.135540,0.042426
-0.318753,0.032159,-0.139822,0.042289
-0.400332,0.037670,0.009673,-0.008777
0.079686,0.062529,0.466577,0.007066
0.155733,0.051570,0.432726,-0.024172
0.212950,0.076134,0.340704,-0.013933
0.131898,0.157915,0.169465,0.068625
-0.018069,-0.000359,0.163533,0.181409
0.073698,0.157970,0.006010,-0.040198
-0.084996,0.098202,0.049080,-0.067370
-0.282735,0.029363,0.026122,-0.078828
-0.397102,0.009863,0.063533,-0.058760
-0.277682,0.032301,0.208169,-0.085236
0.042829,0.069006,0.517229,-0.013222
0.050343,0.059940,0.516329,-0.010755
0.107051,0.061521,0.456174,-0.008889
0.121131,0.108863,0.372534,0.013266
-0.201490,0.040879,-0.203791,-0.019741
-0.216321,0.038993,-0.186617,-0.020197
-0.268841,0.047317,-0.114188,-0.047895
-0.149814,-0.014769,-0.391639,0.177598
0.183168,0.028898,0.177959,-0.092211
0.298813,0.014734,0.103789,-0.104762
0.077965,0.018329,-0.409650,-0.070722
0.107718,0.020425,-0.456730,-0.055518
0.460043,0.082985,0.032751,-0.073197
0.471852,0.095281,0.063024,-0.065361
0.123217,0.030782,-0.489777,-0.048315
0.081969,0.030849,-0.468308,-0.028637
0.274036,0.152710,-0.017231,0.048684
0.240657,0.152428,0.005029,0.090378
-0.026138,0.038195,-0.402419,0.006222
-0.096047,0.031494,-0.328633,0.009097
-0.303965,0.039407,-0.109075,-0.010505
0.181939,-0.122824,0.443289,-0.124853
-0.277431,-0.164324,0.035674,0.029768
-0.278413,-0.130383,-0.017282,0.049897
-0.371871,-0.080450,0.023536,0.049858
-0.397715,-0.120755,0.140424,0.072930
-0.017249,0.047397,0.522463,0.053098
0.000246,0.059675,0.498042,0.057669
-0.020097,0.099116,0.350798,0.175275
-0.313834,0.033918,-0.134099,0.029876
-0.312494,0.034281,-0.138840,0.032915
-0.148512,0.122979,0.236904,0.133689
0.046818,0.111810,0.400518,0.056462
-0.268417,0.036529,-0.127320,-0.024934
-0.264295,0.035774,-0.134164,-0.021457
-0.303391,0.036080,-0.106091,-0.010734
-0.149693,-0.018209,-0.388528,0.177829
0.174579,-0.001481,0.174545,-0.026793
0.258818,-0.025896,0.080227,-0.060912
0.062453,0.004324,-0.389201,-0.061613
0.097976,0.008930,-0.436198,-0.054832
0.438871,0.045915,0.022644,-0.084514
0.462353,0.075302,0.061077,-0.070168
0.116768,0.028506,-0.466582,-0.062825
0.075121,0.028874,-0.418344,-0.069793
0.076170,0.075794,-0.201784,-0.227149
0.343632,0.079821,0.210862,-0.018600
0.223361,0.144320,-0.006833,0.039396
-0.015379,0.030336,-0.398953,-0.000145
-0.086382,0.025506,-0.326478,0.003245
-0.227483,0.036294,-0.198425,0.005472
-0.261725,0.041632,-0.114831,-0.048792
0.135696,0.003493,0.361421,0.094946
-0.366475,-0.018760,0.084900,-0.032447
-0.388427,0.001474,0.051153,-0.047191
0.075397,0.062552,0.503617,-0.035080
0.094130,0.047255,0.511664,-0.037242
-0.251266,0.035118,0.096714,-0.260694
-0.221758,0.041372,0.088739,-0.282261
0.172016,0.047801,0.447753,-0.051714
0.241595,0.040183,0.390587,-0.056508
0.296118,0.051445,0.328610,-0.060317
0.088232,0.093473,-0.117508,-0.262303
-0.006154,0.031039,-0.207210,-0.197067
0.299039,0.019534,0.322479,-0.025197
0.326463,0.014503,0.269509,0.005363
0.357815,0.082124,0.092927,0.074241
-0.005836,0.025027,-0.439306,0.036070
-0.062840,0.035424,-0.393444,0.036722
-0.171303,0.055287,-0.037991,-0.000612
-0.122898,-0.147928,0.030370,-0.140567
-0.268947,-0.190950,0.076716,0.008505
-0.219226,-0.418975,0.231166,0.028804
-0.211285,-0.353999,0.294677,0.061806
0.041711,-0.039401,0.514356,0.070211
0.080114,0.004693,0.449126,0.081564
0.111635,0.058331,0.322220,0.123386
-0.266609,0.043552,-0.244321,0.084041
-0.280243,0.039091,-0.224965,0.081985
0.040405,0.097322,0.306888,0.170870
0.089962,0.089114,0.335720,0.100958
-0.231648,0.023406,-0.218388,0.042498
-0.231303,0.017682,-0.215945,0.045431
-0.055308,0.065426,0.224674,0.126325
0.078337,0.097303,0.348079,0.065893
-0.200930,0.026475,-0.176756,-0.032930
-0.195625,0.029674,-0.179149,-0.039037
-0.285708,0.045338,0.003957,-0.147652
0.145133,0.062494,0.444749,-0.036519
0.215866,0.051739,0.388305,-0.040052
0.280329,0.065863,0.316473,-0.046811
-0.075636,0.052450,-0.261069,-0.097935
-0.123112,0.047670,-0.293379,-0.015218
0.213157,0.072412,0.292818,0.037458
0.235206,0.060454,0.273547,0.046640
-0.124809,0.057255,-0.289701,0.015746
-0.233585,0.052563,-0.092620,-0.084424
-0.093774,-0.026119,-0.416680,0.167942
0.325799,-0.066126,0.152801,-0.038686
0.399925,-0.034779,0.051312,-0.053680
0.090180,0.000405,-0.434621,-0.040085
0.086273,-0.001805,-0.429952,-0.038653
0.153362,-0.097942,-0.230093,-0.159980
0.422005,0.041494,0.190004,-0.042203
0.195110,0.008680,-0.158028,-0.177817
0.052086,0.031607,-0.399237,-0.068592
-0.016931,0.054928,-0.283657,-0.138156
0.304327,0.062100,0.283164,-0.033749
0.305479,0.047043,0.256147,0.007172
0.191288,0.141039,-0.090017,0.080219
-0.023886,0.037383,-0.405780,0.008145
-0.106056,0.030155,-0.322670,0.014663
-0.225653,0.039091,-0.210582,0.013004
-0.293287,0.041643,-0.114418,-0.018065
0.222981,-0.161028,0.481815,-0.085237
-0.245418,-0.215356,0.083819,-0.002491
-0.272475,-0.194722,0.070712,0.014616
-0.214875,-0.422712,0.216117,0.040814
-0.030268,-0.180278,0.443488,0.124903
0.086309,-0.041259,0.492184,0.067461
0.075582,-0.007533,0.342153,0.177374
-0.266212,0.009223,-0.199300,0.072165
-0.286150,0.032132,-0.203220,0.073103
0.035383,0.096173,0.320935,0.163267
0.088468,0.087116,0.327979,0.112281
-0.263864,0.031649,-0.199159,0.047243
-0.239446,0.027852,-0.200218,0.027672
0.024877,0.120695,0.314912,0.082389
0.105027,0.120437,0.364377,0.021909
-0.196216,0.036374,-0.170413,-0.053887
-0.202912,0.036884,-0.170081,-0.048033
-0.288090,0.038404,-0.114760,-0.019683
-0.117478,-0.184742,-0.006843,-0.075070
0.017721,-0.448387,0.067233,-0.020240
0.016554,-0.472125,0.067399,0.004316
0.006008,-0.485890,0.067526,0.028604
-0.014633,-0.481472,0.068141,0.045735
-0.036412,-0.457784,0.067623,0.048981
-0.052699,-0.423619,0.062700,0.051325
-0.055119,-0.371441,0.056944,0.056135
-0.026631,-0.284863,0.068224,0.071050
0.045414,-0.153767,0.102163,0.094417
0.256765,-0.005404,0.070077,0.086356
0.087641,0.007837,-0.478772,0.034162
0.089232,0.025063,-0.519809,0.028125
0.410033,0.076882,0.053745,0.066912
0.406604,0.072542,0.062451,0.068686
0.084237,0.030876,-0.520265,0.028622
0.060731,0.026179,-0.496182,0.025424
0.036242,0.037466,-0.246107,-0.041538
0.298582,0.115179,0.202425,-0.004133
-0.052068,0.054741,-0.267162,-0.104892
-0.092103,0.053608,-0.292166,-0.053370
0.245823,0.074798,0.311247,-0.016017
0.262969,0.059796,0.308922,-0.015836
-0.071917,0.059378,-0.256423,-0.098089
-0.126167,0.052459,-0.295427,-0.013935
0.215851,0.072246,0.288288,0.039459
0.238087,0.059367,0.276423,0.041969
-0.118246,0.050634,-0.291876,0.003364
-0.104885,0.040105,-0.322087,0.002727
-0.271048,0.046347,-0.114292,-0.044796
0.110717,0.013027,0.332643,0.116021
-0.337188,0.005224,-0.006893,-0.034737
-0.332388,0.006875,-0.003907,-0.051953
-0.371756,0.003658,0.067787,-0.083286
0.073029,0.060419,0.544704,-0.062297
0.090851,0.055544,0.529325,-0.059862
0.129210,0.066163,0.493351,-0.072867
0.183308,0.101832,0.379800,-0.049438
-0.178595,0.033984,-0.199586,-0.039944
-0.202208,0.030391,-0.204691,-0.007634
-0.238378,0.041721,-0.103152,-0.075806
-0.180231,-0.148288,0.014194,-0.069808
-0.053190,-0.438854,0.062866,0.067026
-0.036769,-0.316046,0.064644,0.131229
0.111799,-0.047437,0.133009,0.190427
0.277108,0.071648,0.082166,0.125645
0.093437,0.042182,-0.455702,0.069080
0.095809,0.038925,-0.507968,0.020234
0.430185,0.072373,0.071965,0.032294
0.428840,0.067417,0.082205,0.030612
0.103013,0.031240,-0.515196,0.000225
0.080625,0.030342,-0.503555,0.008864
0.291332,0.125323,-0.025256,0.098355
0.216086,0.115744,-0.035366,0.088028
-0.024119,0.036381,-0.402330,0.005929
-0.090266,0.031221,-0.321622,-0.003389
-0.211646,0.037764,-0.191171,-0.019088
-0.273603,0.045945,-0.114956,-0.041289
0.128362,0.007447,0.363494,0.097549
-0.375121,-0.010109,0.067797,-0.063115
-0.288647,0.020437,0.155785,-0.258107
0.102389,0.040713,0.527369,-0.054614
0.147321,0.034078,0.505606,-0.071148
0.221697,0.036529,0.439261,-0.081630
0.295045,0.065292,0.335662,-0.080142
-0.008671,0.046664,-0.184855,-0.236840
-0.072241,0.018637,-0.233449,-0.097071
0.271692,0.025710,0.336743,-0.018293
0.286677,0.009074,0.308942,0.011159
0.143295,0.033035,-0.041296,0.046126
-0.019973,0.008637,-0.380672,0.007867
-0.088239,0.007995,-0.316869,0.012994
-0.235268,0.017230,-0.178711,0.012608
0.079168,0.090588,0.358617,0.086158
-0.231897,0.044059,-0.098317,-0.082225
-0.116922,-0.037268,-0.393081,0.172004
-0.031295,-0.056326,0.150425,-0.035758
0.238827,-0.064057,0.068979,-0.069687
0.057040,-0.004298,-0.381040,-0.055493
0.088624,0.001388,-0.430923,-0.043197
0.404083,-0.011207,0.001182,-0.073718
0.449270,0.041006,0.060799,-0.050229
0.101692,0.016395,-0.458942,-0.043251
0.062704,0.016612,-0.436527,-0.026923
0.096036,-0.029272,-0.179973,-0.034239
0.315846,0.055165,0.220165,0.022848
0.059338,-0.025046,-0.152424,-0.061419
-0.048126,0.039662,-0.345241,-0.030435
-0.111631,0.043019,-0.253908,-0.061602
0.232788,0.075846,0.330394,-0.023173
0.251196,0.057317,0.331991,-0.024648
-0.037538,0.066012,-0.202489,-0.158437
-0.088988,0.056811,-0.249144,-0.102126
0.250563,0.059800,0.331161,-0.025669
0.277585,0.043642,0.319316,-0.024687
0.129277,0.087513,-0.043394,-0.069279
-0.022012,0.027220,-0.394492,0.005143
-0.100577,0.027073,-0.329649,0.019036
-0.171309,0.055282,-0.037995,-0.000612
-0.305798,0.012483,-0.025048,-0.002593
-0.391509,-0.012145,0.042182,-0.018301
0.082167,0.034543,0.519443,-0.022966
0.105472,0.030386,0.521294,-0.041297
0.111694,0.051573,0.504585,-0.052060
-0.233068,0.036016,0.050797,-0.237806
-0.205248,0.042995,0.055169,-0.276885
0.190871,0.055243,0.438301,-0.068558
0.239267,0.047715,0.383328,-0.054453
0.296878,0.052495,0.305721,-0.039240
0.022544,0.080277,-0.199870,-0.100245
-0.071389,0.045879,-0.365242,0.006630
0.115915,0.144757,0.154575,0.064034
-0.094802,-0.033548,-0.409560,0.168174
0.196800,-0.161075,-0.186536,-0.032994
0.156484,-0.153068,-0.269478,-0.093531
0.127978,-0.080207,-0.319449,-0.111460
0.303966,-0.109028,-0.052984,-0.157421
0.434271,0.015035,0.203540,-0.047829
0.429499,0.051340,0.056073,-0.076994
0.095052,0.021796,-0.453620,-0.047358
0.039697,0.025352,-0.419897,-0.029287
0.014849,0.011434,-0.199501,-0.051525
0.277783,0.077382,0.239622,0.020599
-0.022454,0.018350,-0.185049,-0.084765
-0.060665,0.041963,-0.324519,-0.040922
0.070039,0.152747,0.127437,0.051113
-0.106040,-0.010697,-0.423840,0.169043
0.220618,-0.127569,-0.175460,-0.215253
0.462394,0.042681,0.138229,-0.067625
0.460466,0.059178,0.151091,-0.073184
0.143044,0.026199,-0.454130,-0.097429
0.130011,0.030638,-0.480360,-0.063439
0.442393,0.075639,0.099716,-0.011490
0.415264,0.060711,0.124464,0.011040
0.083231,0.038513,-0.481981,-0.019344
0.027739,0.037984,-0.437226,-0.012589
0.254873,0.144406,0.122193,0.041034
0.250413,0.145225,0.151263,0.038719
0.111086,0.155632,0.154834,0.064520
-0.046955,-0.168102,-0.086608,-0.079577
0.113191,-0.159931,-0.346024,0.008622
0.116799,-0.145894,-0.382978,0.028013
0.351926,-0.208155,0.040919,0.162147
0.371843,-0.118010,0.098013,0.173973
0.024574,-0.065072,-0.393729,0.050202
-0.047555,-0.027569,-0.358181,0.049164
-0.223932,-0.001219,-0.212633,0.055503
0.172591,0.045528,0.336517,0.061212
0.202051,0.048550,0.300266,0.064985
0.174895,0.150726,0.195715,0.066462
-0.032006,-0.102591,0.233300,-0.185070
-0.090373,-0.159430,-0.048120,0.090938
-0.306767,-0.102116,-0.000107,0.099202
-0.353255,-0.049411,-0.007751,0.103928
-0.418310,0.000568,0.010142,0.074954
-0.444603,0.034372,0.057040,0.060549
-0.381367,0.046257,0.133753,0.032689
-0.055496,0.092078,0.464702,0.052581
-0.011973,0.099695,0.470373,0.043169
-0.409515,0.034634,-0.004350,-0.004811
-0.404649,0.034438,-0.008806,-0.005056
0.038143,0.075831,0.493164,0.008718
0.095742,0.061123,0.453062,0.005930
0.117891,0.097684,0.379145,0.021130
-0.221758,0.040386,-0.200350,-0.002420
-0.228249,0.038840,-0.197915,0.003183
0.095424,0.108871,0.367643,0.043852
-0.151957,0.081462,-0.033056,-0.065394
0.108377,0.013280,0.328943,0.118116
-0.311022,0.005014,-0.014742,-0.054577
-0.308434,0.010049,-0.009703,-0.072868
-0.377569,0.010466,0.058604,-0.075344
0.062404,0.069120,0.547031,-0.062721
0.068430,0.063284,0.531185,-0.047042
0.093906,0.068334,0.494693,-0.041076
-0.259931,0.047026,-0.112403,-0.057389
0.159958,-0.115743,0.420264,-0.136064
-0.230815,-0.176303,0.012222,0.022858
-0.199567,-0.151202,-0.035151,0.042705
-0.305433,-0.110854,-0.007596,0.049318
-0.416891,-0.056465,0.073671,0.045494
-0.227263,-0.105042,0.327135,0.129831
-0.196036,-0.050084,0.309526,0.157817
-0.421132,0.018686,-0.023324,0.041926
-0.420254,0.030376,-0.036244,0.042204
0.008228,0.078535,0.474537,0.054507
0.060670,0.064372,0.439775,0.051039
-0.112983,0.101557,0.153819,0.109211
-0.223096,0.034727,-0.190075,-0.005694
-0.220088,0.035196,-0.182449,-0.016780
-0.347039,0.036923,-0.035940,-0.038079
0.097350,0.072391,0.458243,-0.012128
0.159833,0.055794,0.427879,-0.027648
0.182930,0.143437,0.197673,0.065700
-0.081664,-0.190208,-0.041098,-0.071031
0.216231,-0.425380,-0.079272,0.023096
0.323165,-0.345319,0.087698,0.039195
0.417446,-0.191488,0.104065,0.065637
0.417355,-0.094627,-0.060303,0.115226
0.095397,-0.018216,-0.514989,0.054225
0.037642,0.008078,-0.499941,0.070143
-0.010186,0.075419,-0.331310,0.169278
0.175965,0.124737,0.018672,0.275435
-0.146077,0.036471,-0.351270,0.082771
-0.139775,0.034161,-0.352976,0.074486
-0.205643,0.019463,-0.254906,0.056962
-0.318840,0.020910,-0.086303,0.010755
0.124907,0.044651,0.435877,0.010390
0.189238,0.022345,0.423507,-0.019241
0.162607,0.057258,0.235315,-0.061150
-0.107081,0.034689,-0.268271,-0.043479
-0.135450,0.035498,-0.241650,-0.042538
-0.228415,0.049659,-0.056498,-0.148872
0.180601,0.060360,0.420650,-0.045754
0.234804,0.050652,0.373337,-0.042935
0.290456,0.094702,0.261941,-0.031309
-0.082954,0.044090,-0.329706,-0.015551
-0.171277,0.055311,-0.037971,-0.000611
-0.125888,-0.177517,-0.012269,-0.068449
-0.174969,-0.335203,0.118232,0.013819
-0.091806,-0.406388,0.070275,0.045436
-0.108076,-0.392854,0.060207,0.066097
-0.124268,-0.346171,0.054371,0.067951
-0.119092,-0.276826,0.060528,0.081129
-0.058405,-0.147429,0.095428,0.118700
-0.009628,-0.050442,0.106605,0.129685
0.201193,0.052721,0.087547,0.116714
0.061114,0.035841,-0.475923,0.034490
0.091813,0.035291,-0.506398,0.006746
0.448786,0.080384,0.056185,0.010987
0.459561,0.070360,0.073918,-0.003434
0.124110,0.022999,-0.507582,-0.022596
0.110420,0.019386,-0.498969,-0.014903
0.358819,0.125433,-0.003101,0.036852
0.340104,0.122016,0.043540,0.089611
-0.009407,0.035986,-0.441944,0.031256
-0.074887,0.038580,-0.383219,0.035398
-0.270197,0.047053,-0.114490,-0.046076
0.177734,-0.120820,0.439724,-0.128600
-0.289387,-0.155004,0.032080,0.036631
-0.289342,-0.116927,-0.024261,0.055977
-0.390336,-0.059361,0.013488,0.057798
-0.404738,-0.058518,0.125026,0.078383
-0.026671,0.063395,0.515179,0.056613
-0.006638,0.070553,0.491397,0.060429
-0.076877,0.115761,0.311122,0.228879
-0.313438,0.034282,-0.129883,0.024899
-0.291333,0.034405,-0.144466,0.017264
-0.387338,0.040706,0.003466,-0.039902
0.088608,0.068633,0.475912,-0.017296
0.163635,0.053805,0.434121,-0.035704
0.221285,0.063578,0.338394,-0.007400
-0.125526,0.059251,-0.220641,-0.061659
0.107984,0.139979,0.148172,0.061328
-0.101632,-0.184284,-0.031174,-0.066992
0.164022,-0.472029,0.052900,0.020869
0.084579,-0.462859,0.100959,0.027184
0.109674,-0.346597,0.116590,0.055520
0.182361,-0.180788,0.152975,0.075336
0.318870,-0.029855,0.102977,0.067691
0.210312,-0.008688,-0.358540,0.114055
0.084912,0.017619,-0.526527,0.041618
0.095337,0.051671,-0.486823,0.073718
0.316831,0.126067,-0.092131,0.156406
0.030080,0.038783,-0.481283,0.031306
-0.035108,0.036491,-0.388316,0.002828
-0.080359,0.033469,-0.320950,-0.016282
-0.286880,0.043076,-0.115887,-0.024422
0.117579,0.011884,0.342460,0.110045
-0.363230,0.006196,0.018296,-0.041649
-0.354050,0.007919,0.020989,-0.058367
-0.329391,0.021531,0.124327,-0.186525
0.081906,0.054531,0.528596,-0.049177
0.121755,0.047108,0.510300,-0.063308
0.201174,0.044707,0.441594,-0.071618
0.261515,0.052951,0.350024,-0.048633
0.252716,0.160138,0.146186,-0.026285
-0.032093,0.031177,-0.372523,-0.010702
-0.101469,0.028974,-0.319715,0.008074
-0.271550,0.038786,-0.116234,-0.035060
0.200431,-0.131283,0.461415,-0.110107
-0.291389,-0.164703,0.052650,0.026397
-0.308626,-0.134895,0.016487,0.046962
-0.400316,-0.082173,0.053606,0.049242
-0.071791,-0.046719,0.475231,0.128398
-0.003802,0.045200,0.515934,0.055352
0.024265,0.068015,0.426259,0.096725
-0.366293,0.033768,-0.112586,0.061037
-0.356201,0.036329,-0.116063,0.051807
0.076882,0.076503,0.418758,0.043712
0.119699,0.065674,0.418081,0.012403
-0.242679,0.048737,-0.102344,-0.086193
-0.246596,0.044099,-0.136317,-0.045305
0.178166,0.067757,0.374133,-0.004199
0.214672,0.052775,0.352322,-0.003912
0.237298,0.140395,0.211770,0.018910
-0.074747,0.112633,0.022850,-0.024281
-0.082139,-0.025019,-0.421042,0.165734
0.284153,-0.149079,-0.096489,-0.090604
0.230044,-0.167922,-0.179013,-0.191838
0.468994,0.018943,0.150233,-0.062461
0.468277,0.037117,0.152809,-0.054638
0.136009,0.018277,-0.439158,-0.098335
0.103893,0.028504,-0.451098,-0.065426
0.405669,0.106338,0.108398,-0.022768
0.382446,0.092594,0.120413,0.010890
0.018457,0.038493,-0.457532,0.016772
-0.040809,0.039452,-0.403315,0.020539
-0.145696,0.046780,-0.218532,-0.016578
0.211543,0.113838,0.273537,0.016683
-0.138667,0.050068,-0.166038,-0.128741
0.113535,0.155324,0.156353,0.065043
-0.111217,-0.012329,-0.419823,0.170294
0.380339,-0.024773,0.062333,-0.084227
0.159856,-0.012858,-0.332618,-0.195932
0.141435,0.014005,-0.414361,-0.124556
0.473336,0.060290,0.151956,-0.080412
0.467315,0.065214,0.154335,-0.077436
0.159918,0.031894,-0.450029,-0.125158
0.125510,0.012967,-0.461406,-0.060975
0.427736,0.057969,0.132936,-0.008057
0.404703,0.026384,0.163677,0.018808
0.023177,0.020802,-0.450121,0.030447
-0.020071,0.026496,-0.424691,0.034133
-0.124715,0.048028,-0.359367,0.051914
-0.236161,0.054614,-0.095102,-0.083891
0.133856,0.005163,0.344512,0.100101
-0.380541,-0.006218,0.023393,-0.011400
-0.382636,-0.005473,0.034950,-0.028995
0.064603,0.052478,0.509563,-0.046452
0.096062,0.041179,0.516671,-0.038064
0.014370,0.084148,0.410262,-0.088180
-0.281492,0.022156,-0.060953,-0.063853
-0.275020,0.027511,-0.073257,-0.063376
0.096250,0.103889,0.462900,-0.053390
0.134859,0.073724,0.464577,-0.057304
-0.200674,0.037445,-0.063796,-0.157116
-0.204268,0.008915,-0.083473,-0.105315
0.203472,0.016098,0.428830,-0.032543
0.247472,0.001052,0.376405,-0.009073
0.291937,0.039440,0.248141,0.033512
-0.074288,0.010046,-0.344751,0.024900
-0.126846,0.018882,-0.308418,0.032242
-0.035915,0.062264,0.069401,0.133554
0.094058,0.129002,0.200510,0.161901
-0.171266,0.055320,-0.037962,-0.000611
-0.080350,-0.042701,-0.252311,-0.008532
-0.285748,-0.056721,0.051382,-0.041021
-0.002850,0.047558,0.129053,-0.101469
0.166078,0.060518,0.090553,-0.130892
0.050074,0.024181,-0.361156,-0.096729
0.089705,0.020455,-0.435827,-0.058437
0.473380,0.071279,0.091746,-0.049775
0.478368,0.074015,0.092558,-0.050909
0.128593,0.030888,-0.484298,-0.059285
0.117054,0.028224,-0.484357,-0.045046
0.388425,0.141588,0.002602,-0.015156
0.379875,0.125993,0.049951,0.038728
0.020806,0.032533,-0.454551,0.017103
-0.040239,0.036833,-0.398481,0.017748
-0.181645,0.067994,-0.057382,-0.079741
-0.148896,-0.161709,-0.004670,-0.068851
-0.111288,-0.402794,0.129518,0.072631
-0.048428,-0.359812,0.057350,0.099228
0.049002,-0.162094,0.100390,0.157740
0.272118,0.031867,0.080796,0.123304
0.107395,0.017440,-0.445623,0.098830
0.069803,0.036741,-0.523196,0.049574
0.395714,0.070983,0.053806,0.089193
0.413312,0.063173,0.062755,0.070749
0.090108,0.023040,-0.509330,0.012857
0.056760,0.020120,-0.458174,-0.002822
-0.010976,0.035320,-0.276509,-0.123787
0.313180,0.054388,0.295757,-0.047478
0.333681,0.048352,0.280981,-0.047163
0.089408,0.085652,-0.198486,-0.190337
-0.020478,0.040145,-0.377180,-0.026612
-0.121914,0.050949,-0.295315,-0.015377
0.226334,0.063638,0.282805,0.043069
0.249017,0.054860,0.265746,0.046217
-0.033562,0.091743,-0.204532,0.036946
-0.029812,0.120136,0.055848,0.000530
-0.066660,-0.179215,-0.062545,-0.075325
0.120612,-0.162703,-0.354609,0.012656
0.413585,-0.236183,-0.022718,0.081532
0.469240,-0.119139,0.036708,0.101291
0.103811,-0.054043,-0.490855,0.057636
0.003634,-0.020954,-0.432980,0.066165
-0.069107,0.013851,-0.394871,0.065991
-0.240892,0.044523,-0.266293,0.078889
0.115130,0.084847,0.303417,0.112453
0.163512,0.064349,0.309333,0.078637
-0.213468,0.034902,-0.258004,0.055359
-0.206567,0.027662,-0.226651,0.021419
0.110013,0.101441,0.350911,0.052521
0.165732,0.092853,0.370690,-0.013531
-0.158365,0.040133,-0.222085,-0.043825
-0.179156,0.038766,-0.195763,-0.047989
-0.243064,0.052977,-0.100248,-0.079651
0.124363,0.009519,0.364232,0.099209
-0.372774,-0.006556,0.064156,-0.067945
-0.319240,0.025144,0.120943,-0.209997
0.098933,0.050309,0.532449,-0.065834
0.137375,0.045036,0.513957,-0.080511
0.209480,0.045190,0.443212,-0.082025
0.279128,0.059171,0.338142,-0.060585
-0.053749,0.029804,-0.220189,-0.139193
-0.101417,0.020718,-0.248246,-0.054980
0.237606,0.032513,0.330788,0.014948
0.265507,0.029556,0.283261,0.037528
0.209250,0.124441,0.042593,0.115041
-0.038735,0.034194,-0.396742,0.017143
-0.105469,0.029715,-0.327397,0.019044
-0.306469,0.036390,-0.103862,-0.010196
0.183495,-0.123108,0.445419,-0.124518
-0.291782,-0.155757,0.037486,0.033982
-0.299712,-0.117900,-0.016854,0.056559
-0.403190,-0.055389,0.018766,0.061150
-0.314809,-0.069851,0.225209,0.145889
-0.015913,0.060313,0.522384,0.044994
0.013192,0.061291,0.508441,0.032882
0.024273,0.095246,0.382288,0.109522
-0.305864,0.031783,-0.131596,0.021538
-0.304275,0.034353,-0.141436,0.027218
0.002374,0.123130,0.351344,0.135537
-0.292832,0.040714,-0.114610,-0.017403
0.173997,-0.120372,0.433702,-0.127665
-0.234018,-0.184909,0.026904,0.015401
-0.268060,-0.164253,0.020980,0.033463
-0.370107,-0.137839,0.096601,0.038688
-0.205570,-0.264572,0.337704,0.075561
0.014512,-0.013389,0.523948,0.050164
0.049073,0.014555,0.493917,0.057562
0.039584,0.048392,0.342429,0.157275
-0.280542,0.025943,-0.185524,0.055985
-0.291664,0.036727,-0.193104,0.063903
-0.032824,0.122708,0.282648,0.237734
0.049958,0.091824,0.358336,0.115709
-0.261289,0.033165,-0.188301,0.032285
-0.254064,0.031058,-0.163445,0.002311
-0.170041,0.075132,0.169456,-0.121222
0.147783,0.056607,0.446446,-0.034979
0.219000,0.049640,0.383338,-0.036121
0.282565,0.054514,0.317390,-0.038614
-0.010381,0.050867,-0.209634,-0.187547
-0.072517,0.035904,-0.255611,-0.090415
0.255683,0.038117,0.313848,0.008206
0.281786,0.037714,0.252919,0.043412
0.268983,0.138695,0.040122,0.139930
-0.034197,0.037929,-0.409632,0.021765
-0.091967,0.031499,-0.327209,0.003575
-0.298057,0.038032,-0.111441,-0.012669
-0.129926,-0.022897,-0.398567,0.174514
0.065553,-0.011479,0.172580,-0.051200
0.267364,-0.022267,0.083957,-0.080431
0.065198,0.006955,-0.395839,-0.060349
0.098111,0.011400,-0.445938,-0.047691
0.447933,0.052909,0.031281,-0.061384
0.468599,0.071255,0.067667,-0.037868
0.107840,0.024761,-0.485785,-0.030742
0.061038,0.020441,-0.458431,-0.007169
0.044433,0.008283,-0.229007,-0.067100
0.309144,0.097864,0.214986,-0.007887
-0.023080,0.051201,-0.247346,-0.160878
-0.063529,0.057165,-0.274304,-0.103434
0.262256,0.067771,0.308307,-0.022484
0.274507,0.054653,0.286509,0.000182
-0.042353,0.068154,-0.253007,-0.087332
0.142399,0.144541,0.171651,0.068647
-0.019267,-0.001535,0.158151,0.178353
0.080602,0.162857,0.002509,-0.033810
-0.064971,0.114637,0.053360,-0.057325
-0.274298,0.038917,0.021528,-0.068611
-0.391015,0.007975,0.056972,-0.055210
-0.301120,0.022599,0.173279,-0.095017
0.057085,0.068690,0.537019,-0.046943
0.056635,0.063699,0.528624,-0.033100
0.099765,0.067181,0.465073,-0.016162
-0.171245,0.055340,-0.037946,-0.000611
-0.080889,-0.041566,-0.250311,-0.011145
-0.287009,-0.050395,0.052325,-0.051930
-0.008233,0.052424,0.123779,-0.123887
0.019961,0.084643,0.131904,-0.135769
0.189460,0.104821,0.108741,-0.111687
0.050073,0.029320,-0.390586,-0.072826
0.093980,0.026892,-0.454159,-0.050768
0.475076,0.084654,0.064888,-0.044659
0.476452,0.080388,0.068228,-0.033393
0.115018,0.030149,-0.502691,-0.026294
0.094981,0.029634,-0.503343,-0.005285
0.307006,0.132984,-0.065378,0.043733
0.259335,0.132155,-0.043229,0.035984
-0.005848,0.036465,-0.406800,-0.007956
-0.085422,0.031396,-0.326128,-0.003912
-0.290619,0.041791,-0.115343,-0.019955
-0.133176,-0.172707,-0.009922,-0.068320
-0.106714,-0.420233,0.124410,0.040638
-0.052900,-0.433013,0.062349,0.063374
-0.048403,-0.350509,0.057747,0.088579
0.028826,-0.189526,0.092280,0.129124
0.266898,0.012306,0.074182,0.113955
0.082971,0.012888,-0.483561,0.056948
0.088116,0.033676,-0.516164,0.032024
0.423399,0.079384,0.051975,0.050291
0.423953,0.071349,0.071606,0.041750
0.103038,0.032233,-0.514170,-0.001009
0.076940,0.030928,-0.479050,-0.012928
0.094052,0.100841,-0.192234,-0.114879
0.326269,0.106395,0.199607,-0.017019
0.005527,0.072211,-0.211900,-0.104833
-0.073223,0.045827,-0.363353,0.006620
0.070845,0.135960,0.123111,0.048207
0.084362,-0.101573,0.346434,-0.169814
0.018103,-0.144631,-0.058525,0.060817
-0.180947,-0.147570,-0.018366,0.075494
-0.289342,-0.105411,0.004990,0.068888
-0.397331,-0.042498,0.017197,0.063263
-0.428701,0.023898,0.074436,0.050791
-0.372969,0.062376,0.158561,0.027713
-0.071931,0.082008,0.469133,0.060466
-0.034862,0.091884,0.470559,0.068069
-0.425881,0.032170,-0.006395,0.016556
-0.414542,0.033274,-0.012726,0.010046
0.037527,0.076842,0.494221,0.007265
0.095947,0.064387,0.452413,0.003110
-0.220971,0.057615,-0.085523,-0.087390
0.165956,-0.117485,0.426459,-0.133316
-0.242221,-0.175970,0.019259,0.023203
-0.281392,-0.146985,0.008596,0.042760
-0.402664,-0.103782,0.092093,0.050906
-0.158380,-0.141655,0.395474,0.133584
-0.072737,-0.016542,0.430541,0.176524
-0.419080,0.010635,-0.020449,0.045646
-0.419582,0.025799,-0.032124,0.043225
0.038213,0.072949,0.459830,0.044861
0.095054,0.060960,0.439364,0.020479
-0.155203,0.079770,-0.035440,-0.066933
0.116187,0.009875,0.317141,0.115644
-0.272874,0.009236,-0.046652,-0.016554
-0.269568,0.000702,-0.049341,-0.037679
-0.379731,0.000759,0.042631,-0.046877
0.071339,0.055263,0.525435,-0.038709
0.084636,0.048820,0.522030,-0.039629
0.092376,0.068704,0.497682,-0.042917
-0.299479,0.039788,-0.022256,-0.102194
-0.283499,0.043253,-0.032844,-0.111052
0.138803,0.068310,0.444151,-0.035407
0.198645,0.054011,0.383790,-0.020589
0.253558,0.078388,0.299684,-0.015783
-0.104681,0.047208,-0.291470,-0.035186
-0.144169,0.037966,-0.253315,-0.024624
0.175069,0.109320,0.272827,0.058201
0.177010,0.144556,0.194211,0.067133
-0.098061,-0.165174,-0.048844,-0.071954
0.268157,-0.320611,-0.122967,0.066006
0.415288,-0.107566,0.086139,0.074700
0.398760,-0.000658,-0.049257,0.141129
0.076532,0.012247,-0.532034,0.060535
0.034946,0.028611,-0.519711,0.072374
0.054429,0.090188,-0.267273,0.218770
0.187276,0.084252,0.043262,0.230911
-0.118279,0.033855,-0.327069,0.027804
-0.146161,0.033832,-0.278528,0.006717
-0.119702,0.058102,0.026669,-0.129614
0.211727,0.049319,0.383244,-0.028433
0.254599,0.041844,0.357911,-0.038498
0.313112,0.090690,0.252461,-0.040519
-0.045575,0.049700,-0.338366,-0.049891
0.141251,0.152208,0.173523,0.069022
0.052049,0.008668,0.235878,0.153908
0.137513,0.162951,-0.057214,-0.021414
-0.041389,0.132489,0.059246,-0.047832
-0.092686,0.098554,0.048642,-0.055441
-0.293510,0.036264,0.024051,-0.060229
-0.396929,0.008610,0.057379,-0.050376
-0.221491,0.042577,0.257046,-0.098091
0.049980,0.070343,0.537111,-0.041583
0.057030,0.063937,0.529348,-0.034458
0.100968,0.067142,0.468521,-0.020774
-0.246064,0.052272,-0.102212,-0.077175
-0.117503,-0.029094,-0.401039,0.172366
-0.044957,-0.055402,0.148639,-0.004282
0.230964,-0.065356,0.065742,-0.046354
0.051888,-0.007634,-0.379532,-0.048503
0.085144,-0.001763,-0.428005,-0.039465
0.393859,-0.029066,-0.004479,-0.065887
0.441918,0.024117,0.059397,-0.039973
0.096806,0.010494,-0.448971,-0.042444
0.052989,0.018661,-0.410970,-0.044822
0.010276,0.028984,-0.257820,-0.163776
0.321143,0.051184,0.293381,-0.049860
0.335850,0.046112,0.282884,-0.048996
0.248389,0.127352,-0.054764,-0.098350
0.009918,0.033798,-0.410677,-0.017179
-0.070889,0.033199,-0.353368,0.006936
-0.171224,0.055359,-0.037929,-0.000610
-0.306265,0.012606,-0.024869,-0.001938
-0.396227,-0.015839,0.039328,-0.005051
0.078202,0.021926,0.514730,-0.001480
0.105648,0.016115,0.516075,-0.022008
0.110578,0.035701,0.507697,-0.038294
-0.189400,0.017705,0.086748,-0.298681
-0.169225,0.031549,0.073182,-0.318933
0.209796,0.043757,0.438842,-0.076539
0.260644,0.041335,0.386116,-0.072238
0.319151,0.053886,0.308946,-0.066129
0.029311,0.069280,-0.213835,-0.192623
-0.040421,0.039509,-0.362930,-0.020293
-0.141863,0.047374,-0.286132,-0.003149
0.210184,0.066100,0.310420,0.029146
0.233682,0.057253,0.292246,0.032670
-0.078969,0.081302,-0.216737,0.008707
-0.140152,0.085489,-0.024408,-0.059521
-0.092520,-0.034549,-0.409606,0.167712
0.284455,-0.091527,0.155439,-0.011006
0.349871,-0.086650,0.052573,-0.044657
0.080345,-0.012244,-0.398607,-0.053621
0.087397,-0.006612,-0.408105,-0.056818
0.174322,-0.086970,-0.206837,-0.223208
0.394513,0.033476,0.253828,-0.066356
0.381310,0.044414,0.237922,-0.049598
0.446060,0.096892,0.037345,-0.030848
0.092550,0.029817,-0.492579,-0.013856
0.022025,0.032842,-0.440739,0.001741
-0.088883,0.053683,-0.294694,-0.036364
0.245834,0.058955,0.295137,0.015920
0.268431,0.049842,0.282754,0.014815
-0.037871,0.059026,-0.245734,-0.121133
-0.081704,0.055022,-0.288384,-0.069037
0.261825,0.079105,0.303812,-0.028892
0.268186,0.059719,0.301653,-0.013707
-0.088362,0.059874,-0.284365,-0.040353
0.189281,0.144347,0.202303,0.062809
0.079765,0.009627,0.263230,0.139741
0.150550,0.166633,-0.059480,-0.006176
0.035995,0.173428,0.060632,-0.022748
-0.033538,0.138928,0.061496,-0.044073
-0.081127,0.109248,0.051127,-0.049253
-0.287655,0.042823,0.020003,-0.054240
-0.396140,0.007634,0.052394,-0.044214
-0.260636,0.025622,0.210967,-0.084783
0.054699,0.066223,0.530561,-0.035630
0.067766,0.058897,0.526117,-0.036924
0.110712,0.065744,0.482788,-0.043387
-0.224822,0.057886,-0.086932,-0.087102
-0.120511,-0.179991,-0.015566,-0.068050
-0.102428,-0.418117,0.123139,0.025555
-0.036592,-0.455958,0.067612,0.047784
-0.056837,-0.409737,0.058561,0.069352
-0.035991,-0.315069,0.063102,0.089334
0.052139,-0.149538,0.103312,0.125305
0.268958,0.021378,0.078657,0.106096
0.075771,0.017198,-0.494907,0.031852
0.103695,0.023596,-0.511948,0.011687
0.437384,0.074527,0.051662,0.038472
0.430219,0.074343,0.061616,0.039761
0.098709,0.027948,-0.520968,0.011115
0.068170,0.030314,-0.502078,0.019569
0.170326,0.136792,-0.130535,0.097400
0.095353,0.126357,-0.125194,0.081408
-0.044104,0.038945,-0.395018,0.016042
-0.112838,0.029522,-0.318871,0.018245
-0.243022,0.035628,-0.172396,-0.004350
-0.257631,0.054075,0.058387,-0.184291
0.146857,0.056340,0.444481,-0.031820
0.213680,0.050004,0.380020,-0.027848
0.279817,0.052123,0.310034,-0.026120
-0.021838,0.049176,-0.224715,-0.154496
-0.081086,0.036545,-0.268787,-0.070060
0.251721,0.043857,0.308862,0.011411
0.275487,0.039494,0.260241,0.040620
0.217429,0.157540,0.004060,0.125485
-0.038787,0.037945,-0.400258,0.016960
-0.106286,0.030510,-0.327277,0.018985
-0.314088,0.036279,-0.096249,-0.010080
0.183826,-0.124417,0.443024,-0.120391
-0.227678,-0.191013,0.033920,0.007778
-0.214806,-0.175165,-0.009453,0.026554
-0.307903,-0.143342,0.028379,0.044658
-0.390176,-0.156387,0.125925,0.053409
-0.063065,-0.078079,0.480198,0.112945
0.011030,0.025837,0.507724,0.060612
-0.190283,-0.036146,0.204709,0.205903
-0.330412,0.025376,-0.138677,0.059577
-0.334039,0.033457,-0.142702,0.059151
-0.363821,0.043480,0.039988,0.048932
0.077070,0.062207,0.451317,0.025262
0.165131,0.056545,0.394823,-0.000642
0.210976,0.066973,0.337998,-0.000091
-0.132031,0.055873,-0.242979,-0.061701
0.076077,0.149751,0.130125,0.052743
0.111563,-0.105905,0.367984,-0.150206
0.004960,-0.186398,-0.060465,-0.035242
-0.052921,-0.219405,-0.036914,-0.010255
-0.123298,-0.240693,0.013406,0.014251
-0.139983,-0.232098,0.013694,0.035617
-0.175252,-0.208009,0.014023,0.062880
-0.226704,-0.168179,0.009869,0.075365
-0.276135,-0.122557,0.006002,0.073535
-0.395325,-0.052417,0.017439,0.069867
-0.425701,0.034308,0.080235,0.082038
-0.376698,0.067190,0.150330,0.058504
-0.065767,0.087038,0.466862,0.060803
-0.023229,0.095577,0.472798,0.046147
-0.406631,0.031580,-0.002128,-0.006795
-0.401834,0.031546,-0.005978,-0.007748
0.036509,0.074268,0.498510,0.006568
0.096310,0.063128,0.453330,0.003089
-0.160706,0.067049,-0.044347,-0.072782
-0.123124,-0.178606,-0.014271,-0.068119
-0.086368,-0.410799,0.115851,0.001890
-0.001766,-0.454507,0.071390,0.001448
-0.004459,-0.457803,0.071423,0.007464
-0.019684,-0.463060,0.070301,0.030566
-0.046086,-0.445013,0.064999,0.056528
-0.054384,-0.381211,0.056732,0.074280
-0.009733,-0.261238,0.074314,0.102733
0.094665,-0.081103,0.125290,0.131160
0.285071,0.055667,0.090883,0.098129
0.073079,0.024908,-0.496096,0.034160
0.100657,0.029837,-0.513046,0.011680
0.437531,0.079375,0.050933,0.033806
0.430566,0.071748,0.071062,0.033878
0.104235,0.031090,-0.516760,0.001637
0.076378,0.031088,-0.503704,0.012377
0.288736,0.138750,-0.001375,0.103613
0.225857,0.137405,-0.003075,0.100163
-0.027371,0.038586,-0.403656,0.008302
-0.098912,0.031482,-0.327787,0.011141
-0.227630,0.038494,-0.198867,0.003863
-0.272662,0.046224,-0.114820,-0.042606
-0.149277,-0.016948,-0.390023,0.177670
0.180692,0.009983,0.176988,-0.049371
0.274899,-0.009730,0.088706,-0.084067
0.076803,0.013338,-0.396140,-0.078026
0.105081,0.015153,-0.443581,-0.060768
0.447268,0.068804,0.023326,-0.093263
0.472647,0.089684,0.075645,-0.071072
0.123580,0.031073,-0.477455,-0.061327
0.082240,0.029636,-0.448739,-0.047275
0.182677,0.129498,-0.112762,-0.071100
0.241535,0.157604,0.007733,0.070999
-0.029114,0.036576,-0.409124,0.017527
-0.099553,0.031658,-0.335197,0.018990
-0.171240,0.055345,-0.037942,-0.000610
-0.080509,-0.042298,-0.251622,-0.009472
-0.286254,-0.054073,0.051871,-0.045693
-0.005784,0.049551,0.126304,-0.114674
0.019915,0.080786,0.132045,-0.133651
0.193039,0.097488,0.106861,-0.110109
0.052503,0.029753,-0.387774,-0.078359
0.092801,0.025949,-0.452611,-0.050201
0.475153,0.083554,0.065981,-0.043207
0.478877,0.078143,0.078875,-0.044297
0.126058,0.031129,-0.494606,-0.046392
0.107519,0.029914,-0.500949,-0.020511
0.376482,0.122305,0.029415,0.057514
0.346310,0.116296,0.042321,0.084258
0.007957,0.038545,-0.444109,0.013492
-0.048494,0.038684,-0.378641,0.004316
-0.230662,0.056040,-0.091070,-0.085913
-0.132366,-0.174919,-0.007607,-0.069234
-0.079470,-0.439275,0.114411,0.027689
-0.038149,-0.453595,0.066989,0.049855
-0.054659,-0.399338,0.057368,0.077060
-0.014765,-0.277673,0.071291,0.107825
0.095471,-0.084976,0.123835,0.140598
0.286726,0.060441,0.090092,0.105534
0.085057,0.024326,-0.478205,0.039736
0.102600,0.031975,-0.509398,0.011651
0.436298,0.074784,0.061641,0.030857
0.430315,0.066936,0.081055,0.030043
0.108012,0.032609,-0.513571,-0.002359
0.084800,0.031189,-0.507363,0.007842
0.332435,0.129707,0.031142,0.087500
0.299665,0.130804,0.045602,0.091785
-0.019135,0.038809,-0.409471,0.005661
-0.087140,0.033345,-0.335930,0.005606
-0.229570,0.040116,-0.206853,0.012166
0.104489,0.101677,0.363082,0.046593
0.166574,0.079994,0.345754,0.023532
-0.205114,0.039928,-0.200658,-0.018294
-0.268851,0.046544,-0.113514,-0.047824
0.113797,0.012657,0.337923,0.113137
-0.344566,0.006468,0.008009,-0.049479
-0.332358,0.010068,0.010327,-0.071370
-0.366322,0.012983,0.082177,-0.112021
0.073680,0.065049,0.539075,-0.061947
0.098415,0.056815,0.528501,-0.067875
0.171725,0.052068,0.467932,-0.075869
0.239638,0.043292,0.395853,-0.062929
-0.108328,-0.007095,-0.177358,-0.091337
-0.135189,-0.015968,-0.195704,-0.037260
0.227923,0.017977,0.354585,0.015349
0.242653,0.011934,0.320457,0.040810
0.178872,0.075863,0.068833,0.137771
-0.061623,0.027747,-0.382999,0.032734
-0.120595,0.029100,-0.322816,0.030197
-0.310995,0.035140,-0.097968,-0.010315
-0.128882,-0.036123,-0.385795,0.174038
0.093120,-0.045954,0.176790,-0.004559
0.224013,-0.088680,0.058158,-0.051368
0.053174,-0.010856,-0.371802,-0.054295
0.085222,-0.004741,-0.415752,-0.048845
0.368119,-0.049266,-0.029289,-0.114030
0.434817,0.029005,0.050448,-0.071923
0.101995,0.016173,-0.449440,-0.052860
0.062896,0.024243,-0.414125,-0.057154
0.044126,0.038619,-0.224396,-0.195896
0.311103,0.042816,0.264328,-0.002429
0.326617,0.042844,0.247495,-0.001302
0.342009,0.121787,0.013420,0.030476
0.014515,0.035364,-0.416490,-0.017527
-0.045483,0.035898,-0.359002,-0.015546
-0.234121,0.055330,-0.093998,-0.084815
-0.132921,-0.174226,-0.008017,-0.068963
-0.087452,-0.434219,0.116632,0.031030
-0.042286,-0.450137,0.066115,0.053421
-0.053336,-0.378281,0.056832,0.093762
0.017460,-0.214614,0.086319,0.137360
0.257350,0.000690,0.069113,0.128355
0.076898,0.013679,-0.490677,0.061667
0.089386,0.033435,-0.516020,0.030457
0.424205,0.079293,0.052360,0.049122
0.421718,0.071125,0.071478,0.044662
0.105321,0.032039,-0.513254,-0.004501
0.081318,0.031193,-0.480296,-0.016317
0.204648,0.136801,-0.075816,-0.062958
0.144784,0.137953,-0.076986,-0.081065
-0.010152,0.028902,-0.381368,-0.021523
-0.085345,0.023341,-0.322432,0.000330
-0.229088,0.034511,-0.196294,0.006729
-0.264952,0.039678,-0.115718,-0.042928
0.135232,0.003739,0.361625,0.095096
-0.369701,-0.018536,0.080319,-0.043670
-0.176841,0.030877,0.274103,-0.132862
0.089519,0.046488,0.512045,-0.032389
-0.333262,0.028061,0.043159,-0.121949
-0.297962,0.036836,0.065353,-0.187620
0.133772,0.046594,0.483805,-0.048313
0.205772,0.031377,0.432070,-0.053361
0.256163,0.055434,0.347697,-0.043436
0.000615,0.062455,-0.139877,-0.262452
-0.049753,0.057442,-0.190274,-0.200693
0.273449,0.049772,0.337739,-0.045103
0.298575,0.028921,0.319376,-0.031016
0.339659,0.100600,0.142718,0.016936
-0.002589,0.015631,-0.390482,-0.006698
-0.060784,0.010963,-0.328760,-0.005559
-0.224880,0.022389,-0.183930,0.002293
0.168965,0.061592,0.345968,0.039329
0.198589,0.049285,0.330744,0.037238
0.109901,0.151514,0.059349,0.142775
-0.117999,0.042219,-0.337510,0.029151
-0.143694,0.035285,-0.305990,0.030351
-0.299040,0.035815,-0.148196,0.027281
0.044216,0.105555,0.372147,0.093846
0.117728,0.079847,0.412614,0.005667
-0.241473,0.039089,-0.152563,-0.029195
-0.296938,0.040781,-0.113127,-0.014849
0.197331,-0.130841,0.456211,-0.109515
-0.237603,-0.192095,0.043772,0.008357
-0.234738,-0.179515,0.009206,0.024835
-0.292697,-0.160804,0.048998,0.023911
-0.253565,-0.384014,0.234166,0.028341
-0.077474,-0.217677,0.432013,0.058699
0.079700,-0.075431,0.513686,0.034545
0.090201,-0.099051,0.402298,0.102382
-0.228632,-0.062855,-0.116362,0.023768
-0.243294,-0.040209,-0.127335,0.026707
0.144297,0.019936,0.408474,0.042857
0.189792,0.022335,0.364149,0.039579
0.045128,0.034861,0.048442,0.134441
-0.135243,0.029595,-0.311174,0.032683
-0.165487,0.032514,-0.287463,0.036330
-0.317457,0.035225,-0.130199,0.028296
-0.290142,0.042174,-0.115418,-0.020736
0.227904,-0.163943,0.490542,-0.083190
-0.257139,-0.377440,0.218223,0.041539
-0.307172,-0.321818,0.203110,0.077030
-0.041485,-0.039391,0.447536,0.204356
-0.009099,0.040638,0.410054,0.168200
-0.388430,0.030272,-0.107776,0.082292
-0.380686,0.034606,-0.122787,0.084820
0.046291,0.077330,0.402601,0.089606
0.099561,0.059845,0.408521,0.047918
-0.281554,0.028900,-0.124196,-0.004851
-0.256672,0.026211,-0.140495,-0.013180
0.147696,0.067909,0.417091,-0.016841
0.204255,0.051486,0.389476,-0.029360
0.063828,0.088814,0.065247,-0.120271
-0.171198,0.055383,-0.037909,-0.000609
-0.306136,0.012639,-0.024916,-0.001928
-0.396218,-0.015832,0.039306,-0.005045
0.069315,0.018334,0.509133,0.013672
0.093366,0.001973,0.507114,0.013095
0.096362,0.012449,0.503680,0.000935
-0.186854,-0.111441,0.093452,-0.113596
-0.217245,-0.017492,-0.083629,-0.065768
-0.178621,0.001563,0.063998,-0.269618
0.208650,0.022640,0.445422,-0.060856
0.261441,0.017951,0.400118,-0.063654
0.314973,0.051308,0.312729,-0.063159
-0.001239,0.039359,-0.241685,-0.174831
-0.057024,0.051047,-0.275781,-0.099043
0.268656,0.059387,0.309206,-0.021398
0.290374,0.050156,0.292401,-0.017079
0.070061,0.094173,-0.158058,-0.126761
-0.043875,0.045662,-0.355504,-0.030423
-0.122367,0.045773,-0.258570,-0.048968
0.235106,0.073086,0.324887,-0.017228
0.251411,0.045702,0.336586,-0.017843
-0.082221,0.027472,-0.241075,-0.083915
-0.129606,0.028823,-0.266430,-0.015943
0.221013,0.047545,0.310422,0.036873
0.248224,0.046756,0.270521,0.050346
0.162968,0.153275,-0.000692,0.158499
-0.066426,0.042626,-0.391732,0.031394
-0.123754,0.032866,-0.323141,0.029979
-0.276290,0.035819,-0.178876,0.035207
0.054241,0.107520,0.361373,0.092512
0.116043,0.095773,0.390754,0.013278
-0.215498,0.038678,-0.185587,-0.021735
-0.227863,0.037463,-0.168756,-0.024986
-0.270080,0.046935,-0.114233,-0.046326
-0.156806,-0.164574,0.007678,-0.070430
-0.010511,-0.463414,0.070820,0.019966
-0.032774,-0.459177,0.068321,0.044569
-0.057948,-0.417310,0.059005,0.076076
-0.035951,-0.313006,0.063656,0.100260
0.064485,-0.127542,0.109859,0.140980
0.284131,0.045498,0.078494,0.113936
0.081891,0.023323,-0.480047,0.062138
0.080531,0.039485,-0.514401,0.042327
0.413363,0.077387,0.053474,0.063567
0.421771,0.069131,0.072988,0.045747
0.095346,0.030905,-0.512523,0.008984
0.069237,0.027365,-0.486153,0.005477
0.061500,0.061156,-0.218281,-0.121518
0.316966,0.107613,0.209148,-0.018906
-0.006580,0.069680,-0.228127,-0.137920
-0.060287,0.047968,-0.363195,-0.008624
0.106601,0.154885,0.151640,0.063287
-0.096960,-0.029950,-0.411918,0.168631
0.218732,-0.151259,-0.162515,-0.051450
0.172807,-0.152711,-0.254753,-0.120960
0.396952,-0.055526,0.038046,-0.111000
0.462452,0.022836,0.106737,-0.061261
0.107489,0.011821,-0.442197,-0.061219
0.074987,0.020942,-0.414852,-0.065219
0.088390,0.040261,-0.199493,-0.282063
0.352882,0.047412,0.280347,-0.064790
0.352068,0.043110,0.247656,-0.027082
0.418618,0.119168,0.069439,-0.005541
0.053773,0.029140,-0.440259,-0.026785
-0.010676,0.030608,-0.401950,-0.002122
0.143407,0.145677,0.172628,0.068810
0.090070,-0.101547,0.352884,-0.169065
0.017549,-0.145458,-0.058621,0.075670
-0.159905,-0.124430,-0.034684,0.104305
-0.334556,-0.070967,-0.002227,0.095928
-0.417590,-0.012623,0.006813,0.081540
-0.443616,0.040374,0.053531,0.093270
-0.397654,0.040426,0.114305,0.068587
-0.086218,0.080685,0.426305,0.097884
-0.028744,0.101549,0.445803,0.085071
-0.405532,0.032542,-0.002568,-0.008516
-0.386100,0.033343,-0.016376,-0.014992
0.044663,0.076421,0.497194,-0.002421
0.086802,0.064062,0.467486,-0.002492
0.084215,0.123118,0.348905,0.055669
-0.214085,0.037387,-0.193414,-0.014028
-0.227932,0.036198,-0.179060,-0.013346
-0.308123,0.050081,-0.003291,-0.114443
0.126910,0.058705,0.440539,-0.010297
0.204440,0.051878,0.380925,-0.021386
0.277994,0.064304,0.316714,-0.043158
-0.065319,0.043338,-0.259132,-0.102950
-0.104672,0.029371,-0.270734,-0.038100
0.231140,0.063147,0.309576,0.011980
0.238151,0.048857,0.289155,0.039685
-0.117446,0.063542,-0.279841,0.041664
-0.128843,0.049737,-0.355440,0.050407
0.184555,0.148907,0.201769,0.063261
-0.100909,-0.021738,-0.417329,0.169165
0.226849,-0.139876,-0.162245,-0.110617
0.192885,-0.125718,-0.249618,-0.180357
0.472769,0.031237,0.114791,-0.060187
0.478303,0.051462,0.117782,-0.055679
0.123663,0.022879,-0.459371,-0.071192
0.098947,0.029278,-0.433563,-0.078800
0.372214,0.142627,0.069902,-0.091159
0.384562,0.136414,0.104825,-0.029944
0.026850,0.032993,-0.422498,-0.021476
-0.021846,0.032407,-0.387023,-0.007677
-0.063953,0.080191,0.023151,-0.025580
0.189406,-0.126435,0.449832,-0.118121
-0.264331,-0.175216,0.040639,0.021985
-0.267379,-0.148825,-0.005441,0.043018
-0.360697,-0.101635,0.036321,0.046771
-0.357385,-0.216331,0.188085,0.079017
-0.002091,0.024384,0.529774,0.049305
0.016314,0.041463,0.499158,0.058574
0.050353,0.075315,0.382009,0.107863
-0.319429,0.035983,-0.156779,0.056100
-0.320025,0.037540,-0.160747,0.059097
0.063059,0.084953,0.386445,0.081391
0.117417,0.069500,0.400236,0.028702
-0.249195,0.035188,-0.157095,-0.013033
-0.230241,0.035280,-0.158182,-0.031000
-0.186158,0.066834,-0.058133,-0.079949
0.124287,0.009772,0.368185,0.098495
-0.314900,0.001899,0.121185,-0.179044
0.059465,0.077968,0.509439,-0.088241
0.097112,0.060585,0.524079,-0.065919
-0.203831,0.048716,0.165480,-0.336560
0.096117,0.117214,0.439941,-0.082180
0.151136,0.068083,0.436886,-0.040247
-0.204798,0.030946,-0.110209,-0.100042
-0.228668,0.028153,-0.130392,-0.053003
0.184360,0.051346,0.354396,0.025754
0.220080,0.048364,0.291266,0.056122
0.254691,0.092533,0.175759,0.092254
-0.105812,0.046498,-0.366129,0.041415
-0.141297,0.040530,-0.304677,0.021306
-0.246887,0.047653,-0.107745,-0.075265
0.189248,0.064388,0.384718,-0.022497
0.230321,0.051994,0.360620,-0.027078
0.277644,0.131444,0.233378,-0.028747
-0.060947,0.044572,-0.339401,-0.028366
-0.171266,0.055321,-0.037962,-0.000611
-0.125859,-0.177529,-0.012289,-0.068446
-0.166685,-0.328903,0.115008,0.000132
-0.069945,-0.388545,0.069890,0.004671
-0.066892,-0.406461,0.064690,0.025034
-0.089566,-0.408296,0.063027,0.053545
-0.118908,-0.378130,0.057146,0.075321
-0.126130,-0.310312,0.055942,0.088284
-0.071238,-0.173860,0.086235,0.132522
-0.005704,-0.048894,0.108221,0.150611
0.201672,0.055850,0.085601,0.127628
0.077577,0.037190,-0.455499,0.028637
0.090665,0.035320,-0.507096,0.008904
0.424760,0.078993,0.058059,0.042022
0.420468,0.070354,0.075956,0.042045
0.103775,0.034193,-0.512557,0.004872
0.096467,0.030731,-0.503554,-0.007506
0.333475,0.132537,-0.021052,0.011338
0.307802,0.137071,0.017676,0.011316
0.000837,0.036243,-0.416282,-0.004933
-0.074095,0.036563,-0.365983,0.019398
-0.270625,0.046313,-0.114114,-0.045343
-0.140852,-0.167628,-0.007126,-0.068519
-0.108722,-0.417579,0.125041,0.046748
-0.056180,-0.418065,0.059401,0.070863
-0.031424,-0.307425,0.065051,0.106900
0.083479,-0.100271,0.118368,0.154616
0.282299,0.055048,0.089132,0.110344
0.096036,0.026052,-0.457912,0.075969
0.089842,0.036090,-0.514453,0.026054
0.420159,0.071384,0.072065,0.044730
0.417606,0.066131,0.082190,0.044577
0.096238,0.034935,-0.510123,0.012300
0.045034,0.027017,-0.484737,0.028562
-0.010471,0.032363,-0.414809,0.008780
-0.122651,0.046279,-0.279830,-0.027437
0.219798,0.065731,0.327000,0.003324
0.242313,0.053466,0.320942,-0.000869
-0.064551,0.056550,-0.235469,-0.129262
-0.098367,0.054420,-0.269644,-0.070533
0.240350,0.076293,0.320960,-0.021751
0.249453,0.057768,0.303649,0.004983
-0.058553,0.080811,-0.228413,-0.013848
0.033947,0.145240,0.101340,0.034674
-0.010323,-0.002785,0.160105,0.171618
0.093050,0.174461,0.003611,-0.017076
-0.026461,0.145000,0.063594,-0.040109
-0.074725,0.112611,0.052159,-0.050571
-0.285672,0.042723,0.018025,-0.055597
-0.394117,0.007666,0.051910,-0.045533
-0.272453,0.025026,0.198361,-0.087518
0.055689,0.066037,0.530712,-0.036586
0.066301,0.059639,0.526427,-0.036510
0.107339,0.066163,0.491470,-0.049114
0.147622,0.123111,0.378475,-0.041214
-0.274519,0.034095,-0.116284,-0.027398
0.075692,-0.102323,0.333776,-0.165615
-0.062701,-0.207860,-0.037438,0.002879
-0.029864,-0.193577,-0.059662,0.025270
-0.179242,-0.200385,0.015333,0.042073
-0.204394,-0.176316,0.014796,0.043226
-0.229783,-0.148438,0.013055,0.043686
-0.340578,-0.095341,0.034973,0.039676
-0.402529,-0.018162,0.092450,0.045355
-0.383902,0.014466,0.144131,0.038847
-0.097749,0.046105,0.455302,0.110830
-0.033587,0.073723,0.487177,0.071295
-0.431891,0.029426,-0.008526,0.028139
-0.429549,0.031192,-0.012826,0.027995
0.032708,0.068137,0.461985,0.053025
0.093649,0.055303,0.436272,0.030633
0.139315,0.083866,0.367601,0.025070
-0.216891,0.035631,-0.204497,0.001617
-0.215401,0.034786,-0.206706,0.003180
0.113640,0.114739,0.365187,0.021930
0.157800,0.092263,0.383980,-0.018191
-0.255856,0.048971,-0.107453,-0.066186
-0.095406,-0.021801,-0.419666,0.168047
0.338080,-0.051744,0.158053,-0.050592
0.431560,0.005722,0.072669,-0.066572
0.100454,0.006503,-0.430756,-0.060333
0.097375,0.011045,-0.433198,-0.059362
0.144512,0.025127,-0.257162,-0.269442
0.405760,0.048277,0.227959,-0.066200
0.393402,0.044363,0.219368,-0.041570
0.428321,0.139323,0.007201,-0.008505
0.069525,0.030635,-0.482898,-0.001379
-0.013925,0.032894,-0.409334,0.006227
0.133895,0.149066,0.167569,0.067965
0.076366,0.009594,0.260025,0.141619
0.146909,0.165665,-0.059072,-0.010389
0.010132,0.161746,0.063910,-0.031627
-0.053348,0.123658,0.056044,-0.052488
-0.103432,0.091977,0.046724,-0.055871
-0.300259,0.033654,0.024832,-0.059876
-0.399629,0.009190,0.059010,-0.050520
-0.264204,0.040182,0.217133,-0.096813
0.048755,0.071168,0.537360,-0.041433
0.060202,0.064620,0.531431,-0.040396
0.100138,0.067755,0.489972,-0.042007
-0.239387,0.044079,-0.103236,-0.076640
0.165713,-0.117666,0.424945,-0.131505
-0.214754,-0.186973,0.016641,0.012215
-0.185292,-0.168825,-0.027839,0.030487
-0.291421,-0.135123,0.000306,0.050697
-0.412550,-0.077766,0.077207,0.052403
-0.154175,-0.089064,0.401453,0.159531
-0.143564,-0.018178,0.361038,0.194718
-0.426244,0.020037,-0.025454,0.048084
-0.427345,0.030066,-0.034833,0.048516
0.019410,0.073353,0.469821,0.053263
0.075821,0.059951,0.442844,0.037242
0.077438,0.118388,0.340220,0.078653
-0.206653,0.037657,-0.192392,-0.022753
-0.214749,0.036918,-0.181580,-0.024728
-0.308657,0.037630,-0.103262,-0.009849
-0.151024,-0.014668,-0.390826,0.177813
0.180386,0.028480,0.177959,-0.084992
0.294952,0.013014,0.102727,-0.106242
0.078776,0.018493,-0.405491,-0.075875
0.109502,0.020696,-0.453674,-0.060640
0.458979,0.087212,0.030137,-0.084806
0.475311,0.092837,0.065843,-0.052075
0.122180,0.030584,-0.494620,-0.042179
0.084846,0.030843,-0.482383,-0.017409
0.267257,0.148765,-0.037961,0.067668
0.233485,0.148293,-0.001111,0.074488
-0.021305,0.038095,-0.403029,0.002099
-0.090634,0.032151,-0.328856,0.003233
-0.250262,0.051306,-0.105162,-0.072891
-0.131582,-0.174777,-0.008943,-0.068824
-0.090994,-0.430979,0.117819,0.031093
-0.042839,-0.449744,0.066085,0.053471
-0.055089,-0.381923,0.056520,0.085547
0.006366,-0.231861,0.081694,0.127465
0.125926,-0.030037,0.140120,0.147257
0.291102,0.075072,0.080476,0.109420
0.078750,0.039816,-0.477624,0.059090
0.092568,0.036796,-0.513138,0.021621
0.433568,0.080614,0.051569,0.037905
0.430303,0.071944,0.071815,0.034016
0.104800,0.031716,-0.511842,-0.005716
0.081475,0.031210,-0.479985,-0.016794
0.159099,0.115121,-0.130639,-0.087604
0.335141,0.083579,0.204535,-0.007603
0.242496,0.151304,0.003850,0.075075
-0.029661,0.038723,-0.406893,0.013694
-0.099253,0.032081,-0.331639,0.014720
-0.240829,0.039768,-0.206257,0.023177
-0.270373,0.046546,-0.114135,-0.045781
0.131426,0.005818,0.363042,0.096341
-0.372279,-0.014911,0.076056,-0.055799
-0.227818,0.024317,0.222354,-0.208586
0.108258,0.030156,0.523896,-0.046454
0.162154,0.018226,0.490748,-0.055273
0.231024,0.020341,0.428701,-0.064209
0.286569,0.052218,0.336980,-0.059911
0.024364,0.054133,-0.159559,-0.285490
-0.017065,0.059826,-0.195806,-0.224221
0.277174,0.047617,0.319235,-0.028170
0.308903,0.041136,0.264418,0.001385
0.347064,0.116573,0.106424,0.038869
-0.004253,0.033961,-0.412134,-0.001705
-0.057803,0.033899,-0.364136,0.003901
-0.226794,0.049923,-0.093001,-0.085947
-0.131584,-0.028707,-0.391575,0.174800
0.096160,-0.032960,0.179819,0.003647
0.229436,-0.073196,0.063237,-0.044662
0.055553,-0.007977,-0.372882,-0.058236
0.083772,-0.003153,-0.415130,-0.049621
0.380873,-0.032149,-0.019754,-0.110110
0.425516,0.031652,0.028567,-0.076723
0.099362,0.017240,-0.455286,-0.045446
0.050559,0.019094,-0.424689,-0.029102
-0.013899,0.012214,-0.278098,-0.080340
0.295406,0.097053,0.215604,0.003532
-0.044490,0.045454,-0.256987,-0.125687
-0.074725,0.054650,-0.276507,-0.087544
0.255401,0.071445,0.317916,-0.028909
0.265138,0.054710,0.298378,-0.002374
-0.014218,0.083546,-0.199677,-0.084451
0.155039,0.149496,0.181622,0.069376
-0.020431,-0.105290,0.240265,-0.183150
-0.070153,-0.201042,-0.043098,0.026156
-0.192995,-0.189159,0.014690,0.049950
-0.248242,-0.146419,0.007820,0.071253
-0.301346,-0.098240,0.003062,0.077556
-0.405012,-0.034011,0.012301,0.071589
-0.435119,0.042484,0.066466,0.083522
-0.372551,0.060301,0.146036,0.090598
-0.064358,0.083003,0.451173,0.091665
-0.016784,0.091655,0.468434,0.069113
-0.414446,0.032340,-0.004874,0.002971
-0.396447,0.033194,-0.006734,-0.014121
0.050287,0.073651,0.494850,-0.002931
0.105984,0.061481,0.453910,-0.005519
0.126032,0.100763,0.382305,0.006747
-0.208531,0.040898,-0.199869,-0.016640
-0.215292,0.039531,-0.194500,-0.013881
-0.268307,0.047396,-0.113714,-0.048916
-0.161476,-0.161871,0.009341,-0.070127
-0.016500,-0.462568,0.070561,0.025889
-0.040988,-0.451738,0.066858,0.050195
-0.057685,-0.407890,0.058893,0.063814
-0.044714,-0.330508,0.060073,0.073955
0.023773,-0.191624,0.091301,0.103745
0.119981,-0.032675,0.140590,0.117095
0.285308,0.064477,0.092211,0.087757
0.085682,0.030455,-0.474691,0.046340
0.094967,0.034437,-0.514162,0.018245
0.439460,0.081361,0.051088,0.029335
0.442662,0.073548,0.070316,0.018675
0.110847,0.029709,-0.512951,-0.009910
0.084095,0.030421,-0.498415,-0.000138
0.261093,0.152016,-0.045381,0.048203
0.224580,0.153815,-0.009489,0.044367
-0.018703,0.036735,-0.398719,-0.003455
-0.089067,0.030026,-0.325644,0.000588
-0.299350,0.037206,-0.110056,-0.011935
0.180239,-0.122380,0.441090,-0.125374
-0.265389,-0.171113,0.033771,0.026232
-0.263787,-0.139758,-0.018572,0.048288
-0.374650,-0.081502,0.018699,0.059638
-0.410375,-0.094239,0.121387,0.076412
-0.025270,0.055237,0.516983,0.060025
-0.007405,0.067501,0.491237,0.064309
-0.067517,0.107998,0.304644,0.259964
-0.330250,0.032918,-0.143937,0.057135
-0.304786,0.029988,-0.142228,0.032895
-0.386294,0.041518,0.006727,-0.043157
0.093933,0.063523,0.472050,-0.013649
0.171405,0.052072,0.434973,-0.042593
0.232116,0.071098,0.344364,-0.031721
-0.109494,0.048891,-0.209615,-0.113902
-0.138032,0.032819,-0.213530,-0.065398
0.221633,0.062166,0.340537,-0.008483
0.229184,0.039925,0.327358,0.019388
0.075157,0.118801,-0.037026,0.107830
-0.080170,0.039101,-0.372090,0.029020
-0.123022,0.031581,-0.318907,0.026306
-0.287247,0.038547,-0.161999,0.026559
0.049037,0.105661,0.364516,0.096591
0.108928,0.083034,0.399732,0.024162
-0.244686,0.039903,-0.167920,-0.011439
-0.232910,0.039246,-0.177416,-0.013063
-0.257263,0.049542,-0.108514,-0.064671
0.130415,0.006398,0.364712,0.096502
-0.356312,-0.012368,0.087095,-0.083349
-0.049916,0.066589,0.398733,-0.129049
0.093910,0.050599,0.515439,-0.044099
-0.279325,0.038552,0.097692,-0.240156
-0.240512,0.042845,0.115284,-0.289543
0.149193,0.051912,0.457112,-0.042360
0.217691,0.043444,0.382859,-0.028140
0.273769,0.044341,0.301142,-0.003406
0.311934,0.119888,0.154065,0.020726
-0.019697,0.041722,-0.390319,-0.015844
-0.075953,0.036245,-0.330188,-0.014243
-0.171208,0.055373,-0.037917,-0.000610
-0.122967,-0.147948,0.030455,-0.140564
-0.254439,-0.195940,0.075628,-0.000731
-0.174143,-0.430182,0.213639,0.009732
-0.174451,-0.460122,0.244507,0.017132
-0.071869,-0.305428,0.366080,0.092011
0.130106,-0.070116,0.482463,0.069011
0.192724,-0.025271,0.373017,0.074636
0.243805,0.008132,0.269545,0.094220
0.087099,0.099311,-0.087958,0.286431
-0.108793,0.042834,-0.392512,0.074346
-0.147506,0.032003,-0.321613,0.053432
-0.280923,0.031729,-0.175682,0.040741
-0.337896,0.050621,0.020028,-0.048282
0.116697,0.059692,0.446279,-0.006811
0.197119,0.051561,0.389382,-0.022204
0.241408,0.072682,0.323260,-0.021497
-0.114066,0.054737,-0.272425,-0.049449
-0.153587,0.048742,-0.286950,0.007844
0.198092,0.079449,0.311228,0.027079
0.223635,0.064390,0.325787,0.002042
-0.103930,0.054743,-0.261423,-0.073190
0.132458,0.156840,0.169450,0.068582
-0.101924,-0.021627,-0.416936,0.169362
0.262994,-0.123314,-0.114409,-0.085290
0.210108,-0.145085,-0.220260,-0.182463
0.471166,0.029118,0.126083,-0.052245
0.471097,0.043240,0.136999,-0.051214
0.131637,0.020639,-0.454542,-0.081176
0.115228,0.029200,-0.450954,-0.077601
0.430124,0.119678,0.119470,-0.068055
0.416154,0.103631,0.126458,-0.032721
0.053127,0.036616,-0.445490,-0.028334
-0.008085,0.034731,-0.405616,-0.005166
-0.087598,0.072868,-0.179613,-0.050917
0.229848,0.102035,0.263895,0.020010
-0.039312,0.095250,-0.107132,-0.025847
-0.152901,0.068312,-0.038916,-0.069477
0.101809,-0.104385,0.361477,-0.159982
-0.116357,-0.193604,-0.017914,0.003249
-0.039881,-0.194059,-0.048209,0.008511
-0.060598,-0.191681,-0.051363,0.034378
-0.207544,-0.176228,0.014265,0.055360
-0.248457,-0.139081,0.009801,0.059260
-0.370612,-0.076183,0.027930,0.056160
-0.420815,0.005498,0.076139,0.063628
-0.367531,0.065964,0.161808,0.055781
-0.114201,0.066811,0.429155,0.085952
-0.093416,0.052459,0.412787,0.072728
-0.410751,0.026487,-0.005504,0.005816
-0.384733,0.024869,-0.012983,-0.011256
0.038724,0.073261,0.506710,-0.003022
0.080377,0.055114,0.481360,-0.000994
0.102294,0.091412,0.362470,0.059329
-0.242855,0.033952,-0.199838,0.024600
-0.253291,0.038200,-0.197897,0.028847
-0.280575,0.042387,-0.116129,-0.029779
0.137464,0.002545,0.360681,0.094318
-0.365369,-0.019372,0.084525,-0.035099
-0.392586,-0.001265,0.050186,-0.037922
0.069263,0.047088,0.503381,-0.008398
0.081465,0.035545,0.509174,-0.010522
-0.221848,-0.017092,0.143244,-0.119143
-0.152671,-0.044431,0.178784,-0.102389
0.163920,0.015989,0.453772,-0.017855
0.228334,0.000385,0.410770,-0.023883
0.267689,0.016581,0.343893,-0.013368
-0.021296,-0.058380,-0.196408,-0.098398
-0.072516,-0.001534,-0.230305,-0.079245
0.275128,0.044572,0.334950,-0.038817
0.296199,0.039111,0.327773,-0.047230
0.068022,0.012585,-0.148278,-0.235974
0.013411,0.050182,-0.197937,-0.224168
0.289789,0.047080,0.301031,-0.022047
0.315657,0.044300,0.254181,0.001643
0.360396,0.118055,0.093810,0.028473
0.012599,0.037292,-0.419288,-0.014735
-0.035747,0.037688,-0.376948,-0.009132
-0.162836,0.074772,-0.043415,-0.071936
0.121524,0.010500,0.341259,0.108207
-0.368002,0.004654,0.016147,-0.030658
-0.360701,0.005155,0.021069,-0.048614
-0.297587,0.020685,0.151389,-0.236028
0.087806,0.050662,0.528427,-0.051038
0.130235,0.043605,0.509605,-0.067590
0.207529,0.042819,0.441792,-0.076283
0.267574,0.056813,0.347357,-0.055887
0.212829,0.154564,0.101308,-0.077140
-0.026003,0.020216,-0.352534,-0.025820
-0.091284,0.021687,-0.320399,0.005860
-0.280652,0.038110,-0.115782,-0.025795
-0.164172,-0.150391,0.000434,-0.069999
-0.090762,-0.355797,0.131250,0.117197
0.049798,-0.161422,0.102646,0.202677
0.273382,0.061128,0.078623,0.152124
0.204251,0.088294,-0.334163,0.242577
0.042962,0.028684,-0.504939,0.049159
0.029338,0.023646,-0.481168,0.044060
0.012087,0.021380,-0.471568,0.054327
-0.071557,-0.025641,-0.271924,0.036893
0.207115,0.054361,0.177266,0.067125
-0.109235,0.027686,-0.261467,-0.041015
-0.125887,0.034494,-0.239458,-0.053292
0.223877,0.087591,0.351378,-0.047004
0.246091,0.074899,0.331040,-0.036175
-0.102061,0.055421,-0.260857,-0.076205
0.111144,0.155658,0.155928,0.064362
-0.098861,-0.184122,-0.033584,-0.067504
0.191790,-0.457796,0.034186,0.021689
0.136716,-0.431218,0.093034,0.019181
0.199829,-0.278599,0.112899,0.046998
0.371810,-0.098814,0.070070,0.063300
0.133301,-0.030943,-0.473699,0.059222
0.081695,0.004254,-0.516467,0.046542
0.066038,0.024049,-0.519613,0.049775
0.027569,0.076640,-0.380775,0.073311
-0.067103,0.049600,-0.377003,0.010631
-0.118194,0.058043,-0.261561,-0.045008
0.230597,0.059355,0.314967,0.010934
0.260312,0.051161,0.287804,0.016575
0.125223,0.141821,-0.042710,0.028775
-0.038556,0.038867,-0.385919,0.001469
-0.102971,0.030770,-0.317626,0.005765
-0.249536,0.039521,-0.176258,0.002131
-0.286602,0.042989,-0.115960,-0.024541
-0.146572,-0.025824,-0.383294,0.177337
0.161136,-0.027798,0.166766,-0.016542
0.239844,-0.053509,0.070270,-0.061805
0.056505,-0.002375,-0.381533,-0.056562
0.091328,0.003609,-0.432629,-0.046427
0.416656,0.008417,0.009807,-0.076304
0.459130,0.056586,0.065227,-0.049239
0.107416,0.021035,-0.461141,-0.051433
0.059599,0.025915,-0.411955,-0.057700
0.026463,0.051052,-0.246134,-0.208929
0.320385,0.050762,0.271100,-0.026400
0.324758,0.044331,0.243735,0.002941
0.335937,0.135195,0.019375,0.063689
0.002550,0.035761,-0.417078,-0.005368
-0.072001,0.033033,-0.342571,-0.002585
-0.171235,0.055349,-0.037938,-0.000610
-0.081658,-0.040287,-0.248746,-0.013234
-0.287825,-0.045702,0.052561,-0.059665
-0.008050,0.056133,0.123534,-0.124880
0.023051,0.088207,0.133933,-0.128553
0.191693,0.108228,0.110264,-0.109366
0.055036,0.033832,-0.384316,-0.088198
0.093968,0.027975,-0.453709,-0.052222
0.471198,0.075822,0.086388,-0.041506
0.475411,0.073920,0.088844,-0.042481
0.128637,0.032095,-0.494485,-0.049377
0.108883,0.029617,-0.504885,-0.017537
0.379498,0.120767,0.018742,0.061808
0.355127,0.109241,0.045051,0.080762
0.015280,0.037746,-0.452395,0.015272
-0.033916,0.039099,-0.388840,-0.000479
-0.183141,0.072738,-0.056238,-0.079186
0.186044,-0.125316,0.445477,-0.119130
-0.239101,-0.187457,0.036107,0.013370
-0.231651,-0.168289,-0.007724,0.032527
-0.309255,-0.139133,0.033709,0.035380
-0.367666,-0.199308,0.150457,0.047750
-0.065019,-0.115631,0.473291,0.091078
0.030069,-0.002993,0.516318,0.047921
-0.166159,-0.141882,0.209603,0.114537
-0.303586,-0.000362,-0.124998,0.044809
-0.314528,0.018119,-0.132686,0.044957
-0.025131,0.102963,0.330399,0.194566
-0.298297,0.039238,-0.112316,-0.012761
0.172490,-0.117231,0.436744,-0.134573
-0.335183,-0.120555,0.025260,0.056526
-0.402748,-0.055254,0.007564,0.073984
-0.279780,0.005760,0.246473,0.208403
-0.056641,0.079935,0.470019,0.110692
-0.445255,0.027999,-0.004321,0.051191
-0.434236,0.029281,-0.003425,0.031586
0.037380,0.064854,0.484195,0.029428
0.107627,0.054640,0.450726,0.002864
0.160960,0.072585,0.386179,-0.003868
-0.211466,0.039712,-0.182661,-0.029714
-0.214310,0.039760,-0.192924,-0.016668
0.161623,0.077748,0.381746,-0.005261
0.202135,0.067315,0.345868,0.000538
-0.139340,0.057859,-0.202299,-0.081837
0.070880,0.149449,0.127944,0.050894
-0.100001,-0.187089,-0.029991,-0.067004
0.142523,-0.484592,0.063216,0.021011
0.052578,-0.480261,0.106269,0.030848
0.051481,-0.392595,0.116133,0.055844
0.087255,-0.262614,0.141813,0.082162
0.231681,-0.119102,0.090263,0.064957
0.216846,-0.044889,-0.341193,0.114331
0.090364,0.010178,-0.520469,0.037957
0.146548,0.060160,-0.425250,0.090570
0.380732,0.121989,-0.035353,0.101582
0.067417,0.050306,-0.470745,0.014897
0.007059,0.035583,-0.444985,0.018209
-0.043354,0.042432,-0.381089,-0.002130
0.045372,0.140059,0.107561,0.038644
0.096862,0.012370,0.297852,0.129310
0.122031,0.162210,-0.003769,-0.029687
0.096960,0.145907,-0.033447,-0.042354
-0.106396,0.084913,0.045480,-0.066688
-0.298474,0.028406,0.028930,-0.069948
-0.398290,0.010921,0.066456,-0.061537
-0.309610,0.029449,0.178195,-0.121141
0.042137,0.075058,0.542985,-0.044335
0.043971,0.067565,0.531823,-0.027503
0.088385,0.067535,0.481202,-0.021265
0.125148,0.109871,0.365426,0.012531
-0.193987,0.022195,-0.177381,-0.034969
-0.209375,0.014394,-0.168816,-0.020345
-0.047934,0.020257,0.221172,0.072077
0.097893,0.085401,0.360957,0.071218
-0.235083,0.030389,-0.198253,0.018805
-0.246193,0.033097,-0.191657,0.020611
-0.278953,0.039177,-0.116125,-0.028208
-0.143950,-0.029732,-0.381253,0.176791
0.156353,-0.045531,0.160871,-0.005322
0.227918,-0.074758,0.062884,-0.052152
0.055970,-0.007454,-0.372197,-0.059936
0.089001,-0.000993,-0.422673,-0.049438
0.447657,0.015204,0.066490,-0.057899
0.466430,0.047276,0.086510,-0.046941
0.108682,0.018702,-0.458343,-0.053147
0.067600,0.023869,-0.416577,-0.059033
0.057086,0.047080,-0.222740,-0.250040
0.343031,0.049544,0.285929,-0.062653
0.351372,0.042498,0.252908,-0.030941
0.390908,0.132962,0.050389,0.017247
0.029645,0.033750,-0.457187,0.009680
-0.033327,0.036689,-0.401803,0.014301
-0.093806,0.096971,0.006760,-0.036815
0.125926,0.008040,0.335820,0.106513
-0.354325,-0.001308,0.001282,-0.012345
-0.353319,-0.004095,0.010218,-0.032277
-0.339586,0.000677,0.102563,-0.138688
0.094791,0.039504,0.522165,-0.040604
0.124062,0.031317,0.509901,-0.049426
0.194830,0.031617,0.444900,-0.055490
0.231579,0.055407,0.389585,-0.060714
-0.069404,0.051194,-0.151196,-0.214588
0.193637,0.143188,0.204743,0.060912
-0.077119,-0.202013,-0.035357,-0.069589
0.134235,-0.518635,0.059048,0.001385
0.057180,-0.536231,0.101520,0.014269
0.015945,-0.512363,0.103217,0.034539
-0.085526,-0.408145,0.146334,0.078845
-0.084518,-0.353009,0.102190,0.089871
-0.013545,-0.261441,0.073974,0.106812
0.098110,-0.069143,0.128778,0.136627
0.283157,0.060476,0.091032,0.100482
0.093427,0.029037,-0.459749,0.070247
0.089023,0.040942,-0.507738,0.033460
0.422778,0.074926,0.063612,0.045626
0.433419,0.067861,0.082186,0.025013
0.107991,0.033366,-0.510117,-0.008637
0.087493,0.031078,-0.495153,-0.007445
0.193303,0.120423,-0.112339,-0.092386
0.163601,0.132699,-0.075149,-0.105112
-0.004964,0.032649,-0.396637,-0.015189
-0.082839,0.029043,-0.332162,0.001835
-0.171229,0.055354,-0.037933,-0.000610
-0.125881,-0.177520,-0.012274,-0.068448
-0.166762,-0.328819,0.114999,0.000130
-0.069766,-0.388090,0.069845,0.004077
-0.065284,-0.405878,0.064664,0.022801
-0.085955,-0.409459,0.063366,0.050152
-0.118039,-0.383083,0.057442,0.077999
-0.124611,-0.303790,0.057020,0.104336
-0.056399,-0.149526,0.094575,0.146577
0.006074,-0.027268,0.106224,0.164736
0.206200,0.072527,0.080304,0.138618
0.146207,0.071760,-0.371559,0.147200
0.067659,0.038464,-0.502416,0.041368
0.411293,0.068259,0.076992,0.049283
0.433321,0.062394,0.086932,0.025324
0.114175,0.029852,-0.499618,-0.025336
0.101144,0.028655,-0.484174,-0.029746
0.304193,0.121122,-0.053194,-0.068380
0.250247,0.131208,-0.052307,-0.092626
0.011472,0.031178,-0.396720,-0.030070
-0.068541,0.026944,-0.332293,-0.010238
-0.263173,0.042191,-0.115145,-0.047631
-0.125394,-0.024483,-0.400183,0.173735
0.011619,-0.016763,0.162131,-0.064974
0.269461,-0.018187,0.086609,-0.087540
0.070899,0.010815,-0.393017,-0.072803
0.104097,0.014297,-0.442341,-0.060168
0.462645,0.071400,0.041480,-0.043471
0.468714,0.067616,0.070121,-0.012955
0.101973,0.024174,-0.497337,-0.012265
0.063505,0.017324,-0.471363,0.006483
0.149202,-0.002778,-0.117506,0.001814
0.322196,0.075818,0.235877,-0.018709
0.015872,0.038736,-0.207152,-0.211470
-0.036288,0.058144,-0.265362,-0.140548
0.292502,0.062857,0.310249,-0.049755
0.300817,0.049109,0.284360,-0.018433
0.179688,0.156879,-0.057733,0.014439
-0.019152,0.034003,-0.396695,-0.002296
-0.091673,0.027643,-0.322448,0.002394
-0.229153,0.038156,-0.194148,0.001003
-0.275585,0.040881,-0.116462,-0.032912
0.225332,-0.156017,0.486103,-0.086035
-0.307020,-0.200674,0.104537,0.025261
-0.362456,-0.143419,0.083967,0.042153
-0.371238,-0.185002,0.109393,0.067084
-0.296424,-0.255092,0.172358,0.077928
-0.041496,-0.026882,0.401963,0.179575
-0.091573,0.012004,0.281708,0.228699
-0.323343,0.026822,-0.150174,0.062560
-0.328575,0.033697,-0.148036,0.058778
-0.160709,0.120649,0.220348,0.197355
0.025617,0.114121,0.375285,0.100506
-0.273049,0.035596,-0.134476,-0.012212
-0.249740,0.034702,-0.137153,-0.031949
-0.264528,0.043857,0.080628,-0.237213
0.126305,0.057507,0.467006,-0.034961
0.197084,0.040869,0.398050,-0.020148
0.264562,0.031305,0.308018,0.011970
0.218108,0.126397,0.046923,0.131776
-0.052026,0.038582,-0.399684,0.028992
-0.113325,0.030822,-0.330738,0.029164
-0.268973,0.039946,-0.192573,0.037459
-0.279503,0.044568,-0.115428,-0.033690
-0.168573,-0.157202,0.011460,-0.069818
-0.028440,-0.459558,0.069164,0.038557
-0.054737,-0.428580,0.061314,0.066810
-0.042365,-0.332261,0.060486,0.099400
0.045315,-0.161051,0.099984,0.134129
0.249138,-0.020624,0.064067,0.087456
0.093493,0.003759,-0.475527,0.009917
0.108324,0.006543,-0.504614,0.008046
0.450888,0.053574,0.050875,0.032528
0.445912,0.057553,0.062461,0.034295
0.108605,0.016261,-0.516592,0.008534
0.074971,0.021609,-0.497778,0.017113
0.162029,0.128712,-0.142264,0.074028
0.088144,0.125540,-0.129113,0.059833
-0.039254,0.036215,-0.394330,0.013231
-0.108770,0.028994,-0.320745,0.016508
-0.258138,0.039585,-0.183637,0.018049
-0.296820,0.040629,-0.113418,-0.014525
0.138471,0.002016,0.360227,0.093962
-0.357552,-0.018319,0.093408,-0.014006
-0.389010,-0.004391,0.050186,-0.037197
0.075392,0.051239,0.503495,-0.024709
0.102231,0.040597,0.514053,-0.041141
-0.228018,0.026825,0.111523,-0.287368
-0.175343,0.044808,0.134419,-0.298522
0.195403,0.037357,0.444419,-0.061321
0.258000,0.036119,0.385197,-0.063461
0.306018,0.045808,0.327478,-0.063449
0.338857,0.146191,0.134555,-0.041067
0.003577,0.036366,-0.401940,-0.022140
-0.053872,0.039949,-0.381928,0.011710
-0.175342,0.072489,-0.051957,-0.076846
0.194838,-0.128314,0.456279,-0.115332
-0.290566,-0.161510,0.047739,0.027485
-0.304312,-0.130012,0.004955,0.049557
-0.410677,-0.067184,0.039379,0.059515
-0.117295,-0.040831,0.428530,0.174763
-0.017616,0.060676,0.507405,0.062355
-0.067910,0.090053,0.356470,0.215739
-0.360030,0.032707,-0.095136,0.038326
-0.338738,0.033074,-0.099733,0.021259
-0.009616,0.116346,0.403456,0.102985
0.068241,0.095503,0.435141,0.016959
-0.284695,0.034789,-0.097358,-0.036877
-0.271166,0.033362,-0.104758,-0.041581
0.099915,0.090968,0.437858,-0.013441
0.136198,0.066220,0.418329,-0.004891
-0.244641,0.043912,-0.106505,-0.071432
-0.097020,-0.040134,-0.402139,0.168323
0.231020,-0.068689,0.205861,-0.011356
0.288960,-0.088671,0.122129,-0.046819
0.087907,-0.014554,-0.373604,-0.083323
0.104600,-0.006310,-0.411139,-0.071226
0.470911,0.030324,0.129157,-0.055493
0.467588,0.040494,0.147397,-0.051259
0.128180,0.022384,-0.449712,-0.084684
0.096537,0.030680,-0.426390,-0.084962
0.383726,0.142174,0.122798,-0.081750
0.382940,0.114531,0.149186,-0.033285
0.019464,0.034458,-0.413443,-0.024591
-0.028107,0.036165,-0.400464,0.008267
0.144169,0.148957,0.174240,0.069052
0.103130,0.009741,0.289511,0.126008
0.147171,0.173977,-0.016874,-0.011445
0.117325,0.170686,-0.025955,-0.028254
-0.039261,0.130279,0.058275,-0.055261
-0.094967,0.090003,0.046971,-0.070862
-0.292544,0.027604,0.028965,-0.075288
-0.396548,0.010435,0.070394,-0.066479
-0.274600,0.045474,0.215218,-0.104717
0.050228,0.070371,0.520396,-0.025150
0.048840,0.064957,0.522105,-0.020047
0.111079,0.064962,0.462223,-0.022407
-0.171282,0.055306,-0.037975,-0.000611
-0.125838,-0.177537,-0.012305,-0.068443
-0.166604,-0.329030,0.115028,0.000166
-0.073395,-0.398969,0.070031,0.018594
-0.081707,-0.411122,0.063751,0.046759
-0.113276,-0.389461,0.058582,0.074269
-0.125937,-0.320468,0.055238,0.096356
-0.075305,-0.185657,0.082544,0.132454
-0.000910,-0.046987,0.109497,0.159576
0.202064,0.052832,0.086908,0.121532
0.072618,0.031497,-0.459918,0.013676
0.092938,0.035122,-0.503514,0.008658
0.419605,0.076993,0.067790,0.041168
0.422914,0.069189,0.084918,0.031828
0.119997,0.032829,-0.506147,-0.024023
0.104604,0.028124,-0.502214,-0.014593
0.373193,0.146860,0.004974,0.022461
0.336958,0.140363,0.023690,0.074575
-0.000984,0.036097,-0.438793,0.019553
-0.071109,0.036641,-0.368068,0.018412
-0.268203,0.046915,-0.114484,-0.047866
-0.127177,-0.023110,-0.400267,0.174029
0.019882,-0.011183,0.162868,-0.072018
0.272292,-0.012134,0.089016,-0.089702
0.067523,0.010079,-0.399497,-0.062151
0.100214,0.013906,-0.449261,-0.048970
0.454754,0.063700,0.034705,-0.060407
0.468874,0.078112,0.065489,-0.051795
0.117175,0.028799,-0.473343,-0.056758
0.072996,0.029464,-0.427880,-0.058721
0.163006,0.115591,-0.112277,-0.118533
0.333128,0.079661,0.195992,0.006846
0.224656,0.153265,-0.010709,0.031715
-0.014089,0.036094,-0.399508,-0.006638
-0.083888,0.030094,-0.326960,-0.003359
-0.289273,0.038487,-0.114491,-0.018852
0.123425,0.009231,0.336811,0.107921
-0.359093,0.000940,0.003839,-0.015345
-0.356805,-0.001140,0.012290,-0.035058
-0.355456,-0.000466,0.091740,-0.111519
0.089560,0.040519,0.520368,-0.034592
0.123921,0.030655,0.506714,-0.045436
0.192464,0.030607,0.442641,-0.049856
0.229588,0.054282,0.381026,-0.049039
-0.084981,0.042487,-0.173283,-0.168269
-0.118902,0.050590,-0.208561,-0.107251
0.223509,0.066251,0.335935,-0.009840
0.245408,0.049175,0.313190,0.008082
0.225487,0.150013,0.096387,0.042001
-0.037654,0.041912,-0.383521,-0.004878
-0.095143,0.033142,-0.320843,-0.001272
-0.298930,0.040107,-0.112429,-0.012883
0.125152,0.008760,0.339810,0.106276
-0.371759,-0.001383,0.009072,-0.005027
-0.371317,-0.003929,0.018972,-0.023647
-0.246092,0.018289,0.198451,-0.195304
0.100617,0.033545,0.521825,-0.040132
0.143307,0.023347,0.502283,-0.053084
0.213587,0.023192,0.438815,-0.059738
0.260437,0.048063,0.358832,-0.051474
0.029380,0.049791,-0.093589,-0.279150
-0.021815,0.060967,-0.163294,-0.254743
0.271376,0.051133,0.332567,-0.039220
0.302236,0.042396,0.284534,-0.013318
0.353787,0.099487,0.129735,0.030659
-0.030293,0.046685,-0.433813,0.033478
-0.076501,0.045677,-0.393034,0.039724
-0.089694,0.098690,0.012294,-0.032863
0.199429,-0.131227,0.459718,-0.109961
-0.263821,-0.178565,0.049959,0.015006
-0.272116,-0.158588,0.014928,0.035464
-0.374274,-0.108612,0.054001,0.049296
-0.182741,-0.188860,0.363049,0.125255
0.001973,0.029349,0.517776,0.056914
-0.055377,0.029821,0.364284,0.208887
-0.366958,0.026013,-0.099283,0.056112
-0.357712,0.032544,-0.112626,0.053663
0.000541,0.111076,0.387150,0.116494
0.076459,0.092511,0.413929,0.032952
-0.285453,0.036790,-0.114663,-0.020815
-0.281365,0.036475,-0.117051,-0.022200
-0.277813,0.044538,-0.116168,-0.034600
0.225706,-0.175453,0.485747,-0.080784
-0.203920,-0.394226,0.193036,0.024890
-0.241917,-0.376199,0.181186,0.055010
-0.235155,-0.386381,0.231510,0.043896
0.001166,-0.108933,0.443480,0.165780
0.075565,-0.024507,0.438675,0.114508
-0.307231,-0.015195,-0.115411,0.054411
-0.316009,0.014067,-0.134815,0.053301
0.115976,0.062592,0.369092,0.068193
0.169979,0.053688,0.348736,0.043452
0.152581,0.153098,0.181482,0.069420
-0.085867,-0.171259,-0.052869,-0.073953
0.165696,-0.234894,-0.298493,0.039622
0.417702,-0.175348,-0.033542,0.086638
0.203811,-0.105574,-0.379185,0.114781
0.082778,-0.014842,-0.510850,0.059375
-0.005747,0.016543,-0.471977,0.087001
0.153977,0.150589,-0.098694,0.296896
-0.108921,0.048541,-0.404536,0.081236
-0.144696,0.041327,-0.341991,0.061229
-0.277683,0.033007,-0.153391,0.015087
0.155470,0.061341,0.386490,0.012554
0.209144,0.054386,0.361978,-0.009652
-0.015271,0.069615,-0.045265,-0.179363
-0.093350,0.062758,-0.128737,-0.199118
0.226704,0.055352,0.345173,-0.011372
0.270706,0.045971,0.296330,0.002835
0.320937,0.099343,0.179042,0.015412
-0.038661,0.045902,-0.380316,-0.011045
0.056965,0.147817,0.117096,0.044999
-0.086951,-0.026922,-0.418367,0.166645
0.074755,-0.022454,-0.398532,-0.037477
0.135613,-0.098518,-0.306934,-0.112556
0.436369,-0.005970,0.212787,-0.057269
0.423591,0.026889,0.209169,-0.054387
0.184592,-0.028244,-0.312594,-0.188612
0.140269,0.023116,-0.379533,-0.162773
0.421475,0.052724,0.187854,-0.046813
0.411993,0.045756,0.183050,-0.026074
0.139396,0.078590,-0.355537,-0.067799
0.044686,0.034660,-0.458061,-0.005403
-0.055991,0.047548,-0.365875,-0.009798
0.238258,0.123255,0.230097,0.023265
0.245185,0.112093,0.243010,0.015232
-0.171287,0.055301,-0.037979,-0.000611
-0.124654,-0.145601,0.030960,-0.141952
-0.297331,-0.176287,0.079100,0.022235
-0.269499,-0.371006,0.229017,0.046236
-0.098627,-0.153007,0.430374,0.151221
0.011962,0.004011,0.490419,0.096197
-0.206490,-0.034034,0.161907,0.242403
-0.328424,0.030244,-0.164956,0.079001
-0.319566,0.035093,-0.159014,0.059365
-0.413994,0.033265,-0.018249,0.017996
0.067779,0.067444,0.458372,0.022262
0.127018,0.055670,0.422904,0.010265
0.183735,0.083076,0.331317,0.017726
-0.181049,0.041285,-0.225122,-0.019254
-0.264258,0.047920,-0.111930,-0.054733
0.184322,-0.124705,0.443197,-0.119548
-0.226474,-0.192408,0.033506,0.008425
-0.216016,-0.175912,-0.009186,0.028151
-0.287632,-0.154889,0.031473,0.032076
-0.365227,-0.158739,0.118935,0.032162
-0.140217,-0.221836,0.397727,0.071773
-0.013299,-0.074532,0.473233,0.102732
-0.280923,-0.234701,0.096688,0.061024
-0.087733,-0.084909,0.264072,0.149217
0.089134,0.048245,0.394600,0.082536
-0.280016,0.020840,-0.164524,0.039565
-0.283546,0.033523,-0.177190,0.043076
-0.272026,0.045272,-0.115629,-0.041534
-0.186068,-0.142780,0.014946,-0.070231
-0.060093,-0.409715,0.058013,0.092806
0.037543,-0.173748,0.098453,0.196460
0.271594,0.053997,0.082431,0.149074
0.205731,0.085625,-0.332400,0.242448
0.037214,0.028541,-0.501455,0.051565
0.034073,0.024553,-0.482684,0.039928
0.024607,0.024118,-0.460261,0.027461
-0.077752,0.031270,-0.283088,-0.040450
0.260549,0.055777,0.316103,-0.016579
0.283644,0.048484,0.305057,-0.021333
-0.001094,0.055757,-0.230184,-0.148868
-0.036421,0.045819,-0.361664,-0.031876
0.147165,0.151619,0.177233,0.069338
-0.100476,-0.017983,-0.420685,0.168791
0.173309,-0.122011,-0.242442,-0.149524
0.458294,0.017247,0.098819,-0.078485
0.476627,0.050598,0.123310,-0.076080
0.126492,0.022243,-0.450503,-0.082324
0.112731,0.029456,-0.447717,-0.078608
0.419296,0.135354,0.059962,-0.065119
0.414173,0.126375,0.084797,-0.021682
0.049513,0.029783,-0.433943,-0.029488
-0.001391,0.026197,-0.388007,-0.020941
-0.138781,0.025249,-0.221895,-0.048703
0.231386,0.049492,0.347449,-0.012472
0.244054,0.030388,0.334494,0.006921
0.050249,0.067592,-0.066158,0.077594
-0.071423,0.031505,-0.374267,0.030047
-0.120526,0.028616,-0.319089,0.026940
-0.282060,0.038021,-0.171662,0.031560
-0.299344,0.040039,-0.112211,-0.012619
0.137579,0.002463,0.361862,0.094202
-0.342704,-0.013086,0.107058,-0.045659
-0.381268,0.002731,0.061331,-0.065016
0.087119,0.052102,0.510678,-0.035345
0.103182,0.042786,0.512288,-0.042418
-0.123059,0.056957,0.218330,-0.230667
0.026239,0.097846,0.328672,-0.130544
0.164862,0.087772,0.414435,-0.051323
-0.193086,0.040248,-0.173889,-0.057416
-0.275555,0.045175,-0.114985,-0.038613
0.124396,0.009135,0.340145,0.106662
-0.371377,0.001050,0.012245,-0.014906
-0.368766,0.000195,0.020588,-0.033547
-0.311944,0.013631,0.134552,-0.203855
0.096418,0.040051,0.524574,-0.045187
0.138557,0.032706,0.504563,-0.059971
0.211450,0.032724,0.439702,-0.068020
0.264958,0.057293,0.352085,-0.058479
0.149564,0.135594,0.034290,-0.151385
-0.029671,0.034545,-0.350607,-0.038408
-0.093083,0.033116,-0.319980,-0.004186
-0.282632,0.042061,-0.115946,-0.027591
-0.150311,-0.164263,-0.000216,-0.069339
-0.087824,-0.436976,0.111682,0.048175
-0.055389,-0.414055,0.058901,0.069856
-0.034449,-0.316708,0.063077,0.092294
0.057504,-0.144743,0.104909,0.129798
0.272236,0.026836,0.080640,0.107398
0.090683,0.014995,-0.474371,0.054339
0.096679,0.030228,-0.514943,0.019753
0.437482,0.079256,0.050875,0.034049
0.431312,0.067961,0.079053,0.029810
0.106400,0.030314,-0.516088,-0.001495
0.085102,0.030399,-0.491114,-0.008471
0.179252,0.132928,-0.115002,-0.077351
0.190326,0.144287,-0.033277,-0.007420
-0.024427,0.034375,-0.402569,0.008482
-0.096713,0.029721,-0.330753,0.013644
-0.301489,0.037813,-0.109458,-0.011003
-0.124665,-0.029471,-0.395757,0.173598
0.024023,-0.035800,0.166010,-0.032385
0.244674,-0.048037,0.073203,-0.069291
0.058396,-0.000192,-0.382728,-0.059484
0.093558,0.005627,-0.434962,-0.048345
0.425021,0.022066,0.015150,-0.076678
0.462904,0.064610,0.065481,-0.051692
0.110036,0.023437,-0.464507,-0.053090
0.067929,0.026672,-0.433292,-0.045445
0.169537,0.079541,-0.104762,-0.063004
0.322320,0.073459,0.200140,0.019613
0.175900,0.095484,-0.044848,0.032807
-0.022351,0.037325,-0.397544,-0.001569
-0.093053,0.031140,-0.323975,0.001816
-0.220254,0.037023,-0.197557,-0.003353
-0.171324,0.055267,-0.038008,-0.000612
-0.123144,-0.147586,0.030446,-0.140772
-0.277480,-0.187285,0.077496,0.013235
-0.242405,-0.390757,0.218256,0.037559
-0.178459,-0.294307,0.341674,0.088834
0.042914,-0.034932,0.518615,0.059284
0.083810,-0.000499,0.461583,0.070367
0.108104,0.049013,0.332659,0.124832
-0.257597,0.032334,-0.227690,0.068846
-0.278223,0.039705,-0.214124,0.068505
0.042062,0.098808,0.320894,0.153979
0.092187,0.094932,0.350764,0.077958
-0.227361,0.035656,-0.203334,0.010899
-0.222546,0.035113,-0.178529,-0.018179
-0.280223,0.044500,-0.115520,-0.032818
0.124024,0.009749,0.365688,0.099002
-0.365060,-0.006036,0.072035,-0.083450
-0.271376,0.022820,0.171642,-0.298428
0.099922,0.049386,0.532148,-0.065599
0.147420,0.042238,0.508493,-0.082295
0.226083,0.043731,0.431513,-0.085469
0.299732,0.045253,0.334396,-0.063524
0.051529,0.008926,-0.129448,-0.209634
-0.045310,0.008296,-0.317980,-0.029144
-0.124147,0.003159,-0.226950,-0.031026
0.227156,0.026468,0.324590,0.037641
0.253137,0.037554,0.255341,0.069773
0.233160,0.127843,0.046453,0.194874
-0.063420,0.043782,-0.401203,0.036708
-0.109736,0.033058,-0.323718,0.016299
-0.247175,0.038276,-0.162128,-0.013115
-0.266332,0.047920,-0.113223,-0.051682
-0.151526,-0.167458,0.005661,-0.070810
-0.003628,-0.463891,0.070968,0.013075
-0.021968,-0.466082,0.069578,0.037100
-0.050767,-0.440163,0.063062,0.066080
-0.051476,-0.366315,0.056685,0.080229
0.012686,-0.219994,0.084326,0.116382
0.122536,-0.035808,0.139163,0.134226
0.289437,0.059588,0.094411,0.079305
0.091396,0.020997,-0.484026,0.008806
0.111812,0.018570,-0.506540,-0.000213
0.451572,0.067496,0.051594,0.025573
0.447375,0.067497,0.061621,0.027278
0.108833,0.020495,-0.515496,0.002745
0.075013,0.024412,-0.494276,0.010750
0.132192,0.121920,-0.169712,0.037269
0.147087,0.154930,-0.077566,0.138248
-0.052512,0.039402,-0.403538,0.032512
-0.115480,0.030417,-0.324540,0.025626
-0.248190,0.037859,-0.173988,0.000178
-0.299113,0.040050,-0.112329,-0.012745
0.223220,-0.167182,0.481740,-0.083730
-0.238469,-0.228524,0.088804,-0.001937
-0.272520,-0.200021,0.076572,0.014026
-0.283507,-0.208758,0.088348,0.021384
-0.214862,-0.390952,0.182243,0.040586
-0.197083,-0.405673,0.199357,0.022634
0.082713,-0.150100,0.464477,0.074130
0.192730,-0.080789,0.469544,0.030749
0.276446,-0.068601,0.368257,0.037996
-0.064842,-0.151967,-0.175427,0.028690
-0.098615,-0.043185,-0.272195,0.029853
-0.192267,-0.027230,-0.191273,0.026654
0.177445,0.026247,0.368911,0.042862
0.207121,0.025226,0.345898,0.037610
-0.111196,0.018443,-0.176363,0.032362
-0.165623,0.036696,-0.289809,0.034596
-0.257820,0.042596,-0.113419,-0.054549
0.130339,0.006193,0.335837,0.103756
-0.353573,-0.004068,0.002909,-0.010771
-0.355238,-0.006658,0.013071,-0.030365
-0.340028,0.001820,0.103121,-0.139921
0.100947,0.035679,0.522984,-0.043754
0.134299,0.027450,0.508840,-0.054735
0.205788,0.028654,0.443255,-0.061839
0.246328,0.051554,0.377283,-0.059308
-0.021292,0.055501,-0.130348,-0.282368
-0.063972,0.054524,-0.160022,-0.214443
0.258103,0.051406,0.338953,-0.032606
0.288525,0.040873,0.293238,-0.006783
0.331661,0.107086,0.132994,0.041415
-0.046955,0.045228,-0.411721,0.029387
-0.087515,0.044520,-0.376234,0.035090
-0.018058,0.124067,0.064355,0.006986
-0.083185,-0.195916,-0.036246,-0.068711
0.179552,-0.490966,0.026537,0.009130
0.121840,-0.497531,0.091601,0.012845
0.126076,-0.426766,0.092513,0.030333
0.194006,-0.278463,0.110965,0.044569
0.367407,-0.101793,0.068388,0.060587
0.133769,-0.030337,-0.474052,0.055780
0.086888,0.002757,-0.516758,0.043220
0.069469,0.022182,-0.520168,0.049068
0.063196,0.096829,-0.345878,0.110001
-0.064620,0.050812,-0.387949,0.018340
-0.110707,0.060316,-0.257444,-0.046246
0.235864,0.060588,0.308288,0.011112
0.263854,0.050134,0.284599,0.017263
0.151583,0.140831,-0.028510,0.037022
-0.033625,0.038965,-0.390794,0.001315
-0.101147,0.031154,-0.319659,0.005582
-0.246019,0.039903,-0.181021,0.002995
-0.282969,0.044170,-0.116045,-0.029244
-0.148503,-0.021521,-0.386209,0.177727
0.169908,0.000396,0.173252,-0.054499
0.265510,-0.019045,0.084714,-0.081736
0.067816,0.007562,-0.396664,-0.062384
0.095716,0.010951,-0.448392,-0.042390
0.445317,0.043042,0.032632,-0.048596
0.456670,0.067345,0.047954,-0.043026
0.104717,0.022528,-0.466539,-0.044835
0.057134,0.026764,-0.417325,-0.050713
0.005201,0.050860,-0.267268,-0.144060
0.302978,0.050010,0.267121,-0.004267
0.321206,0.045155,0.250958,-0.001501
0.211612,0.123307,-0.081865,-0.033496
-0.004023,0.035680,-0.399340,-0.016456
-0.076898,0.030207,-0.324536,-0.012873
-0.171240,0.055345,-0.037942,-0.000610
-0.081894,-0.042821,-0.251759,-0.007422
-0.291090,-0.070355,0.044320,-0.007032
0.036375,0.011844,0.144860,0.009929
0.138446,-0.055788,0.060103,0.007505
0.022408,-0.017186,-0.338034,-0.014120
0.034282,-0.031793,-0.389481,0.002977
0.061585,-0.037952,-0.406043,-0.001238
0.258712,-0.210404,-0.063151,-0.039371
0.399464,-0.074884,0.207417,-0.039466
0.223625,-0.184650,-0.101822,-0.220014
0.198552,-0.127313,-0.146330,-0.239135
0.386712,0.026094,0.272244,-0.069821
0.383318,0.042512,0.250575,-0.062339
0.450718,0.109370,0.045328,-0.083469
0.106323,0.029851,-0.449594,-0.070718
0.054853,0.020195,-0.409533,-0.049657
-0.023638,0.029171,-0.247805,-0.122913
0.291893,0.076589,0.233781,0.013288
0.069198,0.083706,-0.091110,0.086435
-0.064574,0.035062,-0.386138,0.031512
-0.118224,0.029103,-0.322778,0.027888
-0.274300,0.039229,-0.183914,0.034845
0.006061,0.125222,0.317477,0.164402
0.062042,0.103035,0.359385,0.091344
-0.243333,0.037775,-0.182024,0.003441
-0.234450,0.036468,-0.159681,-0.026478
-0.294552,0.040074,-0.113918,-0.015737
-0.154597,-0.007808,-0.394253,0.177735
0.181680,0.049702,0.179159,-0.126710
0.312377,0.044916,0.121227,-0.117901
0.083338,0.024615,-0.410694,-0.081374
0.117556,0.026600,-0.460774,-0.067507
0.471741,0.102805,0.039538,-0.066457
0.473310,0.104699,0.043953,-0.038402
0.116921,0.026372,-0.503222,-0.024093
0.075833,0.029094,-0.490120,0.001081
0.162417,0.151173,-0.142834,0.052627
0.077381,0.128663,-0.140185,0.027049
0.176753,0.147211,0.195161,0.066672
-0.073623,-0.167261,-0.067843,-0.075086
0.125029,-0.144616,-0.386271,0.022030
0.449411,-0.162620,0.011223,0.086443
0.459186,-0.061414,0.059636,0.097555
0.095184,-0.024932,-0.510282,0.057917
0.014408,0.005680,-0.476091,0.071873
-0.060898,0.032772,-0.422365,0.066375
-0.227214,0.048925,-0.266635,0.062194
0.115535,0.157704,0.158963,0.065745
0.177724,-0.120654,0.439957,-0.128932
-0.155103,-0.158736,-0.044350,0.045375
-0.033385,-0.131542,-0.035625,0.104803
-0.082775,-0.088102,-0.053669,0.118326
-0.206738,-0.046464,-0.041117,0.108518
-0.415634,-0.007046,0.011037,0.071535
-0.436940,0.041868,0.066256,0.080112
-0.389672,0.046096,0.124920,0.047117
-0.058761,0.088048,0.460630,0.063379
0.000660,0.096364,0.481837,0.031584
-0.409529,0.034224,-0.001328,-0.007383
-0.405239,0.034048,-0.004357,-0.008510
0.044640,0.070808,0.495681,0.004727
0.104619,0.059814,0.450152,0.001272
0.138122,0.087773,0.383628,0.006332
-0.261866,0.047438,-0.110471,-0.057765
-0.100079,-0.179142,-0.036565,-0.068275
0.035472,-0.486206,0.122791,0.027684
-0.066289,-0.360512,0.179350,0.083879
-0.076480,-0.288977,0.145097,0.108238
0.018805,-0.204764,0.088032,0.119970
0.251253,-0.010384,0.066452,0.114962
0.091532,0.005124,-0.475052,0.054101
0.097745,0.026333,-0.514663,0.021356
0.437812,0.076107,0.051745,0.036173
0.435604,0.080048,0.051137,0.036369
0.107317,0.026756,-0.514592,-0.003037
0.076130,0.027428,-0.472353,-0.015337
0.043935,0.069689,-0.243014,-0.094336
0.310022,0.098723,0.172737,0.033633
0.079646,0.136148,-0.145587,0.110434
-0.053436,0.038043,-0.393779,0.025038
-0.120342,0.028269,-0.300221,0.008736
-0.241975,0.037442,-0.180542,0.000937
-0.345946,0.045048,-0.028787,-0.053353
0.106587,0.062252,0.442041,0.004977
0.181763,0.054531,0.378624,0.000939
0.230172,0.068410,0.310477,0.006791
0.185379,0.147123,0.201150,0.063571
-0.032168,-0.004515,0.139599,0.178428
0.069375,0.171210,0.021930,-0.027263
-0.049871,0.127130,0.057321,-0.049353
-0.098621,0.095882,0.047664,-0.054147
-0.297946,0.035355,0.023363,-0.058615
-0.397951,0.006458,0.061370,-0.051340
-0.264264,0.026874,0.215394,-0.083135
0.046723,0.066902,0.517003,-0.014784
0.057285,0.056179,0.515920,-0.013528
0.111821,0.059622,0.455679,-0.011265
0.137742,0.105784,0.382341,-0.010068
-0.277798,0.045361,-0.115809,-0.035772
0.078773,-0.102585,0.335716,-0.162388
-0.057576,-0.210865,-0.038519,-0.011803
-0.023797,-0.199781,-0.057054,0.009810
-0.153122,-0.221164,0.014721,0.036071
-0.189829,-0.194637,0.014245,0.060405
-0.232293,-0.157382,0.010673,0.064885
-0.280180,-0.115215,0.006220,0.068872
-0.393270,-0.050467,0.019867,0.063122
-0.431575,0.027351,0.069837,0.071107
-0.375830,0.066681,0.152585,0.051550
-0.074571,0.086485,0.459931,0.063335
-0.015616,0.091814,0.489509,0.045743
-0.424323,0.033288,-0.005986,0.013347
-0.420324,0.033419,-0.009212,0.012306
0.036697,0.070277,0.489970,0.018912
0.105648,0.061796,0.451380,-0.002967
-0.142919,0.085454,-0.026429,-0.060951
0.116514,0.011006,0.326910,0.114176
-0.310510,0.000159,-0.024757,-0.023977
-0.309452,-0.000399,-0.022569,-0.044020
-0.378379,-0.001369,0.057673,-0.061542
0.073797,0.051288,0.535158,-0.044393
0.087240,0.047521,0.524349,-0.043254
0.115773,0.060482,0.493236,-0.053634
-0.119583,0.074321,0.131941,-0.257393
-0.171266,0.055320,-0.037962,-0.000611
-0.125873,-0.177517,-0.012289,-0.068444
-0.175639,-0.335640,0.118497,0.014907
-0.096461,-0.405617,0.070771,0.049131
-0.112300,-0.388952,0.059195,0.069791
-0.127489,-0.334527,0.054057,0.078275
-0.102155,-0.232600,0.069447,0.109001
-0.020859,-0.081696,0.114251,0.140371
0.196805,0.037304,0.087158,0.129703
0.062123,0.027679,-0.477306,0.033270
0.094007,0.031963,-0.506474,0.006220
0.442860,0.077567,0.056288,0.021804
0.438635,0.069770,0.075332,0.021503
0.113111,0.029690,-0.514428,-0.007154
0.097400,0.028990,-0.510950,0.000873
0.364651,0.133191,0.025854,0.062503
0.334282,0.135991,0.038017,0.069309
0.000946,0.035286,-0.418828,-0.001539
-0.069360,0.033159,-0.350199,0.002270
-0.255736,0.048921,-0.109640,-0.064590
-0.142590,-0.167505,-0.005223,-0.068809
-0.101441,-0.426348,0.121259,0.049263
-0.055726,-0.411485,0.058380,0.076214
-0.014431,-0.276017,0.072071,0.124746
0.109869,-0.059682,0.130949,0.158303
0.291330,0.063139,0.091259,0.094632
0.081452,0.024321,-0.491224,0.020157
0.099056,0.029324,-0.514093,0.015980
0.421151,0.078878,0.051924,0.053390
0.419543,0.070831,0.071223,0.047611
0.105289,0.031677,-0.513275,-0.004799
0.074466,0.030981,-0.494559,0.005064
0.179502,0.128262,-0.117985,0.035546
0.068042,0.112550,-0.154344,-0.001214
-0.062151,0.047720,-0.370614,0.000909
0.049360,0.150551,0.112852,0.042372
-0.096691,-0.028205,-0.413616,0.168568
0.190070,-0.149158,-0.205848,-0.072990
0.158583,-0.126361,-0.281713,-0.122585
0.369276,-0.071189,-0.005115,-0.122772
0.447670,0.018447,0.080593,-0.063544
0.101803,0.011490,-0.441898,-0.055520
0.066721,0.021313,-0.413061,-0.059114
0.053290,0.040540,-0.226859,-0.244881
0.336651,0.048320,0.291774,-0.060892
0.344735,0.044667,0.248090,-0.021690
0.383173,0.135434,0.044261,0.002017
0.027982,0.030599,-0.414888,-0.027833
-0.027868,0.030044,-0.371642,-0.014672
-0.191033,0.055697,-0.067501,-0.084767
0.124183,0.008668,0.334583,0.107836
-0.348793,-0.000462,-0.001726,-0.015792
-0.347432,-0.002998,0.006587,-0.036001
-0.362751,-0.001356,0.079523,-0.097218
0.093131,0.044282,0.525873,-0.047429
0.118823,0.037194,0.514667,-0.054828
0.186477,0.041664,0.449872,-0.062156
0.224575,0.068919,0.387389,-0.065027
-0.118477,0.051134,-0.194628,-0.122154
0.086837,0.150721,0.137434,0.056673
0.105991,-0.104854,0.365935,-0.158907
0.010876,-0.172566,-0.058144,0.029190
-0.090661,-0.180458,-0.042136,0.058438
-0.241759,-0.147581,0.009531,0.062843
-0.284529,-0.107668,0.006332,0.064450
-0.384047,-0.053294,0.027555,0.046870
-0.414602,0.005668,0.084927,0.027482
-0.373399,0.035836,0.160474,0.012534
-0.115909,0.016766,0.440602,0.062823
-0.043293,0.038595,0.474457,0.046824
-0.406748,0.015512,-0.000462,0.007808
-0.417709,0.024087,-0.011299,0.021582
0.026214,0.069679,0.473492,0.046467
0.088440,0.061591,0.442856,0.022970
-0.122374,0.094429,-0.012253,-0.050745
0.119238,0.009753,0.325826,0.112497
-0.306251,-0.000570,-0.026294,-0.020696
-0.304670,-0.002839,-0.025522,-0.041258
-0.377799,-0.002951,0.057187,-0.060023
0.076780,0.048520,0.534238,-0.043691
0.091049,0.044308,0.523606,-0.043106
0.117813,0.058981,0.490625,-0.051563
-0.157639,0.058535,0.097270,-0.303361
-0.125991,0.061741,0.063231,-0.307227
0.207009,0.049536,0.423124,-0.063811
0.264871,0.032232,0.371538,-0.052786
0.347590,0.022170,0.271573,-0.025485
0.080638,0.015738,-0.217268,-0.052350
-0.020736,0.017909,-0.397430,0.016147
-0.135133,0.037408,-0.306577,0.020376
0.203598,0.082121,0.283995,0.046118
0.224059,0.062008,0.290632,0.039149
0.175684,0.148766,0.195215,0.066640
-0.045967,-0.107104,0.216908,-0.181871
-0.119029,-0.185874,-0.027630,0.059177
-0.253871,-0.143778,0.006462,0.075605
-0.313539,-0.089687,0.000330,0.086435
-0.409976,-0.026527,0.009283,0.075254
-0.435162,0.045921,0.066922,0.084842
-0.367188,0.060874,0.153996,0.064711
-0.061408,0.088064,0.462777,0.065039
-0.017170,0.095965,0.471103,0.061020
-0.419996,0.033760,-0.006484,0.008786
-0.403145,0.033995,-0.008018,-0.006923
0.044385,0.074335,0.493060,0.004077
0.101572,0.061270,0.451124,0.001892
0.122273,0.098077,0.381189,0.014312
-0.216624,0.040519,-0.200455,-0.007582
-0.219717,0.039093,-0.201324,-0.002194
-0.268153,0.046421,-0.113179,-0.048690
-0.145161,-0.023807,-0.386415,0.177126
0.168233,-0.031307,0.167378,-0.000533
0.239510,-0.062522,0.067186,-0.041411
0.054840,-0.006308,-0.380781,-0.051647
0.089455,-0.000674,-0.421450,-0.051456
0.386593,-0.021750,-0.016388,-0.110616
0.447617,0.050202,0.056832,-0.070385
0.107114,0.021238,-0.456492,-0.055991
0.063657,0.025850,-0.424269,-0.049376
0.120212,0.060981,-0.143774,-0.114538
0.324053,0.084071,0.219635,-0.012171
0.094726,0.087506,-0.118401,-0.094739
-0.047550,0.047451,-0.358596,-0.025441
-0.171219,0.055364,-0.037925,-0.000610
-0.080202,-0.043167,-0.253145,-0.007372
-0.274363,-0.081153,0.045121,0.007846
0.013586,-0.012695,0.136757,0.043075
0.126296,-0.063409,0.057755,-0.023322
0.020226,-0.014464,-0.327061,-0.057098
0.067384,-0.009029,-0.388053,-0.054329
0.457620,0.013478,0.097329,-0.060615
0.475778,0.043168,0.108618,-0.054471
0.115582,0.018894,-0.457907,-0.060652
0.097477,0.023466,-0.439440,-0.065641
0.175362,0.060322,-0.160553,-0.251546
0.396181,0.070223,0.189067,-0.039911
0.325917,0.144176,-0.005294,-0.044286
0.025152,0.028442,-0.403509,-0.034226
-0.042392,0.020000,-0.335122,-0.026624
-0.199343,0.034186,-0.212754,-0.006228
0.170728,0.083568,0.339294,0.022246
0.204736,0.065222,0.332723,0.013173
-0.162087,0.045136,-0.259097,-0.007982
-0.215898,0.047634,-0.086503,-0.088170
0.178968,-0.121613,0.440388,-0.127014
-0.277165,-0.163328,0.032960,0.031436
-0.270936,-0.131495,-0.020168,0.048422
-0.363672,-0.083597,0.021201,0.047111
-0.407318,-0.109294,0.129250,0.059867
-0.016359,0.041112,0.526421,0.051428
-0.000015,0.058338,0.502881,0.054273
-0.064838,0.094208,0.310916,0.241459
-0.329171,0.033850,-0.136486,0.047671
-0.310344,0.034089,-0.136345,0.028463
-0.207915,0.106168,0.190995,0.074049
0.021662,0.116013,0.376207,0.101400
-0.288060,0.034930,-0.129312,-0.001699
-0.257257,0.034756,-0.144537,-0.017101
-0.288038,0.054848,0.074742,-0.160722
0.117703,0.062004,0.452950,-0.016799
0.194810,0.052834,0.386794,-0.018582
0.256462,0.054017,0.322209,-0.016832
-0.033367,0.061370,-0.191480,-0.134302
-0.074272,0.036391,-0.320215,-0.026045
-0.173547,0.034377,-0.235261,-0.009694
0.191552,0.065321,0.325587,0.033394
0.212134,0.055931,0.298564,0.049224
-0.064353,0.097890,-0.173611,0.068620
-0.220487,0.058220,-0.083372,-0.087197
0.074664,0.011390,0.268052,0.143355
0.039313,0.159707,0.040172,-0.030240
0.108776,0.141012,-0.045215,-0.042322
-0.108349,0.085823,0.045353,-0.062449
-0.303694,0.030227,0.026306,-0.063136
-0.400187,0.010125,0.062062,-0.054315
-0.303649,0.024966,0.181295,-0.086616
0.048456,0.068572,0.515349,-0.016535
0.051024,0.060923,0.518464,-0.014554
0.107075,0.063240,0.459169,-0.013627
-0.241450,0.051221,-0.098176,-0.080374
0.107631,0.013046,0.324580,0.119407
-0.295193,0.004351,-0.027377,-0.051099
-0.301191,0.009033,-0.020865,-0.065051
-0.383107,0.008131,0.052055,-0.060896
0.057895,0.067423,0.537616,-0.047224
0.070174,0.062169,0.528322,-0.044808
0.086364,0.070989,0.496581,-0.038077
-0.298935,0.040378,-0.112275,-0.013304
-0.117380,-0.020625,-0.409064,0.172201
-0.038403,-0.014023,0.144884,-0.099476
0.155757,0.054447,0.174982,-0.106775
0.300137,0.043474,0.107840,-0.082221
0.076614,0.022826,-0.416178,-0.067108
0.105025,0.022932,-0.465888,-0.046100
0.475059,0.068118,0.075397,-0.023775
0.462454,0.059604,0.083091,-0.000975
0.102244,0.025507,-0.500370,-0.009325
0.073748,0.019692,-0.477843,0.000373
0.151993,0.008720,-0.143409,-0.035475
0.336620,0.085473,0.223022,-0.030007
0.039806,0.048216,-0.197526,-0.180950
-0.031705,0.045573,-0.359633,-0.038373
-0.117076,0.054071,-0.277553,-0.043240
0.223485,0.068178,0.322774,0.001416
0.247237,0.056464,0.309152,0.003000
-0.031102,0.083466,-0.189343,-0.069654
-0.236448,0.047641,-0.100162,-0.080765
0.170400,-0.116874,0.434319,-0.135411
-0.324392,-0.127055,0.023588,0.053737
-0.387648,-0.066834,0.008998,0.068847
-0.415274,-0.038267,0.105161,0.089769
-0.033654,0.067381,0.509230,0.066808
-0.008404,0.074531,0.494066,0.055544
-0.200993,0.086461,0.208452,0.156800
-0.304851,0.033971,-0.131457,0.018200
-0.293928,0.034532,-0.137286,0.012557
-0.402350,0.036690,-0.002097,-0.015396
0.074340,0.066408,0.459861,0.015248
0.148879,0.056436,0.430776,-0.020234
0.214042,0.073001,0.343956,-0.015142
0.139219,0.147941,0.170643,0.068526
-0.065343,-0.185349,-0.057533,-0.075545
0.117568,-0.174925,-0.334992,0.008346
0.398367,-0.288625,0.009085,0.054785
0.468029,-0.209123,0.069869,0.056141
0.136561,-0.116896,-0.426093,0.022450
0.086514,-0.111139,-0.384348,0.024846
0.067822,-0.262306,-0.203408,0.033350
0.350200,-0.096325,0.227795,0.090582
0.049313,-0.216532,-0.168095,0.029209
-0.038707,-0.056237,-0.311682,0.022497
-0.123571,-0.047317,-0.231642,0.018614
0.231580,0.000352,0.348784,0.034861
0.245997,0.003066,0.331117,0.035661
-0.080868,-0.016885,-0.211392,0.025999
-0.115553,0.019571,-0.319175,0.031019
-0.213929,0.027958,-0.222177,0.024025
0.166154,0.074770,0.332903,0.042022
0.193928,0.061024,0.327299,0.033604
-0.171198,0.055383,-0.037909,-0.000609
-0.122932,-0.147943,0.030420,-0.140567
-0.254428,-0.196012,0.075699,-0.000732
-0.177194,-0.429770,0.214434,0.011672
-0.180632,-0.454545,0.246317,0.020005
-0.051820,-0.268255,0.391060,0.104823
0.109925,-0.065727,0.482961,0.073661
0.087511,-0.033344,0.320566,0.205654
-0.248499,-0.001059,-0.213265,0.078732
-0.276540,0.028486,-0.212876,0.076794
0.047217,0.097082,0.309022,0.162385
-0.259025,0.048810,-0.109334,-0.062122
0.121525,0.008052,0.319889,0.111443
-0.283020,0.003813,-0.038085,-0.018452
-0.280340,-0.004131,-0.041012,-0.040715
-0.379677,-0.003613,0.050828,-0.051064
0.075171,0.049000,0.529170,-0.037605
0.088511,0.042822,0.521923,-0.037399
0.105290,0.059303,0.493360,-0.042098
-0.242377,0.042778,0.031846,-0.216201
-0.215619,0.047334,0.031465,-0.247001
0.185750,0.057112,0.431790,-0.058794
0.232921,0.048043,0.375985,-0.041092
0.293277,0.054283,0.280463,-0.012174
0.047934,0.113653,-0.186637,-0.003794
-0.072940,0.047058,-0.387251,0.029014
-0.079477,0.102929,0.019763,-0.027134
-0.118365,-0.036631,-0.392758,0.172281
-0.000684,-0.068507,0.158817,0.006666
0.215813,-0.096606,0.059198,-0.016632
0.041962,-0.027333,-0.370969,-0.021663
0.045013,-0.031226,-0.392443,-0.005458
0.063446,-0.034756,-0.403606,-0.009076
0.149282,-0.232069,-0.187105,-0.073500
0.406369,-0.048207,0.210559,-0.046821
0.139771,-0.145100,-0.173131,-0.176880
0.085637,-0.053041,-0.222016,-0.187358
0.357944,0.025185,0.294032,-0.061376
0.367242,0.035406,0.265034,-0.052006
0.380959,0.100488,0.023844,-0.093926
0.058507,0.031581,-0.420130,-0.054097
-0.001177,0.036511,-0.398504,-0.020971
0.182710,0.149049,0.200412,0.064076
0.084422,0.010825,0.273852,0.137624
0.144975,0.164499,-0.045114,-0.017676
0.052226,0.164149,0.030279,-0.038386
-0.070583,0.114512,0.052876,-0.051123
-0.280938,0.043154,0.019276,-0.058269
-0.393589,0.007813,0.052025,-0.046266
-0.299917,0.014916,0.169702,-0.082292
0.059429,0.065429,0.529614,-0.038620
0.065694,0.060079,0.526962,-0.036879
0.103948,0.065999,0.484625,-0.038715
-0.242291,0.053123,-0.099480,-0.080267
-0.113628,-0.184634,-0.017010,-0.068847
-0.087310,-0.421801,0.116505,0.014550
-0.022158,-0.466028,0.069525,0.037150
-0.046738,-0.442738,0.065063,0.054175
-0.056249,-0.394016,0.058029,0.058747
-0.037650,-0.315112,0.062581,0.072029
0.033652,-0.177282,0.095420,0.099486
0.252506,-0.013984,0.066053,0.093869
0.088137,0.004917,-0.477853,0.039233
0.100046,0.025854,-0.510958,0.024297
0.433537,0.065965,0.071987,0.034438
0.431829,0.064345,0.081436,0.030486
0.108398,0.030312,-0.514735,-0.000900
0.092323,0.028710,-0.498507,-0.006588
0.253313,0.145193,-0.064112,-0.020911
0.220934,0.152233,-0.032486,0.039404
-0.021764,0.033615,-0.406679,0.010689
-0.095332,0.029736,-0.331410,0.012913
-0.300957,0.038335,-0.110292,-0.011222
-0.139706,-0.168657,-0.007224,-0.068539
-0.102354,-0.421992,0.122254,0.038350
-0.051916,-0.431804,0.062304,0.061731
-0.027664,-0.303729,0.067057,0.132232
0.109551,-0.058682,0.130313,0.180103
0.281274,0.068373,0.084888,0.119494
0.069773,0.033907,-0.494077,0.042386
0.093699,0.035929,-0.513732,0.020497
0.417232,0.078082,0.053392,0.058301
0.412049,0.067777,0.072218,0.058623
0.086950,0.031747,-0.512235,0.022144
0.032880,0.021460,-0.475239,0.036797
-0.027272,0.027243,-0.411846,0.027750
-0.153651,0.016295,-0.266796,0.029258
0.150856,0.050042,0.213105,0.132756
-0.176062,0.001208,-0.230222,0.030093
-0.160154,0.012334,-0.274004,0.037697
-0.221500,0.000714,-0.199345,0.036218
0.077298,0.034777,0.360691,0.108989
0.127303,0.006658,0.378137,0.072651
-0.194495,-0.026845,-0.196831,0.038505
-0.163081,-0.018284,-0.237500,0.034797
-0.212460,-0.034336,-0.166460,0.029586
-0.134055,-0.184541,0.147522,-0.001624
0.134829,-0.012346,0.457800,0.008453
0.117436,-0.100726,0.318213,-0.036608
-0.138069,-0.021839,-0.176352,-0.047873
-0.145396,-0.002171,-0.170313,-0.066262
-0.013252,-0.080401,0.195837,-0.238163
0.236481,0.013098,0.433186,-0.066909
0.294144,0.021201,0.366994,-0.066497
0.348402,0.041981,0.302623,-0.077156
0.234606,0.105213,-0.046749,-0.218426
0.037432,0.031175,-0.398330,-0.054420
-0.024552,0.020082,-0.339147,-0.040523
-0.177646,0.030278,-0.215209,-0.021562
0.195756,0.068632,0.336499,0.014964
0.216309,0.053049,0.333719,0.012779
-0.139035,0.044890,-0.242213,-0.036803
-0.167460,0.042389,-0.255628,-0.003400
0.202390,0.072881,0.326549,0.014033
0.221257,0.056803,0.325431,0.012364
-0.133164,0.051871,-0.261358,-0.033625
0.081654,0.132144,0.129291,0.051570
-0.097503,-0.030896,-0.410807,0.168740
0.241051,-0.148300,-0.127241,-0.038524
0.190366,-0.170432,-0.225601,-0.116901
0.168091,-0.137224,-0.274272,-0.130756
0.432001,-0.007383,0.081536,-0.063187
0.456140,0.031130,0.108155,-0.049153
0.099669,0.013960,-0.441616,-0.056136
0.059268,0.024501,-0.410735,-0.057175
0.045272,0.041759,-0.202845,-0.249859
0.328372,0.049015,0.301699,-0.063232
0.346882,0.044124,0.267070,-0.042229
0.398455,0.128769,0.083910,-0.008030
0.031393,0.031342,-0.444066,-0.002796
-0.029918,0.036178,-0.402490,0.012090
-0.021919,0.114102,0.057577,0.002156
0.097408,-0.103098,0.359063,-0.164868
0.015518,-0.158049,-0.057644,0.056742
-0.126298,-0.149730,-0.039442,0.082030
-0.292388,-0.106218,0.004239,0.074925
-0.401569,-0.040039,0.014093,0.070066
-0.434442,0.037652,0.067230,0.080434
-0.379714,0.063698,0.143765,0.061630
-0.069463,0.086383,0.458234,0.066146
-0.018399,0.098209,0.472554,0.049726
-0.408275,0.033924,-0.004732,-0.004945
-0.403530,0.034032,-0.009522,-0.005040
0.036906,0.076814,0.493753,0.008382
0.094091,0.063932,0.451050,0.006785
