0.090392,-0.013941,0.001331,0.026649
0.232025,0.075676,0.064656,0.169237
0.195906,0.288696,-0.174833,-0.084771
0.124522,0.320811,-0.005340,-0.118465
0.078843,0.243491,-0.012685,-0.147535
-0.012216,0.120216,-0.045772,-0.173104
-0.203431,-0.010253,-0.033492,-0.134447
-0.060817,0.045683,0.502379,-0.117971
-0.114049,0.032676,0.485956,-0.107540
-0.359578,-0.008805,-0.018971,-0.069689
-0.374111,-0.009270,-0.023516,-0.050187
-0.238161,0.000279,0.398302,-0.075950
-0.105842,-0.019517,0.522755,-0.010293
-0.310322,-0.031666,0.024049,-0.065493
-0.327527,-0.021799,-0.134212,0.026432
-0.196931,-0.060673,0.074405,0.079093
0.092882,-0.016488,0.384019,0.080849
-0.183201,-0.047190,-0.162477,-0.063370
-0.055118,-0.075952,-0.107852,-0.216388
-0.203153,-0.145060,0.096417,0.070855
-0.091485,-0.137639,0.039273,0.072848
0.031152,-0.103634,0.012683,0.081942
0.242721,-0.019239,0.029084,0.088439
0.366134,0.077387,-0.075325,0.109328
0.087423,0.026233,-0.502710,0.099663
0.063860,-0.015981,-0.591430,0.086441
0.064419,-0.028359,-0.573977,0.080807
-0.027183,-0.021854,-0.476206,0.068133
0.228671,-0.142614,0.087024,0.010954
0.368260,-0.091586,0.060529,0.022582
0.422276,0.006542,-0.074061,0.039850
0.090847,-0.026186,-0.511879,-0.009841
0.084844,-0.042722,-0.500347,0.001121
0.045247,-0.064195,-0.435427,-0.002685
0.065238,-0.103329,-0.279919,-0.061189
0.288518,-0.175074,0.078008,0.030587
0.031237,-0.096462,-0.255277,-0.059764
-0.070711,-0.053832,-0.328964,-0.003259
-0.115706,-0.052543,-0.258585,-0.025554
0.161481,-0.138204,0.229369,0.046184
0.256438,-0.094343,0.287434,0.048068
-0.041620,-0.078508,-0.251011,-0.047430
-0.124081,-0.035318,-0.328647,0.031513
-0.203067,-0.007529,-0.292485,0.088055
0.088498,-0.007763,0.231227,0.227869
0.138477,-0.009169,0.246236,0.166679
0.038114,0.049526,-0.090769,0.330917
-0.183453,-0.002941,-0.390511,0.119794
-0.236863,-0.005987,-0.325832,0.111572
-0.351325,-0.014172,-0.197691,0.106077
-0.252089,-0.092299,0.135333,0.185191
0.002811,-0.009997,0.439002,0.105220
0.102440,-0.011704,0.315373,0.084871
-0.212743,-0.010204,-0.185310,-0.048855
-0.206930,-0.007801,-0.174179,-0.068200
-0.082612,-0.035029,0.153557,-0.213365
0.212268,-0.012664,0.407456,-0.066436
0.309539,-0.007996,0.283220,-0.043699
-0.016053,-0.055615,-0.277989,-0.101694
-0.071170,-0.054195,-0.311402,-0.019620
0.243259,0.004980,0.103960,0.093305
0.124225,0.020037,0.275977,-0.427102
0.096141,-0.004935,-0.112438,0.208226
-0.189261,-0.051860,-0.142564,0.213975
-0.350254,-0.066130,-0.121939,0.145129
-0.102405,-0.001797,0.475142,0.159087
-0.126588,0.003202,0.522735,0.129637
-0.462289,-0.020475,-0.033000,0.059083
-0.432961,-0.014380,-0.034445,0.024779
-0.154735,0.001282,0.517844,0.035338
-0.075898,0.002139,0.551846,-0.019245
-0.293709,-0.023178,0.007123,-0.146680
-0.251497,-0.030828,0.005060,-0.174780
0.103057,-0.008408,0.478648,-0.032958
0.181627,-0.004273,0.368374,-0.006108
0.327302,-0.010909,0.194300,0.031777
0.366778,-0.013633,-0.009204,0.197065
-0.059129,-0.021810,-0.465440,0.089268
-0.143680,-0.018216,-0.389835,0.094621
-0.258255,-0.003314,-0.254883,0.059341
0.007887,-0.004359,0.223600,0.196239
0.106824,0.006252,0.271524,0.150782
-0.230614,0.012938,-0.274283,0.034850
-0.238109,0.013601,-0.214611,-0.017992
-0.218561,-0.025101,0.006940,-0.172835
0.168750,0.003150,0.401153,-0.034414
0.278147,0.003862,0.285736,-0.032175
-0.113782,-0.011141,-0.282759,-0.049429
-0.151882,-0.007200,-0.247173,-0.050855
-0.148365,-0.055778,-0.157964,-0.079881
-0.071081,-0.091433,-0.089841,-0.202106
-0.120970,-0.205414,0.084935,0.002520
0.024551,-0.254939,0.004528,-0.033523
0.011650,-0.261864,0.002165,-0.011173
-0.023252,-0.236946,-0.002950,0.053578
-0.040184,-0.180075,-0.000083,0.109449
-0.008862,-0.121602,0.009851,0.119131
0.214180,-0.023264,0.024943,0.125039
0.372751,0.066930,-0.064224,0.115187
0.076938,0.018176,-0.517248,0.022322
0.098380,-0.007456,-0.555182,0.007149
0.088000,-0.016280,-0.545225,0.016395
-0.023885,-0.012368,-0.471256,0.050398
-0.089761,-0.076987,-0.367472,0.091055
0.231292,-0.015372,0.192820,0.134058
0.255350,-0.015463,0.181137,0.121771
0.243584,-0.009313,-0.066809,0.371829
-0.110649,-0.010401,-0.452415,0.116353
-0.183484,0.000781,-0.381344,0.106936
-0.322260,0.031658,-0.235325,0.068817
-0.317441,0.019708,0.013547,0.008487
0.055351,0.047719,0.400107,0.029517
0.054425,0.110479,0.224350,-0.062084
-0.205297,0.024286,-0.218182,-0.057917
-0.215245,0.015114,-0.201917,-0.055063
-0.184959,-0.026806,0.034570,-0.200333
0.182568,0.002729,0.395984,-0.040701
0.298278,0.001046,0.278511,-0.037637
-0.075843,-0.021181,-0.266322,-0.093764
-0.126690,-0.012182,-0.266191,-0.052047
0.228603,-0.142633,0.086998,0.010951
0.156422,-0.023645,0.378661,0.021245
0.326712,0.040483,-0.002627,0.015002
0.016997,-0.143821,-0.105188,0.044272
-0.146044,-0.072230,-0.052017,0.121463
-0.081548,-0.043025,0.382757,0.193160
-0.105759,-0.010039,0.470964,0.151320
-0.468959,-0.002178,-0.062719,0.080051
-0.458925,-0.003594,-0.063106,0.069213
-0.206345,-0.003799,0.442125,0.106465
-0.164760,-0.011016,0.485621,0.072830
-0.397134,-0.014302,-0.020001,-0.019405
-0.374883,-0.015694,-0.040797,-0.023282
-0.014201,-0.006928,0.501680,0.056596
0.075692,-0.011173,0.437411,0.039359
0.241093,-0.013448,0.247561,0.066556
-0.131432,-0.027136,-0.317280,0.018737
-0.163747,-0.016374,-0.294212,0.017222
0.143331,-0.018727,0.243424,0.168285
0.000065,-0.045046,-0.064670,-0.027418
-0.056479,-0.071603,-0.109196,-0.218038
-0.199379,-0.117258,0.075050,0.122841
-0.063017,-0.064830,0.044698,0.154636
0.246948,0.021214,0.009797,0.174875
0.381633,0.055813,-0.107327,0.193300
0.072769,-0.010552,-0.554590,0.089339
0.113411,-0.023206,-0.599557,0.052318
0.088830,-0.042262,-0.549991,0.052891
0.446612,0.005254,-0.009838,0.096068
0.436186,0.012357,0.007969,0.079734
0.042513,-0.006609,-0.499150,0.006136
-0.041367,-0.009487,-0.382944,-0.023312
-0.159090,-0.001638,-0.223040,-0.073343
0.066260,-0.005848,0.172895,-0.176008
0.317793,0.004080,0.145082,0.069323
-0.281954,0.061080,-0.413903,0.185828
0.216927,-0.127337,-0.066510,-0.037231
0.292524,-0.031903,0.087712,-0.078268
0.400452,-0.031770,-0.026813,-0.130106
0.195675,0.025407,-0.490700,-0.155704
0.171420,-0.009183,-0.524381,-0.094656
0.164074,-0.012309,-0.384876,-0.221367
0.487555,0.020331,0.143064,-0.115735
0.478963,0.001230,0.147137,-0.087661
0.102404,-0.044305,-0.396712,-0.118486
0.015546,-0.025428,-0.423982,-0.023246
0.360422,-0.013142,0.143742,0.050873
0.342726,-0.014634,0.141376,0.073072
0.213682,0.013645,0.088558,0.088562
-0.069101,-0.084345,-0.094326,-0.206889
-0.153813,-0.182326,0.108951,0.008128
0.033021,-0.240270,0.005992,-0.041919
0.030119,-0.259733,0.006760,-0.046835
-0.009693,-0.253371,-0.001503,0.027279
-0.033466,-0.210016,-0.002904,0.081988
-0.031260,-0.141563,0.005795,0.131532
0.015691,-0.080435,0.015093,0.139430
0.235322,0.004131,0.017338,0.141466
0.374169,0.074170,-0.090427,0.160261
0.087655,0.011641,-0.520578,0.069485
0.101239,-0.015659,-0.573283,0.030596
0.097712,-0.025022,-0.561958,0.032157
-0.012340,-0.025250,-0.489922,0.070401
-0.096053,-0.081058,-0.356733,0.086267
0.251864,-0.014464,0.209306,0.096067
0.294514,-0.009872,0.202315,0.055631
0.302921,0.031037,-0.015433,0.200027
-0.068744,-0.008401,-0.425479,0.045512
-0.146960,-0.012102,-0.291632,-0.006417
-0.234299,0.000070,-0.181227,-0.041654
-0.282048,-0.023989,-0.010952,-0.139582
0.073943,-0.001921,0.509416,-0.041001
0.184145,-0.000321,0.387903,-0.032094
0.366342,-0.008803,0.232987,-0.048522
0.055071,-0.046888,-0.305103,-0.160036
-0.020862,-0.028620,-0.336983,-0.070647
0.348925,-0.002285,0.232537,-0.039013
0.341351,-0.010033,0.220597,-0.009946
0.108771,-0.052914,-0.233499,0.021173
-0.060875,-0.071165,-0.369116,0.046179
0.341148,-0.001124,0.150211,0.050420
-0.026966,-0.091111,-0.121480,-0.216507
0.439419,-0.071488,0.019842,0.018309
0.476663,-0.059699,0.017952,0.017398
0.131490,-0.068048,-0.451846,-0.034401
0.075216,-0.031024,-0.534582,0.033293
0.018652,-0.034040,-0.521635,0.079947
0.183565,0.028319,-0.232144,0.323561
-0.025365,-0.033927,-0.371646,0.204817
-0.139823,-0.035551,-0.410632,0.128927
0.142623,-0.020761,0.148777,0.272090
0.192064,-0.019300,0.182673,0.187322
-0.186557,-0.042740,-0.162616,-0.064142
-0.290044,0.058227,-0.400894,0.183696
0.013846,-0.136842,0.083985,0.017748
-0.100871,-0.085999,0.090777,-0.039442
-0.092740,-0.052892,0.085692,-0.098018
-0.062180,-0.023833,0.081987,-0.163385
-0.016553,-0.007807,0.073722,-0.221982
0.059030,0.003210,0.066540,-0.230167
0.200815,0.044925,0.071629,-0.194256
0.315104,0.060287,0.050392,-0.164478
0.284986,0.047444,-0.177946,-0.224296
0.156226,0.004338,-0.433489,-0.150275
0.147069,-0.007222,-0.508271,-0.083346
0.132704,-0.031321,-0.496039,-0.057122
0.496330,-0.007713,0.008432,0.044512
0.458877,-0.010044,0.015626,0.077989
0.050111,-0.047929,-0.536010,0.076814
0.012409,-0.037576,-0.515174,0.083231
-0.051984,-0.065447,-0.347684,0.022147
0.292706,-0.008012,0.195987,0.061964
0.309750,-0.002840,0.176668,0.058942
0.325980,0.051142,-0.019596,0.160310
-0.044860,-0.007386,-0.401352,-0.003512
-0.123466,-0.012171,-0.276269,-0.045205
-0.211512,-0.002777,-0.168934,-0.073887
-0.241653,-0.022971,0.004622,-0.196821
0.117292,-0.006201,0.481887,-0.052399
0.183946,-0.002973,0.370773,-0.011953
0.340945,-0.012057,0.195676,0.017931
0.381415,0.001937,-0.002740,0.126828
-0.025821,-0.012882,-0.438408,0.020000
-0.127857,-0.015305,-0.329385,0.015437
-0.230658,-0.013672,-0.217585,0.004805
0.039921,-0.022841,0.241566,0.101412
-0.161631,-0.053513,-0.162012,-0.074476
-0.330108,0.056859,-0.364896,0.188407
-0.189843,-0.112149,0.083675,0.069513
-0.150305,-0.132357,0.036584,0.067240
-0.162839,-0.139096,0.029142,0.036336
-0.153794,-0.131550,0.029388,-0.006336
-0.129074,-0.116936,0.033754,-0.052152
-0.086291,-0.092671,0.041115,-0.105422
-0.023766,-0.055389,0.052180,-0.163389
0.050235,-0.014136,0.065658,-0.196604
0.113203,0.009779,0.068853,-0.189519
0.169314,0.025394,0.069574,-0.190528
0.297818,0.047540,0.052853,-0.162272
0.265793,0.011374,-0.197230,-0.217432
0.149128,-0.005099,-0.448283,-0.123829
0.146683,-0.012862,-0.525491,-0.060775
0.130930,-0.030479,-0.517793,-0.035940
0.522533,-0.003633,-0.000465,0.016610
0.513149,-0.004790,0.012900,0.016127
0.087222,-0.030319,-0.510769,-0.003244
0.013898,-0.013803,-0.455316,-0.001889
-0.047845,-0.038881,-0.351082,-0.019302
0.302912,-0.011003,0.240826,0.009378
0.324147,-0.011690,0.227733,0.002179
0.012819,-0.059487,-0.320614,-0.086644
-0.039621,-0.040838,-0.350622,-0.026028
0.300573,-0.012703,0.230956,0.023517
0.299639,-0.013471,0.197745,0.058767
0.334754,0.000650,0.149590,0.055064
0.265018,0.094957,0.007894,0.173772
0.130356,0.364821,-0.030333,0.020386
0.145036,0.378194,-0.021669,-0.019924
0.145971,0.366011,-0.014001,-0.076811
0.123100,0.312520,-0.006414,-0.148975
0.056869,0.206079,-0.020485,-0.200292
-0.064157,0.046143,-0.067905,-0.212710
-0.218742,-0.035848,-0.040391,-0.128590
-0.072331,0.038162,0.486726,-0.065274
-0.144415,0.020798,0.477918,-0.060114
-0.362534,-0.008838,-0.027126,-0.058532
-0.361531,-0.008157,-0.028166,-0.059232
-0.258096,-0.003036,0.372730,-0.114037
-0.039744,-0.002660,0.601011,-0.032407
0.030968,-0.005667,0.536129,-0.024231
0.121649,-0.018041,0.269856,0.073957
-0.184347,-0.014266,-0.264704,0.006207
-0.209530,-0.010202,-0.237350,-0.000029
-0.044718,-0.028458,0.156869,0.072955
0.116096,-0.019440,0.272903,0.168062
-0.221225,-0.025179,-0.287543,0.076836
-0.227334,-0.013374,-0.246538,0.030135
-0.030563,-0.037920,0.171803,0.134938
0.119822,-0.013297,0.271994,0.144905
-0.210783,-0.010856,-0.252305,0.016834
-0.214913,-0.007029,-0.207299,-0.027870
-0.239314,-0.041711,-0.013399,-0.154352
0.121047,-0.006010,0.450421,-0.024303
0.204135,-0.002890,0.364854,-0.026173
0.382551,-0.010165,0.202359,-0.032610
0.076786,-0.061983,-0.310193,-0.158788
-0.006305,-0.046739,-0.363593,-0.040468
0.318169,-0.013921,0.200886,0.037436
0.335583,-0.013011,0.182492,0.037563
0.228602,-0.142633,0.086998,0.010951
0.217162,0.076834,0.076068,0.171346
0.358350,0.237294,-0.206548,0.007616
0.211616,0.323147,-0.026513,0.008391
0.214704,0.336301,-0.020595,-0.027442
0.219562,0.338742,-0.011725,-0.081582
0.210948,0.306582,-0.001191,-0.139356
0.166585,0.225618,-0.007234,-0.181609
0.065321,0.090652,-0.048712,-0.212472
-0.145536,-0.018030,-0.038105,-0.160017
-0.048416,0.032820,0.503749,-0.049636
-0.110205,0.016755,0.520863,-0.020449
-0.385545,-0.011560,-0.025385,-0.034133
-0.382030,-0.010001,-0.031292,-0.033671
-0.244351,-0.001521,0.404753,-0.039874
-0.147154,-0.005572,0.509276,-0.007458
-0.352591,-0.022877,-0.001737,-0.079700
-0.326205,-0.022153,-0.021027,-0.087482
0.033581,-0.007008,0.522295,-0.010873
0.139295,-0.003422,0.406319,-0.001930
0.350413,-0.003230,0.150197,0.043503
-0.315000,0.057064,-0.380293,0.189668
-0.084929,-0.077042,0.083390,-0.012559
-0.070521,-0.058169,0.081262,-0.068944
-0.035119,-0.026951,0.083395,-0.132621
0.010787,-0.007647,0.077112,-0.175296
0.122626,0.015173,0.071423,-0.169296
0.278910,0.034853,0.054038,-0.146992
0.206447,-0.021307,-0.250862,-0.227008
0.147410,-0.009924,-0.444863,-0.126724
0.152775,-0.013560,-0.518564,-0.070137
0.144252,-0.023442,-0.529790,-0.047575
0.533472,0.001743,0.001261,-0.012762
0.523578,0.002038,0.007373,-0.006475
0.082785,-0.030048,-0.515203,0.005356
-0.005521,-0.018088,-0.466827,0.033324
-0.044220,-0.063051,-0.097805,-0.053228
-0.299778,0.059729,-0.398804,0.190365
-0.251922,-0.057356,0.132927,-0.054162
-0.043703,-0.027111,0.086768,-0.072295
0.062316,-0.008368,0.069480,-0.131360
0.128326,0.013756,0.069802,-0.176119
0.284265,0.034860,0.056566,-0.171790
0.226536,-0.020476,-0.232937,-0.221119
0.144316,-0.010256,-0.455954,-0.113778
0.147315,-0.015582,-0.534256,-0.050821
0.133967,-0.028128,-0.533025,-0.028679
0.523581,-0.000769,-0.001295,0.006671
0.514836,0.000860,0.005613,0.007368
0.081167,-0.024792,-0.495170,-0.018315
0.003910,-0.015072,-0.437756,-0.008193
0.080544,-0.034960,-0.009448,0.017410
0.144854,0.019027,0.275666,-0.427801
-0.073201,-0.077040,-0.146552,0.077775
-0.275927,-0.036790,-0.062593,0.064453
-0.116741,-0.036377,0.421559,0.139046
-0.120974,-0.003165,0.481294,0.153168
-0.468368,-0.001587,-0.029274,0.102012
-0.477214,-0.018930,-0.046551,0.092624
-0.154117,-0.005850,0.498093,0.185928
-0.089505,-0.011059,0.527809,0.106476
-0.296876,-0.038051,0.040474,-0.029244
-0.317087,-0.020178,-0.114460,-0.005383
-0.228300,-0.052292,0.051311,-0.027311
0.108240,-0.015354,0.407703,0.040009
0.292007,0.010327,0.135238,0.086573
-0.038706,-0.092583,-0.111546,-0.212971
0.342355,-0.115630,0.086502,0.016186
0.330734,-0.084620,0.102317,0.058410
0.434793,-0.001713,-0.033657,0.098771
0.043125,-0.006299,-0.552145,0.070964
0.052037,-0.013776,-0.562292,0.066921
0.028513,-0.044680,-0.519886,0.079254
0.390943,-0.017409,0.043223,0.125721
0.386292,-0.016476,0.057266,0.115493
-0.019898,-0.037969,-0.488595,0.089352
-0.098406,-0.016542,-0.431337,0.089174
0.312151,0.002405,0.140832,0.075134
0.160815,0.018974,0.267028,-0.433636
-0.176610,-0.077474,-0.141336,0.152477
-0.302335,-0.014909,-0.085585,0.156090
-0.085616,-0.000263,0.468558,0.152591
-0.122696,0.003194,0.510545,0.139759
-0.475758,-0.022081,-0.034304,0.075926
-0.448006,-0.015932,-0.036582,0.043545
-0.148180,0.006464,0.517794,0.069300
-0.059283,-0.003188,0.575056,0.004005
-0.280569,-0.034987,0.041250,-0.147223
-0.280652,-0.019180,-0.088758,-0.068513
-0.098992,-0.036538,0.158947,-0.033259
0.131306,-0.014087,0.369040,0.056055
0.265897,0.008761,0.119008,0.094925
0.182281,0.096025,0.083657,0.179010
0.215544,0.309900,-0.144615,0.054800
0.128273,0.377483,-0.032544,0.011878
0.145163,0.391221,-0.023862,-0.026925
0.147783,0.378576,-0.017796,-0.080951
0.134055,0.341118,-0.009486,-0.129847
0.104532,0.283900,-0.006105,-0.145888
0.030872,0.176451,-0.029043,-0.175097
-0.068437,0.047097,-0.070506,-0.174059
-0.220610,-0.024274,-0.044559,-0.089223
-0.088957,0.023936,0.498670,-0.015461
-0.165228,-0.001748,0.488708,-0.028724
-0.397564,-0.011215,-0.016350,-0.031641
-0.390125,-0.010713,-0.019051,-0.037142
-0.215978,-0.005075,0.450162,-0.108563
-0.100644,0.003743,0.526940,-0.080236
-0.296947,-0.029598,0.017040,-0.143315
-0.259322,-0.045228,0.007650,-0.133037
0.092900,-0.008486,0.462320,-0.005523
0.173718,-0.005083,0.366053,0.005822
0.323990,-0.012693,0.190020,0.041283
0.355075,-0.002811,0.151295,0.037938
0.267610,0.093467,0.007622,0.172947
0.133134,0.368685,-0.027602,0.012140
0.144670,0.375901,-0.019870,-0.031584
0.140604,0.355039,-0.010926,-0.092771
0.113917,0.298435,-0.005162,-0.141581
0.053151,0.205481,-0.021366,-0.161149
-0.053711,0.064280,-0.064033,-0.185428
-0.222561,-0.034102,-0.041582,-0.123515
-0.065540,0.036120,0.508887,-0.059214
-0.148179,0.012508,0.494344,-0.045700
-0.381966,-0.011536,-0.014695,-0.048757
-0.376585,-0.010107,-0.022225,-0.048158
-0.209208,0.002734,0.443847,0.011472
-0.096327,-0.005400,0.532995,0.037259
-0.318399,-0.020508,-0.014293,-0.103753
-0.297376,-0.028275,-0.025633,-0.103729
0.055712,-0.009333,0.455617,0.040000
0.140774,-0.007134,0.362723,0.045326
0.325996,0.002282,0.147494,0.062690
-0.010161,-0.075823,-0.145073,-0.225496
0.239412,0.002745,-0.321951,0.080148
0.457786,-0.002018,-0.116036,0.170158
0.032210,-0.027145,-0.543740,0.081901
0.013370,-0.027090,-0.538085,0.094697
0.262452,-0.028009,-0.177202,0.346608
0.123682,-0.064209,-0.243643,0.281951
-0.108811,-0.014724,-0.432769,0.099194
-0.182324,-0.014792,-0.311311,0.051317
-0.266288,-0.012099,-0.216436,0.037712
-0.377054,-0.033705,-0.066563,0.020484
0.004548,-0.008988,0.463252,0.081607
0.103126,-0.002438,0.403512,0.037996
0.277617,-0.001801,0.236042,0.027221
-0.122757,-0.014312,-0.308363,-0.011679
-0.160070,-0.009124,-0.269768,-0.018149
-0.022403,-0.027453,0.067378,-0.039817
0.259275,0.013872,0.117328,0.096178
-0.300264,0.059460,-0.397979,0.190333
-0.023377,-0.042479,0.086998,-0.102804
-0.102006,-0.016015,0.089020,-0.169154
0.008710,0.000933,0.079234,-0.175309
0.165849,0.024982,0.070943,-0.155222
0.302508,0.041510,0.051252,-0.137387
0.259067,-0.010122,-0.213048,-0.164386
0.147586,-0.012373,-0.454867,-0.091910
0.137567,-0.017615,-0.545662,-0.026980
0.139777,-0.030791,-0.521544,-0.029320
0.516144,-0.002211,-0.000870,0.021120
0.507129,-0.003061,0.013651,0.018434
0.101954,-0.027395,-0.504052,-0.027617
0.038427,-0.015523,-0.439066,-0.040948
0.228652,-0.142619,0.087017,0.010953
0.217237,0.076857,0.075980,0.171338
0.358663,0.237141,-0.206546,0.007621
0.211490,0.322128,-0.026667,0.010336
0.208536,0.323202,-0.024636,0.010203
0.212201,0.331977,-0.022453,-0.011934
0.218764,0.340924,-0.015407,-0.061945
0.216508,0.321514,-0.003458,-0.128077
0.171916,0.234531,-0.005190,-0.205839
0.039197,0.060346,-0.055759,-0.260811
-0.144632,-0.030802,-0.024929,-0.207608
-0.183384,-0.039467,0.297771,-0.333354
-0.018030,0.015404,0.608939,-0.074600
-0.032721,-0.000134,0.615286,-0.048725
-0.081009,-0.014108,0.527470,-0.027591
-0.248423,0.005572,0.067698,-0.063829
-0.308957,-0.020828,-0.152209,0.024945
-0.024489,-0.012243,0.205977,0.234182
0.075182,-0.019188,0.277185,0.199998
-0.240012,-0.019553,-0.265050,0.067505
-0.256216,-0.013404,-0.246337,0.058846
-0.003765,-0.027540,0.222566,0.244229
0.097736,-0.011932,0.274540,0.160885
-0.223410,-0.005277,-0.218176,-0.010247
-0.213730,-0.004182,-0.193517,-0.045682
-0.226371,-0.036683,0.009299,-0.196390
0.137647,-0.005428,0.454429,-0.045881
0.211172,-0.000281,0.372214,-0.044600
0.388389,-0.009001,0.217156,-0.054717
0.202658,-0.057061,-0.196460,-0.204593
0.065434,-0.062068,-0.307984,-0.144365
0.336608,-0.009745,0.192842,0.022738
0.329205,-0.009473,0.177030,0.045551
0.429047,-0.011823,0.008048,0.115314
-0.018417,-0.017809,-0.454885,0.034001
-0.106377,-0.017439,-0.376668,0.043373
-0.207062,-0.015167,-0.273555,0.038674
0.108362,-0.015351,0.264417,0.167574
0.180468,-0.013770,0.262701,0.112145
-0.183868,-0.019825,-0.286229,0.032811
-0.196496,-0.007890,-0.234849,-0.017876
-0.012529,-0.028589,0.139041,-0.072867
0.263800,0.014427,0.120378,0.096050
-0.303656,0.059230,-0.394481,0.190382
-0.070251,-0.039220,0.087734,-0.092037
-0.152789,-0.026897,0.109284,-0.153690
0.109155,0.009612,0.069999,-0.168489
0.265135,0.028653,0.054545,-0.151555
0.190805,-0.032081,-0.256161,-0.228257
0.148351,-0.008920,-0.430629,-0.153429
0.162550,-0.010734,-0.506378,-0.100113
0.152858,-0.021811,-0.511335,-0.076181
0.528541,-0.001839,0.000685,0.004199
0.516579,-0.003139,0.006389,0.014769
0.078690,-0.031736,-0.519310,0.015245
-0.015925,-0.021218,-0.471902,0.051935
0.367040,-0.005199,0.148833,0.030842
0.163392,0.010461,0.276399,-0.428059
-0.110951,-0.114803,-0.109179,0.009174
-0.250307,-0.045743,-0.052816,0.079773
-0.119834,-0.064565,0.396639,0.166656
-0.130458,-0.019406,0.457337,0.149580
-0.459290,0.006796,-0.053900,0.063246
-0.459348,0.002498,-0.058250,0.062206
-0.161397,0.005041,0.474552,0.162058
-0.105029,-0.001614,0.495314,0.148212
-0.268313,0.026734,0.065730,0.150848
-0.354734,-0.015022,-0.156265,0.068912
-0.300683,-0.052533,0.000903,0.110947
0.017625,-0.018325,0.368012,0.168723
0.015314,-0.028808,0.205242,0.129869
-0.210542,-0.010390,-0.211683,-0.024496
-0.218924,-0.008387,-0.197779,-0.032020
-0.283210,-0.028023,-0.032443,-0.112172
0.093144,-0.009318,0.468606,-0.011114
0.177357,-0.004456,0.377456,-0.009896
0.333876,-0.012195,0.211351,0.009407
0.336210,-0.000508,0.149122,0.054983
-0.275381,0.064698,-0.409613,0.176152
0.097625,-0.116915,-0.351718,0.065274
0.242991,-0.085665,-0.235096,0.023851
0.281382,0.044317,-0.265189,-0.045980
0.242938,0.160507,-0.355228,-0.112729
0.262490,0.225676,-0.328047,-0.116967
0.058909,0.067907,-0.465657,-0.115994
-0.064566,0.038733,-0.343719,-0.087557
-0.182324,0.034455,-0.218255,-0.090987
-0.187534,0.011123,-0.017552,-0.251817
0.206917,0.022092,0.388201,-0.102211
0.258225,0.033602,0.245935,-0.115125
-0.114679,-0.007587,-0.240857,-0.093987
-0.143906,-0.006660,-0.217214,-0.089331
-0.124992,-0.040809,0.000633,-0.282521
0.240399,-0.015299,0.401032,-0.086618
0.282687,-0.009310,0.338250,-0.075985
0.408863,-0.008609,0.176567,-0.035307
0.290044,-0.046034,-0.176611,0.006039
-0.028839,-0.010398,-0.454808,0.036934
-0.130391,-0.010411,-0.392377,0.076068
-0.216392,-0.015312,-0.302076,0.076669
0.019556,-0.026939,0.201515,0.272354
0.096326,-0.017851,0.232096,0.228146
-0.215540,-0.012035,-0.290793,0.061257
-0.232243,-0.007407,-0.227546,0.010085
-0.277192,-0.034742,-0.044119,-0.098900
0.116797,-0.005980,0.458338,-0.028009
0.196887,-0.002781,0.373621,-0.027065
0.368847,-0.008800,0.222113,-0.040073
0.332102,-0.000677,0.147381,0.059694
-0.039377,-0.087062,-0.113938,-0.215457
0.357532,-0.090933,0.083553,0.026723
0.345982,-0.048146,0.089792,0.080023
0.433534,0.023409,-0.056759,0.118850
0.050698,-0.003610,-0.574153,0.070320
0.056817,-0.018019,-0.569027,0.073119
0.015515,-0.036266,-0.519647,0.083293
0.353212,-0.020156,-0.008051,0.216898
0.333605,-0.018593,0.018642,0.208801
-0.082473,-0.020549,-0.442277,0.088188
-0.154822,-0.019572,-0.379099,0.096383
-0.274091,-0.019157,-0.266009,0.102147
0.066207,-0.013989,0.266680,0.214341
0.156323,-0.004891,0.298515,0.090359
-0.190111,-0.009893,-0.233898,-0.023209
-0.194967,-0.003489,-0.195578,-0.063077
-0.007156,-0.030598,0.167795,-0.189760
0.242878,-0.013051,0.377782,-0.066101
-0.142955,-0.059428,-0.156635,-0.080532
0.114223,0.047619,0.156770,0.215350
-0.206732,0.048193,0.450925,0.009860
-0.451850,0.061691,-0.020596,-0.043749
-0.368803,0.061859,-0.082140,-0.067911
-0.408431,0.050688,-0.019058,-0.080009
-0.221821,0.090450,0.412268,-0.151330
-0.068484,0.070397,0.510382,-0.097290
-0.266679,0.010935,0.004122,-0.199036
-0.251562,0.000426,-0.109720,-0.096254
-0.228666,-0.018355,-0.015213,-0.193851
0.139566,-0.000855,0.477730,-0.076948
0.235102,-0.002024,0.372730,-0.066181
0.397881,-0.000299,0.218883,-0.075224
0.047310,-0.033393,-0.332306,-0.138721
-0.034227,-0.021674,-0.363225,-0.037984
0.312690,-0.011111,0.211111,0.029195
0.307227,-0.013494,0.194671,0.054153
0.310844,0.001689,0.139696,0.076629
0.142462,0.013718,0.283199,-0.422411
-0.006850,-0.089849,-0.132062,0.011427
-0.252961,-0.045679,-0.052860,0.076282
-0.108758,-0.053207,0.410875,0.180362
-0.120182,-0.011670,0.467400,0.168063
-0.456528,0.015548,-0.022689,0.105715
-0.473924,-0.012063,-0.047689,0.089072
-0.149731,-0.008120,0.498959,0.189870
-0.089628,-0.009999,0.492247,0.147671
-0.206278,-0.028619,0.133383,0.131821
-0.266990,-0.011076,-0.187381,0.008336
-0.267691,-0.011038,-0.184375,0.005994
-0.359821,-0.027155,-0.026918,-0.042148
0.002835,-0.008400,0.517792,0.027574
0.116972,-0.005110,0.402390,0.027157
0.367704,-0.003674,0.149254,0.028320
0.255971,0.079487,0.038625,0.167569
0.174959,0.323859,-0.105691,-0.073879
0.113500,0.306853,-0.005703,-0.133402
0.025040,0.171168,-0.030361,-0.212033
-0.089556,0.020448,-0.075779,-0.205567
-0.220333,-0.040298,-0.032011,-0.144757
-0.061121,0.029565,0.501184,-0.111470
-0.134564,0.024504,0.498092,-0.058888
-0.381911,-0.010609,-0.014975,-0.049504
-0.381406,-0.009581,-0.026086,-0.040009
-0.186270,0.005108,0.467602,0.050592
-0.084903,-0.007802,0.544162,0.074564
-0.313077,-0.060322,0.022611,-0.035852
-0.303707,-0.017472,-0.104354,-0.031578
-0.270430,-0.042324,0.002688,-0.129249
0.086634,-0.008724,0.456825,0.006687
0.165803,-0.006406,0.349616,0.031755
0.322907,-0.013060,0.191252,0.041477
0.367821,-0.002764,0.148696,0.027837
-0.012102,-0.077357,-0.142282,-0.224762
0.303387,-0.000030,-0.250044,0.048265
0.150793,-0.060980,-0.452319,-0.083082
0.109951,-0.053161,-0.489319,-0.024492
0.387893,-0.145406,-0.122927,0.074732
0.401017,-0.072444,-0.052725,0.192908
-0.027604,-0.026873,-0.499664,0.097070
-0.136269,0.005053,-0.447788,0.121894
-0.207112,-0.012276,-0.365271,0.127560
0.061589,-0.008239,0.181548,0.306541
0.102989,-0.019314,0.209278,0.249728
-0.216043,-0.031775,-0.338122,0.128829
-0.247118,-0.015849,-0.310772,0.116629
-0.010586,-0.017666,0.164587,0.344327
0.037672,0.007846,0.193115,0.263349
-0.241143,0.014314,-0.250350,0.020069
-0.239053,0.010446,-0.216541,-0.011963
-0.305602,-0.007163,-0.068271,-0.076073
0.058962,0.003015,0.493687,-0.054326
0.168085,-0.002384,0.424753,-0.048769
0.318621,0.002638,0.144304,0.069407
0.160961,0.018141,0.271151,-0.431264
-0.157913,-0.088280,-0.133170,0.080620
-0.261678,-0.049646,-0.056224,0.023104
-0.171993,-0.137289,0.357543,0.000658
-0.135368,-0.043533,0.457402,0.086778
-0.439322,0.027597,-0.015394,0.066405
-0.452852,0.017204,-0.037758,0.113641
-0.143847,0.000674,0.467006,0.214462
-0.080703,-0.010354,0.453353,0.179881
-0.065029,-0.021205,0.236145,0.374720
-0.318125,-0.013949,-0.238425,0.113389
-0.323483,-0.006766,-0.202450,0.075588
-0.380904,-0.046169,-0.034835,0.011495
0.004974,0.000324,0.519433,0.015820
0.125093,0.001742,0.439900,-0.025251
0.321294,0.001891,0.270886,-0.053684
0.228345,-0.142705,0.086902,0.010937
0.062237,-0.045907,-0.004370,0.388740
0.115404,-0.173165,-0.275784,-0.004645
0.099362,0.060839,-0.482837,-0.015023
0.180692,0.129976,-0.491416,-0.008473
0.218468,0.190556,-0.452764,-0.001682
0.001118,0.082453,-0.516907,-0.010407
-0.147957,0.072779,-0.380500,-0.001416
-0.229273,0.054971,-0.283173,0.000409
-0.339263,0.072085,-0.184240,-0.005685
-0.427182,0.065921,-0.030710,-0.041098
-0.085770,0.126885,0.352588,0.022203
-0.096529,0.252723,0.173604,0.022795
-0.303617,0.082730,-0.223654,-0.012301
-0.318074,0.075476,-0.205558,-0.008930
-0.332360,0.116655,-0.000839,-0.059967
0.044624,0.106794,0.357650,0.027688
0.071802,0.196747,0.216889,0.032203
-0.247435,0.105794,-0.278432,-0.025586
-0.245442,0.068385,-0.269833,-0.010212
-0.323642,0.074623,-0.200007,-0.008067
-0.346392,0.109708,0.004764,-0.058351
0.029162,0.105765,0.370738,0.028936
0.073922,0.172615,0.243662,0.033237
-0.253314,0.107267,-0.270067,-0.027231
-0.251293,0.069330,-0.265107,-0.010034
-0.328924,0.075426,-0.195357,-0.008235
-0.342510,0.112642,0.007386,-0.057802
0.035265,0.104822,0.368743,0.027404
0.070187,0.187622,0.229333,0.032457
-0.251575,0.108476,-0.270931,-0.027915
-0.249235,0.070202,-0.267823,-0.010245
-0.327305,0.075921,-0.197160,-0.008542
-0.311338,0.133227,0.038162,-0.052079
0.044040,0.099558,0.372969,0.022713
0.108524,0.136911,0.257952,0.031402
-0.231089,0.121744,-0.270088,-0.034805
-0.243709,0.075303,-0.278880,-0.009805
-0.324579,0.078378,-0.200757,-0.010083
-0.231680,0.187545,0.088165,-0.022965
0.067850,0.095888,0.360200,0.017490
0.134419,0.130637,0.244468,0.027596
-0.211918,0.109309,-0.270192,-0.075167
-0.191573,0.056138,-0.247064,-0.074611
-0.236819,0.047659,-0.163149,-0.104802
-0.269468,0.027037,0.012489,-0.226888
0.086064,0.026767,0.523474,-0.146724
0.209232,0.005075,0.441772,-0.117337
0.377509,0.007493,0.242014,-0.086414
-0.154491,-0.053415,-0.159781,-0.078342
0.103735,0.018130,0.285577,-0.420106
-0.383810,-0.016308,0.039353,0.028812
-0.371589,0.043209,0.088901,0.063558
-0.340320,0.095690,0.143294,0.085616
-0.297126,0.145315,0.199028,0.108801
-0.426504,0.015178,-0.044135,0.032800
-0.427548,0.009370,-0.057670,0.034039
-0.114539,0.017018,0.470677,0.142609
-0.025899,-0.000153,0.473456,0.091707
-0.009304,0.046664,0.208267,0.198393
-0.236893,-0.003333,-0.264138,0.047254
-0.253844,-0.006438,-0.243711,0.046882
-0.311645,-0.010701,-0.027989,0.037269
0.029003,-0.014034,0.358276,0.156182
0.040937,-0.024215,0.221023,0.212942
-0.221022,-0.014735,-0.267585,0.046231
-0.247675,-0.012608,-0.235889,0.039061
-0.305340,-0.076922,-0.046338,0.003059
0.070567,-0.007931,0.455160,0.024051
0.161523,-0.004476,0.374308,0.010223
0.354945,-0.001552,0.151111,0.037077
0.142086,0.015769,0.281848,-0.423410
-0.009328,-0.090322,-0.132142,-0.015618
-0.236221,-0.062818,-0.046798,0.041422
-0.110070,-0.076219,0.413269,0.156662
-0.121831,-0.020255,0.459822,0.168460
-0.443361,0.031525,-0.012969,0.107942
-0.468325,-0.002254,-0.047389,0.089373
-0.150317,-0.002164,0.489540,0.187799
-0.094053,-0.006670,0.479214,0.162004
-0.117600,-0.005309,0.201428,0.306088
-0.311512,-0.013590,-0.220972,0.088964
-0.303813,-0.011103,-0.199917,0.057721
-0.384021,-0.029554,-0.041023,-0.002379
-0.008372,-0.005149,0.538925,0.004990
0.092134,-0.005465,0.461987,-0.007265
0.237819,0.009657,0.102462,0.093432
-0.032243,-0.086077,-0.120062,-0.217605
0.414352,-0.050428,0.036869,0.056316
0.404859,-0.015150,0.029554,0.095816
0.398459,0.041550,-0.149472,0.207107
0.059702,-0.010991,-0.572173,0.066353
0.031236,-0.016842,-0.549291,0.077788
-0.083812,-0.005075,-0.455139,0.086916
-0.154212,-0.026304,-0.376182,0.099589
0.145295,-0.018002,0.206148,0.208989
0.104356,0.001257,0.013721,0.037435
0.148300,0.014887,0.279857,-0.425101
-0.050281,-0.092984,-0.139470,0.051258
-0.268124,-0.027970,-0.062378,0.107705
-0.093954,-0.028514,0.430681,0.182694
-0.120255,-0.002018,0.479592,0.160022
-0.473760,-0.008330,-0.033028,0.102267
-0.478340,-0.021393,-0.046376,0.094175
-0.156521,-0.003572,0.499933,0.165841
-0.097478,-0.011180,0.528750,0.101724
-0.341377,-0.036026,-0.011714,-0.035191
-0.301583,-0.047253,-0.014684,-0.032527
0.078178,-0.015706,0.408598,0.066717
-0.171361,-0.050947,-0.163064,-0.069380
-0.055821,-0.079030,-0.105755,-0.214674
-0.212582,-0.142435,0.094795,0.093290
-0.080442,-0.106790,0.032092,0.135693
0.056246,-0.036747,0.023230,0.160386
0.256874,0.021946,0.006175,0.152835
0.387847,0.061968,-0.093249,0.165871
0.097726,-0.001127,-0.524216,0.075059
0.110047,-0.020416,-0.578536,0.031808
0.115808,-0.029467,-0.564307,0.020856
0.013609,-0.021659,-0.472770,0.023709
0.285661,0.012731,0.132823,0.089421
0.172737,0.046240,0.140172,0.181788
-0.080441,0.125060,-0.198321,-0.142623
0.031518,0.034961,-0.242745,-0.243103
-0.192596,-0.023805,-0.025974,-0.198855
-0.184548,-0.024265,0.295229,-0.365153
-0.024173,0.017570,0.617655,-0.079830
-0.015246,0.001195,0.617534,-0.071839
-0.061871,-0.033105,0.483801,-0.158946
-0.187397,-0.001054,0.060868,-0.225790
-0.233259,-0.008968,-0.133530,-0.080670
0.071078,0.011213,0.238870,0.126395
0.141906,-0.014008,0.264598,0.149138
-0.193666,-0.044771,-0.325098,0.106456
-0.228115,-0.029324,-0.295992,0.096320
0.106485,-0.018176,0.242939,0.211038
0.337624,0.000886,0.150442,0.051782
-0.018002,-0.067503,-0.143794,-0.227161
0.407331,0.042880,-0.126403,0.182793
0.396537,0.029784,-0.189069,0.230145
0.063242,-0.016218,-0.569579,0.065445
-0.007739,-0.011457,-0.515176,0.077264
-0.125398,-0.002008,-0.423736,0.094032
-0.212241,-0.017291,-0.323425,0.095846
0.060176,-0.019008,0.200124,0.301009
0.112615,-0.019538,0.224987,0.224734
-0.217464,-0.023484,-0.334370,0.118209
-0.235287,-0.000241,-0.286229,0.064646
-0.078660,-0.020201,0.098184,0.081046
0.088924,0.004846,0.236486,0.021483
-0.188822,-0.000480,-0.208209,-0.059601
-0.200213,-0.003029,-0.196731,-0.057138
-0.226306,-0.034416,-0.010723,-0.181867
0.136822,-0.005013,0.453921,-0.044891
0.217192,-0.002148,0.367158,-0.042626
0.389591,-0.009004,0.212716,-0.051437
0.095746,-0.058767,-0.301233,-0.191158
0.015389,-0.049171,-0.346712,-0.076569
0.326626,-0.012434,0.193379,0.034943
0.313570,-0.012079,0.177734,0.063373
-0.145931,-0.060743,-0.158282,-0.079265
0.068671,0.017481,0.280725,-0.423315
-0.054233,-0.070683,0.530811,0.055215
-0.081922,-0.034539,0.491495,0.126374
-0.133513,0.083543,0.266131,0.251697
-0.355528,0.008481,-0.202467,0.092577
-0.345205,0.002228,-0.201068,0.086952
-0.180832,0.080693,0.214217,0.257976
-0.083169,0.016250,0.274424,0.290808
-0.323469,-0.011278,-0.213722,0.091358
-0.330769,-0.012843,-0.191564,0.078065
-0.335366,-0.067939,0.041822,0.045420
0.018045,-0.015195,0.453010,0.065934
0.071341,-0.015120,0.293474,0.049420
-0.217901,-0.015073,-0.207287,-0.016851
-0.230918,-0.012624,-0.196308,-0.017260
0.027505,-0.020727,0.263353,0.034612
-0.151641,-0.056970,-0.159700,-0.078231
0.099493,0.017615,0.286836,-0.419026
-0.357630,-0.055664,0.097570,-0.023869
-0.323140,0.035662,0.175389,0.084178
-0.249246,0.126461,0.264905,0.191132
-0.335031,0.123230,0.087362,0.161695
-0.342215,0.000651,-0.202135,0.087992
-0.328047,-0.003233,-0.205206,0.080247
-0.463009,-0.008237,-0.042913,0.059858
-0.142160,-0.006354,0.513950,0.101733
-0.067116,-0.004633,0.540819,0.046180
-0.243597,0.024276,0.073598,-0.060296
-0.299643,-0.013279,-0.128753,-0.015268
-0.010083,0.012697,0.229777,0.209991
0.065316,-0.017538,0.264199,0.226977
-0.243872,-0.024849,-0.283097,0.094708
-0.261849,-0.014869,-0.261457,0.081064
-0.074647,-0.048418,0.154939,0.163756
0.033063,-0.023994,0.220959,0.079441
-0.205110,-0.008367,-0.207263,-0.036371
-0.216865,-0.007877,-0.196614,-0.035755
-0.260605,-0.041699,-0.008518,-0.139595
0.101306,-0.007667,0.460661,-0.012923
0.190305,-0.003664,0.371244,-0.017569
0.355717,-0.012002,0.200316,-0.001643
0.228771,-0.142586,0.087061,0.010960
0.065237,-0.042408,-0.003301,0.388382
0.136115,-0.146953,-0.270735,-0.077668
0.144376,0.041749,-0.475348,-0.101914
0.201621,0.063132,-0.506512,-0.123312
0.141749,0.015357,-0.530540,-0.082363
0.064121,0.005377,-0.438244,-0.088363
-0.033060,-0.000764,-0.281846,-0.141437
0.345616,0.009507,0.251189,-0.066239
0.349774,-0.007662,0.229417,-0.029352
0.025206,-0.050698,-0.301396,-0.123886
0.370545,-0.004940,0.148980,0.027026
-0.032452,-0.085426,-0.120255,-0.217854
0.413254,-0.047279,0.036277,0.059831
0.423769,-0.021126,0.030105,0.074031
0.354938,0.036004,-0.205798,0.147083
0.073433,-0.011631,-0.557507,0.038596
0.025183,-0.015055,-0.535932,0.068696
-0.096540,-0.000943,-0.466223,0.106595
-0.188013,-0.046786,-0.366971,0.144971
0.125282,-0.022557,0.201921,0.238136
0.186642,-0.019188,0.199968,0.175417
-0.174998,-0.052054,-0.352934,0.123121
-0.195145,-0.007350,-0.346931,0.092314
0.110878,0.004145,0.187871,0.236599
0.157173,0.018716,0.215731,0.150164
-0.191218,0.023186,-0.318200,0.029123
-0.212715,0.021539,-0.243144,-0.022791
-0.219864,-0.005837,-0.030060,-0.187216
0.160430,0.014535,0.370900,-0.139754
0.002460,-0.026512,0.057322,-0.357724
-0.092340,-0.015926,-0.134235,-0.214609
-0.007963,-0.053023,0.009939,-0.373613
0.324319,-0.003014,0.336525,-0.130641
0.357017,-0.020131,0.221515,-0.141235
-0.018599,-0.027632,-0.320834,-0.090045
-0.078893,-0.016666,-0.330402,-0.031147
0.244189,-0.018698,0.194866,0.088864
0.243582,-0.014199,0.209510,0.102373
-0.113311,-0.044291,-0.380735,0.081373
-0.149977,-0.023715,-0.371886,0.088467
0.157622,-0.016960,0.207663,0.193033
0.230776,-0.014914,0.227388,0.098616
-0.137278,-0.021357,-0.311334,0.012858
-0.170858,-0.013457,-0.281176,0.008380
-0.042434,-0.052878,0.072394,0.040095
0.161567,-0.015163,0.258923,0.105365
-0.169373,-0.015281,-0.282846,0.010389
-0.207786,-0.014023,-0.264295,0.028993
-0.006344,-0.035377,0.167503,0.204723
0.098750,-0.012817,0.236233,0.138590
-0.198602,-0.010915,-0.230327,-0.017267
-0.215926,-0.009450,-0.214088,-0.017646
-0.278925,-0.043230,-0.043346,-0.087558
0.102338,-0.009989,0.440006,0.009652
0.176985,-0.005512,0.366182,0.003687
0.334915,0.000447,0.149506,0.055124
0.147356,0.011542,0.282688,-0.422898
-0.058627,-0.097034,-0.139761,0.062754
-0.277942,-0.024058,-0.064163,0.113555
-0.102991,-0.033206,0.421680,0.184737
-0.120969,-0.004250,0.478763,0.156866
-0.468322,-0.000317,-0.031760,0.091073
-0.474591,-0.014938,-0.046668,0.085058
-0.155705,-0.006881,0.495450,0.193452
-0.083458,-0.009426,0.522954,0.109208
-0.267006,-0.037402,0.072423,0.027777
-0.324683,-0.022636,-0.120751,0.010963
-0.185790,-0.067209,0.088284,0.042767
-0.170070,-0.050095,-0.162945,-0.070911
0.070648,0.018117,0.280210,-0.423722
-0.073606,-0.073061,0.519841,0.062570
-0.107267,-0.034732,0.474211,0.136129
-0.209484,0.155287,0.188930,0.229957
-0.339098,0.007117,-0.214571,0.089613
-0.338761,-0.001149,-0.206525,0.089403
-0.400591,0.014679,0.017945,0.113479
-0.109160,0.001902,0.392080,0.246382
-0.084612,-0.000788,0.245481,0.299921
-0.312395,-0.012993,-0.218591,0.086869
-0.304026,-0.012319,-0.191885,0.051119
-0.366665,-0.037121,-0.021303,-0.029683
0.013156,-0.006368,0.524854,0.007156
0.126648,-0.003033,0.408109,0.009353
0.317263,0.001336,0.142549,0.071765
0.091845,0.020524,0.277352,-0.425606
-0.375111,0.019013,-0.127839,0.123441
-0.466793,0.001781,-0.068961,0.121960
-0.128351,0.000329,0.497031,0.163334
-0.128913,-0.004470,0.520582,0.153469
-0.393273,-0.049031,0.071802,0.148786
-0.408619,-0.015686,-0.088512,0.055710
-0.405525,-0.052244,0.002149,0.008924
-0.026012,-0.006882,0.522089,0.052315
0.095744,-0.001856,0.428232,0.018984
0.308071,0.002070,0.138557,0.078399
-0.291955,0.058420,-0.402422,0.187356
0.157292,-0.122429,0.004026,-0.014858
0.131586,-0.093964,0.091250,-0.068261
0.298315,-0.054247,0.049639,-0.121320
0.218072,0.004953,-0.352974,-0.197117
0.184788,0.014910,-0.521856,-0.122564
0.167495,-0.006214,-0.509721,-0.108050
0.416747,0.071804,-0.088759,-0.183255
0.328057,0.004831,-0.128172,-0.252325
0.062467,-0.012201,-0.404700,-0.102676
-0.057178,-0.012393,-0.309930,-0.077609
-0.151225,-0.014836,-0.244335,-0.046715
0.187278,-0.014872,0.282581,0.066494
0.228675,-0.013172,0.255025,0.071696
-0.138468,-0.059648,-0.341975,0.083108
-0.176958,-0.048412,-0.163037,-0.067068
0.113506,0.069003,0.155573,0.199958
-0.423389,0.104859,-0.004148,0.010470
-0.389290,0.088900,-0.084536,-0.019328
-0.373141,0.077718,-0.080208,-0.051635
-0.347236,0.066072,-0.071132,-0.081898
-0.317507,0.046628,-0.065796,-0.109580
-0.340985,0.019566,-0.004383,-0.128069
-0.252889,0.003457,0.385929,-0.215521
-0.050790,0.014198,0.620781,-0.066581
0.004203,0.004540,0.566875,-0.057591
-0.138562,-0.043175,0.082526,-0.255575
-0.192716,-0.020795,-0.089608,-0.153986
0.049514,-0.030379,0.187633,-0.179380
0.255220,-0.014598,0.354418,-0.054236
0.316500,-0.009915,0.248787,-0.013413
0.262811,-0.010775,-0.031646,0.141339
-0.090095,-0.013149,-0.416947,0.063080
-0.166786,-0.014834,-0.332995,0.057504
-0.272454,-0.014264,-0.220813,0.050420
-0.091590,-0.048003,0.171742,0.104883
0.078251,-0.015672,0.294145,0.049450
-0.214752,-0.014014,-0.204321,-0.024023
-0.221031,-0.010854,-0.202306,-0.022919
-0.106423,-0.046373,0.128961,-0.057261
0.228741,-0.142594,0.087050,0.010958
0.056232,-0.050123,-0.005791,0.390510
0.102785,-0.192440,-0.249668,0.058529
0.081145,0.025445,-0.446840,0.089134
0.135730,0.171416,-0.466112,0.106036
0.200400,0.230614,-0.446512,0.014487
0.049038,0.155455,-0.503789,-0.082456
-0.117789,0.102015,-0.358529,-0.082447
-0.180727,0.059604,-0.247730,-0.088020
-0.180364,0.038423,-0.216979,-0.097974
-0.241440,0.026439,-0.129965,-0.112132
-0.328532,0.002943,0.005514,-0.137007
-0.267153,-0.011715,0.315339,-0.323127
0.024707,0.013407,0.605713,-0.111925
0.164764,-0.005335,0.509996,-0.133634
0.321061,0.006074,0.301234,-0.100761
-0.034583,-0.027431,-0.250193,-0.144903
-0.092124,-0.021693,-0.257386,-0.085908
0.266205,-0.015272,0.273917,-0.000216
0.270483,-0.008824,0.250867,0.028780
0.111040,-0.034865,-0.149863,0.150670
-0.123120,-0.006623,-0.409330,0.081963
-0.193181,-0.005343,-0.331433,0.072846
-0.281146,-0.011948,-0.214066,0.050049
-0.272950,-0.043410,0.046191,-0.025365
0.084183,-0.014096,0.435760,0.025447
0.169351,-0.012529,0.320879,0.051118
-0.174369,-0.021104,-0.251923,-0.009714
-0.198844,-0.014420,-0.230472,-0.013375
0.127397,-0.014868,0.293470,0.060582
0.213067,-0.013984,0.309136,0.031719
-0.146607,-0.033873,-0.263445,-0.013186
-0.178504,-0.022636,-0.279215,0.023245
0.349378,-0.003185,0.150047,0.044524
0.133126,0.019950,0.273638,-0.428743
0.009260,-0.030598,-0.127649,0.203593
-0.192619,-0.055188,-0.144333,0.206777
-0.348561,-0.062377,-0.113430,0.140279
-0.097560,0.001560,0.477820,0.144031
-0.130457,0.007986,0.513137,0.109095
-0.432519,-0.011107,-0.041946,0.028637
-0.416885,-0.010977,-0.044785,0.015596
-0.193245,0.005444,0.459626,0.092510
-0.105451,-0.008502,0.532914,0.090766
-0.358550,-0.052883,-0.010793,-0.018484
-0.320614,-0.072292,-0.012683,-0.017497
0.046850,-0.005841,0.462224,0.038925
0.155966,-0.002152,0.384233,0.003006
0.262189,0.007339,0.116196,0.094993
0.199199,0.078728,0.088893,0.174285
0.235290,0.300794,-0.188587,-0.014805
0.144044,0.369959,-0.016477,-0.049004
0.131498,0.334337,-0.007230,-0.116788
0.082524,0.246114,-0.011551,-0.180022
-0.023615,0.102355,-0.050219,-0.209661
-0.208108,-0.025553,-0.034604,-0.154123
-0.102797,0.034330,0.421581,-0.180019
-0.125453,0.029587,0.476271,-0.083994
-0.361202,-0.008703,-0.022182,-0.064938
-0.356604,-0.007455,-0.028084,-0.064948
-0.273232,-0.009490,0.346240,-0.108142
-0.046302,-0.004227,0.579751,0.009632
0.012722,-0.008843,0.486915,0.051050
0.124884,-0.017561,0.278018,0.142332
-0.196721,-0.017253,-0.275676,0.032539
-0.224321,-0.014126,-0.243394,0.024731
-0.021216,-0.035572,0.179871,0.144592
0.116075,-0.011184,0.268334,0.107024
-0.197583,-0.011524,-0.221570,-0.026433
-0.212889,-0.010053,-0.208273,-0.025896
-0.234632,-0.055878,-0.006140,-0.119159
0.301915,0.004179,0.136763,0.081691
0.159341,0.017108,0.272970,-0.430209
-0.168757,-0.078677,-0.134848,0.122608
-0.301586,-0.006774,-0.078092,0.148378
-0.097321,-0.003829,0.445652,0.175392
-0.112718,0.001916,0.509807,0.132591
-0.483159,-0.028518,-0.034787,0.099746
-0.475182,-0.026889,-0.038328,0.084238
-0.130053,-0.000608,0.535006,0.123639
-0.076999,-0.006993,0.547129,0.072779
-0.229319,-0.085155,0.107148,0.058536
-0.326865,-0.028211,-0.126226,0.024197
-0.131756,-0.062461,0.121192,0.075534
0.133587,-0.011762,0.398413,0.018484
0.228761,-0.142589,0.087058,0.010959
0.059796,-0.047080,-0.004847,0.389780
0.121305,-0.176934,-0.260815,-0.004639
0.107687,0.050648,-0.470581,-0.049548
0.197761,0.100957,-0.490041,-0.086977
0.152067,0.052462,-0.512612,-0.136794
0.061826,0.019757,-0.425671,-0.113012
-0.025842,0.013544,-0.255814,-0.188978
0.349856,0.030904,0.267704,-0.129086
0.390798,0.014303,0.250445,-0.116003
0.035620,-0.025325,-0.263749,-0.203657
-0.024983,-0.026916,-0.294651,-0.110560
0.333373,-0.005869,0.238916,-0.025321
0.322180,-0.010341,0.222475,0.008027
0.138386,-0.043624,-0.199152,0.000355
-0.022956,-0.053545,-0.337235,-0.042996
0.309997,-0.012089,0.225881,0.018574
0.330168,-0.011009,0.204254,0.019071
0.364994,0.004446,0.007099,0.119741
-0.046107,-0.011610,-0.418068,0.018674
-0.141418,-0.012744,-0.313066,0.010117
-0.229863,-0.012380,-0.215329,0.000461
-0.100374,-0.048796,0.133486,0.028044
0.265769,0.012429,0.120634,0.095335
0.222151,0.062809,0.086864,0.169820
0.098573,0.136178,-0.249989,-0.238309
-0.026549,0.091521,-0.050744,-0.276199
-0.198384,-0.030639,-0.024400,-0.189828
-0.148672,-0.004628,0.353436,-0.272395
-0.103740,0.035402,0.469824,-0.112952
-0.336827,-0.005998,-0.019696,-0.094511
-0.353550,-0.006284,-0.028597,-0.068622
-0.263972,-0.020024,0.371311,-0.045256
-0.113206,-0.008316,0.516064,0.084430
-0.365513,-0.025051,-0.024581,-0.014439
-0.336261,-0.032442,-0.035090,-0.014619
0.033285,-0.010372,0.459234,0.059862
0.124570,-0.007200,0.377360,0.047088
0.150513,-0.015705,0.040036,0.056122
0.161745,0.048053,0.143318,0.187011
-0.099916,0.181464,-0.145900,-0.050489
0.015086,0.112482,-0.257069,-0.191151
0.009928,0.088241,-0.157806,-0.228805
-0.208346,-0.007783,-0.018134,-0.162627
-0.060208,0.047364,0.506566,-0.112648
-0.134215,0.020793,0.504908,-0.072597
-0.372525,-0.011763,-0.005151,-0.067548
-0.368753,-0.010224,-0.012629,-0.065478
-0.210244,0.007149,0.438101,-0.062186
-0.060843,-0.005591,0.565396,0.026723
-0.185256,-0.058494,0.139223,0.069247
-0.313622,-0.036105,-0.123376,0.016055
-0.087941,-0.045038,0.159930,0.026665
0.099485,-0.014261,0.284204,0.036066
-0.199945,-0.014730,-0.219830,-0.022605
-0.217346,-0.012335,-0.204160,-0.023270
0.020505,-0.023316,0.237435,0.012875
0.365785,-0.004619,0.149911,0.030530
-0.011984,-0.077526,-0.142274,-0.224720
0.374159,0.034104,-0.168225,0.187322
0.353535,0.023673,-0.233885,0.285287
0.049752,-0.017498,-0.569355,0.079991
-0.034881,-0.007509,-0.511497,0.096776
-0.152957,-0.000384,-0.420884,0.117115
-0.237533,-0.013569,-0.302787,0.096779
-0.075202,-0.022301,0.121909,0.201899
0.033942,-0.026943,0.210457,0.176331
-0.221292,-0.015001,-0.254787,0.033969
-0.245804,-0.012308,-0.226719,0.027721
-0.239680,-0.085480,0.020751,0.037938
0.101535,-0.015373,0.380658,0.071834
0.375716,-0.003782,0.145960,0.023709
-0.010012,-0.080334,-0.142165,-0.224013
0.325369,0.018709,-0.225282,0.137765
0.236002,-0.019502,-0.354424,0.185505
0.045087,-0.016818,-0.564982,0.079603
-0.050629,-0.002394,-0.498392,0.094307
-0.163993,0.006190,-0.409777,0.110470
-0.239697,-0.009296,-0.308182,0.100064
-0.059705,-0.005115,0.158655,0.330306
-0.016094,-0.029720,0.187000,0.317830
-0.245968,-0.013359,-0.247190,0.049407
-0.250388,-0.010100,-0.212543,0.015920
-0.340066,-0.026289,-0.052382,-0.038269
0.033388,-0.008544,0.489116,0.023940
0.137032,-0.004572,0.389140,0.020329
0.281225,0.006088,0.126461,0.091247
0.209189,0.074002,0.085752,0.172342
0.223457,0.285485,-0.202806,-0.049433
0.139427,0.353146,-0.010334,-0.081230
0.103960,0.280795,-0.007159,-0.164435
0.019388,0.158473,-0.033638,-0.200611
-0.083303,0.026007,-0.076723,-0.180076
-0.227444,-0.033971,-0.048266,-0.086630
-0.078829,0.029182,0.496146,-0.036162
-0.152878,0.015795,0.476580,-0.051993
-0.372195,-0.010107,-0.022074,-0.052598
-0.367654,-0.008879,-0.028312,-0.052233
-0.272824,-0.003485,0.355802,-0.096448
-0.051145,-0.002297,0.586076,0.005127
0.005181,-0.007603,0.510850,0.032592
0.074691,-0.020421,0.227521,0.073942
-0.191697,-0.011350,-0.215178,-0.038885
-0.201417,-0.008926,-0.207194,-0.039573
-0.255470,-0.034820,-0.025168,-0.132498
0.094036,-0.011303,0.432645,0.026531
0.162867,-0.007334,0.336640,0.049043
0.324164,-0.013378,0.178325,0.053582
0.240770,0.014447,0.106038,0.095181
-0.279781,0.061696,-0.416790,0.185911
0.249175,-0.116627,-0.058512,-0.089879
0.336544,-0.019139,0.091051,-0.112475
0.427270,-0.014230,-0.012306,-0.108203
0.188687,0.017534,-0.503901,-0.134117
0.164999,-0.013398,-0.544070,-0.063623
0.324114,0.114437,-0.240353,-0.094034
0.128619,-0.017434,-0.390824,-0.138307
0.026094,-0.015822,-0.420388,-0.046995
0.385884,0.017378,0.169965,-0.033483
0.228682,-0.142611,0.087028,0.010955
0.059809,-0.047099,-0.004918,0.389812
0.120982,-0.177469,-0.260453,-0.002807
0.100389,0.055301,-0.471011,-0.016509
0.176182,0.125682,-0.491573,-0.007903
0.238145,0.202980,-0.435952,0.006863
0.025378,0.090408,-0.523863,-0.017637
-0.125944,0.076736,-0.406490,-0.001353
-0.220582,0.056389,-0.291818,-0.001074
-0.324148,0.071699,-0.179595,-0.025061
-0.383402,0.064296,-0.019524,-0.114828
-0.172873,0.129151,0.230883,-0.246097
0.000951,0.099461,0.319516,-0.228968
-0.067187,0.022895,0.085058,-0.333237
-0.135746,0.000662,-0.093325,-0.228693
-0.004597,-0.026208,0.079925,-0.350720
0.307087,-0.005720,0.354813,-0.116163
0.374968,0.003114,0.240206,-0.077451
0.020536,-0.035633,-0.301449,-0.140563
-0.045690,-0.026153,-0.304414,-0.080855
0.323078,-0.003552,0.249360,-0.036197
0.321179,-0.009751,0.231574,-0.001570
-0.032229,-0.058590,-0.356589,-0.009067
-0.085808,-0.038224,-0.374439,0.041362
0.261738,-0.014512,0.222828,0.072294
0.282991,-0.013463,0.221850,0.051177
0.265693,0.005209,0.117214,0.093926
-0.270749,0.066013,-0.417892,0.176884
0.116947,-0.041421,-0.370241,-0.015577
0.302465,-0.040801,-0.228344,-0.067790
0.275176,0.092676,-0.337389,-0.163924
0.297857,0.160161,-0.330831,-0.142797
0.199605,0.110502,-0.403802,-0.190870
0.070240,0.026751,-0.437896,-0.116127
-0.011932,0.014486,-0.334557,-0.125060
0.360788,0.033699,0.218096,-0.089190
0.387360,0.015422,0.220933,-0.083984
0.001568,-0.022196,-0.308608,-0.127874
-0.061450,-0.009969,-0.291404,-0.094287
0.179871,-0.027903,0.133399,-0.192845
0.325253,0.005166,0.248297,-0.084278
-0.068037,-0.020217,-0.321267,-0.047590
-0.125729,-0.013439,-0.316569,-0.001374
0.165798,-0.016886,0.190351,0.169069
0.209180,-0.016222,0.206797,0.141439
-0.144372,-0.020221,-0.339288,0.046771
-0.182595,-0.013384,-0.304173,0.043042
-0.073037,-0.062920,0.057929,0.139458
0.083582,-0.019823,0.196664,0.202106
-0.194855,-0.012492,-0.261880,0.012116
-0.212542,-0.009259,-0.217425,-0.017884
-0.292451,-0.029304,-0.053468,-0.081275
0.092266,-0.010617,0.455426,0.003785
0.177486,-0.007038,0.368505,0.002673
0.342316,-0.002123,0.149501,0.050552
-0.027387,-0.086460,-0.123710,-0.218521
0.442395,-0.043593,0.011604,0.046807
0.450617,-0.014810,-0.001921,0.082542
0.263446,0.019343,-0.317296,0.224753
0.051404,-0.014335,-0.568270,0.074092
-0.029251,-0.006631,-0.513341,0.092118
-0.148212,0.004543,-0.422027,0.108585
-0.223713,-0.008715,-0.327064,0.102381
-0.254356,-0.054596,-0.072725,0.165658
0.050873,-0.014631,0.398091,0.108229
0.136977,-0.007875,0.362339,0.050820
0.320504,0.000627,0.143556,0.069576
0.159822,0.012424,0.276584,-0.427870
-0.129482,-0.104260,-0.115626,0.031815
-0.270067,-0.031296,-0.058645,0.094702
-0.117276,-0.044267,0.411596,0.168028
-0.124534,-0.011037,0.474610,0.144791
-0.458928,0.010186,-0.029854,0.068368
-0.465250,-0.003277,-0.046412,0.068245
-0.150043,-0.001936,0.492729,0.168380
-0.089916,-0.005204,0.492335,0.141950
-0.138886,0.014556,0.181539,0.242697
-0.277869,-0.011675,-0.199979,0.032412
-0.275115,-0.011911,-0.193609,0.023525
-0.379911,-0.028467,-0.037856,-0.009812
-0.015209,-0.009873,0.513082,0.052267
0.087315,-0.006618,0.411990,0.049174
-0.060829,-0.046727,-0.104604,-0.057991
0.103065,0.017693,0.286616,-0.419257
-0.360926,-0.054046,0.051745,-0.038039
-0.377829,-0.006990,0.078479,0.016480
-0.318620,0.096388,0.168706,0.134660
-0.417186,0.046190,-0.023333,0.102269
-0.448153,0.012145,-0.068300,0.077837
-0.142396,0.017445,0.454129,0.188024
-0.077881,0.002857,0.457113,0.157654
-0.157968,0.067761,0.112538,0.235339
-0.281725,-0.009244,-0.245896,0.079754
-0.293278,-0.012817,-0.222321,0.071306
-0.400823,-0.027712,-0.057018,0.028783
-0.034462,-0.011105,0.510546,0.057814
0.065558,-0.009410,0.467674,0.017797
-0.129254,-0.065588,-0.151253,-0.081601
0.175458,0.057252,0.127218,0.180688
-0.251209,0.155658,-0.039919,-0.042046
-0.145077,0.138361,-0.126837,-0.077702
-0.149447,0.089674,-0.138429,-0.110426
-0.242785,0.025424,-0.064349,-0.089089
-0.310927,0.010668,0.169706,-0.158133
-0.068280,0.009548,0.612672,-0.029855
-0.051333,0.007501,0.596207,-0.011238
-0.041623,0.004450,0.480053,-0.002426
-0.284925,-0.019228,-0.059462,-0.093455
-0.254772,-0.018371,-0.068263,-0.115704
0.149713,-0.008411,0.463884,-0.085934
0.217231,-0.009574,0.360985,-0.027086
-0.162780,-0.053259,-0.162224,-0.073888
-0.071636,-0.093660,-0.088505,-0.200603
-0.110719,-0.207964,0.062712,0.028123
-0.021652,-0.188825,-0.001335,0.082365
-0.006187,-0.143656,0.004840,0.095322
0.023774,-0.102695,0.012586,0.096468
0.230592,-0.016221,0.029304,0.102765
0.375265,0.069323,-0.064317,0.106464
0.081527,0.020908,-0.511765,0.035496
0.099563,-0.007881,-0.557037,0.008245
0.095418,-0.016589,-0.545030,0.009092
-0.011616,-0.013670,-0.467412,0.035587
-0.049786,-0.078042,-0.338917,0.072623
0.253979,-0.012990,0.195223,0.106504
0.274138,-0.012925,0.184854,0.096648
0.327325,0.002132,0.147929,0.061398
-0.272440,0.065327,-0.416015,0.177251
0.120213,-0.066330,-0.355202,-0.011657
0.307897,-0.058942,-0.205010,-0.060504
0.302755,0.058524,-0.289065,-0.104262
0.296842,0.157993,-0.314062,-0.094362
0.178219,0.112134,-0.470504,-0.119932
0.011611,0.035587,-0.458726,-0.045541
-0.111826,0.022539,-0.315955,-0.051869
-0.226571,0.033522,-0.210977,-0.053085
-0.289496,0.019506,-0.041868,-0.141257
0.083371,0.038764,0.379590,-0.051817
-0.042550,0.006003,0.076524,-0.171958
-0.180408,-0.004182,-0.162162,-0.110356
-0.050238,-0.014746,0.025410,-0.187062
0.267569,-0.007391,0.328603,-0.047613
0.228603,-0.142633,0.086998,0.010951
0.368367,-0.091570,0.060419,0.022547
0.420883,0.007422,-0.071312,0.039309
0.091695,-0.026627,-0.512066,-0.010049
0.086237,-0.041843,-0.502381,0.000883
0.045031,-0.062433,-0.436609,-0.003058
0.065132,-0.103298,-0.279891,-0.061193
0.292588,-0.155572,0.075662,0.069044
0.085099,-0.024855,-0.207435,0.107469
-0.111733,-0.016962,-0.423835,0.095728
-0.188828,-0.022877,-0.356770,0.115979
0.128651,-0.009194,0.227413,0.194412
0.179638,-0.015610,0.231835,0.146388
-0.156427,-0.065580,-0.338064,0.108528
-0.181656,-0.030365,-0.356183,0.111094
0.137181,-0.018007,0.221737,0.201467
0.311601,0.006740,0.143838,0.072983
0.289582,0.081254,0.003588,0.167299
0.137007,0.354019,-0.010771,-0.078336
0.103680,0.285520,-0.007000,-0.157830
-0.022540,0.102817,-0.048485,-0.253249
-0.204122,-0.028811,-0.029716,-0.176102
-0.160075,-0.007040,0.333775,-0.305337
-0.022011,0.011246,0.614269,-0.067701
-0.029668,0.001491,0.606998,-0.040345
-0.026540,-0.007963,0.551215,-0.005421
-0.160666,-0.022918,0.100443,-0.105305
-0.245608,-0.020528,-0.126188,-0.064775
-0.046035,-0.022589,0.130538,-0.058033
0.180842,-0.015550,0.346069,0.030405
0.240926,-0.013153,0.248268,0.066458
0.085388,-0.032975,-0.006154,0.020131
0.249396,0.101653,0.013101,0.177463
0.116725,0.352652,-0.036954,0.044831
0.133660,0.377160,-0.030525,0.008003
0.148563,0.387547,-0.022476,-0.036876
0.148081,0.371068,-0.015333,-0.090196
0.134620,0.337049,-0.007354,-0.114383
0.106854,0.284592,-0.006097,-0.128422
0.043018,0.190132,-0.025352,-0.153135
-0.054817,0.062302,-0.065955,-0.162743
-0.211448,-0.010815,-0.040021,-0.081397
-0.087339,0.023219,0.499627,-0.006595
-0.182791,-0.012025,0.474019,0.009108
-0.423499,-0.003752,-0.032769,0.003515
-0.421080,-0.001636,-0.037228,0.003059
-0.292220,-0.033352,0.363695,-0.041331
-0.039317,0.010629,0.599470,-0.035761
0.036253,0.003307,0.545668,-0.073942
-0.112584,-0.043408,0.065611,-0.279099
-0.171708,-0.020033,-0.117468,-0.147900
-0.054175,-0.046772,0.062018,-0.269728
0.265803,-0.013456,0.344437,-0.056648
0.321181,-0.009626,0.236558,-0.006532
-0.039380,-0.054714,-0.347401,-0.015361
-0.107121,-0.047330,-0.367823,0.065170
-0.138867,-0.058262,-0.154201,-0.081500
0.101686,0.020133,0.279205,-0.424630
-0.351485,0.077653,0.078989,0.151040
-0.452924,0.005702,-0.099629,0.105679
-0.455399,-0.000424,-0.100060,0.101130
-0.189801,0.005175,0.440283,0.205699
-0.183197,-0.008751,0.468096,0.185019
-0.432719,-0.017580,-0.044830,0.038451
-0.411279,-0.015528,-0.067151,0.036895
-0.105137,-0.012262,0.482660,0.150357
-0.007321,-0.010849,0.470848,0.088101
-0.070649,-0.051286,0.094276,0.091118
-0.212639,-0.010799,-0.229387,-0.004285
-0.232314,-0.009686,-0.217040,0.001930
-0.329506,-0.030257,-0.062427,-0.034717
0.053831,-0.009429,0.462818,0.032478
0.146901,-0.005010,0.374953,0.025197
0.304784,0.008435,0.141324,0.078072
-0.282537,0.060904,-0.413091,0.185777
0.228007,-0.126923,-0.063998,-0.065894
0.315623,-0.027670,0.088913,-0.105075
0.416839,-0.022829,-0.019956,-0.137655
0.202276,0.017696,-0.479715,-0.163595
0.172274,-0.011932,-0.523393,-0.093760
0.220420,-0.017652,-0.323812,-0.306684
0.489517,0.003764,0.146008,-0.100279
0.478738,-0.002948,0.155156,-0.090612
0.237490,-0.075198,-0.290209,-0.230157
0.114047,-0.062025,-0.388018,-0.119654
0.393640,-0.010522,0.136808,0.022410
0.359764,-0.010176,0.135633,0.057249
0.391383,-0.015559,-0.085733,0.246874
-0.021341,-0.022743,-0.485894,0.072868
-0.117144,-0.022596,-0.396242,0.078872
-0.228977,-0.008180,-0.294920,0.074966
-0.236881,-0.073165,-0.043528,0.092669
0.101105,-0.001606,0.344471,0.090661
0.006869,0.002637,0.094269,-0.041238
-0.168317,-0.001641,-0.222121,-0.065032
-0.182563,-0.003457,-0.193629,-0.077462
-0.252141,-0.016940,-0.054246,-0.133781
0.120885,-0.010973,0.468776,-0.042043
0.194333,-0.008499,0.364265,-0.008505
0.341637,-0.005558,0.214181,-0.008568
-0.047732,-0.021079,-0.365787,-0.022513
-0.113795,-0.017061,-0.329736,0.003481
0.311892,0.005935,0.143433,0.073441
0.140924,0.014336,0.283391,-0.422222
-0.003359,-0.084531,-0.132351,0.017886
-0.252959,-0.043417,-0.053664,0.082248
-0.102874,-0.053384,0.421099,0.171210
-0.123079,-0.014818,0.469620,0.152808
-0.456984,0.014438,-0.027472,0.078712
-0.467246,-0.003224,-0.047937,0.074674
-0.150773,-0.002064,0.491764,0.174829
-0.093480,-0.005446,0.493389,0.144542
-0.247393,0.008060,0.091556,0.092996
-0.325043,-0.015640,-0.130839,0.014413
-0.290073,-0.035516,-0.003641,-0.015798
0.070740,-0.017576,0.383152,0.102199
0.368221,-0.004501,0.149564,0.028325
0.107896,0.015742,0.290400,-0.416086
-0.224029,-0.056348,-0.142317,0.032884
-0.347940,-0.005048,-0.085311,0.086552
-0.143094,-0.011256,0.408271,0.212053
-0.154543,0.014845,0.441992,0.194702
-0.469318,-0.005477,-0.059992,0.101616
-0.469495,-0.016120,-0.070596,0.101032
-0.173946,-0.006555,0.454021,0.256387
-0.102302,-0.011643,0.470591,0.181310
-0.357847,-0.052989,-0.062446,0.024806
-0.341944,-0.053890,-0.076667,0.018217
0.046531,-0.009929,0.439155,0.065714
0.158227,-0.005374,0.376650,0.012547
-0.162666,-0.051202,-0.161876,-0.075107
-0.072836,-0.089650,-0.089639,-0.202262
-0.129221,-0.179914,0.056770,0.072978
-0.017480,-0.132625,0.006636,0.124267
0.026533,-0.077036,0.015193,0.131123
0.246721,0.006752,0.021393,0.133541
0.384245,0.071885,-0.074177,0.139010
0.094832,0.011473,-0.513044,0.087750
0.096905,-0.016729,-0.577023,0.039739
0.104515,-0.025593,-0.560996,0.024964
0.000518,-0.017700,-0.469340,0.029411
0.357493,-0.004408,0.149672,0.038364
-0.030040,-0.087014,-0.121291,-0.217680
0.427281,-0.050253,0.026579,0.050484
0.430712,-0.017294,0.016137,0.084087
0.309602,0.033744,-0.260333,0.175588
0.065293,-0.012334,-0.562380,0.052311
0.009642,-0.011864,-0.521456,0.066572
-0.109555,0.003588,-0.433023,0.081880
-0.177372,-0.004385,-0.346930,0.071577
0.068820,0.008476,0.169303,0.255366
0.111904,-0.009615,0.194422,0.230278
-0.190015,-0.013798,-0.319645,0.066347
-0.221636,-0.010236,-0.287579,0.062340
-0.269171,-0.079254,-0.074903,0.076613
0.064514,-0.010361,0.398725,0.089645
0.155076,-0.007297,0.357578,0.036799
0.333786,0.001984,0.149934,0.054652
-0.285022,0.060118,-0.409586,0.185558
0.200438,-0.136814,-0.069230,-0.032836
0.273694,-0.041945,0.085431,-0.075517
0.379556,-0.043331,-0.033134,-0.121529
0.195217,0.039349,-0.484536,-0.136076
0.165916,-0.001333,-0.541998,-0.078886
0.111199,-0.007732,-0.471657,-0.088918
-0.008337,-0.006093,-0.343967,-0.098714
0.259523,0.017389,0.120837,-0.187522
0.322315,0.000787,0.144478,0.067740
-0.299133,0.056788,-0.394087,0.188073
0.028745,-0.167670,0.009749,0.041822
-0.034173,-0.131536,0.093390,0.025418
-0.034039,-0.123778,0.090796,-0.027115
-0.010212,-0.099955,0.091487,-0.078054
0.027697,-0.063308,0.093521,-0.120733
0.064850,-0.028263,0.098928,-0.134169
0.095619,-0.011997,0.094563,-0.132544
0.267185,-0.006024,0.093156,-0.111357
0.296281,-0.071523,-0.169291,-0.105108
0.184574,-0.018233,-0.432040,-0.063840
0.202599,0.037863,-0.498570,-0.022950
0.144497,-0.017518,-0.572366,-0.007645
0.107553,-0.015560,-0.519483,-0.024585
0.453811,0.057105,0.030827,-0.040338
0.402793,0.072999,0.037364,-0.132924
0.019872,-0.008558,-0.350843,-0.117582
-0.074687,-0.008244,-0.258410,-0.115770
-0.158239,-0.015092,-0.173405,-0.110375
0.186342,-0.015947,0.334622,-0.048258
0.255180,-0.010729,0.294471,0.001811
-0.044703,-0.073359,-0.254129,-0.014736
-0.112631,-0.082976,-0.291643,0.052782
0.223428,-0.014739,0.252202,0.081799
-0.063708,-0.067839,-0.111099,-0.062992
0.109356,0.015759,0.290299,-0.416186
-0.381591,-0.037034,0.010572,0.023202
-0.385202,0.038378,0.051755,0.095953
-0.320541,0.131347,0.152989,0.164605
-0.448906,0.006063,-0.079994,0.071358
-0.445876,0.004867,-0.083705,0.069011
-0.195949,0.026404,0.414705,0.185190
-0.125411,0.003502,0.471250,0.184174
-0.366253,-0.003839,-0.029246,0.089864
-0.352554,-0.012211,-0.165646,0.073301
-0.397932,-0.040246,-0.082436,0.067781
-0.021246,-0.012535,0.450512,0.123682
0.074143,-0.009964,0.427463,0.050617
0.228662,-0.142616,0.087020,0.010954
0.156562,-0.023665,0.378528,0.021274
0.315485,0.044708,-0.002581,0.013833
0.042152,-0.150214,-0.101737,-0.008449
-0.131482,-0.089921,-0.043440,0.048914
-0.105246,-0.102350,0.350039,0.157068
-0.113431,-0.031174,0.440291,0.166151
-0.464121,0.004265,-0.066316,0.078394
-0.459813,0.001883,-0.070931,0.073652
-0.172571,0.003297,0.468992,0.171193
-0.135448,-0.005805,0.510925,0.157290
-0.410853,-0.021970,-0.011448,0.010421
-0.382808,-0.023058,-0.023758,-0.015920
-0.007206,-0.007274,0.493642,0.061631
0.091976,-0.007671,0.404284,0.053009
-0.051666,-0.058128,-0.101256,-0.055899
-0.056635,-0.084219,-0.102570,-0.211821
-0.223273,-0.159770,0.117300,0.069377
-0.053017,-0.132516,0.017695,0.123635
0.025158,-0.074646,0.015700,0.136005
0.245328,0.007336,0.019492,0.134673
0.384441,0.072608,-0.074312,0.137908
0.090661,0.013585,-0.515265,0.058886
0.096154,-0.014916,-0.568914,0.030568
0.099388,-0.025103,-0.563612,0.032217
-0.003678,-0.019233,-0.470514,0.036315
0.228572,-0.142641,0.086987,0.010949
0.368473,-0.091544,0.060325,0.022534
0.420844,0.007436,-0.071401,0.039313
0.090907,-0.026206,-0.513064,-0.008684
0.072905,-0.032968,-0.527557,0.030515
0.015301,-0.043258,-0.503290,0.074241
0.273517,-0.021710,-0.083826,0.319771
0.240805,-0.011718,-0.058178,0.334601
-0.127629,-0.000261,-0.428939,0.099718
-0.197475,0.003213,-0.357880,0.095031
-0.279335,-0.007763,-0.262578,0.092565
-0.091077,0.010438,0.194387,0.235501
-0.032447,-0.016895,0.224532,0.145090
-0.249230,-0.012552,-0.213612,0.018283
-0.255617,-0.011682,-0.205802,0.015990
-0.281241,-0.059660,0.011692,-0.011630
0.082193,-0.016133,0.397311,0.074523
0.234936,0.004426,0.098868,0.091889
0.127610,0.019873,0.276191,-0.427059
0.074771,-0.014040,-0.117991,0.191970
-0.187218,-0.061547,-0.144107,0.196841
-0.338005,-0.054021,-0.110074,0.140715
-0.095740,0.001807,0.472406,0.148064
-0.128258,0.008515,0.511636,0.112859
-0.445380,-0.011189,-0.044186,0.043849
-0.438679,-0.012528,-0.049375,0.043560
-0.189182,0.004580,0.465414,0.105418
-0.111723,-0.007408,0.526113,0.047179
-0.344493,-0.027577,-0.012274,-0.071464
-0.326651,-0.041995,-0.029529,-0.050030
0.040730,-0.008766,0.458572,0.051516
0.135150,-0.004986,0.376210,0.035438
0.307889,0.005941,0.141318,0.076985
-0.278532,0.062241,-0.420128,0.187686
0.254578,-0.077073,0.022576,-0.094599
0.328872,-0.029263,0.050778,-0.084216
0.239926,-0.006301,-0.346354,-0.142766
0.183050,0.022541,-0.534929,-0.089415
0.164245,-0.001522,-0.523443,-0.091153
0.457092,0.086188,-0.056910,-0.085917
0.360051,0.092515,-0.112118,-0.137094
0.049297,-0.015770,-0.424471,-0.066167
-0.069509,-0.016068,-0.295994,-0.075540
-0.165947,-0.007491,-0.206783,-0.076889
-0.178425,-0.035324,-0.003816,-0.233688
0.182662,-0.015130,0.422382,-0.049982
0.209297,-0.005166,0.337857,-0.003595
0.359137,-0.009139,0.170100,0.022241
0.394666,-0.000919,-0.041490,0.121145
-0.021044,-0.011641,-0.445133,0.020708
-0.126063,-0.010827,-0.336054,0.015834
-0.212490,-0.010272,-0.238579,0.004230
-0.162800,-0.037686,0.039502,-0.002137
0.138450,-0.017732,0.373899,0.046953
0.004136,-0.055781,-0.064017,-0.027129
0.159661,0.058204,0.135992,0.186063
-0.334565,0.124999,-0.033583,-0.035498
-0.249566,0.116573,-0.106062,-0.052015
-0.230685,0.101697,-0.101240,-0.063137
-0.228684,0.069452,-0.106954,-0.067944
-0.314899,0.020320,-0.052337,-0.077261
-0.255482,0.014078,0.307399,-0.128434
-0.097223,0.008055,0.599175,-0.049465
-0.214993,-0.004348,0.425206,-0.029505
-0.373638,-0.017191,-0.035646,-0.030601
-0.357554,-0.016314,-0.053260,-0.029968
-0.000270,-0.000562,0.513686,0.017297
0.094996,-0.000235,0.437449,0.009948
0.259060,0.005521,0.246622,0.019830
-0.125776,-0.006689,-0.268205,-0.056441
-0.161809,-0.007185,-0.226170,-0.061946
-0.167585,-0.042528,-0.027784,-0.206271
0.180051,-0.007706,0.380146,-0.010877
0.222933,-0.005492,0.322744,0.000290
0.385990,-0.011211,0.167577,0.000050
0.069290,-0.067030,-0.360765,-0.095932
0.305212,0.008492,0.141591,0.077637
-0.260807,0.069311,-0.430305,0.175487
0.122862,0.028452,-0.430377,-0.082321
0.267093,0.065670,-0.349063,-0.154727
0.282473,0.133126,-0.376028,-0.126355
0.193705,0.073381,-0.457929,-0.169469
0.201900,0.108097,-0.314061,-0.176954
0.377702,0.141831,0.004120,-0.110585
0.002563,-0.000604,-0.374754,-0.084314
-0.057826,-0.003302,-0.319360,-0.076623
0.343153,-0.002221,0.149640,0.049767
0.091431,0.020267,0.278761,-0.424754
-0.376930,0.015236,-0.118579,0.111527
-0.458747,0.011123,-0.051581,0.107611
-0.122640,-0.000402,0.500481,0.144947
-0.112109,-0.003633,0.526557,0.128894
-0.232334,0.015242,0.227177,0.293714
-0.367374,-0.012504,-0.159042,0.081810
-0.345377,-0.011329,-0.158119,0.057714
-0.426763,-0.055040,0.018213,0.025173
-0.044874,-0.007082,0.539608,0.053847
0.064593,-0.004403,0.459967,0.021430
0.047270,-0.021612,-0.028828,0.002225
-0.299654,0.059990,-0.399273,0.190397
-0.033328,-0.030849,0.086909,-0.121594
-0.105372,-0.013529,0.094086,-0.181677
0.073524,0.006549,0.072664,-0.176133
0.178711,0.030228,0.071353,-0.160179
0.301016,0.042311,0.046465,-0.108263
0.266186,-0.015021,-0.219386,-0.103605
0.150793,-0.017639,-0.455909,-0.049342
0.142626,-0.019005,-0.537182,-0.027018
0.156707,-0.019553,-0.510532,-0.033609
0.520728,0.000393,0.007762,0.003763
0.524505,0.004214,0.016168,-0.021523
0.108498,-0.024975,-0.499937,-0.040696
0.039375,-0.015472,-0.451787,-0.029226
0.250413,0.003098,0.107521,0.093331
-0.040672,-0.074138,-0.119996,-0.221009
0.349189,-0.015565,0.062225,0.105609
0.333891,0.006600,0.055397,0.128873
0.419713,0.041158,-0.099599,0.174055
0.066754,-0.012822,-0.595937,0.084915
0.075842,-0.027825,-0.575810,0.070682
0.017677,-0.032286,-0.504487,0.061985
0.334211,-0.001035,0.147852,0.057958
-0.303346,0.055334,-0.387427,0.187135
-0.006032,-0.186446,0.000383,0.061218
-0.053826,-0.144885,0.088974,0.016937
-0.048132,-0.134776,0.086662,-0.035471
-0.022771,-0.108388,0.088400,-0.085533
0.014827,-0.071070,0.091145,-0.120723
0.050631,-0.037172,0.096056,-0.125307
0.081554,-0.015510,0.095524,-0.129396
0.250213,-0.013123,0.090213,-0.113323
0.297845,-0.068918,-0.146457,-0.146091
0.166753,-0.012928,-0.443028,-0.139426
0.179659,-0.010207,-0.514006,-0.107447
0.177166,-0.020885,-0.477187,-0.133562
0.534623,0.008595,0.046539,-0.064741
0.520297,0.000106,0.054541,-0.038661
0.087215,-0.031218,-0.489827,-0.023280
0.023475,-0.012649,-0.445694,-0.022243
0.014853,-0.067929,-0.271191,-0.059021
0.286024,-0.012946,0.209004,0.060574
0.281523,-0.013407,0.190011,0.084396
0.380378,-0.008285,0.046496,0.123657
-0.031679,-0.022268,-0.467384,0.064220
-0.101207,-0.009640,-0.384225,0.037962
-0.214029,-0.006181,-0.248216,0.011316
0.166374,-0.004499,0.296905,0.076780
0.243928,-0.001866,0.276291,0.023814
-0.108379,-0.013769,-0.255385,-0.079574
-0.142723,-0.010720,-0.209330,-0.094337
0.200173,0.013888,0.267477,-0.165344
0.346241,-0.000650,0.151284,0.044540
-0.008950,-0.090914,-0.136465,-0.220130
0.375276,-0.010860,-0.165317,0.093392
0.347416,-0.028630,-0.231428,0.182553
0.045881,-0.019291,-0.558877,0.075178
-0.021920,-0.008067,-0.518104,0.090990
-0.135028,0.003594,-0.428879,0.103203
-0.210592,-0.007885,-0.342715,0.104085
0.073585,-0.004621,0.210345,0.258585
0.125790,-0.016476,0.233996,0.198907
-0.189121,-0.022977,-0.296994,0.051982
-0.201084,-0.011462,-0.253762,0.009198
-0.127481,-0.053341,0.056802,0.012942
0.157240,-0.017484,0.361917,0.040132
-0.084409,-0.061786,-0.123096,-0.070779
-0.316110,0.060429,-0.383972,0.189746
-0.128701,-0.044428,0.096859,-0.091699
0.044168,-0.016004,0.067988,-0.133133
0.094615,0.003900,0.069498,-0.139848
0.250675,0.021185,0.049446,-0.125737
0.211323,-0.055467,-0.226883,-0.182747
0.143018,-0.014131,-0.436536,-0.132893
0.165198,-0.011458,-0.502060,-0.105418
0.174419,-0.016491,-0.500263,-0.114148
0.542041,0.010222,0.009134,-0.052648
0.528363,0.000339,0.016440,-0.013527
0.081840,-0.029775,-0.511396,0.002219
-0.005593,-0.020128,-0.471658,0.040268
0.062453,-0.039066,-0.022715,0.006798
0.161658,0.017949,0.271001,-0.431424
-0.165490,-0.081724,-0.136664,0.122993
-0.296508,-0.009796,-0.078982,0.149615
-0.096550,-0.001255,0.450094,0.170403
-0.121028,0.003924,0.502132,0.140379
-0.484269,-0.031305,-0.035780,0.102234
-0.474483,-0.025925,-0.045543,0.089300
-0.157919,0.000147,0.502939,0.155878
-0.096815,-0.006893,0.536178,0.085879
-0.343725,-0.040777,-0.013079,-0.054870
-0.314843,-0.044416,-0.030061,-0.063160
0.075827,-0.006907,0.483118,-0.011760
0.171814,-0.002976,0.386773,-0.014933
0.369669,-0.004949,0.149179,0.027713
-0.033691,-0.081462,-0.121474,-0.219357
0.404546,-0.030378,0.032931,0.079458
0.392041,-0.000773,0.025224,0.111061
0.391186,0.046057,-0.159611,0.238396
0.059935,-0.014277,-0.581924,0.079156
0.025020,-0.020783,-0.557259,0.095912
-0.095021,-0.013684,-0.455725,0.107319
-0.164879,-0.024549,-0.361096,0.093413
0.237131,0.002284,0.099306,0.091430
-0.061019,-0.070599,-0.106494,-0.217058
-0.067899,-0.115996,0.009702,0.144145
-0.156982,-0.056711,0.091686,0.147745
0.248822,0.019854,0.007394,0.161752
0.390257,0.066349,-0.087020,0.148411
0.092800,0.001704,-0.523441,0.056539
0.095418,-0.019296,-0.581725,0.048500
0.110643,-0.029867,-0.567509,0.029622
0.018467,-0.018654,-0.464746,0.007822
0.320152,0.001996,0.144483,0.068503
-0.274016,0.064306,-0.416280,0.178719
0.140806,-0.126426,-0.311365,-0.017372
0.341809,-0.062562,-0.135991,-0.059164
0.226636,0.093951,-0.416714,-0.141143
0.174971,0.060634,-0.512918,-0.142476
0.098433,0.028266,-0.481236,-0.102138
0.043978,0.031737,-0.296702,-0.229254
0.387218,0.020363,0.223345,-0.091476
0.410509,0.002801,0.216493,-0.088833
0.112225,-0.035992,-0.274479,-0.257544
0.034135,-0.027567,-0.299769,-0.163909
0.391738,0.006645,0.229148,-0.087356
0.388723,-0.008481,0.219552,-0.058275
0.324706,-0.016885,-0.069978,-0.009018
-0.030651,-0.010086,-0.438343,0.021969
-0.133209,-0.012377,-0.360074,0.048549
-0.229439,-0.015971,-0.255743,0.044042
0.081513,-0.018745,0.273195,0.175559
-0.149459,-0.056660,-0.158717,-0.079241
0.156434,0.057963,0.138113,0.187259
-0.348198,0.119660,-0.027876,-0.033254
-0.272972,0.106873,-0.102032,-0.051035
-0.246949,0.084768,-0.097110,-0.078713
-0.252797,0.049114,-0.103028,-0.078807
-0.315311,0.010763,-0.047615,-0.092378
-0.212924,0.011245,0.390673,-0.121647
-0.289582,-0.023182,0.368886,-0.105360
-0.427908,-0.028158,0.077311,-0.065902
-0.383502,-0.045298,0.092861,-0.091652
-0.200086,-0.025369,0.232287,-0.048429
0.032559,-0.010185,0.402869,0.025950
-0.121674,-0.047396,0.079962,-0.177246
-0.207043,-0.020307,-0.124717,-0.105043
-0.086575,-0.065060,-0.125261,-0.072103
0.120146,0.077718,0.146407,0.194627
-0.352370,0.157513,-0.035253,0.034146
-0.291677,0.153819,-0.136637,-0.002002
-0.223589,0.183749,-0.129216,-0.024834
-0.151016,0.212859,-0.108561,-0.043291
-0.094359,0.216364,-0.087281,-0.083546
-0.124297,0.131066,-0.102121,-0.166017
-0.165851,0.044075,-0.109192,-0.164765
-0.257588,-0.016395,-0.055306,-0.111232
-0.193480,0.019842,0.344377,-0.122575
-0.277070,-0.004673,0.340999,-0.091209
-0.408364,-0.021264,0.044637,-0.070037
-0.313690,-0.024159,0.288033,-0.121658
-0.032087,0.000301,0.588790,-0.023607
0.057019,-0.007616,0.505532,-0.017429
-0.170541,-0.050913,-0.163023,-0.070007
0.170903,0.060235,0.127338,0.181919
-0.267369,0.157187,-0.050110,-0.034046
-0.131830,0.174652,-0.116732,-0.052451
-0.125634,0.121564,-0.133449,-0.122833
-0.227461,0.048584,-0.056024,-0.098802
-0.299173,0.018349,0.164420,-0.180829
-0.061180,0.018705,0.619983,-0.078335
-0.043378,0.009217,0.633209,-0.075851
-0.143583,-0.035617,0.329691,-0.209604
-0.154797,-0.044071,0.139467,-0.174040
0.108086,-0.008018,0.327755,-0.035116
-0.032786,-0.056918,0.026128,-0.064484
-0.190698,-0.033190,-0.259290,0.026068
0.314298,0.002394,0.141905,0.073385
0.121810,0.063540,0.153832,0.198972
-0.230103,0.171843,-0.152943,0.005071
0.078195,0.296678,-0.182858,-0.004785
0.207348,0.298909,-0.185061,-0.094558
0.137249,0.349189,-0.009485,-0.091966
0.119191,0.312129,-0.005559,-0.100666
0.079808,0.245808,-0.012650,-0.123071
0.007453,0.146963,-0.038256,-0.137964
-0.079043,0.035015,-0.076633,-0.142853
-0.233304,-0.039442,-0.040779,-0.106241
-0.062939,0.039229,0.504662,-0.072887
-0.147103,0.013592,0.494523,-0.045293
-0.402107,-0.012776,-0.017981,-0.024033
-0.395932,-0.010907,-0.028935,-0.021282
-0.216571,-0.002372,0.437086,0.002420
-0.094901,-0.003182,0.533139,0.032897
-0.334796,-0.029125,-0.021664,-0.070763
-0.307714,-0.035473,-0.029066,-0.082586
0.062209,-0.006312,0.476531,0.009223
0.159280,-0.003945,0.379895,0.005883
0.371031,-0.004930,0.148825,0.026685
0.139222,0.015709,0.283087,-0.422391
-0.000250,-0.084457,-0.130169,-0.016068
-0.243729,-0.059164,-0.047599,0.046157
-0.116884,-0.074551,0.404965,0.161513
-0.122097,-0.020007,0.460420,0.167599
-0.439816,0.035066,-0.008488,0.114188
-0.467830,-0.002309,-0.048229,0.083108
-0.149535,-0.001788,0.489826,0.186015
-0.077405,-0.005781,0.490717,0.133799
-0.164042,0.011958,0.168498,0.166154
-0.278774,-0.011495,-0.188907,0.022066
-0.274888,-0.012201,-0.197609,0.027587
-0.371599,-0.035610,-0.026466,-0.014962
0.004284,-0.009413,0.489513,0.056739
0.115682,-0.005050,0.404670,0.026119
0.065081,-0.017302,-0.016157,0.012597
-0.292893,0.061875,-0.407971,0.190124
0.106418,-0.023899,0.091801,-0.190844
0.172391,-0.004913,0.080748,-0.246463
0.217516,0.026990,0.080974,-0.255809
0.389009,0.067940,0.108654,-0.174561
0.351601,0.055976,-0.153073,-0.212047
0.138478,-0.002828,-0.511360,-0.081107
0.146616,-0.015061,-0.547567,-0.041097
0.092448,-0.023463,-0.513716,-0.012379
0.459876,-0.012816,0.002251,0.086581
0.416996,-0.017824,0.012190,0.130055
-0.027192,-0.032475,-0.490369,0.092926
-0.113237,-0.015984,-0.439326,0.111436
-0.230124,-0.030012,-0.308627,0.111652
0.126615,-0.011035,0.236781,0.188042
0.207499,-0.006694,0.269101,0.072252
-0.161003,-0.018276,-0.287668,0.009844
-0.190399,-0.004972,-0.277188,0.015449
0.196243,-0.002138,0.295917,0.038903
0.281587,-0.000161,0.299808,-0.043075
-0.149096,-0.057599,-0.158861,-0.079063
0.167218,0.050941,0.137978,0.184249
-0.330798,0.097712,-0.030041,-0.071569
-0.251323,0.067120,-0.098486,-0.090599
-0.301440,0.020183,-0.040709,-0.120147
-0.247360,0.013417,0.294305,-0.194986
-0.121741,0.009262,0.574758,-0.106792
-0.246629,-0.028876,0.363339,-0.158713
-0.291340,-0.047380,0.101809,-0.198789
-0.064231,-0.023602,0.279615,-0.138966
-0.115358,-0.048557,0.080472,-0.118726
-0.226215,-0.030005,-0.159200,-0.041689
0.010088,-0.042070,0.126719,-0.019643
0.199548,-0.009929,0.278378,0.045650
-0.152625,-0.017947,-0.279448,-0.007090
-0.191355,-0.015917,-0.278917,0.029078
0.106203,-0.019010,0.245381,0.205963
-0.111885,-0.051651,-0.137195,-0.078259
-0.056075,-0.078137,-0.106028,-0.215029
-0.211435,-0.141178,0.094804,0.091760
-0.077217,-0.105919,0.031678,0.134769
0.061133,-0.030419,0.025042,0.169506
0.251095,0.023917,0.003525,0.179516
0.382455,0.046440,-0.110136,0.207105
0.135181,-0.010145,-0.491788,0.164486
0.100252,-0.019162,-0.610608,0.072740
0.111864,-0.026397,-0.591316,0.048786
0.025177,-0.002689,-0.500401,0.020802
-0.056703,-0.004857,-0.339804,-0.053885
0.332983,0.011109,0.237999,-0.041918
0.373912,0.006337,0.234719,-0.074345
0.228642,-0.142622,0.087013,0.010953
0.222667,0.073940,0.074630,0.170305
0.315236,0.234088,-0.232474,-0.080109
0.232430,0.316067,-0.017226,-0.122644
0.168094,0.226790,-0.006344,-0.216080
0.025914,0.041634,-0.052790,-0.290712
-0.147066,-0.037238,-0.019392,-0.215336
-0.085718,0.002671,0.445699,-0.189140
-0.078178,0.034713,0.521094,-0.061052
-0.361951,-0.008237,-0.024762,-0.061937
-0.381468,-0.008183,-0.020591,-0.046772
-0.162820,0.009904,0.502537,0.046333
-0.105534,-0.006135,0.543299,0.091861
-0.337845,-0.050725,0.047077,0.034308
-0.353986,-0.018182,-0.113392,0.028451
-0.326205,-0.045332,-0.009708,-0.060939
0.055183,-0.006262,0.507701,-0.016642
0.163727,-0.002618,0.398229,-0.019442
0.335509,-0.009667,0.244341,-0.028183
0.038718,-0.068770,-0.269070,-0.074140
-0.169178,-0.051159,-0.162936,-0.070828
0.101231,0.019718,0.280995,-0.423442
-0.355051,0.058265,0.083264,0.123068
-0.283017,0.159916,0.200552,0.231799
-0.471125,0.001060,-0.078890,0.097349
-0.469223,-0.006551,-0.075151,0.094889
-0.196934,-0.006413,0.446746,0.221189
-0.148897,-0.008306,0.489463,0.178127
-0.391646,-0.021196,-0.049545,0.005669
-0.366862,-0.019904,-0.057699,-0.012543
-0.016765,-0.009703,0.510768,0.049263
0.076176,-0.011023,0.444708,0.032089
0.009081,-0.052609,-0.060584,-0.024131
-0.303173,0.057992,-0.393036,0.189929
-0.228545,-0.057927,0.124548,-0.056359
-0.102987,-0.035612,0.091017,-0.114972
0.066273,-0.006971,0.069122,-0.150777
0.118679,0.012341,0.070807,-0.144296
0.269149,0.028111,0.053206,-0.129114
0.197901,-0.039545,-0.255511,-0.198946
0.144776,-0.013726,-0.445818,-0.118709
0.147520,-0.015406,-0.534140,-0.050938
0.147023,-0.028115,-0.520293,-0.044222
0.522291,-0.000495,0.000160,0.007647
0.514468,-0.001476,0.014227,0.005961
0.097280,-0.030370,-0.510575,-0.013445
0.024598,-0.014782,-0.454596,-0.012331
0.231089,0.003814,0.096318,0.090926
-0.036251,-0.088310,-0.115704,-0.215630
0.381406,-0.075530,0.067004,0.043577
0.367079,-0.033771,0.068028,0.091855
0.433766,0.028876,-0.076616,0.138423
0.062424,-0.003611,-0.579958,0.064040
0.057757,-0.018341,-0.565797,0.069271
-0.005927,-0.029382,-0.505059,0.083259
0.256231,-0.023258,-0.066384,0.326533
0.220376,-0.022536,-0.033507,0.321413
-0.129314,-0.013851,-0.408297,0.094351
-0.193502,-0.012589,-0.315546,0.064527
-0.271238,-0.011416,-0.193902,0.019445
-0.319870,-0.047590,-0.007275,-0.062795
0.046754,-0.007016,0.474728,0.027294
0.144831,-0.004180,0.380776,0.019637
0.228761,-0.142589,0.087058,0.010959
0.059732,-0.047087,-0.004787,0.389770
0.122573,-0.174673,-0.262153,-0.012161
0.112523,0.048306,-0.470390,-0.062815
0.202134,0.094365,-0.490158,-0.099984
0.148517,0.046596,-0.522897,-0.116475
0.062126,0.021938,-0.451048,-0.090087
-0.028877,0.019360,-0.286740,-0.160679
0.349549,0.026776,0.251635,-0.093241
0.384780,0.006796,0.236329,-0.087404
0.330924,0.002730,0.149444,0.056902
-0.007310,-0.090322,-0.138217,-0.220644
0.320935,-0.012326,-0.226783,0.092810
0.264377,-0.048900,-0.320465,0.158115
0.043209,-0.019128,-0.558863,0.077674
-0.042845,-0.001656,-0.502917,0.090321
-0.156659,0.009833,-0.415362,0.105078
-0.228144,-0.005224,-0.319419,0.095677
-0.003081,0.006374,0.190049,0.307908
0.036486,-0.009840,0.212722,0.230580
-0.215033,-0.009397,-0.245160,0.012479
-0.229439,-0.009814,-0.217111,-0.000746
-0.314426,-0.023100,-0.056667,-0.058432
0.067499,-0.011706,0.455890,0.029481
0.149440,-0.007628,0.374125,0.025573
0.289070,-0.014265,0.218621,0.049076
0.201456,-0.001828,0.076344,0.080850
0.252739,0.098257,0.015284,0.175336
0.117659,0.364586,-0.033023,0.025926
0.136203,0.382650,-0.022722,-0.010244
0.139426,0.373421,-0.016786,-0.067874
0.128311,0.343663,-0.009279,-0.102199
0.106064,0.300031,-0.005932,-0.112730
0.054233,0.218970,-0.019192,-0.133589
-0.034555,0.101229,-0.053169,-0.152908
-0.210829,-0.007291,-0.034816,-0.106785
-0.069915,0.028006,0.527877,-0.029890
-0.172005,-0.008080,0.489540,-0.005708
-0.447157,-0.006586,-0.024227,0.021527
-0.454604,-0.001870,-0.029832,0.029451
-0.152448,0.012911,0.517845,0.100326
-0.068317,0.018691,0.550799,0.027908
-0.295938,-0.009583,0.016974,-0.149252
-0.268292,-0.006024,-0.094827,-0.087968
-0.233355,-0.023284,0.003550,-0.202461
0.128390,-0.002292,0.475338,-0.060680
0.194402,-0.000754,0.372131,-0.026544
0.371523,-0.010364,0.210176,-0.029052
0.305133,-0.019072,-0.070743,-0.057819
-0.014175,-0.012691,-0.399044,-0.031201
-0.119204,-0.011371,-0.289191,-0.037345
-0.204505,-0.010738,-0.207537,-0.034330
0.051500,-0.021191,0.251917,0.107681
0.151905,-0.018422,0.293341,0.113920
-0.193690,-0.029308,-0.274528,0.040416
-0.211418,-0.016414,-0.266664,0.037384
0.108499,-0.015105,0.265695,0.156893
0.228268,0.002690,0.094062,0.089897
-0.042417,-0.069085,-0.121526,-0.222762
0.340757,-0.004744,0.058646,0.116278
0.334130,0.009653,0.051268,0.133225
0.417708,0.036959,-0.104584,0.186263
0.066966,-0.017560,-0.600865,0.094400
0.076745,-0.031862,-0.580050,0.078056
0.022239,-0.036775,-0.513244,0.070669
0.361982,-0.004075,0.150613,0.033044
0.204666,0.082690,0.080105,0.173752
0.234230,0.312488,-0.159165,0.029593
0.142460,0.377662,-0.022227,-0.011981
0.145084,0.368829,-0.015282,-0.064819
0.133022,0.336587,-0.007062,-0.106755
0.106182,0.286182,-0.006198,-0.120177
0.047399,0.198171,-0.023526,-0.142651
-0.049891,0.070618,-0.063283,-0.159077
-0.217383,-0.028035,-0.041744,-0.116236
-0.073002,0.043340,0.483273,-0.076464
-0.159553,0.011555,0.476174,-0.041617
-0.394888,-0.010748,-0.029974,-0.021333
-0.392579,-0.009856,-0.034139,-0.020478
-0.249235,-0.009248,0.397077,-0.009207
-0.110211,-0.001185,0.526130,0.033584
-0.345597,-0.029635,-0.016200,-0.065207
-0.320234,-0.030975,-0.032406,-0.072789
0.052594,-0.007068,0.486274,0.008420
0.151817,-0.003529,0.384665,0.008495
0.362862,-0.001608,0.149717,0.030592
0.233256,0.071764,0.067868,0.168735
0.162877,0.241773,-0.198941,-0.150169
0.080158,0.241490,-0.013387,-0.196981
-0.051616,0.061777,-0.060885,-0.243148
-0.208810,-0.034607,-0.029358,-0.166004
-0.167194,-0.017536,0.326224,-0.312506
-0.022924,0.018858,0.618893,-0.085786
-0.024727,-0.000476,0.618109,-0.064459
-0.024104,-0.010436,0.538878,-0.051815
-0.119015,0.030110,0.138447,-0.078850
-0.250623,-0.022635,-0.161571,-0.020994
0.074576,-0.011841,0.244738,0.209832
0.127422,-0.017755,0.242508,0.190362
-0.206392,-0.033718,-0.321041,0.104041
-0.236812,-0.017908,-0.296635,0.094244
0.065592,-0.014084,0.225881,0.235199
0.154713,-0.008751,0.273884,0.109950
-0.185737,-0.006848,-0.237732,-0.026794
-0.200893,-0.006021,-0.205987,-0.044210
-0.131010,-0.048090,0.072955,-0.160283
0.115248,-0.007183,0.019199,0.040824
-0.054306,-0.095548,-0.098627,-0.206768
-0.070967,-0.231765,0.013497,0.026943
-0.188905,-0.181893,0.100191,0.073436
-0.026577,-0.145824,0.004351,0.122656
0.014639,-0.093012,0.013325,0.123645
0.238753,-0.002314,0.024943,0.128220
0.382214,0.071356,-0.070670,0.130877
0.088644,0.017830,-0.513522,0.088123
0.082421,-0.016628,-0.589836,0.066935
0.080058,-0.029882,-0.576443,0.069156
-0.006684,-0.033150,-0.505360,0.088083
0.262958,0.015907,0.120494,0.096482
0.126740,0.019619,0.277838,-0.425996
0.079422,-0.013565,-0.118141,0.139739
-0.184288,-0.073125,-0.144684,0.170394
-0.314522,-0.028342,-0.093204,0.149571
-0.093599,0.002562,0.464936,0.152837
-0.126415,0.005133,0.505574,0.137633
-0.469141,-0.016342,-0.041856,0.070619
-0.431266,-0.011626,-0.047878,0.033734
-0.212923,0.007044,0.435121,0.047035
-0.155620,-0.012758,0.472624,-0.021868
-0.332866,-0.016615,-0.017900,-0.089534
-0.312501,-0.015682,-0.030583,-0.098058
0.037354,-0.009252,0.486434,0.025945
0.124190,-0.007237,0.380506,0.044148
0.327898,-0.000127,0.146172,0.063325
-0.035081,-0.074429,-0.124375,-0.222078
0.390531,-0.005560,0.020202,0.111838
0.384965,0.008671,0.014331,0.128475
0.368596,0.042283,-0.195428,0.274831
0.064700,-0.020411,-0.584310,0.082910
0.031805,-0.025209,-0.561703,0.097997
-0.090202,-0.017125,-0.454528,0.104744
-0.173690,-0.021021,-0.333177,0.070778
0.118532,-0.010294,0.203749,0.166656
0.228602,-0.142633,0.086998,0.010951
0.217282,0.076870,0.075927,0.171333
0.351190,0.237734,-0.204804,0.024893
0.209051,0.287039,-0.039426,0.067138
0.183296,0.274233,-0.032224,0.093009
0.186834,0.305809,-0.032892,0.061838
0.194995,0.341489,-0.031313,0.020123
0.206923,0.368601,-0.027555,-0.023698
0.220062,0.380792,-0.023245,-0.069401
0.228138,0.373758,-0.017045,-0.105052
0.225461,0.354518,-0.011639,-0.109730
0.217674,0.328379,-0.005540,-0.115586
0.201428,0.286005,-0.001022,-0.126735
0.159184,0.213480,-0.010605,-0.148433
0.075290,0.101113,-0.047221,-0.170932
-0.116420,0.022487,-0.030123,-0.104607
-0.053797,0.024362,0.509593,0.002214
-0.140610,-0.004518,0.508549,0.023254
-0.470831,0.000847,-0.030793,0.047436
-0.496572,0.011370,-0.043882,0.074015
-0.207714,0.008018,0.462003,0.135189
-0.124682,0.043312,0.519525,0.065273
-0.401359,0.029057,-0.017630,-0.062241
-0.333869,0.031400,-0.096903,-0.057738
-0.334122,0.011477,-0.025256,-0.109149
0.028276,0.018172,0.526048,-0.062846
0.133230,0.007280,0.457126,-0.056537
0.323765,0.009215,0.265677,-0.060323
-0.141016,-0.058365,-0.155322,-0.081158
0.072449,0.016034,0.284614,-0.420250
-0.066220,-0.091442,0.522639,0.051959
-0.097885,-0.049092,0.479532,0.137108
-0.203989,0.146902,0.193003,0.194043
-0.331430,0.006895,-0.205599,0.073814
-0.327308,0.004430,-0.204412,0.070671
-0.311259,0.100719,0.091999,0.132863
-0.075343,0.010066,0.414683,0.187310
-0.031231,0.018812,0.275148,0.241312
-0.289903,-0.008836,-0.230846,0.072474
-0.301777,-0.010827,-0.211531,0.067024
-0.095401,-0.013868,0.235577,0.219442
0.003456,-0.021577,0.295006,0.132100
-0.252059,-0.013774,-0.182504,-0.008773
-0.251022,-0.011566,-0.186778,-0.007744
-0.189525,-0.059725,0.101425,-0.040364
0.120767,-0.014730,0.412898,0.022091
0.125054,-0.021659,0.022485,0.042929
-0.287988,0.059817,-0.408429,0.187990
0.203974,-0.097695,0.023948,-0.067311
0.293848,-0.054652,0.051017,-0.120937
0.208767,0.002424,-0.360326,-0.190745
0.184074,0.015113,-0.522347,-0.118703
0.168047,-0.006624,-0.511332,-0.106310
0.471713,0.068500,-0.033050,-0.133722
0.390355,0.031515,-0.075816,-0.195218
0.065656,-0.011053,-0.419422,-0.092291
-0.050479,-0.014348,-0.332466,-0.059817
-0.149829,-0.014317,-0.263665,-0.029299
0.176272,-0.016010,0.257861,0.104646
0.217982,-0.015348,0.246521,0.093356
0.228791,-0.142580,0.087069,0.010961
0.217312,0.076879,0.075892,0.171329
0.348024,0.241961,-0.208789,0.007424
0.222474,0.322943,-0.033495,0.002226
0.216571,0.340372,-0.018114,-0.045486
0.218437,0.333370,-0.008030,-0.100352
0.200713,0.284796,-0.000187,-0.152986
0.140491,0.189151,-0.015585,-0.186629
0.038416,0.056797,-0.055026,-0.215177
-0.154208,-0.027642,-0.037420,-0.153097
-0.049312,0.027820,0.504774,-0.045077
-0.111692,0.015182,0.521235,-0.013451
-0.392223,-0.012055,-0.025886,-0.026430
-0.388694,-0.010464,-0.031951,-0.025875
-0.262603,-0.005436,0.380449,-0.089138
-0.056689,0.001816,0.609127,-0.038705
0.002419,-0.005329,0.548853,-0.029440
-0.061725,-0.040055,0.151719,-0.031454
-0.233417,-0.032437,-0.153091,-0.038153
0.047370,-0.033412,0.178408,0.030432
0.190836,-0.012233,0.277782,0.061186
-0.162194,-0.018926,-0.284667,0.008676
-0.197629,-0.015702,-0.284393,0.040613
0.048136,-0.025625,0.194543,0.176525
0.336467,-0.001384,0.148331,0.056047
0.144743,0.019170,0.274938,-0.428281
-0.079681,-0.055969,-0.141474,0.166935
-0.307292,-0.007163,-0.082620,0.155699
-0.102972,0.003684,0.447791,0.168694
-0.121384,0.005042,0.506612,0.128512
-0.466962,-0.012293,-0.033026,0.056230
-0.445685,-0.010153,-0.041236,0.040121
-0.163001,-0.002523,0.494976,0.130745
-0.097499,-0.009450,0.527828,0.110578
-0.294695,-0.066517,0.046770,0.064864
-0.341334,-0.018539,-0.134133,0.036896
-0.318158,-0.058519,-0.028040,-0.038672
0.060535,-0.006776,0.467230,0.020632
0.148629,-0.002982,0.382268,0.013101
0.367484,-0.002078,0.148508,0.027656
0.226373,0.079019,0.065786,0.170369
0.221404,0.317849,-0.149322,0.011759
0.141047,0.369833,-0.019590,-0.021987
0.138042,0.351923,-0.010170,-0.078472
0.117856,0.308982,-0.005244,-0.111346
0.075302,0.238965,-0.013987,-0.129927
-0.012798,0.120096,-0.046172,-0.159771
-0.201668,-0.004231,-0.032291,-0.122556
-0.078120,0.051367,0.470031,-0.105723
-0.101489,0.031635,0.525522,-0.090408
-0.345685,-0.008626,-0.012301,-0.090430
-0.356982,-0.008525,-0.013019,-0.078562
-0.206876,0.005677,0.443435,-0.043600
-0.070948,-0.008539,0.561014,0.039252
-0.255532,-0.038778,0.081536,-0.012756
-0.313342,-0.025046,-0.112707,-0.006003
-0.125887,-0.053816,0.141055,0.041763
-0.125930,-0.063853,-0.148947,-0.081678
-0.321506,0.059577,-0.377564,0.189492
-0.130309,-0.056459,0.095683,-0.050286
0.004976,-0.034332,0.066567,-0.094808
0.039702,-0.016659,0.069190,-0.107752
0.074446,-0.001688,0.070031,-0.102758
0.216677,0.004142,0.034179,-0.091173
0.166085,-0.084635,-0.270652,-0.136188
0.134604,-0.017901,-0.439180,-0.105410
0.164316,-0.008082,-0.515482,-0.091059
0.176570,-0.015293,-0.507103,-0.105158
0.531367,0.013625,-0.003583,-0.056926
0.526056,0.021501,0.003973,-0.057684
0.100942,-0.016831,-0.470181,-0.071041
0.019192,-0.013060,-0.434963,-0.028279
-0.078404,-0.028339,-0.355137,0.004768
0.261901,-0.014992,0.222644,0.072892
0.337012,-0.000794,0.149124,0.054527
-0.293808,0.057413,-0.398176,0.185874
0.128094,-0.150610,-0.035758,0.012770
0.125960,-0.112778,0.073599,-0.035157
0.260951,-0.094589,-0.007980,-0.098343
0.180380,0.029858,-0.395974,-0.138298
0.196906,0.063303,-0.515835,-0.105112
0.137577,0.020191,-0.538331,-0.074610
0.051764,0.007255,-0.435720,-0.080409
-0.078352,0.007327,-0.297651,-0.088435
0.248682,0.038111,0.208700,-0.120644
0.332016,0.020917,0.256316,-0.083626
0.228692,-0.142608,0.087032,0.010956
0.217327,0.076884,0.075874,0.171328
0.348052,0.241949,-0.208783,0.007424
0.223590,0.317913,-0.035289,0.011021
0.208865,0.322945,-0.024623,0.010177
0.208695,0.323111,-0.024636,0.010185
0.208520,0.323283,-0.024650,0.010193
0.208351,0.323448,-0.024663,0.010200
0.208182,0.323614,-0.024676,0.010208
0.209157,0.326506,-0.024093,0.003706
0.216025,0.339700,-0.019108,-0.039409
0.219091,0.336310,-0.009549,-0.093088
0.202038,0.286771,0.000275,-0.168206
0.130697,0.176538,-0.018385,-0.212354
0.024554,0.040121,-0.052845,-0.236656
-0.153505,-0.034454,-0.032294,-0.167875
-0.070875,0.018300,0.460782,-0.082495
-0.082763,0.023975,0.549263,-0.033744
-0.371859,-0.010214,-0.024971,-0.049781
-0.393533,-0.010549,-0.028935,-0.023966
-0.172558,0.010816,0.491473,0.067630
-0.106573,-0.005486,0.547178,0.069724
-0.366485,-0.048615,0.004472,-0.033635
-0.320814,-0.055676,0.001924,-0.061962
0.050309,-0.004822,0.500831,-0.005308
0.157385,-0.001938,0.389647,-0.004890
0.383566,-0.006323,0.143204,0.021179
0.226471,0.071158,0.074401,0.169569
0.175344,0.245116,-0.211054,-0.133872
0.101646,0.275373,-0.007446,-0.166913
-0.002115,0.127734,-0.041976,-0.224306
-0.199504,-0.014236,-0.031142,-0.161882
-0.115149,0.034559,0.400235,-0.216351
-0.072111,0.043628,0.525536,-0.120693
-0.350761,-0.007903,-0.012931,-0.085455
-0.375127,-0.008830,-0.017377,-0.055741
-0.193740,-0.000493,0.464229,-0.044152
-0.081163,-0.013119,0.544085,0.010645
-0.242375,-0.005675,0.094175,-0.020483
-0.309345,-0.020210,-0.122329,-0.005216
-0.131565,-0.017111,0.127736,0.056337
0.069365,-0.018795,0.276220,0.195770
-0.236898,-0.018459,-0.269554,0.067800
-0.257153,-0.013881,-0.239167,0.053090
-0.168619,-0.066951,0.074114,0.033272
0.143668,-0.012753,0.403624,0.003179
0.051357,-0.027358,-0.027253,0.003263
-0.281914,0.061378,-0.415793,0.187600
0.248037,-0.091861,0.007591,-0.112838
0.349259,-0.037255,0.040136,-0.147622
0.208962,0.003334,-0.398826,-0.207259
0.178640,-0.009358,-0.530036,-0.095826
0.159971,-0.013931,-0.501784,-0.101349
0.208750,-0.037856,-0.286811,-0.285514
0.440649,-0.005812,0.160364,-0.053392
0.440736,-0.005541,0.159587,-0.053462
0.469175,0.012393,-0.045461,-0.013642
0.040650,-0.018976,-0.475716,-0.003069
-0.063008,-0.014501,-0.421685,0.042084
-0.161145,-0.020172,-0.310120,0.034326
-0.129621,-0.064730,-0.151247,-0.081663
-0.074713,-0.083571,-0.091418,-0.204716
-0.135167,-0.152364,0.050381,0.104037
0.008284,-0.086560,0.013481,0.147092
0.233360,0.005675,0.018926,0.155407
0.384300,0.070375,-0.076921,0.147345
0.092218,0.011058,-0.519889,0.063003
0.104008,-0.015855,-0.569730,0.024469
0.104706,-0.024471,-0.558431,0.021084
-0.001229,-0.016077,-0.463093,0.023288
-0.062408,-0.047373,-0.358099,0.010778
0.283121,-0.013432,0.233075,0.039663
0.307317,-0.013643,0.215089,0.033817
0.375939,-0.003845,0.145897,0.023612
0.162076,0.016098,0.272579,-0.430686
-0.136864,-0.098884,-0.123596,0.043223
-0.272712,-0.030314,-0.062801,0.091352
-0.095113,-0.026961,0.435919,0.172713
-0.120756,-0.001356,0.482910,0.154425
-0.474644,-0.009105,-0.034296,0.094748
-0.478230,-0.021462,-0.046315,0.094219
-0.155141,-0.004762,0.497680,0.195406
-0.099524,-0.010995,0.488558,0.163260
-0.253208,-0.092907,0.086708,0.154377
-0.338981,-0.014213,-0.126981,0.023064
-0.315360,-0.041786,-0.032272,-0.064664
0.061373,-0.004657,0.470587,0.014490
0.154769,-0.002452,0.379447,0.009588
0.326831,-0.010912,0.226633,-0.000145
0.308488,0.007934,0.142976,0.074964
-0.008285,-0.085031,-0.140657,-0.222552
0.253144,-0.028580,-0.301853,0.022717
0.475721,-0.019469,-0.086654,0.139286
0.045502,-0.041402,-0.532048,0.076180
0.024189,-0.029458,-0.533817,0.082009
0.344389,-0.019696,-0.102493,0.308781
0.303842,-0.018978,-0.087426,0.329059
-0.094894,-0.011529,-0.448541,0.097852
-0.172104,-0.011032,-0.378561,0.104586
-0.260098,-0.013118,-0.280133,0.096239
-0.177579,-0.091694,0.069573,0.255985
-0.073317,-0.048527,0.152044,0.268991
-0.268525,-0.000671,-0.224583,0.036668
-0.259095,0.000050,-0.205422,0.007357
-0.331597,-0.014201,-0.054995,-0.056315
0.031881,-0.001817,0.495686,-0.058206
0.130907,-0.003530,0.462199,-0.048498
0.228771,-0.142586,0.087061,0.010960
0.059772,-0.047063,-0.004790,0.389764
0.126593,-0.167511,-0.264407,-0.034395
0.119411,0.046733,-0.482473,-0.077712
0.205856,0.080058,-0.490964,-0.126142
0.144360,0.021321,-0.513482,-0.108198
0.061211,0.002670,-0.403591,-0.117400
-0.041324,-0.002247,-0.254585,-0.158954
0.330787,0.030020,0.264402,-0.150394
0.382234,0.015587,0.267128,-0.127234
0.036507,-0.031578,-0.255872,-0.206166
-0.022433,-0.030531,-0.282878,-0.121269
0.339020,-0.006561,0.266522,-0.067743
0.362688,-0.010711,0.251197,-0.065311
0.081605,-0.064697,-0.254741,-0.151925
-0.012161,-0.052208,-0.330664,-0.053985
0.275943,-0.010230,0.209032,0.067429
0.278262,-0.009233,0.189707,0.083720
0.360711,-0.016996,-0.000358,0.198015
-0.061761,-0.017025,-0.448336,0.070011
-0.145393,-0.017459,-0.372780,0.078521
-0.252091,-0.016026,-0.263944,0.074951
0.027125,-0.025185,0.229499,0.177403
0.146413,-0.008869,0.301301,0.071846
-0.185041,-0.012407,-0.207712,-0.051951
-0.197258,-0.009951,-0.193610,-0.056291
-0.060198,-0.035704,0.151384,-0.158579
0.313287,0.002061,0.141141,0.074458
-0.038645,-0.072105,-0.122819,-0.222305
0.382494,-0.014194,0.041819,0.093545
0.373343,0.004857,0.036627,0.115852
0.399686,0.043729,-0.139046,0.225833
0.062542,-0.016670,-0.597360,0.094378
0.047449,-0.028504,-0.574078,0.098023
-0.037227,-0.031983,-0.503450,0.115550
-0.130870,-0.055526,-0.365015,0.094539
0.249574,-0.012466,0.225866,0.079596
0.296896,-0.010386,0.234784,0.021162
0.318173,0.001596,0.143150,0.070731
-0.012886,-0.075419,-0.142890,-0.225307
0.379736,0.039100,-0.160308,0.203644
0.365611,0.025293,-0.219796,0.310435
0.044028,-0.020092,-0.574255,0.093209
-0.033332,-0.014061,-0.525599,0.115881
-0.153221,-0.010392,-0.429850,0.136351
-0.258440,-0.021874,-0.307329,0.130532
-0.010567,-0.025290,0.188737,0.358723
0.060842,-0.012289,0.228272,0.256541
-0.238353,0.000704,-0.254191,0.034729
-0.242027,0.003366,-0.210013,-0.008436
-0.289552,-0.028564,-0.039809,-0.094486
0.082696,0.001337,0.457521,0.000587
0.171724,0.003152,0.370678,-0.004513
0.347085,-0.004299,0.210220,-0.010835
0.001518,-0.034203,-0.341412,-0.082810
-0.114378,-0.065865,-0.142730,-0.080374
0.120999,0.039162,0.143117,0.224747
-0.088238,0.057931,0.575033,-0.004063
-0.179564,0.146176,0.406532,-0.096903
-0.360682,0.053756,-0.037315,-0.112716
-0.336906,0.041183,-0.047011,-0.114356
0.006132,0.055571,0.449776,-0.123577
0.135517,0.024294,0.469586,-0.087973
0.223630,0.044953,0.195872,-0.141791
-0.114276,-0.002096,-0.248407,-0.092332
-0.145921,-0.005054,-0.217903,-0.088233
-0.163640,-0.053520,-0.162433,-0.073155
-0.305554,0.062767,-0.396803,0.189298
-0.078339,-0.016276,0.086698,-0.191004
0.134005,0.013787,0.066701,-0.216679
0.183752,0.035610,0.068981,-0.224834
0.310874,0.053275,0.049610,-0.149688
0.297398,0.028476,-0.173910,-0.164530
0.139202,-0.004338,-0.465845,-0.093269
0.140416,-0.013939,-0.529909,-0.045009
0.132747,-0.031031,-0.515876,-0.036983
0.520812,-0.004290,0.006241,0.014628
0.513659,-0.004988,0.013342,0.015575
0.090132,-0.030837,-0.513280,-0.003126
0.020299,-0.015456,-0.460964,-0.000989
-0.055001,-0.034417,-0.358883,-0.008810
0.303900,-0.010328,0.231790,0.016719
0.322106,-0.011887,0.228167,0.003893
-0.024131,-0.045626,-0.354346,-0.033001
0.300741,0.007283,0.138285,0.081842
-0.292590,0.058825,-0.403363,0.188664
0.144034,-0.110728,0.038349,-0.049792
0.103016,-0.066283,0.106556,-0.107728
0.283344,-0.031423,0.092045,-0.111556
0.280331,-0.069680,-0.234698,-0.162033
0.189236,0.010439,-0.484853,-0.131963
0.241564,0.020654,-0.430491,-0.185961
0.536596,0.012299,0.033884,-0.069124
0.534215,0.008247,0.051223,-0.068423
0.121084,-0.019677,-0.476691,-0.081824
0.063784,-0.010631,-0.442563,-0.067700
0.158274,-0.041897,-0.165219,-0.129300
0.325640,-0.010278,0.210221,0.016800
0.321329,-0.010141,0.190966,0.039993
0.439446,-0.011256,0.043044,0.070277
0.002891,-0.028706,-0.461568,0.030272
-0.074649,-0.014928,-0.415115,0.047582
-0.170877,-0.047881,-0.162917,-0.071769
0.136694,0.052037,0.151403,0.198144
-0.430757,0.077737,0.037934,-0.034421
-0.399610,0.061765,-0.045126,-0.058746
-0.371131,0.047138,-0.034962,-0.095252
-0.378556,0.020968,0.034646,-0.130566
-0.184361,0.027357,0.497501,-0.188106
-0.036764,0.026995,0.606562,-0.119800
-0.187092,-0.028976,0.122177,-0.354668
-0.183748,-0.014914,-0.009267,-0.249165
-0.006853,-0.040786,0.204407,-0.342565
0.261622,-0.019793,0.419330,-0.130086
0.346453,-0.014774,0.294091,-0.089319
0.334812,-0.075323,0.037192,-0.058180
-0.032910,-0.010287,-0.412742,-0.001171
-0.120433,0.002033,-0.383135,0.044424
-0.170344,-0.026809,-0.222047,0.083970
0.154873,-0.015074,0.298489,0.103957
0.206590,-0.014799,0.269169,0.081540
0.274490,-0.017559,0.082238,0.202956
-0.104463,-0.015086,-0.414129,0.076567
-0.173031,-0.015981,-0.343741,0.075642
-0.289522,-0.023326,-0.191837,0.047574
0.108233,-0.015263,0.359218,0.075249
0.228721,-0.142600,0.087043,0.010957
0.217387,0.076901,0.075804,0.171321
0.341291,0.246265,-0.214904,-0.020911
0.232425,0.337557,-0.025701,-0.064312
0.216306,0.324379,-0.005626,-0.107056
0.202979,0.288362,-0.001650,-0.111172
0.171189,0.229142,-0.007976,-0.127127
0.093546,0.123302,-0.039066,-0.162417
0.035625,0.047517,-0.051987,-0.166688
-0.153561,-0.031706,-0.038224,-0.141456
-0.047334,0.023512,0.506704,-0.080726
-0.102152,0.021822,0.523540,-0.025087
-0.408541,-0.013119,-0.028096,-0.006753
-0.418694,-0.011905,-0.039734,0.013439
-0.199458,-0.000066,0.463387,0.079974
-0.131318,-0.003387,0.524298,0.094683
-0.381465,-0.029727,-0.022979,-0.022569
-0.336425,-0.020992,-0.033818,-0.065857
0.039254,-0.004621,0.529653,-0.047414
0.141168,-0.005628,0.447752,-0.042630
0.173591,-0.002026,0.058608,0.069630
0.241953,0.073829,0.057980,0.167880
0.159281,0.258576,-0.170077,-0.146544
0.086738,0.255925,-0.010107,-0.173579
-0.019882,0.109299,-0.048100,-0.214059
-0.206979,-0.019869,-0.033991,-0.150519
-0.108442,0.035518,0.412082,-0.197131
-0.072516,0.043769,0.524807,-0.122071
-0.331484,-0.006459,-0.010775,-0.108334
-0.354883,-0.007351,-0.012596,-0.082242
-0.185523,-0.011903,0.480239,-0.038487
-0.073338,-0.008585,0.546925,0.047944
-0.124309,0.016033,0.204155,0.152983
-0.292527,-0.012033,-0.220112,0.067561
-0.305016,-0.013164,-0.203176,0.064245
-0.289512,-0.086944,0.060925,0.090213
0.032950,-0.016095,0.429277,0.081981
0.072444,-0.017632,0.268631,0.018828
-0.192995,-0.010372,-0.197700,-0.056044
-0.205415,-0.009512,-0.191398,-0.050787
-0.190403,-0.050345,0.038494,-0.173761
-0.003957,-0.055641,-0.069781,-0.031531
0.127756,0.041045,0.152378,0.213309
-0.189708,0.059554,0.477110,-0.032964
-0.429732,0.052168,-0.000490,-0.077453
-0.388581,0.041660,-0.001852,-0.108163
-0.225899,0.079492,0.387250,-0.225003
0.017004,0.023436,0.588259,-0.091448
0.139789,0.010544,0.505586,-0.116335
0.304473,0.026994,0.288641,-0.141715
-0.066823,-0.016792,-0.225371,-0.148125
-0.114652,-0.011933,-0.211915,-0.118610
0.150764,-0.045983,0.192728,-0.175271
0.299388,-0.009504,0.275229,-0.029496
-0.057057,-0.042775,-0.314510,-0.042719
-0.122800,-0.037863,-0.339640,0.043201
0.210888,-0.014749,0.248289,0.098046
0.246242,-0.013696,0.226486,0.083674
0.380190,-0.004712,0.144304,0.021822
-0.280978,0.061473,-0.416155,0.186824
0.247365,-0.105389,-0.025789,-0.096730
0.315704,-0.018222,0.116203,-0.127210
0.423959,-0.011445,0.023400,-0.135510
0.218127,0.004433,-0.435625,-0.187184
0.170897,-0.016394,-0.545698,-0.065569
0.134441,-0.020520,-0.525361,-0.045665
0.081005,-0.043102,-0.374109,-0.119289
0.407999,-0.003974,0.171201,-0.033772
0.412561,-0.007559,0.170641,-0.033512
0.095939,-0.062268,-0.343090,-0.145947
0.228662,-0.142616,0.087020,0.010954
0.155804,-0.021780,0.371021,0.028590
0.321365,0.038740,-0.027414,0.091749
0.030660,-0.095993,-0.095672,0.180057
-0.013450,-0.106203,-0.105922,0.191909
-0.187813,-0.099545,-0.087053,0.157191
-0.053208,-0.004406,0.455045,0.134072
-0.098629,0.006451,0.508751,0.108700
-0.470219,-0.014224,-0.046586,0.075211
-0.458111,-0.013434,-0.044373,0.059211
-0.150934,0.009401,0.516610,0.092423
-0.114734,0.001039,0.546207,0.051310
-0.373423,-0.030715,0.002171,-0.052346
-0.344304,-0.032279,-0.014780,-0.060585
0.022540,-0.007744,0.502236,0.023752
0.131994,-0.003559,0.392303,0.019952
-0.084018,-0.055513,-0.121321,-0.069563
-0.297740,0.060290,-0.401455,0.190363
-0.233667,-0.037501,0.127015,-0.127740
0.013679,-0.005789,0.078583,-0.162785
0.135148,0.016406,0.070846,-0.151030
0.278804,0.031418,0.053686,-0.129465
0.255228,-0.037772,-0.204668,-0.136601
0.143637,-0.017727,-0.455690,-0.084830
0.153892,-0.015003,-0.523586,-0.064654
0.161024,-0.023750,-0.514007,-0.074408
0.533275,0.004599,0.000929,-0.024235
0.524243,0.001101,0.015470,-0.012149
0.090057,-0.032364,-0.513055,-0.001748
0.015536,-0.016555,-0.459900,0.003809
0.230131,0.006200,0.096593,0.091211
-0.290629,0.059206,-0.405450,0.188342
0.179271,-0.098639,0.037914,-0.050318
0.264890,-0.056641,0.068762,-0.107250
0.216722,-0.018238,-0.318568,-0.191652
0.184244,0.023712,-0.508623,-0.125550
0.197444,0.018420,-0.482138,-0.177801
0.513772,0.033073,0.010677,-0.098860
0.514994,0.032983,0.029420,-0.087010
0.090195,-0.019504,-0.466750,-0.061052
0.016576,-0.014287,-0.432503,-0.026896
-0.136909,-0.059787,-0.153686,-0.081567
-0.061945,-0.087229,-0.097483,-0.208335
-0.216222,-0.168630,0.123868,0.062322
-0.022729,-0.141832,0.005607,0.118573
0.017690,-0.086670,0.014423,0.125869
0.237744,0.000007,0.021598,0.130237
0.379781,0.071763,-0.070864,0.133862
0.077831,0.014834,-0.525087,0.089320
0.083361,-0.017232,-0.592208,0.068971
0.087497,-0.029878,-0.575673,0.060943
0.005733,-0.023791,-0.478265,0.039213
0.114158,-0.024785,0.014521,0.036672
0.099792,0.017212,0.287687,-0.418324
-0.270084,-0.044114,-0.109973,0.019769
-0.395436,-0.003004,-0.053242,0.068767
-0.119606,-0.020911,0.458275,0.175466
-0.119441,0.003669,0.477884,0.166830
-0.319597,0.104476,0.119662,0.217596
-0.363814,-0.010693,-0.189860,0.107267
-0.342438,-0.012716,-0.190429,0.088499
-0.450386,-0.022182,-0.031149,0.047293
-0.111813,-0.004030,0.535607,0.079520
-0.026042,-0.006533,0.553199,0.014103
-0.064474,-0.036551,0.193167,-0.020733
-0.221723,-0.011768,-0.203422,-0.020198
-0.234578,-0.010803,-0.198344,-0.013386
-0.115874,-0.038660,0.141235,0.092651
0.083529,-0.018040,0.290717,0.170716
-0.235533,-0.018737,-0.253007,0.050166
-0.246463,-0.013196,-0.215990,0.018538
-0.073965,-0.039254,0.174705,-0.028404
0.232809,0.004022,0.097415,0.091335
0.207704,0.074832,0.086079,0.172639
0.226045,0.288872,-0.200188,-0.043657
0.140725,0.356814,-0.011392,-0.075879
0.118918,0.308679,-0.004883,-0.123416
0.070546,0.230437,-0.015545,-0.145821
-0.022398,0.106211,-0.050381,-0.168981
-0.207632,-0.015492,-0.035725,-0.128785
-0.054741,0.042819,0.521984,-0.073548
-0.151532,0.010985,0.491817,-0.046748
-0.388109,-0.011875,-0.015240,-0.041701
-0.385933,-0.011397,-0.017919,-0.041806
-0.172242,0.005971,0.497732,-0.026249
-0.076172,-0.000997,0.553761,-0.003609
-0.301458,-0.033252,0.015946,-0.131048
-0.258786,-0.041052,0.007555,-0.146674
0.095505,-0.008396,0.466437,-0.012469
0.187364,-0.003981,0.372192,-0.015737
0.346709,-0.011387,0.196627,0.010480
0.330708,-0.006934,-0.046237,0.202505
-0.057153,-0.015421,-0.440719,0.056181
-0.147906,-0.017382,-0.337576,0.045753
-0.252340,-0.012467,-0.227801,0.035497
-0.136694,-0.065730,0.111696,0.128456
0.040471,-0.019234,0.237689,0.162736
-0.225390,-0.006487,-0.209160,-0.016074
-0.218371,-0.005222,-0.196583,-0.036934
-0.278453,-0.031151,-0.024379,-0.122312
0.098768,-0.006395,0.466577,-0.017536
0.182499,-0.002900,0.377804,-0.016829
-0.087606,-0.065196,-0.125948,-0.072507
-0.312354,0.055203,-0.379260,0.188322
-0.275691,-0.103680,0.133226,0.056055
-0.194654,-0.106728,0.086427,0.010814
-0.098758,-0.101857,0.044948,-0.037788
-0.060893,-0.078281,0.049883,-0.089245
-0.002239,-0.040997,0.059983,-0.144948
0.058618,-0.010154,0.067299,-0.172063
0.115780,0.011159,0.069492,-0.164056
0.267236,0.029630,0.053945,-0.147268
0.194133,-0.032329,-0.255573,-0.220797
0.145686,-0.012151,-0.443327,-0.125387
0.153385,-0.014716,-0.521602,-0.067070
0.144595,-0.029362,-0.518533,-0.042278
0.517630,-0.002405,-0.000345,0.019482
0.509914,-0.002369,0.006185,0.019888
0.094660,-0.031383,-0.518365,-0.002023
0.017023,-0.016912,-0.459780,0.002558
0.147233,0.000146,0.041900,0.058115
0.211568,0.075137,0.082589,0.172028
0.234050,0.299541,-0.177086,0.013015
0.130292,0.362954,-0.027155,0.017483
0.134182,0.366812,-0.024398,0.008662
0.141694,0.368797,-0.017631,-0.036365
0.134034,0.342625,-0.008088,-0.096151
0.103931,0.284441,-0.006295,-0.130617
0.038461,0.187917,-0.026210,-0.155870
-0.060446,0.058372,-0.067064,-0.168742
-0.221302,-0.033761,-0.042319,-0.120005
-0.055377,0.039347,0.518559,-0.081059
-0.146752,0.014031,0.494364,-0.047052
-0.393754,-0.012293,-0.016137,-0.034744
-0.387259,-0.010565,-0.025845,-0.033398
-0.224970,0.001879,0.423848,-0.028437
-0.104851,-0.006827,0.522028,0.009438
-0.325411,-0.023388,-0.017594,-0.090225
-0.295747,-0.027783,-0.024825,-0.106623
0.070566,-0.008361,0.485287,-0.006247
0.167341,-0.004684,0.382640,-0.004642
0.326084,-0.011981,0.226224,0.002031
0.241620,0.005051,0.103048,0.093140
0.231096,0.080902,0.059472,0.170105
0.204219,0.323417,-0.145184,-0.037357
0.135520,0.352283,-0.010381,-0.081012
0.107990,0.294881,-0.005515,-0.138589
0.043146,0.196970,-0.023884,-0.167166
-0.060904,0.060023,-0.065868,-0.181038
-0.221098,-0.035033,-0.039869,-0.130406
-0.075985,0.040000,0.475357,-0.091368
-0.151689,0.016176,0.478602,-0.047332
-0.390669,-0.011302,-0.023546,-0.031426
-0.385224,-0.009845,-0.032449,-0.029549
-0.249462,-0.000785,0.391199,-0.030381
-0.140676,-0.010591,0.489544,0.005624
-0.341550,-0.021472,-0.026899,-0.067109
-0.319890,-0.021661,-0.037114,-0.078277
0.053086,-0.008503,0.499585,-0.005463
0.150843,-0.005676,0.395911,0.000062
0.319476,-0.008843,0.239129,-0.007845
-0.043177,-0.036277,-0.335174,-0.042483
-0.105848,-0.020387,-0.311108,-0.019767
0.257431,-0.011392,0.229766,0.063630
0.314416,0.007205,0.145300,0.069657
-0.008492,-0.084386,-0.140885,-0.222763
0.287866,-0.006756,-0.265483,0.076753
0.189909,-0.055151,-0.398983,0.109235
0.036725,-0.025964,-0.540842,0.073073
0.421589,-0.024090,-0.069250,0.206117
0.387821,-0.021430,-0.078155,0.246849
-0.043122,-0.013098,-0.488517,0.087628
-0.131464,-0.003478,-0.420227,0.098058
-0.212033,-0.012466,-0.318805,0.086192
-0.037576,-0.032021,0.136606,0.306510
0.034283,-0.022738,0.192363,0.308384
-0.236133,-0.011143,-0.291988,0.082153
-0.251301,-0.007881,-0.241605,0.043676
-0.343858,-0.020214,-0.079949,-0.013065
0.046804,-0.003778,0.465156,0.029444
0.139006,0.000737,0.381810,0.020647
0.295610,0.006558,0.218501,0.017442
-0.101318,-0.007705,-0.304020,-0.044068
-0.147483,-0.006961,-0.248059,-0.054609
-0.173249,-0.040676,-0.058518,-0.179058
0.215755,-0.012272,0.378246,-0.039964
0.260045,-0.008385,0.331751,-0.042720
0.405532,-0.008386,0.184204,-0.039547
0.050362,-0.048613,-0.362784,-0.096066
-0.031726,-0.027604,-0.404241,0.006461
0.302484,-0.015804,0.189738,0.065964
0.228572,-0.142641,0.086987,0.010949
0.368445,-0.091553,0.060346,0.022533
0.420841,0.007438,-0.071393,0.039311
0.097181,-0.029182,-0.505552,-0.019507
0.091967,-0.050795,-0.479709,-0.018568
0.044402,-0.067882,-0.445525,0.011979
0.151785,-0.095874,-0.212462,0.127016
0.274028,-0.045847,0.093964,0.217180
0.233606,-0.010834,-0.053905,0.356894
-0.136161,-0.000062,-0.434650,0.113763
-0.202379,0.004603,-0.373780,0.114445
-0.289239,-0.009528,-0.264493,0.106149
-0.090926,0.009769,0.194674,0.235488
-0.022022,-0.018185,0.233350,0.164523
-0.247689,-0.013054,-0.226842,0.030474
-0.260627,-0.012222,-0.209395,0.025134
-0.272100,-0.073217,0.020995,0.018075
0.080276,-0.016048,0.389035,0.086441
0.153756,-0.015691,0.271906,0.128353
-0.194824,-0.015876,-0.285914,0.039503
-0.216747,-0.008275,-0.265427,0.033338
-0.001269,-0.022468,0.168868,0.132705
0.112162,0.000009,0.239116,0.051106
-0.185675,-0.005876,-0.211686,-0.053873
-0.196658,-0.006318,-0.201052,-0.053083
-0.237223,-0.032707,-0.022845,-0.162864
0.139918,-0.009380,0.449763,-0.039146
0.221983,-0.005726,0.362860,-0.038840
0.385388,-0.006927,0.209980,-0.046772
0.031225,-0.047703,-0.347314,-0.093297
-0.042597,-0.039300,-0.380797,0.005584
0.295881,-0.013820,0.217103,0.043257
0.318415,-0.013314,0.199116,0.038347
0.039145,-0.013729,-0.032658,-0.000373
-0.284544,0.060393,-0.411044,0.186346
0.218296,-0.122227,-0.043180,-0.060631
0.280241,-0.035311,0.102084,-0.099724
0.386048,-0.030144,-0.004221,-0.115794
0.215163,0.027592,-0.445143,-0.153485
0.170891,-0.006242,-0.545706,-0.074861
0.136609,-0.008542,-0.497581,-0.087585
0.058069,-0.016406,-0.371029,-0.127738
0.416723,0.022202,0.191226,-0.091082
0.424741,0.011505,0.194573,-0.091194
0.032321,-0.025120,-0.370458,-0.093853
-0.036025,-0.018375,-0.364715,-0.037996
0.310456,-0.008727,0.187197,0.050016
0.299948,-0.014713,0.194396,0.062821
0.166819,-0.011023,0.051686,0.064604
-0.011434,-0.067216,-0.150163,-0.227782
0.294614,0.046078,-0.259881,0.282951
0.052493,-0.039424,-0.546074,0.128206
0.026525,-0.032552,-0.559856,0.108772
0.304149,-0.021499,-0.186030,0.387102
-0.006783,-0.088499,-0.451103,0.133753
-0.072690,-0.029602,-0.434613,0.079794
0.238992,-0.001652,0.137522,0.164942
0.268149,0.009694,0.156292,0.097039
-0.110961,-0.006449,-0.310993,-0.028707
-0.150417,-0.006934,-0.234863,-0.064897
-0.229723,-0.018105,-0.105385,-0.103898
0.143845,-0.002457,0.423792,-0.084593
0.231500,-0.014501,0.350188,-0.025874
0.272357,-0.002298,0.126333,0.110404
-0.116891,-0.016646,-0.368566,0.044993
-0.174018,-0.014099,-0.318501,0.049506
-0.281113,-0.046610,-0.176475,0.047197
0.116813,-0.016229,0.373787,0.067532
0.228701,-0.142605,0.087035,0.010956
0.217327,0.076884,0.075874,0.171328
0.348126,0.241912,-0.208798,0.007424
0.224030,0.318763,-0.035147,0.008982
0.215327,0.335918,-0.020563,-0.027591
0.220203,0.338435,-0.011701,-0.081731
0.212966,0.310440,-0.002247,-0.125988
0.186243,0.253486,-0.003339,-0.144049
0.107171,0.141485,-0.030927,-0.185638
0.033045,0.045458,-0.052221,-0.193239
-0.153087,-0.033312,-0.035185,-0.155089
-0.067017,0.021128,0.470702,-0.069093
-0.099804,0.023217,0.523833,-0.029386
-0.375217,-0.010606,-0.025372,-0.045594
-0.370382,-0.008912,-0.031093,-0.046651
-0.240548,0.004091,0.403551,-0.054158
-0.132853,0.000337,0.519194,0.055739
-0.385327,-0.033529,-0.018051,-0.017666
-0.361791,-0.033928,-0.036243,-0.022703
0.013724,-0.008480,0.515118,0.017153
0.122426,-0.006011,0.440313,-0.016163
0.312335,0.002007,0.140631,0.075260
0.233594,0.074665,0.064411,0.168935
0.193881,0.285179,-0.176011,-0.088274
0.121159,0.313427,-0.005081,-0.127366
0.062457,0.218519,-0.017996,-0.173032
-0.049385,0.069697,-0.061358,-0.200569
-0.216521,-0.032260,-0.039048,-0.135684
-0.094956,0.033973,0.435397,-0.158550
-0.120296,0.029149,0.497781,-0.075543
-0.369844,-0.009081,-0.028201,-0.049903
-0.368490,-0.008494,-0.030123,-0.049978
-0.268010,-0.005628,0.356052,-0.093702
-0.042145,-0.002990,0.597153,-0.021621
0.022452,-0.005930,0.532645,-0.010643
0.112270,-0.018571,0.266377,0.080339
-0.187636,-0.013602,-0.254969,-0.000904
-0.213355,-0.010672,-0.234342,0.001258
-0.020266,-0.035378,0.172272,0.169876
0.112691,-0.018867,0.273142,0.167684
-0.207880,-0.018170,-0.272989,0.041928
-0.220719,-0.012256,-0.216745,-0.007390
-0.165922,-0.054239,0.063630,-0.115555
0.282804,0.004322,0.126476,0.090570
0.093711,0.019716,0.281113,-0.423256
-0.352306,0.002724,-0.119740,0.088248
-0.456945,0.008553,-0.065525,0.102424
-0.124920,0.000333,0.486951,0.158182
-0.124636,-0.002601,0.512794,0.151112
-0.274149,0.024631,0.184580,0.274731
-0.375888,-0.014368,-0.168324,0.101469
-0.349368,-0.010976,-0.173221,0.076455
-0.434569,-0.031978,-0.016273,0.025995
-0.068756,-0.003664,0.554258,0.038852
0.022740,-0.003809,0.527758,-0.006027
-0.131738,-0.058841,-0.150612,-0.081878
-0.055528,-0.090763,-0.100111,-0.208842
-0.217896,-0.188102,0.138058,0.031242
-0.050053,-0.192526,0.005993,0.087405
-0.015546,-0.126695,0.008295,0.126162
0.028334,-0.077121,0.015637,0.125226
0.245492,0.005091,0.020738,0.128912
0.385591,0.072669,-0.073196,0.133889
0.089418,0.012914,-0.516427,0.089643
0.084577,-0.018020,-0.592422,0.068757
0.081419,-0.031626,-0.577836,0.070933
-0.000600,-0.031660,-0.497557,0.072706
0.382373,-0.005856,0.143890,0.021212
0.161609,0.017480,0.271502,-0.431192
-0.165357,-0.080509,-0.136001,0.129022
-0.302221,-0.007662,-0.079533,0.150520
-0.091004,-0.002560,0.457758,0.161360
-0.121248,0.003813,0.501721,0.139423
-0.483879,-0.030019,-0.035877,0.099899
-0.471522,-0.022793,-0.045453,0.082976
-0.157135,0.001072,0.503315,0.151086
-0.096808,-0.007565,0.535866,0.083678
-0.336312,-0.031749,-0.012257,-0.074714
-0.306999,-0.033367,-0.028410,-0.085990
0.065064,-0.007987,0.477059,0.006971
0.159119,-0.004669,0.378933,0.007909
0.228781,-0.142583,0.087065,0.010960
0.155869,-0.022016,0.371955,0.027721
0.321224,0.038917,-0.026305,0.089001
0.031227,-0.096702,-0.095704,0.176894
-0.013407,-0.106104,-0.106119,0.189270
-0.186952,-0.097970,-0.086211,0.155439
-0.052757,-0.004302,0.454732,0.133192
-0.098171,0.006813,0.508396,0.107962
-0.463701,-0.011212,-0.045293,0.064104
-0.433595,-0.008563,-0.047310,0.032557
-0.194590,0.009138,0.459961,0.060030
-0.141945,-0.002123,0.514931,0.072151
-0.391960,-0.025410,-0.017103,-0.021234
-0.369418,-0.025716,-0.035561,-0.025457
-0.002483,-0.009370,0.508021,0.043279
0.098013,-0.007332,0.412156,0.038840
0.368648,-0.003404,0.148749,0.027608
-0.285701,0.060254,-0.410550,0.187271
0.217913,-0.107761,-0.008229,-0.070834
0.246490,-0.041470,0.112706,-0.116696
0.383110,-0.023983,0.034474,-0.141964
0.223788,0.005953,-0.399249,-0.202544
0.177354,-0.011811,-0.533441,-0.088741
0.153503,-0.014268,-0.497086,-0.099252
0.169642,-0.038496,-0.298483,-0.288145
0.444698,-0.005019,0.182463,-0.081201
0.426667,-0.007509,0.160033,-0.037578
0.476214,0.006611,-0.019546,0.051132
0.014890,-0.021370,-0.479744,0.029113
-0.082895,-0.015833,-0.429626,0.071243
-0.184670,-0.019843,-0.316620,0.064023
0.117696,-0.015011,0.216079,0.218514
0.176399,-0.012471,0.228252,0.149670
-0.170625,-0.011191,-0.300870,0.025575
-0.190724,-0.006214,-0.234141,-0.026031
-0.210580,-0.040812,-0.027669,-0.166709
0.161849,-0.008902,0.421447,-0.032712
0.221805,-0.004151,0.356181,-0.033528
0.391699,-0.008720,0.194345,-0.035383
0.038819,-0.042875,-0.353906,-0.099146
-0.030324,-0.023208,-0.381054,-0.022526
0.313592,-0.011815,0.203433,0.036885
0.321238,-0.013705,0.209527,0.025428
0.336225,0.000730,0.150045,0.053417
-0.007389,-0.087455,-0.139912,-0.221763
0.257259,-0.030191,-0.296843,0.032236
0.478088,-0.030267,-0.085604,0.115602
0.073494,-0.038507,-0.522052,0.030523
0.055050,-0.038749,-0.510653,0.037273
0.236983,-0.072687,-0.221704,0.108068
0.157390,-0.034529,-0.238103,0.084044
-0.079941,-0.002115,-0.423679,0.048626
-0.170998,0.013059,-0.343149,0.043999
-0.233611,0.002682,-0.258526,0.032356
-0.136768,0.097494,0.102949,0.108052
-0.006946,0.058334,0.203512,0.175666
-0.245668,-0.003842,-0.282434,0.074833
-0.263515,-0.005015,-0.269634,0.081054
-0.194354,0.021014,0.071963,0.206013
-0.105345,-0.014437,0.143357,0.245563
-0.253872,-0.012168,-0.222996,0.031926
-0.253863,-0.011174,-0.203772,0.011699
-0.358898,-0.022515,-0.058971,-0.016694
-0.002515,-0.010695,0.507103,0.040114
0.088865,-0.009837,0.434240,0.028727
0.149391,-0.008290,0.041445,0.057356
-0.030819,-0.078830,-0.125289,-0.221115
0.423005,-0.013885,0.005897,0.090129
0.420729,0.006212,-0.005509,0.112716
0.330833,0.038938,-0.246370,0.307434
0.055596,-0.020634,-0.579229,0.087156
-0.011324,-0.020429,-0.536249,0.110892
-0.132557,-0.014889,-0.437470,0.127805
-0.221821,-0.015283,-0.320728,0.100721
-0.266911,-0.101272,-0.097711,0.076497
0.092884,-0.006124,0.400252,0.055462
0.188374,-0.003660,0.354385,0.002873
0.341662,-0.001296,0.150198,0.050092
0.162698,0.012714,0.275051,-0.429082
-0.121708,-0.107357,-0.115550,0.026173
-0.261580,-0.035406,-0.057752,0.091640
-0.099335,-0.041134,0.426566,0.173286
-0.121746,-0.007824,0.476162,0.152528
-0.464917,0.004993,-0.032715,0.080478
-0.470383,-0.008873,-0.047331,0.076007
-0.155639,-0.006489,0.493082,0.186696
-0.080953,-0.008543,0.493881,0.136731
-0.111599,-0.016250,0.210642,0.270152
-0.291324,-0.012591,-0.191996,0.038800
-0.266272,-0.010940,-0.189409,0.009510
-0.356546,-0.025438,-0.026376,-0.048458
0.007821,-0.008215,0.520565,0.017896
0.116724,-0.005122,0.412312,0.017407
0.228642,-0.142622,0.087013,0.010953
0.155571,-0.020446,0.366115,0.032858
0.322044,0.038118,-0.032806,0.105534
0.028213,-0.095597,-0.097169,0.180807
-0.016222,-0.108796,-0.108287,0.182125
-0.190089,-0.101988,-0.088379,0.154510
-0.060445,-0.004552,0.438931,0.151138
-0.101650,0.007928,0.502318,0.112276
-0.459034,-0.010917,-0.059127,0.072788
-0.456311,-0.013070,-0.059097,0.071762
-0.184704,0.008527,0.472703,0.147989
-0.145023,0.001111,0.516604,0.083723
-0.378165,-0.020535,-0.013810,-0.044516
-0.349043,-0.018267,-0.025516,-0.064236
-0.002467,-0.007802,0.531600,-0.006472
0.080799,-0.009542,0.453317,0.017031
-0.086367,-0.068389,-0.126023,-0.072506
0.167025,0.062438,0.127946,0.182849
-0.278394,0.157460,-0.055861,-0.028231
-0.139314,0.185948,-0.121293,-0.041996
-0.091461,0.175793,-0.120662,-0.088639
-0.093615,0.131376,-0.127302,-0.120244
-0.205175,0.053287,-0.053240,-0.089292
-0.251218,0.033355,0.241169,-0.171174
-0.134032,0.013545,0.529506,-0.105183
-0.347516,-0.020537,0.195805,-0.195591
-0.376753,-0.017467,0.032980,-0.095676
-0.316684,-0.052461,0.208875,-0.145512
-0.006433,-0.003750,0.565214,-0.017510
0.113309,-0.012989,0.423704,0.018014
-0.062659,-0.060069,-0.108798,-0.061321
-0.048586,-0.081592,-0.109757,-0.215625
-0.162388,-0.163429,0.052678,0.073277
-0.178471,-0.124586,0.083793,0.108801
0.029164,-0.067385,0.016927,0.142594
0.245966,0.011207,0.016042,0.143136
0.384339,0.068938,-0.080661,0.153018
0.107870,0.010405,-0.498219,0.123324
0.089447,-0.020934,-0.597448,0.071831
0.103370,-0.032020,-0.575847,0.047387
0.017011,-0.027803,-0.487556,0.041237
-0.060849,-0.056669,-0.351846,0.014194
0.283556,-0.009377,0.208879,0.059604
0.319701,-0.005018,0.187145,0.040726
0.094728,0.004459,-0.234709,-0.085338
-0.022889,-0.026310,-0.338391,-0.069500
0.333960,-0.005675,0.230768,-0.017173
0.354375,-0.008824,0.218619,-0.021924
0.335957,0.002332,0.150405,0.052097
0.161821,0.011046,0.276691,-0.427818
-0.114987,-0.113181,-0.109528,0.009209
-0.253460,-0.045527,-0.052700,0.076271
-0.115970,-0.055133,0.400496,0.180685
-0.127476,-0.011295,0.460764,0.165046
-0.467402,0.004607,-0.055996,0.080476
-0.468353,-0.004046,-0.058037,0.077689
-0.165403,-0.004527,0.478722,0.193102
-0.094809,-0.007328,0.495166,0.147481
-0.156308,-0.007726,0.176785,0.274673
-0.319385,-0.013443,-0.209192,0.084910
-0.299539,-0.010572,-0.202897,0.055897
-0.387814,-0.026729,-0.040513,-0.002005
-0.017500,-0.005518,0.532545,0.007849
0.085353,-0.005416,0.474392,-0.012880
-0.183010,-0.045802,-0.162688,-0.064523
0.144941,0.074527,0.132786,0.187517
-0.274767,0.182825,-0.058570,0.004271
-0.129713,0.224172,-0.137855,-0.016124
-0.012177,0.281544,-0.104192,-0.038961
0.102432,0.224515,-0.208808,-0.161980
0.120645,0.246175,-0.088951,-0.159615
0.042629,0.188156,-0.025661,-0.162116
-0.062589,0.050475,-0.069254,-0.174521
-0.219743,-0.035910,-0.041698,-0.123421
-0.091599,0.032468,0.440935,-0.148021
-0.119351,0.031657,0.476775,-0.088692
-0.373823,-0.009577,-0.023560,-0.050042
-0.388940,-0.009699,-0.036347,-0.022084
-0.231420,0.005691,0.410417,-0.001686
-0.106463,-0.006539,0.531457,0.065666
-0.355246,-0.059783,-0.002346,0.003380
-0.323797,-0.078337,-0.019706,0.015349
0.043278,-0.006939,0.462001,0.043631
0.150959,-0.002988,0.384887,0.008650
0.310457,0.007278,0.143594,0.073626
0.136983,0.018073,0.281321,-0.423629
0.007736,-0.052884,-0.134515,0.096715
-0.286541,-0.014242,-0.070857,0.129014
-0.092074,-0.015692,0.444210,0.178634
-0.123586,-0.000755,0.487808,0.150638
-0.473904,-0.011922,-0.035814,0.069514
-0.447228,-0.006951,-0.040727,0.038125
-0.199368,-0.010383,0.453861,0.050906
-0.092784,-0.006634,0.525549,0.031511
-0.325676,-0.008303,-0.005423,-0.082212
-0.325855,-0.013721,-0.142100,0.024571
-0.124880,0.007621,0.141822,0.224358
0.005492,-0.021142,0.255560,0.280948
-0.267321,-0.015498,-0.249776,0.075484
-0.267933,-0.010682,-0.206071,0.027576
-0.308000,-0.054175,-0.017433,-0.066664
0.062236,-0.005757,0.465863,0.019605
0.155206,-0.003293,0.377176,0.012026
0.329533,-0.011869,0.220152,0.004692
0.330197,0.003007,0.149329,0.057393
-0.264566,0.067291,-0.428616,0.177763
0.148114,0.000974,-0.369297,-0.095316
0.327991,0.001332,-0.239267,-0.176343
0.328349,0.069429,-0.299287,-0.191511
0.305669,0.116984,-0.330780,-0.172425
0.162039,0.027762,-0.433396,-0.197143
0.165123,0.000283,-0.299952,-0.268023
0.439618,0.003431,0.187014,-0.089820
0.445491,-0.003039,0.181035,-0.082138
0.226439,-0.062960,-0.236804,-0.234802
0.074603,-0.057349,-0.367556,-0.106725
0.373865,-0.012069,0.160570,0.020109
0.349934,-0.012268,0.148936,0.055998
0.358944,-0.010802,-0.086590,0.271164
-0.028290,-0.020465,-0.473428,0.065072
-0.117322,-0.019071,-0.359114,0.038397
-0.222967,-0.004504,-0.218290,-0.011349
-0.266077,-0.024834,-0.040474,-0.125268
0.121892,-0.006680,0.469280,-0.045574
0.197225,-0.002103,0.382249,-0.037227
0.373169,-0.005268,0.222040,-0.048187
0.328391,-0.000422,0.146137,0.063191
0.288382,0.083280,0.001935,0.168109
0.142962,0.363953,-0.014678,-0.054479
0.127599,0.324163,-0.005621,-0.119038
0.077617,0.238627,-0.013288,-0.166761
-0.015986,0.112980,-0.047687,-0.182374
-0.194192,0.008787,-0.028795,-0.106740
-0.084062,0.028369,0.495274,-0.027024
-0.140017,0.001834,0.520512,-0.028982
-0.394494,-0.010108,-0.016226,-0.035872
-0.392096,-0.010243,-0.019062,-0.035615
-0.201873,-0.009884,0.467780,-0.022862
-0.071580,0.004146,0.556635,0.003900
-0.306669,-0.040223,0.010159,-0.114723
-0.262658,-0.047660,0.004354,-0.132623
0.091951,-0.005727,0.460878,-0.005630
0.182965,-0.002576,0.372227,-0.012335
0.363345,-0.011187,0.210114,-0.019936
0.358844,-0.003891,0.150631,0.035854
-0.006909,-0.088842,-0.139465,-0.221297
0.210773,-0.059469,-0.344340,-0.046799
0.474476,-0.042982,-0.088092,0.114260
0.055090,-0.044251,-0.526379,0.061539
0.016997,-0.031861,-0.532900,0.090739
0.319810,-0.018195,-0.116539,0.340887
0.252485,-0.025822,-0.137129,0.353845
-0.117759,-0.008145,-0.443175,0.111968
-0.190567,-0.008118,-0.371250,0.112824
-0.266732,-0.013582,-0.268231,0.091434
-0.371764,-0.045643,-0.081851,0.043677
0.018236,-0.011157,0.473036,0.056672
0.124505,-0.010151,0.430730,-0.003112
0.165157,-0.006618,0.052079,0.064974
-0.278980,0.061897,-0.417514,0.185583
0.247360,-0.119817,-0.070092,-0.078778
0.341411,-0.022316,0.079175,-0.116140
0.431822,-0.016643,-0.035714,-0.151291
0.194949,0.011616,-0.496065,-0.153801
0.171086,-0.013435,-0.519688,-0.094953
0.177201,-0.026381,-0.358617,-0.245546
0.466400,-0.002341,0.133981,-0.057298
0.444902,-0.007273,0.127806,-0.023313
0.120665,-0.060614,-0.406106,-0.109703
0.034012,-0.050536,-0.435596,-0.004987
0.364902,-0.013330,0.134271,0.056629
0.354758,-0.012060,0.133083,0.066868
-0.013567,-0.054362,-0.434114,0.045335
-0.053987,-0.016453,-0.407748,0.021077
0.276233,0.013832,0.127736,0.093496
0.110569,0.015528,0.290666,-0.415870
-0.193981,-0.069882,-0.149798,0.020506
-0.313776,-0.017490,-0.094933,0.076547
-0.162208,-0.006200,0.367567,0.219461
-0.166180,0.028098,0.417345,0.207518
-0.465739,0.000776,-0.080841,0.091577
-0.452252,-0.004613,-0.090143,0.090210
-0.215842,-0.006429,0.409861,0.262503
-0.152200,-0.008826,0.446868,0.248711
-0.414583,-0.050801,-0.077654,0.089331
-0.389341,-0.024635,-0.087868,0.044744
-0.018824,-0.012735,0.472009,0.078824
0.084910,-0.007304,0.466243,-0.003733
0.313590,0.004112,0.142978,0.073087
0.138213,0.018278,0.280419,-0.424323
-0.000284,-0.053471,-0.135739,0.106876
-0.287428,-0.013494,-0.072103,0.131687
-0.093493,-0.018442,0.447530,0.163642
-0.122568,0.000635,0.490091,0.139559
-0.476557,-0.012638,-0.036265,0.081020
-0.473685,-0.017505,-0.045707,0.081572
-0.154629,-0.004117,0.500115,0.187367
-0.099109,-0.010678,0.507394,0.142205
-0.337330,-0.069101,-0.002917,0.019216
-0.322472,-0.013963,-0.119827,-0.000849
-0.317252,-0.042885,-0.030427,-0.061515
0.057158,-0.007437,0.465928,0.026008
0.150456,-0.004378,0.376580,0.018917
0.351314,-0.000690,0.151270,0.039640
-0.031143,-0.083583,-0.122319,-0.218977
0.426247,-0.040259,0.024688,0.057383
0.423430,-0.008786,0.013591,0.092621
0.346011,0.048911,-0.220364,0.232319
0.060756,-0.012968,-0.570604,0.065705
0.004981,-0.013707,-0.534016,0.085635
-0.113699,-0.002917,-0.437664,0.097168
-0.185580,-0.012179,-0.352038,0.092687
0.066825,-0.016251,0.176333,0.300797
0.128579,-0.018510,0.214827,0.211913
-0.180241,-0.014774,-0.284866,0.022771
-0.204716,-0.010804,-0.235035,-0.006555
-0.281701,-0.041572,-0.065944,-0.064018
0.104386,-0.012702,0.427818,0.022551
0.174117,-0.007681,0.359341,0.015971
0.052232,-0.041785,-0.029938,0.000843
-0.281484,0.061154,-0.413794,0.185079
0.218982,-0.135955,-0.088757,-0.042243
0.306055,-0.036634,0.064220,-0.086401
0.398601,-0.036364,-0.062689,-0.138683
0.192879,0.034207,-0.501956,-0.137173
0.166929,-0.006464,-0.529795,-0.087206
0.164702,0.000661,-0.374201,-0.235827
0.473155,0.017488,0.142736,-0.097849
0.466524,0.000760,0.154906,-0.081980
0.108859,-0.051203,-0.381490,-0.133120
0.022302,-0.042117,-0.413215,-0.024080
0.366684,-0.013122,0.157471,0.031218
0.369088,-0.012796,0.153482,0.032684
0.300682,0.003914,0.135927,0.082514
-0.291575,0.058321,-0.402111,0.186690
0.160336,-0.132258,-0.018093,-0.017968
0.165610,-0.085215,0.089746,-0.070164
0.295267,-0.061835,0.016401,-0.083915
0.200947,0.018466,-0.381315,-0.122560
0.189435,0.050096,-0.531131,-0.086979
0.166632,0.027612,-0.520472,-0.114568
0.338135,0.180019,-0.163981,-0.113593
0.125726,0.033979,-0.317125,-0.205943
0.007021,-0.003450,-0.368693,-0.091967
0.376586,0.019683,0.203362,-0.059897
0.390040,0.003670,0.209261,-0.062220
0.363896,-0.004499,0.150072,0.032077
-0.005835,-0.086764,-0.141692,-0.222259
0.194036,-0.043575,-0.367239,0.011874
0.453723,-0.019124,-0.116703,0.172872
0.036211,-0.031805,-0.538532,0.077765
0.014003,-0.026583,-0.533452,0.088934
0.210180,-0.040643,-0.229544,0.282167
0.042925,-0.073033,-0.325159,0.186174
-0.102731,-0.051440,-0.402640,0.099785
0.239180,-0.017476,0.199558,0.121343
0.339402,0.000102,0.150517,0.050777
0.252744,0.079458,0.041656,0.167785
0.179749,0.316211,-0.118558,-0.087383
0.118170,0.310707,-0.004938,-0.124875
0.068198,0.229787,-0.015796,-0.151070
-0.027535,0.101884,-0.051791,-0.174226
-0.210044,-0.018364,-0.036547,-0.130536
-0.084267,0.046213,0.459845,-0.120943
-0.139732,0.020312,0.492170,-0.064844
-0.393526,-0.012291,-0.016024,-0.035088
-0.387313,-0.010009,-0.031596,-0.028157
-0.220155,0.000626,0.430759,-0.012320
-0.094685,-0.006095,0.536912,0.065962
-0.344264,-0.069755,-0.004076,-0.008228
-0.315451,-0.055345,-0.029353,-0.046927
0.075659,-0.005695,0.475105,-0.004076
0.168812,-0.002421,0.383897,-0.009376
0.371315,-0.004298,0.148358,0.026232
0.139179,0.015951,0.282925,-0.422508
0.003837,-0.071053,-0.133425,0.047620
-0.267277,-0.029820,-0.060983,0.102925
-0.097032,-0.035046,0.429032,0.175872
-0.121051,-0.004793,0.479328,0.152765
-0.468226,0.000396,-0.033774,0.083568
-0.472631,-0.012245,-0.046791,0.079746
-0.157269,-0.008062,0.493855,0.191682
-0.097636,-0.010575,0.512957,0.129898
-0.334831,-0.033079,-0.004688,-0.027331
-0.310514,-0.014601,-0.117995,-0.014001
-0.301935,-0.028629,-0.022381,-0.087096
0.061173,-0.009618,0.473937,0.015875
0.155341,-0.005988,0.379026,0.012463
0.316261,-0.011865,0.225543,0.012418
0.228652,-0.142619,0.087017,0.010953
0.158472,-0.023960,0.377012,0.021324
0.330773,0.044218,-0.000547,0.014194
0.023790,-0.155777,-0.102787,-0.010781
-0.120241,-0.109505,-0.044184,-0.013140
-0.192064,-0.254954,0.264401,-0.022418
-0.080008,-0.128764,0.490768,0.020158
-0.169892,-0.118176,0.414808,0.020969
-0.388287,-0.006280,-0.011238,0.017539
-0.388117,-0.000890,-0.133645,0.077918
-0.329814,0.131334,0.053683,0.222716
-0.318652,0.121370,0.084368,0.234047
-0.355516,-0.006359,-0.205870,0.110666
-0.344458,-0.012092,-0.204497,0.103990
-0.475290,-0.039291,-0.040979,0.101176
-0.143879,-0.009228,0.496425,0.194571
-0.062654,-0.007778,0.503745,0.108437
-0.166797,-0.074414,0.111083,0.091256
-0.294014,-0.014473,-0.130426,-0.018198
-0.238797,-0.039117,-0.014000,-0.154272
0.137905,-0.005298,0.444476,-0.035632
0.208515,-0.001499,0.367831,-0.035127
0.383367,-0.009530,0.211009,-0.042725
0.082918,-0.056923,-0.307037,-0.175292
0.016705,-0.037926,-0.342064,-0.093824
0.340166,-0.011927,0.212873,0.001187
0.333947,-0.012459,0.177676,0.043464
-0.118124,-0.067601,-0.145397,-0.081040
-0.281464,0.061431,-0.416050,0.187314
0.037922,-0.054042,0.100189,-0.111777
-0.079045,-0.011268,0.073833,-0.195152
-0.041953,-0.001320,0.077997,-0.218761
0.062726,0.011492,0.071343,-0.200854
0.305302,0.048814,0.049762,-0.143895
0.236987,0.008920,-0.235635,-0.224644
0.149451,-0.003844,-0.448424,-0.123624
0.146467,-0.011726,-0.522220,-0.063428
0.125032,-0.029014,-0.525390,-0.025814
0.520599,-0.004244,-0.000575,0.020415
0.513045,-0.004602,0.005827,0.022205
0.086846,-0.028378,-0.515343,-0.000235
0.006815,-0.013919,-0.455335,0.005329
-0.077884,-0.027232,-0.355525,0.003530
0.294303,0.003000,0.132003,0.086207
0.158126,0.050936,0.142533,0.188215
-0.110908,0.193662,-0.151250,-0.034575
0.059713,0.172807,-0.251714,-0.152383
0.094594,0.190553,-0.143296,-0.178692
0.009088,0.145413,-0.037861,-0.170247
-0.193048,0.002692,-0.028081,-0.140075
-0.082956,0.052698,0.462143,-0.120264
-0.140234,0.020127,0.490635,-0.067917
-0.390436,-0.012056,-0.015976,-0.038453
-0.394153,-0.012557,-0.014125,-0.036198
-0.169595,0.000961,0.497954,0.027993
-0.077275,-0.003715,0.552374,0.059587
-0.291854,-0.080877,0.044625,-0.024919
-0.303893,-0.018187,-0.099989,-0.035042
-0.242338,-0.042011,0.018808,-0.177640
0.106243,-0.005162,0.465030,-0.025213
0.184051,-0.002453,0.360213,-0.003503
0.350879,-0.011548,0.195376,0.007660
0.426064,0.004313,0.039512,0.064166
-0.007076,-0.011792,-0.440743,0.002500
-0.105154,-0.014626,-0.341265,0.003934
-0.204848,-0.013994,-0.229939,-0.008330
-0.173942,-0.049547,-0.163088,-0.068478
-0.075520,-0.090408,-0.087801,-0.200506
-0.109606,-0.185336,0.041704,0.074227
-0.016525,-0.132747,0.007059,0.120449
0.024246,-0.082797,0.014908,0.122724
0.243023,0.002143,0.022479,0.127157
0.375355,0.079036,-0.084641,0.143006
0.086256,0.016488,-0.519307,0.065704
0.098792,-0.014005,-0.569427,0.027532
0.095744,-0.022333,-0.557193,0.026672
-0.007840,-0.014958,-0.462065,0.027752
-0.079753,-0.050268,-0.369841,0.042767
0.326303,0.000939,0.146391,0.063642
-0.316135,0.055666,-0.376599,0.188817
-0.153525,-0.092529,0.090392,0.018297
-0.212866,-0.081026,0.114967,-0.036004
-0.036825,-0.062831,0.056267,-0.088722
0.018845,-0.028146,0.065943,-0.138455
0.067978,-0.006086,0.068808,-0.149134
0.123549,0.013611,0.070150,-0.152571
0.271118,0.029789,0.052756,-0.130841
0.232361,-0.032677,-0.215924,-0.195053
0.144892,-0.013486,-0.446619,-0.116698
0.153122,-0.015077,-0.520194,-0.066682
0.150262,-0.023504,-0.530262,-0.052578
0.532756,0.003058,0.001396,-0.017495
0.525802,0.005826,0.007333,-0.018326
0.096142,-0.024544,-0.503948,-0.024761
0.004733,-0.015308,-0.458219,0.011683
0.228702,-0.142605,0.087035,0.010956
0.217329,0.076870,0.075887,0.171326
0.340601,0.246455,-0.215454,-0.023226
0.235681,0.336816,-0.026197,-0.071011
0.216715,0.320557,-0.004383,-0.114601
0.198797,0.275822,-0.001349,-0.129564
0.143933,0.189322,-0.016013,-0.162562
0.053881,0.071392,-0.055114,-0.182720
-0.143206,-0.021552,-0.037395,-0.157509
-0.044941,0.029380,0.510233,-0.077189
-0.104813,0.019732,0.522451,-0.024121
-0.397051,-0.012369,-0.026730,-0.020419
-0.393278,-0.010728,-0.033298,-0.019670
-0.225142,0.001405,0.429681,0.002411
-0.150749,-0.006279,0.502051,0.026476
-0.367329,-0.023778,-0.023776,-0.042169
-0.346482,-0.024379,-0.034310,-0.051836
0.014937,-0.007779,0.518588,0.010820
0.119224,-0.005198,0.417860,0.009564
0.291967,0.007826,0.133620,0.087161
0.238507,0.076581,0.057968,0.168556
0.187616,0.294836,-0.159074,-0.092867
0.114381,0.304113,-0.005576,-0.138608
0.041162,0.190982,-0.024987,-0.193034
-0.071531,0.042579,-0.070064,-0.200706
-0.227542,-0.037244,-0.042444,-0.116571
-0.067850,0.032556,0.511882,-0.049592
-0.144535,0.016996,0.492374,-0.056668
-0.372462,-0.010824,-0.013540,-0.060163
-0.373029,-0.009695,-0.021868,-0.052489
-0.206001,0.006659,0.444098,0.002250
-0.084984,-0.006246,0.545418,0.035017
-0.320907,-0.038300,0.004775,-0.088778
-0.268057,-0.054286,0.011881,-0.095402
0.119055,-0.014390,0.419641,0.013148
-0.065581,-0.068227,-0.112409,-0.063904
0.100675,0.018524,0.284690,-0.420756
-0.363255,0.003225,0.086597,0.056342
-0.286047,0.126769,0.205613,0.186760
-0.443655,0.033841,-0.026808,0.114458
-0.467311,0.002190,-0.060779,0.085161
-0.155202,0.002051,0.476128,0.192709
-0.097921,-0.004127,0.480120,0.162326
-0.129725,0.011266,0.198392,0.301946
-0.310324,-0.013413,-0.215302,0.081929
-0.292201,-0.011925,-0.196533,0.043548
-0.394745,-0.030752,-0.041251,0.009933
-0.029473,-0.008346,0.517921,0.060369
0.070268,-0.006108,0.439849,0.038054
-0.164273,-0.052229,-0.162364,-0.073531
-0.314497,0.062058,-0.387634,0.189512
-0.061218,-0.025783,0.085181,-0.132723
0.091314,0.002069,0.069575,-0.171765
0.150292,0.019023,0.069493,-0.187848
0.288741,0.039619,0.055144,-0.156222
0.244082,-0.005307,-0.209624,-0.229877
0.141097,-0.006514,-0.455101,-0.120707
0.151486,-0.012732,-0.519859,-0.070352
0.146521,-0.024162,-0.513399,-0.065104
0.532819,-0.001037,0.008963,-0.009205
0.511851,-0.005441,0.012972,0.019260
0.082429,-0.031037,-0.512303,0.003800
0.008446,-0.014295,-0.457387,0.006126
-0.060530,-0.035579,-0.361437,0.000436
0.298138,-0.011494,0.230982,0.024562
0.313986,-0.012471,0.229626,0.011262
0.361875,-0.004578,0.149780,0.034343
0.123254,0.019227,0.280215,-0.424333
0.049179,-0.012317,-0.127232,0.144577
-0.141768,-0.071689,-0.145592,0.156074
-0.302049,-0.026292,-0.082949,0.122002
-0.091742,0.004672,0.461703,0.139581
-0.124514,0.009227,0.499785,0.120645
-0.455724,-0.005953,-0.047025,0.052023
-0.422972,-0.005405,-0.045013,0.016405
-0.237507,-0.014877,0.406859,0.017285
-0.108432,-0.008969,0.521714,0.047182
-0.340764,-0.012073,0.004931,-0.055101
-0.343880,-0.016178,-0.134724,0.037679
-0.215911,-0.017121,0.081720,0.110156
0.057474,-0.017095,0.390538,0.108369
0.123341,-0.015664,0.273556,0.109014
-0.191739,-0.014430,-0.251246,0.000304
-0.217085,-0.012426,-0.222953,-0.004646
-0.175772,-0.064133,0.038637,-0.034289
0.259325,0.014086,0.117455,0.096241
-0.277544,0.062412,-0.421075,0.187437
0.276921,-0.079422,0.014275,-0.151844
0.383223,-0.021696,0.050849,-0.161189
0.226688,-0.003837,-0.376090,-0.239785
0.180058,-0.011999,-0.524041,-0.100887
0.155260,-0.017890,-0.510267,-0.084207
0.267592,-0.032850,-0.240024,-0.190626
0.416484,-0.008537,0.148212,-0.013943
0.407378,-0.008031,0.150391,-0.007861
0.495717,0.008663,-0.011573,0.024913
0.045958,-0.019578,-0.470081,-0.013409
-0.053199,-0.017146,-0.422346,0.035581
-0.158379,-0.018375,-0.316137,0.035781
-0.135729,-0.057491,-0.152319,-0.081830
0.123687,0.043765,0.154063,0.213118
-0.217124,0.057974,0.439518,-0.020724
-0.445891,0.058054,-0.017721,-0.049376
-0.433791,0.056873,-0.032742,-0.047045
-0.217534,0.097855,0.409862,-0.079103
-0.058930,0.070499,0.517216,-0.030894
-0.304750,0.057897,0.000770,-0.151468
-0.306286,0.039256,-0.129512,-0.060561
-0.282582,0.032872,-0.024520,-0.152372
0.115419,0.046188,0.390926,-0.030238
0.157741,0.064053,0.253520,-0.033500
-0.172110,0.013952,-0.247941,-0.051012
-0.196816,0.007714,-0.217470,-0.050538
-0.177011,-0.038102,0.007597,-0.191734
0.203135,-0.003487,0.373311,-0.034213
0.290568,0.005000,0.266236,-0.026280
-0.105176,-0.012696,-0.294310,-0.044929
-0.147368,-0.009000,-0.250739,-0.050004
0.042797,-0.044278,-0.036647,-0.004652
0.135573,0.013385,0.286223,-0.419871
0.018900,-0.076694,-0.123625,-0.007961
-0.232070,-0.081718,-0.046627,0.020771
-0.185139,-0.189520,0.331208,0.034613
-0.076620,-0.092536,0.512800,0.052728
-0.148883,-0.084428,0.445761,0.063050
-0.331162,0.073633,0.067600,0.067442
-0.405810,0.010745,-0.144074,0.089001
-0.281601,0.139066,0.097675,0.202554
-0.217140,0.120152,0.153917,0.239415
-0.331812,-0.005365,-0.216032,0.096099
-0.328133,-0.011859,-0.204518,0.087402
-0.449137,-0.038458,-0.041906,0.084341
-0.082273,-0.011754,0.492883,0.139672
0.019695,-0.008992,0.478008,0.053093
-0.171343,-0.051190,-0.163066,-0.069222
-0.053243,-0.087666,-0.103251,-0.211214
-0.203840,-0.179240,0.112478,0.047378
-0.106580,-0.166128,0.032148,0.099494
0.000158,-0.111668,0.011050,0.120653
0.225523,-0.013832,0.026327,0.128696
0.374328,0.068473,-0.066623,0.126970
0.092505,0.024251,-0.499729,0.088800
0.075859,-0.014536,-0.585149,0.066718
0.078163,-0.027742,-0.574288,0.066756
-0.004460,-0.027396,-0.492002,0.066748
-0.092914,-0.052337,-0.125994,-0.072310
0.104007,0.017904,0.286102,-0.419688
-0.382824,-0.022564,0.038061,0.020636
-0.343889,0.082289,0.121336,0.129522
-0.286264,0.163630,0.208755,0.194736
-0.460475,0.007700,-0.062930,0.081661
-0.461036,-0.001017,-0.068057,0.077766
-0.160934,0.003235,0.462985,0.210226
-0.088972,-0.005278,0.468126,0.166178
-0.139628,0.006663,0.154466,0.270821
-0.301106,-0.013531,-0.228469,0.085995
-0.300207,-0.011793,-0.213059,0.067948
-0.394414,-0.026296,-0.056571,0.020202
-0.023540,-0.006316,0.530554,0.026684
0.083118,-0.005818,0.473964,-0.010133
