0.028437,-0.079375,0.024679,0.022597
-0.063896,0.092427,-0.065431,-0.107498
-0.058316,0.134588,0.032668,0.036922
-0.058096,0.099887,-0.044544,0.046139
-0.021516,0.083606,-0.036554,0.052178
-0.013005,0.042349,-0.039780,0.040205
-0.065635,-0.008780,-0.014411,0.021199
-0.021392,-0.070730,0.018981,0.068853
0.023428,-0.075563,0.057609,0.067149
-0.060556,-0.070859,-0.014373,0.007217
-0.054949,-0.066315,-0.020574,0.002492
0.136052,-0.037297,0.141266,0.065058
0.028568,-0.014694,0.002763,-0.006865
0.180681,-0.044328,0.197205,0.096373
0.009589,-0.087716,-0.064960,-0.001945
0.168074,-0.014635,0.166557,0.073439
-0.058308,-0.035426,-0.002426,-0.047891
-0.000092,-0.108362,-0.027585,0.001242
-0.004749,0.058090,-0.185471,0.085007
0.071972,-0.007006,-0.042969,-0.042973
0.050086,-0.013020,-0.037890,-0.045871
0.063611,-0.003682,-0.053957,-0.046753
0.085740,-0.030023,-0.069639,-0.046156
0.077928,-0.085283,-0.005848,-0.072856
0.222234,-0.045737,0.276257,0.005415
-0.087808,-0.049552,0.026487,-0.034805
-0.102771,-0.034487,0.021911,-0.030330
-0.064567,-0.046981,-0.006475,-0.027655
-0.059833,0.097210,-0.043185,-0.010684
-0.036443,0.088351,-0.059168,-0.019264
0.018880,0.012396,-0.001093,-0.033932
-0.113984,0.006495,-0.036929,0.002776
-0.136957,0.035116,-0.041652,-0.002045
-0.102177,0.054678,-0.092444,-0.003921
0.098419,0.289949,0.131500,0.064721
-0.064053,0.224292,0.035767,-0.023669
0.111414,0.301532,0.138255,0.070182
-0.054893,0.072390,-0.136111,-0.002083
-0.011328,0.157837,-0.056885,0.005705
-0.046756,0.181384,0.004759,-0.041762
-0.125761,0.127787,-0.054728,-0.047760
0.096737,0.276538,0.099231,0.058438
-0.039108,0.053689,-0.122402,-0.019169
-0.000792,0.060380,-0.023815,-0.023912
-0.023061,0.012676,0.023442,-0.155677
-0.051104,-0.005749,0.006472,-0.094631
-0.016821,-0.026680,-0.027397,-0.049349
-0.027114,-0.033087,-0.036910,-0.048568
-0.024519,-0.034658,-0.048995,-0.037503
-0.004511,-0.046686,-0.071532,-0.022936
0.157123,0.026516,0.156049,0.039017
-0.029545,-0.021188,-0.024146,-0.064951
-0.020697,-0.028574,0.024460,-0.069069
-0.002438,-0.061268,-0.096628,0.014678
-0.020408,-0.055583,-0.078350,0.008689
0.181171,-0.032154,0.200501,0.168709
-0.109456,-0.039893,-0.015661,0.021591
-0.115486,-0.035403,-0.001223,0.008256
-0.029192,-0.082461,-0.024034,-0.000298
-0.027415,-0.076227,-0.027866,-0.012971
-0.005333,-0.067422,0.002726,-0.007856
0.007646,-0.009477,0.142158,0.255056
0.024533,0.001470,-0.022247,-0.056149
-0.000294,-0.010934,-0.013807,-0.050877
-0.008645,-0.035808,0.004003,-0.047032
0.001967,-0.037036,-0.025451,-0.072443
0.003391,-0.040719,-0.020632,-0.073877
-0.027100,-0.081629,0.014632,-0.023459
-0.042712,-0.074492,0.002799,-0.015442
0.041106,-0.032668,0.020977,-0.032299
-0.000620,-0.038219,-0.019677,-0.003254
0.044761,-0.130715,0.084341,-0.020485
0.096991,-0.110610,0.118361,0.021096
-0.060720,-0.035859,-0.056721,0.010163
-0.074159,-0.030775,-0.032040,-0.005749
-0.107104,-0.029414,0.010089,-0.018832
-0.050191,-0.041781,-0.022846,-0.029468
-0.052306,-0.046298,-0.011518,-0.035556
-0.042047,-0.030129,-0.031340,-0.042162
-0.008700,-0.038935,-0.081079,-0.016961
0.033410,-0.008192,0.068339,-0.120119
-0.039097,-0.001798,0.008731,-0.106016
-0.025277,-0.029301,-0.077557,-0.013230
-0.025133,-0.009782,-0.118965,0.008245
0.251662,0.071513,0.250919,0.150498
-0.102280,-0.017156,-0.031505,0.009508
-0.096186,-0.031708,-0.014621,0.004142
-0.028970,-0.064904,-0.061254,0.009471
-0.015166,-0.053300,-0.096641,0.019431
0.004632,-0.105056,-0.007508,0.005807
0.091031,0.087670,-0.087206,0.040503
0.004925,0.033356,-0.043458,-0.003805
-0.028253,0.085839,-0.066257,0.013375
-0.031266,0.088577,-0.064263,0.000852
-0.001133,0.066969,-0.058125,-0.035316
0.043698,0.031041,-0.053250,-0.065767
0.066117,0.002554,-0.052861,-0.067246
0.087416,-0.028430,-0.065485,-0.063075
0.070747,-0.078391,-0.017238,-0.073938
0.230154,-0.017706,0.282994,0.020382
-0.105660,-0.049877,0.015481,-0.005612
-0.116877,-0.032229,0.010968,-0.007538
-0.064492,-0.041608,-0.014438,-0.025140
-0.033357,-0.044198,-0.028347,-0.038261
-0.068546,-0.027038,0.002436,-0.052439
-0.078655,-0.027977,0.004778,-0.043731
-0.040872,-0.034267,-0.024617,-0.045003
-0.052500,-0.022334,-0.021036,-0.049808
-0.054543,0.006649,-0.050328,-0.047455
-0.032294,0.016456,-0.105964,-0.023662
0.235241,0.127697,0.229149,0.070762
-0.072863,0.018049,-0.053133,-0.027541
0.014882,-0.043844,0.053865,0.044667
-0.041650,-0.002252,-0.121672,0.021039
-0.037559,-0.002558,-0.120342,0.014893
0.249181,0.059123,0.254349,0.173807
-0.109551,-0.015973,-0.030872,0.013025
-0.109092,-0.029726,-0.012161,0.007987
-0.030477,-0.072890,-0.051550,0.009441
-0.023227,-0.069288,-0.067083,0.013929
-0.059802,0.097195,-0.043186,-0.010681
-0.067797,0.066398,-0.120961,-0.013372
-0.002829,0.029282,-0.068634,-0.006288
-0.056409,0.123251,-0.024037,-0.014795
-0.013933,0.074242,0.013319,-0.036869
0.028270,0.032099,-0.008646,-0.107030
0.013939,-0.004976,-0.019338,-0.098938
-0.023140,-0.059886,0.009074,-0.034282
-0.032723,-0.058764,-0.002199,-0.031625
0.085639,-0.024619,0.071288,-0.074564
0.059591,-0.015235,0.028486,-0.058572
0.039335,-0.049042,0.066228,0.001367
0.018159,-0.066405,0.034867,-0.006483
-0.011969,-0.026761,-0.063599,-0.037612
-0.047023,-0.028487,-0.046973,-0.021604
-0.073768,-0.029071,0.004392,-0.046105
-0.025130,-0.064320,-0.046772,-0.009453
-0.017787,-0.058473,-0.061068,-0.008348
-0.032806,-0.037298,0.023004,-0.092017
0.031970,-0.084873,0.024866,0.026397
0.001528,0.053462,-0.184601,0.083463
0.083965,-0.023745,-0.032768,-0.073753
0.066711,-0.037514,-0.025546,-0.083408
0.076659,-0.047337,-0.061589,-0.074981
0.068899,-0.076157,-0.006573,-0.114956
0.095592,-0.096018,0.152482,0.005211
-0.090140,-0.059387,0.022194,-0.018235
-0.078281,-0.041123,-0.000284,-0.024693
-0.056217,-0.018755,-0.022830,-0.043109
-0.063128,-0.012403,-0.027221,-0.036310
-0.096630,-0.023060,-0.019522,-0.006453
-0.077750,-0.019486,-0.056561,0.008122
-0.017773,-0.045241,-0.110439,0.027785
0.102707,-0.040783,0.129457,0.132894
-0.039783,-0.056659,-0.017425,-0.025521
0.103539,0.072712,-0.045983,-0.072808
0.080899,0.306697,-0.004662,0.021588
0.001355,0.186859,-0.106150,0.041160
0.016709,0.130288,-0.046975,0.080910
0.036841,0.116489,0.094653,0.000859
-0.118978,-0.037497,-0.018710,0.035400
-0.068245,-0.059845,-0.025717,0.027679
-0.080964,-0.061123,-0.035635,0.039685
-0.092262,-0.042101,-0.034892,0.026788
-0.067239,-0.062255,-0.028348,0.012267
-0.066402,-0.052282,-0.027864,0.000870
-0.060780,-0.030218,-0.024148,-0.029539
-0.069287,-0.028152,-0.020541,-0.027350
0.001608,-0.074651,0.007566,-0.000634
0.070351,0.075168,-0.113635,0.047965
0.030187,0.016844,-0.046180,-0.004463
-0.018292,0.077038,-0.066824,0.018061
-0.032731,0.091364,-0.067631,0.021506
-0.018318,0.079580,-0.060672,-0.020761
0.021910,0.049059,-0.055221,-0.051119
0.062499,0.011224,-0.052068,-0.075273
0.076522,-0.014008,-0.051195,-0.073892
0.085941,-0.042093,-0.064294,-0.066840
0.071359,-0.086734,-0.008305,-0.099692
0.233537,-0.046125,0.288529,0.020284
-0.098833,-0.056070,0.022149,-0.012912
-0.114331,-0.039407,0.019700,-0.011640
-0.067505,-0.044386,-0.006001,-0.027785
-0.033156,-0.051746,-0.025871,-0.034165
-0.085206,-0.027125,0.004008,-0.037240
-0.106195,-0.021829,0.009812,-0.027165
-0.039198,-0.038753,-0.017673,-0.032516
-0.065572,-0.025391,-0.035661,-0.019053
-0.052403,-0.016713,-0.081550,0.005021
-0.034503,-0.031800,-0.080634,0.001286
0.047515,-0.106547,0.082930,-0.022724
-0.049814,-0.038580,-0.072371,0.017534
-0.081674,-0.036040,-0.031279,0.006462
-0.115066,-0.037866,0.003622,0.004514
-0.047051,-0.077586,-0.027751,0.007760
-0.039783,-0.066237,-0.053042,0.013392
-0.108363,-0.035001,-0.006009,0.006418
-0.118629,-0.024896,0.003934,-0.005170
-0.037167,-0.059104,-0.017754,-0.009544
-0.037439,-0.055224,-0.025335,-0.027281
-0.047496,-0.049249,-0.021287,-0.025443
-0.085247,0.081706,-0.227880,0.122812
-0.039537,0.085097,-0.059371,-0.016780
-0.074625,0.085376,-0.061395,-0.015228
0.129355,0.103103,0.172123,0.044835
-0.123964,0.011890,-0.014514,-0.018930
-0.083647,0.007427,-0.024658,-0.044746
-0.043722,-0.001823,-0.023939,-0.047307
-0.039934,-0.021550,-0.030184,-0.049120
-0.031225,-0.030452,-0.033885,-0.050108
-0.010208,-0.027955,0.004479,-0.111833
-0.034293,-0.032366,0.003196,-0.082085
-0.000306,-0.107047,-0.027104,0.001120
0.098219,0.086096,-0.067555,-0.086114
0.138136,0.325763,-0.060557,-0.014502
0.173597,0.284103,-0.029137,0.021036
0.168597,0.251172,-0.029557,0.053552
0.151442,0.188827,-0.028935,0.082722
0.150480,0.121939,-0.019522,0.106194
0.166313,0.053897,-0.021812,0.104960
0.184902,-0.015162,-0.068184,0.099043
0.150791,-0.073658,-0.088327,0.081199
0.209280,-0.076653,0.103392,0.148522
0.283894,-0.035682,0.296661,0.095844
-0.025264,-0.080489,0.040804,-0.004406
-0.059132,-0.077666,0.009540,-0.005514
-0.061924,-0.029386,-0.034700,-0.018363
-0.058533,-0.028691,-0.030811,-0.027207
-0.068273,-0.038542,-0.005736,-0.033119
-0.069950,-0.036068,-0.006983,-0.032676
-0.038500,-0.056058,-0.024690,-0.023983
-0.101322,-0.020919,0.001786,-0.024980
-0.111141,-0.013293,0.007809,-0.028684
-0.038135,-0.026311,-0.013205,-0.044368
-0.072428,-0.021839,-0.050934,-0.000476
-0.059021,-0.023843,-0.075798,0.013083
-0.032693,-0.041621,-0.082081,0.010793
0.036235,-0.137658,0.066036,-0.027600
-0.069884,-0.040731,-0.053499,0.020739
-0.075603,-0.033618,-0.030126,-0.003482
-0.109949,-0.031329,0.009905,-0.013915
-0.045958,-0.060291,-0.018746,-0.009611
-0.062162,-0.052302,-0.020606,-0.010608
-0.038589,-0.043377,-0.058945,-0.004767
-0.003048,-0.056438,-0.088433,0.002248
0.042159,-0.039155,0.068660,-0.038427
0.000983,-0.107526,-0.015317,0.002770
0.362034,0.059692,0.122670,-0.011530
0.247490,0.324695,-0.036081,-0.036442
0.257866,0.374235,-0.046767,-0.037951
0.270473,0.388476,-0.038870,-0.018424
0.265401,0.388115,-0.037943,0.005040
0.247680,0.376080,-0.040803,0.030091
0.221915,0.343699,-0.047987,0.058964
0.197835,0.275706,-0.060008,0.087335
0.191484,0.187060,-0.070059,0.105218
0.190944,0.108394,-0.072665,0.099334
0.190788,0.035528,-0.070841,0.098429
0.165431,-0.041186,-0.088162,0.083769
0.221539,-0.055945,0.109105,0.140600
0.282856,-0.046122,0.294241,0.075460
-0.049598,-0.079318,0.020745,0.003484
-0.070140,-0.073356,0.007459,-0.003414
-0.060101,-0.035706,-0.031090,-0.011087
-0.062631,-0.034639,-0.033033,-0.009941
-0.084693,-0.048899,-0.008751,-0.003334
-0.077325,-0.052741,-0.011701,-0.003910
-0.035048,-0.070336,-0.034218,-0.006061
-0.100870,-0.033426,0.000649,-0.011256
-0.110422,-0.031077,0.005539,-0.009200
-0.040640,-0.072956,-0.024213,-0.005280
-0.036559,-0.069995,-0.032651,-0.006444
-0.098327,-0.031851,0.000360,-0.015316
-0.098708,-0.030017,0.007405,-0.024151
-0.046356,-0.051420,-0.020621,-0.024509
-0.097456,0.079991,-0.018960,-0.108014
-0.133465,0.094433,-0.028996,-0.020486
-0.136039,0.093584,-0.036668,-0.006007
-0.109945,0.100499,-0.042321,0.023627
-0.052381,0.109683,-0.043273,0.062711
-0.011877,0.085300,-0.035800,0.067098
-0.020764,0.011285,-0.050817,0.038217
-0.067585,-0.032124,-0.023069,0.020848
-0.017264,-0.070194,0.019905,0.038477
0.040379,-0.060809,0.057841,0.041496
-0.059529,-0.068416,-0.016397,0.005708
-0.056317,-0.063761,-0.026606,0.005888
0.156167,-0.036180,0.167228,0.095832
-0.016262,-0.030387,-0.082525,0.000159
-0.029819,-0.031498,-0.087953,0.009275
-0.009733,-0.029350,0.040937,-0.052437
-0.009469,-0.058155,-0.075796,-0.002254
-0.004981,-0.048443,-0.094520,0.002270
0.113092,-0.024570,0.128300,0.007501
-0.029003,-0.036843,0.026247,-0.100819
-0.012412,-0.064250,-0.043516,-0.025496
-0.006258,-0.052455,-0.081465,-0.005497
0.086658,-0.025636,0.104841,-0.021023
-0.024464,-0.039428,0.030783,-0.093165
-0.007397,-0.057081,-0.076984,-0.004212
-0.015402,-0.046101,-0.088223,0.004052
0.113273,-0.109449,0.106271,0.038794
-0.068935,-0.038544,-0.039097,0.002623
-0.089584,-0.034450,-0.022427,0.003577
-0.110684,-0.034911,0.000315,0.000353
-0.049025,-0.073578,-0.023895,0.004253
-0.045185,-0.064950,-0.028115,-0.007388
-0.098772,-0.030803,0.000274,-0.016058
-0.103681,-0.030682,0.005102,-0.016156
-0.059802,0.097195,-0.043186,-0.010681
-0.062797,0.100543,-0.072262,-0.109704
-0.154365,0.087306,0.072196,-0.008018
-0.145105,0.068173,-0.028637,-0.014068
-0.140862,0.066922,-0.032333,-0.000001
-0.119880,0.065321,-0.040097,0.024008
-0.074011,0.063808,-0.045868,0.051708
-0.029568,0.050273,-0.043212,0.060443
-0.015154,0.009970,-0.050659,0.046062
-0.057287,-0.020973,-0.024144,0.023422
-0.025473,-0.061139,-0.006917,0.029217
0.008738,-0.050746,0.009075,0.015232
-0.060579,-0.068835,-0.001956,0.000731
-0.056522,-0.064779,-0.016128,0.000845
0.129205,-0.035036,0.135759,0.038740
0.049553,-0.029314,0.029399,-0.002073
0.010857,-0.122633,0.051979,-0.023219
0.014266,-0.120011,0.043830,-0.021434
-0.034384,-0.037436,-0.072052,0.003082
-0.058377,-0.034973,-0.044153,-0.005611
-0.050454,-0.045977,-0.022512,-0.024745
0.272747,0.053298,0.061450,-0.020749
0.189336,0.283249,-0.051052,0.005775
0.187972,0.260715,-0.049651,0.037017
0.178471,0.208487,-0.050196,0.069856
0.178567,0.148974,-0.045261,0.089859
0.182571,0.080499,-0.068104,0.087002
0.169229,-0.003804,-0.094096,0.077158
0.265129,-0.027691,0.141833,0.144590
0.277335,-0.053733,0.277402,0.071073
-0.034601,-0.076212,0.030279,0.005199
-0.085329,-0.072456,0.005881,0.008339
-0.058120,-0.040869,-0.029353,0.001460
-0.058660,-0.040862,-0.029082,-0.000922
-0.087195,-0.046672,-0.005822,-0.005988
-0.076143,-0.048569,-0.006162,-0.014803
0.037322,-0.080021,0.027089,0.029323
0.228145,0.047813,0.045691,-0.024695
0.245982,0.206577,-0.058395,0.034607
0.184778,0.209259,-0.052810,0.038977
0.183166,0.160857,-0.077449,0.070193
0.186833,0.090378,-0.073296,0.092002
0.173980,-0.006374,-0.093171,0.092356
0.250029,-0.025934,0.130921,0.142280
0.264529,-0.059416,0.271601,0.058037
-0.061387,-0.076668,0.009885,0.009686
-0.081741,-0.069044,0.005315,0.002023
-0.057997,-0.037982,-0.028205,-0.007060
-0.057539,-0.040124,-0.027297,-0.006702
-0.090780,-0.050997,-0.005912,0.002012
-0.079525,-0.049008,-0.018296,0.001151
0.030359,-0.076877,0.025365,0.024104
0.001089,-0.004840,0.130168,0.252372
-0.026637,0.070210,-0.033356,-0.022637
-0.017261,0.048805,0.010191,-0.022700
0.040756,0.029309,0.006853,-0.088297
0.016767,-0.009151,-0.016583,-0.104165
0.031740,-0.025636,0.058280,0.000775
-0.000895,-0.054870,0.018307,-0.021643
0.032990,-0.025097,-0.001878,-0.132878
0.010952,-0.022955,-0.053729,-0.070787
0.197043,-0.034828,0.205278,0.106477
0.003601,-0.087045,-0.061860,0.000528
0.200915,-0.027815,0.196933,0.104939
-0.069592,-0.036480,-0.011815,-0.025501
-0.030008,-0.063046,-0.011990,-0.024083
-0.061556,0.080858,-0.212940,0.108309
-0.070336,0.111325,-0.054132,-0.015482
-0.078447,0.088185,-0.049611,-0.036737
-0.005311,0.005035,-0.038712,-0.065681
-0.046595,-0.041337,0.016504,-0.027572
-0.093499,-0.031442,0.010900,-0.031635
-0.065667,-0.027883,-0.014563,-0.037481
-0.056600,-0.011276,-0.020606,-0.056787
-0.057100,-0.018224,-0.022860,-0.047181
-0.057701,-0.034511,-0.016985,-0.036481
-0.041839,-0.048830,-0.020478,-0.034530
-0.034130,-0.055171,-0.014285,-0.030132
0.006144,-0.016619,0.133786,0.255530
-0.020553,0.021279,-0.021779,-0.046061
-0.012168,-0.017476,0.008808,-0.045133
-0.002104,-0.027821,-0.035788,-0.072366
0.004010,-0.035205,-0.024122,-0.078297
-0.012082,-0.077614,0.020712,-0.025099
-0.033792,-0.077153,0.007812,-0.020028
0.032999,-0.041462,0.013447,-0.053477
-0.012004,-0.032948,-0.055193,-0.019272
0.182629,-0.065260,0.218992,0.091384
-0.004138,-0.091985,-0.050472,0.004614
0.162826,-0.018036,0.165187,0.070451
-0.078716,-0.030651,-0.010338,-0.025400
-0.017472,-0.068347,-0.005108,-0.014631
-0.075198,0.108945,-0.065969,-0.111564
-0.152317,0.117755,0.025436,-0.029926
-0.146472,0.099664,-0.025776,-0.015599
-0.153020,0.099916,-0.033682,-0.001907
-0.128300,0.108395,-0.038846,0.026259
-0.078576,0.114194,-0.044128,0.054130
-0.034628,0.097258,-0.040176,0.057253
-0.011677,0.066332,-0.036382,0.050665
-0.019433,0.009902,-0.049082,0.031176
-0.064253,-0.017598,-0.014719,0.012968
-0.009434,-0.046837,0.007295,0.012005
0.049637,-0.020513,0.042929,0.025040
-0.061892,-0.058237,-0.004257,0.001800
-0.060290,-0.060082,-0.014665,0.002049
0.115089,-0.026313,0.101586,0.084047
0.029706,-0.040131,0.012054,0.045332
0.095873,-0.114887,0.136900,0.015891
0.159736,-0.080118,0.166444,0.074445
-0.059058,-0.037139,-0.044209,-0.003602
-0.072573,-0.031603,-0.028819,-0.010485
-0.104297,-0.030266,0.008852,-0.019680
-0.053510,-0.045815,-0.023856,-0.021115
-0.096292,0.079412,-0.019897,-0.107667
-0.133222,0.093652,-0.031684,-0.018397
-0.128664,0.094382,-0.038243,-0.000588
-0.093961,0.102473,-0.044203,0.032698
-0.042447,0.100435,-0.042126,0.056735
-0.014467,0.073432,-0.036041,0.051053
-0.017738,0.018675,-0.046908,0.035341
-0.068963,-0.029855,-0.022179,0.019929
-0.019943,-0.067175,0.007815,0.034920
0.041647,-0.046851,0.043704,0.033741
-0.057459,-0.072110,-0.007528,0.003580
-0.053744,-0.066895,-0.020864,0.003064
0.094485,-0.038495,0.094728,-0.004833
0.008156,-0.031544,-0.007196,-0.040865
0.011791,-0.122462,0.044174,-0.025149
0.054460,-0.115191,0.065358,0.001392
-0.046495,-0.035502,-0.039120,-0.023672
-0.062685,-0.029763,-0.026926,-0.025161
-0.042932,-0.054217,-0.019022,-0.025225
-0.099085,0.064248,-0.232150,0.138497
0.163618,0.011312,0.191360,-0.018532
-0.014270,-0.005903,0.014520,-0.108150
-0.068782,-0.031893,-0.004697,-0.040185
-0.069509,-0.026753,-0.006307,-0.043108
-0.049785,-0.029886,-0.019974,-0.041488
-0.042451,-0.035794,-0.023365,-0.041967
-0.049475,-0.038922,-0.018104,-0.039177
-0.041837,-0.034334,-0.057885,-0.011606
-0.020792,-0.038892,-0.071210,-0.014773
0.007003,-0.117171,-0.006988,-0.003621
-0.031014,-0.027654,-0.037721,-0.046821
-0.065083,-0.028008,-0.031862,-0.020037
-0.072997,-0.041388,-0.001537,-0.025957
-0.030331,-0.065581,-0.048520,-0.001241
-0.015040,-0.054141,-0.082983,0.006486
0.134316,-0.045749,0.148523,0.080804
-0.015877,-0.069761,-0.003697,-0.014724
0.224847,0.048845,0.041464,-0.026377
0.155701,0.214879,-0.046470,0.053768
0.157404,0.161834,-0.016748,0.087481
0.160188,0.108837,-0.021969,0.087967
0.178932,0.042377,-0.074514,0.079545
0.158327,-0.029542,-0.091974,0.070316
0.217705,-0.037798,0.106836,0.103827
0.277705,-0.049899,0.287690,0.061026
-0.058194,-0.077453,0.012573,0.001591
-0.069099,-0.068948,0.009407,-0.004420
-0.059388,-0.034503,-0.030458,-0.012793
-0.062418,-0.033886,-0.032382,-0.010343
-0.090138,-0.052170,-0.008831,0.005464
-0.090820,-0.051072,-0.017039,0.013254
-0.059824,0.097206,-0.043185,-0.010683
-0.062836,0.100507,-0.072200,-0.109691
-0.154468,0.087231,0.072213,-0.008016
-0.145248,0.068208,-0.028445,-0.014786
-0.145200,0.068040,-0.028434,-0.014692
-0.143669,0.067532,-0.030589,-0.006188
-0.130478,0.066026,-0.036952,0.014840
-0.089822,0.066373,-0.045660,0.046689
-0.030451,0.061032,-0.043494,0.072510
-0.015785,0.004082,-0.055590,0.051271
-0.054366,-0.032691,-0.027730,0.030604
-0.040650,-0.062105,0.038212,0.092117
-0.034315,-0.050363,-0.074610,0.024775
-0.022716,-0.028318,-0.097998,0.012525
0.017338,-0.012621,-0.016295,0.003838
0.224685,-0.002485,0.227124,0.108895
0.009066,-0.087439,-0.060601,-0.004244
0.046121,-0.040214,0.068973,-0.084103
-0.013715,-0.040180,0.032339,-0.114429
-0.008071,-0.064798,-0.053147,-0.019656
-0.006800,-0.051297,-0.074405,-0.013173
0.033707,-0.019517,0.063527,-0.116753
-0.020792,-0.024574,0.033903,-0.112600
-0.003871,-0.047174,-0.101182,0.006555
-0.023633,-0.041431,-0.084933,0.004327
0.123330,-0.100111,0.138002,0.045626
-0.076396,-0.040285,-0.039533,0.012648
-0.088836,-0.036508,-0.027506,0.011220
-0.122174,-0.033302,0.004315,0.006539
-0.027629,-0.065321,-0.001108,0.032604
-0.046597,-0.068381,-0.024635,0.002378
-0.110707,-0.026430,0.007302,-0.015399
-0.102669,-0.028133,0.010317,-0.024625
-0.053834,-0.039147,-0.023565,-0.026895
-0.063198,-0.052862,-0.013059,-0.016558
-0.050780,-0.044159,-0.030814,-0.019925
-0.010749,-0.059767,-0.062978,-0.012182
-0.019289,-0.042899,0.031191,-0.096865
-0.059136,-0.031191,0.013336,-0.067345
-0.019127,-0.066471,-0.046024,-0.014032
-0.006061,-0.050665,-0.097090,0.008142
0.134626,-0.026029,0.150683,0.085593
-0.018141,-0.068842,-0.005063,-0.016700
0.242706,0.048509,0.053148,-0.022362
0.166296,0.222558,-0.037459,0.048558
0.190013,0.168222,-0.019257,0.086388
0.185790,0.109426,-0.073859,0.088354
0.173755,0.019535,-0.096954,0.081070
0.280190,-0.007271,0.147962,0.146158
0.262090,-0.062312,0.248978,0.063867
-0.051980,-0.077633,0.016372,0.015735
-0.080972,-0.076857,0.004871,0.011011
-0.060197,-0.037211,-0.031013,-0.006172
-0.060754,-0.035865,-0.030529,-0.010347
-0.085390,-0.045261,-0.005602,-0.009425
-0.068746,-0.048545,-0.006832,-0.021555
-0.056673,-0.042556,-0.025335,-0.019746
-0.009489,0.019559,0.108843,0.250187
-0.053770,0.166477,-0.032672,-0.003489
0.003358,0.123341,0.021309,-0.024561
0.052747,0.071874,0.003786,-0.110904
0.033609,0.018181,-0.002708,-0.109008
-0.006056,-0.013768,0.022885,-0.024950
-0.022126,-0.035056,0.005948,-0.028157
0.048086,-0.021187,0.007845,-0.117839
0.022903,-0.019681,-0.042443,-0.100454
0.155638,-0.030535,0.148595,0.064098
0.003872,-0.069464,-0.066332,-0.013556
0.138641,-0.032366,0.128532,0.076295
-0.013431,-0.034697,0.015272,-0.105977
0.057524,-0.034940,0.083196,-0.037621
-0.010409,-0.052323,-0.088431,0.005490
-0.025008,-0.044265,-0.075519,-0.000860
0.046766,-0.119196,0.049265,-0.003361
-0.064873,-0.037388,-0.043596,0.001746
-0.080102,-0.032862,-0.027376,-0.003004
-0.108712,-0.031218,0.004959,-0.010259
-0.045219,-0.050413,-0.020230,-0.026783
0.066940,0.120372,-0.075065,-0.097403
0.121998,0.369101,0.248796,-0.040031
-0.004348,0.328043,0.140989,-0.015047
-0.046575,0.233936,0.158620,0.036011
-0.067728,0.305589,0.154224,0.069118
-0.081128,0.252198,0.104121,0.075626
-0.111013,0.154942,0.017633,0.010213
-0.120728,0.053028,-0.106980,0.035443
-0.073760,0.032184,-0.129860,0.027486
0.190387,0.123649,0.190926,0.134904
-0.104785,-0.025571,-0.033191,0.045730
-0.040438,-0.062882,0.020795,0.056380
-0.022474,-0.063192,-0.092828,0.032825
-0.023708,-0.055689,-0.090629,0.024354
0.113308,-0.089471,0.094480,0.088118
-0.120194,-0.029257,-0.030141,0.037267
-0.124230,-0.028263,-0.016450,0.029915
-0.128933,-0.017727,-0.001788,0.004139
-0.031064,-0.044725,-0.001260,0.011694
-0.065837,-0.046665,-0.014308,-0.018868
-0.043681,-0.037308,-0.031135,-0.033554
-0.013496,-0.052771,-0.052027,-0.027384
0.018037,-0.037421,0.046398,-0.098387
-0.017224,-0.039307,0.028910,-0.113896
-0.013395,-0.052829,-0.057514,-0.021939
-0.009705,-0.038974,-0.096051,-0.000947
0.071597,-0.101456,0.050558,0.014055
-0.079303,-0.037777,-0.035736,0.008879
-0.093697,-0.034418,-0.020585,0.005190
-0.109506,-0.038224,-0.000478,0.003331
-0.043059,-0.050219,-0.018927,-0.029149
-0.057675,0.073158,-0.214796,0.109038
-0.063775,0.091754,-0.055759,-0.021016
-0.061598,0.057520,-0.050503,-0.047528
-0.000223,-0.022740,-0.022536,-0.077623
-0.072162,-0.050716,0.011133,-0.032827
-0.098665,-0.030920,0.015813,-0.031906
-0.065993,-0.029417,-0.012688,-0.037577
-0.047262,-0.026469,-0.020072,-0.050909
-0.044617,-0.031691,-0.021103,-0.047839
-0.043497,-0.047981,-0.018380,-0.035820
-0.035515,-0.038535,-0.030654,-0.040974
-0.008560,-0.057097,-0.048323,-0.031690
-0.010125,-0.015537,0.035747,-0.146127
-0.067243,-0.012871,-0.001295,-0.061689
-0.018081,-0.060892,-0.069991,0.003654
-0.011076,-0.047659,-0.106055,0.019123
0.145246,-0.019576,0.160549,0.152725
-0.116518,-0.038572,-0.010359,0.021149
0.005590,-0.105578,-0.006112,0.006455
-0.028779,0.145997,-0.109994,-0.144376
0.086881,0.135804,-0.117180,-0.010621
0.073656,0.268345,0.046098,-0.008351
-0.079962,0.154808,-0.091508,0.012524
-0.074671,0.101952,-0.014056,0.005743
0.086545,-0.022060,0.089410,0.113374
-0.015343,-0.018898,-0.037600,0.053961
0.174188,0.107796,0.216434,0.079394
-0.039958,-0.036675,-0.080624,0.013171
0.074408,-0.054143,0.087774,-0.012272
-0.087102,-0.037627,-0.052191,0.034631
-0.112555,-0.036401,-0.017481,0.023946
-0.108913,-0.045584,-0.003878,0.014342
-0.052260,-0.070248,-0.037425,0.014309
-0.042941,-0.059305,-0.053147,0.009719
-0.087310,-0.028495,-0.005572,-0.023299
-0.092100,-0.028060,-0.002727,-0.022460
-0.033277,-0.053804,-0.013361,-0.031604
-0.008856,0.018903,0.114040,0.248468
-0.017191,0.142333,-0.045895,-0.002508
0.002758,0.123632,0.021129,-0.023478
0.041639,0.058794,-0.010193,-0.122625
0.021205,0.007273,-0.018778,-0.116116
0.048059,-0.000821,0.073372,0.010378
0.000482,-0.047107,0.020382,-0.020056
0.032558,-0.018537,-0.014622,-0.133173
0.013725,-0.022914,-0.045218,-0.088675
0.151811,-0.029258,0.149571,0.042831
-0.019129,-0.041667,-0.075843,-0.009012
-0.025743,-0.038845,-0.070581,-0.010365
0.024257,-0.108978,0.051996,-0.009176
-0.018976,-0.034633,-0.072720,-0.016267
-0.053672,-0.034351,-0.038825,-0.017369
-0.058486,-0.042904,-0.025962,-0.017048
-0.073019,0.081288,-0.047735,-0.104989
-0.069960,0.115913,-0.010613,0.026478
-0.046726,0.103422,-0.042649,0.053613
-0.008600,0.076327,-0.035898,0.063096
-0.025240,-0.002700,-0.055015,0.034233
-0.064940,-0.042063,-0.024496,0.024236
-0.016396,-0.075118,0.018183,0.064117
0.033900,-0.066769,0.040388,0.040441
-0.055702,-0.074020,-0.007108,0.001774
-0.054102,-0.066341,-0.018012,-0.000291
0.071324,-0.041323,0.064554,-0.035682
0.000351,-0.029398,-0.042252,-0.057535
0.184998,-0.049534,0.197073,0.099168
-0.007738,-0.083047,-0.054038,-0.000129
0.141064,-0.090403,0.151739,0.058345
-0.056157,-0.037134,-0.041503,-0.009423
-0.065088,-0.029897,-0.029673,-0.019115
-0.104536,-0.030330,0.010067,-0.020568
-0.059016,-0.042590,-0.026168,-0.016614
-0.097684,0.066133,-0.232859,0.137485
0.123660,0.018929,0.141626,-0.018939
0.009302,0.048616,0.066480,0.005031
-0.125886,0.025843,-0.048383,0.006925
-0.011879,0.150408,0.063103,-0.022185
-0.052818,0.078062,0.009346,-0.108026
-0.064184,-0.002573,-0.028705,-0.050180
-0.041845,-0.019081,-0.027627,-0.057124
-0.018307,-0.036790,-0.042646,-0.047903
0.004285,-0.024963,0.032588,-0.156139
-0.014569,-0.028994,0.028280,-0.130187
-0.017010,-0.048986,-0.038167,-0.041510
-0.015753,-0.044948,-0.044106,-0.040871
0.013235,-0.000505,0.032659,-0.129316
0.007071,0.002038,0.035996,-0.150003
-0.021109,-0.011536,-0.107963,-0.005062
-0.043231,-0.003092,-0.097180,-0.002130
-0.031392,-0.050422,-0.028871,-0.025564
-0.058329,-0.019470,-0.052328,0.025956
-0.102254,-0.028056,-0.031652,0.017484
-0.037998,-0.055499,-0.016647,-0.027890
0.000728,-0.007300,0.126411,0.252967
-0.038745,0.067798,-0.027304,-0.027027
-0.031514,0.062715,0.005715,-0.010296
0.104227,0.140224,0.078114,0.013261
0.044768,0.048064,0.006951,-0.068113
0.062094,0.047599,0.086427,0.011298
0.046858,0.009856,0.059781,0.010159
0.035643,-0.019476,-0.015982,-0.141270
0.006658,-0.021044,-0.026229,-0.104351
0.008920,-0.038418,0.038023,-0.136031
-0.008180,-0.047506,-0.062574,-0.027414
-0.012990,-0.031957,-0.081728,-0.019000
0.110766,-0.038852,0.124741,0.052390
-0.027872,-0.016265,-0.089537,-0.009668
-0.067907,-0.024077,-0.058122,0.005824
-0.102837,-0.044766,-0.009934,0.014356
-0.059683,0.097138,-0.043193,-0.010671
0.076105,0.196790,-0.036647,-0.242778
0.175390,0.371785,0.174609,0.004683
0.102433,0.379435,0.240005,0.010048
-0.004815,0.350698,0.227024,0.008954
-0.073031,0.301703,0.188272,0.004506
-0.052514,0.306851,0.147733,0.005217
-0.155579,0.178341,-0.071200,-0.001008
-0.119094,0.231606,-0.043703,-0.004230
-0.110716,0.175851,-0.116074,-0.017788
0.225948,0.337300,0.200052,0.042033
0.007934,0.052456,-0.057882,-0.021222
0.042988,0.004190,0.012505,-0.015145
-0.006911,0.259275,-0.045357,-0.016688
-0.081629,0.201684,-0.109210,-0.029567
0.199088,0.263769,0.151369,0.057871
-0.073770,0.070712,-0.110626,-0.025861
-0.056240,0.009038,-0.048899,-0.024334
0.111794,0.355447,0.097475,0.043167
-0.126692,0.192678,-0.114071,-0.016670
-0.090246,0.195726,-0.113446,-0.027202
0.204304,0.266799,0.158893,0.055811
-0.067099,0.071280,-0.114311,-0.027263
-0.064312,0.026009,-0.060320,-0.027606
0.122920,0.362749,0.104194,0.047002
-0.124658,0.193357,-0.115732,-0.018816
-0.082573,0.200358,-0.110363,-0.030087
0.202073,0.262941,0.155752,0.055195
-0.070218,0.072578,-0.115781,-0.025604
-0.058413,0.015614,-0.053999,-0.025596
0.125401,0.365719,0.107536,0.048384
-0.122225,0.195858,-0.114075,-0.019459
-0.078962,0.204450,-0.108549,-0.031169
0.184432,0.216518,0.137081,0.050407
-0.075800,0.076360,-0.122071,-0.020558
-0.091913,0.057486,-0.074596,-0.028556
0.143253,0.375075,0.133125,0.058681
-0.108749,0.203270,-0.101469,-0.023342
-0.048734,0.228234,-0.087799,-0.032585
0.130976,0.133643,0.086876,0.024265
-0.087631,0.079643,-0.121145,-0.015083
-0.106010,0.065356,-0.072897,-0.026359
0.092715,0.325777,0.086750,0.041512
-0.140929,0.127835,-0.121330,0.019966
-0.114106,0.064668,-0.118381,0.027617
0.036897,0.049677,0.093593,-0.032475
-0.077244,-0.023194,-0.067872,0.075873
-0.113323,-0.033995,-0.044269,0.050032
-0.108093,-0.053587,-0.004728,0.023012
0.003095,-0.105417,-0.010153,0.004629
0.002197,0.010279,0.132375,0.251394
0.122443,0.162827,0.123080,0.016369
0.148356,0.129358,0.158818,0.014922
0.146122,0.074367,0.158896,-0.006810
0.130018,0.003917,0.135608,-0.039425
0.038443,0.047444,0.051152,0.003750
0.016122,0.017589,0.023969,-0.007587
0.031926,-0.021999,-0.019637,-0.108855
-0.004008,-0.018753,-0.062754,-0.056388
0.047466,-0.058480,0.064346,-0.100573
-0.008483,-0.044752,-0.076649,-0.015775
-0.010185,-0.031500,-0.090240,-0.013740
0.155342,0.002881,0.140514,0.094068
-0.008390,-0.032846,0.017995,-0.108990
0.019504,-0.035223,0.055084,-0.094142
-0.008304,-0.053624,-0.071138,-0.012610
-0.008099,-0.044220,-0.085732,-0.007626
0.099584,-0.089704,0.076077,0.049957
-0.058675,-0.035630,-0.034261,-0.016072
-0.079871,-0.032727,-0.021518,-0.010275
-0.054577,-0.045637,-0.024211,-0.019955
-0.006453,0.012148,0.118599,0.249120
-0.017383,0.140466,-0.048976,0.003378
-0.006021,0.148527,0.018758,-0.010681
0.048629,0.088202,-0.012722,-0.111013
0.026886,0.022043,-0.018061,-0.119880
0.063175,0.024722,0.085665,0.016143
0.014847,-0.025865,0.034097,-0.009948
0.036224,-0.018653,-0.011374,-0.133856
0.016783,-0.022553,-0.036963,-0.100550
0.052737,-0.046371,0.063845,-0.063505
-0.005845,-0.043763,-0.076756,-0.019310
-0.021260,-0.038403,-0.065078,-0.020923
-0.002884,-0.116891,0.026146,-0.013786
-0.026276,-0.034625,-0.061023,-0.011271
-0.059831,-0.037888,-0.043041,-0.003425
-0.006400,-0.071795,0.002104,-0.006516
-0.072536,0.073653,-0.224522,0.118807
-0.040498,0.058499,-0.060248,-0.037793
-0.032781,0.021405,-0.056820,-0.055311
0.030432,-0.040662,0.049031,-0.141068
-0.100760,-0.035652,0.019240,-0.028504
-0.103304,-0.023459,0.013220,-0.032135
-0.048678,-0.037136,-0.018359,-0.041505
-0.026522,-0.043438,-0.037449,-0.038263
-0.026210,-0.026001,0.021056,-0.114064
0.026632,-0.078688,0.023716,0.020832
-0.006576,0.012121,0.117205,0.249620
-0.030358,0.116745,-0.038462,-0.014267
0.000604,0.072323,0.018924,-0.034538
0.022579,0.022892,-0.021125,-0.118124
0.014763,-0.012075,-0.018997,-0.103837
0.022016,-0.037521,0.049069,-0.005739
-0.002032,-0.058014,0.017700,-0.022417
0.034139,-0.028236,0.005673,-0.120098
0.011437,-0.023320,-0.036180,-0.076568
0.126597,-0.064445,0.134912,0.067474
0.153257,-0.054460,0.145217,0.087886
-0.049750,-0.036057,-0.011418,-0.043357
-0.000258,-0.108294,-0.021075,0.001567
-0.002173,0.062038,-0.180466,0.081933
0.081164,-0.010093,-0.041471,-0.058305
0.065661,-0.023123,-0.033587,-0.077993
0.081407,-0.028897,-0.051435,-0.078453
0.081589,-0.050046,-0.062253,-0.068403
0.067069,-0.081349,-0.013964,-0.099459
0.240248,-0.043797,0.294146,0.044980
-0.100426,-0.056280,0.023644,-0.012584
-0.115514,-0.042247,0.019219,-0.007135
-0.078809,-0.049537,-0.005693,-0.011639
-0.028005,-0.063165,-0.010755,-0.024232
-0.027959,0.108178,-0.103933,-0.120059
0.062329,0.207657,0.004866,0.048506
0.002308,0.024414,-0.027203,0.052652
-0.075555,-0.033583,-0.029141,0.035273
-0.039432,-0.070905,0.062110,0.112617
-0.031977,-0.051835,-0.077860,0.027650
-0.021557,-0.030558,-0.104745,0.022403
0.036704,0.005618,0.021836,0.102647
0.230873,0.035095,0.250092,0.173116
0.010062,-0.047070,-0.047875,0.008503
0.017239,-0.034939,0.048043,-0.080957
-0.043089,-0.020958,0.015579,-0.095956
-0.016086,-0.057894,-0.036208,-0.035412
-0.012268,-0.059379,-0.041561,-0.032466
-0.025279,-0.034588,0.026868,-0.112076
-0.048330,-0.050220,-0.021361,-0.023650
-0.083083,0.051183,-0.232707,0.136756
0.024509,-0.039355,0.033320,-0.129212
0.017473,-0.047015,0.053110,-0.098811
-0.104842,-0.030160,0.018045,-0.028720
-0.094679,-0.027386,0.009123,-0.032736
-0.041914,-0.035148,-0.028123,-0.040494
-0.013958,-0.049527,-0.047088,-0.035102
-0.000711,-0.036200,0.033677,-0.141857
-0.025762,-0.030882,0.024452,-0.113394
-0.018207,-0.046018,-0.041739,-0.039693
-0.015251,-0.037060,-0.068991,-0.024374
0.132628,0.018121,0.157000,0.000835
0.017862,-0.019109,0.063062,-0.017127
-0.014749,-0.037995,-0.112348,0.019421
-0.025234,-0.039545,-0.088541,0.007651
0.097734,-0.104844,0.095790,0.022175
-0.076406,-0.039999,-0.039392,0.012160
-0.097139,-0.035665,-0.020907,0.011172
-0.115385,-0.035247,0.001088,0.004885
-0.051776,-0.072845,-0.025779,0.008546
-0.046572,-0.066269,-0.028525,-0.004067
-0.102076,-0.028798,0.001116,-0.015547
-0.097616,-0.028992,0.009188,-0.027970
0.003979,-0.106739,-0.008775,0.005098
0.013195,0.009429,0.143913,0.258549
-0.007789,0.102427,-0.110682,-0.047868
0.009637,0.062549,-0.078491,-0.097901
0.062965,-0.036700,0.054957,-0.152077
-0.016361,-0.015302,-0.073227,-0.035627
-0.012008,-0.021016,-0.080769,-0.031098
0.092160,-0.074322,0.090734,-0.085487
0.039835,-0.043003,0.054615,-0.152689
-0.003989,-0.050543,-0.069408,-0.021722
-0.007142,-0.042999,-0.077021,-0.018503
0.188699,-0.026510,0.195611,0.104758
-0.023130,-0.034036,-0.021466,-0.045985
0.020322,-0.043752,0.045935,-0.026010
0.000257,-0.066970,-0.086043,0.007092
-0.005628,-0.057110,-0.087864,0.004936
0.057007,-0.039734,0.073750,-0.003379
0.003113,-0.106700,-0.010332,0.004508
0.001717,0.013750,0.130639,0.251147
0.177593,0.211901,0.172411,0.039232
0.174196,0.096427,0.164319,-0.022007
0.118593,-0.052096,0.104821,-0.108389
0.110340,0.063738,0.115577,-0.004034
-0.017252,-0.015837,-0.067983,-0.032816
-0.018670,-0.032121,-0.055413,-0.032681
-0.017067,-0.056333,0.010854,-0.024964
0.035046,-0.016690,-0.008983,-0.079408
0.002140,-0.016185,-0.060551,-0.043462
0.222342,0.003772,0.224923,0.102313
0.002623,-0.072318,-0.062216,-0.000042
0.042400,-0.048721,0.064674,-0.104228
-0.006859,-0.033501,0.032954,-0.134340
-0.010216,-0.061177,-0.044229,-0.030051
-0.008802,-0.053170,-0.062203,-0.021501
0.100945,-0.011686,0.114955,-0.018541
0.058202,-0.029566,0.084307,-0.029025
-0.010298,-0.052637,-0.091700,0.008962
-0.023740,-0.046895,-0.075817,0.000787
0.106760,-0.115760,0.113279,0.031335
-0.065828,-0.038721,-0.039801,0.000179
-0.084851,-0.033811,-0.024502,-0.000065
-0.108438,-0.032630,0.002675,-0.006786
-0.059879,0.097232,-0.043182,-0.010688
0.074505,0.190696,-0.037886,-0.240951
0.199827,0.321203,0.167639,0.056218
0.168451,0.324089,0.222638,0.058675
0.023855,0.196020,0.128554,0.040440
-0.141688,0.004969,-0.018208,0.031708
-0.114827,-0.015614,-0.044049,0.029189
-0.045483,-0.053402,-0.072454,0.027515
-0.109515,-0.041873,-0.010570,0.019091
-0.118773,-0.029218,0.003563,-0.000539
-0.041351,-0.074313,-0.021960,0.000015
-0.058767,-0.042442,-0.026170,-0.017027
-0.071775,0.072720,-0.224526,0.118772
-0.038153,0.054430,-0.060427,-0.039719
-0.042600,0.029717,-0.058504,-0.044995
0.074532,-0.028665,0.097639,-0.091074
-0.111161,-0.026661,0.010326,-0.018176
-0.104306,-0.014365,0.004068,-0.031072
-0.044056,-0.031846,-0.021327,-0.048449
-0.025600,-0.033818,-0.036321,-0.049866
-0.020849,-0.024840,0.020248,-0.120130
-0.047242,-0.029537,0.008081,-0.076930
-0.027583,-0.045198,-0.031756,-0.041013
-0.022058,-0.040364,-0.049113,-0.034138
-0.025869,-0.000255,0.029235,-0.145399
-0.065672,0.007631,0.010385,-0.096918
-0.042599,-0.006645,-0.084991,-0.010708
-0.036370,0.002165,-0.121680,0.010264
0.200916,0.094315,0.188612,0.113479
-0.051106,-0.034864,-0.002520,0.079374
0.175033,-0.030422,0.177483,0.232900
-0.014857,-0.086309,-0.085416,0.041156
0.172809,-0.014381,0.163840,0.216471
-0.135840,-0.032180,-0.012619,0.050641
-0.084812,-0.003342,-0.002254,0.070026
-0.044876,-0.038577,-0.086998,0.025137
-0.033148,-0.031435,-0.090248,0.009432
-0.057967,0.006757,0.010125,-0.070995
-0.073902,-0.007348,0.004567,-0.067374
-0.030518,-0.042445,-0.035052,-0.037480
-0.026095,-0.046543,-0.039528,-0.033507
-0.030596,-0.027086,0.020300,-0.106764
-0.061333,-0.029835,0.008841,-0.062329
-0.025825,-0.063432,-0.048319,-0.008100
-0.013260,-0.053952,-0.075074,-0.003390
0.132214,-0.015547,0.147222,0.048049
-0.031817,-0.041613,0.026268,-0.066497
-0.015428,-0.060110,-0.065170,-0.004967
-0.008218,-0.051842,-0.078518,-0.007099
0.055566,-0.030675,0.079218,-0.049115
0.003105,-0.048718,0.046179,-0.065698
-0.005850,-0.055307,-0.091821,0.007303
-0.017369,-0.046946,-0.081603,0.000245
0.071653,-0.121384,0.051911,0.024538
-0.072382,-0.036535,-0.026632,-0.009249
-0.084013,-0.032433,-0.019506,-0.008227
-0.045974,-0.051310,-0.020490,-0.025065
-0.010681,0.023717,0.109780,0.248363
-0.028747,0.134434,-0.037883,-0.016965
0.007453,0.082021,0.022344,-0.036784
0.030374,0.030554,-0.013317,-0.120786
0.017341,-0.006861,-0.017085,-0.106613
0.027926,-0.025226,0.056085,-0.001998
-0.005769,-0.055259,0.015654,-0.023747
0.034829,-0.022457,-0.003769,-0.137722
0.009138,-0.023473,-0.063696,-0.064040
0.194535,-0.027090,0.195269,0.096606
0.008460,-0.091424,-0.062298,0.000491
0.179116,-0.010744,0.177151,0.075794
-0.000056,-0.107754,-0.019388,0.001839
0.014355,0.006230,0.146088,0.258754
0.005133,0.101615,-0.092363,-0.052932
0.025735,0.060953,-0.050495,-0.107339
0.099154,-0.059634,0.094747,-0.103616
-0.016038,-0.009470,-0.080053,-0.035321
-0.015725,-0.018166,-0.078614,-0.031275
0.153807,0.023566,0.148973,0.062174
0.033753,-0.030617,0.030766,-0.167904
0.038534,-0.047862,0.053530,-0.108138
-0.004358,-0.048678,-0.073982,-0.018651
-0.017808,-0.040475,-0.070328,-0.017056
0.048440,-0.117370,0.077364,0.005192
-0.024567,-0.035371,-0.075401,-0.006255
-0.057002,-0.035293,-0.041387,-0.010210
-0.036340,-0.053323,-0.015297,-0.030991
0.016196,-0.008950,0.152665,0.258130
0.000228,0.013234,-0.009953,-0.044543
0.005920,-0.043116,0.029417,-0.029971
0.011532,-0.023890,-0.027063,-0.095716
0.012300,-0.023354,-0.044274,-0.088129
0.176083,-0.022180,0.192297,0.084107
-0.015254,-0.074632,-0.034097,-0.020145
0.095937,-0.096165,0.133448,0.036916
-0.010121,-0.029673,-0.079353,-0.025154
-0.042114,-0.033604,-0.053832,-0.014373
-0.032030,-0.054528,-0.012719,-0.031116
0.128164,0.070952,-0.040481,-0.065422
0.092848,0.318356,-0.050411,0.004994
0.088714,0.264066,-0.071227,0.038189
0.037645,0.192046,-0.084898,0.073677
0.243701,0.092372,0.221500,0.145652
-0.059460,0.036383,0.021161,-0.007093
-0.112098,-0.040300,-0.016970,0.032910
0.010621,-0.059847,0.035775,0.091873
0.015685,-0.054492,0.038800,0.093930
-0.091756,-0.052932,-0.036705,0.035717
-0.059567,-0.043058,-0.076939,0.033891
-0.012539,-0.057233,-0.092595,0.016708
-0.052054,-0.024903,0.007848,-0.055191
-0.078715,-0.029474,0.005062,-0.041886
-0.024877,-0.060728,-0.029031,-0.030933
-0.000367,-0.108197,-0.023573,0.001330
-0.034758,0.145061,-0.117097,-0.134163
0.218582,0.387792,0.037257,-0.006255
0.194421,0.426571,0.011453,0.001107
0.152415,0.387589,-0.013064,0.011169
0.095884,0.309378,-0.018216,0.047307
-0.012460,0.148384,-0.025666,0.054021
-0.091525,0.032178,0.008282,0.031382
0.144762,-0.001912,0.162713,0.162743
-0.023922,-0.031420,-0.088644,0.023570
-0.034967,-0.035934,-0.064803,0.014857
0.212362,-0.037713,0.230193,0.183018
-0.000019,-0.106939,-0.057725,0.023032
0.110986,-0.023556,0.131521,0.136713
-0.118549,-0.029301,-0.015091,0.019341
-0.117237,-0.028615,0.006531,-0.005430
-0.032158,-0.057928,-0.014811,-0.009815
-0.046996,-0.048000,-0.027052,-0.023631
-0.031354,-0.039720,-0.054500,-0.020102
-0.003806,-0.052049,-0.081660,-0.008157
0.120390,-0.019336,0.126569,0.008660
0.017033,-0.042029,0.044306,-0.029428
-0.000285,-0.066896,-0.087298,0.008816
-0.010371,-0.053450,-0.086244,0.004394
0.174048,-0.024964,0.175003,0.093517
-0.059866,0.097225,-0.043183,-0.010687
0.080774,0.202523,-0.034891,-0.245265
0.151404,0.405268,0.154211,-0.040800
0.064004,0.356743,0.268511,-0.042293
-0.077549,0.367802,0.235638,-0.075866
-0.154438,0.340150,0.219949,-0.007562
-0.046623,0.458264,0.292571,0.062661
-0.049674,0.420217,0.092878,0.032008
-0.108414,0.256243,-0.012268,0.064060
-0.123980,0.112710,-0.044909,0.057206
-0.092721,0.027973,-0.099153,0.041029
-0.094973,-0.017954,-0.031271,0.023747
0.193517,-0.008715,0.235227,0.257893
-0.030156,-0.052583,-0.085427,0.033453
-0.082803,-0.040874,-0.077562,0.062629
-0.105634,-0.046082,-0.015066,0.036365
-0.032741,-0.062286,-0.075992,0.025588
-0.022532,-0.049680,-0.095039,0.021789
-0.094210,-0.006915,-0.013910,-0.012401
-0.104092,-0.018273,0.001705,-0.023436
-0.022992,-0.039349,-0.012739,-0.018014
-0.039834,-0.038637,-0.033562,-0.033645
-0.028706,-0.037541,-0.052837,-0.026591
-0.006127,-0.044219,-0.084717,-0.010609
0.200621,-0.031881,0.203393,0.107343
-0.049129,-0.036907,-0.026743,-0.021318
-0.056449,-0.041361,0.012410,-0.046230
-0.010243,-0.072092,-0.064261,0.000927
-0.003049,-0.060217,-0.088718,0.006314
-0.017668,-0.038689,0.032433,-0.045744
-0.075054,-0.036126,-0.001112,-0.030437
-0.018748,-0.077942,-0.045514,-0.003456
-0.014834,-0.069384,-0.051332,-0.010123
-0.050036,-0.046060,-0.022282,-0.025192
0.007645,-0.012274,0.140963,0.255387
0.018304,0.007545,-0.025376,-0.050175
-0.000721,-0.011135,-0.014071,-0.049766
-0.009912,-0.035698,0.006332,-0.045641
0.002277,-0.039540,-0.024588,-0.067011
0.013047,-0.044572,-0.007970,-0.063513
-0.044510,-0.069164,-0.001139,-0.015491
-0.048929,-0.064923,-0.008741,-0.012550
0.069320,-0.042533,0.067471,-0.062832
0.008083,-0.028254,-0.019521,-0.072876
0.112848,-0.092490,0.130828,0.053783
0.144044,-0.073915,0.142147,0.076863
-0.041862,-0.033302,-0.046083,-0.023702
-0.072191,-0.032668,-0.030611,-0.008418
-0.015071,-0.067935,-0.003658,-0.013408
-0.061215,0.108406,-0.078955,-0.112155
-0.118785,0.126661,0.051023,-0.000175
-0.116542,0.095241,-0.040886,0.008348
-0.070595,0.104569,-0.045035,0.045975
-0.020103,0.095986,-0.036516,0.067671
-0.013840,0.040400,-0.041793,0.046621
-0.070163,-0.025620,-0.022775,0.025110
-0.008096,-0.064892,0.057391,0.092350
0.028020,-0.074955,0.059116,0.052817
-0.060831,-0.070690,-0.013005,0.006199
-0.059053,-0.062363,-0.027450,0.007490
0.171735,-0.028893,0.187874,0.092838
-0.015717,-0.029359,-0.078694,-0.017880
-0.022659,-0.033202,-0.060281,-0.028491
-0.029934,-0.039846,0.027482,-0.088201
-0.011570,-0.062541,-0.060577,-0.010988
-0.005457,-0.052335,-0.084045,-0.003838
0.076441,-0.029791,0.097509,-0.027621
-0.010141,-0.048268,0.037195,-0.062438
-0.004574,-0.059326,-0.091612,0.009839
-0.014079,-0.050365,-0.084657,0.003428
0.169081,-0.073715,0.156231,0.087399
-0.030060,-0.058550,-0.012253,-0.027587
-0.001439,-0.001877,0.123491,0.252167
-0.026549,0.060025,-0.022444,-0.038311
-0.008322,0.001336,0.011274,-0.044776
0.010478,-0.018510,-0.019012,-0.095726
0.001186,-0.027049,-0.033480,-0.075051
0.013489,-0.057230,0.040620,-0.011628
-0.007301,-0.074536,0.019535,-0.023293
0.009160,-0.033772,-0.018856,-0.087326
-0.002426,-0.030338,-0.057784,-0.048165
0.188021,0.004267,0.190126,0.077051
0.011521,-0.095927,-0.061232,0.000808
0.161371,0.011651,0.163207,0.033531
-0.077801,-0.033513,-0.011755,-0.018446
-0.059875,0.097229,-0.043183,-0.010687
0.078268,0.197933,-0.036065,-0.243692
0.170598,0.373710,0.161270,0.004026
0.128583,0.362149,0.236822,0.027607
0.047842,0.321545,0.207415,0.055843
-0.110985,0.096654,0.024479,0.020939
-0.125297,0.008324,-0.065074,0.041226
-0.043466,-0.033864,-0.081495,0.026313
-0.098975,-0.057950,-0.014122,0.048813
-0.110879,-0.059611,-0.005537,0.033689
-0.045099,-0.077388,-0.053775,0.030667
-0.037104,-0.071277,-0.056837,0.019556
-0.108072,-0.033532,-0.003393,0.001107
-0.112924,-0.028019,0.007405,-0.011594
-0.034662,-0.063482,-0.014834,-0.003131
-0.038122,-0.069453,-0.026887,-0.010535
-0.104809,-0.029758,0.002661,-0.013247
-0.110219,-0.029654,0.009188,-0.014591
-0.042726,-0.060746,-0.018087,-0.008720
-0.055388,-0.049682,-0.030380,-0.010228
-0.033605,-0.042337,-0.068250,-0.001484
-0.004710,-0.051628,-0.091700,0.002367
0.149314,-0.020304,0.155014,0.053069
-0.018314,-0.068775,-0.005274,-0.016216
-0.047672,0.087524,-0.076544,-0.107761
0.034489,0.133098,0.030732,0.095378
-0.012773,0.046427,-0.045044,0.061451
-0.073713,-0.040101,-0.027991,0.033890
-0.013382,-0.067835,0.065467,0.108376
0.018493,-0.081826,0.064611,0.068966
-0.072024,-0.066139,-0.016006,0.015199
-0.070549,-0.053165,-0.025840,0.010097
0.158540,-0.010927,0.158126,0.043537
0.022022,-0.021084,-0.010239,-0.072538
0.101471,-0.051514,0.106825,0.051567
0.112565,-0.056050,0.103986,0.065542
-0.038276,-0.033632,-0.039302,-0.033589
-0.058622,-0.031839,-0.027948,-0.026224
0.030420,-0.061862,0.027606,0.020012
-0.027143,0.121423,-0.111604,-0.125665
0.084651,0.273230,0.008976,0.010344
0.036178,0.138392,0.012974,0.062775
0.010522,0.041088,-0.043452,0.052123
-0.074257,-0.007532,-0.008402,0.026902
-0.022462,-0.071401,0.017466,0.065894
0.034564,-0.055723,0.040044,0.048700
-0.057623,-0.077124,-0.005681,0.006311
-0.054729,-0.070304,-0.019401,0.005566
0.108584,-0.043573,0.104756,0.050559
-0.009585,-0.030964,-0.058430,-0.029518
0.168972,-0.010942,0.169445,0.051852
0.014830,-0.104633,-0.054131,0.001863
0.141973,-0.023059,0.145829,0.045022
0.009891,-0.044424,0.044878,-0.020229
-0.002079,-0.066555,-0.085514,0.008480
-0.005811,-0.056395,-0.090188,0.006725
0.072646,-0.037822,0.090179,0.016294
-0.056762,-0.043358,-0.025367,-0.018916
-0.097958,0.066394,-0.232853,0.137498
0.050490,-0.023554,0.066868,-0.129507
-0.007109,-0.043741,0.036503,-0.045158
-0.102624,-0.024965,0.016594,-0.034683
-0.086746,-0.025127,0.007225,-0.041030
-0.037927,-0.031385,-0.026523,-0.049843
-0.013324,-0.048682,-0.049358,-0.034313
0.083002,-0.035810,0.094183,-0.013096
0.033237,-0.036159,0.067516,-0.065131
-0.006515,-0.054667,-0.076781,-0.007712
-0.008087,-0.045913,-0.086920,-0.004756
0.179739,-0.016164,0.172930,0.098902
-0.055220,-0.034465,-0.002203,-0.049560
-0.061308,-0.041185,-0.027246,-0.014660
-0.102518,0.070713,-0.232719,0.137672
0.094178,-0.002985,0.115011,-0.083613
0.008508,-0.016270,0.056236,-0.002721
-0.104018,-0.019778,0.013684,-0.035565
-0.084274,-0.021582,0.002895,-0.042716
-0.035446,-0.029716,-0.032790,-0.047725
-0.014845,-0.042359,-0.051763,-0.036710
0.026002,-0.045586,0.033169,-0.057931
0.020311,-0.035277,0.039902,-0.091460
-0.007363,-0.046618,-0.081373,-0.010323
-0.024032,-0.040597,-0.070528,-0.010511
0.003046,-0.121488,0.011283,-0.007562
-0.039601,-0.033739,-0.052469,-0.014886
-0.073061,-0.033255,-0.025433,-0.012976
-0.021309,-0.063032,-0.007268,-0.021370
-0.058149,0.104376,-0.079149,-0.111176
-0.086862,0.135055,0.058433,0.019488
-0.091273,0.097338,-0.044615,0.026131
-0.032491,0.104118,-0.039621,0.066733
-0.010358,0.064861,-0.037093,0.055631
-0.022581,-0.000598,-0.052686,0.030368
-0.064945,-0.024997,-0.017513,0.012451
-0.013876,-0.057604,0.011226,0.023382
0.044158,-0.048840,0.058209,0.037472
-0.061329,-0.067661,-0.011922,0.004969
-0.055252,-0.063714,-0.025786,0.004841
0.162603,-0.038821,0.180616,0.084984
-0.019095,-0.033814,-0.071129,-0.016517
-0.018407,-0.034565,-0.072418,-0.018423
0.033472,-0.041536,0.069417,-0.024819
-0.007089,-0.057020,-0.093377,0.011813
-0.021389,-0.045493,-0.081926,0.003149
0.100331,-0.095078,0.089662,0.033498
-0.062459,-0.033553,-0.032645,-0.016046
-0.063926,-0.028576,-0.027039,-0.024637
-0.100413,-0.030175,0.005281,-0.020175
-0.008312,-0.072194,0.001101,-0.008757
0.103190,0.070248,-0.042305,-0.070642
0.085420,0.274553,-0.012004,0.057527
-0.000909,0.142711,-0.106196,0.061248
0.010495,0.085362,-0.057880,0.062526
0.009652,0.073034,0.070290,-0.014602
-0.118189,-0.032480,-0.008755,0.023090
0.005482,0.021271,0.053437,0.043378
-0.056786,-0.039767,-0.018521,0.010637
-0.071106,-0.055028,-0.028809,0.009286
-0.066953,-0.057928,-0.024230,0.006553
-0.059838,0.097212,-0.043185,-0.010684
0.078282,0.197959,-0.036035,-0.243718
0.169939,0.374640,0.160991,0.002725
0.112216,0.362339,0.242700,0.008632
0.000638,0.354278,0.228428,0.008296
-0.086485,0.289483,0.173983,-0.003973
-0.026170,0.337444,0.189488,0.012930
-0.147941,0.185699,-0.048888,0.001330
-0.127934,0.222619,-0.061627,-0.002144
-0.113328,0.164501,-0.115654,-0.013465
0.161715,0.280581,0.184330,0.040211
0.111676,0.004568,0.157094,0.182280
0.005844,-0.024546,0.064717,0.159943
0.176973,0.046167,0.208678,0.246843
-0.010508,-0.049760,-0.074069,0.009681
0.185532,-0.019075,0.192734,0.246989
-0.125339,-0.047580,-0.007523,0.037628
-0.110336,-0.048360,-0.002643,0.017710
-0.041987,-0.072746,-0.045073,0.014311
-0.035817,-0.063878,-0.062998,0.017034
-0.099444,-0.029481,-0.013427,0.006860
-0.114690,-0.021673,0.000173,-0.008033
-0.040570,-0.058917,-0.027711,-0.017661
-0.033396,-0.056458,-0.034861,-0.020947
-0.078768,-0.027713,0.002834,-0.041492
-0.094270,-0.030053,0.002108,-0.023130
-0.013218,-0.062830,-0.001920,-0.017088
0.061381,0.110723,-0.070046,-0.096449
0.153415,0.278487,0.254711,0.017063
0.013629,0.242498,0.122862,0.050572
0.036342,0.227798,0.170478,0.094263
0.001411,0.204212,0.117651,0.084680
0.015998,0.172905,0.118966,0.102651
-0.109588,-0.001490,-0.050453,0.026878
-0.060037,-0.029879,-0.067892,0.023611
-0.088943,-0.051956,-0.018343,0.032999
-0.105401,-0.052699,-0.008229,0.023802
-0.044826,-0.073845,-0.049713,0.022737
-0.035909,-0.064691,-0.074827,0.029750
0.069540,-0.019979,0.108104,0.129277
-0.072908,-0.041752,-0.014414,0.031715
-0.033727,-0.051230,-0.072590,0.011887
-0.026501,-0.048095,-0.068481,-0.002593
-0.018580,-0.018224,0.018575,-0.093012
-0.045841,-0.023361,0.010856,-0.085639
-0.026025,-0.053946,-0.046608,-0.019099
-0.015788,-0.051241,-0.061738,-0.016910
0.084406,-0.033187,0.086978,0.020867
0.012599,-0.044544,0.041778,-0.077761
-0.008818,-0.052610,-0.082070,-0.002179
-0.021485,-0.044167,-0.078501,-0.001516
0.027917,-0.122665,0.008997,0.003126
-0.068583,-0.037130,-0.033215,-0.004725
-0.089563,-0.033340,-0.015572,-0.005957
-0.047302,-0.047884,-0.021053,-0.026825
-0.081670,0.075264,-0.228753,0.123776
-0.027660,0.050543,-0.061735,-0.033731
-0.034705,0.020099,-0.056990,-0.050670
0.048099,-0.038483,0.088344,-0.011888
-0.104147,-0.025483,0.016862,-0.032909
-0.089686,-0.022976,0.006678,-0.039693
-0.043146,-0.029255,-0.026214,-0.047063
-0.018500,-0.038532,-0.049567,-0.039079
0.032154,-0.052753,0.013605,-0.011205
-0.051391,-0.030950,-0.009008,-0.054003
-0.073395,-0.031629,-0.014368,-0.025665
-0.037877,-0.052199,-0.015993,-0.031164
-0.007713,0.014826,0.112737,0.250353
-0.048584,0.143730,-0.031818,-0.010416
0.002592,0.091083,0.020383,-0.030352
0.043407,0.044869,0.001230,-0.110899
0.024178,0.004430,-0.011011,-0.104254
0.033572,-0.002936,0.063954,-0.000245
-0.002241,-0.037915,0.022891,-0.018895
0.037715,-0.018677,-0.007854,-0.123127
0.016339,-0.021581,-0.046477,-0.090237
0.085504,-0.055833,0.090797,-0.034388
-0.013911,-0.039021,-0.081095,-0.011634
-0.024553,-0.037130,-0.069384,-0.014492
0.016427,-0.102534,0.039440,-0.008785
-0.012870,-0.032246,-0.069320,-0.028623
-0.048401,-0.033099,-0.038650,-0.024509
0.027866,-0.088762,0.019911,0.023735
0.000999,0.013004,0.130222,0.250842
0.115895,0.220326,0.124020,0.028826
0.178358,0.199336,0.180018,0.028264
0.149391,0.062447,0.142411,-0.048387
0.074910,0.084941,0.080409,0.014488
0.017680,0.019636,0.021148,-0.010691
0.041981,-0.022131,-0.003050,-0.136803
0.014469,-0.022883,-0.029853,-0.104267
0.092296,-0.051280,0.095630,-0.012311
-0.008741,-0.036745,-0.078540,-0.021647
-0.015932,-0.034560,-0.071433,-0.023732
-0.002471,-0.100418,0.005359,-0.011079
-0.013221,-0.031243,-0.038194,-0.042955
-0.053386,-0.036402,-0.042468,-0.012154
0.008879,-0.104481,-0.001509,0.008911
-0.035472,0.118641,-0.105680,-0.120943
0.114609,0.298368,0.008037,0.015850
0.075605,0.231024,-0.000945,0.023472
0.025503,0.121385,-0.024590,0.026937
-0.035954,0.034104,-0.020613,0.020735
0.029513,-0.002918,0.135801,0.035795
-0.027836,-0.020860,-0.085123,0.006934
-0.031287,-0.023227,-0.084054,-0.005359
-0.014783,-0.028042,0.012332,-0.012888
0.002405,-0.103413,-0.009441,-0.006819
-0.012970,-0.101428,-0.033364,0.006671
-0.080129,-0.045510,-0.038332,0.041895
-0.108856,-0.033730,-0.009536,0.007764
0.000763,-0.107671,-0.016017,0.002574
0.097507,0.091664,-0.078790,0.038649
0.004859,0.033758,-0.041903,-0.020268
0.031874,0.038252,-0.053817,-0.051034
0.053989,0.014200,-0.052741,-0.056189
0.065756,-0.004318,-0.053054,-0.054132
0.085131,-0.031726,-0.067571,-0.052369
0.071226,-0.080572,-0.016751,-0.069007
0.254979,-0.021136,0.306819,0.019367
-0.104528,-0.051215,0.015883,-0.005809
-0.118523,-0.033148,0.010397,-0.004402
-0.067900,-0.041515,-0.016042,-0.020220
-0.034303,-0.046350,-0.025403,-0.033374
-0.078892,-0.026065,0.002265,-0.042814
-0.086021,-0.028098,0.007499,-0.038885
-0.043546,-0.053711,-0.019275,-0.025164
0.063395,0.110755,-0.071165,-0.096530
0.148459,0.300134,0.244288,0.013414
0.001756,0.261950,0.103449,0.044435
0.015392,0.177944,0.161233,0.073095
-0.029961,0.213535,0.119067,0.047073
-0.005459,0.243151,0.150804,0.073766
-0.140006,0.053201,-0.064363,0.016677
-0.101175,0.044064,-0.108084,0.022866
-0.072058,0.036615,-0.121400,0.012336
0.134118,0.113189,0.138959,0.048568
-0.046824,-0.015192,-0.014174,0.023400
0.164865,0.016857,0.187669,0.147233
-0.016222,-0.056078,-0.091534,0.022146
0.186224,-0.002100,0.195681,0.158705
-0.111533,-0.031398,-0.013234,0.012206
-0.059802,0.097195,-0.043186,-0.010681
-0.036322,0.088330,-0.059179,-0.019247
0.019620,0.011158,-0.002502,-0.033719
-0.113502,0.006442,-0.036729,0.002852
-0.137560,0.033909,-0.039856,-0.002035
-0.102904,0.054082,-0.091780,-0.003573
0.098444,0.289975,0.131493,0.064728
-0.066796,0.202227,0.029964,-0.052067
0.067420,0.199050,0.107113,-0.003535
-0.038171,-0.003308,-0.052844,-0.050637
-0.024026,-0.021887,-0.045403,-0.048284
-0.031861,-0.005201,0.019647,-0.126656
-0.053553,-0.012716,0.009379,-0.088152
-0.023379,-0.047095,-0.031968,-0.041652
-0.021197,-0.048622,-0.037777,-0.038078
-0.031835,-0.032909,0.023624,-0.104047
-0.038370,-0.057332,-0.016367,-0.026273
-0.084886,0.069412,-0.025046,-0.104002
-0.091486,0.098236,-0.044418,0.024613
-0.034268,0.104842,-0.039992,0.064178
-0.012121,0.049824,-0.042403,0.058259
-0.074102,-0.034679,-0.027364,0.030577
-0.018014,-0.065107,0.069474,0.115071
-0.032702,-0.045272,-0.081896,0.021273
-0.021748,-0.033199,-0.093108,0.006782
-0.015685,-0.027308,-0.058989,-0.012137
0.213327,-0.018719,0.213312,0.122055
0.007163,-0.085418,-0.076015,0.011277
0.149208,-0.016748,0.164484,0.078315
-0.085784,-0.026743,-0.012857,-0.019172
-0.084530,-0.030929,0.003726,-0.033554
0.037299,-0.068775,0.031005,0.027887
-0.100968,0.083242,-0.017361,-0.109324
-0.131000,0.098398,-0.021890,-0.026057
-0.146210,0.097696,-0.027881,-0.015002
-0.147284,0.099487,-0.035029,0.002764
-0.117676,0.107420,-0.040921,0.031352
-0.073820,0.103383,-0.045217,0.044571
-0.036292,0.089527,-0.040026,0.048496
-0.013813,0.064846,-0.036453,0.045228
-0.017206,0.015419,-0.046923,0.030423
-0.061712,-0.008788,-0.010558,0.011710
-0.011265,-0.040694,0.000675,0.006908
0.055467,0.000207,0.045419,0.002615
-0.062042,-0.032961,-0.005316,-0.007117
-0.066211,-0.028240,-0.013526,-0.008009
0.160722,0.029054,0.168619,0.039434
-0.031785,-0.027093,-0.081571,0.002632
-0.047887,-0.035053,-0.059761,0.028584
0.196408,-0.048782,0.202731,0.185503
-0.007291,-0.092783,-0.073173,0.028222
0.201525,-0.013963,0.202322,0.202582
-0.114736,-0.029163,-0.017555,0.018524
-0.110818,-0.027536,-0.000308,-0.005709
-0.037292,-0.065663,-0.027570,-0.014695
-0.030069,-0.057748,-0.030682,-0.027160
0.007497,-0.103808,-0.003257,0.008022
0.011061,-0.005120,0.146288,0.255717
0.094044,0.054348,0.099605,-0.007415
-0.011527,-0.025883,0.003975,-0.045158
-0.022982,-0.049052,-0.008651,-0.042942
0.057655,-0.031340,0.042622,-0.133466
0.057320,-0.021126,0.033687,-0.134008
-0.018508,-0.075199,0.007907,-0.016189
-0.022127,-0.074827,-0.019591,-0.015271
0.019129,-0.027191,-0.003351,-0.107040
-0.022415,-0.032001,-0.040562,-0.048593
0.125831,-0.021540,0.137815,0.032179
-0.010378,-0.048181,-0.088899,0.001782
-0.023478,-0.042099,-0.073390,-0.006703
0.012061,-0.124162,-0.003139,-0.000983
-0.051135,-0.034044,-0.037388,-0.019925
-0.078576,-0.032403,-0.018885,-0.014973
-0.035810,-0.059070,-0.015043,-0.026185
0.103493,0.073458,-0.047128,-0.073503
0.083863,0.300010,-0.006247,0.041241
0.000835,0.167497,-0.105163,0.057946
0.020987,0.101792,-0.050316,0.083569
0.049402,0.095103,0.102327,0.001783
-0.112734,-0.046001,-0.016170,0.034717
-0.038540,-0.059539,-0.004883,0.033543
-0.091373,-0.044400,-0.034723,0.028680
-0.106483,-0.034458,-0.023565,0.021369
-0.021095,-0.064729,0.009248,0.039414
-0.060708,-0.058732,-0.026066,0.001813
-0.103268,-0.020923,-0.009845,-0.011091
-0.093454,-0.024321,-0.001978,-0.025509
-0.052163,-0.040526,-0.018576,-0.031523
-0.070211,-0.044333,-0.002630,-0.028504
-0.054392,-0.034421,-0.022805,-0.034060
-0.014221,-0.036731,-0.068777,-0.025948
0.180998,0.083181,0.175557,0.087364
-0.053563,-0.014359,-0.000044,-0.069461
0.120975,-0.012459,0.147011,0.063056
-0.022209,-0.035056,-0.106133,0.017724
-0.036589,-0.043219,-0.079649,0.013853
-0.014515,-0.100483,-0.026335,0.002418
-0.077171,-0.039485,-0.042503,0.019716
-0.098325,-0.032889,-0.012498,-0.000686
-0.089938,-0.039681,-0.009256,-0.005608
-0.039520,-0.062259,-0.047630,0.003732
-0.032265,-0.058926,-0.048792,-0.005695
-0.037849,-0.057996,-0.016265,-0.025854
-0.008349,0.017580,0.115257,0.248482
-0.014958,0.135189,-0.045661,-0.003926
0.002754,0.116656,0.021006,-0.025579
0.037443,0.058384,-0.016668,-0.118246
0.024736,0.010754,-0.013344,-0.109501
0.041810,0.005009,0.070030,0.004293
0.000941,-0.035637,0.024505,-0.017663
0.037316,-0.018662,-0.008397,-0.126822
0.017512,-0.021394,-0.045749,-0.092165
0.175032,-0.032667,0.169402,0.068577
-0.000080,-0.070170,-0.070997,-0.004136
0.168274,-0.036977,0.160166,0.099325
-0.040900,-0.034314,0.001032,-0.067126
-0.058136,-0.042886,-0.025865,-0.017517
-0.005636,0.023407,0.119769,0.247981
-0.035625,0.142607,-0.040760,-0.010441
0.010133,0.091224,0.013115,-0.031540
0.045850,0.015371,0.012488,-0.142610
0.042262,-0.019140,0.007122,-0.130061
0.008915,-0.028631,0.018514,-0.014582
-0.011999,-0.051033,-0.014609,-0.030307
0.050965,-0.026332,0.020158,-0.177501
0.020953,-0.025942,-0.020818,-0.114944
0.048220,-0.103772,0.022039,0.018046
0.030638,-0.114993,-0.009453,0.006868
-0.050797,-0.031464,-0.024163,-0.037838
-0.086169,-0.032582,-0.017216,-0.008876
0.001149,-0.106502,-0.014537,0.003024
0.102242,0.086188,-0.079228,0.036865
0.032704,0.011914,-0.037473,-0.046700
0.062995,0.007998,-0.051548,-0.070962
0.074969,-0.014675,-0.050845,-0.069680
0.084107,-0.043297,-0.065823,-0.063693
0.063901,-0.085516,-0.019463,-0.084740
0.222791,-0.053872,0.278588,0.009255
-0.097424,-0.055415,0.023553,-0.016383
-0.115835,-0.040104,0.019002,-0.008741
-0.076174,-0.048685,-0.006797,-0.014022
-0.053112,-0.043862,-0.023570,-0.023377
-0.077231,0.075425,-0.226383,0.120947
-0.035557,0.058101,-0.061578,-0.035257
-0.037212,0.024592,-0.058070,-0.050370
0.097191,-0.029195,0.128553,-0.078945
-0.108829,-0.026263,0.013512,-0.024095
-0.101507,-0.016503,0.002499,-0.030164
-0.050181,-0.026961,-0.029074,-0.039459
-0.015390,-0.039821,-0.061323,-0.029121
0.009200,-0.023210,0.027665,-0.118560
-0.009165,-0.023786,0.027690,-0.124545
-0.016185,-0.050761,-0.051525,-0.027207
-0.012857,-0.045139,-0.067796,-0.019885
0.060692,-0.065857,0.037629,0.019407
-0.054203,-0.030503,-0.019222,-0.041385
-0.081169,-0.030774,-0.012787,-0.020226
-0.047142,-0.051061,-0.020733,-0.024259
0.103864,0.076299,-0.051539,-0.075993
0.084907,0.325497,-0.000436,0.018960
0.007268,0.208614,-0.104580,0.040251
0.015400,0.160290,-0.041491,0.077034
0.124608,0.221812,0.177917,0.053775
-0.135640,-0.015109,-0.014776,0.030642
-0.119718,-0.033671,-0.020871,0.028759
-0.058856,-0.057994,-0.059667,0.030853
0.026569,-0.077648,0.051887,0.108433
-0.038704,-0.052515,-0.016656,-0.030398
0.151104,0.068225,-0.031400,-0.058810
0.158108,0.367982,-0.033345,-0.027466
0.159434,0.322410,-0.059735,-0.018849
0.165583,0.320332,-0.055733,0.013839
0.159571,0.292649,-0.055218,0.045051
0.148528,0.236505,-0.055511,0.070050
0.136128,0.170424,-0.057238,0.074743
0.134214,0.121856,-0.053616,0.070727
0.112581,0.064366,-0.098683,0.056921
0.171728,0.074336,0.076265,0.069689
0.255224,0.016940,0.270858,0.055655
0.071004,0.102749,0.138377,0.032514
-0.116137,-0.020138,-0.001093,0.000771
-0.104297,-0.018684,-0.014347,0.000497
-0.054489,-0.049263,-0.020412,0.019223
-0.018276,-0.070452,0.013074,0.064759
-0.076441,-0.058258,-0.048641,0.037665
-0.060062,-0.048027,-0.076335,0.038797
-0.015054,-0.058508,-0.099656,0.027654
-0.058381,-0.021565,0.004003,0.016250
-0.104181,-0.025036,-0.004685,-0.009621
-0.015385,-0.060772,-0.014930,-0.008132
-0.021198,-0.061574,-0.026748,-0.029037
-0.081349,-0.031313,0.004966,-0.037783
0.024929,-0.093576,0.016587,0.021181
-0.005942,0.023141,0.119561,0.247857
0.094788,0.187907,0.092367,0.010262
0.135152,0.141507,0.138484,0.006988
0.113047,0.040023,0.120410,-0.037548
-0.025322,-0.001611,-0.011247,-0.036968
-0.035132,-0.021537,-0.022687,-0.035509
0.079217,-0.036048,0.054380,-0.130847
0.035173,-0.022381,-0.016937,-0.132163
0.138032,0.003724,0.122018,0.071992
-0.003869,-0.048194,-0.075431,-0.018127
0.021473,-0.095779,-0.013381,-0.003701
-0.018363,-0.030551,-0.023984,-0.070307
-0.057611,-0.033148,-0.028309,-0.025982
-0.059829,0.097208,-0.043185,-0.010683
-0.067806,0.066395,-0.120951,-0.013384
-0.001004,0.029586,-0.068498,-0.005563
-0.061834,0.146681,-0.028519,0.001157
-0.022142,0.133261,0.013665,-0.013943
0.062879,0.106176,0.014609,-0.090106
0.031098,0.029410,-0.010440,-0.114829
-0.016070,-0.036197,0.013355,-0.036729
-0.031435,-0.049078,-0.000612,-0.035461
0.050548,-0.026750,0.024006,-0.121607
0.027442,-0.018699,-0.024874,-0.113630
0.093099,-0.033576,0.112894,0.031844
0.067855,-0.061923,0.085544,0.022243
-0.015158,-0.031011,-0.061518,-0.035896
-0.044676,-0.030760,-0.041580,-0.027388
0.027778,-0.090692,0.019737,0.023456
0.001157,0.068817,-0.172648,0.077383
0.083188,0.001934,-0.051756,-0.044929
0.061450,0.000266,-0.047531,-0.072433
0.076092,-0.015709,-0.050880,-0.071725
0.084892,-0.043787,-0.065415,-0.063996
0.064670,-0.086428,-0.019518,-0.084253
0.260684,-0.032926,0.313706,0.023821
-0.099773,-0.054770,0.022566,-0.013691
-0.114501,-0.039067,0.019374,-0.011484
-0.071216,-0.048486,-0.009021,-0.016955
-0.059788,0.097188,-0.043187,-0.010680
-0.036234,0.088308,-0.059187,-0.019242
0.019659,0.011156,-0.002434,-0.033717
-0.112969,0.005622,-0.036062,0.002332
-0.129558,0.019234,-0.018827,-0.016477
-0.079705,0.012595,-0.035787,-0.042560
-0.032461,0.017950,-0.012444,-0.071565
-0.032247,-0.007101,-0.020121,-0.056972
-0.038404,-0.031299,-0.030061,-0.045913
-0.028660,-0.031812,-0.044076,-0.041129
-0.008988,-0.045511,-0.063037,-0.028138
0.071781,-0.052619,0.083005,-0.059898
0.072403,-0.036432,0.087210,-0.050873
-0.003228,-0.052798,-0.088520,-0.001123
-0.011624,-0.043597,-0.085039,-0.005411
0.182784,-0.037513,0.176261,0.103873
-0.048626,-0.036507,-0.007143,-0.048414
-0.003600,-0.069608,0.003726,-0.004830
0.006283,-0.008360,0.139899,0.254462
0.022888,0.008303,-0.027128,-0.051173
-0.004813,-0.005174,-0.014327,-0.049858
-0.010606,-0.031584,0.007134,-0.045178
0.002302,-0.037806,-0.024865,-0.069129
0.011833,-0.043752,-0.009966,-0.065971
-0.038935,-0.070012,0.000898,-0.020135
-0.041779,-0.066876,-0.003548,-0.019308
0.063289,-0.041562,0.060426,-0.072290
0.017881,-0.029271,0.000524,-0.046278
0.038568,-0.117066,0.073308,-0.007154
0.087074,-0.101379,0.089399,0.035103
-0.042110,-0.034529,-0.038559,-0.029645
-0.065271,-0.031817,-0.026356,-0.021180
-0.035746,-0.059620,-0.015381,-0.024980
0.128002,0.056739,-0.015919,-0.052532
0.074820,0.219870,-0.068534,0.057082
0.028278,0.141087,-0.090803,0.046788
0.221469,0.084972,0.211975,0.109697
-0.035825,0.070536,0.053965,0.002178
-0.111316,-0.014595,-0.004323,0.020709
-0.019626,-0.054236,0.015534,0.048318
0.000088,-0.027657,0.027469,0.059984
-0.092075,-0.049890,-0.026272,0.022561
-0.062170,-0.045227,-0.069608,0.031354
-0.025142,-0.051329,-0.083014,0.013827
0.118907,-0.072846,0.108393,0.054783
-0.094105,-0.027720,-0.039645,0.018737
-0.080965,-0.027589,-0.029241,-0.004075
-0.111520,-0.024584,0.006304,-0.015331
-0.045059,-0.054433,-0.015636,-0.007089
-0.069268,-0.047205,-0.018109,-0.011097
-0.042585,-0.040144,-0.057237,-0.005711
-0.006079,-0.046858,-0.093600,0.000863
0.185871,-0.021370,0.183125,0.091075
-0.073622,-0.034559,-0.005361,-0.030818
0.031016,-0.085006,0.023830,0.025596
-0.033913,0.127970,-0.111096,-0.125739
0.148989,0.336421,0.016847,0.009424
0.140191,0.324259,0.016695,0.024672
0.084127,0.225990,-0.000134,0.022520
0.022165,0.116137,-0.022725,0.020498
-0.054796,0.028311,-0.006168,0.019387
0.103949,-0.001934,0.176324,0.077334
-0.005824,-0.017332,-0.061810,0.021560
0.100158,-0.009060,0.107243,0.021607
-0.024594,-0.084077,0.023118,-0.027111
-0.024058,-0.083080,0.006076,-0.023832
-0.033031,-0.017919,-0.066774,-0.015229
-0.071018,-0.020696,-0.044184,-0.009051
-0.065199,-0.038676,-0.004341,-0.025645
-0.024770,-0.058876,-0.081741,0.019711
-0.016730,-0.052394,-0.094003,0.017451
0.115337,-0.101886,0.087631,0.063367
-0.092521,-0.034706,-0.018431,0.001245
-0.094821,-0.031860,-0.013222,-0.003543
-0.104574,-0.032234,-0.001152,-0.007238
-0.052930,-0.064940,-0.023031,-0.003525
-0.036145,-0.058713,-0.015206,-0.026290
0.050269,0.102551,-0.062250,-0.094665
0.188944,0.260380,0.255859,0.047415
0.097976,0.173898,0.192743,0.100361
0.041698,0.209840,0.145715,0.078022
-0.023427,0.125081,0.082191,0.054616
0.027259,0.114524,0.084136,0.089554
-0.032555,-0.035413,-0.001843,0.048449
-0.064778,-0.049055,-0.052055,0.020603
-0.046221,-0.053389,-0.069116,0.023050
-0.047639,-0.047722,-0.021223,-0.026570
0.014574,-0.005751,0.149960,0.257253
0.000735,0.025786,-0.006384,-0.042043
0.016038,-0.025932,0.040069,-0.023901
0.011715,-0.016800,-0.028024,-0.092075
0.007360,-0.015622,-0.060102,-0.074134
0.088263,-0.050660,0.092854,-0.047968
-0.014587,-0.041629,-0.062564,-0.026813
-0.024051,-0.039815,-0.059472,-0.022020
0.115477,-0.083657,0.157636,0.046770
-0.006452,-0.029175,-0.084315,-0.024348
-0.039942,-0.034191,-0.054428,-0.015826
0.032088,-0.081058,0.026530,0.025962
0.233923,0.046678,0.051732,-0.022423
0.154091,0.200397,-0.040916,0.063329
0.160697,0.146182,-0.012113,0.095735
0.171675,0.088586,-0.046174,0.086626
0.179033,0.024706,-0.073461,0.081678
0.150694,-0.031709,-0.091228,0.053207
0.206458,-0.030518,0.102797,0.064122
0.269111,-0.046294,0.280149,0.041983
-0.026159,-0.071891,0.037432,-0.006238
-0.061161,-0.057538,0.016598,-0.003760
-0.062262,-0.033080,-0.034573,-0.005694
-0.060552,-0.040385,-0.031779,0.006284
-0.092021,-0.054212,-0.009769,0.010330
-0.091222,-0.051703,-0.010559,0.007806
-0.005091,-0.061353,0.003764,-0.011735
-0.048367,0.056474,-0.218362,0.112480
-0.016150,0.015022,-0.058082,-0.059485
-0.002799,-0.013759,-0.054318,-0.062386
0.011386,-0.051820,0.009444,-0.107454
-0.078223,-0.055203,0.022229,-0.034461
-0.102888,-0.035383,0.021051,-0.028458
-0.070884,-0.038901,-0.009582,-0.026311
-0.043965,-0.049633,-0.019363,-0.028867
0.151164,0.071887,-0.040092,-0.062144
0.177494,0.392686,-0.024371,-0.038620
0.175106,0.344192,-0.055142,-0.012538
0.176798,0.340084,-0.052047,0.019975
0.166725,0.309924,-0.052343,0.050107
0.153987,0.253010,-0.054343,0.070380
0.141054,0.190602,-0.057563,0.070495
0.136145,0.137738,-0.055708,0.069640
0.115246,0.084836,-0.096991,0.059525
0.174789,0.074809,0.063806,0.097329
0.199087,-0.033746,0.204843,0.038315
-0.063456,-0.060583,0.010923,0.011980
-0.075270,-0.075599,-0.001309,0.019481
-0.064378,-0.047698,-0.040193,0.024252
-0.069337,-0.039758,-0.041395,0.011358
-0.079025,-0.053095,-0.016966,0.003411
-0.074691,-0.054719,-0.017711,0.001444
-0.031103,-0.072071,-0.018240,-0.005362
-0.096991,-0.029738,0.008361,-0.027076
-0.091408,-0.027698,0.011898,-0.038113
-0.053273,-0.026534,-0.023213,-0.042018
-0.060313,-0.037534,-0.018623,-0.029208
-0.054116,-0.029073,-0.045313,-0.017176
-0.013913,-0.055964,-0.070263,-0.005435
-0.065850,-0.013219,-0.001084,-0.058206
-0.105085,-0.017483,-0.002501,-0.019887
-0.028904,-0.063831,-0.060361,0.008225
-0.014551,-0.065332,-0.097079,0.031303
0.005370,-0.070654,0.047209,0.094570
-0.051413,-0.047985,-0.022819,-0.022005
-0.111543,0.085838,-0.233118,0.135706
0.054603,0.032575,0.068143,-0.063416
0.058706,0.030012,0.094552,-0.076970
-0.105897,-0.010833,0.006880,-0.035824
-0.091909,-0.012140,-0.000440,-0.041185
-0.039127,-0.025473,-0.032070,-0.049006
-0.014594,-0.042974,-0.049769,-0.038306
-0.000973,-0.027068,0.035358,-0.148004
-0.027863,-0.026411,0.025751,-0.116485
-0.015282,-0.062814,-0.048235,-0.019344
-0.007078,-0.049992,-0.087695,-0.000911
0.170856,-0.017552,0.175623,0.077262
-0.077462,-0.035835,-0.004819,-0.026479
0.022359,-0.095202,0.013946,0.019395
0.349732,0.050340,0.137306,-0.008766
0.199720,0.227665,-0.027361,0.052443
0.185685,0.182625,-0.077078,0.071042
0.181447,0.124730,-0.076681,0.074017
0.166616,0.045437,-0.099079,0.067648
0.259497,0.037625,0.123095,0.119843
0.258190,-0.065149,0.240756,0.058322
-0.043401,-0.078239,0.017125,0.009563
-0.085941,-0.077634,0.001297,0.024513
-0.056301,-0.048091,-0.030001,0.022186
-0.063846,-0.037885,-0.034802,0.001980
-0.083721,-0.046951,-0.009773,-0.005232
-0.070432,-0.048485,-0.008608,-0.018153
0.045392,-0.063255,0.036973,0.033668
0.000569,-0.006907,0.126001,0.252981
-0.027342,0.050832,-0.022762,-0.038592
-0.011109,-0.004019,0.009465,-0.044821
0.007818,-0.022836,-0.020927,-0.089612
0.006282,-0.031062,-0.023148,-0.080293
0.011766,-0.060514,0.038789,-0.012864
-0.014551,-0.074978,0.010743,-0.027555
0.029082,-0.035576,0.015719,-0.113152
0.002540,-0.029913,-0.025979,-0.067818
0.077968,-0.117941,0.105185,0.021005
0.077459,-0.118916,0.081089,0.022964
-0.057392,-0.037719,-0.051093,0.003133
-0.080344,-0.035276,-0.028170,0.000276
-0.058349,-0.042611,-0.026011,-0.017435
-0.067239,0.067068,-0.224599,0.118593
-0.024448,0.032311,-0.060782,-0.049766
-0.016723,-0.002015,-0.055218,-0.059345
0.032557,-0.050804,0.053366,-0.155078
-0.095084,-0.041469,0.022746,-0.031872
-0.098949,-0.027908,0.017809,-0.036630
-0.049600,-0.038963,-0.012610,-0.044504
-0.023402,-0.050097,-0.038092,-0.034086
0.000412,-0.062673,0.007241,-0.006398
0.021057,0.053718,-0.169978,0.072729
0.046291,-0.014045,-0.018665,-0.082321
0.093392,-0.044439,-0.030449,-0.083046
0.080788,-0.048193,-0.061729,-0.071603
0.067423,-0.084945,-0.015348,-0.090734
0.262336,-0.035571,0.314166,0.039558
-0.095726,-0.055571,0.025181,-0.019547
-0.114175,-0.041420,0.019948,-0.010030
-0.079401,-0.051833,-0.007554,-0.006890
-0.038109,-0.054480,-0.016659,-0.028894
0.065652,0.103248,-0.070654,-0.095881
0.143023,0.340808,0.206790,0.015967
-0.023859,0.253565,0.041594,0.039541
0.060918,0.291539,0.193857,0.085346
-0.064596,0.143111,0.065759,0.026185
-0.134064,0.021737,-0.040513,0.034153
-0.008330,0.038768,0.003842,0.019959
-0.137811,-0.020061,-0.008224,0.023853
-0.132539,-0.027804,-0.002613,0.019194
-0.053768,-0.074884,-0.027641,0.020297
-0.046462,-0.075409,-0.047211,0.023463
-0.111014,-0.049059,-0.004218,0.021322
-0.127774,-0.028413,0.003200,0.008674
-0.028127,-0.056529,-0.001964,0.018076
-0.060822,-0.049918,-0.022265,-0.012673
-0.040100,-0.041434,-0.041868,-0.022277
-0.006083,-0.061176,-0.066605,-0.011808
-0.010566,-0.041718,0.035375,-0.097542
0.003987,-0.105913,-0.008687,0.005240
-0.033256,0.129550,-0.112214,-0.126715
0.155167,0.342163,0.018920,0.009432
0.148774,0.335690,0.019092,0.029512
0.071557,0.214394,-0.004207,0.030734
0.000747,0.087571,-0.029230,0.024054
-0.075857,0.000428,-0.012091,0.021263
0.091856,-0.016267,0.136031,0.082851
0.167200,0.011576,0.171145,0.089026
0.177187,-0.014297,0.237220,0.042634
0.260848,0.015908,0.323559,0.100222
0.169312,-0.003119,0.216137,0.052725
-0.003114,-0.023469,-0.000117,-0.027422
0.220679,-0.000182,0.219620,0.161395
-0.000074,-0.090408,-0.076196,0.021663
0.021419,-0.096352,0.012853,0.018577
-0.042707,0.139754,-0.109882,-0.128942
0.180658,0.366148,0.023438,-0.017212
0.173150,0.410976,0.047340,0.002436
0.130086,0.383802,0.041991,0.010097
0.089550,0.341295,0.022914,0.011918
0.066029,0.284293,-0.000770,0.027706
0.053117,0.200245,-0.008272,0.055637
-0.010371,0.051499,-0.047573,0.030789
-0.065487,-0.027062,-0.027821,0.022265
0.043375,-0.047737,0.120968,0.064566
0.142242,-0.030046,0.174909,0.069980
-0.005127,-0.105882,0.057934,-0.002263
0.210675,-0.017082,0.243742,0.108334
-0.022649,-0.037826,-0.070437,-0.005286
-0.047149,-0.037819,-0.062531,0.007196
-0.000175,-0.108173,-0.020386,0.001668
-0.037400,0.122438,-0.106215,-0.122061
0.125815,0.316375,0.010313,0.008490
0.090581,0.270612,0.003411,0.011913
0.046531,0.172816,-0.010866,0.036381
-0.021901,0.066902,-0.013858,0.024637
0.018181,0.010840,0.135428,0.040031
-0.021249,-0.037632,-0.076477,0.033363
-0.020002,-0.039896,-0.094053,0.027949
0.122720,-0.012942,0.183291,0.159587
0.203498,-0.026101,0.231072,0.150531
0.001562,-0.044319,0.030479,0.016135
0.156723,-0.013043,0.168590,0.098391
-0.012130,-0.077775,-0.043494,-0.012257
-0.035214,-0.055169,-0.014991,-0.029748
-0.032304,0.143338,-0.117823,-0.134285
0.147745,0.378158,0.044920,-0.002323
-0.048462,0.222397,0.040025,-0.013851
-0.082434,0.146853,0.046413,0.044395
-0.086215,0.100264,-0.044891,0.032199
-0.051904,0.090311,-0.042858,0.036505
-0.023442,0.076881,-0.036728,0.041819
-0.012805,0.046715,-0.038008,0.034047
-0.019293,0.002885,-0.049898,0.024118
-0.070654,-0.032167,-0.018217,0.017009
-0.020660,-0.072737,0.012537,0.042398
0.041567,-0.050524,0.043606,0.033603
-0.051912,-0.072426,-0.003460,-0.002032
-0.051172,-0.066929,-0.013968,-0.003632
0.101702,-0.031945,0.102874,0.001725
0.005998,-0.033115,-0.006073,-0.037676
0.032742,-0.126298,0.061893,-0.010769
0.059367,-0.123003,0.068451,0.006821
-0.048039,-0.037482,-0.049909,-0.009013
-0.073344,-0.033633,-0.027516,-0.009458
-0.058974,-0.042349,-0.026256,-0.016827
-0.006952,0.013764,0.118166,0.248735
-0.010222,0.140758,-0.050014,0.004018
-0.003088,0.147242,0.019792,-0.012250
0.052629,0.086282,-0.004758,-0.112596
0.026911,0.021701,-0.017949,-0.119394
0.066823,0.026296,0.088619,0.018356
0.009779,-0.028517,0.030344,-0.012865
0.036037,-0.018653,-0.011917,-0.132785
0.008125,-0.022387,-0.052696,-0.077162
0.124384,-0.050963,0.123554,-0.001583
-0.012906,-0.041442,-0.082794,-0.008517
-0.022453,-0.037218,-0.071095,-0.014851
0.069088,-0.089529,0.085448,0.026149
-0.022444,-0.033699,-0.056523,-0.031247
-0.053531,-0.034457,-0.039357,-0.016885
0.030937,-0.080338,0.026066,0.024838
0.249806,0.038845,0.079212,-0.012165
0.151131,0.150009,-0.061635,0.106244
0.171825,0.058105,-0.045101,0.130486
0.173111,-0.022355,-0.041055,0.131011
0.094214,-0.090652,-0.102964,0.081605
0.155811,-0.084041,0.091538,0.143640
-0.073844,-0.073220,-0.006130,0.030307
-0.122510,-0.048598,0.010272,0.015171
-0.086414,-0.046556,-0.013389,0.000686
-0.054570,-0.027762,-0.022308,-0.034124
-0.052656,-0.026966,-0.022048,-0.042545
-0.057110,-0.038364,-0.013261,-0.036943
-0.045428,-0.039900,-0.017540,-0.042811
-0.014313,-0.054126,-0.040175,-0.037053
-0.033597,-0.022235,0.026855,-0.114218
-0.083039,-0.020904,0.003476,-0.044481
-0.023638,-0.058300,-0.054555,-0.008707
-0.021606,-0.053052,-0.062886,-0.008051
-0.070648,-0.020750,-0.001712,-0.038630
-0.102236,-0.034426,-0.013794,0.009501
0.003835,-0.106331,-0.008990,0.005087
-0.029468,0.119730,-0.109771,-0.123728
0.101690,0.278262,0.012239,0.022406
0.039417,0.169065,-0.015532,0.033106
-0.076142,0.019026,-0.013184,0.032152
0.106437,-0.013640,0.200807,0.113626
0.029180,-0.031011,-0.022490,0.065732
0.162253,-0.005379,0.177687,0.130399
0.218307,-0.050717,0.281459,0.127541
0.111021,-0.034284,0.155294,0.103623
0.191840,-0.030556,0.191574,0.127027
0.006390,-0.094631,-0.066918,0.009945
0.113064,-0.022938,0.138903,0.058219
-0.046551,-0.044609,0.016794,-0.042177
-0.018202,-0.066328,-0.060997,-0.000148
-0.012093,-0.059149,-0.064340,-0.010094
-0.022561,-0.039433,0.027516,-0.106859
0.017518,-0.093991,0.008648,0.016109
-0.001087,0.060939,-0.180477,0.081833
0.081005,-0.010750,-0.041317,-0.057173
0.065586,-0.023025,-0.033966,-0.077500
0.081198,-0.030656,-0.051456,-0.081014
0.076749,-0.048518,-0.061177,-0.075912
0.068461,-0.070044,-0.010161,-0.119543
0.202847,-0.052060,0.245195,0.024018
-0.095487,-0.040814,0.022318,-0.031152
-0.120208,-0.020387,0.015459,-0.020501
-0.096381,-0.017484,-0.019148,-0.012655
-0.043240,-0.032760,-0.037372,-0.003319
-0.118254,-0.022477,-0.010857,0.008623
-0.121995,-0.036596,-0.002315,0.017489
-0.059820,0.097203,-0.043186,-0.010683
-0.060313,0.097126,-0.072219,-0.108944
-0.080350,0.096457,0.084445,0.038883
-0.087232,0.063924,-0.045372,0.043617
-0.027581,0.061177,-0.043469,0.075229
-0.012275,-0.001457,-0.056924,0.054847
-0.052839,-0.038435,-0.027632,0.031706
-0.011180,-0.061283,0.029170,0.090893
-0.004644,-0.077145,0.013569,0.036177
-0.066635,-0.070975,-0.005429,0.006810
-0.064057,-0.067440,-0.007616,0.002353
0.050084,-0.042736,0.028871,-0.035680
0.006315,-0.027832,-0.035595,-0.069195
0.191816,-0.029757,0.201537,0.104437
0.000145,-0.082352,-0.056349,-0.006603
0.116962,-0.094435,0.131920,0.051049
-0.042227,-0.038139,-0.068621,0.006214
-0.071522,-0.035050,-0.038199,0.002005
-0.115525,-0.033665,0.005152,-0.000754
-0.034074,-0.073713,-0.018012,-0.003580
-0.000045,-0.108044,-0.019484,0.001815
0.008953,-0.000972,0.142828,0.254599
0.114068,0.081726,0.117441,-0.003057
0.072862,-0.040931,0.085470,-0.050049
-0.020433,-0.040553,0.000512,-0.037345
-0.024759,-0.051204,-0.009741,-0.037130
0.065478,-0.021927,0.044799,-0.155918
0.036619,-0.024981,0.008584,-0.133437
-0.007674,-0.087214,0.012938,-0.011006
-0.013163,-0.089927,-0.004328,-0.009367
-0.016077,-0.031099,-0.056393,-0.032794
-0.056992,-0.034441,-0.033996,-0.019313
0.041629,-0.073313,0.032315,0.032193
0.209804,0.054498,0.020716,-0.035268
0.226253,0.227312,-0.050890,0.035799
0.190678,0.214181,-0.027776,0.063284
0.185637,0.159264,-0.076091,0.080613
0.179107,0.099056,-0.076603,0.075124
0.165082,0.019566,-0.098801,0.068035
0.271568,0.004713,0.144419,0.127982
0.268713,-0.058310,0.262523,0.063484
-0.058485,-0.074500,0.008284,0.011889
-0.072254,-0.069594,0.009007,0.000263
-0.059061,-0.036055,-0.030041,-0.007499
-0.062052,-0.035992,-0.032255,-0.005796
-0.088052,-0.050120,-0.007937,0.000434
-0.081107,-0.053694,-0.010714,-0.000164
-0.002023,-0.069686,0.004768,-0.003661
-0.065403,0.075677,-0.218827,0.113106
-0.060966,0.083804,-0.056349,-0.029715
-0.056829,0.047297,-0.050894,-0.052234
0.000815,-0.027342,-0.007834,-0.093568
-0.088616,-0.044813,0.015978,-0.028204
-0.103703,-0.026616,0.015126,-0.030484
-0.065114,-0.028338,-0.014587,-0.037638
-0.039533,-0.033379,-0.022860,-0.039682
-0.034328,-0.040102,-0.024765,-0.038621
-0.038003,-0.042373,-0.028065,-0.037236
-0.028641,-0.037175,-0.060735,-0.019124
-0.016206,-0.043119,-0.077256,-0.009087
0.129026,-0.088276,0.141312,0.059585
-0.038959,-0.036423,-0.051133,-0.018036
-0.062735,-0.032641,-0.032840,-0.015710
-0.059875,0.097229,-0.043183,-0.010687
0.078299,0.197932,-0.036083,-0.243687
0.173356,0.369797,0.162284,0.009370
0.137282,0.358162,0.234270,0.035541
0.054022,0.304711,0.196263,0.060854
-0.114787,0.082765,0.020662,0.021216
-0.127332,0.013612,-0.057314,0.034186
-0.040383,-0.009140,-0.066694,0.007671
-0.119284,-0.034191,-0.014970,0.030926
-0.126930,-0.037030,0.000028,0.020639
-0.046180,-0.051731,-0.020249,-0.024690
-0.113262,0.085363,-0.232834,0.136468
0.098778,0.034243,0.118759,-0.052680
0.072356,0.043460,0.114832,0.005880
-0.106106,-0.010136,0.007458,-0.036891
-0.087329,-0.014382,-0.001584,-0.042379
-0.035327,-0.025705,-0.035965,-0.048678
-0.013272,-0.040475,-0.055935,-0.035987
0.018837,-0.033628,0.034598,-0.124088
0.021098,-0.034281,0.051584,-0.111704
-0.005823,-0.047082,-0.091030,-0.001739
-0.018175,-0.035945,-0.087343,-0.004191
0.044846,-0.081734,0.026248,0.019194
-0.055171,-0.032359,-0.038118,-0.018307
-0.073685,-0.030870,-0.023175,-0.016588
-0.090550,-0.030487,-0.000554,-0.023700
0.007653,-0.071298,0.011125,0.004604
-0.097457,0.083004,-0.021436,-0.108527
-0.130245,0.100315,-0.026800,-0.021807
-0.139635,0.097558,-0.036126,-0.010956
-0.117876,0.105730,-0.040427,0.018804
-0.078142,0.106581,-0.044615,0.038346
-0.042336,0.094349,-0.041337,0.042287
-0.016560,0.074589,-0.035428,0.042809
-0.013919,0.033781,-0.040969,0.032592
-0.064108,-0.004979,-0.010147,0.016615
-0.020730,-0.047664,-0.013987,0.017319
0.050169,-0.007929,0.036870,0.010280
-0.049180,-0.045137,0.009446,-0.014777
-0.052130,-0.037267,0.005390,-0.018537
0.010435,-0.000458,-0.008329,-0.083123
-0.025661,0.002030,-0.080928,-0.027320
0.227941,0.080989,0.269870,0.109893
-0.037076,-0.051937,-0.065205,0.009844
0.086868,-0.075057,0.116447,0.000790
-0.075843,-0.040267,-0.050686,0.023245
-0.082168,-0.034429,-0.028565,0.002928
-0.114957,-0.034896,0.006255,-0.001477
-0.029849,-0.073733,-0.003141,0.021659
-0.066667,-0.051378,-0.034936,0.007303
-0.039339,-0.043129,-0.079838,0.016634
-0.007093,-0.049484,-0.098764,0.009672
0.030833,-0.033484,0.061996,-0.053680
-0.050326,-0.034518,0.015104,-0.073794
-0.013568,-0.073502,-0.043008,-0.015591
-0.009162,-0.061931,-0.063462,-0.011120
-0.018009,-0.045308,0.032169,-0.087791
0.001683,-0.066748,0.007515,-0.003037
-0.041737,0.050057,-0.217720,0.111826
-0.003729,0.000380,-0.058903,-0.062542
0.001388,-0.021672,-0.054136,-0.061114
0.012696,-0.051497,0.011643,-0.112302
-0.075894,-0.055372,0.022531,-0.036914
-0.100539,-0.036384,0.021668,-0.030423
-0.072482,-0.038043,-0.006747,-0.028407
-0.055528,-0.044171,-0.024797,-0.019864
-0.066573,0.105137,-0.071805,-0.110785
-0.140790,0.113967,0.029569,-0.024597
-0.136369,0.093209,-0.036374,-0.009771
-0.113921,0.098669,-0.041548,0.016944
-0.072730,0.100591,-0.045344,0.040246
-0.037035,0.087900,-0.039978,0.044660
-0.014818,0.065780,-0.036266,0.042771
-0.016353,0.019055,-0.045657,0.030524
-0.067036,-0.022426,-0.018807,0.018014
-0.018157,-0.069521,0.023349,0.044271
0.048821,-0.045473,0.057527,0.032290
-0.057124,-0.062193,-0.012816,-0.001719
-0.054613,-0.059976,-0.019742,-0.002529
0.130704,-0.023436,0.140990,0.015122
0.014467,-0.032784,0.004520,-0.037466
0.024958,-0.129739,0.063562,-0.015738
0.034107,-0.129140,0.051323,-0.007808
-0.046620,-0.035629,-0.053649,-0.007117
-0.074055,-0.034017,-0.026861,-0.009327
-0.057632,-0.043340,-0.025545,-0.017844
-0.059090,0.089030,-0.067336,-0.107034
-0.007826,0.149738,0.040782,0.074455
-0.017426,0.101697,-0.035573,0.075414
-0.018750,0.023140,-0.049268,0.046567
-0.069516,-0.039174,-0.026236,0.028459
-0.020668,-0.069280,0.065693,0.111137
-0.031816,-0.052426,-0.078572,0.030970
-0.019748,-0.027561,-0.102856,0.018902
-0.010948,-0.015455,-0.045227,0.016227
0.179290,-0.039996,0.185047,0.090205
0.009929,-0.083572,-0.040044,-0.003860
-0.000883,-0.030455,0.036479,-0.125291
-0.032507,-0.029977,0.023745,-0.106587
-0.016886,-0.056891,-0.038133,-0.033760
-0.013506,-0.053872,-0.045857,-0.032442
-0.000193,-0.029831,0.042033,-0.127520
-0.045099,-0.027240,0.018690,-0.078967
-0.009298,-0.054263,-0.092551,0.010440
-0.012514,-0.047024,-0.096738,0.010603
0.213944,-0.020601,0.210322,0.149389
0.025250,-0.078443,0.022839,0.019730
-0.008915,0.083476,-0.169300,0.077427
-0.027334,0.055325,-0.034295,-0.020586
0.049626,0.010710,-0.041449,-0.044975
0.058971,0.013977,-0.051756,-0.071097
0.072237,-0.008843,-0.051661,-0.067432
0.085277,-0.038867,-0.066695,-0.062653
0.064216,-0.083575,-0.018758,-0.081204
0.211305,-0.056998,0.267289,0.007552
-0.090311,-0.054373,0.025696,-0.026685
-0.104932,-0.036804,0.022118,-0.026060
-0.066258,-0.039380,-0.006612,-0.033428
-0.018384,-0.068264,-0.005172,-0.017362
0.004531,-0.005018,0.137419,0.253504
0.022066,0.020019,-0.037257,-0.039389
-0.012819,0.005335,-0.017024,-0.047859
-0.011727,-0.025089,0.008549,-0.043881
0.002538,-0.035177,-0.024698,-0.072312
0.008193,-0.038243,-0.015934,-0.078815
-0.023519,-0.075810,0.009410,-0.027627
-0.044767,-0.066059,-0.005271,-0.016965
0.093859,-0.044319,0.095847,-0.027903
0.067146,-0.023738,0.058685,0.011759
-0.002020,-0.096596,0.024443,-0.018279
0.004345,-0.096699,0.024981,-0.016259
-0.037068,-0.032583,-0.057782,-0.015840
-0.056472,-0.031190,-0.031228,-0.025539
-0.041219,-0.051085,-0.017941,-0.029908
-0.060520,0.057655,-0.225210,0.119603
-0.003929,-0.000327,-0.057816,-0.063474
-0.008020,-0.020126,-0.050692,-0.061483
0.046078,-0.054304,0.073120,-0.161092
-0.094375,-0.042741,0.024434,-0.032997
-0.098487,-0.030621,0.019178,-0.035748
-0.054045,-0.040666,-0.010148,-0.040818
-0.022082,-0.054525,-0.041907,-0.027164
0.002816,-0.051865,0.031756,-0.066310
-0.059801,0.097195,-0.043186,-0.010681
-0.062860,0.100485,-0.072162,-0.109684
-0.160683,0.091049,0.071806,-0.016663
-0.147405,0.075770,-0.020990,-0.034032
-0.145147,0.079459,-0.015088,-0.040406
-0.156910,0.076012,-0.015686,-0.027830
-0.170326,0.073603,-0.018333,-0.013046
-0.183583,0.075834,-0.022138,0.002810
-0.188921,0.082532,-0.026372,0.021707
-0.171407,0.085376,-0.033685,0.036725
-0.137762,0.076831,-0.040053,0.037718
-0.098678,0.066197,-0.044650,0.040622
-0.059266,0.053705,-0.044108,0.044793
-0.028205,0.038587,-0.043042,0.045977
-0.015276,0.008710,-0.048997,0.037776
-0.054241,-0.003270,-0.014206,0.015900
-0.025182,-0.040102,-0.026973,0.001039
0.019752,-0.006584,0.001828,-0.007299
-0.029959,-0.018932,0.021370,-0.022004
-0.021819,0.012696,0.018832,-0.033420
0.042660,0.042369,0.023940,-0.109370
-0.014660,0.023416,-0.060114,-0.054872
0.148553,0.156754,0.195218,0.043060
-0.079499,0.020017,-0.082608,0.001746
-0.022709,-0.008916,0.032271,-0.054067
-0.054433,-0.008283,-0.078018,0.028263
-0.074897,-0.019454,-0.070318,0.020772
-0.104001,-0.040980,-0.014143,0.017993
0.006658,-0.104460,-0.004470,0.007346
0.007140,0.018791,0.134800,0.255643
0.003206,0.129456,-0.106537,-0.045868
0.021636,0.082892,-0.068537,-0.108456
0.105790,-0.042318,0.099971,-0.098075
-0.021191,0.014399,-0.081897,-0.032504
-0.018033,-0.002304,-0.083963,-0.028650
0.153329,0.021304,0.149721,0.010278
0.019467,-0.029977,0.003266,-0.132264
0.033101,-0.042326,0.052604,-0.150281
-0.004136,-0.053031,-0.069132,-0.019362
-0.004662,-0.046294,-0.079668,-0.015041
0.073546,-0.041470,0.079704,-0.065503
0.037874,-0.038368,0.051065,-0.063822
-0.001629,-0.060931,-0.087011,0.003917
-0.012250,-0.049163,-0.083215,-0.001034
0.201431,-0.016910,0.203318,0.098570
-0.077442,-0.037112,-0.013759,-0.015505
0.025782,-0.073608,0.022932,0.019686
0.131653,0.065116,-0.029256,-0.059456
0.084336,0.270156,-0.066411,0.038284
0.044747,0.188535,-0.085433,0.073176
0.253428,0.091209,0.228329,0.139604
-0.050712,0.041000,0.027412,-0.008302
-0.110723,-0.040314,-0.014988,0.031321
-0.011258,-0.074715,0.014074,0.074679
0.011104,-0.063049,0.033561,0.089970
-0.092827,-0.054468,-0.029379,0.030997
-0.064663,-0.044775,-0.060542,0.024305
-0.015411,-0.056847,-0.083616,0.010199
-0.039627,-0.032757,0.017583,-0.070809
-0.069866,-0.031333,0.007667,-0.051769
-0.059889,0.097236,-0.043182,-0.010689
-0.062875,0.100471,-0.072137,-0.109679
-0.150888,0.090019,0.073815,-0.008052
-0.144535,0.068309,-0.028947,-0.012025
-0.136646,0.066727,-0.034615,0.007547
-0.107264,0.065264,-0.042995,0.033125
-0.056934,0.060784,-0.044724,0.056679
-0.021864,0.039543,-0.043348,0.055589
-0.011796,-0.001250,-0.051539,0.042436
-0.052472,-0.026568,-0.023906,0.021801
-0.023299,-0.063133,-0.007237,0.027279
0.010249,-0.052055,0.007837,0.011708
-0.056981,-0.070426,-0.001011,-0.001170
-0.054540,-0.065255,-0.014849,-0.001100
0.150271,-0.034240,0.159733,0.077392
-0.012822,-0.036313,-0.076455,0.007218
-0.030123,-0.036980,-0.054920,0.002689
0.145630,-0.022078,0.153632,0.069796
0.008546,-0.098036,-0.062821,0.007742
0.071555,-0.025473,0.104983,0.012144
-0.046183,-0.041093,0.017270,-0.050434
-0.017613,-0.065941,-0.056679,-0.005441
-0.012081,-0.056990,-0.062850,-0.013756
0.031981,-0.038729,0.066018,-0.060834
-0.044920,-0.049057,-0.019830,-0.028486
0.002062,-0.006413,0.131495,0.252866
-0.007739,0.032349,-0.026083,-0.045632
-0.012194,-0.013650,0.008482,-0.045806
0.009391,-0.030581,-0.015259,-0.083718
0.007412,-0.033184,-0.020393,-0.075453
-0.020269,-0.072158,0.016747,-0.024878
-0.037546,-0.068414,0.000684,-0.022070
0.041906,-0.031378,0.021686,-0.095407
0.010316,-0.026815,-0.042278,-0.075486
0.184105,-0.018980,0.180981,0.100998
0.005065,-0.080726,-0.065342,-0.004499
0.108800,-0.100215,0.104595,0.050433
-0.052236,-0.035555,-0.042224,-0.014397
-0.065807,-0.032361,-0.032593,-0.013106
-0.059147,-0.042355,-0.026228,-0.016637
-0.067048,0.096155,-0.065120,-0.108340
-0.120496,0.111728,0.018750,-0.017974
-0.120728,0.091039,-0.038745,-0.005216
-0.089517,0.096372,-0.044667,0.024644
-0.049506,0.092956,-0.042816,0.041830
-0.021507,0.076698,-0.036504,0.043859
-0.013140,0.040050,-0.039833,0.036621
-0.063930,-0.003616,-0.011190,0.019297
-0.017296,-0.067185,0.033355,0.059692
0.011194,-0.068066,0.024159,0.055715
-0.064413,-0.073536,-0.012541,0.011503
-0.059487,-0.067850,-0.021458,0.008537
0.103431,-0.040467,0.096381,0.035950
-0.004201,-0.026098,-0.055132,-0.038168
0.205379,-0.027884,0.212026,0.100159
0.010302,-0.098337,-0.058788,0.003187
0.155544,-0.015678,0.157966,0.049898
0.010719,-0.103229,0.000780,0.010350
0.361097,0.054219,0.138867,-0.010103
0.207162,0.254548,-0.036119,0.029307
0.187897,0.230656,-0.075313,0.051274
0.184046,0.185413,-0.078128,0.057978
0.177965,0.141110,-0.079247,0.054115
0.165229,0.086090,-0.090723,0.049944
0.284836,0.090589,0.145128,0.089534
0.290499,-0.008031,0.267833,0.066767
-0.029912,-0.047794,0.023327,-0.010210
-0.077992,-0.063482,0.008130,0.017129
-0.046613,-0.049320,-0.019711,0.027082
-0.046676,-0.058411,-0.019972,0.027477
-0.097588,-0.056975,-0.011542,0.020429
-0.083541,-0.048129,-0.022694,0.008687
-0.030991,-0.063034,-0.045370,-0.006280
-0.076986,-0.030848,0.002939,-0.040340
-0.045393,-0.050011,-0.020301,-0.026997
0.118005,0.078354,-0.054762,-0.074376
0.103921,0.362161,-0.019794,-0.010615
0.081609,0.307580,-0.071762,0.018039
0.039910,0.275092,-0.046260,0.063310
0.194946,0.193519,0.236083,0.089217
0.022026,0.205738,0.133388,0.033393
-0.146481,0.014436,-0.014057,0.028606
-0.116095,-0.002954,-0.052816,0.026704
-0.047624,-0.035772,-0.090906,0.028906
-0.014946,-0.063659,0.032771,0.065886
-0.079085,-0.063614,-0.014717,0.028926
-0.059843,0.097214,-0.043184,-0.010685
-0.062883,0.100464,-0.072125,-0.109677
-0.150897,0.090011,0.073811,-0.008052
-0.145781,0.068680,-0.027845,-0.015282
-0.145249,0.067985,-0.028412,-0.014669
-0.145285,0.068040,-0.028415,-0.014675
-0.145323,0.068098,-0.028419,-0.014681
-0.145360,0.068153,-0.028422,-0.014688
-0.145396,0.068209,-0.028425,-0.014694
-0.145080,0.068066,-0.029028,-0.012247
-0.139026,0.067079,-0.033708,0.004969
-0.112950,0.065448,-0.041867,0.029570
-0.057601,0.066529,-0.045316,0.064068
-0.018914,0.041322,-0.043677,0.061971
-0.008591,-0.005403,-0.051130,0.044905
-0.048955,-0.031762,-0.025410,0.023812
-0.016494,-0.063852,0.013688,0.046465
-0.006063,-0.064766,-0.013201,0.019439
-0.059633,-0.073942,-0.003846,0.002673
-0.053547,-0.069682,-0.008870,-0.002851
0.052157,-0.046609,0.041794,-0.048523
0.005083,-0.029776,-0.023648,-0.059348
0.114506,-0.096979,0.149146,0.047997
0.141480,-0.090154,0.160141,0.064549
-0.037527,-0.037762,-0.067493,-0.001022
-0.066768,-0.034944,-0.035580,-0.005800
-0.062456,-0.040233,-0.028012,-0.013720
-0.057439,0.093173,-0.071936,-0.108205
-0.017270,0.150923,0.052505,0.067064
-0.030297,0.102340,-0.039103,0.066965
-0.010910,0.055638,-0.039372,0.055995
-0.068474,-0.014842,-0.018878,0.025887
-0.007532,-0.057931,0.066892,0.106629
-0.006624,-0.086486,0.025853,0.071271
-0.065297,-0.071814,-0.011957,0.009929
-0.059467,-0.065732,-0.015769,0.002550
0.093026,-0.031180,0.074548,0.033400
0.008388,-0.016889,-0.030688,-0.024155
0.212223,-0.023295,0.215193,0.093625
0.006546,-0.086058,-0.066878,0.002193
0.156456,-0.032402,0.158143,0.043550
-0.008587,-0.040255,0.034867,-0.111428
-0.008910,-0.061555,-0.055323,-0.019886
-0.005940,-0.050721,-0.078487,-0.010528
0.183374,-0.005516,0.180190,0.078308
-0.077727,-0.039768,-0.013658,-0.009359
0.031574,-0.081097,0.026083,0.025578
0.124007,0.062015,-0.025684,-0.058177
0.083095,0.240187,-0.056962,0.071147
0.045625,0.132149,-0.080843,0.088633
0.248924,0.102058,0.245778,0.128538
-0.105635,-0.045025,-0.016697,0.032315
-0.107122,-0.058620,-0.015879,0.036460
-0.034349,-0.066844,-0.007621,0.035606
-0.104814,-0.035726,-0.010639,0.006574
-0.113703,-0.032650,-0.005680,0.007907
-0.022321,-0.055194,0.007804,0.022082
-0.085885,-0.048308,-0.008014,-0.003470
-0.062251,-0.043472,-0.023731,-0.016224
-0.021796,-0.061139,-0.047872,-0.014869
0.009080,-0.104361,-0.001321,0.009029
0.109754,0.078256,-0.079615,0.032578
0.052665,-0.006588,-0.033069,-0.064308
0.075465,-0.011339,-0.050168,-0.078101
0.081940,-0.041111,-0.063310,-0.071739
0.063113,-0.084605,-0.019301,-0.088770
0.226987,-0.045790,0.284146,0.023782
-0.101703,-0.055164,0.022118,-0.010918
-0.116800,-0.039680,0.018286,-0.007484
-0.073167,-0.049773,-0.010130,-0.012608
-0.034354,-0.066736,-0.029578,-0.014958
-0.092923,-0.032011,0.001165,-0.021449
-0.102275,-0.031151,0.004583,-0.016528
-0.061350,-0.041157,-0.027267,-0.014625
-0.002410,0.000570,0.121317,0.252127
-0.048988,0.104482,-0.031794,-0.015361
-0.007424,0.057814,0.014777,-0.029860
0.022306,0.019282,-0.019610,-0.111431
0.014699,-0.013818,-0.017953,-0.100957
0.017516,-0.040757,0.045598,-0.008906
-0.001640,-0.057735,0.017845,-0.022180
0.030038,-0.028490,-0.003672,-0.133857
0.014382,-0.024611,-0.039015,-0.094845
0.159437,0.010192,0.156789,0.068650
-0.001042,-0.075007,-0.064594,-0.004894
0.076498,-0.109270,0.080308,0.019370
-0.052662,-0.033671,-0.046681,-0.011570
-0.074480,-0.030634,-0.027935,-0.011125
-0.107257,-0.032485,0.002066,-0.007521
-0.037650,-0.057489,-0.015964,-0.026473
-0.108156,0.077670,-0.232756,0.137279
0.159556,0.049415,0.182071,0.009381
-0.030768,0.019537,-0.007772,-0.093821
-0.070502,-0.024267,-0.008902,-0.037979
-0.071713,-0.021508,-0.011155,-0.041287
-0.050322,-0.021420,-0.020255,-0.045788
-0.046885,-0.029052,-0.021599,-0.041984
-0.045512,-0.041049,-0.016961,-0.042156
-0.040786,-0.034299,-0.026969,-0.043623
-0.012032,-0.044901,-0.060955,-0.027789
0.076430,-0.010271,0.079894,0.008835
0.066138,0.009039,0.087741,-0.069649
-0.009697,-0.028059,-0.100919,-0.007000
-0.035059,-0.023273,-0.077301,-0.010026
-0.032214,-0.079169,-0.009763,-0.015784
-0.042363,-0.031117,-0.020335,0.023383
-0.078494,-0.039180,-0.042221,0.016022
-0.059879,0.097232,-0.043182,-0.010688
0.078273,0.197900,-0.036089,-0.243675
0.181161,0.357434,0.163737,0.025133
0.146482,0.363458,0.227504,0.047894
0.054673,0.263853,0.169617,0.064918
-0.143448,0.013898,-0.027284,0.039025
-0.109254,-0.016591,-0.060712,0.041239
-0.039489,-0.062757,-0.082909,0.039761
-0.065288,-0.082021,0.006175,0.062726
-0.105177,-0.062087,-0.012955,0.039705
-0.042508,-0.071581,-0.059775,0.028556
-0.036387,-0.063705,-0.066056,0.020573
-0.124210,-0.019624,-0.013067,0.022863
-0.145850,-0.009296,-0.002227,0.016714
0.001989,-0.007540,0.019554,0.027706
-0.037680,-0.049513,-0.028239,-0.012093
-0.094573,-0.017986,0.002452,-0.034856
-0.091351,-0.022465,0.009840,-0.041275
-0.048468,-0.033396,-0.022159,-0.040217
-0.049495,-0.049581,-0.016455,-0.030148
-0.039561,-0.040023,-0.032103,-0.033991
-0.008726,-0.057484,-0.058852,-0.020613
0.034779,-0.033977,0.064477,-0.078863
-0.034562,-0.045424,0.023532,-0.057128
-0.004578,-0.066616,-0.090746,0.016274
-0.013852,-0.056870,-0.085134,0.010189
0.168646,-0.027141,0.177424,0.138744
-0.034543,-0.054538,-0.014420,-0.030589
-0.051907,0.054165,-0.221859,0.116133
-0.011741,0.010265,-0.061093,-0.054433
-0.008157,-0.013871,-0.055849,-0.058362
0.026323,-0.052451,0.039868,-0.147277
-0.086441,-0.047645,0.023744,-0.035335
-0.098166,-0.031180,0.020437,-0.036769
-0.056607,-0.038622,-0.008308,-0.042142
-0.029929,-0.051843,-0.029023,-0.034766
-0.079375,-0.029108,0.002937,-0.039813
-0.104303,-0.028178,0.001674,-0.014438
-0.036798,-0.053755,-0.015725,-0.030400
-0.095297,0.063249,-0.232799,0.137565
0.044014,-0.030760,0.059748,-0.141557
-0.016802,-0.048907,0.025989,-0.058223
-0.098441,-0.027011,0.018309,-0.038534
-0.084047,-0.026288,0.009510,-0.044854
-0.037595,-0.031783,-0.021631,-0.054670
-0.015138,-0.047969,-0.040937,-0.041633
0.007774,-0.029031,0.026500,-0.120076
-0.003167,-0.015045,0.038771,-0.156733
-0.010734,-0.034731,-0.090205,-0.010003
-0.022054,-0.021507,-0.101746,-0.000367
0.131942,-0.013756,0.121857,0.044278
-0.069208,-0.020481,-0.050480,-0.004761
-0.089656,-0.020887,-0.027609,-0.005702
-0.116984,-0.022249,-0.001033,-0.004695
-0.047970,-0.064051,-0.029956,-0.002579
0.014089,-0.101414,0.004758,0.012912
-0.042754,0.127033,-0.069392,-0.148602
-0.040289,0.093589,-0.191954,-0.004798
0.053809,-0.010863,0.008192,0.069749
0.000911,0.142884,0.032718,-0.053324
-0.042117,0.065860,-0.015944,-0.063459
-0.042993,-0.000103,-0.023166,0.075452
-0.097741,-0.006313,-0.082691,0.042531
-0.003245,-0.053368,0.044306,0.084991
-0.026577,-0.051028,-0.102143,0.034080
-0.025341,-0.050810,-0.093161,0.023640
0.000516,-0.107956,-0.016882,0.002340
0.353917,0.042717,0.159640,-0.006548
0.171168,0.165319,-0.016672,0.099160
0.199788,0.080656,-0.068479,0.113075
0.200307,0.004721,-0.065834,0.116855
0.154115,-0.059446,-0.087431,0.074405
0.192942,-0.066236,0.086641,0.104929
0.284559,-0.044150,0.305388,0.060187
-0.037108,-0.081356,0.032664,-0.006556
-0.067811,-0.073745,0.008769,-0.004267
-0.061543,-0.035344,-0.033822,-0.009572
-0.062819,-0.034575,-0.033523,-0.009530
-0.084698,-0.049267,-0.008395,-0.003317
-0.084138,-0.050424,-0.008079,-0.003037
-0.035055,-0.068554,-0.036403,-0.005660
-0.092228,-0.034934,-0.001666,-0.016043
-0.104923,-0.032088,0.000766,-0.008824
-0.040104,-0.068308,-0.028802,-0.008405
-0.032830,-0.061563,-0.013818,-0.024175
0.147219,0.063471,-0.022387,-0.055185
0.111814,0.289709,-0.063451,0.025171
0.108515,0.210568,-0.060501,0.062140
0.056820,0.138692,-0.100831,0.060542
0.188328,0.116114,0.130423,0.118473
0.086737,0.087290,0.128656,0.002865
0.010074,0.020666,0.087075,0.028263
-0.064554,-0.037644,-0.041072,0.026527
-0.066334,-0.044901,-0.041940,0.024898
-0.086883,-0.063800,-0.021534,0.026586
-0.087565,-0.058211,-0.017867,0.017966
-0.018200,-0.067859,0.002060,0.023607
-0.111585,-0.029229,0.010366,-0.014728
-0.104149,-0.029633,0.011243,-0.022419
-0.058021,-0.032013,-0.027732,-0.026542
-0.066118,-0.048275,-0.015214,-0.016071
-0.052820,-0.047717,-0.027099,-0.018042
0.000007,-0.106669,-0.018558,0.001991
-0.027473,0.138777,-0.118159,-0.134354
0.210427,0.342523,0.065183,0.009766
0.073021,0.278306,-0.017811,0.016531
-0.049975,0.135312,-0.040950,0.027229
-0.050726,0.064527,0.059821,0.015304
0.079011,-0.017589,0.046469,0.136369
-0.015517,-0.044889,-0.074043,0.054601
0.178811,-0.053275,0.245074,0.187816
0.005079,-0.115821,0.017007,-0.030912
0.130887,0.000089,0.190035,0.255959
-0.134051,-0.020465,-0.039269,0.059885
-0.155314,-0.007901,-0.007286,0.031242
-0.001422,0.053048,0.052368,0.044051
-0.057219,-0.037122,-0.045051,-0.006254
-0.034489,-0.029892,-0.059226,-0.022063
0.013042,-0.034065,-0.007905,-0.016803
-0.066553,-0.022189,0.002399,-0.058692
-0.087083,-0.024880,0.006000,-0.039328
-0.035094,-0.038304,-0.020130,-0.051403
-0.039379,-0.051045,-0.026800,-0.028455
-0.027854,-0.041136,-0.047389,-0.029300
0.005398,-0.080082,-0.061457,-0.009471
-0.041064,-0.035179,0.005580,-0.059586
-0.059856,0.097221,-0.043184,-0.010686
-0.062915,0.100435,-0.072075,-0.109667
-0.133914,0.090019,0.076933,0.006410
-0.128129,0.065775,-0.037397,0.015334
-0.095073,0.062584,-0.044279,0.036458
-0.062072,0.050601,-0.043769,0.037905
-0.033546,0.038496,-0.042948,0.040098
-0.016096,0.014261,-0.047210,0.038455
-0.005650,-0.007298,-0.047061,0.032390
-0.047801,-0.028653,-0.023185,0.019479
-0.020687,-0.066179,-0.003487,0.045743
0.006134,-0.063664,0.007653,0.017370
-0.048984,-0.073347,0.001272,-0.005705
-0.048121,-0.065833,-0.005947,-0.010540
0.071256,-0.030006,0.068677,-0.057628
0.016220,-0.023379,0.000030,-0.080013
0.013929,-0.103796,0.060071,-0.018399
-0.012371,-0.109463,0.022178,-0.025454
-0.045852,-0.038357,-0.051900,0.016414
-0.075427,-0.039566,-0.038965,0.010492
0.013779,-0.075178,0.015277,0.010160
-0.062936,0.085067,-0.060771,-0.105807
-0.015459,0.144397,0.023673,0.071154
-0.022695,0.098657,-0.036977,0.066767
-0.012921,0.045394,-0.040847,0.049146
-0.068915,-0.019104,-0.019771,0.024133
-0.007498,-0.061865,0.062681,0.099682
-0.006076,-0.086679,0.026671,0.072241
-0.071708,-0.069349,-0.014540,0.016021
-0.070001,-0.059149,-0.020469,0.009770
0.086425,-0.015786,0.055384,0.026043
0.002430,-0.018037,-0.055300,-0.044856
0.112005,-0.053928,0.111950,-0.029870
-0.004048,-0.049340,-0.078093,-0.014188
-0.008480,-0.042374,-0.079939,-0.014879
0.182283,-0.004479,0.179909,0.094436
-0.027801,-0.031127,-0.017135,-0.054857
0.035627,-0.039563,0.061669,-0.005279
-0.009303,-0.060064,-0.089706,0.013406
-0.018936,-0.051210,-0.081315,0.005800
0.206556,-0.046870,0.205774,0.133027
0.040401,-0.075528,0.030932,0.031470
-0.030200,0.136564,-0.100939,-0.143100
0.062399,0.096997,-0.095816,0.019539
0.005969,0.174276,0.056620,-0.004507
-0.089475,0.067866,-0.003178,0.006691
0.112133,-0.036250,0.133176,0.171621
-0.037059,-0.014239,-0.116115,0.027365
-0.083216,-0.033185,-0.080298,0.054318
-0.068613,-0.079215,0.006470,0.059805
-0.022516,-0.074243,-0.090365,0.041456
-0.021592,-0.057771,-0.105687,0.039398
0.050089,0.007750,0.096409,0.117794
-0.109675,-0.020719,-0.013410,0.005392
-0.028763,-0.062876,-0.047161,-0.005956
-0.023481,-0.059540,-0.042427,-0.020125
-0.070154,-0.027592,0.005864,-0.053382
-0.084627,-0.029897,0.004895,-0.035866
-0.062302,-0.040561,-0.027738,-0.013797
0.113332,0.066139,-0.034497,-0.064358
0.083821,0.259970,-0.035337,0.061228
0.015384,0.131386,-0.110055,0.067784
0.027674,0.060521,-0.072369,0.075501
0.145412,0.058889,0.178232,0.044346
-0.113093,-0.047639,-0.004206,0.022993
-0.109239,-0.044900,-0.006415,0.014922
-0.060828,-0.059441,-0.027425,0.004927
-0.093434,-0.037920,-0.019102,0.006210
-0.104457,-0.035461,-0.006456,0.001452
-0.054870,-0.068983,-0.024152,0.004054
-0.059829,0.097208,-0.043185,-0.010683
-0.065868,0.062612,-0.116409,-0.016988
0.003467,0.010347,-0.049520,-0.038657
-0.024598,0.043678,-0.017102,-0.052043
-0.011381,0.018306,-0.009092,-0.051839
-0.015186,-0.010845,0.008100,-0.043114
-0.005035,-0.028657,-0.039762,-0.060962
-0.001163,-0.038703,-0.030494,-0.057790
-0.019894,-0.075088,0.012151,-0.028241
-0.030803,-0.072632,0.005464,-0.023926
0.029990,-0.044857,0.010742,-0.066488
0.012629,-0.035891,-0.017200,-0.046277
0.054398,-0.106367,0.098103,0.002903
0.070174,-0.103888,0.096040,0.018444
-0.027311,-0.035763,-0.066041,-0.014462
-0.054255,-0.034269,-0.039520,-0.015512
0.023296,-0.093284,0.015086,0.020262
0.228871,0.045980,0.050133,-0.022783
0.221668,0.172609,-0.052558,0.067480
0.176860,0.144614,-0.044842,0.084136
0.179219,0.080790,-0.075579,0.078142
0.163137,0.004103,-0.096577,0.067331
0.220612,0.007925,0.100022,0.087899
0.271066,-0.048562,0.271530,0.057964
-0.036357,-0.070465,0.023985,0.005580
-0.075855,-0.072568,0.008504,0.008479
-0.055623,-0.042131,-0.027569,0.007374
-0.060984,-0.040034,-0.032242,0.001611
-0.085375,-0.048807,-0.007698,-0.003797
-0.079255,-0.052352,-0.008973,-0.005098
-0.003274,-0.071759,0.003967,-0.003732
0.139425,0.064568,-0.026481,-0.057528
0.091158,0.276656,-0.072120,0.024876
0.050177,0.201486,-0.093656,0.062321
0.237016,0.111396,0.197401,0.142440
0.023277,0.110195,0.084101,-0.007310
-0.074313,-0.006923,0.017034,0.003560
-0.045115,-0.050752,-0.018829,0.052350
-0.048308,-0.065211,-0.023373,0.042257
-0.090001,-0.058197,-0.013215,0.015739
-0.080941,-0.051998,-0.020284,0.007546
0.007804,-0.104113,-0.002889,0.008212
0.027201,0.074333,-0.147865,0.063890
0.074027,0.005708,-0.050256,-0.039586
0.060000,0.011883,-0.052432,-0.068515
0.074103,-0.011590,-0.051840,-0.067984
0.086512,-0.040491,-0.066039,-0.063075
0.066695,-0.084628,-0.019618,-0.082607
0.185851,-0.061498,0.241775,0.010001
-0.089401,-0.055090,0.026003,-0.027187
-0.107000,-0.038104,0.022008,-0.022582
-0.075104,-0.047813,-0.005842,-0.016919
0.031193,-0.070122,0.026915,0.023108
0.000457,0.016067,0.128544,0.250596
-0.032339,0.143647,-0.022906,-0.008292
0.023470,0.090678,0.034625,-0.023927
0.026160,0.027479,-0.025844,-0.123823
0.018405,-0.003074,-0.035987,-0.111079
0.124129,-0.019563,0.128199,0.000859
-0.014267,-0.029738,-0.066310,-0.034978
-0.017499,-0.037421,-0.056608,-0.032369
-0.010476,-0.079038,0.024618,-0.015062
0.011740,-0.031210,-0.016722,-0.065956
-0.011994,-0.032446,-0.076818,-0.016269
0.134702,-0.021544,0.140349,0.054410
-0.004769,-0.053132,-0.094341,0.006575
-0.013202,-0.045135,-0.087492,0.000165
0.135809,-0.025106,0.141562,0.027162
-0.017246,-0.041581,0.030144,-0.101068
-0.006111,-0.067673,-0.058017,-0.013869
-0.003689,-0.054686,-0.086588,-0.000708
0.145206,-0.026876,0.148752,0.066111
-0.002454,-0.069377,0.004500,-0.004211
-0.058795,0.105121,-0.079046,-0.111347
-0.093020,0.133620,0.057148,0.016100
-0.096115,0.097034,-0.044107,0.023143
-0.049244,0.096847,-0.043195,0.048024
-0.019017,0.078129,-0.036302,0.049265
-0.013889,0.035441,-0.041251,0.037099
-0.066362,-0.012714,-0.015497,0.020187
-0.026672,-0.068643,-0.000085,0.042038
0.043467,-0.042262,0.045776,0.034534
-0.058655,-0.069100,-0.006975,0.002679
-0.053625,-0.069039,-0.014899,0.001746
0.066502,-0.039304,0.048343,0.015511
-0.001632,-0.035508,-0.024550,-0.014200
0.113267,-0.107050,0.151589,0.031091
0.145008,-0.089456,0.157075,0.061473
-0.060178,-0.037063,-0.046583,-0.000050
-0.080701,-0.032078,-0.028793,-0.001257
-0.110640,-0.029782,0.006056,-0.010853
-0.045101,-0.054671,-0.020061,-0.017679
-0.059236,-0.046884,-0.017724,-0.021833
-0.038476,-0.039495,-0.052370,-0.015336
-0.006689,-0.047795,-0.085477,-0.005714
0.143947,0.008436,0.149463,0.025368
0.028109,-0.024715,0.063222,-0.091821
-0.005397,-0.045866,-0.101272,0.006862
-0.028570,-0.041549,-0.075907,0.000363
0.047304,-0.132906,0.058335,-0.007883
-0.068926,-0.038672,-0.040759,0.004150
-0.083926,-0.034481,-0.025155,0.000125
0.021181,-0.096539,0.012596,0.018392
0.212995,0.060933,0.005348,-0.041554
0.275141,0.289492,-0.063284,-0.021046
0.250437,0.324224,-0.035056,-0.002900
0.229088,0.346102,-0.053617,0.021283
0.211690,0.311901,-0.058271,0.049053
0.192638,0.245571,-0.068251,0.077668
0.189732,0.171268,-0.073888,0.091906
0.185305,0.103418,-0.074826,0.085951
0.172357,0.016015,-0.096802,0.078391
0.276607,-0.007452,0.146228,0.141372
0.272677,-0.057480,0.266655,0.067070
-0.041501,-0.075082,0.023215,0.007503
-0.069736,-0.071042,0.009876,-0.001745
-0.059447,-0.034904,-0.030826,-0.012142
-0.060242,-0.035031,-0.029767,-0.011495
-0.090595,-0.047184,-0.004757,-0.003141
-0.081702,-0.050943,-0.008984,-0.004049
0.019635,-0.077337,0.019326,0.014837
-0.059850,0.103245,-0.076852,-0.110677
-0.120215,0.118623,0.040547,-0.015979
-0.125267,0.091463,-0.032422,-0.020845
-0.126100,0.090453,-0.034923,-0.018245
-0.116113,0.092823,-0.040149,0.001889
-0.078520,0.099540,-0.045277,0.034477
-0.035466,0.091860,-0.039896,0.049694
-0.013145,0.066062,-0.036173,0.045950
-0.017921,0.014883,-0.047305,0.031278
-0.068295,-0.028571,-0.021484,0.019055
-0.023783,-0.072111,0.004485,0.046955
0.041411,-0.050708,0.044072,0.034575
-0.053494,-0.072853,-0.005579,0.000278
-0.051914,-0.067301,-0.017152,-0.000752
0.114088,-0.038172,0.117505,0.027126
0.020109,-0.030244,0.007785,-0.020509
0.023809,-0.120610,0.054399,-0.017635
0.054853,-0.114449,0.066076,0.001216
-0.051951,-0.036856,-0.055555,0.000323
-0.076443,-0.033016,-0.029312,-0.004741
-0.108394,-0.031666,0.003469,-0.008557
-0.005368,-0.068336,0.002633,-0.007114
-0.070200,0.093989,-0.060407,-0.107761
-0.099212,0.120806,0.015705,0.007319
-0.089022,0.099005,-0.044576,0.026150
-0.039627,0.100009,-0.041457,0.054947
-0.012737,0.073781,-0.035661,0.051940
-0.018226,0.017277,-0.047099,0.033975
-0.069459,-0.032107,-0.023288,0.021537
-0.015459,-0.072157,0.029474,0.052293
0.044510,-0.054895,0.055916,0.034953
-0.054546,-0.069506,-0.009286,-0.000232
-0.052233,-0.063752,-0.021298,-0.000930
0.134864,-0.037010,0.146740,0.033212
0.048656,-0.026354,0.043086,-0.012689
-0.000905,-0.114581,0.028256,-0.023456
0.009073,-0.115651,0.025650,-0.016918
-0.045791,-0.037201,-0.059807,0.001298
-0.072147,-0.034123,-0.032892,-0.004790
-0.101335,-0.036278,-0.001424,-0.005670
-0.033636,-0.071192,-0.041311,0.000478
-0.029443,-0.064308,-0.052844,0.000920
-0.065267,-0.033611,0.003208,-0.046559
-0.040152,-0.054982,-0.017204,-0.027251
-0.107417,0.076719,-0.232748,0.137348
0.128428,0.026910,0.150552,-0.033614
0.041727,0.022464,0.088058,0.020532
-0.076757,-0.023226,-0.007499,-0.038105
-0.044528,-0.006863,-0.009424,-0.076494
-0.049365,-0.020061,-0.017014,-0.052184
-0.058443,-0.038127,-0.011600,-0.037508
-0.044394,-0.033584,-0.025959,-0.041741
-0.015845,-0.047110,-0.049373,-0.033349
0.027900,-0.036636,0.030156,-0.042612
0.005588,-0.041528,0.025463,-0.105469
-0.013057,-0.046229,-0.058874,-0.027517
-0.016418,-0.030172,-0.088370,-0.010717
-0.006436,-0.092366,-0.029240,-0.001717
-0.052960,-0.021016,-0.046345,-0.020100
-0.085664,-0.021338,-0.025153,-0.012838
-0.075643,-0.038459,-0.006280,-0.020534
-0.034262,-0.060647,-0.060986,0.010220
-0.017893,-0.049925,-0.096886,0.019027
0.064807,-0.121009,0.025403,0.031829
-0.108505,-0.035877,-0.013041,0.012864
-0.120300,-0.033206,-0.002841,0.012771
-0.103742,-0.034749,-0.011759,0.005653
-0.055970,-0.062586,-0.028643,0.001606
-0.049746,-0.055228,-0.032114,-0.008590
-0.066662,-0.029922,-0.012867,-0.035721
-0.059788,0.097188,-0.043187,-0.010680
-0.036250,0.088314,-0.059186,-0.019241
0.019661,0.011153,-0.002438,-0.033717
-0.117317,0.011635,-0.040955,0.006311
-0.141717,0.047974,-0.059037,0.007404
-0.104657,0.060326,-0.087614,-0.011387
0.055646,0.210799,0.105548,-0.010950
-0.067482,0.067974,0.002603,-0.145218
-0.033338,0.004993,-0.020307,-0.081363
-0.036380,-0.028710,-0.029131,-0.051457
-0.028029,-0.028538,-0.041306,-0.047804
-0.009582,-0.047485,-0.056234,-0.032372
0.071668,-0.052378,0.082945,-0.059775
0.060122,-0.036406,0.077812,-0.065324
-0.003648,-0.052813,-0.084892,-0.004319
-0.009640,-0.044658,-0.085511,-0.005864
0.184877,-0.026356,0.177705,0.103675
-0.049763,-0.035230,-0.002827,-0.054677
-0.042660,-0.037288,0.018801,-0.079976
-0.016134,-0.064383,-0.049855,-0.015300
-0.008828,-0.045572,-0.081684,-0.009593
0.073344,-0.013196,0.102794,-0.047971
0.008289,-0.037462,0.057753,-0.034749
-0.009979,-0.049730,-0.103081,0.017117
-0.024745,-0.047175,-0.079635,0.005888
0.063950,-0.127987,0.059583,-0.000887
-0.084424,-0.039515,-0.032296,0.012287
-0.104790,-0.033441,-0.015540,0.010612
-0.111386,-0.034748,-0.004683,0.006357
-0.050129,-0.065477,-0.029441,-0.000441
-0.042349,-0.060292,-0.031624,-0.011405
-0.091576,-0.029797,-0.001571,-0.022268
-0.100346,-0.030110,0.001587,-0.016484
0.032697,-0.079406,0.026900,0.026682
0.110080,0.072068,-0.044349,-0.070563
0.083196,0.298831,-0.021191,0.036898
0.015474,0.181289,-0.106582,0.054225
0.020418,0.126350,-0.060032,0.069684
0.192966,0.179526,0.226713,0.076349
-0.125426,-0.022670,-0.012403,0.028112
-0.117284,-0.039112,-0.018666,0.029720
-0.066872,-0.064880,-0.035435,0.021821
-0.086071,-0.067027,-0.017880,0.029103
-0.095830,-0.056647,-0.015109,0.025165
-0.058794,-0.064725,-0.039868,0.017719
-0.044497,-0.055457,-0.056998,0.011276
-0.064619,-0.031046,-0.008360,-0.037716
-0.079962,-0.025923,-0.007963,-0.031394
0.024265,-0.064300,0.023130,0.015292
-0.091270,0.051610,-0.230731,0.139316
0.073541,-0.050166,0.105206,-0.108415
-0.054955,-0.044703,0.002734,-0.043840
-0.073492,-0.031629,0.004558,-0.045116
-0.054138,-0.032914,-0.015759,-0.041647
-0.050072,-0.036352,-0.020050,-0.038917
-0.043959,-0.043228,-0.024369,-0.034121
-0.029112,-0.038629,-0.012662,-0.062229
-0.033167,-0.047614,-0.008867,-0.044548
-0.035076,-0.052281,-0.065876,0.007555
-0.039015,-0.047176,-0.071241,0.011779
-0.018330,-0.081641,-0.058223,0.013135
-0.056055,-0.048634,-0.020728,0.041928
-0.104847,-0.030924,-0.013979,0.005644
-0.019559,-0.051140,-0.005359,-0.035427
-0.035078,-0.053195,-0.038453,-0.018953
-0.021883,-0.044284,-0.060765,-0.018745
0.006473,-0.094568,-0.042495,-0.013060
-0.068209,-0.034414,-0.003869,-0.038200
-0.059847,0.097216,-0.043184,-0.010685
-0.062883,0.100463,-0.072125,-0.109677
-0.150922,0.089993,0.073832,-0.008051
-0.145632,0.068564,-0.028035,-0.014527
-0.140943,0.066781,-0.032304,0.000073
-0.119954,0.065116,-0.040073,0.024063
-0.078756,0.061261,-0.045455,0.045418
-0.041625,0.048561,-0.043480,0.049487
-0.016986,0.023007,-0.045981,0.047279
-0.006751,-0.006622,-0.048356,0.037521
-0.048133,-0.030261,-0.024332,0.021715
-0.017183,-0.065098,0.011053,0.040671
0.004802,-0.065076,0.008167,0.019521
-0.058595,-0.073873,-0.003369,0.001862
-0.057694,-0.067133,-0.016678,0.002788
0.129518,-0.043165,0.134066,0.049429
0.029528,-0.036140,0.009584,-0.048457
0.040174,-0.103986,0.074090,0.001064
0.040853,-0.108739,0.055673,0.006082
-0.027322,-0.035216,-0.066190,-0.011582
-0.057877,-0.037073,-0.047298,-0.001132
-0.034061,-0.054428,-0.014071,-0.030836
-0.062832,0.090956,-0.065329,-0.107206
-0.053486,0.134637,0.032694,0.038962
-0.052422,0.100613,-0.043806,0.050526
-0.015163,0.082495,-0.035856,0.058541
-0.017422,0.023051,-0.046313,0.039174
-0.069522,-0.029675,-0.023109,0.022065
-0.009108,-0.068184,0.050798,0.083554
0.024399,-0.071519,0.043067,0.048498
-0.057963,-0.068116,-0.015531,0.003371
-0.055700,-0.063445,-0.024780,0.003574
0.163535,-0.033954,0.179482,0.081945
-0.016984,-0.030273,-0.080658,-0.005290
-0.025239,-0.032131,-0.086473,0.002525
-0.003606,-0.031250,0.044449,-0.053301
-0.007216,-0.056979,-0.082601,0.001122
-0.005085,-0.048515,-0.094035,0.001962
0.070082,-0.025810,0.094937,-0.039914
-0.027630,-0.040190,0.027274,-0.096912
-0.010690,-0.064766,-0.056681,-0.013537
-0.006249,-0.052769,-0.090322,0.003667
0.207534,-0.032627,0.203501,0.126750
-0.020652,-0.059585,-0.006242,-0.024100
0.010971,-0.000391,0.144581,0.255449
-0.005934,0.051951,-0.010214,-0.035458
0.008381,-0.018238,0.027550,-0.036510
0.015603,-0.013919,-0.024197,-0.100833
0.015350,-0.014392,-0.046095,-0.094323
0.110469,-0.053191,0.115134,-0.012173
-0.013505,-0.040828,-0.061177,-0.030106
-0.022485,-0.039885,-0.055498,-0.027518
-0.006505,-0.112653,0.039412,-0.016700
-0.011113,-0.033250,-0.041722,-0.037420
-0.020624,-0.036951,-0.086369,0.000487
0.009957,-0.102280,0.000013,0.009953
-0.003540,0.077281,-0.169827,0.076794
0.064535,0.023854,-0.061920,-0.019814
0.030296,0.035267,-0.052929,-0.054544
0.065356,0.004981,-0.052014,-0.071336
0.074875,-0.014928,-0.051528,-0.066825
0.085749,-0.043060,-0.066173,-0.062031
0.063548,-0.086041,-0.019067,-0.082373
0.216562,-0.056392,0.271990,0.009063
-0.089729,-0.055129,0.026212,-0.027027
-0.104686,-0.036752,0.022093,-0.026333
-0.067931,-0.041446,-0.007629,-0.028672
-0.062443,-0.040404,-0.027901,-0.013664
-0.000263,-0.004829,0.124743,0.252726
-0.025753,0.052033,-0.022112,-0.040087
-0.010938,-0.005999,0.009441,-0.044990
0.005615,-0.020489,-0.025871,-0.087642
0.006912,-0.030685,-0.022313,-0.080438
0.009878,-0.061461,0.037271,-0.014266
-0.018077,-0.075157,0.008833,-0.027655
0.029298,-0.036849,0.015488,-0.109171
0.003672,-0.029505,-0.024835,-0.067331
0.054984,-0.121345,0.086724,0.002008
0.058457,-0.119943,0.067979,0.006186
-0.052133,-0.037041,-0.048044,-0.006681
-0.075296,-0.033777,-0.025301,-0.009744
-0.059884,0.097234,-0.043182,-0.010688
-0.066110,0.063093,-0.116984,-0.016552
0.003304,0.011204,-0.050515,-0.037471
-0.025799,0.045275,-0.017717,-0.051326
-0.012136,0.019316,-0.009307,-0.051519
-0.015557,-0.010098,0.008144,-0.042800
-0.005048,-0.028163,-0.039807,-0.060770
-0.001146,-0.038622,-0.030470,-0.057637
-0.025202,-0.074441,0.009757,-0.026744
-0.045057,-0.066634,-0.003032,-0.017098
0.076454,-0.044021,0.067555,-0.039919
0.034617,-0.031774,0.009531,-0.058404
0.020461,-0.096618,0.057715,-0.011609
0.016048,-0.101490,0.039528,-0.010446
-0.020052,-0.033667,-0.064017,-0.024505
-0.050407,-0.033663,-0.039287,-0.021121
-0.059034,-0.042624,-0.026192,-0.016549
0.120605,0.067811,-0.035991,-0.064207
0.082755,0.279324,-0.046083,0.042482
0.041523,0.176107,-0.096931,0.065168
0.036218,0.099711,-0.079037,0.082355
0.236268,0.081094,0.245671,0.128903
-0.107982,-0.048003,-0.012564,0.031283
-0.107353,-0.058036,-0.014995,0.034915
-0.057936,-0.075536,-0.028266,0.025201
-0.107600,-0.036006,-0.015985,0.015854
-0.117296,-0.027836,-0.001989,0.002708
-0.045617,-0.052989,-0.014206,-0.007324
-0.076944,-0.046985,-0.007657,-0.014091
-0.057582,-0.042627,-0.018617,-0.026852
-0.019069,-0.056743,-0.045035,-0.024830
-0.018513,-0.041285,0.023444,-0.103736
-0.049665,-0.028656,0.017494,-0.083815
-0.022750,-0.058254,-0.052799,-0.011871
-0.009972,-0.042284,-0.102649,0.009229
0.126949,-0.087234,0.099324,0.055037
-0.092049,-0.036697,-0.023509,0.007778
-0.102792,-0.034098,-0.014065,0.007760
-0.102374,-0.037665,-0.008016,0.003323
-0.052209,-0.068374,-0.028303,0.003257
-0.044902,-0.063650,-0.039192,0.002068
-0.073466,-0.034644,-0.011023,-0.025752
-0.097622,-0.031598,-0.002229,-0.013830
-0.047416,-0.050841,-0.021019,-0.023976
-0.111065,0.081283,-0.232710,0.137071
0.154288,0.051770,0.177394,0.002471
-0.030699,0.034279,-0.007572,-0.079173
-0.094901,-0.007915,-0.019399,-0.019508
-0.092934,0.002670,-0.031351,-0.023900
0.027741,0.084941,0.052203,0.012361
0.028172,0.073233,0.045669,0.017900
-0.053609,-0.016714,-0.047256,-0.028069
-0.029648,-0.016844,-0.081583,-0.017374
-0.011803,-0.021142,-0.098159,-0.013525
0.133200,-0.035838,0.129591,-0.011130
0.055289,-0.056119,0.062741,-0.095809
-0.010277,-0.044680,-0.064098,-0.026600
-0.009962,-0.038872,-0.071174,-0.025666
0.109061,-0.033944,0.108607,0.028353
0.075827,-0.040321,0.088636,-0.021700
-0.010920,-0.041497,-0.085264,-0.007993
-0.027152,-0.038350,-0.068579,-0.011521
-0.010335,-0.103814,-0.006822,-0.009618
-0.023883,-0.033710,-0.054018,-0.025195
-0.060969,-0.034871,-0.031799,-0.017149
0.019172,-0.076076,0.018744,0.014741
-0.071140,0.064141,-0.228071,0.122700
-0.010509,0.010874,-0.058192,-0.056390
-0.016254,-0.013190,-0.048771,-0.059774
0.024104,-0.063795,0.060066,-0.076600
-0.097483,-0.034978,0.022527,-0.035744
-0.089389,-0.029139,0.014067,-0.041218
-0.044995,-0.033528,-0.016756,-0.050399
-0.017241,-0.047278,-0.045475,-0.035684
0.045672,-0.061675,0.022120,0.004787
-0.073380,-0.023868,-0.020375,-0.027640
-0.103388,-0.026364,-0.008958,-0.006058
-0.047580,-0.049039,-0.021330,-0.025525
-0.006883,0.012427,0.113636,0.250860
-0.051356,0.140904,-0.032592,-0.009007
-0.000087,0.091488,0.019126,-0.029162
0.031048,0.040835,-0.017572,-0.116661
0.020280,-0.000970,-0.014475,-0.106769
0.028189,-0.017047,0.057876,-0.002365
-0.008795,-0.050753,0.015302,-0.023809
0.037652,-0.019274,-0.003400,-0.135436
0.008679,-0.023115,-0.051406,-0.078064
0.064872,-0.039602,0.074004,-0.061602
-0.009815,-0.045385,-0.081211,-0.009256
-0.026479,-0.039166,-0.068813,-0.011127
0.009762,-0.115705,0.040754,-0.019120
-0.023248,-0.035005,-0.070560,-0.012049
-0.054571,-0.035025,-0.041127,-0.013406
-0.059820,0.097203,-0.043186,-0.010683
-0.064581,0.059783,-0.113123,-0.019184
0.004126,0.005807,-0.044488,-0.044636
-0.021874,0.039096,-0.015400,-0.051745
-0.011306,0.017049,-0.008911,-0.049221
-0.015183,-0.011842,0.007847,-0.042628
-0.002729,-0.032633,-0.031023,-0.061973
0.001788,-0.040991,-0.024856,-0.059757
-0.026433,-0.069589,0.002807,-0.029329
-0.030249,-0.067219,-0.001533,-0.026909
0.051439,-0.046389,0.045175,-0.098541
0.030376,-0.036203,0.013148,-0.066745
-0.011470,-0.105920,0.025735,-0.019066
-0.014117,-0.097894,0.010284,-0.018323
-0.028637,-0.035582,-0.045005,-0.008469
-0.054733,-0.036035,-0.040078,-0.013554
0.024582,-0.092608,0.014947,0.020267
-0.038702,0.124611,-0.106299,-0.122713
0.132629,0.326352,0.012356,0.004599
0.101596,0.298888,0.011437,0.008368
0.060501,0.217891,-0.000515,0.029297
0.028838,0.129830,-0.018599,0.034168
-0.023381,0.058686,-0.015733,0.020118
0.027975,0.001364,0.127115,0.059387
0.036313,-0.032436,0.019307,0.068019
0.189942,-0.044459,0.256651,0.106744
-0.016052,-0.109624,0.035134,-0.008423
0.238870,-0.002372,0.288583,0.131894
-0.016737,-0.038305,-0.084022,-0.001256
-0.078753,-0.035704,-0.018029,-0.012342
0.026193,-0.092200,0.018014,0.022271
-0.029452,0.064890,-0.199108,0.095904
0.034037,0.002386,-0.032078,-0.042198
0.077448,-0.023487,-0.031777,-0.065717
0.077654,-0.018328,-0.050766,-0.074101
0.083826,-0.045215,-0.064175,-0.066634
0.064426,-0.084192,-0.018315,-0.092034
0.243823,-0.042538,0.293280,-0.001770
-0.088850,-0.055791,0.026496,-0.027526
-0.110371,-0.039645,0.020942,-0.016603
-0.074654,-0.045269,-0.007506,-0.018249
-0.037864,-0.059910,-0.025716,-0.021249
-0.100845,-0.022178,0.002923,-0.025351
-0.114158,-0.017222,0.007407,-0.021371
-0.016129,-0.036092,0.005678,0.014898
-0.043720,-0.066244,-0.035322,-0.000025
-0.107318,-0.032716,-0.002631,-0.002006
-0.113228,-0.031790,0.001979,-0.001998
-0.048457,-0.049865,-0.021336,-0.023957
-0.009046,0.018411,0.109945,0.250164
-0.053708,0.165384,-0.032920,-0.003571
0.002981,0.123812,0.021266,-0.023466
0.047335,0.061069,-0.001434,-0.120359
0.027791,0.007239,-0.008254,-0.116643
-0.000697,-0.023803,0.025556,-0.021125
-0.017683,-0.046662,0.005357,-0.028470
0.045957,-0.018950,0.008394,-0.140120
0.014618,-0.021844,-0.047636,-0.088439
0.080291,-0.044036,0.084944,-0.026941
-0.005733,-0.043925,-0.077807,-0.018206
-0.023198,-0.037701,-0.063009,-0.021751
-0.011963,-0.113890,0.019855,-0.015379
-0.027412,-0.035215,-0.040675,-0.016894
-0.060398,-0.038532,-0.047010,0.001698
-0.000256,-0.108016,-0.026333,0.001216
-0.045033,0.131341,-0.104607,-0.124325
0.136066,0.339098,0.015163,-0.007051
0.081935,0.323101,0.030080,0.000733
0.010698,0.238458,-0.004652,0.001014
0.015902,0.184857,0.043701,0.080940
-0.008596,0.104853,-0.021600,0.065623
-0.013321,0.065995,-0.036505,0.048092
-0.018882,0.010753,-0.048867,0.031580
-0.067447,-0.031178,-0.022497,0.019814
-0.009768,-0.069385,0.046858,0.078620
0.023497,-0.078641,0.057521,0.054617
-0.058008,-0.070666,-0.011033,0.002834
-0.052813,-0.064008,-0.018072,-0.003448
0.116763,-0.043925,0.124239,0.010387
0.011580,-0.030270,-0.009941,-0.058394
0.145819,-0.064788,0.155459,0.081571
0.144550,-0.060286,0.135285,0.083971
-0.044818,-0.033341,-0.040500,-0.026103
-0.074770,-0.033195,-0.026959,-0.009393
-0.038213,-0.057267,-0.016259,-0.026389
-0.003318,0.005346,0.124711,0.249906
0.002361,0.068629,-0.040399,-0.026588
-0.002713,0.032845,0.015996,-0.040776
0.013198,0.001020,-0.023983,-0.108139
0.013221,-0.020034,-0.017714,-0.092395
-0.007603,-0.062163,0.025773,-0.022865
-0.037671,-0.063303,0.000424,-0.023097
0.088719,-0.017736,0.068812,-0.038289
0.016614,-0.017589,-0.022799,-0.036752
0.155264,0.007880,0.165477,0.075330
0.001837,-0.067330,-0.074353,-0.005162
0.090828,-0.049746,0.100690,-0.013611
0.011233,-0.040599,0.042703,-0.137074
-0.006727,-0.055142,-0.065429,-0.018376
-0.012006,-0.045617,-0.081056,-0.006994
0.111492,-0.107918,0.116201,0.046291
-0.049734,-0.035812,-0.044586,-0.014607
-0.070279,-0.031607,-0.029485,-0.012591
-0.107672,-0.033116,0.004976,-0.009485
-0.046000,-0.051823,-0.020155,-0.024802
0.054985,0.093776,-0.062984,-0.093963
0.203374,0.193318,0.240249,0.069549
0.084294,0.133480,0.127108,0.134229
0.096158,0.106625,0.157487,0.125582
0.047314,0.130014,0.123635,0.093888
-0.071026,-0.004216,-0.002093,0.017981
-0.029895,-0.020461,-0.001135,0.036291
-0.108339,-0.039979,-0.014757,0.020037
-0.108594,-0.039197,-0.012415,0.016061
-0.024938,-0.069796,0.001229,0.037058
-0.057310,-0.063416,-0.026030,0.001321
-0.100778,-0.030166,-0.004090,-0.010231
-0.097516,-0.028482,0.003432,-0.022825
-0.051427,-0.040443,-0.019325,-0.031197
-0.067061,-0.042778,-0.008584,-0.027255
-0.052007,-0.029264,-0.050101,-0.014305
-0.015333,-0.035992,-0.095732,0.001381
0.038261,-0.110345,0.030605,-0.012004
-0.080977,-0.039159,-0.041603,0.020025
-0.092867,-0.035853,-0.024447,0.010168
-0.106611,-0.041198,-0.003213,0.006477
-0.041449,-0.050582,-0.017942,-0.030205
-0.088117,0.071519,-0.023133,-0.104774
-0.107531,0.093774,-0.042092,0.011438
-0.061294,0.100693,-0.044837,0.046597
-0.019453,0.087606,-0.036388,0.059848
-0.013414,0.040276,-0.040599,0.041497
-0.060527,0.004515,-0.006968,0.016951
-0.013034,-0.041973,0.005856,0.018020
0.027915,-0.018271,0.010912,0.020867
-0.065112,-0.051996,-0.004320,0.003332
-0.062418,-0.055591,-0.013861,0.001734
0.087347,-0.013780,0.074474,0.015058
-0.012297,-0.033481,-0.031124,-0.019047
0.127507,-0.093532,0.169811,0.038233
0.156412,-0.083897,0.165436,0.069301
-0.060899,-0.037707,-0.041761,-0.003899
-0.079729,-0.033502,-0.027100,-0.002869
-0.110406,-0.034983,0.003055,-0.002794
-0.053974,-0.044731,-0.024175,-0.021355
-0.112698,0.083347,-0.232677,0.136933
0.192353,0.080539,0.215675,0.060805
-0.031580,0.050944,-0.005174,-0.078371
-0.081906,-0.007634,-0.015115,-0.033693
-0.072546,-0.011634,-0.014704,-0.046761
-0.049332,-0.014701,-0.021874,-0.049950
-0.044537,-0.025655,-0.021960,-0.043521
-0.044567,-0.035180,-0.018375,-0.047557
-0.038432,-0.033311,-0.028558,-0.045376
-0.010757,-0.038786,-0.072132,-0.024001
0.019651,-0.109572,-0.019841,-0.000124
-0.033503,-0.032848,-0.039894,-0.033338
-0.080341,-0.036499,-0.023700,-0.004224
0.015765,-0.075034,0.016463,0.011939
0.099890,0.071190,-0.044091,-0.072379
0.084154,0.280511,-0.003501,0.050084
-0.001571,0.148479,-0.101211,0.065054
0.029746,0.076822,-0.036309,0.093603
-0.027608,0.022758,0.036322,-0.020270
-0.110690,-0.051919,-0.015144,0.034991
-0.059386,-0.070760,-0.023682,0.025887
-0.086320,-0.039250,-0.032709,0.014738
-0.086747,-0.034282,-0.023791,-0.000094
-0.059503,-0.064232,-0.021685,0.001077
-0.062972,-0.049143,-0.025143,-0.008409
-0.071661,-0.030918,-0.023436,-0.019248
-0.076007,-0.029972,-0.017752,-0.021708
-0.053586,-0.043180,-0.025449,-0.023306
-0.046251,-0.054850,-0.032304,-0.012272
-0.023978,-0.065950,-0.008533,-0.021102
-0.006823,0.024204,0.118273,0.247492
-0.041624,0.148648,-0.051480,-0.006158
0.001152,0.111277,0.002653,-0.027961
0.062773,0.018696,0.033338,-0.136785
0.051113,-0.027758,0.025438,-0.138430
-0.023476,-0.035429,-0.012857,-0.035841
-0.026740,-0.040366,-0.030491,-0.036756
0.078859,-0.020390,0.067040,-0.178703
0.045585,-0.026942,0.010874,-0.166868
0.018303,-0.098373,-0.012904,-0.007199
-0.000675,-0.098194,-0.034241,-0.010095
-0.015996,-0.029709,-0.021381,-0.055006
-0.065688,-0.036236,-0.039610,-0.001375
-0.037164,-0.057846,-0.016247,-0.025805
-0.002597,0.003630,0.125675,0.250300
0.000635,0.063118,-0.038214,-0.029401
-0.004436,0.025894,0.014806,-0.041328
0.016579,0.004410,-0.021174,-0.101938
0.014678,-0.020043,-0.014633,-0.090539
0.003118,-0.054272,0.033861,-0.017950
-0.012653,-0.064173,0.011181,-0.026642
0.029362,-0.029347,-0.000728,-0.130827
0.014723,-0.025376,-0.046681,-0.085270
0.157743,-0.051204,0.156532,0.092344
-0.007922,-0.073279,-0.059313,-0.004934
0.077280,-0.115468,0.080579,0.023829
-0.050076,-0.035801,-0.041522,-0.017048
-0.072329,-0.032409,-0.025203,-0.014451
-0.053496,-0.046347,-0.023694,-0.020799
-0.073233,0.070514,-0.226407,0.120829
-0.028512,0.044712,-0.062442,-0.039091
-0.027554,0.011144,-0.057022,-0.053644
0.061818,-0.049860,0.091613,-0.121680
-0.102979,-0.032832,0.018863,-0.028728
-0.098020,-0.023869,0.011231,-0.035020
-0.046818,-0.033350,-0.021934,-0.043576
-0.017518,-0.046282,-0.046320,-0.035557
0.004928,-0.030846,0.026470,-0.131141
-0.021601,-0.037375,0.023815,-0.104455
-0.013790,-0.057749,-0.065626,-0.008512
-0.013159,-0.044252,-0.089323,0.001059
0.047257,-0.116469,0.004277,0.017350
-0.075087,-0.035407,-0.020077,-0.014272
-0.086219,-0.031580,-0.014237,-0.012529
0.043165,-0.067202,0.034822,0.032505
0.097123,0.076014,-0.051488,-0.077494
0.083469,0.316233,0.013017,0.025744
-0.001375,0.193691,-0.094898,0.048722
0.024376,0.138230,-0.021454,0.090641
0.041175,0.146033,0.108837,0.012364
-0.124764,-0.027212,-0.017439,0.033005
-0.057981,-0.038117,-0.016916,0.023133
-0.085389,-0.053315,-0.033464,0.033822
-0.092554,-0.042546,-0.029502,0.021591
-0.061064,-0.066795,-0.026374,0.008995
-0.060891,-0.054216,-0.027411,-0.003154
-0.076089,-0.032934,-0.022272,-0.013747
-0.084074,-0.032361,-0.016143,-0.012671
-0.029221,-0.058063,-0.011624,-0.028060
0.121126,0.074141,-0.046940,-0.069849
0.093467,0.331182,-0.034976,0.008329
0.067997,0.260135,-0.081151,0.039071
0.029348,0.214437,-0.067634,0.049971
0.213615,0.130786,0.235164,0.090834
-0.001508,0.162840,0.107236,0.015633
-0.103355,0.042041,0.015340,0.011704
-0.011803,0.050712,0.039894,0.051599
0.004283,0.044925,0.033507,0.053070
-0.062671,-0.050335,-0.046564,0.015212
-0.092701,-0.050203,-0.016930,0.017303
-0.102081,-0.045924,-0.009514,0.013974
-0.055880,-0.043683,-0.025012,-0.019768
-0.112547,0.080553,-0.232183,0.137690
0.195349,0.058799,0.224637,0.033578
-0.016362,0.017784,0.013348,-0.110247
-0.073456,-0.022541,-0.009031,-0.040096
-0.071314,-0.020188,-0.010731,-0.043441
-0.047506,-0.024042,-0.019746,-0.039357
-0.042029,-0.033321,-0.024015,-0.040686
-0.035771,-0.039202,-0.030618,-0.040062
-0.055801,-0.027342,0.000881,-0.063133
-0.048605,-0.049984,-0.021596,-0.023438
-0.072368,0.082926,-0.049715,-0.105287
-0.065955,0.121868,-0.002947,0.035026
-0.050128,0.099281,-0.043464,0.049003
-0.018229,0.080530,-0.036044,0.051479
-0.014131,0.035074,-0.041509,0.037833
-0.067017,-0.015301,-0.016776,0.020543
-0.013175,-0.069850,0.041957,0.067642
0.037781,-0.057340,0.048673,0.044333
-0.053659,-0.072759,-0.005633,0.000387
-0.051593,-0.064535,-0.020093,-0.001772
0.107427,-0.036272,0.109819,0.014053
0.001964,-0.030457,-0.018586,-0.057863
0.148967,-0.068222,0.160256,0.078563
0.109207,-0.095475,0.104414,0.048082
-0.059472,-0.036294,-0.046516,-0.001503
-0.079771,-0.034217,-0.027311,-0.002445
-0.059473,-0.042227,-0.026428,-0.016274
-0.006663,0.012955,0.118710,0.248814
-0.010245,0.109574,-0.043333,-0.011755
0.001238,0.080037,0.019402,-0.033003
0.027370,0.032312,-0.018916,-0.116514
0.017980,-0.006347,-0.015595,-0.105096
0.023524,-0.026205,0.053136,-0.004910
-0.009538,-0.055502,0.013808,-0.025081
0.037328,-0.019928,-0.001724,-0.138690
0.016748,-0.021883,-0.046515,-0.085789
0.146785,-0.049488,0.151314,0.083075
-0.010722,-0.065994,-0.064682,-0.003954
0.107432,-0.070644,0.108734,0.048244
-0.046972,-0.033836,-0.051847,-0.011505
-0.069885,-0.030939,-0.030279,-0.012599
-0.107258,-0.029963,0.003631,-0.011558
-0.059824,0.097206,-0.043185,-0.010683
-0.067995,0.066376,-0.120881,-0.013385
-0.003836,0.026697,-0.068186,-0.006088
-0.067406,0.148609,-0.027139,0.001554
-0.037083,0.167960,0.013339,0.005657
0.152104,0.274981,0.099961,0.037989
0.026286,0.161830,-0.070022,-0.023164
0.088335,0.157256,0.022276,-0.018861
0.102739,0.218796,0.112462,0.021550
-0.028329,0.076401,-0.047754,-0.035044
0.083544,0.051509,0.087258,-0.004301
0.098312,0.004390,0.101758,0.001701
-0.014155,-0.027135,-0.067784,-0.036007
-0.015257,-0.036680,-0.055591,-0.036413
0.008342,-0.073514,0.026853,-0.016174
0.028702,-0.026274,-0.015338,-0.127772
-0.003627,-0.021924,-0.061819,-0.057170
0.174707,0.036743,0.174406,0.031270
0.002782,-0.072396,-0.082038,0.006280
0.155071,-0.052826,0.144711,0.064070
-0.083167,-0.037008,-0.032770,0.008699
-0.094168,-0.034510,-0.021690,0.007727
-0.112414,-0.036529,0.001361,0.002669
-0.050863,-0.075439,-0.024921,0.007463
-0.046479,-0.070919,-0.031968,0.003738
-0.105115,-0.031409,-0.001256,-0.007309
-0.102873,-0.029726,0.005758,-0.018577
0.013267,-0.101390,0.003368,0.012039
0.119751,0.063495,-0.029058,-0.060445
0.124898,0.205222,-0.039815,0.063287
0.114231,0.133837,-0.018296,0.090677
0.124415,0.081578,-0.004542,0.101875
0.147924,0.026823,-0.011445,0.090860
0.156995,-0.047904,-0.088188,0.072290
0.244363,-0.053922,0.139778,0.145927
0.283263,-0.044784,0.296497,0.076074
-0.039766,-0.079267,0.029169,0.000543
-0.073859,-0.071679,0.006366,-0.003020
-0.060332,-0.035011,-0.031330,-0.012437
-0.060931,-0.034656,-0.030750,-0.013010
-0.090396,-0.046992,-0.004571,-0.003720
-0.078523,-0.050621,-0.011182,-0.005352
-0.031374,-0.065297,-0.043063,-0.005941
-0.025657,-0.056540,-0.008902,-0.028684
-0.028456,0.126622,-0.113627,-0.127220
0.094527,0.298056,0.019789,0.004027
0.041142,0.187313,0.052078,0.067685
0.013811,0.095014,-0.013427,0.066634
-0.012200,0.051547,-0.038080,0.043364
-0.063304,0.000848,-0.010743,0.022498
-0.015156,-0.067041,0.040489,0.067452
0.037261,-0.053765,0.050137,0.046053
-0.056814,-0.070293,-0.006438,0.001697
-0.051572,-0.073373,-0.007742,-0.000370
0.056226,-0.033620,0.041708,-0.025002
-0.008779,-0.030905,-0.048626,-0.045459
0.228816,0.004464,0.241593,0.114947
-0.007004,-0.090007,-0.050374,0.002447
0.145066,-0.099664,0.165889,0.064317
-0.062084,-0.039781,-0.045682,0.003851
-0.067665,-0.033197,-0.034545,-0.006275
-0.112224,-0.032142,0.010565,-0.011360
-0.050113,-0.055695,-0.021380,-0.010761
-0.066309,-0.055423,-0.018366,-0.005580
-0.045421,-0.046032,-0.051839,-0.002386
-0.003375,-0.061459,-0.085691,0.004854
-0.000325,-0.108188,-0.022048,0.001461
0.123802,0.089557,-0.058678,0.031276
0.028037,0.016443,-0.040167,-0.047485
0.062772,0.007846,-0.052142,-0.068870
0.073853,-0.012832,-0.051710,-0.066101
0.085875,-0.041548,-0.066565,-0.061654
0.071021,-0.089692,-0.009016,-0.090537
0.219670,-0.046023,0.276073,0.019339
-0.099863,-0.054895,0.021378,-0.012289
-0.115760,-0.038000,0.018083,-0.010001
-0.071234,-0.048655,-0.011191,-0.014598
-0.034192,-0.059539,-0.029299,-0.022606
-0.040749,-0.052782,-0.018017,-0.028640
0.249413,0.057022,0.035174,-0.029804
0.213803,0.300535,-0.036374,-0.008767
0.241088,0.275617,-0.042153,0.024268
0.202115,0.282850,-0.064572,0.048282
0.187270,0.217851,-0.074462,0.074038
0.185876,0.156238,-0.076173,0.079678
0.181465,0.093539,-0.075732,0.079361
0.166077,0.013920,-0.097750,0.068748
0.245458,-0.000469,0.116123,0.126530
0.272605,-0.055953,0.267888,0.065454
-0.032514,-0.074308,0.029307,0.004233
-0.085895,-0.071709,0.005490,0.009814
-0.056819,-0.041558,-0.028465,0.003870
-0.056559,-0.044688,-0.027546,0.005038
-0.094760,-0.050682,-0.005191,0.004955
-0.077448,-0.050970,-0.009737,-0.007523
-0.059847,0.097216,-0.043184,-0.010685
-0.062869,0.100462,-0.072138,-0.109677
-0.132418,0.090127,0.077240,0.007618
-0.126081,0.065718,-0.038041,0.018359
-0.090516,0.062347,-0.044852,0.040068
-0.053550,0.051027,-0.043828,0.045397
-0.023106,0.033790,-0.043482,0.047492
-0.013360,0.000426,-0.050764,0.037259
-0.053680,-0.023411,-0.023838,0.022689
-0.023621,-0.064364,-0.005979,0.043783
0.007043,-0.058809,0.008820,0.017050
-0.054239,-0.071551,-0.000477,-0.002614
-0.053056,-0.065654,-0.013840,-0.002647
0.106405,-0.036781,0.109032,0.004839
0.047102,-0.028354,0.033714,-0.027205
-0.006441,-0.115777,0.028917,-0.022776
0.002097,-0.118545,0.029003,-0.020080
-0.028929,-0.035192,-0.066495,-0.008747
-0.059461,-0.035242,-0.039557,-0.009992
-0.028848,-0.063872,-0.011763,-0.021976
-0.066079,0.089156,-0.060908,-0.106585
-0.056066,0.133522,0.021882,0.040485
-0.045399,0.103212,-0.042474,0.056036
-0.010752,0.078373,-0.035652,0.060607
-0.021167,0.009510,-0.050624,0.035633
-0.068249,-0.032348,-0.021820,0.018927
-0.018385,-0.064994,0.005099,0.029645
0.040517,-0.053224,0.047392,0.039949
-0.058249,-0.073611,-0.008822,0.005395
-0.054410,-0.067029,-0.021261,0.003642
0.094120,-0.043438,0.093932,0.002557
0.001352,-0.030785,-0.023470,-0.039185
0.123702,-0.093220,0.151874,0.048597
0.181080,-0.062613,0.182947,0.092484
-0.069792,-0.038663,-0.019636,-0.012159
0.024646,-0.093809,0.016259,0.020959
0.004300,0.008049,0.135211,0.252321
0.154251,0.147308,0.151018,0.015507
0.109045,-0.000761,0.110540,-0.066775
0.053940,0.032059,0.071365,0.007668
-0.001469,-0.024779,0.017241,-0.020351
0.041370,-0.019018,-0.003387,-0.137456
0.018775,-0.021780,-0.038071,-0.102112
0.056862,-0.055734,0.066358,-0.058387
-0.006565,-0.041891,-0.078844,-0.018372
-0.024244,-0.038232,-0.064084,-0.019064
0.001373,-0.111499,0.028033,-0.012908
-0.011481,-0.030843,-0.068755,-0.032183
-0.049405,-0.032301,-0.041637,-0.021515
0.000625,-0.107513,-0.016428,0.002477
0.375834,0.049470,0.166620,-0.010261
0.185970,0.202324,-0.038038,0.070712
0.186495,0.134175,-0.074385,0.091172
0.189755,0.062508,-0.071359,0.097666
0.167727,-0.020330,-0.091262,0.081615
0.235996,-0.044387,0.112773,0.146891
0.267798,-0.055961,0.274427,0.055636
-0.042952,-0.077999,0.024877,0.006127
-0.077849,-0.076362,0.005895,0.006611
-0.062373,-0.037833,-0.034137,-0.000195
-0.063253,-0.033629,-0.033578,-0.011023
-0.083478,-0.047565,-0.008827,-0.005808
-0.077099,-0.051529,-0.010793,-0.006257
-0.034405,-0.067510,-0.035511,-0.008245
-0.091610,-0.033729,-0.000949,-0.018690
-0.105545,-0.031727,0.003195,-0.011115
-0.054800,-0.043630,-0.024506,-0.021281
0.002721,-0.000403,0.134813,0.252443
0.021359,0.023540,-0.039245,-0.039775
-0.015005,0.016131,-0.019993,-0.043500
-0.017397,-0.017645,0.006873,-0.038705
0.006848,-0.031584,-0.020430,-0.072131
0.013118,-0.037082,-0.010458,-0.073621
-0.035511,-0.065144,0.001753,-0.026149
-0.052864,-0.057323,-0.008845,-0.015088
0.126924,-0.014578,0.118405,-0.007498
0.023443,-0.017152,-0.013985,-0.046702
0.168074,0.000452,0.180789,0.084931
0.004089,-0.075891,-0.066232,-0.006904
0.156970,-0.034693,0.155236,0.067164
-0.040104,-0.033579,-0.000039,-0.068357
-0.018484,-0.043061,0.034693,-0.066530
-0.007300,-0.060210,-0.079298,0.001135
-0.006090,-0.050783,-0.091936,0.003134
0.191707,-0.025626,0.187165,0.102013
-0.015971,-0.069729,-0.003746,-0.014859
0.124023,0.057354,-0.018089,-0.053883
0.088128,0.202515,-0.060354,0.096973
0.049259,0.082514,-0.085572,0.092316
0.237746,0.035579,0.238079,0.153298
-0.102759,-0.059505,-0.012985,0.035421
-0.105415,-0.060369,-0.009825,0.030045
-0.020712,-0.065327,0.008726,0.035570
-0.103368,-0.032592,-0.004058,-0.004992
-0.107373,-0.032337,0.000952,-0.005926
-0.046337,-0.051040,-0.015596,-0.008527
-0.086062,-0.051521,-0.007470,-0.000625
-0.065774,-0.045455,-0.020782,-0.013667
-0.023382,-0.060274,-0.046588,-0.015433
0.008858,-0.102532,-0.001357,0.009140
-0.028820,0.140917,-0.106877,-0.143015
0.093608,0.112243,-0.079952,0.011528
0.037740,0.222788,0.040031,-0.006169
-0.043456,0.143354,-0.006284,-0.008756
0.072050,0.006475,0.049251,0.058190
-0.038185,0.029387,-0.100263,0.008367
0.223479,0.195944,0.239426,0.116314
-0.041427,0.051371,-0.081694,-0.030332
0.222336,0.175862,0.227564,0.120014
-0.089245,0.000703,-0.044898,0.008341
-0.042443,-0.027114,0.010488,0.014239
-0.033328,-0.021192,-0.110644,0.019765
-0.024930,-0.017842,-0.119839,0.016949
0.246855,0.046096,0.238129,0.164383
-0.102111,-0.024599,-0.021103,0.006273
-0.085887,-0.041529,-0.011654,0.000737
-0.030718,-0.067869,-0.055111,0.008028
-0.016029,-0.059075,-0.088982,0.018409
0.042526,-0.069087,0.034022,0.032306
-0.010245,0.023317,0.112675,0.247486
0.002165,0.151343,-0.050747,0.003396
-0.006937,0.183382,0.018153,-0.003659
0.126753,0.219192,0.066467,-0.012503
0.010511,0.123630,-0.086195,-0.047136
0.065200,0.119204,-0.010409,-0.052434
0.156611,0.159986,0.156768,0.005580
-0.018182,0.036491,-0.040822,-0.036179
0.117224,0.007021,0.113848,-0.027379
0.108065,-0.066602,0.106690,-0.054649
-0.009660,-0.026014,-0.080873,-0.029060
-0.016387,-0.028909,-0.069405,-0.030799
0.048810,-0.065375,0.052655,0.010771
0.011236,-0.026232,-0.040313,-0.086014
-0.027598,-0.034288,-0.052860,-0.029848
-0.000285,-0.108347,-0.021261,0.001536
-0.013331,0.072751,-0.180881,0.083180
0.053484,0.016143,-0.051843,-0.028176
0.043211,0.003824,-0.039438,-0.061729
0.068063,-0.001304,-0.052250,-0.067316
0.085801,-0.032694,-0.065996,-0.063980
0.068636,-0.080327,-0.018585,-0.079787
0.250363,-0.042365,0.301382,-0.004548
-0.089841,-0.053178,0.025089,-0.027745
-0.105651,-0.036303,0.021837,-0.025560
-0.068184,-0.043489,-0.007366,-0.026638
0.021973,-0.092941,0.013615,0.019317
0.001411,0.011641,0.131117,0.251037
0.121535,0.171633,0.121941,0.017664
0.134559,0.087186,0.139400,-0.014766
0.098628,-0.028554,0.103857,-0.067560
0.005732,-0.004195,0.019883,-0.017276
-0.015619,-0.033523,-0.004898,-0.026819
0.048945,-0.022238,0.008926,-0.153954
0.017163,-0.023618,-0.029716,-0.106673
0.075757,-0.052220,0.084890,-0.022007
-0.006413,-0.042715,-0.077296,-0.019251
-0.018927,-0.037904,-0.066039,-0.022797
-0.012610,-0.110149,0.000965,-0.011164
-0.022644,-0.032874,-0.050536,-0.024133
-0.061703,-0.037653,-0.045683,0.001117
