0.557551,0.461245,0.500000,0.500000
0.080829,0.853890,0.000000,1.000000
0.023507,0.830095,0.372475,0.446948
0.000592,0.785616,0.446151,0.394918
0.000369,0.724542,0.499494,0.361296
0.000167,0.665435,0.499526,0.360361
0.020017,0.606313,0.546647,0.360325
0.085777,0.548730,0.654535,0.363959
0.172430,0.513047,0.703636,0.415698
0.262582,0.498226,0.703707,0.465538
0.329287,0.492391,0.656757,0.486216
0.353535,0.486327,0.556794,0.486223
0.373459,0.477070,0.546821,0.478131
0.439313,0.450442,0.646805,0.439723
0.506017,0.424359,0.656754,0.438379
0.499023,0.443804,0.500000,0.500000
0.958911,0.823557,1.000000,1.000000
0.998740,0.767105,0.593603,0.372761
0.998700,0.691229,0.499906,0.320744
0.998672,0.604981,0.499933,0.296238
0.976951,0.515271,0.452917,0.296213
0.912707,0.437373,0.349028,0.315965
0.845925,0.380516,0.343062,0.365676
0.821586,0.335446,0.443005,0.397595
0.801511,0.299986,0.452824,0.416226
0.738886,0.285457,0.352831,0.465675
0.671988,0.292753,0.346833,0.515570
0.651071,0.318845,0.450847,0.561642
0.652772,0.348854,0.503842,0.568169
0.634396,0.377711,0.456815,0.568175
0.591866,0.407725,0.403900,0.568180
0.571568,0.441208,0.500000,0.500000
0.080369,0.045677,0.000000,0.000000
0.023240,0.075675,0.365746,0.570870
0.002561,0.104521,0.451404,0.568149
0.002434,0.134525,0.499701,0.570882
0.022275,0.163374,0.546628,0.568158
0.088042,0.198385,0.654552,0.582712
0.194637,0.252348,0.750499,0.627488
0.330752,0.321014,0.819870,0.662224
0.445746,0.382324,0.761842,0.640238
0.516629,0.424672,0.662522,0.596679
0.492725,0.409575,0.500000,0.500000
0.915649,0.036938,1.000000,0.000000
0.900302,0.070641,0.463933,0.579623
0.862621,0.128168,0.416852,0.629682
0.823077,0.203290,0.407070,0.677475
0.827080,0.285240,0.507029,0.686161
0.834254,0.364043,0.516858,0.686172
0.796613,0.443863,0.416929,0.681977
0.737007,0.502594,0.359926,0.638752
0.697398,0.540139,0.406918,0.588699
0.701329,0.556735,0.506865,0.538711
0.708438,0.553655,0.516705,0.492721
0.670752,0.547586,0.411437,0.485664
0.611122,0.541749,0.359870,0.486209
0.571512,0.535733,0.406917,0.485787
0.575423,0.515356,0.506837,0.454712
0.582525,0.484133,0.516691,0.426233
0.534960,0.446645,0.500000,0.500000
0.049663,0.823351,0.000000,1.000000
0.024636,0.762716,0.443447,0.363265
0.000123,0.679290,0.443531,0.311373
-0.000059,0.586109,0.499588,0.288327
0.021126,0.493342,0.545877,0.288946
0.091835,0.413490,0.657919,0.317291
0.185480,0.359868,0.711594,0.377201
0.279197,0.328724,0.711765,0.428576
0.355188,0.305818,0.674046,0.447266
0.381840,0.302654,0.561989,0.491082
0.403077,0.322992,0.545994,0.545202
0.470404,0.357259,0.650145,0.577830
0.544334,0.391666,0.673735,0.581286
0.572032,0.424760,0.565089,0.578185
0.541402,0.469776,0.500000,0.500000
0.062607,0.886797,0.000000,1.000000
0.032258,0.896605,0.428681,0.523170
0.001927,0.885184,0.428721,0.473018
0.001660,0.850871,0.499372,0.418935
0.001426,0.796255,0.499451,0.370972
0.001212,0.717181,0.499515,0.321172
0.001027,0.632671,0.499566,0.300345
0.022514,0.550401,0.546549,0.312204
0.086588,0.491868,0.650575,0.361718
0.176718,0.453400,0.703657,0.411620
0.263411,0.436574,0.703728,0.460249
0.330117,0.423960,0.656758,0.470197
0.354340,0.410842,0.556926,0.469011
0.375896,0.397723,0.546703,0.470198
0.440058,0.385101,0.650781,0.470180
0.508585,0.371970,0.661039,0.468978
0.531105,0.359347,0.552922,0.470178
0.509402,0.353138,0.452964,0.484945
0.485043,0.368197,0.442756,0.535578
0.504816,0.396397,0.546467,0.566620
0.523921,0.457823,0.500000,0.500000
0.957182,0.827452,1.000000,1.000000
0.998839,0.778091,0.597899,0.388875
0.998796,0.709024,0.499898,0.336829
0.998765,0.618655,0.499927,0.286503
0.978813,0.534302,0.453112,0.300716
0.916272,0.469811,0.353029,0.347640
0.849370,0.425164,0.346845,0.397586
0.828480,0.396921,0.450909,0.433276
0.810136,0.369057,0.456891,0.434170
0.749270,0.348113,0.356965,0.450520
0.662503,0.348310,0.303943,0.499441
0.598965,0.366225,0.350685,0.542322
0.578109,0.386554,0.450854,0.546180
0.601339,0.406101,0.554592,0.546182
0.627437,0.426432,0.560976,0.546184
0.609119,0.445985,0.456952,0.546192
0.089954,0.015616,0.500000,0.500000
0.970869,0.021419,1.000000,0.513710
1.036715,0.021743,0.646779,0.500463
1.037562,0.035966,0.501990,0.533602
1.017532,0.071358,0.452931,0.583615
0.951700,0.126652,0.353256,0.625427
0.883120,0.183937,0.343038,0.630129
0.860497,0.239025,0.446835,0.630147
0.842147,0.286372,0.456878,0.611858
0.781327,0.310382,0.357073,0.556723
0.717853,0.320132,0.350836,0.523035
0.696987,0.329888,0.450965,0.523049
0.678775,0.339646,0.460845,0.522165
0.617903,0.349025,0.356952,0.522157
0.554445,0.358405,0.350874,0.522162
0.533482,0.368168,0.450623,0.522178
0.556802,0.377556,0.554802,0.522179
0.582838,0.388200,0.560829,0.523719
0.564493,0.414286,0.456890,0.561627
0.544123,0.454988,0.500000,0.500000
0.080439,0.056519,0.000000,0.000000
0.026375,0.117291,0.372949,0.643574
0.002644,0.202910,0.444243,0.693628
0.024178,0.298079,0.546658,0.716189
0.088315,0.380436,0.650722,0.694568
0.200144,0.443686,0.762798,0.649428
0.314624,0.487476,0.760677,0.599686
0.381406,0.527354,0.656938,0.594213
0.405612,0.567218,0.556884,0.594178
0.425537,0.596196,0.546824,0.568460
0.487937,0.602460,0.646639,0.514799
0.553011,0.587578,0.652924,0.464841
0.575517,0.553641,0.552890,0.419824
0.554001,0.515000,0.449436,0.408710
0.526605,0.464463,0.500000,0.500000
0.970103,0.815512,1.000000,1.000000
0.997522,0.746830,0.564438,0.344977
0.997487,0.656571,0.499921,0.295475
0.977671,0.560704,0.453431,0.273515
0.908554,0.461996,0.337576,0.266801
0.838076,0.383858,0.338759,0.321502
0.813493,0.328578,0.442432,0.373416
0.791773,0.296266,0.452921,0.425595
0.727486,0.286795,0.348927,0.477625
0.653588,0.299169,0.330784,0.527627
0.628741,0.317528,0.441694,0.541769
0.651768,0.337266,0.550037,0.544184
0.681878,0.377974,0.569428,0.587077
0.664090,0.427617,0.461823,0.613166
0.600281,0.461146,0.357814,0.577165
0.527920,0.471709,0.334179,0.525076
0.506589,0.460882,0.500000,0.500000
0.125689,0.850510,0.000000,1.000000
0.161665,0.833758,0.584544,0.460422
0.175649,0.794122,0.531598,0.410964
0.211301,0.732210,0.578557,0.359962
0.293078,0.663664,0.682768,0.344290
0.375114,0.597740,0.692783,0.344254
0.414611,0.531813,0.592817,0.344247
0.410624,0.463240,0.490632,0.337997
0.403925,0.405449,0.482865,0.367719
0.440815,0.371431,0.586691,0.419632
0.484397,0.358506,0.600464,0.469638
0.483099,0.367658,0.496951,0.521621
0.476598,0.397506,0.484721,0.570515
0.484814,0.446823,0.500000,0.500000
0.910007,0.900183,1.000000,1.000000
0.922574,0.944359,0.526400,0.600352
0.959643,0.987693,0.583758,0.598881
0.999230,0.996568,0.593030,0.520965
0.999147,0.970605,0.499811,0.441949
0.999074,0.922264,0.499836,0.391190
0.999016,0.854245,0.499864,0.339306
0.998969,0.769226,0.499889,0.299143
0.998929,0.680660,0.499909,0.298512
0.977409,0.602218,0.453351,0.320873
0.909929,0.546048,0.349505,0.371409
0.839284,0.502929,0.338427,0.402045
0.814585,0.459874,0.442181,0.402194
0.793096,0.417932,0.453445,0.404214
0.725687,0.393396,0.349695,0.443260
0.655137,0.390965,0.338593,0.493929
0.630645,0.394427,0.442443,0.508179
0.630439,0.398029,0.499515,0.508509
0.608808,0.401769,0.453133,0.508509
0.561098,0.405370,0.387881,0.508506
0.089993,0.015594,0.500000,0.500000
0.112260,0.018474,0.552327,0.506805
0.174723,0.018526,0.646788,0.500123
0.284840,0.018572,0.746821,0.500104
0.394114,0.018613,0.756794,0.500096
0.462621,0.028628,0.656795,0.521757
0.485101,0.059803,0.552829,0.573651
0.505100,0.112138,0.546997,0.623640
0.570976,0.183960,0.654809,0.669680
0.637709,0.254277,0.656821,0.666124
0.661979,0.327424,0.556839,0.666162
0.641919,0.396319,0.452860,0.662765
0.619361,0.448245,0.446988,0.622675
0.640955,0.480701,0.546791,0.574269
0.665130,0.506184,0.556811,0.560203
0.646732,0.524013,0.456764,0.542121
0.582503,0.520368,0.349063,0.491390
0.517361,0.495263,0.346917,0.440690
0.496014,0.437894,0.500000,0.500000
0.123592,0.002076,0.000000,0.000000
0.157928,0.002130,0.580690,0.500126
0.191959,0.002185,0.574879,0.500125
0.268053,0.006697,0.678821,0.510661
0.366695,0.031082,0.731809,0.557608
0.447628,0.078874,0.684877,0.607564
0.482061,0.146256,0.580918,0.659191
0.516179,0.224678,0.575080,0.678146
0.552272,0.300088,0.584818,0.678157
0.545832,0.375333,0.484866,0.677766
0.534031,0.439467,0.472269,0.651517
0.561965,0.476749,0.500000,0.500000
0.923723,0.857340,1.000000,1.000000
0.904545,0.835672,0.454931,0.448809
0.907999,0.790659,0.507804,0.398755
0.911349,0.726104,0.507871,0.347491
0.894675,0.654254,0.460817,0.330254
0.832219,0.579515,0.360872,0.330221
0.748791,0.513910,0.303945,0.345008
0.685377,0.468923,0.350977,0.393716
0.642815,0.438305,0.403823,0.430379
0.601903,0.409600,0.403858,0.432184
0.581098,0.382303,0.450974,0.437273
0.584422,0.374540,0.507812,0.481661
0.566203,0.378132,0.460831,0.508159
0.545302,0.381595,0.450883,0.508181
0.566946,0.386844,0.550863,0.512401
0.591162,0.410903,0.556712,0.553712
0.495024,0.450798,0.500000,0.500000
0.998368,0.035888,1.000000,0.000000
0.998361,0.058049,0.499984,0.549410
0.978296,0.100235,0.452845,0.599665
0.912368,0.164758,0.353032,0.646191
0.845565,0.230851,0.343014,0.656144
0.821280,0.296951,0.442928,0.656161
0.801155,0.357326,0.452708,0.642636
0.738583,0.394021,0.352955,0.586694
0.673465,0.409538,0.346972,0.536657
0.650868,0.410875,0.446897,0.503160
0.632467,0.411800,0.456760,0.502184
0.568221,0.412757,0.356828,0.502174
0.503102,0.413678,0.346969,0.502176
0.480468,0.414643,0.446857,0.502193
0.089954,0.015616,0.500000,0.500000
0.960490,0.858481,1.000000,1.000000
1.026302,0.858616,0.646723,0.500306
1.027091,0.857853,0.501855,0.498197
1.027028,0.840166,0.499858,0.460824
1.026973,0.801572,0.499870,0.408820
1.026926,0.744335,0.499890,0.364778
1.026884,0.681938,0.499901,0.352587
1.026849,0.621932,0.499917,0.358237
1.005088,0.567920,0.452847,0.376317
0.940815,0.537304,0.348957,0.427671
0.874005,0.522822,0.342998,0.465786
0.849599,0.508823,0.442850,0.468200
0.829502,0.495362,0.452770,0.468198
0.763654,0.481355,0.353223,0.468181
0.696840,0.467886,0.342988,0.468179
0.672404,0.453884,0.442575,0.466922
0.652319,0.440420,0.452800,0.468191
0.589737,0.426950,0.352932,0.468176
0.519494,0.414713,0.334928,0.471091
0.544290,0.449411,0.500000,0.500000
0.924442,0.041283,1.000000,0.000000
0.873108,0.079394,0.384006,0.585563
0.843759,0.137352,0.431030,0.636926
0.856965,0.202596,0.531034,0.654140
0.875777,0.270454,0.544207,0.660313
0.850648,0.335709,0.440948,0.654165
0.783011,0.395347,0.341054,0.640895
0.707503,0.435692,0.322555,0.595317
0.678075,0.452920,0.430844,0.540700
0.670923,0.448417,0.483839,0.490765
0.644072,0.430842,0.436900,0.458479
0.574673,0.413162,0.336911,0.458230
0.500734,0.407298,0.330932,0.485680
0.472988,0.415608,0.434797,0.519632
0.495855,0.425866,0.500000,0.500000
0.999172,0.856546,1.000000,1.000000
0.999107,0.832692,0.499853,0.446813
0.999051,0.788826,0.499868,0.396367
0.999001,0.738996,0.499882,0.382277
0.998956,0.689159,0.499893,0.382259
0.998913,0.637321,0.499899,0.377532
0.978840,0.596628,0.452830,0.403865
0.916253,0.577028,0.352919,0.453693
0.849425,0.576122,0.342954,0.497861
0.828517,0.577980,0.450751,0.504220
0.811806,0.571377,0.460730,0.484400
0.752602,0.544898,0.360871,0.437445
0.665902,0.512405,0.296254,0.423233
0.600778,0.479998,0.350846,0.426252
0.581475,0.461206,0.454636,0.455602
0.586610,0.458488,0.512069,0.493579
0.563581,0.456557,0.500000,0.500000
0.028597,0.023794,0.000000,0.000000
0.001433,0.051338,0.436176,0.561557
0.001318,0.099270,0.499730,0.613240
0.001200,0.155211,0.499722,0.632162
0.022764,0.212508,0.546729,0.630617
0.090338,0.252862,0.650690,0.592669
0.198723,0.272610,0.754703,0.546657
0.334917,0.290354,0.807745,0.540174
0.445854,0.319840,0.760700,0.569662
0.514272,0.360532,0.660783,0.596135
0.540366,0.402873,0.560968,0.596181
0.515129,0.450106,0.500000,0.500000
0.066930,0.050830,0.000000,0.000000
0.041674,0.064642,0.440647,0.532631
0.002461,0.057318,0.407851,0.482697
0.002342,0.027217,0.499719,0.428887
0.002226,0.002193,0.499738,0.440175
0.002113,0.020662,0.499735,0.543634
0.002000,0.060286,0.499736,0.593611
0.001883,0.120976,0.499734,0.637614
0.021764,0.181996,0.546722,0.644160
0.087532,0.245453,0.654554,0.649917
0.194268,0.306461,0.750829,0.644130
0.323520,0.367462,0.803743,0.644116
0.437947,0.430916,0.768904,0.649909
0.504714,0.482813,0.656901,0.622607
0.528950,0.516579,0.556956,0.579773
0.508941,0.549254,0.452979,0.577194
0.486303,0.576901,0.446849,0.563686
0.507886,0.583153,0.550720,0.514771
0.532143,0.567211,0.556812,0.464787
0.512110,0.537945,0.452923,0.430859
0.489452,0.507228,0.446802,0.430221
0.520428,0.471780,0.500000,0.500000
0.161787,0.831783,0.000000,1.000000
0.239019,0.801126,0.676511,0.430358
0.289941,0.768693,0.619667,0.423377
0.340868,0.717419,0.619679,0.378867
0.393859,0.641634,0.624529,0.320956
0.425196,0.552876,0.572830,0.298380
0.411909,0.468369,0.468775,0.300352
0.396102,0.399675,0.462854,0.337709
0.424798,0.340726,0.562842,0.366087
0.456158,0.286833,0.572863,0.376691
0.442892,0.255372,0.468825,0.425673
0.427331,0.245080,0.462838,0.475618
0.455765,0.256781,0.566820,0.527645
0.487096,0.291403,0.572792,0.577647
0.473884,0.336336,0.468952,0.606156
0.458339,0.383081,0.462876,0.606186
0.486776,0.428029,0.566828,0.606190
0.090001,0.015589,0.500000,0.500000
0.972562,0.027042,1.000000,0.525632
1.036789,0.053090,0.650932,0.561539
1.037640,0.102646,0.502001,0.611582
1.015979,0.165959,0.453056,0.643810
0.951742,0.226967,0.349045,0.644132
0.884902,0.287980,0.342926,0.644144
0.860485,0.351443,0.442822,0.644165
0.840480,0.407442,0.452987,0.632296
0.777898,0.443290,0.352934,0.584692
0.711024,0.458128,0.342846,0.535054
0.690055,0.454747,0.450723,0.492013
0.670045,0.449549,0.456781,0.488192
0.604055,0.444345,0.352891,0.488179
0.535394,0.439142,0.342853,0.488180
0.562163,0.455827,0.500000,0.500000
0.030725,0.835230,0.000000,1.000000
0.001845,0.807845,0.432154,0.438306
0.001615,0.765077,0.499461,0.398960
0.001399,0.699294,0.499511,0.351052
0.021205,0.630865,0.546545,0.338338
0.083596,0.562415,0.646617,0.338286
0.171954,0.500312,0.707642,0.353283
0.256943,0.461991,0.699725,0.409466
0.325372,0.431267,0.660806,0.427415
0.347875,0.411319,0.552884,0.452873
0.366061,0.413707,0.542737,0.505640
0.426772,0.437235,0.642671,0.555587
0.495088,0.471654,0.660542,0.581315
0.470724,0.463914,0.500000,0.500000
0.947570,0.867330,1.000000,1.000000
0.996419,0.870503,0.614796,0.507498
0.999910,0.851935,0.508208,0.458820
0.999851,0.812505,0.499862,0.406846
0.999798,0.756656,0.499879,0.373165
0.999752,0.702588,0.499892,0.372265
0.999711,0.648512,0.499903,0.372246
0.978048,0.593408,0.453037,0.374317
0.913764,0.556874,0.348931,0.413689
0.845144,0.541302,0.342949,0.463623
0.822452,0.543002,0.446717,0.503769
0.804117,0.545631,0.460559,0.505963
0.743250,0.548256,0.356962,0.506201
0.678127,0.540214,0.350847,0.482733
0.658879,0.512043,0.454767,0.433445
0.640669,0.477797,0.460853,0.422207
0.579805,0.447809,0.356969,0.429154
0.514657,0.434865,0.350849,0.470212
0.496632,0.424806,0.500000,0.500000
0.971793,0.850437,1.000000,1.000000
1.000299,0.837094,0.566989,0.468476
1.000238,0.801772,0.499857,0.416553
1.000186,0.755395,0.499877,0.390433
1.000136,0.707088,0.499887,0.390266
1.000092,0.660633,0.499898,0.390249
1.000053,0.615305,0.499906,0.392914
0.980064,0.586374,0.453028,0.431649
0.914103,0.578746,0.344991,0.481979
0.845393,0.585642,0.342716,0.515644
0.822724,0.589089,0.446728,0.508143
0.800963,0.572273,0.448864,0.460271
0.736706,0.534682,0.348994,0.411192
0.644724,0.487217,0.283843,0.387865
0.572582,0.441519,0.330467,0.392038
0.546350,0.411446,0.500000,0.500000
0.076031,0.840059,0.000000,1.000000
0.016696,0.819922,0.360561,0.452425
0.002169,0.792193,0.465862,0.434491
0.001938,0.741091,0.499458,0.379272
0.001739,0.671506,0.499532,0.335605
0.023241,0.594171,0.550530,0.317295
0.090720,0.527581,0.650467,0.347732
0.179082,0.485117,0.707652,0.399680
0.267475,0.463804,0.707723,0.449648
0.337773,0.454963,0.660850,0.479904
0.362006,0.446587,0.556947,0.480211
0.385396,0.437874,0.550835,0.480208
0.454768,0.429153,0.654753,0.480189
0.524870,0.420945,0.664738,0.480609
0.552958,0.428602,0.500000,0.500000
0.929294,0.040851,1.000000,0.000000
0.883272,0.081600,0.396009,0.591565
0.858996,0.139859,0.442953,0.637636
0.837295,0.200873,0.449004,0.644145
0.769633,0.264329,0.349076,0.644149
0.701110,0.324460,0.338971,0.642060
0.674925,0.370112,0.438830,0.604705
0.693120,0.396349,0.542758,0.561987
0.713903,0.420976,0.548839,0.558180
0.690442,0.446591,0.444867,0.560516
0.624482,0.471219,0.344993,0.558184
0.555882,0.494975,0.338789,0.556123
0.548819,0.415698,0.500000,0.500000
0.923705,0.863702,1.000000,1.000000
0.904483,0.848830,0.454827,0.464864
0.909619,0.811198,0.512071,0.411095
0.914663,0.767301,0.511852,0.396293
0.919913,0.721640,0.511864,0.396276
0.905052,0.677728,0.465077,0.396258
0.844439,0.632048,0.365043,0.396233
0.762701,0.588115,0.307915,0.396209
0.700923,0.544183,0.354824,0.396209
0.661690,0.500250,0.407800,0.396209
0.600929,0.454551,0.357212,0.392037
0.537636,0.410008,0.354988,0.398299
0.520137,0.383640,0.458877,0.437707
0.547036,0.367864,0.558779,0.464162
0.576326,0.352700,0.568832,0.464175
0.561667,0.336928,0.465552,0.462739
0.524183,0.323195,0.411913,0.467555
0.506881,0.327016,0.458905,0.507680
0.535545,0.350278,0.562767,0.552630
0.566538,0.374901,0.572833,0.558173
0.553663,0.400514,0.472910,0.558184
0.539319,0.429087,0.500000,0.500000
0.983791,0.044741,1.000000,0.000000
0.997810,0.069332,0.532944,0.558097
0.977808,0.094911,0.452996,0.560431
0.911833,0.130455,0.352921,0.579748
0.845030,0.185698,0.343013,0.630512
0.820660,0.250037,0.442933,0.646153
0.800584,0.311904,0.452821,0.646162
0.734670,0.364615,0.353068,0.620742
0.667801,0.393700,0.342857,0.568715
0.643462,0.403766,0.442804,0.523781
0.641613,0.410891,0.495820,0.516185
0.619833,0.417742,0.448816,0.516185
0.573756,0.424867,0.391719,0.516832
0.549679,0.433092,0.500000,0.500000
0.078692,0.024909,0.000000,0.000000
0.022886,0.031737,0.368856,0.516131
0.002622,0.043860,0.452381,0.528641
0.002506,0.075870,0.499728,0.575624
0.002385,0.129856,0.499716,0.627542
0.022316,0.185798,0.546837,0.632161
0.088116,0.243973,0.646701,0.632153
0.194783,0.299901,0.750667,0.632130
0.324035,0.355822,0.803742,0.632115
0.436802,0.413992,0.756810,0.632140
0.501834,0.469943,0.652826,0.632184
0.524300,0.518977,0.552762,0.612374
0.502548,0.544698,0.452851,0.559296
0.478236,0.549232,0.442866,0.510711
0.496452,0.532606,0.542808,0.460721
0.560561,0.468156,0.500000,0.500000
0.913128,0.074499,1.000000,0.000000
0.851860,0.150541,0.356019,0.679650
0.809861,0.248658,0.401302,0.731801
0.812804,0.345241,0.506918,0.728178
0.817644,0.440063,0.512937,0.716309
0.778923,0.510645,0.409005,0.666750
0.713484,0.561605,0.346218,0.620393
0.670410,0.589018,0.398777,0.564764
0.670767,0.595070,0.500839,0.514296
0.673748,0.578254,0.507005,0.460273
0.633279,0.543909,0.404899,0.418860
0.567725,0.506140,0.351874,0.414203
0.524629,0.469824,0.398725,0.414204
0.529119,0.426245,0.500000,0.500000
0.989472,0.818430,1.000000,1.000000
0.999124,0.756133,0.522681,0.352823
0.999087,0.669330,0.499913,0.294929
0.979056,0.578845,0.452929,0.286230
0.913170,0.488149,0.345167,0.285729
0.846373,0.420284,0.343025,0.339669
0.822118,0.373601,0.443001,0.389713
0.801978,0.341200,0.452672,0.423451
0.739447,0.310784,0.353053,0.428142
0.650909,0.280294,0.299940,0.430224
0.585743,0.267430,0.346859,0.469608
0.563117,0.275742,0.446829,0.519637
0.584703,0.306826,0.546771,0.569610
0.608856,0.353297,0.556760,0.609788
0.588909,0.402682,0.453124,0.616672
0.566606,0.457771,0.500000,0.500000
0.079233,0.898769,0.000000,1.000000
0.020146,0.920770,0.368488,0.550981
-0.000112,0.920357,0.452393,0.499024
-0.000390,0.898796,0.499348,0.449061
-0.000656,0.853885,0.499398,0.398990
-0.000884,0.789096,0.499465,0.346936
-0.001089,0.699257,0.499518,0.287756
-0.001255,0.591922,0.499610,0.246420
-0.001400,0.479069,0.499658,0.233387
0.018487,0.377279,0.546734,0.259520
0.084297,0.298351,0.654655,0.313532
0.174448,0.242299,0.703704,0.371671
0.261168,0.210001,0.703791,0.423697
0.327862,0.198855,0.656732,0.473666
0.352201,0.198912,0.557003,0.500131
0.372171,0.199002,0.546928,0.500210
0.434639,0.210690,0.646801,0.527615
0.499662,0.243554,0.652802,0.577641
0.522201,0.291039,0.552967,0.612183
0.500457,0.336827,0.448903,0.608173
0.476048,0.384451,0.442845,0.608184
0.509221,0.416377,0.500000,0.500000
0.999577,0.065071,1.000000,0.000000
0.999574,0.115201,0.499994,0.618432
0.979580,0.181905,0.453014,0.657588
0.913603,0.270151,0.344954,0.708482
0.846829,0.344069,0.343081,0.674631
0.822497,0.396863,0.442821,0.624725
0.798956,0.429293,0.448802,0.574669
0.732973,0.438901,0.344940,0.522700
0.659195,0.427310,0.326621,0.472615
0.631433,0.410456,0.434759,0.460184
0.626026,0.393014,0.487779,0.460245
0.600901,0.388612,0.440958,0.489599
0.551284,0.406511,0.387886,0.539680
0.523106,0.449337,0.500000,0.500000
0.963760,0.893215,1.000000,1.000000
0.998846,0.915153,0.582458,0.550846
0.998775,0.914678,0.499834,0.498877
0.998707,0.893036,0.499839,0.448871
0.998642,0.848061,0.499854,0.398823
0.998588,0.790858,0.499874,0.364858
0.998538,0.731110,0.499887,0.364276
0.998496,0.673652,0.499900,0.364255
0.998457,0.619170,0.499909,0.371286
0.978434,0.582492,0.452947,0.413348
0.912415,0.566952,0.352820,0.464319
0.845549,0.556030,0.342864,0.474197
0.821216,0.545114,0.442817,0.474211
0.799453,0.530769,0.448857,0.466109
0.731714,0.496871,0.340814,0.419916
0.663174,0.460350,0.338930,0.413720
0.636923,0.438297,0.438678,0.449171
0.615210,0.424832,0.448974,0.468189
0.550957,0.411360,0.349006,0.468173
0.484118,0.408670,0.342927,0.493644
0.459644,0.426191,0.442487,0.541393
0.488611,0.450673,0.500000,0.500000
0.999140,0.874329,1.000000,1.000000
0.999073,0.872140,0.499844,0.494827
0.999007,0.847446,0.499850,0.444900
0.998950,0.802072,0.499866,0.392802
0.998899,0.742377,0.499884,0.364400
0.998855,0.684920,0.499901,0.369689
0.998816,0.627456,0.499909,0.364240
0.977097,0.570660,0.452902,0.370240
0.912771,0.534991,0.348835,0.415732
0.845944,0.513533,0.342956,0.449306
0.821641,0.492452,0.442889,0.450198
0.801516,0.471395,0.452705,0.450252
0.738894,0.467034,0.352838,0.489698
0.671990,0.461636,0.346822,0.488740
0.651036,0.441786,0.450758,0.453103
0.631032,0.429886,0.456797,0.471980
0.568447,0.439893,0.352924,0.523640
0.501577,0.461106,0.346883,0.548189
0.481017,0.483961,0.500000,0.500000
0.119222,0.878666,0.000000,1.000000
0.148304,0.888360,0.568344,0.522902
0.154915,0.876923,0.515535,0.472980
0.183484,0.842555,0.562553,0.422930
0.254394,0.787969,0.666640,0.371040
0.351603,0.722066,0.719652,0.350293
0.425109,0.658689,0.672740,0.350273
0.456170,0.595309,0.572993,0.350263
0.443262,0.529384,0.469666,0.344253
0.427400,0.465987,0.462724,0.350224
0.456061,0.402181,0.562761,0.354390
0.487054,0.358858,0.572834,0.397650
0.475478,0.336719,0.472796,0.447698
0.461405,0.335731,0.466930,0.497665
0.491859,0.357153,0.571566,0.550610
0.524939,0.395830,0.576744,0.587768
0.483847,0.443363,0.500000,0.500000
0.115468,0.027045,0.000000,0.000000
0.141265,0.053987,0.560621,0.563651
0.166396,0.103554,0.554788,0.612057
0.233961,0.156940,0.658778,0.626123
0.349397,0.212449,0.758839,0.626097
0.463791,0.265824,0.768828,0.626098
0.537664,0.321352,0.668905,0.626140
0.565301,0.374759,0.564948,0.626174
0.548863,0.429426,0.464837,0.624633
0.502931,0.456445,0.500000,0.500000
0.162342,0.039377,0.000000,0.000000
0.237612,0.061740,0.676886,0.552832
0.290320,0.097978,0.623863,0.585612
0.365136,0.157930,0.675818,0.641638
0.440389,0.224013,0.676844,0.656120
0.473565,0.292756,0.576968,0.656159
0.502067,0.358387,0.566981,0.655054
0.573052,0.409469,0.666814,0.620682
0.648639,0.440595,0.677630,0.573534
0.677959,0.463533,0.568901,0.554191
0.664749,0.486475,0.468958,0.554200
0.605819,0.509868,0.368861,0.553489
0.545750,0.517806,0.358838,0.518755
0.528187,0.511507,0.458728,0.485118
0.555116,0.504558,0.558851,0.484215
0.584403,0.497875,0.568823,0.484210
0.569722,0.490923,0.468847,0.484209
0.524711,0.482900,0.500000,0.500000
0.077160,0.842986,0.000000,1.000000
0.062030,0.805284,0.464443,0.410928
0.024386,0.747849,0.411538,0.364311
0.001330,0.683741,0.445835,0.354371
0.001138,0.622085,0.499549,0.354339
0.022607,0.558245,0.550453,0.349177
0.086701,0.510732,0.650620,0.387752
0.173348,0.484352,0.703621,0.437676
0.263502,0.478717,0.711862,0.486687
0.330209,0.479652,0.656761,0.502210
0.354441,0.480630,0.556776,0.502220
0.374357,0.480676,0.546801,0.500110
0.436833,0.464881,0.646820,0.462684
0.506885,0.437672,0.664623,0.435720
0.526050,0.445349,0.500000,0.500000
0.117113,0.000282,0.000000,0.000000
0.144648,0.010198,0.564706,0.523426
0.169691,0.037426,0.558852,0.564327
0.240848,0.067410,0.667218,0.570838
0.358017,0.097383,0.775347,0.570809
0.474103,0.126199,0.772802,0.568080
0.549719,0.156183,0.672822,0.568110
0.579330,0.186177,0.568911,0.568135
0.564397,0.215022,0.464907,0.568148
0.546940,0.243870,0.458976,0.568154
0.573888,0.273872,0.558893,0.568153
0.603181,0.302721,0.568837,0.568156
0.589952,0.331575,0.468913,0.568168
0.571074,0.361587,0.455636,0.570902
0.596051,0.390445,0.558698,0.568177
0.623828,0.420459,0.564780,0.568181
0.607170,0.449324,0.460855,0.568193
0.584725,0.476367,0.447254,0.563889
0.606331,0.483755,0.550774,0.517454
0.630592,0.483843,0.556821,0.500202
0.610533,0.483929,0.452861,0.500202
0.567926,0.484014,0.399872,0.500200
0.546214,0.484122,0.500000,0.500000
0.082395,0.855931,0.000000,1.000000
0.029857,0.833488,0.376535,0.446979
0.001911,0.787667,0.434349,0.396909
0.001698,0.723795,0.499500,0.349105
0.001502,0.656221,0.499538,0.340356
0.023045,0.585927,0.550626,0.333930
0.087107,0.523942,0.650547,0.353560
0.178928,0.481114,0.715779,0.398818
0.267322,0.456486,0.707725,0.441817
0.335704,0.432868,0.660698,0.444203
0.361750,0.408306,0.560878,0.444204
0.383397,0.384686,0.550870,0.444197
0.451074,0.369288,0.650907,0.464027
0.519503,0.375881,0.660810,0.515575
0.545544,0.392688,0.560842,0.538180
0.520332,0.411438,0.500000,0.500000
0.925575,0.046630,1.000000,0.000000
0.920436,0.093893,0.487924,0.611660
0.895085,0.165406,0.440425,0.668949
0.827442,0.243355,0.341041,0.684154
0.757219,0.321308,0.334975,0.684165
0.729296,0.402389,0.434380,0.691553
0.747416,0.471799,0.538946,0.658673
0.768184,0.516980,0.548805,0.606741
0.744669,0.541505,0.444740,0.557939
0.678664,0.543503,0.344888,0.504721
0.604845,0.524268,0.326527,0.454557
0.577121,0.500654,0.434847,0.444213
0.593394,0.476095,0.534770,0.444210
0.612425,0.452476,0.544722,0.444201
0.588948,0.428854,0.444828,0.444192
0.539422,0.408231,0.383615,0.451279
0.523806,0.489161,0.500000,0.500000
0.070690,0.846589,0.000000,1.000000
0.048685,0.813956,0.448288,0.422906
0.000768,0.757583,0.391734,0.372941
0.000104,0.690910,0.498439,0.342485
0.019970,0.624173,0.546685,0.342335
0.085767,0.554744,0.654623,0.335975
0.172433,0.488429,0.703665,0.343331
0.262599,0.435054,0.703741,0.377754
0.329316,0.405285,0.656785,0.429669
0.353511,0.395798,0.556858,0.477588
0.376879,0.391786,0.550804,0.490615
0.442760,0.401813,0.654819,0.523687
0.513022,0.434643,0.660783,0.573634
0.536979,0.484523,0.500000,0.500000
0.954014,0.887958,1.000000,1.000000
0.998590,0.898476,0.604755,0.524850
0.998519,0.886950,0.499840,0.474816
0.998456,0.854292,0.499850,0.422844
0.998398,0.797857,0.499870,0.372812
0.998352,0.731951,0.499891,0.344296
0.998310,0.663389,0.499906,0.344254
0.978312,0.597455,0.453004,0.344230
0.915694,0.542318,0.352847,0.369739
0.848817,0.507382,0.346864,0.419627
0.827927,0.495407,0.450908,0.471707
0.811315,0.493732,0.460961,0.496045
0.752113,0.492118,0.360875,0.496186
0.688791,0.490440,0.354900,0.496188
0.671230,0.488833,0.458732,0.496203
0.654773,0.486992,0.464810,0.496023
0.595591,0.472063,0.360924,0.464730
0.532233,0.440343,0.354835,0.428016
0.559370,0.471743,0.500000,0.500000
0.035056,0.021690,0.000000,0.000000
0.002289,0.027282,0.422997,0.513211
0.002169,0.052194,0.499729,0.555589
0.002054,0.097781,0.499729,0.607699
0.001938,0.164445,0.499729,0.657494
0.021804,0.242880,0.546686,0.685302
0.084236,0.318275,0.646713,0.678120
0.194302,0.384158,0.746707,0.650664
0.323543,0.425911,0.803715,0.598641
0.436255,0.447345,0.756683,0.549351
0.501287,0.460970,0.652825,0.532189
0.483050,0.422787,0.500000,0.500000
0.999481,0.008760,1.000000,0.000000
0.999475,0.016055,0.499986,0.515571
0.979443,0.044673,0.452926,0.567611
0.916878,0.086074,0.352971,0.597808
0.850117,0.129266,0.347155,0.598118
0.829262,0.170804,0.450991,0.598133
0.810889,0.212345,0.456823,0.598140
0.750005,0.253886,0.356923,0.598141
0.684848,0.297093,0.350763,0.598150
0.665670,0.338646,0.454933,0.598168
0.669134,0.381865,0.507826,0.598176
0.652503,0.423425,0.460916,0.598186
0.613326,0.458059,0.407936,0.581823
0.592540,0.472027,0.451151,0.533000
0.615866,0.464167,0.554817,0.481431
0.641767,0.449012,0.560868,0.464196
0.623549,0.433249,0.460834,0.464192
0.559294,0.417478,0.356827,0.464176
0.494116,0.403215,0.346830,0.466304
0.471485,0.404777,0.446819,0.503690
0.509830,0.421556,0.500000,0.500000
0.125165,0.003194,0.000000,0.000000
0.161255,0.000594,0.584812,0.493856
0.193677,0.009029,0.576193,0.519928
0.271939,0.040114,0.674841,0.569614
0.370590,0.090418,0.731832,0.618844
0.449242,0.145488,0.684832,0.630103
0.485903,0.202777,0.584839,0.630138
0.477755,0.257872,0.480852,0.630163
0.467065,0.312973,0.474877,0.630174
0.501083,0.370277,0.579944,0.635381
0.537250,0.425381,0.584991,0.630184
0.529682,0.482699,0.484902,0.630206
0.518983,0.527872,0.474858,0.606721
0.552998,0.552390,0.574864,0.556694
0.589105,0.554415,0.584850,0.504784
0.581459,0.534323,0.484719,0.455085
0.530753,0.507321,0.380840,0.436208
0.472889,0.479237,0.367268,0.436202
0.460828,0.451155,0.470724,0.436209
0.501690,0.419828,0.500000,0.500000
0.995820,0.832736,1.000000,1.000000
0.995761,0.804876,0.499860,0.434181
0.995707,0.761187,0.499874,0.396786
0.995662,0.693287,0.499894,0.339585
0.995628,0.612453,0.499923,0.316380
0.975596,0.535790,0.452924,0.318885
0.913019,0.475549,0.352943,0.357681
0.842830,0.435254,0.335056,0.404803
0.818414,0.404518,0.442866,0.430178
0.798357,0.377098,0.452867,0.435222
0.735760,0.367639,0.352896,0.477654
0.668931,0.380234,0.346978,0.527669
0.647990,0.402321,0.450789,0.552180
0.649674,0.419042,0.503803,0.538896
0.629689,0.414298,0.456839,0.489825
0.567098,0.403365,0.352911,0.474171
0.501929,0.392433,0.346854,0.474171
0.479272,0.388705,0.446804,0.490566
0.500900,0.404204,0.550824,0.536617
0.524546,0.427398,0.500000,0.500000
0.962861,0.039114,1.000000,0.000000
0.996879,0.057777,0.579942,0.544092
0.998573,0.077101,0.503981,0.545653
0.978598,0.113439,0.453059,0.585848
0.916022,0.170005,0.352947,0.633637
0.849196,0.248755,0.342959,0.686049
0.828242,0.327558,0.450758,0.686171
0.811612,0.406973,0.460918,0.687619
0.752436,0.464837,0.360936,0.636703
0.689116,0.502563,0.354924,0.586701
0.671595,0.517260,0.458828,0.534720
0.658489,0.510089,0.469199,0.483060
0.602729,0.481711,0.368965,0.432956
0.544397,0.444542,0.362919,0.412188
0.530484,0.399942,0.500000,0.500000
0.127303,0.821435,0.000000,1.000000
0.164990,0.763403,0.588566,0.362900
0.179103,0.680556,0.531899,0.312799
0.212637,0.588456,0.578804,0.282414
0.292625,0.496039,0.678741,0.289276
0.372962,0.426482,0.688793,0.335672
0.410778,0.378089,0.588867,0.385671
0.404941,0.350218,0.486283,0.434155
0.395930,0.344991,0.478826,0.487652
0.431659,0.359461,0.583962,0.534185
0.469446,0.376467,0.588800,0.540178
0.463631,0.394159,0.488862,0.540188
0.454667,0.411172,0.478934,0.540193
0.500467,0.415551,0.500000,0.500000
0.104157,0.013649,0.000000,0.000000
0.118070,0.017776,0.532697,0.509750
0.130858,0.044476,0.526899,0.559652
0.186514,0.091257,0.630792,0.610520
0.289547,0.146766,0.730834,0.626097
0.392015,0.200141,0.740800,0.626098
0.451945,0.253532,0.640835,0.626137
0.469132,0.309072,0.540816,0.626167
0.482310,0.362482,0.530967,0.626179
0.541059,0.418025,0.630767,0.626173
0.600989,0.471435,0.640835,0.626182
0.618389,0.523977,0.540892,0.624130
0.591318,0.561713,0.440810,0.586713
0.561866,0.576435,0.430787,0.534781
0.576391,0.569271,0.530823,0.484725
0.593718,0.541254,0.540718,0.433808
0.568590,0.506636,0.440949,0.418216
0.517271,0.470627,0.384046,0.418201
0.487072,0.430463,0.500000,0.500000
0.960510,0.825330,1.000000,1.000000
0.998687,0.790743,0.589716,0.418288
0.998633,0.756128,0.499873,0.418222
0.998583,0.707614,0.499883,0.385387
0.998546,0.639380,0.499913,0.338796
0.978471,0.559902,0.452822,0.312232
0.909103,0.484824,0.345108,0.328164
0.840543,0.437251,0.338884,0.387608
0.814528,0.410863,0.438865,0.437657
0.789257,0.405860,0.444898,0.487635
0.721547,0.422650,0.340882,0.539665
0.649393,0.452611,0.334963,0.568056
0.623397,0.481479,0.438909,0.568200
0.641498,0.507030,0.538923,0.558887
0.662248,0.511563,0.548763,0.510709
0.640471,0.498868,0.448825,0.470007
0.572705,0.483984,0.348877,0.466191
0.504151,0.469673,0.338898,0.466190
0.533752,0.410087,0.500000,0.500000
0.927241,0.029463,1.000000,0.000000
0.923809,0.048766,0.491934,0.545603
0.898530,0.091311,0.444894,0.595638
0.830862,0.151258,0.340981,0.641624
0.760649,0.213965,0.335001,0.648145
0.732764,0.279187,0.434469,0.654088
0.750834,0.344411,0.538806,0.648165
0.771616,0.403194,0.548839,0.638874
0.748113,0.443555,0.448892,0.592685
0.682073,0.460760,0.344806,0.540648
0.611699,0.458736,0.338988,0.495690
0.587392,0.453740,0.442878,0.488197
0.605646,0.448744,0.542898,0.488197
0.629723,0.443547,0.556581,0.487721
0.609719,0.438549,0.452989,0.488192
0.558589,0.445104,0.500000,0.500000
0.880033,0.875288,1.000000,1.000000
0.814892,0.877321,0.346919,0.504805
0.792256,0.856987,0.446854,0.454807
0.793859,0.817628,0.503766,0.407013
0.775501,0.774582,0.456860,0.398304
0.711253,0.729802,0.349016,0.394208
0.646109,0.686738,0.346913,0.398262
0.623492,0.643675,0.446850,0.398263
0.625080,0.598884,0.503731,0.394180
0.606700,0.555808,0.456809,0.398234
0.545725,0.512722,0.356709,0.398208
0.480632,0.467907,0.350898,0.398198
0.461470,0.423096,0.454695,0.398204
0.486484,0.383432,0.558785,0.406295
0.517611,0.362611,0.573149,0.450809
0.504334,0.364177,0.468798,0.503700
0.488830,0.386814,0.462972,0.550994
0.528088,0.418400,0.500000,0.500000
0.169335,0.880859,0.000000,1.000000
0.251210,0.884614,0.692406,0.508873
0.313002,0.866066,0.639628,0.458865
0.372422,0.835016,0.639637,0.426645
0.434236,0.802590,0.639674,0.426340
0.493687,0.771401,0.639710,0.426316
0.533125,0.740207,0.592679,0.426304
0.529008,0.707761,0.492696,0.426295
0.521732,0.676558,0.482901,0.426283
0.556930,0.645348,0.582714,0.426265
0.598662,0.612881,0.598069,0.423298
0.594613,0.580412,0.492853,0.426241
0.547266,0.549183,0.388735,0.426223
0.497422,0.517952,0.382866,0.426216
0.488290,0.423987,0.500000,0.500000
0.943444,0.065661,1.000000,0.000000
0.957042,0.120661,0.531955,0.629940
0.949476,0.200197,0.484902,0.679676
0.898788,0.291319,0.380881,0.715277
0.845586,0.382823,0.374976,0.716179
0.835379,0.466328,0.476015,0.697281
0.828914,0.525035,0.484807,0.638693
0.777104,0.563657,0.384933,0.588737
0.703864,0.579189,0.327886,0.536696
0.650626,0.573564,0.374891,0.486710
0.640415,0.545719,0.476004,0.434217
0.633931,0.511949,0.484761,0.420218
0.582125,0.476819,0.384942,0.420199
0.528912,0.448088,0.374951,0.432121
0.488340,0.460319,0.500000,0.500000
0.120371,0.027637,0.000000,0.000000
0.151672,0.059597,0.572725,0.571599
0.178426,0.109776,0.562872,0.618547
0.251351,0.165296,0.662781,0.626123
0.364884,0.218670,0.766804,0.626095
0.480966,0.272044,0.772791,0.626096
0.556576,0.327572,0.677684,0.631186
0.585908,0.377051,0.568930,0.616893
0.571238,0.407727,0.465527,0.572474
0.089985,0.015598,0.500000,0.500000
0.960533,0.853440,1.000000,1.000000
1.023011,0.828384,0.646824,0.440806
1.027203,0.779881,0.509852,0.385412
1.027161,0.714179,0.499901,0.344778
1.027124,0.642973,0.499914,0.331775
1.027094,0.571757,0.499931,0.338225
1.007037,0.506243,0.452867,0.345223
0.944536,0.459506,0.353122,0.389582
0.879438,0.433310,0.347019,0.438113
0.856760,0.412258,0.446706,0.450263
0.838440,0.396466,0.456949,0.462693
0.774224,0.400973,0.349093,0.510646
0.709083,0.413741,0.346919,0.530165
0.686424,0.426517,0.446751,0.530184
0.664628,0.439806,0.448780,0.531395
0.600360,0.444220,0.348970,0.510429
0.531683,0.428248,0.342815,0.464098
0.509595,0.404998,0.500000,0.500000
0.979022,0.008894,1.000000,0.000000
0.999935,0.015479,0.549144,0.515556
0.978235,0.044793,0.452966,0.565590
0.913994,0.094480,0.349034,0.617385
0.847160,0.152949,0.342940,0.638132
0.822783,0.213763,0.442916,0.638147
0.801056,0.274580,0.452904,0.638155
0.736808,0.333060,0.349017,0.638159
0.669986,0.383904,0.342969,0.620118
0.645528,0.414609,0.442728,0.570754
0.665477,0.423412,0.546880,0.520796
0.687930,0.426876,0.552766,0.508185
0.666211,0.430480,0.452925,0.508186
0.601893,0.433941,0.348852,0.508176
0.533248,0.437541,0.342893,0.508179
0.481934,0.462606,0.500000,0.500000
0.978296,0.840937,1.000000,1.000000
0.997399,0.805644,0.544898,0.420839
0.997348,0.750093,0.499882,0.368763
0.997306,0.678250,0.499904,0.336819
0.997272,0.608932,0.499919,0.336236
0.977219,0.541365,0.452876,0.340374
0.911291,0.489700,0.345069,0.377940
0.844460,0.461302,0.342949,0.432912
0.820066,0.439373,0.442858,0.450184
0.800031,0.423318,0.452917,0.462071
0.734056,0.427980,0.352924,0.509648
0.667216,0.442446,0.342925,0.534174
0.642873,0.452457,0.442794,0.523653
0.641020,0.443210,0.495813,0.479426
0.619273,0.429746,0.448894,0.468190
0.551544,0.422657,0.348924,0.482966
0.483009,0.435771,0.338942,0.530982
0.456762,0.454349,0.438687,0.542202
0.481676,0.475073,0.500000,0.500000
0.157550,0.035357,0.000000,0.000000
0.227653,0.044812,0.664744,0.522338
0.298853,0.032326,0.658885,0.472636
0.370679,0.020309,0.668792,0.471610
0.400295,0.030254,0.568923,0.521591
0.425381,0.061417,0.558951,0.573622
0.492924,0.113702,0.658728,0.623524
0.568357,0.182181,0.677265,0.661782
0.597715,0.248275,0.568991,0.656148
0.583065,0.317024,0.465575,0.662419
0.565619,0.383135,0.459000,0.656186
0.592548,0.451892,0.558850,0.656192
0.621852,0.518011,0.568865,0.656205
0.608671,0.575788,0.469024,0.636497
0.593125,0.613536,0.463466,0.589181
0.623557,0.628400,0.566763,0.534766
0.656277,0.621138,0.576892,0.482844
0.645144,0.593633,0.476845,0.437811
0.591036,0.564097,0.372845,0.430221
0.534352,0.534559,0.366794,0.430215
0.506632,0.435763,0.500000,0.500000
0.998413,0.047951,1.000000,0.000000
0.998407,0.076399,0.499984,0.565024
0.978379,0.088506,0.452935,0.528604
0.912541,0.087622,0.353244,0.497289
0.845712,0.105214,0.342950,0.541560
0.821342,0.145986,0.442932,0.591618
0.801272,0.206798,0.452837,0.643667
0.735305,0.284109,0.352940,0.675602
0.668467,0.358680,0.342932,0.676174
0.644055,0.436243,0.442856,0.676194
0.664011,0.500871,0.546896,0.652683
0.686487,0.544356,0.552818,0.602733
0.664739,0.567129,0.452860,0.552733
0.600451,0.567452,0.348922,0.500764
0.533544,0.546624,0.342768,0.450794
0.509109,0.512437,0.442786,0.422343
0.538137,0.472927,0.500000,0.500000
0.161278,0.827972,0.000000,1.000000
0.234697,0.794222,0.672535,0.420265
0.285978,0.742231,0.620510,0.377171
0.337186,0.667481,0.615708,0.330992
0.386445,0.587171,0.615760,0.310269
0.416024,0.503639,0.568816,0.310246
0.401036,0.423613,0.464779,0.310939
0.383503,0.357433,0.458798,0.343648
0.410419,0.311072,0.563252,0.390473
0.439683,0.288071,0.568769,0.445661
0.426419,0.286237,0.468831,0.495667
0.407508,0.306777,0.455558,0.548527
0.432507,0.348024,0.558747,0.597444
0.503651,0.400041,0.658756,0.618164
0.575545,0.450060,0.668949,0.618170
0.605113,0.502093,0.568812,0.618201
0.590151,0.552134,0.464840,0.618221
0.572643,0.592233,0.458857,0.594735
0.599544,0.611493,0.558784,0.544751
0.628867,0.608450,0.568910,0.492811
0.615607,0.584216,0.468840,0.442748
0.556729,0.547342,0.368963,0.416238
0.496683,0.511875,0.358891,0.416209
0.538659,0.421806,0.500000,0.500000
0.958950,0.849308,1.000000,1.000000
0.998809,0.819128,0.593668,0.428700
0.998756,0.767788,0.499876,0.378709
0.998712,0.696421,0.499900,0.338026
0.998676,0.626284,0.499917,0.334302
0.978568,0.567787,0.452745,0.361800
0.915937,0.530340,0.352817,0.411532
0.849170,0.500487,0.347142,0.432184
0.828334,0.471786,0.451036,0.432194
0.809899,0.443083,0.456678,0.432188
0.745605,0.417709,0.348909,0.440054
0.680539,0.413364,0.347094,0.489736
0.658002,0.425014,0.447064,0.526395
0.639559,0.436946,0.456659,0.528189
0.578616,0.443825,0.356785,0.516252
0.513561,0.432116,0.351008,0.473692
0.494948,0.416090,0.500000,0.500000
0.968644,0.837848,1.000000,1.000000
0.998125,0.795825,0.569279,0.400722
0.998076,0.738288,0.499885,0.364068
0.998031,0.678816,0.499894,0.359498
0.997988,0.638101,0.499900,0.403810
0.976182,0.617304,0.452719,0.452218
0.911821,0.603001,0.348751,0.466211
0.845029,0.588698,0.343038,0.466208
0.820770,0.569913,0.442992,0.455621
0.800539,0.533212,0.452456,0.413293
0.737849,0.501708,0.352679,0.425571
0.649291,0.488803,0.299895,0.470306
0.584183,0.480418,0.346996,0.480190
0.561734,0.471034,0.500000,0.500000
0.935694,0.023350,1.000000,0.000000
0.898251,0.045163,0.412010,0.551532
0.860788,0.072300,0.411962,0.564111
0.823321,0.099440,0.411952,0.564117
0.784351,0.127667,0.411943,0.564123
0.766987,0.154812,0.459195,0.564130
0.751978,0.181959,0.464730,0.564135
0.694444,0.209106,0.364794,0.564134
0.629581,0.237341,0.347572,0.566705
0.610435,0.264496,0.455006,0.564155
0.633841,0.291652,0.555004,0.564155
0.663203,0.319895,0.569002,0.566724
0.648191,0.347056,0.464722,0.564169
0.610697,0.374220,0.411889,0.564174
0.591749,0.402474,0.455471,0.566751
0.616844,0.429643,0.558973,0.564186
0.644349,0.456813,0.564637,0.564190
0.627848,0.478108,0.464710,0.549320
0.568603,0.478989,0.360774,0.502082
0.506883,0.475685,0.354957,0.492194
0.488254,0.471991,0.500000,0.500000
0.979022,0.018202,1.000000,0.000000
0.999933,0.017007,0.549143,0.497177
0.979884,0.033779,0.452883,0.539625
0.913854,0.073703,0.344830,0.594319
0.847097,0.127382,0.343121,0.626816
0.822883,0.181621,0.443097,0.628141
0.802663,0.238034,0.452485,0.633274
0.740052,0.292278,0.352862,0.628152
0.675013,0.346527,0.347159,0.628163
0.652452,0.402955,0.447026,0.628183
0.674162,0.454667,0.551018,0.622170
0.698241,0.487936,0.556587,0.578597
0.678160,0.500080,0.456615,0.528584
0.615472,0.491078,0.352684,0.478732
0.550412,0.476767,0.347109,0.466191
0.528003,0.460746,0.500000,0.500000
0.117171,0.014787,0.000000,0.000000
0.144654,0.031586,0.564584,0.539688
0.169799,0.069580,0.559091,0.589761
0.237452,0.117884,0.658984,0.614117
0.352941,0.168107,0.771400,0.618653
0.467194,0.216399,0.768495,0.614089
0.538995,0.264707,0.668732,0.614129
0.568566,0.314962,0.569492,0.618726
0.553591,0.363291,0.464808,0.614179
0.495974,0.473017,0.500000,0.500000
0.120473,0.019282,0.000000,0.000000
0.151378,0.020268,0.572625,0.502329
0.179877,0.033676,0.566973,0.531677
0.254636,0.070067,0.675685,0.585973
0.369974,0.122682,0.771044,0.624304
0.491526,0.179062,0.776672,0.628074
0.565019,0.233292,0.672709,0.628119
0.595961,0.287537,0.572713,0.628153
0.584354,0.341791,0.472724,0.628174
0.570662,0.398220,0.467068,0.628186
0.600892,0.452480,0.571041,0.628190
0.633513,0.506563,0.576660,0.627771
0.623608,0.547477,0.476722,0.596659
0.568139,0.567569,0.369649,0.547468
0.511550,0.565306,0.367015,0.494654
0.497797,0.551327,0.466928,0.468244
0.528033,0.537878,0.566302,0.469498
0.560632,0.524426,0.576609,0.468220
0.550682,0.510973,0.476617,0.468218
0.567265,0.441458,0.500000,0.500000
0.077024,0.038980,0.000000,0.000000
0.019348,0.081224,0.364462,0.599801
0.001772,0.144594,0.458696,0.649712
0.001648,0.221269,0.499709,0.681145
0.021606,0.295000,0.546901,0.674189
0.084123,0.362431,0.646914,0.659305
0.194241,0.410682,0.746830,0.610607
0.323478,0.435482,0.803706,0.558590
0.432652,0.449942,0.756560,0.534164
0.501110,0.465302,0.660876,0.536287
0.523338,0.498866,0.500000,0.500000
0.966096,0.071830,1.000000,0.000000
0.999416,0.145341,0.578304,0.673669
0.999426,0.235549,0.500023,0.713116
0.979349,0.330708,0.456639,0.716168
0.916707,0.416546,0.352791,0.702791
0.851690,0.481972,0.347212,0.654570
0.829124,0.527598,0.446969,0.607791
0.810664,0.556174,0.456619,0.567511
0.749727,0.584199,0.356799,0.566209
0.681330,0.605680,0.339268,0.550748
0.658761,0.605116,0.446962,0.498669
0.658670,0.583409,0.499786,0.448718
0.638547,0.544017,0.452712,0.406935
0.575832,0.505161,0.352618,0.408202
0.509040,0.464746,0.347066,0.408193
0.488529,0.424219,0.500000,0.500000
0.119375,0.823478,0.000000,1.000000
0.148462,0.765407,0.568354,0.362808
0.155126,0.690112,0.515661,0.322115
0.182144,0.610598,0.563491,0.312147
0.251449,0.548730,0.662868,0.353838
0.323150,0.507985,0.668497,0.403740
0.352651,0.475509,0.568656,0.426227
0.377762,0.444278,0.559012,0.426217
0.445378,0.413063,0.658896,0.426253
0.515404,0.393493,0.664561,0.453768
0.543187,0.392118,0.565289,0.496751
0.526411,0.393043,0.460578,0.502185
0.507417,0.394005,0.455091,0.502186
0.532528,0.394930,0.559011,0.502185
0.559992,0.395854,0.564540,0.502182
0.544964,0.404453,0.464682,0.520315
0.524933,0.436192,0.500000,0.500000
0.120933,0.887514,0.000000,1.000000
0.151664,0.917340,0.572218,0.570464
0.159967,0.946857,0.519513,0.569735
0.168577,0.962657,0.520233,0.537327
0.176856,0.956269,0.519457,0.484909
0.185148,0.928716,0.519485,0.434906
0.193459,0.881142,0.519530,0.387606
0.222174,0.826731,0.567481,0.371455
0.293161,0.774387,0.666821,0.376337
0.386641,0.722022,0.719678,0.376288
0.463821,0.667640,0.681372,0.371521
0.494726,0.627782,0.572627,0.405835
0.483071,0.608609,0.472611,0.454705
0.469368,0.595514,0.467047,0.470251
0.499570,0.580755,0.570974,0.465134
0.532156,0.548020,0.576578,0.422663
0.518137,0.499770,0.500000,0.500000
0.925032,0.815659,1.000000,1.000000
0.950157,0.753308,0.559043,0.352695
0.997754,0.669976,0.611854,0.303129
0.978157,0.574991,0.453947,0.275598
0.915498,0.486632,0.352751,0.291251
0.810319,0.417087,0.252829,0.335699
0.695916,0.357220,0.231154,0.358566
0.629133,0.305375,0.343059,0.377516
0.604825,0.273131,0.442878,0.423824
0.604757,0.263712,0.499838,0.477747
0.584602,0.275460,0.452637,0.527756
0.558715,0.310128,0.439166,0.581902
0.577043,0.358755,0.543071,0.614882
0.597770,0.407932,0.548709,0.616181
0.574183,0.458415,0.444570,0.619265
0.089942,0.015623,0.500000,0.500000
0.112808,0.853701,0.553736,1.000000
0.175241,0.827798,0.646718,0.438804
0.263568,0.778486,0.699582,0.388846
0.348541,0.721893,0.699686,0.366299
0.413413,0.665292,0.652449,0.366281
0.435774,0.606422,0.552519,0.366270
0.454081,0.549809,0.543020,0.366250
0.474737,0.494651,0.548543,0.369690
0.452927,0.456446,0.448746,0.409742
0.428591,0.430775,0.443019,0.441664
0.448602,0.406309,0.547025,0.442200
0.511173,0.381835,0.647042,0.442180
0.577896,0.364026,0.656799,0.457925
0.598618,0.368155,0.548698,0.509754
0.575058,0.394888,0.448758,0.559730
0.528671,0.496756,0.500000,0.500000
0.109578,0.873177,0.000000,1.000000
0.128422,0.867618,0.544283,0.486867
0.124822,0.840894,0.491540,0.436865
0.121074,0.790652,0.491532,0.386868
0.137568,0.729906,0.538761,0.356485
0.196642,0.669085,0.638822,0.356313
0.281463,0.605813,0.691661,0.356268
0.343039,0.544966,0.644705,0.356249
0.362048,0.486260,0.544671,0.361307
0.378677,0.445561,0.539077,0.403849
0.441079,0.420606,0.639012,0.443196
0.504270,0.397826,0.648499,0.446183
0.524974,0.384237,0.548654,0.467895
0.503158,0.391743,0.448734,0.517734
0.475473,0.422033,0.434939,0.571559
0.496903,0.472563,0.500000,0.500000
0.154359,0.061895,0.000000,0.000000
0.220998,0.107659,0.656601,0.608117
0.285250,0.153426,0.650992,0.608124
0.397176,0.201012,0.763026,0.612421
0.508120,0.246767,0.760719,0.608097
0.576510,0.292538,0.660716,0.608136
0.602509,0.345217,0.560742,0.618786
0.584093,0.415330,0.456723,0.665642
0.563278,0.488972,0.451083,0.673980
0.586763,0.546906,0.551077,0.632599
0.612568,0.581055,0.560643,0.580678
0.595774,0.594006,0.460532,0.530597
0.573363,0.585049,0.447335,0.478838
0.595061,0.557838,0.550991,0.435713
0.619158,0.528302,0.556628,0.430222
0.600732,0.498762,0.456697,0.430213
0.536445,0.468032,0.348926,0.427399
0.471347,0.438481,0.347019,0.430185
0.448790,0.408934,0.446993,0.430196
0.470455,0.381192,0.550911,0.434459
0.494526,0.373476,0.556568,0.481773
0.476105,0.386913,0.456709,0.531744
0.451931,0.417051,0.443192,0.571200
0.477161,0.450330,0.500000,0.500000
0.999754,0.885171,1.000000,1.000000
0.999686,0.896504,0.499841,0.526775
0.999618,0.886669,0.499840,0.476766
0.999552,0.853999,0.499844,0.422817
0.999496,0.801878,0.499869,0.376863
0.999447,0.744430,0.499884,0.364280
0.999401,0.684675,0.499897,0.364260
0.999363,0.627211,0.499909,0.364240
0.979268,0.577404,0.452778,0.382331
0.913245,0.547707,0.352829,0.431676
0.846510,0.528317,0.343172,0.454190
0.822274,0.508932,0.443046,0.454202
0.798667,0.481797,0.448649,0.439308
0.732622,0.440313,0.344795,0.401993
0.644077,0.404344,0.291920,0.415022
0.573715,0.388818,0.338996,0.463724
0.549470,0.394322,0.443023,0.513003
0.567743,0.404559,0.542941,0.524185
0.588407,0.415206,0.548706,0.524185
0.559191,0.426673,0.500000,0.500000
0.882327,0.031065,1.000000,0.000000
0.788705,0.044708,0.279987,0.532230
0.715103,0.077573,0.327037,0.577644
0.684080,0.126571,0.427095,0.615758
0.696960,0.178576,0.527091,0.618137
0.712606,0.228584,0.536768,0.618143
0.685676,0.278598,0.436714,0.618158
0.656373,0.328617,0.431138,0.618168
0.670988,0.380638,0.534346,0.622902
0.688310,0.427683,0.540705,0.611143
0.663112,0.455896,0.440785,0.566652
0.613495,0.462803,0.387887,0.516631
0.585818,0.459500,0.434957,0.492198
0.600744,0.456199,0.535076,0.492199
0.617849,0.452764,0.540197,0.491885
0.590897,0.449459,0.436663,0.492194
0.490012,0.434262,0.500000,0.500000
0.997777,0.866075,1.000000,1.000000
0.997712,0.853686,0.499848,0.470730
0.997652,0.820132,0.499858,0.420729
0.997600,0.766561,0.499877,0.373439
0.997552,0.705929,0.499888,0.356758
0.997512,0.647621,0.499905,0.362247
0.977391,0.594371,0.452716,0.374197
0.911384,0.560355,0.344884,0.419638
0.844605,0.542947,0.343068,0.458874
0.820359,0.526103,0.443021,0.460207
0.796723,0.508584,0.448601,0.460203
0.730644,0.491731,0.344714,0.460185
0.662167,0.474877,0.339079,0.460183
0.636058,0.457356,0.438991,0.460197
0.614190,0.440506,0.448611,0.460194
0.549817,0.423650,0.348723,0.460177
0.483002,0.417604,0.342984,0.485717
0.458637,0.431634,0.442744,0.533144
0.090021,0.015578,0.500000,0.500000
0.112817,0.853066,0.553571,1.000000
0.175301,0.826291,0.646839,0.436744
0.263628,0.778164,0.699582,0.391006
0.348598,0.728344,0.699678,0.382302
0.433587,0.678513,0.699724,0.382273
0.498533,0.628675,0.652624,0.382258
0.520995,0.576840,0.552784,0.377540
0.499156,0.537810,0.448681,0.407793
0.474863,0.519747,0.442911,0.457325
0.494754,0.509280,0.542932,0.476223
0.480867,0.465004,0.500000,0.500000
0.965470,0.841180,1.000000,1.000000
0.998761,0.802553,0.578236,0.408744
0.998712,0.743666,0.499885,0.360881
0.998669,0.676868,0.499898,0.342188
0.998632,0.615177,0.499914,0.354257
0.978545,0.571900,0.452796,0.397758
0.912522,0.542373,0.344845,0.430242
0.845738,0.514516,0.343058,0.434187
0.821418,0.485549,0.443052,0.434198
0.801288,0.457694,0.452694,0.434192
0.738619,0.436128,0.352728,0.449051
0.673533,0.435172,0.347048,0.497742
0.650950,0.446655,0.446932,0.527128
0.632530,0.457743,0.456713,0.526194
0.571585,0.467672,0.356778,0.523458
0.503147,0.461140,0.339171,0.484567
0.474196,0.446491,0.500000,0.500000
0.120397,0.013649,0.000000,0.000000
0.151311,0.010071,0.572647,0.491548
0.179802,0.023475,0.566955,0.531665
0.254528,0.059543,0.675607,0.585211
0.369814,0.101903,0.770922,0.600076
0.491340,0.145957,0.776589,0.600073
0.564841,0.188332,0.672728,0.600112
0.595817,0.230720,0.572794,0.600142
0.584229,0.273116,0.472768,0.600159
0.567153,0.317211,0.459870,0.604175
0.593940,0.359611,0.562950,0.600169
0.623145,0.402014,0.568631,0.600177
0.608444,0.436146,0.468799,0.578541
0.590990,0.449579,0.458982,0.531735
0.616113,0.459820,0.559041,0.524195
0.643816,0.470472,0.565102,0.525164
0.627045,0.480715,0.460587,0.524201
0.567808,0.490956,0.360793,0.524194
0.504525,0.500941,0.355013,0.523080
0.487027,0.495771,0.458880,0.487786
0.517947,0.482597,0.500000,0.500000
0.162940,0.838918,0.000000,1.000000
0.238030,0.796939,0.676461,0.400824
0.292774,0.730989,0.623701,0.350981
0.345420,0.659156,0.623716,0.330294
0.398082,0.587310,0.623757,0.330265
0.430683,0.515456,0.576612,0.330244
0.419502,0.443261,0.476732,0.335292
0.405445,0.392358,0.466968,0.379742
0.433926,0.362623,0.566930,0.429750
0.464863,0.354030,0.572701,0.479700
0.451909,0.367558,0.472724,0.529732
0.436172,0.402162,0.463019,0.581751
0.462954,0.452269,0.562938,0.618378
0.535954,0.495192,0.662957,0.598500
0.609420,0.515117,0.672645,0.547072
0.640388,0.527058,0.572775,0.528211
0.628752,0.538100,0.472655,0.526087
0.571534,0.532664,0.372704,0.488649
0.513225,0.505856,0.362974,0.436666
0.498780,0.451247,0.500000,0.500000
0.983894,0.002580,1.000000,0.000000
0.997915,0.023596,0.532949,0.549649
0.976183,0.067899,0.452891,0.599640
0.911908,0.124429,0.348953,0.633553
0.845139,0.181205,0.343094,0.634133
0.820785,0.240259,0.442970,0.634149
0.800725,0.297046,0.452859,0.634158
0.738083,0.352043,0.352792,0.629931
0.667928,0.390605,0.335136,0.591102
0.643624,0.408671,0.442884,0.542682
0.641845,0.423989,0.495820,0.536188
0.618282,0.439921,0.448754,0.536190
0.566750,0.457078,0.500000,0.500000
0.887179,0.035893,1.000000,0.000000
0.798671,0.052064,0.292008,0.538205
0.730203,0.084096,0.339099,0.575675
0.704124,0.134819,0.438716,0.619833
0.722437,0.184824,0.543035,0.618135
0.743183,0.234831,0.548753,0.618142
0.719607,0.286845,0.448740,0.618158
0.673616,0.336863,0.391920,0.618167
0.647652,0.386886,0.438985,0.618180
0.665785,0.436759,0.542612,0.617824
0.686511,0.466665,0.548707,0.570653
0.664697,0.475400,0.448736,0.520638
0.596857,0.469700,0.348724,0.487085
0.528366,0.463853,0.339045,0.486186
0.090021,0.015578,0.500000,0.500000
0.971013,0.021419,1.000000,0.513799
1.033634,0.021636,0.647159,0.500512
1.037868,0.036017,0.509950,0.531670
1.017813,0.071422,0.452871,0.583645
0.955190,0.124563,0.352836,0.625547
0.890160,0.179644,0.347180,0.630129
0.867622,0.236936,0.447036,0.635352
0.849208,0.292028,0.456727,0.630155
0.788263,0.343658,0.356780,0.621976
0.719884,0.376926,0.339307,0.578596
0.697364,0.390791,0.447079,0.532755
0.677217,0.402719,0.452654,0.528179
0.611120,0.415120,0.344673,0.529298
0.544354,0.427047,0.343098,0.528177
0.564085,0.462522,0.500000,0.500000
0.074292,0.876428,0.000000,1.000000
0.013134,0.875104,0.356278,0.496873
0.002460,0.852611,0.474917,0.446859
0.002210,0.806769,0.499434,0.396871
0.001990,0.749503,0.499482,0.364709
0.001782,0.692095,0.499513,0.364375
0.021708,0.642387,0.546826,0.382564
0.084111,0.615766,0.646647,0.437109
0.172453,0.595634,0.699617,0.454266
0.257424,0.576267,0.699682,0.454247
0.322325,0.556899,0.652517,0.454242
0.344711,0.536448,0.552577,0.453814
0.363015,0.502858,0.543014,0.420646
0.423826,0.457281,0.642907,0.392323
0.487074,0.421625,0.648633,0.415764
0.507713,0.401942,0.548500,0.453499
0.484185,0.384242,0.444710,0.458184
0.458264,0.366541,0.439085,0.458181
0.476409,0.354430,0.542640,0.471387
0.497104,0.363631,0.548635,0.521737
0.475272,0.388953,0.448694,0.559824
0.451025,0.415277,0.443020,0.562192
0.509795,0.474845,0.500000,0.500000
0.109070,0.001002,0.000000,0.000000
0.128058,0.011032,0.544622,0.523698
0.146202,0.043923,0.539006,0.573720
0.207010,0.094140,0.642900,0.618637
0.310389,0.146666,0.742941,0.624092
0.419556,0.201294,0.748687,0.624094
0.481165,0.253838,0.644782,0.624135
0.500205,0.306394,0.544744,0.624165
0.516825,0.358956,0.539057,0.624176
0.579205,0.413590,0.646592,0.629075
0.642413,0.454452,0.648540,0.596535
0.663124,0.475021,0.548796,0.547386
0.639613,0.487804,0.444749,0.530201
0.593603,0.499928,0.391876,0.528642
0.567613,0.496825,0.438924,0.492670
0.585750,0.472591,0.538989,0.445379
0.606424,0.444739,0.548584,0.434199
0.584625,0.416908,0.448771,0.434250
0.536862,0.400525,0.387757,0.461296
0.550184,0.426028,0.500000,0.500000
0.871582,0.863895,1.000000,1.000000
0.797941,0.850682,0.326944,0.468783
0.766467,0.814488,0.426863,0.418791
0.759565,0.760233,0.483781,0.371823
0.732619,0.702785,0.436676,0.364278
0.659484,0.643024,0.336741,0.364245
0.585872,0.585554,0.327011,0.364227
0.554785,0.528085,0.426947,0.364229
0.566231,0.470611,0.526897,0.364219
0.583171,0.411014,0.539810,0.359201
0.556269,0.366875,0.436780,0.395722
0.526945,0.343922,0.431088,0.445773
0.541523,0.342479,0.530926,0.495714
0.558848,0.362671,0.540713,0.547704
0.533635,0.397077,0.440750,0.581284
0.501697,0.437435,0.500000,0.500000
0.111187,0.890364,0.000000,1.000000
0.131708,0.905132,0.548225,0.534889
0.129719,0.898068,0.495506,0.484953
0.127797,0.869673,0.495484,0.432917
0.125891,0.820100,0.495522,0.382884
0.123932,0.747514,0.495571,0.335543
0.142170,0.673160,0.542861,0.324337
0.202929,0.599253,0.642782,0.325396
0.291216,0.537971,0.707476,0.355222
0.356158,0.497648,0.652613,0.404736
0.378564,0.459646,0.552654,0.410222
0.396870,0.420120,0.543020,0.406619
0.457675,0.382410,0.642891,0.410909
0.520941,0.358584,0.648674,0.443713
0.541638,0.356257,0.548639,0.494502
0.518117,0.375617,0.444726,0.545738
0.491960,0.419537,0.500000,0.500000
0.974186,0.059881,1.000000,0.000000
0.998528,0.115614,0.557204,0.631670
0.998533,0.194869,0.500012,0.679552
0.978471,0.275731,0.452854,0.691037
0.915870,0.342026,0.352887,0.656623
0.849067,0.388525,0.347057,0.606627
0.828243,0.411812,0.451065,0.555015
0.809809,0.427125,0.456678,0.536179
0.745561,0.443049,0.356823,0.536172
0.680448,0.458362,0.346984,0.536178
0.657884,0.473683,0.446974,0.536197
0.637734,0.489007,0.452648,0.536202
0.571702,0.499294,0.344825,0.524303
0.504890,0.491556,0.342992,0.481717
0.480630,0.479876,0.500000,0.500000
0.975848,0.017372,1.000000,0.000000
0.999177,0.033291,0.554825,0.537608
0.977409,0.069342,0.452805,0.581647
0.913122,0.106636,0.348925,0.588107
0.846351,0.143934,0.343089,0.588116
0.822038,0.182732,0.443046,0.588134
0.801926,0.220040,0.452738,0.588140
0.739304,0.257348,0.352838,0.588140
0.669123,0.296152,0.335074,0.591674
0.644862,0.333471,0.442987,0.588167
0.664793,0.372285,0.543022,0.588171
0.687211,0.409609,0.552682,0.588178
0.667114,0.446938,0.452772,0.588190
0.624506,0.475101,0.399872,0.566535
0.601915,0.481997,0.446910,0.516292
0.623565,0.467357,0.550878,0.465413
0.647721,0.444553,0.556572,0.448196
0.627576,0.424087,0.452658,0.451649
0.564898,0.420592,0.352707,0.491744
0.499777,0.430590,0.346967,0.523621
0.562711,0.434892,0.500000,0.500000
0.031747,0.044446,0.000000,0.000000
0.002139,0.091722,0.430420,0.611689
0.002018,0.158862,0.499728,0.652373
0.021922,0.224966,0.546773,0.656171
0.084378,0.290170,0.646773,0.654044
0.189395,0.339531,0.746790,0.616616
0.323734,0.369070,0.815695,0.569786
0.432975,0.391142,0.756717,0.552145
0.501473,0.414110,0.656778,0.552174
0.089977,0.015603,0.500000,0.500000
0.960567,0.858481,1.000000,1.000000
1.023104,0.855157,0.646962,0.492145
1.026855,0.831268,0.508820,0.446740
1.026802,0.786702,0.499876,0.394714
1.026758,0.723520,0.499898,0.350731
1.026720,0.654956,0.499913,0.344250
1.026688,0.589021,0.499927,0.344228
1.006568,0.530756,0.452717,0.362348
0.943917,0.492732,0.352770,0.410170
0.873778,0.459351,0.335173,0.421137
0.849568,0.436452,0.443106,0.445902
0.827730,0.434662,0.448680,0.495770
0.759935,0.443541,0.340681,0.520976
0.691427,0.451902,0.339008,0.519754
0.665453,0.447094,0.438960,0.488641
0.643459,0.428037,0.448315,0.454977
0.579048,0.409663,0.348634,0.456591
0.510490,0.404714,0.343075,0.487752
0.487921,0.413134,0.446962,0.519891
0.513129,0.422706,0.500000,0.500000
0.996735,0.039475,1.000000,0.000000
0.996732,0.079123,0.499992,0.593669
0.976636,0.139775,0.452774,0.643290
0.914010,0.208405,0.352830,0.662140
0.843876,0.279785,0.335185,0.668636
0.819639,0.348399,0.443042,0.662100
0.797766,0.405355,0.448600,0.634558
0.729919,0.442146,0.340560,0.586920
0.661409,0.462920,0.339000,0.549079
0.635438,0.483322,0.438968,0.548200
0.633504,0.504544,0.495456,0.550137
0.611672,0.520465,0.448694,0.537613
0.567358,0.516504,0.395862,0.490641
0.543342,0.485611,0.500000,0.500000
0.079162,0.819624,0.000000,1.000000
0.023128,0.757321,0.368320,0.352810
0.000240,0.677310,0.446213,0.310975
0.000060,0.595333,0.499578,0.306329
0.019975,0.517734,0.546799,0.316673
0.082399,0.464303,0.646697,0.373769
0.170759,0.431208,0.699657,0.423814
0.255749,0.420277,0.699728,0.474175
0.320692,0.415280,0.652615,0.488195
0.343113,0.410286,0.552690,0.488202
0.364810,0.405091,0.550988,0.487728
0.429046,0.400089,0.650953,0.488183
0.497458,0.394884,0.656596,0.488176
0.519897,0.392871,0.552731,0.495245
0.538055,0.408492,0.500000,0.500000
0.110702,0.032950,0.000000,0.000000
0.131373,0.058226,0.548577,0.559713
0.149663,0.104660,0.542982,0.609700
0.213785,0.168433,0.642893,0.644819
0.318880,0.230276,0.746973,0.646104
0.426368,0.292121,0.752598,0.646110
0.493069,0.356460,0.652712,0.646154
0.513772,0.418339,0.548652,0.646189
0.532103,0.471809,0.543077,0.626323
0.556076,0.505086,0.556144,0.576589
0.535946,0.521178,0.452694,0.538017
0.513393,0.536511,0.447002,0.536223
0.535065,0.546160,0.546977,0.522847
0.559145,0.534586,0.556587,0.472655
0.560488,0.465711,0.500000,0.500000
0.020147,0.041024,0.000000,0.000000
0.003149,0.084066,0.460055,0.601686
0.003034,0.145294,0.499729,0.644650
0.022976,0.211399,0.546864,0.656174
0.085449,0.264144,0.646813,0.624610
0.190529,0.296000,0.746936,0.575260
0.324863,0.321585,0.815687,0.560444
0.434076,0.350149,0.756649,0.567482
0.500763,0.397127,0.656716,0.610985
0.524948,0.450449,0.556834,0.625972
0.499535,0.490099,0.500000,0.500000
0.925668,0.043137,1.000000,0.000000
0.920534,0.075222,0.487936,0.575801
0.893426,0.130920,0.440737,0.625660
0.823985,0.193624,0.336815,0.648139
0.752160,0.256332,0.331212,0.648149
0.722800,0.319049,0.431003,0.648168
0.737384,0.384277,0.534273,0.654101
0.754707,0.444444,0.540708,0.642145
0.729490,0.486191,0.440741,0.598626
0.658080,0.507138,0.332187,0.549487
0.586144,0.505721,0.330951,0.496653
0.090017,0.015581,0.500000,0.500000
0.112841,0.859362,0.553636,1.000000
0.175263,0.858860,0.646691,0.498815
0.260171,0.843103,0.699535,0.462773
0.348523,0.804284,0.707626,0.408292
0.433505,0.745990,0.699708,0.362280
0.500138,0.679201,0.652557,0.348279
0.520823,0.614975,0.548610,0.348266
0.498989,0.550739,0.448689,0.348243
0.474749,0.486495,0.443036,0.348225
0.494673,0.423643,0.546821,0.351511
0.517080,0.382908,0.552657,0.403764
0.496951,0.363331,0.452697,0.453751
0.471002,0.364253,0.439021,0.502177
0.489294,0.370255,0.542986,0.514181
0.510023,0.376258,0.548713,0.514181
0.486416,0.382501,0.448651,0.514183
0.460451,0.388505,0.438981,0.514185
0.477029,0.394511,0.538958,0.514188
0.539387,0.400750,0.638908,0.514175
0.602623,0.406748,0.648606,0.514170
0.623362,0.412751,0.548736,0.514183
0.601547,0.418755,0.448735,0.514185
0.567288,0.457879,0.500000,0.500000
0.030615,0.884285,0.000000,1.000000
0.002159,0.909283,0.433127,0.559058
0.001878,0.917328,0.499341,0.519005
0.001588,0.903213,0.499344,0.468943
0.001326,0.868060,0.499384,0.416950
0.001089,0.811705,0.499443,0.366862
0.000868,0.738304,0.499499,0.333294
0.000670,0.667346,0.499536,0.332362
0.020586,0.596371,0.546803,0.332322
0.086430,0.530197,0.654732,0.343663
0.173089,0.487776,0.703650,0.399781
0.259781,0.456534,0.703726,0.426191
0.328228,0.424048,0.656660,0.426204
0.350620,0.396274,0.552620,0.434382
0.370648,0.387721,0.547066,0.479794
0.436567,0.398275,0.646959,0.523727
0.503205,0.411047,0.656599,0.530173
0.527391,0.424847,0.500000,0.500000
0.969363,0.035015,1.000000,0.000000
0.999163,0.066187,0.570030,0.573644
0.999162,0.118551,0.499997,0.623710
0.979082,0.187052,0.452813,0.661834
0.916487,0.253144,0.352901,0.656142
0.851474,0.319240,0.347220,0.656153
0.828958,0.381687,0.447131,0.642783
0.810528,0.420971,0.456689,0.592808
0.749543,0.451521,0.356685,0.572175
0.681151,0.482823,0.339278,0.573951
0.658576,0.498520,0.446949,0.537085
0.636736,0.506536,0.452643,0.518208
0.572348,0.514239,0.348688,0.518199
0.505559,0.521945,0.343046,0.518205
0.481168,0.527423,0.442891,0.513154
0.501105,0.514172,0.546852,0.468694
0.523332,0.475341,0.500000,0.500000
0.955739,0.809888,1.000000,1.000000
0.998997,0.738222,0.601655,0.330690
0.998965,0.650439,0.499924,0.292612
0.978900,0.558990,0.452848,0.283953
0.916284,0.486921,0.352853,0.329737
0.851250,0.433867,0.347170,0.374660
0.828704,0.382898,0.447018,0.379584
0.810320,0.349749,0.456796,0.421687
0.749343,0.337790,0.356704,0.471747
0.684331,0.347610,0.351106,0.521512
0.665138,0.365460,0.454898,0.542171
0.648395,0.383313,0.460653,0.542176
0.585889,0.401877,0.360778,0.542172
0.522458,0.419730,0.350936,0.542179
0.089997,0.015592,0.500000,0.500000
0.112328,0.013408,0.552478,0.494841
0.174836,0.000606,0.646893,0.469756
0.279927,0.003637,0.746964,0.507160
0.394213,0.026826,0.768571,0.554784
0.460877,0.070725,0.656662,0.603711
0.485030,0.133999,0.556758,0.649484
0.505161,0.203617,0.547310,0.664474
0.567729,0.270552,0.647034,0.658134
0.632734,0.337491,0.652762,0.658144
0.655214,0.396308,0.552827,0.638954
0.633344,0.432421,0.448607,0.585318
0.609040,0.465084,0.443091,0.574197
0.629042,0.496492,0.547005,0.574203
0.651470,0.523950,0.552705,0.564870
0.631358,0.531851,0.452736,0.518665
0.587043,0.517908,0.399868,0.469051
0.564484,0.496834,0.446984,0.450212
0.584470,0.475758,0.546968,0.450208
0.606868,0.453835,0.552621,0.450200
0.585015,0.432753,0.448647,0.450193
0.559080,0.451533,0.500000,0.500000
0.072657,0.867873,0.000000,1.000000
0.009788,0.856384,0.352259,0.472857
0.001898,0.824642,0.481458,0.425010
0.001653,0.786094,0.499445,0.412434
0.001427,0.749018,0.499469,0.412408
0.021275,0.711929,0.546643,0.412377
0.083720,0.674820,0.646747,0.412328
0.173753,0.636206,0.711578,0.408775
0.260427,0.599067,0.703683,0.412258
0.327066,0.561923,0.656602,0.412247
0.351252,0.523291,0.556836,0.408733
0.371253,0.486140,0.547003,0.412230
0.433775,0.451128,0.646927,0.417286
0.503810,0.433772,0.664583,0.458995
0.538073,0.464724,0.500000,0.500000
0.970278,0.871621,1.000000,1.000000
0.997368,0.865149,0.563662,0.484709
0.997303,0.835984,0.499853,0.434746
0.997248,0.786509,0.499871,0.383116
0.997200,0.729059,0.499887,0.364275
0.997155,0.670466,0.499899,0.366384
0.997113,0.630601,0.499901,0.405817
0.976978,0.607403,0.452681,0.445196
0.914330,0.585480,0.352778,0.448207
0.844144,0.562677,0.339406,0.448200
0.819888,0.540757,0.442999,0.448212
0.796303,0.517956,0.448700,0.448207
0.730233,0.496025,0.344734,0.448186
0.661748,0.474092,0.339060,0.448183
0.635632,0.451287,0.438993,0.448196
0.613757,0.429387,0.448594,0.448262
0.549324,0.419146,0.348583,0.475805
0.482542,0.424983,0.343063,0.513790
0.458177,0.432113,0.442929,0.516197
0.483413,0.439792,0.500000,0.500000
0.157643,0.034908,0.000000,0.000000
0.227672,0.072873,0.664567,0.589691
0.298906,0.131805,0.658966,0.633624
0.410773,0.191101,0.762888,0.640085
0.525102,0.250398,0.768673,0.640089
0.598908,0.312087,0.673444,0.645741
0.626476,0.365759,0.564786,0.626800
0.609991,0.399930,0.464766,0.578633
0.590864,0.421178,0.455050,0.550198
0.614280,0.442423,0.555028,0.550190
0.640206,0.464518,0.560571,0.550194
0.621774,0.485768,0.456687,0.550202
0.580869,0.498608,0.403872,0.530334
0.560291,0.488045,0.500000,0.500000
0.079156,0.838340,0.000000,1.000000
0.023133,0.816509,0.368345,0.448424
0.000196,0.793807,0.446120,0.448428
-0.000038,0.769417,0.499451,0.442380
0.019816,0.726593,0.546657,0.398827
0.085651,0.666542,0.646747,0.363637
0.172298,0.608246,0.703620,0.362276
0.258983,0.549938,0.703711,0.362248
0.327417,0.494937,0.656649,0.374142
0.349818,0.462587,0.552642,0.423573
0.369780,0.438974,0.546911,0.444213
0.435680,0.414407,0.646912,0.444193
0.502344,0.390872,0.656660,0.444400
0.526461,0.379767,0.556675,0.473763
0.506448,0.390561,0.456777,0.523653
0.483889,0.410112,0.446986,0.546189
0.477610,0.470787,0.500000,0.500000
0.159235,0.027493,0.000000,0.000000
0.230941,0.054465,0.668507,0.563721
0.303979,0.104765,0.663028,0.613470
0.417560,0.161518,0.766913,0.634078
0.533585,0.218271,0.772659,0.634080
0.607123,0.275044,0.672815,0.634126
0.638431,0.334103,0.572758,0.634161
0.625097,0.390900,0.468666,0.634183
0.609406,0.442644,0.463126,0.622244
0.636228,0.474223,0.563031,0.574607
0.665736,0.484660,0.568669,0.524649
0.650735,0.484746,0.464750,0.500202
0.593178,0.484827,0.364739,0.500193
0.531686,0.484914,0.359042,0.500196
0.516940,0.484988,0.500000,0.500000
0.982265,0.026099,1.000000,0.000000
0.998038,0.051345,0.537067,0.559644
0.977948,0.097595,0.452789,0.609267
0.911951,0.153997,0.344906,0.633249
0.845163,0.208234,0.343049,0.628134
0.820961,0.262478,0.443124,0.628152
0.799128,0.316726,0.448693,0.628161
0.731297,0.361439,0.340599,0.605634
0.662844,0.383746,0.339135,0.552701
0.636880,0.400754,0.438984,0.540180
0.634954,0.418444,0.495640,0.540187
0.613122,0.435456,0.448693,0.540190
0.588910,0.452470,0.443102,0.540195
0.608821,0.470166,0.542999,0.540199
0.631189,0.485726,0.552563,0.536762
0.611018,0.484280,0.452600,0.496584
0.561584,0.461761,0.500000,0.500000
0.032044,0.829169,0.000000,1.000000
0.000342,0.777029,0.425501,0.376820
0.000137,0.704633,0.499518,0.328964
-0.000058,0.623785,0.499543,0.308996
0.019838,0.556849,0.546754,0.341864
0.082304,0.511068,0.646796,0.391842
0.172349,0.484099,0.711606,0.436286
0.259038,0.462177,0.703719,0.448210
0.325690,0.440254,0.656632,0.448206
0.349779,0.419495,0.556611,0.450958
0.369834,0.415127,0.547128,0.489679
0.432341,0.418591,0.646891,0.508186
0.497273,0.422054,0.652592,0.508181
0.490706,0.479662,0.500000,0.500000
0.159490,0.041104,0.000000,0.000000
0.231271,0.071810,0.668685,0.572543
0.300653,0.123316,0.663046,0.621683
0.417942,0.194268,0.775630,0.667624
0.533994,0.263723,0.772722,0.664087
0.607507,0.333199,0.672757,0.664138
0.638823,0.405472,0.573592,0.670744
0.625502,0.468003,0.468695,0.647730
0.610020,0.510995,0.463025,0.598660
0.638528,0.530734,0.566993,0.546633
0.669421,0.529326,0.572598,0.496673
0.656407,0.517974,0.472603,0.474213
0.600507,0.507054,0.368636,0.474200
0.542253,0.496133,0.363101,0.474200
0.527905,0.483471,0.500000,0.500000
0.125751,0.843241,0.000000,1.000000
0.161644,0.806346,0.584348,0.412836
0.175102,0.753335,0.531627,0.374761
0.208645,0.699296,0.578827,0.372334
0.288676,0.643382,0.688071,0.367903
0.368916,0.603505,0.688564,0.405792
0.406603,0.577843,0.588564,0.439372
0.441897,0.552548,0.582942,0.440241
0.483597,0.526236,0.597995,0.437837
0.480464,0.500933,0.492637,0.440223
0.477135,0.472591,0.500000,0.500000
0.981607,0.834349,1.000000,1.000000
0.998729,0.809078,0.540237,0.440298
0.998672,0.778737,0.499867,0.428320
0.998621,0.725808,0.499885,0.380704
0.998580,0.664963,0.499903,0.356253
0.978433,0.611097,0.452654,0.372742
0.915737,0.577529,0.352666,0.420696
0.845578,0.549442,0.335127,0.433645
0.821359,0.522440,0.443085,0.436208
0.799523,0.495436,0.448686,0.436201
0.731667,0.468251,0.340537,0.435777
0.663174,0.457977,0.339042,0.475727
0.637238,0.458059,0.439051,0.500195
0.633614,0.454202,0.491809,0.492058
0.610070,0.432907,0.444672,0.449693
0.564064,0.411893,0.391887,0.450352
0.495505,0.420225,0.500000,0.500000
0.125257,0.013382,0.000000,0.000000
0.161236,0.025956,0.584549,0.529706
0.194826,0.059672,0.578938,0.579656
0.274891,0.114213,0.678918,0.623648
0.395318,0.169271,0.783004,0.630075
0.518123,0.224330,0.788591,0.630076
0.598425,0.279408,0.688710,0.630122
0.636821,0.336705,0.590231,0.635365
0.630338,0.391343,0.484766,0.629081
0.581282,0.431392,0.384718,0.594616
0.525275,0.450582,0.368383,0.545338
0.516183,0.448655,0.500000,0.500000
0.976763,0.843663,1.000000,1.000000
0.998260,0.807587,0.550518,0.414768
0.998209,0.754814,0.499879,0.375324
0.998161,0.698583,0.499888,0.367154
0.998120,0.644980,0.499903,0.373365
0.976292,0.604843,0.452667,0.407828
0.911933,0.586022,0.348756,0.455535
0.845125,0.570870,0.343002,0.464203
0.820789,0.555117,0.442810,0.462784
0.800642,0.539969,0.452655,0.464212
0.737948,0.519747,0.352670,0.452225
0.649395,0.481802,0.299905,0.413947
0.584293,0.443784,0.347012,0.410183
0.561709,0.409220,0.446926,0.418342
0.563316,0.389226,0.503778,0.452765
0.544894,0.371707,0.456707,0.458611
0.524060,0.367363,0.451041,0.489739
0.547488,0.385292,0.550922,0.539719
0.573314,0.420168,0.560691,0.582394
0.551758,0.461032,0.500000,0.500000
0.888807,0.061650,1.000000,0.000000
0.801997,0.124165,0.295998,0.647691
0.735263,0.204419,0.343176,0.689602
0.711018,0.289897,0.443023,0.701940
0.731025,0.372087,0.547017,0.694175
0.753501,0.443475,0.552819,0.668655
0.731697,0.495254,0.448760,0.622327
0.667346,0.530428,0.348774,0.583098
0.600515,0.565048,0.342949,0.581790
0.576184,0.586895,0.442821,0.551614
0.596125,0.586349,0.546863,0.498708
0.618490,0.564610,0.552557,0.448643
0.596635,0.531253,0.448642,0.421192
0.552323,0.499172,0.395866,0.424210
0.528017,0.463241,0.500000,0.500000
0.963838,0.821465,1.000000,1.000000
0.998634,0.762498,0.581769,0.360690
0.998593,0.682676,0.499908,0.318852
0.998562,0.604364,0.499927,0.314987
0.978466,0.539933,0.452774,0.347783
0.915822,0.496654,0.352787,0.397753
0.849039,0.474010,0.347104,0.447695
0.828203,0.461392,0.451034,0.470189
0.809757,0.448772,0.456653,0.470187
0.745486,0.435641,0.356767,0.470171
0.680418,0.429317,0.347091,0.485060
0.657848,0.441812,0.446961,0.529519
0.635971,0.452953,0.452575,0.526223
0.571572,0.444839,0.348663,0.480831
0.504775,0.433064,0.343026,0.472181
0.480429,0.420824,0.442789,0.471083
0.542056,0.406364,0.500000,0.500000
0.117951,0.833618,0.000000,1.000000
0.102781,0.806703,0.464350,0.436414
0.065140,0.779783,0.411544,0.436401
0.025971,0.751782,0.407953,0.433848
0.001411,0.724855,0.442284,0.436385
0.001197,0.697923,0.499496,0.436373
0.021044,0.669905,0.546641,0.433807
0.083476,0.642947,0.646714,0.436312
0.168417,0.615974,0.699613,0.436275
0.256786,0.587912,0.707667,0.433704
0.321687,0.560926,0.652517,0.436246
0.344082,0.532860,0.552598,0.436245
0.362376,0.505869,0.542992,0.436235
0.423199,0.483936,0.642933,0.448182
0.486448,0.482048,0.648635,0.495539
0.567561,0.441833,0.500000,0.500000
0.075432,0.031343,0.000000,0.000000
0.016127,0.045610,0.360634,0.533705
0.002165,0.075131,0.467189,0.569743
0.002044,0.127110,0.499726,0.617595
0.021974,0.182205,0.546836,0.630161
0.084450,0.228898,0.646819,0.610312
0.189482,0.254724,0.746825,0.561013
0.322136,0.273263,0.799745,0.542114
0.429676,0.291093,0.752717,0.542125
0.496387,0.309648,0.652738,0.542150
0.517122,0.327497,0.548727,0.542168
0.495268,0.345349,0.448643,0.542174
0.470946,0.363917,0.443051,0.542179
0.490949,0.381772,0.547007,0.542182
0.553457,0.399621,0.646894,0.542169
0.618406,0.417470,0.652630,0.542169
0.640863,0.436041,0.552773,0.543874
0.619064,0.453900,0.448774,0.542192
0.574757,0.471761,0.395880,0.542195
0.548688,0.483311,0.500000,0.500000
0.934051,0.019007,1.000000,0.000000
0.894907,0.018297,0.408010,0.498322
0.855742,0.035081,0.407964,0.539652
0.816576,0.072866,0.407960,0.589269
0.797629,0.120466,0.455196,0.608130
0.782628,0.166238,0.464748,0.608136
0.725100,0.212012,0.364808,0.608140
0.663663,0.259621,0.359168,0.608149
0.647951,0.305404,0.463077,0.608164
0.674791,0.351188,0.563073,0.608165
0.704309,0.396653,0.568713,0.603952
0.689312,0.422313,0.464757,0.560624
0.631755,0.427277,0.364740,0.511726
0.571790,0.425659,0.359084,0.496178
0.555360,0.423789,0.500000,0.500000
0.931784,0.846905,1.000000,1.000000
0.921138,0.814220,0.474982,0.422781
0.933450,0.760748,0.527818,0.378781
0.945311,0.706682,0.527875,0.372269
0.937095,0.652607,0.480692,0.372250
0.883383,0.602666,0.380640,0.385614
0.788394,0.575465,0.276777,0.435740
0.690952,0.560256,0.271009,0.464067
0.636030,0.545108,0.370935,0.464212
0.624066,0.524879,0.471884,0.452210
0.615855,0.486836,0.480704,0.410124
0.562178,0.445887,0.380707,0.406232
0.507297,0.424801,0.371028,0.450185
0.564298,0.447961,0.500000,0.500000
0.030154,0.017041,0.000000,0.000000
0.003446,0.028775,0.437237,0.527722
0.003327,0.061959,0.499731,0.574951
0.003209,0.098424,0.499724,0.586149
0.003089,0.134892,0.499716,0.586156
0.023003,0.172820,0.542990,0.586159
0.085488,0.209286,0.646841,0.586149
0.190540,0.234923,0.746871,0.560569
0.323197,0.241678,0.799751,0.515634
0.430748,0.246267,0.752745,0.510842
0.495756,0.267296,0.652768,0.549681
0.518216,0.309185,0.552783,0.598962
0.496442,0.360329,0.452797,0.616180
0.472194,0.409511,0.443017,0.616192
0.515364,0.500850,0.500000,0.500000
0.916908,0.836029,1.000000,1.000000
0.933548,0.793139,0.539105,0.398672
0.974189,0.726402,0.591830,0.349122
0.993194,0.654549,0.544663,0.330249
0.969718,0.582688,0.444831,0.330227
0.900188,0.507936,0.344886,0.330193
0.830033,0.443014,0.335135,0.346623
0.802430,0.398904,0.435132,0.395788
0.777207,0.365956,0.440728,0.422160
0.705835,0.339362,0.332276,0.437172
0.633979,0.335017,0.331138,0.489736
0.604595,0.351355,0.430948,0.538599
0.619207,0.375204,0.531004,0.554175
0.636520,0.398137,0.540686,0.554179
0.611346,0.421072,0.440839,0.554185
0.583499,0.444928,0.435086,0.554192
0.600086,0.466714,0.538980,0.551468
0.619074,0.472144,0.544621,0.512830
0.593735,0.468710,0.444740,0.492199
0.545848,0.426785,0.500000,0.500000
0.032258,0.864094,0.000000,1.000000
0.000961,0.856861,0.426450,0.482913
0.000710,0.828470,0.499411,0.432926
0.000466,0.784136,0.499426,0.395260
0.000243,0.741132,0.499475,0.398404
0.000030,0.698117,0.499500,0.398377
0.021560,0.653368,0.546634,0.398347
0.085696,0.610320,0.650719,0.398299
0.172352,0.567255,0.703642,0.398258
0.262505,0.522456,0.711859,0.394164
0.329122,0.479376,0.656550,0.398223
0.353212,0.442596,0.556611,0.413107
0.373283,0.425544,0.543376,0.460667
0.435774,0.415465,0.646853,0.476188
0.500734,0.405382,0.652656,0.476180
0.523178,0.395082,0.552731,0.476387
0.501371,0.398352,0.448753,0.507725
0.477109,0.422483,0.442985,0.557012
0.089954,0.015616,0.500000,0.500000
0.112302,0.018474,0.552519,0.506752
0.174825,0.018526,0.646928,0.500123
0.284968,0.018572,0.746881,0.500104
0.394199,0.018612,0.756695,0.500096
0.462697,0.018661,0.656775,0.500110
0.485211,0.018711,0.552906,0.500119
0.485180,0.025052,0.499929,0.514981
0.506903,0.053537,0.547092,0.563709
0.551101,0.101327,0.603866,0.612905
0.575242,0.153870,0.556730,0.624132
0.555240,0.208524,0.452997,0.629119
0.532714,0.261079,0.447064,0.624163
0.552712,0.313635,0.546996,0.624164
0.578529,0.368297,0.560669,0.629139
0.560103,0.415196,0.456699,0.610799
0.539624,0.443467,0.500000,0.500000
0.977391,0.043442,1.000000,0.000000
0.999585,0.087307,0.552157,0.603632
0.979531,0.148408,0.452874,0.644351
0.913532,0.213619,0.344903,0.654061
0.846751,0.276327,0.343064,0.648146
0.822426,0.341551,0.443019,0.648166
0.802325,0.397981,0.452762,0.633316
0.739681,0.433800,0.352788,0.584622
0.672898,0.453637,0.347084,0.545177
0.652018,0.471498,0.450934,0.542197
0.633587,0.489362,0.456687,0.542203
0.569291,0.507938,0.348904,0.543886
0.504204,0.517392,0.347046,0.522335
0.481594,0.505824,0.446895,0.474260
0.508750,0.486963,0.500000,0.500000
0.998041,0.838342,1.000000,1.000000
0.997983,0.798016,0.499865,0.404730
0.997935,0.736521,0.499888,0.354719
0.997899,0.653089,0.499917,0.310723
0.977815,0.570222,0.452803,0.304226
0.915193,0.491830,0.352838,0.314800
0.804960,0.431367,0.240951,0.357156
0.695621,0.394825,0.243055,0.413669
0.628808,0.378575,0.342990,0.461610
0.604466,0.367207,0.442795,0.473143
0.604389,0.356276,0.499821,0.474177
0.582566,0.346062,0.452681,0.476282
0.538256,0.352716,0.395871,0.515719
0.514002,0.379645,0.443003,0.563621
0.557758,0.459993,0.500000,0.500000
0.937329,0.049928,1.000000,0.000000
0.901592,0.099729,0.416017,0.617654
0.885908,0.166227,0.463142,0.657102
0.871206,0.236727,0.468792,0.660150
0.813666,0.301059,0.364780,0.651985
0.753712,0.346172,0.359108,0.606578
0.736271,0.374083,0.459015,0.565941
0.723175,0.401455,0.472408,0.562177
0.667333,0.427772,0.368771,0.562176
0.609048,0.454094,0.363031,0.562185
0.593521,0.469793,0.462918,0.536662
0.622030,0.473273,0.566997,0.508220
0.652935,0.476743,0.572626,0.508198
0.639974,0.480353,0.469542,0.508530
0.584160,0.483821,0.368837,0.508194
0.525870,0.487291,0.363019,0.508198
0.089950,0.015618,0.500000,0.500000
0.112346,0.008477,0.552630,0.483129
0.174921,0.000576,0.647053,0.481333
0.285082,0.000646,0.746924,0.500102
0.394315,0.012340,0.756697,0.527627
0.460979,0.045233,0.656660,0.577710
0.485197,0.101895,0.556717,0.627718
0.505224,0.172305,0.547063,0.666343
0.567821,0.243470,0.647103,0.668128
0.637901,0.317486,0.664688,0.674863
0.662081,0.383020,0.556823,0.654824
0.643662,0.428145,0.456716,0.606608
0.622908,0.461802,0.451115,0.576465
0.646283,0.494056,0.554931,0.576201
0.672091,0.518651,0.560650,0.558107
0.653784,0.522000,0.460644,0.508612
0.592812,0.507591,0.356715,0.465959
0.529399,0.491589,0.350980,0.462197
0.508901,0.473674,0.500000,0.500000
0.977431,0.010621,1.000000,0.000000
0.999381,0.018946,0.551584,0.519667
0.979290,0.048441,0.452786,0.569682
0.913244,0.096516,0.344790,0.613577
0.846501,0.143975,0.343154,0.612123
0.822267,0.191441,0.443050,0.612139
0.802071,0.240810,0.452539,0.616632
0.739406,0.288280,0.352738,0.612148
0.674332,0.333214,0.347076,0.606158
0.651750,0.360342,0.446933,0.564089
0.653381,0.374816,0.503831,0.534196
0.634941,0.389283,0.456667,0.534178
0.592409,0.412750,0.403896,0.552321
0.481425,0.466514,0.500000,0.500000
0.117654,0.847294,0.000000,1.000000
0.145013,0.834773,0.564294,0.470417
0.169982,0.816590,0.558676,0.457044
0.241125,0.775991,0.658761,0.408772
0.332888,0.717902,0.715643,0.362765
0.404595,0.657066,0.668511,0.356275
0.434108,0.593792,0.568684,0.356265
0.419062,0.532944,0.464643,0.356245
0.401602,0.475533,0.458969,0.364367
0.428549,0.436248,0.558873,0.409752
0.457751,0.420066,0.568625,0.461768
0.444410,0.425051,0.468648,0.511777
0.428640,0.447253,0.462940,0.552453
0.457409,0.471996,0.567608,0.558454
0.528492,0.489465,0.667045,0.541272
0.601958,0.486426,0.672644,0.492819
0.633275,0.474188,0.572762,0.472200
0.619942,0.462420,0.468668,0.472198
0.564062,0.450647,0.368681,0.472185
0.505749,0.438873,0.362966,0.472185
0.481865,0.450610,0.500000,0.500000
0.937008,0.002275,1.000000,0.000000
0.943791,0.019903,0.515940,0.541646
0.930533,0.058701,0.468843,0.591661
0.871610,0.120058,0.361532,0.644956
0.811702,0.183611,0.359216,0.650143
0.794328,0.247168,0.459170,0.650155
0.781169,0.313272,0.469077,0.656170
0.725302,0.376362,0.368712,0.649051
0.665597,0.426367,0.363100,0.614589
0.651563,0.454661,0.467020,0.566844
0.639901,0.479296,0.472593,0.558200
0.585746,0.496972,0.372736,0.541758
0.527784,0.493289,0.367037,0.492631
0.516810,0.464386,0.500000,0.500000
0.975133,0.817129,1.000000,1.000000
0.998944,0.753094,0.555958,0.348718
0.998906,0.677868,0.499909,0.322279
0.998873,0.599614,0.499922,0.315124
0.978788,0.528305,0.452802,0.331532
0.912760,0.474927,0.352796,0.377749
0.846017,0.444031,0.343153,0.427008
0.821754,0.417864,0.442984,0.438180
0.798128,0.399075,0.448602,0.456345
0.732054,0.402351,0.344728,0.507740
0.663573,0.424234,0.339069,0.551699
0.637468,0.449851,0.438998,0.558191
0.635694,0.469990,0.495831,0.547579
0.613848,0.472039,0.448664,0.504840
0.481463,0.471225,0.500000,0.500000
0.965477,0.861876,1.000000,1.000000
0.998773,0.845271,0.578245,0.460771
0.998714,0.807491,0.499862,0.410744
0.998661,0.754147,0.499874,0.373975
0.998614,0.702619,0.499891,0.378264
0.998572,0.651083,0.499901,0.378247
0.978448,0.609529,0.452708,0.401829
0.912394,0.587288,0.352758,0.449047
0.845646,0.570442,0.343143,0.460203
0.821440,0.553602,0.443116,0.460215
0.801207,0.536087,0.452451,0.458620
0.738573,0.519238,0.352810,0.460194
0.673498,0.502388,0.347076,0.460192
0.650921,0.484869,0.446969,0.460204
0.632482,0.468023,0.456669,0.460201
0.571521,0.451170,0.356742,0.460185
0.506483,0.433642,0.351047,0.460183
0.487886,0.414772,0.500000,0.500000
0.120457,0.012294,0.000000,0.000000
0.151353,0.026549,0.572606,0.533677
0.181866,0.061280,0.566953,0.578608
0.254618,0.097730,0.670967,0.586113
0.369935,0.134168,0.770993,0.586084
0.487637,0.170604,0.776602,0.586081
0.564946,0.208514,0.681676,0.589561
0.595937,0.244977,0.572828,0.586144
0.584364,0.281447,0.472803,0.586160
0.570665,0.319379,0.467052,0.586168
0.600890,0.355852,0.571028,0.586167
0.633533,0.392327,0.576711,0.586173
0.622341,0.430268,0.476705,0.586188
0.568105,0.462776,0.372545,0.576800
0.511552,0.475753,0.367099,0.530656
0.498643,0.479645,0.500000,0.500000
0.125728,0.861125,0.000000,1.000000
0.161599,0.846247,0.584297,0.464851
0.175042,0.810214,0.531590,0.414873
0.210773,0.754216,0.578744,0.372971
0.288598,0.698471,0.682888,0.368302
0.388890,0.642706,0.735685,0.368255
0.471434,0.584704,0.688529,0.368241
0.507503,0.528930,0.584762,0.368236
0.500993,0.473820,0.484701,0.369801
0.490768,0.429505,0.500000,0.500000
0.987125,0.001246,1.000000,0.000000
0.999315,0.008728,0.528646,0.517677
0.979233,0.038219,0.452807,0.569670
0.913230,0.088783,0.352855,0.614574
0.846497,0.140477,0.343177,0.622126
0.822264,0.192176,0.443053,0.622141
0.798724,0.245948,0.444680,0.627035
0.732672,0.297182,0.344778,0.621040
0.664216,0.333827,0.339129,0.586575
0.638126,0.350952,0.439054,0.539329
0.656412,0.362876,0.542971,0.528171
0.677133,0.374801,0.548695,0.528172
0.655317,0.386727,0.448732,0.528176
0.587466,0.399127,0.340551,0.529295
0.518971,0.411052,0.339036,0.528174
0.492707,0.424418,0.500000,0.500000
0.113936,0.029733,0.000000,0.000000
0.138012,0.044621,0.556579,0.535171
0.159708,0.078353,0.550984,0.579694
0.227355,0.133319,0.658972,0.629855
0.335850,0.189231,0.754963,0.632094
0.450311,0.247382,0.760629,0.632096
0.517028,0.303314,0.656785,0.632141
0.541159,0.359261,0.556707,0.632173
0.522731,0.414309,0.456695,0.630052
0.498730,0.457820,0.500000,0.500000
0.117673,0.882688,0.000000,1.000000
0.145033,0.896618,0.564298,0.532908
0.149929,0.889363,0.511505,0.482860
0.155022,0.859377,0.511968,0.429159
0.180050,0.813989,0.558816,0.392771
0.247648,0.767574,0.658857,0.390344
0.341318,0.719280,0.711656,0.390296
0.411301,0.672838,0.664460,0.390279
0.438812,0.626392,0.564649,0.390273
0.465791,0.578081,0.558970,0.390255
0.494997,0.531620,0.568635,0.390235
0.477933,0.431336,0.500000,0.500000
0.955775,0.862148,1.000000,1.000000
0.998635,0.845543,0.600721,0.460770
0.998576,0.807771,0.499862,0.410764
0.998524,0.749487,0.499877,0.362304
0.998480,0.691185,0.499896,0.362261
0.998441,0.632874,0.499908,0.362242
0.978355,0.574001,0.452799,0.360911
0.915741,0.534942,0.352857,0.407723
0.850667,0.513607,0.347077,0.449596
0.828074,0.493444,0.446905,0.452366
0.809644,0.474056,0.456690,0.454194
0.748710,0.454660,0.356805,0.454177
0.660235,0.434481,0.292085,0.452328
0.595185,0.422067,0.347133,0.470673
0.572650,0.425953,0.447041,0.509180
0.594315,0.431320,0.546961,0.512191
0.618404,0.436479,0.556608,0.512190
0.599973,0.439075,0.456688,0.506132
0.547523,0.427400,0.500000,0.500000
0.938906,0.002539,1.000000,0.000000
0.904869,0.021848,0.420014,0.545618
0.870815,0.060898,0.419972,0.592256
0.835394,0.105855,0.416761,0.606210
0.821417,0.149085,0.467154,0.602131
0.809837,0.192318,0.472787,0.602137
0.752656,0.237282,0.372788,0.602141
0.694438,0.280520,0.363188,0.602150
0.678710,0.323765,0.463039,0.602166
0.687420,0.368742,0.520469,0.606259
0.675822,0.411994,0.472744,0.602183
0.618612,0.448570,0.372741,0.584075
0.560362,0.463529,0.363114,0.535340
0.545554,0.475004,0.500000,0.500000
0.083544,0.038163,0.000000,0.000000
0.032728,0.079534,0.380584,0.597740
0.003515,0.142027,0.431359,0.641712
0.003394,0.204746,0.499716,0.648173
0.023317,0.267468,0.546820,0.648181
0.089193,0.330546,0.646860,0.643955
0.195968,0.373109,0.750921,0.600556
0.325210,0.394510,0.803717,0.550560
0.434423,0.397314,0.756651,0.506624
0.502878,0.398284,0.660869,0.502292
0.089977,0.015603,0.500000,0.500000
0.970996,0.021419,1.000000,0.513741
1.033617,0.021450,0.647159,0.500072
1.037434,0.021970,0.508969,0.501228
1.017343,0.038121,0.452787,0.538156
0.954720,0.075230,0.352835,0.587671
0.889709,0.124339,0.347224,0.616020
0.867215,0.175463,0.447140,0.620780
0.848829,0.224623,0.456793,0.616142
0.784585,0.275752,0.356830,0.616145
0.719490,0.319270,0.347026,0.602813
0.696898,0.342710,0.446910,0.555376
0.676755,0.358866,0.452663,0.538169
0.610687,0.375666,0.352708,0.538163
0.543873,0.391822,0.342986,0.538169
0.519581,0.409926,0.500000,0.500000
0.963818,0.863777,1.000000,1.000000
0.998934,0.848862,0.582524,0.464762
0.998875,0.812771,0.499861,0.414736
0.998824,0.755512,0.499882,0.364725
0.998783,0.679795,0.499903,0.321120
0.998750,0.606245,0.499923,0.326236
0.978590,0.532866,0.452623,0.326643
0.912573,0.470680,0.352824,0.357740
0.845807,0.432465,0.343099,0.409715
0.821554,0.410935,0.443004,0.449137
0.801315,0.389882,0.452440,0.450260
0.738641,0.377313,0.352716,0.470306
0.671812,0.386416,0.346997,0.519680
0.650956,0.411733,0.450989,0.559812
0.652592,0.438057,0.503844,0.562189
0.634148,0.453555,0.456655,0.536613
0.569797,0.451705,0.348775,0.495630
0.504742,0.448397,0.347122,0.492185
0.482337,0.444700,0.500000,0.500000
0.965452,0.850197,1.000000,1.000000
0.998750,0.821740,0.578250,0.432772
0.998696,0.772098,0.499874,0.382720
0.998651,0.703069,0.499897,0.343308
0.998614,0.635756,0.499913,0.340974
0.978503,0.582335,0.452739,0.373793
0.912430,0.547425,0.352691,0.420317
0.840486,0.516692,0.330933,0.427395
0.814534,0.487147,0.439011,0.430198
0.790973,0.457598,0.444632,0.430192
0.721425,0.429829,0.344848,0.436169
0.651249,0.420939,0.335086,0.478997
0.623588,0.416784,0.434996,0.490185
0.618204,0.412465,0.487834,0.490188
0.592983,0.408310,0.440732,0.490184
0.565360,0.404155,0.435084,0.490185
0.581707,0.400999,0.538417,0.492543
0.600648,0.414288,0.544511,0.531394
0.577111,0.435532,0.444687,0.550190
0.547173,0.449368,0.500000,0.500000
0.072190,0.027644,0.000000,0.000000
0.009423,0.058024,0.352498,0.571772
0.002015,0.108903,0.482591,0.620202
0.001891,0.167963,0.499709,0.639531
0.021809,0.224755,0.546807,0.634171
0.084332,0.279741,0.646930,0.629903
0.189401,0.317224,0.746912,0.588554
0.323733,0.340056,0.815681,0.553940
0.432943,0.361278,0.756643,0.550138
0.501376,0.383362,0.656625,0.550166
0.516549,0.421369,0.500000,0.500000
0.957969,0.045959,1.000000,0.000000
0.986886,0.092365,0.567957,0.609634
0.998362,0.158502,0.526968,0.656247
0.978247,0.228828,0.452730,0.666146
0.912228,0.301969,0.344854,0.672795
0.845491,0.365333,0.343169,0.649699
0.821284,0.407998,0.443112,0.600795
0.801069,0.443295,0.452496,0.583390
0.738422,0.477234,0.352779,0.580181
0.671635,0.503354,0.347096,0.560320
0.650785,0.507900,0.451003,0.510739
0.632342,0.507142,0.456660,0.498210
0.571307,0.506380,0.356568,0.498199
0.502882,0.505588,0.339201,0.498129
0.480293,0.504833,0.446916,0.498218
0.500308,0.504079,0.547036,0.498218
0.526076,0.503203,0.500000,0.500000
0.109557,0.849392,0.000000,1.000000
0.128390,0.818419,0.544257,0.426826
0.144858,0.767183,0.538700,0.378955
0.203907,0.710603,0.638765,0.366329
0.290407,0.651738,0.703274,0.360932
0.353654,0.595130,0.648630,0.366263
0.374342,0.538517,0.548618,0.366252
0.390907,0.482201,0.538927,0.366953
0.450044,0.446558,0.638972,0.415795
0.511591,0.424395,0.644635,0.447640
0.530470,0.401589,0.544652,0.448192
0.505268,0.379656,0.440776,0.448183
0.477613,0.358026,0.435012,0.448899
0.492495,0.350301,0.534971,0.481748
0.513011,0.364706,0.548212,0.534034
0.489478,0.400074,0.444699,0.583557
0.463409,0.445944,0.439105,0.604200
0.089942,0.015623,0.500000,0.500000
0.112328,0.018474,0.552608,0.506737
0.174859,0.018526,0.646948,0.500123
0.285027,0.019723,0.746941,0.502203
0.394242,0.037350,0.756654,0.541646
0.460947,0.076150,0.656758,0.591663
0.485121,0.126948,0.556809,0.620011
0.505266,0.179836,0.547340,0.624947
0.567814,0.230683,0.646988,0.620126
0.632749,0.281533,0.652597,0.620132
0.655181,0.334252,0.552678,0.619962
0.633376,0.371761,0.448760,0.588615
0.609173,0.389881,0.443121,0.542809
0.629058,0.404928,0.542937,0.534182
0.651476,0.419397,0.552682,0.534183
0.631356,0.433868,0.452719,0.534188
0.588755,0.448340,0.399886,0.534189
0.564522,0.464552,0.500000,0.500000
0.075399,0.042134,0.000000,0.000000
0.016132,0.087710,0.360722,0.607673
0.001738,0.154459,0.466175,0.657694
0.021682,0.235352,0.546869,0.691111
0.084146,0.299957,0.646790,0.652628
0.189196,0.344540,0.746867,0.605328
0.321840,0.385978,0.799723,0.594131
0.429293,0.425830,0.752515,0.594151
0.494269,0.465697,0.652693,0.594186
0.516340,0.511296,0.500000,0.500000
0.964459,0.063740,1.000000,0.000000
0.999120,0.128782,0.581455,0.653663
0.999125,0.205838,0.500010,0.682045
0.977338,0.279721,0.452764,0.668762
0.912964,0.329894,0.348719,0.618534
0.846205,0.368908,0.343117,0.592171
0.821962,0.407924,0.443031,0.592174
0.798361,0.448504,0.444537,0.595871
0.732232,0.483552,0.344597,0.582802
0.663761,0.499039,0.339092,0.536588
0.637614,0.495278,0.438902,0.491746
0.635828,0.488593,0.495801,0.484208
0.613998,0.481907,0.448701,0.484204
0.528022,0.434425,0.500000,0.500000
0.967758,0.053087,1.000000,0.000000
0.999452,0.104590,0.574482,0.621674
0.999456,0.174709,0.500007,0.665657
0.979400,0.250491,0.452870,0.679035
0.916776,0.318301,0.352832,0.660200
0.850000,0.367427,0.347121,0.612594
0.829137,0.399377,0.450971,0.575482
0.810721,0.430686,0.456723,0.573969
0.746439,0.449882,0.356743,0.544604
0.681378,0.448539,0.347105,0.496826
0.658832,0.443540,0.447018,0.488191
0.640343,0.449864,0.456549,0.514940
0.579381,0.464335,0.356741,0.534187
0.515977,0.475828,0.351000,0.527153
0.510734,0.461469,0.500000,0.500000
0.114405,0.821752,0.000000,1.000000
0.138348,0.782128,0.556267,0.406390
0.159954,0.742495,0.550774,0.406365
0.227568,0.701255,0.650786,0.406319
0.315935,0.661583,0.707663,0.406276
0.384260,0.621906,0.660563,0.406263
0.410043,0.582227,0.560590,0.406259
0.435233,0.540954,0.554907,0.406244
0.502865,0.501257,0.658934,0.406215
0.572943,0.461552,0.664685,0.406198
0.600732,0.420259,0.565303,0.402445
0.584035,0.380549,0.460761,0.406185
0.524798,0.350798,0.360795,0.429713
0.458121,0.342301,0.343308,0.479927
0.437219,0.349437,0.450882,0.516858
0.458879,0.357132,0.550900,0.518179
0.526592,0.365128,0.659125,0.518890
0.594979,0.372814,0.660710,0.518159
0.620809,0.380507,0.560702,0.518174
0.602552,0.388509,0.460741,0.518178
0.561646,0.398751,0.403871,0.524198
0.543218,0.430151,0.500000,0.500000
0.925289,0.860565,1.000000,1.000000
0.907854,0.842263,0.459030,0.456762
0.912885,0.803097,0.511821,0.407469
0.917930,0.756658,0.511856,0.390289
0.923183,0.708354,0.512343,0.385881
0.908222,0.661900,0.464842,0.390252
0.850660,0.615524,0.364729,0.390437
0.765727,0.580638,0.300407,0.417582
0.704054,0.568524,0.355068,0.471381
0.684978,0.564221,0.454879,0.490225
0.669930,0.560083,0.464637,0.490224
0.612359,0.555941,0.364708,0.490214
0.552355,0.551799,0.358990,0.490216
0.535076,0.539824,0.458962,0.473759
0.561872,0.511575,0.562972,0.433262
0.591051,0.482034,0.568570,0.430210
0.576299,0.451778,0.468660,0.430933
0.518713,0.437257,0.364671,0.465695
0.458727,0.432257,0.359033,0.488186
0.441247,0.427262,0.458923,0.488199
0.468191,0.422066,0.563318,0.487724
0.498019,0.418614,0.500000,0.500000
0.113919,0.023299,0.000000,0.000000
0.137987,0.029590,0.556560,0.514860
0.159675,0.052311,0.550965,0.553681
0.227349,0.097488,0.659034,0.606730
0.335837,0.146626,0.754947,0.616088
0.446745,0.195764,0.760634,0.616088
0.515124,0.244919,0.660690,0.616128
0.541119,0.296053,0.560734,0.616158
0.522662,0.345228,0.456624,0.616177
0.501814,0.394409,0.451007,0.616188
0.528951,0.439512,0.500000,0.500000
0.998125,0.050941,1.000000,0.000000
0.998124,0.100751,0.499997,0.617676
0.978081,0.169940,0.452898,0.663459
0.912058,0.245720,0.344846,0.679031
0.845311,0.318591,0.343145,0.672157
0.821122,0.388905,0.443156,0.666117
0.797533,0.442442,0.448690,0.622614
0.731472,0.472516,0.344757,0.571049
0.663010,0.494605,0.339114,0.552187
0.637070,0.511032,0.439041,0.538809
0.635143,0.507143,0.495470,0.490812
0.613312,0.497072,0.448697,0.476208
0.569009,0.486999,0.395889,0.476202
0.518448,0.406567,0.500000,0.500000
0.966139,0.047241,1.000000,0.000000
0.999447,0.086889,0.578274,0.593668
0.999448,0.147519,0.500001,0.643238
0.979384,0.218896,0.452850,0.668629
0.916728,0.287530,0.352758,0.662147
0.851713,0.354708,0.347215,0.658709
0.829185,0.404911,0.447059,0.618606
0.810741,0.434663,0.456658,0.570288
0.749807,0.441728,0.356803,0.516692
0.684770,0.439164,0.351029,0.494173
0.665613,0.436704,0.454981,0.494189
0.648880,0.434245,0.460679,0.494190
0.589616,0.431780,0.360729,0.494178
0.523013,0.429218,0.343484,0.493947
0.502391,0.437239,0.500000,0.500000
0.119324,0.877959,0.000000,1.000000
0.148364,0.892559,0.568243,0.534493
0.154972,0.887013,0.515529,0.486896
0.161837,0.858795,0.516132,0.433336
0.188511,0.810240,0.562684,0.385287
0.257743,0.753661,0.662696,0.366334
0.354886,0.694797,0.728285,0.360933
0.428308,0.638190,0.672542,0.366265
0.459268,0.581579,0.572754,0.366257
0.447614,0.524960,0.472613,0.366239
0.430496,0.466070,0.459773,0.360871
0.457311,0.411597,0.563016,0.371309
0.486498,0.375098,0.568588,0.413771
0.473166,0.359759,0.468670,0.463762
0.457684,0.366256,0.463024,0.513761
0.486180,0.391941,0.566966,0.560682
0.089993,0.015594,0.500000,0.500000
0.970971,0.021419,1.000000,0.513762
1.033566,0.021450,0.647099,0.500072
1.037382,0.021489,0.508969,0.500088
1.017283,0.021526,0.452768,0.500087
0.954626,0.031561,0.352756,0.523709
0.866115,0.064440,0.300000,0.573692
0.801083,0.115093,0.347175,0.619667
0.778543,0.168486,0.447031,0.626141
0.778510,0.224017,0.499925,0.626145
0.758353,0.277416,0.452632,0.626156
0.695692,0.330817,0.352747,0.626160
0.630656,0.384223,0.347163,0.626172
0.608085,0.433476,0.446985,0.612822
0.629817,0.460051,0.551070,0.562785
0.653958,0.477913,0.556731,0.542198
0.633898,0.493935,0.456666,0.537104
0.571231,0.490821,0.352732,0.492644
0.506123,0.477358,0.346996,0.468194
0.511270,0.493629,0.500000,0.500000
0.166220,0.852568,0.000000,1.000000
0.244698,0.824981,0.684423,0.434828
0.300728,0.783881,0.631671,0.402901
0.356758,0.742536,0.631671,0.402323
0.415046,0.699526,0.636977,0.398389
0.451021,0.658164,0.584540,0.402281
0.464552,0.616796,0.531800,0.402268
0.500403,0.573764,0.579018,0.402248
0.538107,0.532380,0.588604,0.402230
0.528563,0.484369,0.500000,0.500000
0.079987,0.003498,0.000000,0.000000
0.068338,0.024519,0.472626,0.549664
0.011067,0.068560,0.372581,0.599319
0.000577,0.118572,0.475349,0.618155
0.000455,0.168589,0.499715,0.618164
0.020397,0.218607,0.546864,0.618169
0.086269,0.270623,0.646850,0.618161
0.193042,0.312219,0.750917,0.598269
0.322290,0.335314,0.803733,0.554564
0.434987,0.356505,0.756644,0.548137
0.499959,0.376892,0.652686,0.548165
0.522400,0.397287,0.552735,0.548183
0.525174,0.480533,0.500000,0.500000
0.957335,0.827473,1.000000,1.000000
0.998749,0.774441,0.597321,0.374713
0.998706,0.698271,0.499902,0.327397
0.998673,0.620489,0.499923,0.316241
0.978614,0.544145,0.452863,0.319637
0.915951,0.484794,0.352741,0.359783
0.845813,0.442955,0.335175,0.401155
0.821596,0.406947,0.443089,0.414929
0.798021,0.387014,0.448724,0.453722
0.732001,0.382466,0.344851,0.489256
0.663480,0.378300,0.338976,0.490157
0.637542,0.374166,0.439047,0.490234
0.635602,0.382316,0.495441,0.519255
0.613773,0.399324,0.448702,0.540180
0.589548,0.408659,0.443070,0.522055
0.609464,0.401820,0.546804,0.483842
0.631898,0.394277,0.552719,0.482181
0.611796,0.388186,0.452761,0.485609
0.567483,0.399955,0.399871,0.525738
0.545058,0.428253,0.500000,0.500000
0.925322,0.880067,1.000000,1.000000
0.907909,0.884616,0.459078,0.510746
0.912922,0.868000,0.511781,0.460744
0.918160,0.828242,0.511835,0.410690
0.923206,0.771000,0.511859,0.364766
0.928260,0.711010,0.511876,0.358273
0.913227,0.651010,0.464673,0.358250
0.852475,0.598586,0.357232,0.376150
0.790830,0.569718,0.355135,0.431799
0.751605,0.556345,0.407821,0.468405
0.692342,0.543733,0.360732,0.470205
0.625691,0.530617,0.343370,0.469011
0.604852,0.518010,0.451029,0.470216
0.606465,0.505402,0.503790,0.470215
0.588084,0.492288,0.456805,0.469018
0.542264,0.478162,0.500000,0.500000
0.074021,0.837309,0.000000,1.000000
0.055445,0.793657,0.456348,0.396873
0.012749,0.729233,0.403523,0.353862
0.000701,0.665047,0.471687,0.348361
0.000514,0.601033,0.499560,0.348769
0.020406,0.550180,0.546746,0.379858
0.086223,0.519721,0.654670,0.428041
0.172872,0.511996,0.703626,0.481750
0.259553,0.513782,0.703700,0.504219
0.327978,0.515640,0.656629,0.504222
0.350355,0.506604,0.552587,0.478652
0.370364,0.483368,0.547020,0.445106
0.432875,0.459751,0.646901,0.444205
0.502909,0.439670,0.664581,0.452558
0.089965,0.015609,0.500000,0.500000
0.960550,0.858481,1.000000,1.000000
1.023130,0.858611,0.647063,0.500306
1.026887,0.854293,0.508835,0.491046
1.026827,0.830068,0.499861,0.442770
1.026775,0.784660,0.499876,0.392723
1.026728,0.726672,0.499893,0.368272
1.026687,0.670906,0.499905,0.368252
1.026650,0.612901,0.499913,0.362963
1.004866,0.557038,0.448807,0.368023
0.940544,0.521366,0.348843,0.415727
0.873795,0.506874,0.343141,0.465761
0.849457,0.504273,0.443010,0.494087
0.829299,0.501817,0.452628,0.494198
0.766685,0.499355,0.352857,0.494185
0.699875,0.496797,0.347022,0.494187
0.679038,0.494343,0.451033,0.494203
0.660558,0.481891,0.456573,0.470583
0.599601,0.457470,0.356750,0.442305
0.534575,0.439692,0.351074,0.458652
0.558717,0.454409,0.500000,0.500000
0.003551,0.839565,0.000000,1.000000
0.003312,0.799287,0.499439,0.404844
0.003095,0.738298,0.499491,0.355913
0.002888,0.668023,0.499514,0.333977
0.022777,0.600436,0.546738,0.340323
0.085217,0.542804,0.646735,0.363846
0.175254,0.504639,0.703438,0.412706
0.261943,0.474255,0.703719,0.428216
0.328561,0.443867,0.656554,0.428210
0.352678,0.414927,0.556675,0.431628
0.372760,0.402473,0.547192,0.470577
0.435303,0.397471,0.646976,0.488182
0.500239,0.392465,0.652598,0.488175
0.522658,0.390718,0.552672,0.495234
0.552235,0.492987,0.500000,0.500000
0.957632,0.846235,1.000000,1.000000
0.974255,0.820304,0.539066,0.438738
0.997899,0.770872,0.555567,0.388706
0.997855,0.705707,0.499897,0.346048
0.997817,0.638932,0.499912,0.342245
0.977718,0.575132,0.452767,0.349273
0.911709,0.528792,0.344878,0.390520
0.844925,0.504666,0.343059,0.443004
0.820595,0.484503,0.443030,0.454196
0.800472,0.465113,0.452710,0.454192
0.737733,0.445745,0.352564,0.454244
0.670926,0.438148,0.347048,0.481743
0.650056,0.445467,0.450957,0.517291
0.631636,0.447517,0.456713,0.504843
0.570668,0.432604,0.356725,0.464770
0.502253,0.415074,0.339223,0.458584
0.479709,0.398223,0.447021,0.460190
0.501358,0.390674,0.546923,0.481858
0.089969,0.015607,0.500000,0.500000
0.112816,0.857901,0.553688,1.000000
0.175185,0.839650,0.646567,0.456883
0.263505,0.798495,0.699568,0.407237
0.348471,0.751219,0.699669,0.388311
0.433456,0.703931,0.699715,0.388282
0.500105,0.654745,0.652595,0.388267
0.520830,0.607448,0.548703,0.388260
0.498956,0.560143,0.448597,0.388242
0.471242,0.510940,0.434872,0.383758
0.536436,0.419298,0.500000,0.500000
0.968635,0.855751,1.000000,1.000000
0.998077,0.832363,0.569189,0.444746
0.998019,0.785670,0.499869,0.394796
0.997970,0.731606,0.499885,0.372275
0.997926,0.677535,0.499897,0.372256
0.997883,0.630457,0.499903,0.392069
0.977756,0.606671,0.452702,0.443805
0.915089,0.595631,0.352733,0.473918
0.848295,0.584276,0.347079,0.474207
0.827415,0.573365,0.450932,0.474220
0.808986,0.560297,0.456692,0.469128
0.744701,0.528719,0.356754,0.428750
0.659553,0.495788,0.299903,0.422200
0.594430,0.481197,0.346960,0.465529
0.571827,0.475124,0.446909,0.486204
0.593499,0.469284,0.550931,0.486203
0.617627,0.463442,0.556700,0.486199
0.597600,0.457366,0.452937,0.485645
0.561301,0.441912,0.500000,0.500000
0.881658,0.873447,1.000000,1.000000
0.818264,0.868686,0.351023,0.488753
0.797452,0.841281,0.450960,0.438751
0.780685,0.793430,0.460598,0.386953
0.721430,0.736830,0.360751,0.366282
0.636400,0.677953,0.307865,0.366254
0.574678,0.621338,0.354955,0.366247
0.555493,0.564722,0.454915,0.366244
0.558949,0.505835,0.507808,0.366230
0.542227,0.449204,0.460702,0.366210
0.503028,0.397056,0.407883,0.376800
0.483967,0.363736,0.454933,0.423515
0.509046,0.340108,0.558936,0.444179
0.536565,0.316655,0.564670,0.444592
0.521626,0.306347,0.464893,0.475647
0.501005,0.318116,0.451541,0.527804
0.524362,0.350823,0.554889,0.577271
0.550332,0.393162,0.560674,0.596178
0.499309,0.455607,0.500000,0.500000
0.116022,0.871914,0.000000,1.000000
0.141695,0.864676,0.560333,0.482901
0.145039,0.834701,0.507555,0.432907
0.168316,0.788212,0.554701,0.390169
0.234172,0.740099,0.654762,0.386334
0.327759,0.690041,0.719930,0.381737
0.397821,0.641901,0.664646,0.386269
0.425343,0.593758,0.564675,0.386263
0.449005,0.543682,0.555606,0.381696
0.474783,0.495525,0.560579,0.386228
0.458055,0.455763,0.460688,0.406062
0.435643,0.432779,0.447333,0.445701
0.457322,0.412546,0.550946,0.452199
0.481531,0.399149,0.556698,0.468601
0.461429,0.407496,0.452759,0.519720
0.438872,0.436553,0.446991,0.568648
0.460547,0.473440,0.546985,0.583996
0.524805,0.495703,0.651006,0.552596
0.591478,0.496830,0.656681,0.502665
0.615703,0.484717,0.556736,0.472495
0.595618,0.472951,0.452801,0.472201
0.547896,0.459769,0.500000,0.500000
0.890397,0.020135,1.000000,0.000000
0.805287,0.039453,0.299992,0.545638
0.740226,0.079051,0.347105,0.593550
0.717722,0.125773,0.447117,0.610380
0.739431,0.170695,0.551017,0.606130
0.763693,0.217418,0.556816,0.606136
0.743593,0.262350,0.452765,0.606152
0.680973,0.307283,0.352844,0.606154
0.610818,0.354017,0.335135,0.610410
0.586556,0.398963,0.442985,0.606185
0.604836,0.443912,0.542957,0.606191
0.628872,0.481489,0.556486,0.588777
0.608770,0.496163,0.452759,0.534666
0.566160,0.489663,0.399868,0.484644
0.542047,0.467300,0.500000,0.500000
0.965480,0.829889,1.000000,1.000000
0.998792,0.779403,0.578283,0.380726
0.998748,0.712237,0.499896,0.341320
0.998709,0.641031,0.499912,0.338247
0.978594,0.572554,0.452731,0.338224
0.915948,0.508550,0.352781,0.348791
0.849145,0.463087,0.347058,0.395726
0.828295,0.434010,0.451003,0.431305
0.809880,0.407085,0.456724,0.436389
0.745628,0.397708,0.349008,0.477847
0.680562,0.409401,0.347094,0.527626
0.657958,0.426913,0.446925,0.539985
0.639515,0.430566,0.456659,0.508628
0.578599,0.420016,0.356849,0.475076
0.513589,0.408648,0.351114,0.474176
0.494400,0.397722,0.454905,0.474189
0.517782,0.386796,0.554948,0.474187
0.547157,0.386237,0.569032,0.498678
0.527524,0.411223,0.500000,0.500000
0.071911,0.061447,0.000000,0.000000
0.051743,0.127352,0.452607,0.655701
0.001154,0.208146,0.381115,0.690876
0.021117,0.288246,0.546913,0.689235
0.083573,0.345237,0.646771,0.634642
0.188634,0.383596,0.746893,0.590622
0.322967,0.420170,0.815683,0.586407
0.432151,0.440733,0.756583,0.548580
0.498843,0.446450,0.656725,0.513507
0.505983,0.428981,0.500000,0.500000
0.153222,0.873700,0.000000,1.000000
0.218062,0.870683,0.652375,0.492871
0.262138,0.845059,0.599595,0.442799
0.324630,0.799718,0.646856,0.392882
0.409589,0.749053,0.699654,0.380303
0.474506,0.698380,0.652556,0.380286
0.496905,0.645677,0.552636,0.375488
0.475050,0.594992,0.448641,0.380257
0.450674,0.542273,0.442925,0.380242
0.470631,0.491576,0.546898,0.380229
0.493057,0.440872,0.552700,0.380213
0.471229,0.389606,0.452692,0.382965
0.446950,0.357311,0.442945,0.423703
0.465250,0.346208,0.543004,0.473770
0.526082,0.356249,0.642955,0.523722
0.590970,0.380739,0.648633,0.555610
0.610000,0.404519,0.544720,0.556180
0.586473,0.428302,0.444713,0.556187
0.560300,0.454112,0.500000,0.500000
0.923663,0.862170,1.000000,1.000000
0.904492,0.845578,0.454948,0.460803
0.907810,0.807809,0.507799,0.410771
0.911288,0.752360,0.508173,0.369001
0.914639,0.698293,0.507873,0.372268
0.897927,0.644219,0.460728,0.372248
0.835453,0.596358,0.353186,0.386928
0.772078,0.571710,0.351068,0.441769
0.731148,0.563742,0.403814,0.481177
0.688594,0.556795,0.403845,0.484217
0.647673,0.550114,0.403836,0.484218
0.606748,0.542770,0.403826,0.482648
0.584236,0.519523,0.447096,0.445079
0.585849,0.490831,0.503790,0.432215
0.089958,0.015614,0.500000,0.500000
0.112809,0.849383,0.553702,1.000000
0.175195,0.818424,0.646606,0.426858
0.263531,0.770032,0.707591,0.385674
0.348501,0.722751,0.699678,0.388299
0.436890,0.673567,0.699724,0.388271
0.501845,0.626268,0.652644,0.388257
0.524276,0.578966,0.552712,0.388250
0.504157,0.541630,0.452720,0.411794
0.478175,0.524921,0.438942,0.460525
0.496443,0.516550,0.542931,0.480224
0.516716,0.500197,0.500000,0.500000
0.105826,0.003516,0.000000,0.000000
0.121426,0.008446,0.536659,0.511649
0.134610,0.028899,0.530981,0.548320
0.193411,0.050963,0.630872,0.550120
0.293368,0.072168,0.734898,0.550099
0.395788,0.093372,0.740686,0.550094
0.457183,0.116108,0.644279,0.553713
0.472807,0.153237,0.536715,0.587718
0.486050,0.210867,0.531121,0.636150
0.544901,0.276960,0.638300,0.656145
0.604787,0.340515,0.640731,0.650149
0.621920,0.406626,0.540708,0.650181
0.594985,0.459374,0.436703,0.624617
0.565646,0.490966,0.431054,0.574636
0.580215,0.501383,0.530923,0.524661
0.597521,0.489814,0.540670,0.472669
0.566422,0.465258,0.500000,0.500000
0.022035,0.007544,0.000000,0.000000
0.001233,0.016725,0.451116,0.521690
0.001119,0.047065,0.499732,0.571679
0.001001,0.100185,0.499732,0.620129
0.000882,0.156973,0.499722,0.634162
0.020844,0.213764,0.546909,0.634168
0.086726,0.272822,0.654822,0.639526
0.193466,0.329600,0.750839,0.634138
0.322714,0.384920,0.803733,0.630694
0.437100,0.424368,0.768808,0.593194
0.503838,0.449126,0.656832,0.558492
0.527928,0.477704,0.500000,0.500000
0.966098,0.053143,1.000000,0.000000
0.999420,0.107172,0.578305,0.627645
0.999424,0.182857,0.500009,0.671679
0.979369,0.258265,0.452871,0.678152
0.916778,0.326723,0.352911,0.661732
0.851723,0.374382,0.347120,0.612595
0.829154,0.404058,0.446965,0.570110
0.810738,0.429531,0.456721,0.560179
0.746473,0.456020,0.356783,0.560175
0.681410,0.473829,0.347102,0.542072
0.658862,0.473270,0.447012,0.498679
0.640421,0.469836,0.460310,0.492199
0.579467,0.466529,0.356759,0.492187
0.514375,0.473889,0.350901,0.515711
0.549854,0.440714,0.500000,0.500000
0.926889,0.895450,1.000000,1.000000
0.911125,0.922886,0.462955,0.564817
0.917835,0.929167,0.515768,0.514839
0.924833,0.913234,0.516444,0.462360
0.931567,0.876311,0.515826,0.412769
0.938582,0.815472,0.515851,0.362795
0.945340,0.741649,0.515880,0.325594
0.952105,0.667261,0.515899,0.324257
0.937377,0.599875,0.468712,0.345934
0.879874,0.556584,0.364867,0.397725
0.819902,0.531017,0.359068,0.439596
0.780896,0.506453,0.411861,0.444201
0.723328,0.482829,0.364715,0.444188
0.643286,0.459199,0.311902,0.444173
0.581763,0.443025,0.358985,0.462282
0.566960,0.445311,0.500000,0.500000
0.931774,0.856645,1.000000,1.000000
0.921117,0.834965,0.474954,0.448779
0.933424,0.789976,0.527808,0.398803
0.945284,0.731389,0.527872,0.361589
0.937110,0.672239,0.480791,0.360257
0.883468,0.610710,0.380785,0.360230
0.788508,0.551530,0.276844,0.360188
0.691065,0.493008,0.271008,0.361742
0.634853,0.448435,0.370986,0.397748
0.604143,0.424185,0.427833,0.442710
0.573441,0.402558,0.427849,0.448906
0.562821,0.394840,0.475043,0.481766
0.576820,0.409241,0.532899,0.534023
0.566678,0.439546,0.500000,0.500000
0.898559,0.047157,1.000000,0.000000
0.821952,0.085117,0.319974,0.589679
0.764017,0.147020,0.367073,0.639680
0.751699,0.216503,0.471053,0.664155
0.741836,0.285990,0.476821,0.664163
0.686444,0.358261,0.376835,0.664174
0.629884,0.420790,0.367082,0.647725
0.616143,0.463777,0.466956,0.598649
0.646367,0.483506,0.571025,0.546609
0.679001,0.482092,0.576690,0.496659
0.667840,0.462654,0.476778,0.455990
0.613676,0.442414,0.372714,0.452183
0.557081,0.422258,0.367002,0.452380
0.089962,0.015612,0.500000,0.500000
0.114466,0.859369,0.553646,1.000000
0.178540,0.859544,0.650573,0.500413
0.265158,0.849714,0.703552,0.476776
0.355277,0.817039,0.703634,0.426783
0.441958,0.764030,0.703701,0.374765
0.510361,0.695604,0.656576,0.344573
0.532757,0.629686,0.552631,0.344270
0.512626,0.563759,0.452691,0.344247
0.490047,0.497824,0.446939,0.344228
0.511735,0.429724,0.550967,0.339113
0.535857,0.378818,0.556687,0.379735
0.517426,0.349086,0.456687,0.429759
0.493312,0.340625,0.443332,0.480011
0.513286,0.354053,0.546939,0.531724
0.535720,0.385421,0.552706,0.571138
0.508400,0.420592,0.500000,0.500000
0.913414,0.883348,1.000000,1.000000
0.926554,0.889615,0.530879,0.514808
0.962207,0.874703,0.583786,0.464769
0.998692,0.836914,0.585745,0.414950
0.998636,0.792172,0.499868,0.394297
0.998585,0.747422,0.499878,0.394279
0.998535,0.700876,0.499884,0.390034
0.998491,0.656113,0.499898,0.394247
0.998452,0.611343,0.499906,0.394233
0.976628,0.564776,0.448714,0.389985
0.912279,0.523942,0.348780,0.403530
0.845529,0.502677,0.343138,0.449762
0.821215,0.496055,0.443066,0.484907
0.801106,0.490212,0.452744,0.486196
0.738415,0.484363,0.352675,0.486183
0.671586,0.478282,0.346999,0.486184
0.650714,0.472440,0.450951,0.486199
0.632284,0.466598,0.456689,0.486199
0.567949,0.460517,0.348812,0.485633
0.502869,0.454670,0.347061,0.486187
0.480446,0.448129,0.500000,0.500000
0.975788,0.015789,1.000000,0.000000
0.999116,0.014396,0.554822,0.496707
0.977373,0.034044,0.452884,0.543626
0.913037,0.074546,0.348811,0.595686
0.846263,0.127806,0.343080,0.625826
0.821963,0.183335,0.442894,0.631186
0.801872,0.236731,0.452786,0.626148
0.739251,0.290128,0.352842,0.626151
0.669069,0.342216,0.335072,0.623057
0.644812,0.372952,0.442996,0.572615
0.663097,0.389484,0.542969,0.539057
0.687125,0.406291,0.556467,0.539705
0.666993,0.422453,0.452689,0.538184
0.600970,0.439082,0.352813,0.537978
0.534175,0.441914,0.343031,0.506691
0.509843,0.434422,0.500000,0.500000
0.115528,0.017086,0.000000,0.000000
0.141342,0.035561,0.560662,0.543649
0.164759,0.075228,0.555029,0.593712
0.234204,0.134438,0.663196,0.639883
0.344386,0.192889,0.758926,0.638091
0.460644,0.253680,0.764692,0.638095
0.529073,0.312153,0.660809,0.638141
0.554958,0.370639,0.560830,0.638174
0.536725,0.431474,0.457152,0.643723
0.515914,0.484308,0.451094,0.624819
0.537588,0.516754,0.550934,0.576655
0.561727,0.538870,0.556533,0.550240
0.541603,0.560105,0.452708,0.550168
0.519038,0.569707,0.446973,0.522684
0.540675,0.557243,0.546893,0.472685
0.564757,0.523836,0.556594,0.421076
0.541331,0.477477,0.500000,0.500000
0.069153,0.809972,0.000000,1.000000
0.065538,0.737523,0.491503,0.328839
0.061823,0.640006,0.491605,0.279202
0.058271,0.538545,0.491653,0.260299
0.074767,0.445458,0.538766,0.280083
0.133848,0.373410,0.638841,0.329787
0.240450,0.320911,0.750513,0.375970
0.346252,0.292007,0.748636,0.431715
0.411184,0.284394,0.648716,0.481709
0.430208,0.298670,0.544708,0.533727
0.446835,0.334129,0.539073,0.583772
0.505978,0.388942,0.638985,0.629495
0.572527,0.449768,0.656390,0.643701
0.593272,0.505279,0.548752,0.631145
0.571463,0.541969,0.448749,0.586679
0.543769,0.557967,0.434919,0.537796
0.560298,0.565684,0.538842,0.518231
0.579280,0.573316,0.544608,0.518031
0.553943,0.567903,0.440459,0.487211
0.526311,0.541083,0.435065,0.436638
0.560176,0.446708,0.500000,0.500000
0.923674,0.838849,1.000000,1.000000
0.904528,0.797691,0.455006,0.402765
0.907858,0.735539,0.507827,0.353164
0.891292,0.662577,0.461068,0.327628
0.832052,0.593080,0.360787,0.335814
0.747050,0.537064,0.307930,0.371745
0.685349,0.503001,0.355004,0.419526
0.646122,0.472609,0.407816,0.428199
0.606910,0.443116,0.407852,0.430323
0.586211,0.428894,0.451357,0.466400
0.589531,0.422204,0.507802,0.484194
0.571258,0.415244,0.460704,0.484189
0.550415,0.408551,0.451018,0.484188
0.572125,0.405823,0.551019,0.493556
0.596296,0.423768,0.556608,0.539766
0.576198,0.460041,0.452768,0.585697
0.553776,0.497478,0.500000,0.500000
0.077058,0.041165,0.000000,0.000000
0.019493,0.082507,0.364721,0.597670
0.002350,0.145017,0.459715,0.647682
0.002230,0.232505,0.499728,0.697741
0.022168,0.329046,0.546854,0.728079
0.084611,0.424746,0.646740,0.726091
0.194717,0.507348,0.746801,0.688642
0.323952,0.565196,0.803703,0.636664
0.433163,0.601885,0.756646,0.586679
0.501611,0.617597,0.656683,0.536699
0.524018,0.611117,0.552656,0.484692
0.503876,0.583471,0.452666,0.434686
0.481317,0.538564,0.447034,0.398056
0.089969,0.015607,0.500000,0.500000
0.960584,0.848495,1.000000,1.000000
1.023131,0.817478,0.646986,0.426722
1.027317,0.762772,0.509842,0.376735
1.027280,0.688579,0.499912,0.324721
1.027253,0.603185,0.499938,0.298256
1.007141,0.523439,0.452735,0.311601
0.941093,0.462149,0.344789,0.355203
0.874398,0.424635,0.343266,0.411372
0.850226,0.395079,0.443195,0.430174
0.826672,0.376016,0.444648,0.454965
0.760611,0.379285,0.344757,0.507723
0.692134,0.401572,0.339080,0.552652
0.666068,0.428066,0.439110,0.560184
0.664291,0.450556,0.495823,0.553133
0.642467,0.454214,0.448715,0.508643
0.574621,0.436714,0.348707,0.460729
0.506115,0.414778,0.339012,0.448175
0.480159,0.397351,0.439003,0.458829
0.498327,0.400346,0.539042,0.505798
0.518662,0.416545,0.500000,0.500000
0.964513,0.044278,1.000000,0.000000
0.999168,0.088972,0.581438,0.605589
0.999169,0.153091,0.500004,0.651481
0.979122,0.220876,0.452889,0.660143
0.913085,0.288821,0.344813,0.660521
0.846321,0.335627,0.343105,0.610578
0.822044,0.361841,0.443133,0.560554
0.801936,0.373890,0.452745,0.528467
0.739277,0.385809,0.352751,0.528158
0.672455,0.398207,0.342969,0.529290
0.651606,0.410136,0.451005,0.528182
0.633146,0.422067,0.456620,0.528186
0.588917,0.434475,0.396061,0.529314
0.566473,0.447841,0.500000,0.500000
0.935669,0.042667,1.000000,0.000000
0.898228,0.085710,0.412014,0.601689
0.859271,0.149962,0.411973,0.645710
0.841886,0.214364,0.459145,0.652149
0.826896,0.278769,0.464773,0.652157
0.769357,0.336208,0.364782,0.635700
0.707896,0.373884,0.359132,0.586583
0.692176,0.388617,0.463058,0.534807
0.678854,0.394618,0.468694,0.514178
0.619823,0.400856,0.361277,0.514737
0.559808,0.406856,0.358965,0.514174
0.543142,0.413583,0.500000,0.500000
0.082360,0.859335,0.000000,1.000000
0.029753,0.839399,0.376372,0.452902
0.001814,0.798263,0.434343,0.402815
0.001586,0.739333,0.499465,0.360780
0.001381,0.681924,0.499518,0.364369
0.021286,0.624498,0.546779,0.364333
0.087095,0.564933,0.654651,0.359276
0.173750,0.520841,0.703639,0.395833
0.263903,0.497429,0.711859,0.444689
0.330507,0.489533,0.656518,0.481346
0.354773,0.481707,0.556835,0.482222
0.374740,0.474180,0.546923,0.482219
0.437285,0.466647,0.646980,0.482202
0.502197,0.459109,0.652544,0.482193
0.524244,0.450370,0.500000,0.500000
0.105817,0.012688,0.000000,0.000000
0.121399,0.023554,0.536617,0.525670
0.134590,0.055598,0.531000,0.575703
0.193426,0.107914,0.630952,0.618632
0.293423,0.160442,0.734993,0.624099
0.395840,0.212972,0.740679,0.624101
0.457230,0.267620,0.644267,0.629106
0.472845,0.320178,0.536694,0.624170
0.486055,0.372742,0.531045,0.624182
0.544880,0.427406,0.638239,0.629142
0.604713,0.469142,0.640607,0.598603
0.621999,0.489711,0.540622,0.548593
0.596747,0.489125,0.440656,0.498615
0.528506,0.433637,0.500000,0.500000
0.109052,0.010021,0.000000,0.000000
0.128039,0.020887,0.544620,0.525669
0.144653,0.052938,0.539044,0.575722
0.203767,0.100477,0.638916,0.612310
0.310426,0.150703,0.750651,0.618659
0.416241,0.198997,0.748664,0.614096
0.479492,0.247308,0.648640,0.614133
0.500180,0.297563,0.548617,0.618729
0.516757,0.345890,0.538956,0.614173
0.579120,0.396121,0.638918,0.614165
0.642415,0.432790,0.648742,0.586630
0.663163,0.448299,0.548759,0.536640
0.639610,0.451956,0.448775,0.508312
0.573542,0.455419,0.344742,0.508181
0.505024,0.458884,0.338981,0.508186
0.090017,0.015581,0.500000,0.500000
0.112815,0.859362,0.553576,1.000000
0.175264,0.856070,0.646753,0.492223
0.260184,0.833550,0.699562,0.446797
0.348540,0.788328,0.707637,0.393163
0.433521,0.738506,0.699705,0.382296
0.498443,0.688678,0.652566,0.382280
0.520828,0.636852,0.552575,0.382271
0.498978,0.587012,0.448651,0.382252
0.474788,0.537165,0.443155,0.382237
0.499961,0.483298,0.500000,0.500000
0.157604,0.001990,0.000000,0.000000
0.227660,0.019624,0.664630,0.541661
0.295332,0.058425,0.659030,0.591666
0.410843,0.112811,0.759016,0.623525
0.525168,0.165329,0.768663,0.624073
0.596997,0.217865,0.668799,0.624116
0.626545,0.272517,0.568763,0.624149
0.611520,0.322912,0.464691,0.619059
0.594120,0.355333,0.459108,0.576594
0.621130,0.366914,0.559020,0.527033
0.650342,0.370373,0.568647,0.508172
0.637052,0.373833,0.468769,0.508175
0.578078,0.377428,0.368738,0.508167
0.518070,0.381352,0.358981,0.509270
0.500619,0.399878,0.458991,0.543767
0.554725,0.471126,0.500000,0.500000
0.075877,0.843260,0.000000,1.000000
0.016448,0.807225,0.360342,0.414866
0.002346,0.747307,0.466879,0.364828
0.002145,0.679738,0.499527,0.340369
0.022073,0.612152,0.546833,0.340329
0.087924,0.541841,0.646782,0.340280
0.174601,0.474521,0.703691,0.340957
0.261302,0.421086,0.703747,0.373761
0.329702,0.387975,0.656550,0.423786
0.352103,0.373229,0.552451,0.466436
0.372099,0.359794,0.546991,0.468259
0.434621,0.357987,0.646926,0.495731
0.504647,0.378567,0.664561,0.548620
0.558906,0.433552,0.500000,0.500000
0.930191,0.869967,1.000000,1.000000
0.917861,0.865213,0.471025,0.488769
0.927985,0.839262,0.523792,0.438691
0.938541,0.789935,0.524806,0.383464
0.948699,0.733334,0.523872,0.366279
0.958864,0.676723,0.523887,0.366258
0.949366,0.617840,0.480524,0.366239
0.896930,0.561210,0.376777,0.366211
0.801950,0.504563,0.276795,0.366171
0.701565,0.445733,0.271160,0.366217
0.648450,0.401637,0.375180,0.395825
0.617737,0.378694,0.427826,0.445797
0.585810,0.377248,0.427857,0.495706
0.575177,0.397461,0.475011,0.547753
0.607098,0.436684,0.575016,0.592665
0.641946,0.477345,0.580738,0.593153
0.632008,0.497072,0.476646,0.546605
0.579563,0.500712,0.376752,0.508600
0.520017,0.503443,0.360067,0.506451
0.505942,0.506074,0.466924,0.506217
0.540709,0.499847,0.500000,0.500000
0.999822,0.004437,1.000000,0.000000
0.999817,0.005800,0.499988,0.503220
0.978091,0.033365,0.452907,0.561618
0.913748,0.076438,0.348792,0.601758
0.847005,0.120509,0.343156,0.604118
0.822695,0.166350,0.442870,0.608299
0.802586,0.210431,0.452744,0.604141
0.739957,0.254512,0.352822,0.604142
0.669802,0.300361,0.335137,0.608317
0.645585,0.344454,0.443089,0.604171
0.663908,0.382877,0.543060,0.590775
0.684576,0.401203,0.548694,0.542628
0.661082,0.406405,0.444789,0.512290
0.595020,0.411557,0.344755,0.512170
0.524658,0.416916,0.339016,0.512174
0.485297,0.442264,0.500000,0.500000
0.960584,0.872227,1.000000,1.000000
0.999154,0.878356,0.590640,0.514481
0.999088,0.863442,0.499846,0.464765
0.999025,0.825467,0.499857,0.414732
0.998972,0.776537,0.499873,0.384401
0.998922,0.727552,0.499884,0.384273
0.998878,0.678559,0.499895,0.384255
0.998835,0.627600,0.499905,0.384239
0.978749,0.578593,0.452797,0.384221
0.916110,0.538752,0.352797,0.405875
0.849340,0.519719,0.347135,0.455768
0.828482,0.513828,0.450984,0.486082
0.810066,0.507987,0.456722,0.486201
0.745797,0.501907,0.356773,0.486188
0.680723,0.496060,0.347077,0.486188
0.658166,0.490221,0.446989,0.486203
0.639698,0.484147,0.456601,0.485651
0.578684,0.478302,0.356617,0.486191
0.515288,0.472457,0.351020,0.486192
0.484112,0.482597,0.500000,0.500000
0.963777,0.831591,1.000000,1.000000
0.998927,0.782794,0.582601,0.384717
0.998883,0.713017,0.499898,0.335151
0.998848,0.632126,0.499920,0.316246
0.978764,0.554335,0.452802,0.316220
0.916143,0.476531,0.352841,0.316186
0.805877,0.400078,0.252837,0.325476
0.696539,0.346603,0.243056,0.373667
0.629708,0.314297,0.342947,0.423675
0.605362,0.303167,0.442788,0.473707
0.605291,0.314052,0.499832,0.525714
0.585142,0.346120,0.452651,0.575761
0.562614,0.397431,0.447104,0.616415
0.584288,0.448306,0.550936,0.620192
0.608421,0.498030,0.556712,0.617473
0.588407,0.532229,0.456774,0.578686
0.565860,0.543506,0.447014,0.526643
0.585806,0.533666,0.546874,0.476753
0.608209,0.514287,0.552647,0.454216
0.586365,0.494129,0.448666,0.452378
0.538507,0.473192,0.500000,0.500000
0.070266,0.000755,0.000000,0.000000
0.048402,0.011617,0.448620,0.525662
0.002551,0.043663,0.392250,0.575710
0.002432,0.094950,0.499732,0.616358
0.002314,0.145811,0.499721,0.620159
0.022276,0.196674,0.546911,0.620164
0.088125,0.249568,0.646777,0.620155
0.194867,0.300417,0.750845,0.620132
0.324119,0.351260,0.803740,0.620116
0.433331,0.402112,0.756649,0.620139
0.501790,0.455017,0.656706,0.620179
0.524028,0.499399,0.500000,0.500000
0.966105,0.047157,1.000000,0.000000
0.999412,0.084273,0.578272,0.587687
0.999412,0.145289,0.499999,0.637666
0.979306,0.213921,0.452751,0.662143
0.916710,0.282555,0.352898,0.662146
0.851687,0.348640,0.347195,0.656127
0.829166,0.397758,0.447075,0.616041
0.810707,0.423399,0.456622,0.560578
0.749765,0.427894,0.356786,0.510618
0.684748,0.412269,0.351075,0.464838
0.665603,0.393721,0.455010,0.456181
0.648867,0.377330,0.460671,0.461277
0.589608,0.378907,0.360740,0.503725
0.522967,0.395334,0.347441,0.537282
0.554060,0.485189,0.500000,0.500000
0.084055,0.853425,0.000000,1.000000
0.033178,0.826727,0.380440,0.436926
0.000391,0.783897,0.422951,0.398814
0.000160,0.738292,0.499456,0.392258
-0.000052,0.694430,0.499502,0.396375
0.019810,0.650554,0.546676,0.396345
0.085633,0.604988,0.654684,0.392350
0.172277,0.573597,0.703613,0.425838
0.258952,0.563366,0.703686,0.475829
0.328971,0.563471,0.664544,0.500248
0.353018,0.563576,0.556511,0.500248
0.374676,0.563680,0.550897,0.500247
0.442364,0.563781,0.650934,0.500229
0.510678,0.563874,0.660540,0.500221
0.536549,0.554008,0.560796,0.476691
0.518243,0.521460,0.460629,0.426856
0.535242,0.502726,0.500000,0.500000
0.157613,0.001584,0.000000,0.000000
0.227677,0.011604,0.664651,0.523673
0.295375,0.042799,0.659089,0.573696
0.385510,0.095116,0.711817,0.623600
0.459167,0.160316,0.673094,0.654034
0.486742,0.223024,0.564802,0.648147
0.511915,0.285737,0.559156,0.648160
0.583206,0.350953,0.667534,0.654073
0.654979,0.412500,0.668668,0.645406
0.684221,0.457625,0.568717,0.606608
0.669478,0.482106,0.468700,0.556619
0.611922,0.484071,0.364744,0.504642
0.551927,0.469917,0.359010,0.466561
0.535610,0.452341,0.500000,0.500000
0.124135,0.840396,0.000000,1.000000
0.158326,0.800961,0.580350,0.406834
0.170547,0.738163,0.527614,0.357947
0.202396,0.671422,0.574844,0.342324
0.276831,0.604659,0.674923,0.342273
0.355854,0.535212,0.680574,0.342242
0.388485,0.476089,0.576681,0.360322
0.378520,0.437915,0.476584,0.409814
0.366576,0.419487,0.470999,0.457655
0.398450,0.407541,0.574905,0.471778
0.472877,0.410811,0.674903,0.507725
0.551933,0.436355,0.680649,0.557299
0.584632,0.468606,0.576841,0.576194
0.574698,0.500864,0.476656,0.576208
0.562764,0.529358,0.471955,0.567317
0.594686,0.536392,0.575017,0.516618
0.629013,0.522286,0.580669,0.466674
0.619590,0.492817,0.477856,0.430379
0.567097,0.464115,0.376642,0.432192
0.512242,0.439906,0.371090,0.442807
0.501855,0.434293,0.500000,0.500000
0.987243,0.020609,1.000000,0.000000
0.999432,0.021954,0.528643,0.503179
0.979356,0.041284,0.452823,0.545667
0.913326,0.082957,0.352791,0.594127
0.846575,0.128722,0.343136,0.608120
0.822342,0.174494,0.443052,0.608136
0.800505,0.220269,0.448683,0.608143
0.732707,0.267875,0.348800,0.608144
0.664255,0.313655,0.339138,0.608154
0.638283,0.359442,0.438965,0.608174
0.656451,0.407065,0.539059,0.608180
0.677172,0.449879,0.548695,0.601148
0.653586,0.474363,0.448718,0.556627
0.607578,0.476330,0.391882,0.504646
0.581619,0.459293,0.438996,0.459750
0.599761,0.438250,0.538979,0.452198
0.620430,0.418013,0.548571,0.452191
0.598598,0.404068,0.448695,0.467054
0.554293,0.410735,0.395884,0.515751
0.528185,0.435008,0.500000,0.500000
0.963827,0.878589,1.000000,1.000000
0.998601,0.890719,0.581720,0.528656
0.998534,0.881725,0.499841,0.478753
0.998468,0.849922,0.499850,0.428762
0.998411,0.800302,0.499868,0.382772
0.998361,0.747934,0.499881,0.376281
0.998313,0.693463,0.499888,0.371312
0.998272,0.641079,0.499904,0.376243
0.978169,0.588687,0.452757,0.376225
0.915504,0.545474,0.352738,0.397907
0.845347,0.522919,0.335131,0.446715
0.821110,0.513642,0.443043,0.478082
0.799221,0.504414,0.448561,0.478201
0.731411,0.494811,0.348772,0.478185
0.662933,0.485577,0.339076,0.478185
0.637021,0.476350,0.439107,0.478201
0.611650,0.466753,0.444665,0.478199
0.558210,0.456415,0.500000,0.500000
0.885291,0.015062,1.000000,0.000000
0.795075,0.026761,0.287991,0.527639
0.724905,0.059164,0.335101,0.576553
0.697038,0.099721,0.434513,0.595815
0.713673,0.138717,0.539092,0.592127
0.732699,0.177714,0.544712,0.592131
0.709211,0.216717,0.444802,0.592145
0.659705,0.257283,0.383661,0.595836
0.632093,0.296293,0.435112,0.592161
0.646989,0.335304,0.535006,0.592165
0.664129,0.375880,0.540725,0.592172
0.637232,0.409845,0.436791,0.580242
0.607952,0.423625,0.431192,0.532557
0.622558,0.424716,0.531009,0.502490
0.639866,0.425642,0.540675,0.502188
0.614672,0.426568,0.440794,0.502187
0.566954,0.427492,0.387863,0.502184
0.536956,0.428568,0.500000,0.500000
0.112826,0.850179,0.000000,1.000000
0.135039,0.820031,0.552200,0.428775
0.154964,0.768904,0.546825,0.379213
0.220812,0.707417,0.654742,0.354737
0.307475,0.648274,0.703657,0.360275
0.375879,0.586758,0.656560,0.360258
0.398301,0.527603,0.552691,0.360247
0.418306,0.468441,0.547012,0.360229
0.484259,0.411975,0.647017,0.370842
0.550904,0.378015,0.656617,0.419769
0.575071,0.365193,0.556790,0.469708
0.554996,0.374342,0.456631,0.519788
0.532479,0.403250,0.447084,0.568295
0.557738,0.440318,0.500000,0.500000
0.117701,0.053454,0.000000,0.000000
0.102663,0.109205,0.464661,0.631713
0.085230,0.185244,0.459033,0.679642
0.112176,0.269842,0.558894,0.692175
0.181517,0.351183,0.662951,0.692168
0.293382,0.422535,0.762883,0.668570
0.414698,0.474278,0.776121,0.618545
0.488210,0.502500,0.672754,0.566676
0.519104,0.510994,0.572602,0.520065
0.506124,0.515493,0.469495,0.510629
0.490386,0.513529,0.463016,0.495362
0.566662,0.449681,0.500000,0.500000
0.938911,0.017543,1.000000,0.000000
0.904873,0.031798,0.420011,0.533678
0.870817,0.067220,0.419969,0.583684
0.835397,0.114819,0.416761,0.612453
0.821445,0.160590,0.467214,0.608134
0.809831,0.206364,0.472707,0.608140
0.752616,0.253970,0.372727,0.608145
0.694396,0.296282,0.363185,0.599963
0.678665,0.319390,0.463030,0.554593
0.667260,0.327941,0.473199,0.520201
0.613104,0.335627,0.372733,0.518158
0.556541,0.343314,0.367077,0.518162
0.542501,0.352806,0.467008,0.522425
0.573014,0.380405,0.571705,0.565202
0.605566,0.412650,0.576497,0.576180
0.595665,0.441456,0.476732,0.568053
0.580359,0.451464,0.464031,0.523645
0.608869,0.454087,0.566998,0.506195
0.639774,0.456708,0.572627,0.506193
0.626848,0.453154,0.469624,0.491604
0.570979,0.429226,0.368708,0.443471
0.512713,0.410499,0.363075,0.455757
0.498379,0.415292,0.500000,0.500000
0.984013,0.047589,1.000000,0.000000
0.998038,0.095698,0.532958,0.613658
0.976283,0.164740,0.452857,0.656626
0.911953,0.233371,0.356787,0.655656
0.845187,0.294348,0.343099,0.644058
0.820907,0.334412,0.442943,0.594650
0.800715,0.363590,0.452548,0.568932
0.738048,0.391594,0.352733,0.566161
0.672990,0.419603,0.347113,0.566170
0.650409,0.448741,0.446936,0.568839
0.652033,0.475302,0.503815,0.562750
0.633618,0.484890,0.456726,0.522653
0.572620,0.484125,0.356654,0.498192
0.504171,0.483330,0.339146,0.498122
0.481762,0.482483,0.500000,0.500000
0.965443,0.857677,1.000000,1.000000
0.998756,0.855498,0.578284,0.494852
0.998693,0.836337,0.499852,0.454734
0.998634,0.794259,0.499866,0.405139
0.998583,0.746124,0.499880,0.386280
0.998536,0.697981,0.499890,0.386262
0.998492,0.647905,0.499896,0.381695
0.978386,0.599747,0.452753,0.386228
0.915740,0.551578,0.352780,0.386201
0.845582,0.501476,0.335129,0.381634
0.821355,0.453304,0.443067,0.386193
0.799503,0.414317,0.448646,0.407892
0.735151,0.396420,0.348773,0.457720
0.663196,0.399590,0.330907,0.507488
0.637257,0.408979,0.439042,0.522182
0.633776,0.418370,0.491819,0.522187
0.610241,0.427761,0.444694,0.522187
0.554970,0.438655,0.500000,0.500000
0.027143,0.861287,0.000000,1.000000
0.000748,0.843039,0.437973,0.456889
0.000506,0.805782,0.499431,0.411979
0.000267,0.763705,0.499439,0.400595
0.000048,0.723236,0.499484,0.404392
0.019988,0.682754,0.546859,0.404361
0.085846,0.640632,0.654767,0.400486
0.172488,0.600111,0.703609,0.404270
0.262635,0.557959,0.703697,0.404246
0.329247,0.517423,0.656537,0.404234
0.353316,0.476885,0.556562,0.404229
0.375017,0.436342,0.550998,0.404216
0.442717,0.396718,0.650963,0.409273
0.511051,0.377143,0.660586,0.453754
0.536889,0.378726,0.560719,0.503739
0.518598,0.401047,0.460681,0.550325
0.498150,0.429583,0.500000,0.500000
0.119281,0.880944,0.000000,1.000000
0.148356,0.885562,0.568324,0.510911
0.154968,0.869014,0.515540,0.460905
0.181923,0.829792,0.563345,0.407338
0.251196,0.785073,0.662790,0.394351
0.346625,0.738543,0.715630,0.394302
0.438420,0.693791,0.715719,0.394273
0.510164,0.649033,0.668599,0.394260
0.539653,0.602483,0.568628,0.394255
0.524634,0.557717,0.464704,0.394240
0.507208,0.512945,0.459049,0.394227
0.554389,0.419046,0.500000,0.500000
0.075391,0.053535,0.000000,0.000000
0.016083,0.110140,0.360626,0.633731
0.001690,0.187738,0.466177,0.683323
0.021650,0.276741,0.546905,0.710272
0.084130,0.361661,0.646828,0.700622
0.189158,0.431341,0.746816,0.664618
0.323486,0.481348,0.815671,0.618143
0.432681,0.507853,0.756608,0.562618
0.499340,0.513202,0.656648,0.512636
0.473982,0.438124,0.500000,0.500000
0.960568,0.836439,1.000000,1.000000
0.999145,0.792727,0.590657,0.396730
0.999099,0.729309,0.499891,0.350176
0.999058,0.658986,0.499904,0.333862
0.978967,0.591358,0.452787,0.340229
0.916346,0.523717,0.352841,0.340197
0.846215,0.457319,0.335192,0.343135
0.821932,0.413167,0.442933,0.395692
0.798341,0.388261,0.448685,0.442993
0.732237,0.368855,0.344657,0.454153
0.663812,0.357135,0.339201,0.472312
0.637687,0.363682,0.438951,0.514661
0.635911,0.372222,0.495827,0.520176
0.614117,0.384204,0.448784,0.528307
0.589781,0.415647,0.443017,0.570995
0.609735,0.450437,0.546892,0.582192
0.632157,0.482250,0.552691,0.575158
0.610359,0.495305,0.452761,0.530665
0.566048,0.486269,0.395870,0.478652
0.541684,0.464558,0.500000,0.500000
0.116092,0.835102,0.000000,1.000000
0.141763,0.789736,0.560328,0.392824
0.165049,0.724990,0.554722,0.347037
0.234435,0.653808,0.663057,0.331831
0.324516,0.585344,0.711690,0.338254
0.394573,0.518324,0.664633,0.341666
0.422309,0.466723,0.565182,0.378093
0.405618,0.430287,0.460775,0.413919
0.386442,0.394282,0.454936,0.414940
0.411638,0.371726,0.559212,0.446709
0.479287,0.371619,0.658975,0.499749
0.551291,0.389461,0.664696,0.540383
0.577107,0.408162,0.560667,0.544182
0.480111,0.432220,0.500000,0.500000
0.119246,0.845237,0.000000,1.000000
0.148351,0.810898,0.568395,0.418874
0.155260,0.756173,0.515612,0.375899
0.181946,0.701291,0.562713,0.370341
0.251201,0.646388,0.662749,0.370291
0.346654,0.589269,0.715685,0.370248
0.418385,0.535015,0.668568,0.371823
0.447622,0.495974,0.568707,0.407767
0.432858,0.467849,0.465304,0.433555
0.415408,0.440848,0.458992,0.436209
0.440479,0.420798,0.558918,0.452632
0.471578,0.422000,0.573082,0.502842
0.458272,0.437086,0.468731,0.535639
0.442762,0.453023,0.462941,0.536204
0.477501,0.470187,0.500000,0.500000
0.999109,0.035888,1.000000,0.000000
0.999101,0.052620,0.499983,0.539528
0.979043,0.086333,0.452862,0.579649
0.913055,0.143188,0.344928,0.634318
0.846278,0.204199,0.343074,0.644138
0.822044,0.265216,0.443049,0.644155
0.801854,0.328679,0.452555,0.649931
0.739220,0.389703,0.352809,0.644169
0.674115,0.448591,0.347003,0.639122
0.651516,0.490704,0.446893,0.599491
0.653144,0.509607,0.503825,0.544660
0.633107,0.509374,0.456740,0.499760
0.570413,0.506071,0.352668,0.492198
0.505361,0.502770,0.347129,0.492201
0.482781,0.499476,0.446938,0.492217
0.509891,0.495653,0.500000,0.500000
0.159168,0.015343,0.000000,0.000000
0.230951,0.024500,0.668689,0.521635
0.282227,0.056476,0.615866,0.571628
0.351582,0.107362,0.662985,0.620218
0.423379,0.162436,0.668722,0.630113
0.452946,0.219728,0.568807,0.630146
0.478096,0.274821,0.559103,0.630158
0.545706,0.329909,0.658886,0.630145
0.621107,0.387203,0.677192,0.635357
0.650350,0.442308,0.568719,0.630185
0.635660,0.499626,0.465481,0.635413
0.618240,0.545564,0.459062,0.608529
0.645228,0.570941,0.558968,0.558655
0.674424,0.573759,0.568610,0.506656
0.661121,0.555420,0.468737,0.456676
0.605282,0.524312,0.368779,0.426508
0.542192,0.491824,0.351740,0.423248
0.490928,0.423795,0.500000,0.500000
0.154831,0.871333,0.000000,1.000000
0.221366,0.871697,0.656356,0.500860
0.265448,0.850884,0.603594,0.450830
0.331320,0.806804,0.654798,0.395860
0.417994,0.747828,0.703683,0.360671
0.484661,0.687841,0.656668,0.358281
0.508878,0.625450,0.556720,0.358270
0.488767,0.565449,0.452739,0.358248
0.466191,0.505441,0.446946,0.358231
0.487822,0.443027,0.550833,0.352547
0.511942,0.384462,0.556683,0.361640
0.491899,0.341651,0.456706,0.401751
0.469378,0.322075,0.447076,0.453752
0.489351,0.323649,0.546936,0.503720
0.511745,0.346397,0.552625,0.553741
0.489931,0.388557,0.448738,0.599602
0.465670,0.430968,0.442987,0.600196
0.508738,0.413836,0.500000,0.500000
0.113903,0.049839,0.000000,0.000000
0.137978,0.084707,0.556577,0.582376
0.159647,0.137056,0.550922,0.623674
0.227293,0.212158,0.658969,0.677429
0.335777,0.288396,0.754937,0.680110
0.450260,0.367687,0.760701,0.680121
0.516962,0.437661,0.656749,0.665313
0.541130,0.487051,0.556794,0.616684
0.521074,0.515951,0.456695,0.566656
0.498519,0.522148,0.446998,0.514642
0.523744,0.503971,0.500000,0.500000
0.999735,0.826645,1.000000,1.000000
0.999682,0.773612,0.499876,0.374711
0.999641,0.700070,0.499903,0.326257
0.999608,0.617417,0.499924,0.312242
0.979539,0.544882,0.452840,0.328636
0.916907,0.493133,0.352814,0.377744
0.850110,0.461751,0.347071,0.427713
0.829223,0.449220,0.450917,0.470396
0.810796,0.438293,0.456695,0.474184
0.746559,0.426921,0.349043,0.473135
0.681467,0.415987,0.347034,0.474167
0.658891,0.405059,0.446946,0.474182
0.637086,0.393693,0.452725,0.474181
0.572744,0.383231,0.348796,0.475285
0.505926,0.387311,0.342977,0.509639
0.481542,0.401481,0.442884,0.532188
0.506758,0.416741,0.500000,0.500000
0.157558,0.040495,0.000000,0.000000
0.227638,0.084360,0.664687,0.603631
0.298882,0.152352,0.658989,0.653587
0.410794,0.226887,0.762993,0.676088
0.525107,0.301425,0.768637,0.676097
0.598914,0.378968,0.673447,0.683197
0.626475,0.453546,0.564768,0.676191
0.611472,0.517315,0.464742,0.650652
0.590826,0.561202,0.451482,0.603684
0.614186,0.581812,0.554895,0.548692
0.639989,0.581339,0.560639,0.498882
0.621732,0.571756,0.460762,0.478231
0.560759,0.562536,0.356713,0.478217
0.497378,0.553316,0.351055,0.478218
0.476559,0.543733,0.450944,0.478232
0.499932,0.532736,0.554928,0.474018
0.525960,0.500290,0.500000,0.500000
0.969314,0.001425,1.000000,0.000000
0.999113,0.018193,0.570027,0.539615
0.977372,0.057915,0.452869,0.589437
0.913061,0.104524,0.348870,0.610114
0.846301,0.151137,0.343113,0.610123
0.822066,0.197756,0.443049,0.610139
0.801886,0.246244,0.452578,0.614553
0.739238,0.288376,0.352776,0.599536
0.674161,0.310640,0.347071,0.552598
0.651607,0.312235,0.447041,0.504161
0.653241,0.308071,0.503841,0.490163
0.634849,0.313070,0.456780,0.511812
0.592324,0.336728,0.403911,0.553565
0.571464,0.361353,0.450979,0.558175
0.593121,0.385978,0.550895,0.558178
0.620676,0.411590,0.564753,0.560508
0.604009,0.436221,0.460834,0.558190
0.584853,0.460855,0.454982,0.558198
0.610015,0.486476,0.559132,0.560529
0.637548,0.511113,0.564702,0.558206
0.622551,0.525781,0.464756,0.534654
0.561826,0.518599,0.357297,0.483033
0.500094,0.499261,0.354930,0.454312
0.090025,0.015576,0.500000,0.500000
0.112345,0.018940,0.552453,0.507947
0.174876,0.034050,0.646947,0.535698
0.279947,0.070298,0.746919,0.585637
0.390888,0.130266,0.752675,0.635429
0.454205,0.196350,0.648795,0.656122
0.474952,0.262448,0.548756,0.656158
0.494893,0.331197,0.543067,0.656172
0.557457,0.397272,0.647026,0.656103
0.622386,0.451695,0.652585,0.628573
0.644790,0.485848,0.552634,0.578589
0.622961,0.497123,0.448702,0.526636
0.578651,0.487714,0.395872,0.477772
0.549261,0.422696,0.500000,0.500000
0.937308,0.065987,1.000000,0.000000
0.901575,0.133411,0.416027,0.659290
0.885883,0.208820,0.463125,0.678152
0.874535,0.287248,0.473331,0.685287
0.820430,0.351850,0.372854,0.652623
0.763894,0.395274,0.367141,0.602587
0.750176,0.417999,0.467007,0.552621
0.740262,0.422211,0.476702,0.509953
0.687808,0.424825,0.376733,0.506175
0.631600,0.427544,0.370978,0.506177
0.620975,0.430165,0.475031,0.506191
0.612732,0.432786,0.480630,0.506192
0.564594,0.441693,0.500000,0.500000
0.032006,0.812324,0.000000,1.000000
0.000316,0.744968,0.425528,0.340871
0.000125,0.659872,0.499553,0.298960
-0.000055,0.569993,0.499576,0.287661
0.019885,0.498832,0.546860,0.331882
0.082370,0.448814,0.646840,0.381833
0.172416,0.419213,0.711608,0.430066
0.259110,0.411666,0.703731,0.482170
0.327531,0.409989,0.656598,0.496191
0.349928,0.408381,0.552633,0.496200
0.369902,0.406772,0.546939,0.496199
0.432436,0.405156,0.646954,0.496184
0.502422,0.403473,0.664469,0.496023
0.526571,0.401859,0.556750,0.496187
0.508117,0.400245,0.456632,0.496187
0.487333,0.398567,0.451045,0.496187
0.510748,0.399513,0.555026,0.502236
0.513421,0.463336,0.500000,0.500000
0.106380,0.855798,0.000000,1.000000
0.121786,0.831594,0.536203,0.442817
0.114794,0.786897,0.483569,0.394405
0.129308,0.734235,0.530805,0.380371
0.186637,0.683577,0.634723,0.380321
0.266484,0.632900,0.687640,0.380277
0.326306,0.582217,0.640581,0.380261
0.343402,0.529502,0.540626,0.380251
0.356578,0.478808,0.530964,0.380234
0.412311,0.428188,0.630972,0.380410
0.471872,0.388907,0.636596,0.409761
0.485781,0.372719,0.532686,0.461756
0.457171,0.377677,0.432764,0.511712
0.425768,0.397633,0.427053,0.545299
0.438920,0.417186,0.530905,0.546195
0.494661,0.436735,0.630991,0.546185
0.554252,0.457067,0.640039,0.548033
0.508825,0.429672,0.500000,0.500000
0.117657,0.838929,0.000000,1.000000
0.145046,0.796959,0.564365,0.400847
0.149992,0.738301,0.511623,0.361420
0.175195,0.675937,0.559227,0.352665
0.242753,0.615951,0.658760,0.358283
0.336440,0.553546,0.711695,0.358241
0.406524,0.494687,0.664698,0.360946
0.434037,0.452269,0.564655,0.399787
0.419006,0.430980,0.464677,0.449705
0.398386,0.418827,0.451542,0.471289
0.421744,0.419567,0.554893,0.501748
0.491199,0.442123,0.654947,0.550642
0.561253,0.469464,0.664626,0.564592
0.588790,0.481587,0.564712,0.528642
0.572273,0.480924,0.464691,0.498505
0.495814,0.432942,0.500000,0.500000
0.123606,0.045330,0.000000,0.000000
0.157924,0.094287,0.580648,0.615662
0.189795,0.160469,0.574896,0.656354
0.264204,0.228249,0.674862,0.660130
0.386773,0.298728,0.788036,0.666507
0.507909,0.366499,0.784671,0.660109
0.586525,0.432840,0.684747,0.656730
0.623134,0.483741,0.586032,0.620253
0.614956,0.511119,0.480781,0.564681
0.564191,0.517318,0.380704,0.514647
0.509732,0.508284,0.374948,0.479528
0.502505,0.497958,0.500000,0.500000
0.130602,0.847063,0.000000,1.000000
0.171609,0.815252,0.596366,0.424847
0.190175,0.762936,0.543630,0.376403
0.228796,0.704663,0.590758,0.362332
0.314100,0.644036,0.700465,0.356768
0.399474,0.585727,0.700629,0.362245
0.443131,0.525083,0.600642,0.362240
0.441729,0.466766,0.496705,0.362225
0.437861,0.416090,0.490911,0.380278
0.478988,0.385605,0.596649,0.427979
0.521810,0.377875,0.600631,0.481739
0.522115,0.386258,0.500717,0.519804
0.517394,0.396025,0.488906,0.523074
0.556098,0.405414,0.590955,0.522181
0.597241,0.414802,0.596686,0.522180
0.594928,0.424570,0.496770,0.522189
0.540928,0.435087,0.500000,0.500000
0.901393,0.038656,1.000000,0.000000
0.870725,0.077474,0.427929,0.591708
0.840074,0.135979,0.427970,0.638218
0.828228,0.201194,0.472162,0.654072
0.820046,0.263905,0.480774,0.648154
0.769344,0.326530,0.380849,0.647952
0.711554,0.378300,0.364194,0.622306
0.699180,0.406516,0.470920,0.566661
0.687957,0.413386,0.476653,0.516613
0.633833,0.398724,0.372807,0.465361
0.577219,0.376784,0.366957,0.448168
0.563476,0.362370,0.466950,0.466278
0.573608,0.369869,0.523811,0.517718
0.563698,0.397880,0.476712,0.566174
0.553365,0.437255,0.500000,0.500000
0.946992,0.060558,1.000000,0.000000
0.921464,0.122232,0.440009,0.645704
0.875891,0.202086,0.392903,0.688655
0.823448,0.287560,0.376759,0.701933
0.816228,0.369751,0.483034,0.694178
0.811444,0.449802,0.488758,0.689120
0.761355,0.513923,0.382289,0.651485
0.709865,0.553990,0.378999,0.594658
0.700913,0.572896,0.478963,0.544665
0.698942,0.569550,0.495368,0.492095
0.653283,0.544426,0.392703,0.440646
0.580735,0.507536,0.329511,0.412847
0.530950,0.472065,0.383007,0.416201
0.525642,0.432340,0.500000,0.500000
0.131711,0.001585,0.000000,0.000000
0.174518,0.012456,0.600595,0.525682
0.214904,0.044478,0.594907,0.575651
0.302062,0.099340,0.694949,0.624089
0.389183,0.157795,0.704733,0.638101
0.433788,0.216267,0.604822,0.638139
0.435035,0.277090,0.504818,0.638167
0.432927,0.335579,0.495044,0.638180
0.473334,0.394067,0.594957,0.638178
0.520353,0.454899,0.610494,0.643716
0.522384,0.513403,0.504773,0.638215
0.522803,0.568607,0.498954,0.626312
0.566573,0.601075,0.602859,0.576704
0.612804,0.612375,0.608643,0.526697
0.615775,0.601676,0.506983,0.474723
0.575236,0.578197,0.404733,0.444532
0.532251,0.554590,0.398984,0.444227
0.532632,0.530038,0.500896,0.441997
0.536322,0.506428,0.508673,0.444220
0.089993,0.015594,0.500000,0.500000
0.970971,0.022583,1.000000,0.516512
1.033620,0.040229,0.647227,0.541689
1.037858,0.081020,0.509958,0.591663
1.017805,0.138398,0.452877,0.635555
0.955214,0.197711,0.352909,0.640128
0.888443,0.259403,0.343089,0.645746
0.867612,0.318730,0.451048,0.640160
0.849193,0.378061,0.456716,0.640170
0.784957,0.439458,0.349044,0.645051
0.719883,0.484591,0.347076,0.606625
0.697267,0.509104,0.446899,0.556685
0.678872,0.511097,0.456771,0.504708
0.617912,0.494883,0.356744,0.461694
0.552883,0.475598,0.351070,0.456192
0.534263,0.454836,0.500000,0.500000
0.968679,0.830795,1.000000,1.000000
0.998153,0.781164,0.569264,0.382747
0.998108,0.717313,0.499893,0.349151
0.998067,0.650510,0.499904,0.342179
0.977976,0.586268,0.452785,0.348227
0.915362,0.522012,0.352858,0.348195
0.845206,0.455178,0.335132,0.342105
0.820978,0.395399,0.443066,0.358772
0.799139,0.355487,0.448677,0.405709
0.731325,0.336432,0.340639,0.454981
0.662816,0.339678,0.339003,0.507668
0.636650,0.365505,0.438875,0.557671
0.654929,0.404290,0.542955,0.591629
0.675622,0.444872,0.548755,0.592186
0.652125,0.478242,0.444781,0.578838
0.606117,0.491224,0.391881,0.530669
0.580121,0.483044,0.438911,0.480676
0.598236,0.458363,0.542569,0.441692
0.618946,0.433896,0.548669,0.442195
0.595384,0.412920,0.448754,0.451497
0.543853,0.414212,0.500000,0.500000
0.876757,0.861356,1.000000,1.000000
0.808225,0.843910,0.338949,0.458783
0.782039,0.803325,0.438831,0.408806
0.760155,0.744462,0.448573,0.360935
0.695791,0.681926,0.348743,0.352261
0.605454,0.616876,0.295876,0.352230
0.538623,0.554326,0.342945,0.352224
0.514361,0.491775,0.442986,0.352224
0.534247,0.426717,0.546732,0.346301
0.556647,0.365610,0.552640,0.355635
0.534850,0.320151,0.452743,0.395734
0.510575,0.298011,0.442952,0.447695
0.528860,0.297047,0.542971,0.497724
0.549547,0.318487,0.548739,0.547704
0.526031,0.355658,0.444738,0.587816
0.500091,0.393831,0.439042,0.590186
0.523200,0.436660,0.500000,0.500000
0.155959,0.054272,0.000000,0.000000
0.224337,0.112530,0.660689,0.637634
0.290282,0.191651,0.654970,0.686925
0.403995,0.281499,0.767225,0.712265
0.516630,0.367897,0.764694,0.704114
0.586792,0.447372,0.664879,0.687760
0.614575,0.507974,0.565292,0.643173
0.597841,0.544647,0.460673,0.586640
0.578771,0.560370,0.454894,0.536728
0.603831,0.553889,0.558892,0.484688
0.631357,0.536209,0.564686,0.458231
0.614875,0.517815,0.464753,0.458216
0.555619,0.500122,0.360747,0.458200
0.493938,0.482428,0.355052,0.458198
0.483010,0.463135,0.500000,0.500000
0.979108,0.030624,1.000000,0.000000
0.997978,0.054173,0.544346,0.555634
0.977896,0.098823,0.452807,0.605486
0.911916,0.154344,0.344946,0.631168
0.845153,0.207734,0.343108,0.626133
0.820847,0.263267,0.443084,0.626151
0.800775,0.309725,0.452829,0.609758
0.738137,0.335376,0.352802,0.560600
0.667957,0.343045,0.335077,0.518116
0.643682,0.348195,0.442954,0.512168
0.641838,0.364360,0.495832,0.535713
0.620030,0.400044,0.448750,0.584302
0.595772,0.438127,0.442996,0.589972
0.614063,0.458710,0.542984,0.548626
0.634727,0.466073,0.548686,0.516747
0.611214,0.472929,0.444744,0.516199
0.557836,0.480883,0.500000,0.500000
0.028504,0.034090,0.000000,0.000000
0.001311,0.071196,0.436097,0.587663
0.001195,0.126932,0.499728,0.631676
0.021121,0.187752,0.546825,0.643689
0.083581,0.246230,0.646780,0.638154
0.188612,0.304699,0.746824,0.638133
0.322948,0.364607,0.815690,0.641532
0.432191,0.406352,0.756721,0.598623
0.498869,0.426931,0.656694,0.548618
0.089977,0.015603,0.500000,0.500000
0.970971,0.025372,1.000000,0.523081
1.033588,0.048928,0.647150,0.555650
1.037826,0.095697,0.509960,0.610492
1.037826,0.149082,0.499999,0.626123
1.017751,0.202471,0.452824,0.626131
0.951749,0.257996,0.344894,0.631177
0.885016,0.311390,0.343178,0.626143
0.860766,0.364764,0.443014,0.626096
0.837172,0.407727,0.448678,0.598593
0.771126,0.427458,0.344791,0.546615
0.702655,0.430505,0.339094,0.507198
0.676544,0.432348,0.439005,0.504186
0.654698,0.434120,0.448661,0.504188
0.590353,0.435888,0.348789,0.504177
0.518388,0.437728,0.330882,0.504346
0.550277,0.470407,0.500000,0.500000
0.075914,0.833295,0.000000,1.000000
0.016499,0.785407,0.360375,0.386865
0.002403,0.723116,0.466895,0.358502
0.002203,0.663162,0.499529,0.358359
0.022070,0.604984,0.546688,0.362554
0.087908,0.563101,0.646754,0.403851
0.174556,0.538095,0.703622,0.440924
0.261239,0.513641,0.703705,0.442226
0.327868,0.489184,0.656579,0.442221
0.352068,0.463749,0.556871,0.439910
0.372039,0.445574,0.546930,0.457063
0.437918,0.445096,0.646864,0.498704
0.504602,0.446868,0.656708,0.504186
0.528789,0.448859,0.500000,0.500000
0.109573,0.854007,0.000000,1.000000
0.128454,0.828141,0.544369,0.438892
0.144909,0.781103,0.538671,0.388873
0.207185,0.721381,0.646348,0.358907
0.290438,0.663936,0.695644,0.364285
0.355321,0.604184,0.648607,0.364267
0.374290,0.546726,0.544576,0.364255
0.390900,0.493764,0.539033,0.374876
0.450010,0.460650,0.638908,0.421768
0.516504,0.441691,0.656263,0.455210
0.536599,0.421165,0.500000,0.500000
0.104208,0.011558,0.000000,0.000000
0.118114,0.024959,0.532677,0.531660
0.129560,0.059522,0.526899,0.581654
0.186608,0.114950,0.626910,0.625664
0.284850,0.170866,0.730871,0.632101
0.385546,0.226783,0.736635,0.632105
0.445164,0.284955,0.636709,0.632145
0.459108,0.340903,0.532768,0.632175
0.470580,0.396550,0.526958,0.631468
0.527645,0.439526,0.626949,0.598623
0.585778,0.460417,0.636613,0.549355
0.601377,0.476587,0.536658,0.538201
0.572494,0.493405,0.436752,0.538205
0.541447,0.506121,0.427038,0.530041
0.552908,0.499626,0.526934,0.484655
0.565077,0.478175,0.500000,0.500000
0.905829,0.830720,1.000000,1.000000
0.867960,0.781094,0.411009,0.382758
0.852569,0.710295,0.463831,0.332739
0.816533,0.625884,0.415314,0.300578
0.738587,0.544701,0.316829,0.308206
0.655838,0.460262,0.311023,0.308184
0.619671,0.389891,0.415009,0.333748
0.605985,0.340671,0.467837,0.383720
0.569961,0.311960,0.420609,0.433774
0.532062,0.305899,0.410936,0.485681
0.536756,0.321035,0.511033,0.535758
0.583965,0.352261,0.610940,0.573771
0.634732,0.385789,0.616729,0.576165
0.640166,0.418037,0.512769,0.576184
0.603049,0.445232,0.412775,0.564249
0.557265,0.452125,0.500000,0.500000
0.059261,0.024524,0.000000,0.000000
0.000695,0.051486,0.362370,0.563699
0.000580,0.098711,0.499729,0.611569
0.000456,0.153368,0.499720,0.624161
0.020374,0.205925,0.546808,0.624166
0.082857,0.258479,0.646834,0.624158
0.192997,0.313125,0.758830,0.629101
0.322247,0.365662,0.803736,0.624119
0.431396,0.409778,0.756502,0.604223
0.499850,0.433379,0.660866,0.555757
0.537591,0.421553,0.500000,0.500000
0.928885,0.014494,1.000000,0.000000
0.927164,0.027891,0.495955,0.531649
0.905392,0.062460,0.448836,0.581671
0.837615,0.120401,0.340723,0.636884
0.769175,0.183107,0.339168,0.648143
0.743235,0.245819,0.439039,0.648157
0.761384,0.311040,0.542652,0.654085
0.782109,0.365345,0.548704,0.628296
0.758541,0.399504,0.448740,0.578595
0.692506,0.410778,0.344817,0.526635
0.624047,0.406535,0.339121,0.489976
0.597939,0.401333,0.438646,0.487710
0.616233,0.396331,0.542992,0.488183
0.636922,0.394312,0.548620,0.495231
0.613337,0.412074,0.448720,0.539553
0.587443,0.437551,0.439149,0.560191
0.604040,0.463031,0.539003,0.560197
0.623028,0.477681,0.544623,0.534610
0.597638,0.472254,0.440333,0.487179
0.569490,0.461919,0.500000,0.500000
0.072190,0.010097,0.000000,0.000000
0.009473,0.015895,0.352616,0.513698
0.001649,0.042848,0.481613,0.563677
0.001530,0.088860,0.499730,0.604377
0.001411,0.134641,0.499721,0.608157
0.021339,0.180423,0.546831,0.608161
0.087190,0.228032,0.646799,0.608151
0.193976,0.273800,0.750949,0.608127
0.323230,0.319561,0.803745,0.608109
0.437573,0.367161,0.768707,0.612455
0.504250,0.408993,0.656691,0.598828
0.469309,0.451764,0.500000,0.500000
0.117725,0.867041,0.000000,1.000000
0.145086,0.858946,0.564298,0.480875
0.150006,0.829660,0.511562,0.430811
0.175204,0.778531,0.559214,0.379209
0.242734,0.725335,0.658696,0.374325
0.332808,0.672120,0.711675,0.374278
0.402824,0.618897,0.664538,0.374262
0.430543,0.563542,0.565138,0.369224
0.413787,0.510308,0.460624,0.374236
0.394651,0.457543,0.455029,0.375341
0.419837,0.418260,0.554916,0.409768
0.487467,0.402066,0.658930,0.461741
0.557506,0.404894,0.664592,0.506680
0.585031,0.410898,0.564685,0.514184
0.568537,0.417321,0.461239,0.515175
0.549949,0.440426,0.500000,0.500000
0.080754,0.890731,0.000000,1.000000
0.026448,0.918296,0.372381,0.565122
0.000919,0.925477,0.440006,0.516965
0.000625,0.910507,0.499309,0.464634
0.000360,0.874493,0.499378,0.414917
0.000122,0.817501,0.499439,0.365356
-0.000105,0.749888,0.499467,0.340266
-0.000309,0.684860,0.499522,0.346371
0.019549,0.619816,0.546667,0.346332
0.085381,0.553298,0.654703,0.342852
0.172039,0.505827,0.703647,0.387849
0.262195,0.478895,0.703718,0.437825
0.328784,0.473684,0.656484,0.487689
0.352877,0.473776,0.556619,0.500218
0.376339,0.473871,0.551024,0.500217
0.442254,0.473956,0.654900,0.500199
0.510570,0.474037,0.660544,0.500192
0.536583,0.474138,0.500000,0.500000
0.957324,0.858482,1.000000,1.000000
0.998721,0.858614,0.597282,0.500312
0.998653,0.858754,0.499848,0.500319
0.998588,0.853827,0.499848,0.488359
0.998527,0.828761,0.499855,0.440781
0.998471,0.782981,0.499870,0.391844
0.998421,0.728515,0.499885,0.376275
0.998377,0.676136,0.499897,0.376255
0.998337,0.623750,0.499907,0.376238
0.978227,0.571356,0.452741,0.376220
0.912192,0.526035,0.344818,0.392929
0.845417,0.503886,0.343078,0.447673
0.821078,0.490766,0.442988,0.470196
0.800970,0.478150,0.452747,0.470194
0.738280,0.465527,0.352679,0.470178
0.671480,0.452399,0.347065,0.470177
0.650663,0.439781,0.451078,0.470192
0.630599,0.426658,0.456658,0.470189
0.567922,0.414033,0.352709,0.470174
0.502839,0.401408,0.347053,0.470173
0.480252,0.399604,0.446922,0.495738
0.507433,0.418986,0.500000,0.500000
0.998122,0.039106,1.000000,0.000000
0.998116,0.065439,0.499986,0.562212
0.978051,0.112710,0.452847,0.611679
0.912030,0.181358,0.352813,0.655695
0.845261,0.249992,0.343092,0.662147
0.821068,0.318634,0.443147,0.662166
0.800894,0.390026,0.456394,0.662177
0.738263,0.448705,0.352817,0.638629
0.673149,0.486236,0.346983,0.588667
0.650571,0.502805,0.446940,0.539145
0.632112,0.497149,0.456621,0.486638
0.571166,0.475986,0.356777,0.450002
0.506125,0.453178,0.347155,0.446117
0.527119,0.431174,0.500000,0.500000
0.968643,0.858964,1.000000,1.000000
0.997753,0.838950,0.568407,0.452719
0.997693,0.795658,0.499865,0.402650
0.997644,0.739437,0.499884,0.367178
0.997600,0.682827,0.499897,0.366258
0.997561,0.626209,0.499909,0.366239
0.977425,0.567495,0.452680,0.361289
0.914736,0.524241,0.352681,0.397811
0.849655,0.502121,0.347059,0.447743
0.827070,0.490754,0.446924,0.473144
0.808664,0.479831,0.456748,0.474194
0.747686,0.468901,0.356700,0.474180
0.682639,0.457535,0.351006,0.474179
0.663464,0.446611,0.454939,0.474193
0.646723,0.435687,0.460659,0.474191
0.584215,0.424319,0.360751,0.474177
0.520817,0.413388,0.351015,0.474176
0.499917,0.402463,0.450886,0.474190
0.523356,0.391100,0.550968,0.474188
0.549160,0.380481,0.560640,0.474912
0.532455,0.383754,0.460742,0.507731
0.471252,0.465654,0.500000,0.500000
0.983976,0.000294,1.000000,0.000000
0.997715,0.006629,0.532286,0.514966
0.975913,0.035113,0.452726,0.563709
0.911579,0.082924,0.348814,0.612953
0.844846,0.135464,0.343179,0.624126
0.820606,0.188011,0.443034,0.624141
0.800368,0.242662,0.452442,0.629114
0.737704,0.295213,0.352740,0.624152
0.672639,0.345991,0.347097,0.619962
0.650082,0.380151,0.446992,0.580704
0.671780,0.392878,0.550988,0.530067
0.695904,0.401419,0.556693,0.520177
0.675924,0.410303,0.453047,0.520988
0.613217,0.418841,0.352638,0.520172
0.548136,0.427382,0.347059,0.520177
0.525897,0.437298,0.500000,0.500000
0.967009,0.856559,1.000000,1.000000
0.998400,0.834035,0.573768,0.446787
0.998344,0.790313,0.499868,0.396707
0.998295,0.726879,0.499885,0.350136
0.998254,0.664340,0.499904,0.352253
0.978143,0.601793,0.452741,0.352231
0.912122,0.538524,0.344849,0.350527
0.845361,0.495249,0.343111,0.397764
0.821050,0.470140,0.443074,0.442673
0.800945,0.449242,0.452753,0.450628
0.738308,0.441501,0.352803,0.481712
0.671550,0.454764,0.347144,0.529647
0.650705,0.472625,0.451014,0.542197
0.632223,0.490489,0.456567,0.542203
0.567952,0.507905,0.356771,0.540079
0.502866,0.509067,0.347047,0.502743
0.480277,0.504926,0.446916,0.490219
0.487628,0.422530,0.500000,0.500000
0.125786,0.869470,0.000000,1.000000
0.161687,0.859692,0.584368,0.476900
0.175124,0.833214,0.531575,0.437446
0.210847,0.804330,0.578727,0.434387
0.288592,0.776535,0.682701,0.434336
0.388863,0.748723,0.735635,0.434293
0.469091,0.720907,0.688536,0.434285
0.507395,0.691979,0.588565,0.434287
0.500884,0.664161,0.484699,0.434279
0.491949,0.636338,0.479003,0.434269
0.527739,0.607395,0.578875,0.434254
0.565457,0.579560,0.588637,0.434239
0.559577,0.550609,0.488730,0.434233
0.510517,0.522763,0.384710,0.434216
0.459036,0.494916,0.379019,0.434210
0.450081,0.467070,0.478956,0.434215
0.493000,0.434764,0.500000,0.500000
0.172667,0.832329,0.000000,1.000000
0.257968,0.789493,0.700456,0.398800
0.320826,0.725471,0.647718,0.348748
0.386209,0.643390,0.647740,0.313592
0.429045,0.563922,0.600663,0.312258
0.429347,0.484446,0.500710,0.312237
0.424631,0.403563,0.488919,0.308914
0.463327,0.343349,0.590934,0.357745
0.504461,0.304300,0.596666,0.407745
0.502089,0.286151,0.496631,0.457776
0.496594,0.290275,0.487088,0.509744
0.533621,0.314668,0.587013,0.557629
0.577151,0.345554,0.602296,0.572968
0.575756,0.375259,0.496721,0.570178
0.509247,0.422618,0.500000,0.500000
0.999479,0.863026,1.000000,1.000000
0.999415,0.847271,0.499850,0.462778
0.999356,0.810321,0.499862,0.412705
0.999304,0.752892,0.499876,0.364325
0.999259,0.695437,0.499895,0.364263
0.999219,0.637974,0.499907,0.364243
0.977423,0.578204,0.448779,0.358792
0.913063,0.520719,0.348753,0.364193
0.846307,0.466682,0.343124,0.372338
0.822001,0.430924,0.442882,0.415522
0.801891,0.409713,0.452741,0.449888
0.739276,0.390064,0.352855,0.453579
0.669128,0.387755,0.335151,0.494545
0.644910,0.404567,0.443087,0.539720
0.643140,0.424118,0.495842,0.546187
0.621229,0.443554,0.448510,0.545918
0.576924,0.446356,0.395882,0.506620
0.552614,0.436975,0.500000,0.500000
0.934076,0.023350,1.000000,0.000000
0.894932,0.046073,0.408010,0.553683
0.855769,0.089981,0.407968,0.603732
0.835133,0.150423,0.451506,0.642794
0.818426,0.208897,0.460738,0.638145
0.759206,0.267374,0.360832,0.638151
0.692612,0.328194,0.343505,0.643688
0.671785,0.386683,0.451057,0.638181
0.693464,0.438224,0.550946,0.621766
0.721017,0.469750,0.564749,0.574478
0.704330,0.487662,0.460785,0.542319
0.641829,0.504086,0.360789,0.537984
0.578454,0.501808,0.351069,0.494617
0.504449,0.405787,0.500000,0.500000
0.962188,0.819349,1.000000,1.000000
0.999069,0.757849,0.586670,0.354708
0.999031,0.678175,0.499912,0.311770
0.977251,0.592876,0.452797,0.306233
0.912926,0.510843,0.348838,0.306196
0.846181,0.436466,0.343149,0.324285
0.821901,0.381344,0.443144,0.373787
0.801788,0.349901,0.452734,0.425716
0.739124,0.339627,0.352741,0.475727
0.672341,0.350492,0.347103,0.524143
0.651487,0.366650,0.450994,0.538172
0.653126,0.382809,0.503851,0.538177
0.634661,0.398970,0.456606,0.538180
0.590443,0.415778,0.396088,0.539709
0.568026,0.433884,0.500000,0.500000
0.935643,0.041194,1.000000,0.000000
0.898193,0.081683,0.411993,0.595657
0.859236,0.144102,0.411973,0.641458
0.841860,0.207656,0.459165,0.650147
0.826895,0.271214,0.464834,0.650156
0.769349,0.334775,0.364767,0.650162
0.707919,0.400795,0.359203,0.650105
0.692261,0.451814,0.463203,0.620533
0.678884,0.481685,0.468564,0.570569
0.622988,0.491307,0.368645,0.522734
0.559864,0.495796,0.351659,0.510605
0.543206,0.500638,0.500000,0.500000
0.122572,0.854229,0.000000,1.000000
0.155077,0.828359,0.576386,0.438882
0.165121,0.782204,0.523603,0.390959
0.195653,0.728653,0.571750,0.373486
0.268326,0.677139,0.670783,0.378299
0.363517,0.625607,0.723699,0.378255
0.442485,0.572007,0.685573,0.373370
0.475111,0.520466,0.576673,0.378235
0.465158,0.468919,0.476610,0.378220
0.453205,0.415304,0.470997,0.378207
0.485106,0.372927,0.574967,0.399883
0.519420,0.351652,0.580638,0.449739
0.509979,0.351988,0.480661,0.499767
0.497646,0.373885,0.471017,0.551731
0.534318,0.414361,0.500000,0.500000
0.167297,0.063026,0.000000,0.000000
0.247509,0.130635,0.688498,0.659726
0.325457,0.212434,0.683179,0.693249
0.411427,0.297892,0.702028,0.701895
0.450915,0.379999,0.592797,0.693977
0.487987,0.449668,0.587119,0.664594
0.531484,0.499696,0.602218,0.618191
0.530050,0.526206,0.496632,0.562631
0.526204,0.531576,0.490961,0.512685
0.564896,0.515770,0.590928,0.462658
0.610142,0.477351,0.606327,0.409236
0.610429,0.433415,0.500675,0.396201
0.568198,0.395760,0.400757,0.411041
0.522597,0.378466,0.394962,0.459715
0.522178,0.383449,0.499015,0.511773
0.564263,0.407423,0.598901,0.556638
0.608779,0.434590,0.604611,0.564181
0.609997,0.462850,0.502865,0.566764
0.567732,0.481609,0.400676,0.544318
0.089993,0.015594,0.500000,0.500000
0.960584,0.858481,1.000000,1.000000
1.023130,0.858611,0.646983,0.500306
1.027314,0.857826,0.509834,0.498146
1.027252,0.840098,0.499858,0.460724
1.027197,0.801460,0.499871,0.408720
1.027149,0.748618,0.499887,0.375159
1.027106,0.695394,0.499899,0.374260
1.027066,0.640034,0.499906,0.369212
1.027032,0.586796,0.499920,0.374225
1.006918,0.535710,0.452732,0.379308
0.940885,0.501702,0.352805,0.421741
0.874105,0.481412,0.343067,0.452065
0.849867,0.461175,0.443041,0.452188
0.829670,0.440126,0.452537,0.450272
0.767029,0.423332,0.352795,0.460326
0.701964,0.425735,0.347096,0.505678
0.679394,0.438144,0.446962,0.529314
0.660910,0.449763,0.456562,0.527451
0.599918,0.447474,0.356669,0.494591
0.531513,0.430308,0.339249,0.459446
0.509090,0.411436,0.500000,0.500000
0.965419,0.841497,1.000000,1.000000
0.998744,0.807938,0.578314,0.420716
0.998693,0.753891,0.499880,0.372314
0.998649,0.693896,0.499896,0.358263
0.998609,0.631493,0.499906,0.352572
0.978483,0.571481,0.452705,0.358222
0.915816,0.514918,0.352733,0.366371
0.849054,0.476512,0.343108,0.409266
0.828201,0.453498,0.450997,0.445629
0.809784,0.430718,0.456719,0.446184
0.745507,0.407019,0.356775,0.446165
0.660367,0.384225,0.299920,0.446148
0.595262,0.370608,0.347003,0.467830
0.572686,0.372570,0.446992,0.504387
0.594376,0.375184,0.550972,0.506177
0.618469,0.381257,0.556619,0.514346
0.598424,0.405451,0.456720,0.554672
0.575866,0.431775,0.446988,0.562190
0.595849,0.453614,0.546962,0.551595
0.618217,0.455560,0.552564,0.504596
0.596430,0.444326,0.448800,0.473462
0.546803,0.432089,0.500000,0.500000
0.030128,0.017998,0.000000,0.000000
0.003421,0.038194,0.437237,0.547714
0.003306,0.079077,0.499731,0.596585
0.003184,0.128449,0.499724,0.612155
0.023147,0.175924,0.546914,0.612159
0.085625,0.223395,0.646821,0.612150
0.195752,0.272754,0.746849,0.612127
0.325006,0.320208,0.803746,0.612109
0.434237,0.367670,0.756695,0.612130
0.500923,0.415149,0.656712,0.612169
0.525131,0.464540,0.556888,0.616686
0.499743,0.508565,0.500000,0.500000
0.067549,0.875112,0.000000,1.000000
0.042098,0.871256,0.440191,0.490890
0.001354,0.846248,0.404251,0.440918
0.001103,0.805442,0.499432,0.407339
0.000873,0.765831,0.499459,0.406420
0.000653,0.726209,0.499483,0.406394
0.022269,0.684989,0.546837,0.406363
0.086415,0.645333,0.650743,0.406314
0.173057,0.605660,0.703607,0.406271
0.259735,0.565976,0.703695,0.406247
0.329831,0.524700,0.664724,0.402485
0.353916,0.485010,0.556600,0.406231
0.375633,0.445314,0.551036,0.406218
0.443316,0.404019,0.659054,0.402443
0.511660,0.375129,0.660608,0.431747
0.537473,0.364851,0.560662,0.475718
0.519200,0.357005,0.457059,0.481463
0.498366,0.353943,0.451039,0.492765
0.520042,0.368972,0.550939,0.535506
0.544121,0.387671,0.556584,0.544178
0.518774,0.409367,0.500000,0.500000
0.925710,0.042574,1.000000,0.000000
0.920587,0.083927,0.487960,0.597696
0.895396,0.145550,0.440802,0.645587
0.824074,0.215167,0.340836,0.658144
0.752190,0.282111,0.331071,0.658154
0.722871,0.349063,0.431101,0.658174
0.737470,0.415246,0.530991,0.651131
0.754769,0.459525,0.540653,0.604608
0.729566,0.482655,0.440773,0.554645
0.658217,0.484260,0.340776,0.504644
0.586361,0.474187,0.331138,0.476204
0.556339,0.462905,0.500000,0.500000
0.070539,0.012235,0.000000,0.000000
0.006069,0.024832,0.348496,0.529761
0.001631,0.058580,0.489572,0.579731
0.001512,0.111634,0.499729,0.620372
0.001391,0.164190,0.499718,0.624163
0.021377,0.216748,0.546966,0.624169
0.087232,0.271405,0.646811,0.624161
0.193981,0.323950,0.750859,0.624138
0.323238,0.376488,0.803754,0.624122
0.435934,0.431139,0.756663,0.624146
0.500885,0.473716,0.652635,0.600587
0.474388,0.447633,0.500000,0.500000
0.998906,0.044126,1.000000,0.000000
0.998903,0.085477,0.499993,0.597690
0.977113,0.150479,0.452755,0.647002
0.912802,0.219956,0.348868,0.664141
0.846056,0.289438,0.343147,0.664152
0.821757,0.361527,0.443101,0.663962
0.801629,0.417658,0.452698,0.632610
0.738975,0.452628,0.352764,0.582616
0.673912,0.466427,0.347101,0.532601
0.651370,0.461790,0.447026,0.489045
0.632940,0.455100,0.456691,0.484196
0.571936,0.448405,0.356641,0.484183
0.506913,0.443230,0.351084,0.487625
0.090025,0.015576,0.500000,0.500000
0.970971,0.024873,1.000000,0.521964
1.033579,0.047578,0.647129,0.553640
1.037826,0.093479,0.509980,0.608442
1.037825,0.146017,0.499999,0.624122
1.017751,0.198559,0.452824,0.624130
0.951697,0.253203,0.344775,0.629096
0.884956,0.305750,0.343158,0.624142
0.860748,0.351330,0.443111,0.607682
0.840557,0.376698,0.452552,0.559932
0.777987,0.385788,0.352959,0.521476
0.712924,0.394322,0.347103,0.520160
0.690383,0.403205,0.447030,0.520986
0.671954,0.411747,0.456690,0.520182
0.607694,0.420628,0.356797,0.520174
0.542578,0.429169,0.346977,0.520178
0.520163,0.438743,0.500000,0.500000
0.965435,0.856538,1.000000,1.000000
0.998731,0.833997,0.578247,0.446746
0.998675,0.790305,0.499868,0.396777
0.998626,0.728682,0.499888,0.360086
0.998584,0.668684,0.499902,0.358254
0.998547,0.608677,0.499914,0.358235
0.976755,0.546261,0.448787,0.352543
0.912395,0.492540,0.348755,0.373083
0.845643,0.459415,0.343132,0.421742
0.821290,0.444427,0.442977,0.465704
0.801178,0.432653,0.452735,0.472182
0.738525,0.426523,0.352765,0.485518
0.673481,0.439353,0.347147,0.530313
0.650890,0.457047,0.446912,0.541801
0.652512,0.470117,0.503813,0.530879
0.634100,0.463623,0.456730,0.484658
0.569775,0.445223,0.356644,0.458203
0.504672,0.427522,0.347008,0.458180
0.482076,0.411603,0.446899,0.462393
0.509213,0.415109,0.500000,0.500000
0.159176,0.030388,0.000000,0.000000
0.230957,0.058169,0.668687,0.565631
0.300305,0.107125,0.662968,0.615660
0.417602,0.170500,0.775648,0.649722
0.533611,0.231487,0.772620,0.644082
0.609199,0.294935,0.672816,0.644129
0.638483,0.355957,0.568817,0.644167
0.625165,0.416960,0.468704,0.644118
0.609707,0.467863,0.463059,0.616640
0.638220,0.495216,0.567004,0.564622
0.669150,0.501415,0.572685,0.514644
0.656138,0.496231,0.472608,0.488226
0.600308,0.491234,0.368799,0.488195
0.542011,0.486238,0.363003,0.488196
0.559781,0.462472,0.500000,0.500000
0.030418,0.855849,0.000000,1.000000
0.001976,0.831681,0.433161,0.442902
0.001742,0.786337,0.499449,0.392875
0.001521,0.719699,0.499501,0.348874
0.001325,0.652971,0.499539,0.342355
0.021207,0.586227,0.546722,0.342317
0.087036,0.516792,0.646750,0.342271
0.173707,0.450189,0.703677,0.342651
0.260410,0.396756,0.703753,0.373765
0.328839,0.363629,0.656616,0.423750
0.351234,0.353372,0.552628,0.475767
0.371205,0.361285,0.546932,0.518695
0.437093,0.371926,0.646884,0.524171
0.503725,0.382155,0.656584,0.524167
0.527876,0.392391,0.556755,0.524182
0.507845,0.403038,0.456734,0.524186
0.485285,0.413277,0.446983,0.524190
0.510451,0.424746,0.500000,0.500000
0.999700,0.858154,1.000000,1.000000
0.999637,0.837318,0.499852,0.450774
0.999580,0.796213,0.499866,0.402889
0.999526,0.747913,0.499874,0.385892
0.999479,0.701464,0.499889,0.390263
0.999434,0.653149,0.499899,0.390247
0.999395,0.606686,0.499908,0.390231
0.979336,0.560216,0.452860,0.390215
0.913277,0.512782,0.352745,0.391779
0.846479,0.483024,0.343026,0.429698
0.822229,0.474267,0.443011,0.479311
0.802017,0.473471,0.452503,0.498119
0.739386,0.472700,0.352816,0.498179
0.674322,0.471931,0.347100,0.498182
0.651712,0.471137,0.446866,0.498126
0.633281,0.470375,0.456689,0.498199
0.568962,0.469578,0.356677,0.498189
0.503846,0.468812,0.346978,0.498191
0.517664,0.421963,0.500000,0.500000
0.162708,0.036533,0.000000,0.000000
0.237870,0.076176,0.676630,0.593658
0.310623,0.135199,0.670971,0.639441
0.391289,0.200401,0.689563,0.654041
0.425636,0.263112,0.580715,0.648154
0.457563,0.324927,0.575030,0.646037
0.535886,0.372287,0.684059,0.611889
0.614479,0.396251,0.684692,0.556616
0.651098,0.404380,0.584760,0.518558
0.642937,0.411231,0.480823,0.516184
0.592177,0.418079,0.380713,0.516178
0.537738,0.425202,0.374996,0.516182
0.089950,0.015618,0.500000,0.500000
0.112832,0.859362,0.553774,1.000000
0.175203,0.859537,0.646571,0.500415
0.263513,0.855201,0.699545,0.491011
0.348460,0.830995,0.699625,0.442812
0.433432,0.785596,0.699686,0.392747
0.521831,0.718905,0.707737,0.342442
0.586764,0.652138,0.652593,0.342261
0.609193,0.585365,0.552706,0.342250
0.587372,0.515911,0.448721,0.335916
0.523028,0.449424,0.348792,0.342922
0.456268,0.396842,0.343113,0.375777
0.431923,0.364607,0.442791,0.423843
0.451905,0.355190,0.546957,0.477752
0.514411,0.366912,0.646889,0.527695
0.581084,0.391585,0.652648,0.556043
0.601840,0.413212,0.548774,0.551093
0.580030,0.416867,0.448748,0.508636
0.555759,0.403312,0.442963,0.467976
0.575648,0.388997,0.542945,0.466914
0.598037,0.392282,0.552614,0.507759
0.577932,0.411073,0.452753,0.544394
0.555683,0.433752,0.500000,0.500000
0.937328,0.041173,1.000000,0.000000
0.901589,0.078288,0.416012,0.587684
0.865832,0.135115,0.415972,0.634255
0.850387,0.198569,0.463106,0.644144
0.838794,0.259586,0.472756,0.644152
0.784671,0.320606,0.372810,0.644159
0.726724,0.384072,0.367068,0.644171
0.714355,0.439458,0.470934,0.630850
0.704421,0.474432,0.476654,0.582626
0.648934,0.488332,0.376633,0.532583
0.592353,0.486430,0.367035,0.495505
0.578289,0.483978,0.466948,0.494208
0.586718,0.481526,0.519809,0.494208
0.575451,0.478975,0.473523,0.493974
0.537247,0.476227,0.500000,0.500000
0.080282,0.856939,0.000000,1.000000
0.068477,0.854590,0.472259,0.494450
0.034214,0.845939,0.419483,0.479562
0.001111,0.815073,0.422206,0.427079
0.000883,0.765609,0.499465,0.383141
0.000661,0.710312,0.499498,0.374386
0.020559,0.657126,0.546760,0.374349
0.082988,0.603919,0.646708,0.374299
0.171333,0.557747,0.699625,0.394127
0.256311,0.534641,0.699697,0.445413
0.321242,0.519500,0.652587,0.464229
0.343631,0.506751,0.552615,0.469881
0.361882,0.512533,0.542890,0.513659
0.422683,0.523630,0.642882,0.526216
0.490919,0.534271,0.660355,0.525140
0.513352,0.528635,0.552717,0.486684
0.493226,0.508787,0.452703,0.453110
0.470669,0.487751,0.447020,0.452215
0.497768,0.465095,0.500000,0.500000
0.159220,0.009155,0.000000,0.000000
0.231012,0.019971,0.668710,0.525553
0.280316,0.040339,0.615864,0.548118
0.351657,0.061518,0.667653,0.550035
0.423469,0.081882,0.668758,0.548109
0.452994,0.103068,0.568728,0.548127
0.478147,0.123441,0.559110,0.548131
0.545798,0.143807,0.658979,0.548115
0.617777,0.164987,0.664634,0.548113
0.643616,0.185361,0.560723,0.548134
0.626926,0.205738,0.460780,0.548142
0.607791,0.228264,0.455031,0.553217
0.633021,0.269934,0.555016,0.594119
0.660561,0.315715,0.564719,0.608156
0.645561,0.361502,0.464750,0.608173
0.628356,0.405663,0.459134,0.601103
0.655166,0.428780,0.563002,0.554614
0.684419,0.434687,0.568744,0.513955
0.669721,0.439172,0.468785,0.510188
0.612144,0.443481,0.364694,0.510180
0.552159,0.447791,0.359036,0.510184
0.535886,0.452799,0.500000,0.500000
0.123622,0.032471,0.000000,0.000000
0.157949,0.067878,0.580667,0.583649
0.192003,0.127163,0.574956,0.633677
0.268170,0.198791,0.678993,0.669221
0.386831,0.270789,0.778853,0.670094
0.511910,0.345670,0.784640,0.670102
0.588828,0.417512,0.680757,0.669727
0.623146,0.476171,0.580647,0.638584
0.613690,0.514736,0.480625,0.588601
0.561239,0.530258,0.376742,0.536670
0.506304,0.524621,0.370903,0.486683
0.553161,0.416422,0.500000,0.500000
0.923680,0.857018,1.000000,1.000000
0.904544,0.840408,0.455029,0.460760
0.907863,0.802634,0.507800,0.410758
0.911342,0.744834,0.508176,0.363448
0.894644,0.687380,0.460760,0.364264
0.835355,0.629913,0.360670,0.364234
0.748666,0.570135,0.296281,0.358774
0.685267,0.515202,0.351013,0.370222
0.642702,0.477669,0.403818,0.413741
0.601785,0.463170,0.403844,0.465746
0.580940,0.459860,0.451015,0.492180
0.604365,0.456426,0.555049,0.491886
0.630172,0.453122,0.560645,0.492195
0.611917,0.449686,0.460748,0.492195
0.550962,0.446377,0.356757,0.492183
0.487600,0.443070,0.351099,0.492186
0.466783,0.439636,0.450968,0.492201
0.495790,0.435938,0.500000,0.500000
0.999192,0.018645,1.000000,0.000000
0.999185,0.030346,0.499985,0.527644
0.979120,0.063216,0.452845,0.577655
0.913141,0.114802,0.344949,0.621872
0.846406,0.165650,0.343173,0.620127
0.822102,0.218538,0.443089,0.620144
0.801983,0.269396,0.452719,0.620152
0.739351,0.320256,0.352815,0.620155
0.669167,0.373154,0.335067,0.624972
0.644901,0.418972,0.442975,0.608247
0.663199,0.444632,0.543001,0.560620
0.687248,0.449541,0.556515,0.511598
0.667138,0.447929,0.452741,0.496191
0.601114,0.446247,0.352810,0.496180
0.534293,0.444631,0.342971,0.496181
0.089970,0.015607,0.500000,0.500000
0.970980,0.028382,1.000000,0.528597
1.033598,0.056171,0.647152,0.565651
1.037836,0.103350,0.509961,0.611460
1.037835,0.154195,0.499996,0.620122
1.017750,0.207078,0.452801,0.624936
0.955101,0.257927,0.352775,0.620131
0.888359,0.310815,0.347198,0.620142
0.867565,0.361679,0.451134,0.620165
0.849124,0.411645,0.456664,0.618045
0.784813,0.446671,0.356675,0.580562
0.719721,0.458792,0.347032,0.528636
0.697187,0.450048,0.447046,0.479342
0.678728,0.433403,0.456622,0.460677
0.617750,0.417696,0.356700,0.462893
0.554363,0.415891,0.351043,0.495734
0.483877,0.450790,0.500000,0.500000
0.117650,0.818021,0.000000,1.000000
0.145038,0.754014,0.564362,0.348783
0.170052,0.672787,0.558782,0.308103
0.241208,0.586628,0.667217,0.296448
0.312937,0.504665,0.668563,0.306364
0.342145,0.438548,0.568640,0.343798
0.370911,0.392235,0.563007,0.393797
0.442010,0.369301,0.667084,0.445818
0.515494,0.367402,0.672686,0.495514
0.546785,0.374523,0.572701,0.516177
0.533501,0.381372,0.468782,0.516182
0.517771,0.388223,0.463035,0.516184
0.546507,0.395347,0.567529,0.516830
0.577402,0.402196,0.572604,0.516181
0.565745,0.409047,0.472605,0.516186
0.549631,0.416996,0.500000,0.500000
0.931834,0.862411,1.000000,1.000000
0.921200,0.848347,0.475010,0.466773
0.933030,0.813075,0.527801,0.416670
0.945360,0.761634,0.527860,0.383180
0.957221,0.711801,0.527875,0.382269
0.949047,0.661960,0.480791,0.382252
0.895395,0.610115,0.373918,0.377515
0.820476,0.560254,0.323939,0.382202
0.765620,0.510865,0.371090,0.383320
0.733609,0.475101,0.424774,0.415506
0.682821,0.456005,0.380648,0.454885
0.609576,0.438910,0.327875,0.459613
0.556384,0.438713,0.374997,0.499535
0.547967,0.448630,0.500000,0.500000
0.089995,0.029498,0.000000,0.000000
0.046022,0.059844,0.396664,0.571693
0.001863,0.111376,0.396225,0.621746
0.001740,0.177435,0.499723,0.650057
0.021709,0.241001,0.546927,0.650175
0.084249,0.304564,0.646968,0.650168
0.189334,0.368119,0.746951,0.650149
0.321986,0.425814,0.799741,0.632038
0.429442,0.459995,0.752523,0.580753
0.494388,0.485474,0.652621,0.560194
0.516771,0.511981,0.552589,0.560214
0.494933,0.537472,0.448682,0.560224
0.470655,0.553799,0.442945,0.538572
0.490541,0.548450,0.542941,0.488714
0.512930,0.534155,0.552614,0.466228
0.492793,0.519858,0.452679,0.466223
0.470280,0.505559,0.447094,0.466220
0.497423,0.488971,0.500000,0.500000
0.998128,0.010295,1.000000,0.000000
0.998122,0.016920,0.499986,0.515652
0.978064,0.044705,0.452865,0.565641
0.915449,0.092207,0.352853,0.612224
0.848724,0.145969,0.347238,0.622127
0.827921,0.197669,0.451114,0.622141
0.809506,0.249372,0.456724,0.622149
0.748561,0.301077,0.356781,0.622152
0.680167,0.354854,0.339273,0.627049
0.657633,0.406572,0.447045,0.622184
0.677640,0.456511,0.547017,0.617981
0.703436,0.489791,0.560267,0.576597
0.685001,0.500210,0.456676,0.524614
0.624059,0.489955,0.356786,0.475772
0.559031,0.472430,0.351052,0.460190
0.540420,0.453563,0.500000,0.500000
0.120406,0.012374,0.000000,0.000000
0.151251,0.026655,0.572486,0.533737
0.179768,0.062091,0.567014,0.583718
0.254561,0.118402,0.675765,0.633036
0.369853,0.175157,0.770936,0.634082
0.487582,0.231912,0.776663,0.634084
0.562774,0.288686,0.676701,0.634129
0.595863,0.347747,0.577760,0.639532
0.584244,0.404546,0.472693,0.634187
0.571398,0.459752,0.500000,0.500000
0.933400,0.883903,1.000000,1.000000
0.924447,0.890170,0.478961,0.514807
0.937972,0.875264,0.531784,0.464785
0.952063,0.837297,0.531839,0.414750
0.985653,0.784252,0.578938,0.374682
0.999629,0.730187,0.532842,0.372271
0.999585,0.676115,0.499898,0.372255
0.999545,0.619873,0.499909,0.372237
0.979444,0.565785,0.452763,0.372218
0.916777,0.511686,0.352732,0.372190
0.851729,0.468404,0.347138,0.397747
0.829191,0.445853,0.447036,0.446723
0.810772,0.439445,0.456715,0.484863
0.746475,0.433357,0.356726,0.486170
0.681415,0.438331,0.347109,0.511752
0.658896,0.459988,0.447080,0.551163
0.640482,0.483762,0.456727,0.556168
0.579484,0.494177,0.356655,0.524604
0.516087,0.488499,0.351016,0.486587
0.089965,0.015609,0.500000,0.500000
0.960609,0.858481,1.000000,1.000000
1.023164,0.858611,0.647003,0.500306
1.027337,0.858280,0.509809,0.499219
1.027277,0.843370,0.499857,0.464774
1.027221,0.807282,0.499869,0.414742
1.027173,0.752180,0.499887,0.369821
1.027130,0.691545,0.499898,0.356750
1.027093,0.633234,0.499914,0.362240
1.027060,0.572583,0.499925,0.362223
1.006949,0.514256,0.452741,0.362204
0.944316,0.455917,0.352812,0.362174
0.877550,0.402908,0.347121,0.378610
0.856750,0.373180,0.451120,0.429768
0.838339,0.364594,0.456734,0.479714
0.777361,0.377188,0.356701,0.529755
0.708960,0.406442,0.339260,0.569111
0.686439,0.435303,0.447075,0.568185
0.666280,0.464168,0.452626,0.568193
0.600220,0.490229,0.344759,0.561568
0.533437,0.495658,0.343060,0.512826
0.509133,0.491966,0.500000,0.500000
0.974214,0.028191,1.000000,0.000000
0.998549,0.055993,0.557188,0.565683
0.978485,0.104958,0.452850,0.615679
0.912440,0.175799,0.344794,0.667362
0.845697,0.243514,0.343153,0.659977
0.821448,0.292028,0.443015,0.614615
0.801267,0.320029,0.452575,0.566153
0.738587,0.325339,0.352701,0.512545
0.671805,0.319245,0.347088,0.486155
0.650937,0.318437,0.450960,0.498092
0.652571,0.337793,0.503840,0.545727
0.634137,0.377647,0.456680,0.594157
0.609993,0.425273,0.443261,0.612516
0.630017,0.466008,0.547057,0.596236
0.652429,0.486592,0.552670,0.548630
0.630582,0.488536,0.452625,0.504664
0.566178,0.487770,0.348652,0.498192
0.499418,0.487006,0.343112,0.498195
0.475065,0.486219,0.442980,0.498212
0.500272,0.485372,0.500000,0.500000
0.158134,0.848548,0.000000,1.000000
0.228023,0.816718,0.664240,0.424801
0.275543,0.767169,0.611671,0.382940
0.323063,0.715664,0.611673,0.378319
0.372501,0.662086,0.616179,0.373423
0.420052,0.610559,0.611745,0.378267
0.447556,0.559025,0.564634,0.378250
0.431029,0.505422,0.461161,0.373362
0.411869,0.454179,0.454975,0.378938
0.435240,0.416831,0.554921,0.411766
0.464578,0.400421,0.568944,0.461231
0.449588,0.406225,0.464774,0.513712
0.432144,0.433213,0.459007,0.563759
0.459165,0.477451,0.563498,0.604514
0.528505,0.517255,0.662949,0.594037
0.602229,0.538220,0.668578,0.548620
0.629772,0.536809,0.564728,0.496668
0.614749,0.514699,0.464696,0.447766
0.557164,0.486000,0.364675,0.432197
0.492251,0.456149,0.347455,0.429478
0.473084,0.427476,0.454956,0.432260
0.487112,0.434180,0.500000,0.500000
0.159212,0.005630,0.000000,0.000000
0.230987,0.003788,0.668672,0.495648
0.280293,0.023109,0.615868,0.545646
0.353340,0.065673,0.663067,0.595693
0.426835,0.125628,0.672713,0.641644
0.457822,0.188332,0.572820,0.648140
0.486339,0.251042,0.567015,0.648152
0.561102,0.316254,0.666918,0.648138
0.636332,0.378962,0.676790,0.648146
0.668998,0.432507,0.576764,0.626501
0.657840,0.465812,0.473779,0.578683
0.603671,0.476234,0.372704,0.524621
0.547079,0.466169,0.367009,0.476222
0.534686,0.447610,0.500000,0.500000
0.127386,0.843177,0.000000,1.000000
0.164988,0.810519,0.588365,0.422847
0.180149,0.756679,0.535628,0.372802
0.215983,0.687393,0.584210,0.336312
0.293738,0.620631,0.682725,0.342274
0.376303,0.551184,0.688556,0.342243
0.412348,0.490056,0.584706,0.355584
0.405833,0.449322,0.484691,0.403767
0.397407,0.427618,0.478967,0.450317
0.432673,0.412223,0.582875,0.463628
0.470379,0.413810,0.588609,0.503750
0.464476,0.437741,0.486127,0.556537
0.455525,0.469152,0.478966,0.574208
0.491310,0.499276,0.578862,0.569140
0.529006,0.509706,0.588586,0.524642
0.557894,0.464979,0.500000,0.500000
0.086737,0.000620,0.000000,0.000000
0.039360,0.012337,0.388664,0.527680
0.000549,0.046976,0.408805,0.577689
0.000435,0.101863,0.499733,0.629671
0.000319,0.170267,0.499727,0.661606
0.021962,0.241658,0.546911,0.662174
0.086119,0.309835,0.650771,0.661068
0.192837,0.363431,0.750788,0.626619
0.328944,0.396870,0.819851,0.578999
0.439860,0.420637,0.760653,0.556150
0.510135,0.445368,0.665147,0.558428
0.090005,0.015587,0.500000,0.500000
0.960558,0.858481,1.000000,1.000000
1.023087,0.858585,0.646943,0.500246
1.026836,0.846152,0.508816,0.472764
1.026779,0.812596,0.499867,0.420724
1.026730,0.759675,0.499885,0.374974
1.026686,0.700803,0.499895,0.360913
1.026648,0.644186,0.499911,0.366244
1.026614,0.587562,0.499922,0.366226
1.006498,0.539493,0.452726,0.386436
0.943816,0.513954,0.352699,0.439664
0.878755,0.493712,0.347106,0.452179
0.856217,0.472666,0.447035,0.450279
0.837825,0.458710,0.456778,0.467028
0.776831,0.464913,0.356666,0.514656
0.708398,0.478199,0.339182,0.531388
0.685819,0.489192,0.446938,0.525970
0.664001,0.482000,0.452714,0.484671
0.599656,0.461151,0.348789,0.450744
0.532869,0.445126,0.343052,0.462142
0.508627,0.446819,0.500000,0.500000
0.975789,0.030921,1.000000,0.000000
0.998882,0.061255,0.554269,0.571664
0.978844,0.111592,0.452910,0.618921
0.912846,0.168875,0.344905,0.635331
0.846134,0.223959,0.343227,0.630136
0.821785,0.281254,0.442982,0.630154
0.801679,0.336350,0.452751,0.630164
0.739043,0.391448,0.352805,0.630167
0.672256,0.439577,0.347077,0.610328
0.651378,0.464405,0.450937,0.558656
0.653000,0.469857,0.503810,0.512880
0.634652,0.471706,0.456882,0.504367
0.573680,0.473479,0.356716,0.504189
0.508645,0.475325,0.351057,0.504193
0.489991,0.477321,0.500000,0.500000
0.120388,0.020742,0.000000,0.000000
0.151309,0.038371,0.572665,0.541648
0.181822,0.079140,0.566953,0.591671
0.254532,0.128289,0.670868,0.616115
0.369830,0.177426,0.770951,0.616086
0.491368,0.228529,0.785614,0.620730
0.564916,0.277684,0.672837,0.616129
0.595870,0.326852,0.572742,0.616161
0.582911,0.377687,0.469548,0.620097
0.567146,0.412683,0.462952,0.582678
0.593956,0.426486,0.563002,0.532608
0.626842,0.428380,0.577283,0.504474
0.615230,0.430153,0.472712,0.504190
0.557986,0.431994,0.372662,0.504182
0.499707,0.433765,0.363044,0.504184
0.484895,0.435755,0.500000,0.500000
0.123597,0.020082,0.000000,0.000000
0.157889,0.026892,0.580587,0.516088
0.189802,0.053857,0.574995,0.563707
0.268070,0.104135,0.683929,0.618782
0.386787,0.160887,0.778984,0.634075
0.511904,0.219909,0.784731,0.634076
0.588853,0.276681,0.680830,0.634124
0.623242,0.333469,0.580814,0.634160
0.613846,0.392537,0.480764,0.634182
0.601508,0.447554,0.471006,0.629976
0.631657,0.485098,0.570850,0.588698
0.668083,0.501669,0.585601,0.539149
0.659908,0.496030,0.480789,0.486677
0.606224,0.467772,0.380690,0.436673
0.551315,0.432341,0.370964,0.416295
0.559168,0.446499,0.500000,0.500000
0.892923,0.844333,1.000000,1.000000
0.841430,0.809940,0.378991,0.418746
0.811250,0.751703,0.431803,0.368704
0.762195,0.684098,0.384722,0.340284
0.690656,0.616473,0.331883,0.340234
0.637981,0.546138,0.378959,0.340225
0.610672,0.478504,0.435823,0.340215
0.563347,0.413010,0.388788,0.345270
0.513573,0.365486,0.383031,0.387725
0.506899,0.338509,0.484314,0.436266
0.543887,0.334153,0.586924,0.489709
0.584012,0.352080,0.592657,0.539726
0.579220,0.382513,0.488740,0.571900
0.571991,0.412760,0.483011,0.571457
0.607261,0.429126,0.582886,0.538665
0.649018,0.431340,0.598128,0.505231
0.645936,0.433114,0.492759,0.504189
0.600273,0.434884,0.392692,0.504183
0.090009,0.015585,0.500000,0.500000
0.112834,0.851690,0.553640,1.000000
0.175235,0.823264,0.646641,0.432842
0.263564,0.771224,0.699587,0.382783
0.348543,0.703529,0.699701,0.340072
0.413465,0.634226,0.652567,0.336272
0.435853,0.562145,0.552611,0.329708
0.414022,0.493985,0.448698,0.338973
0.389764,0.442258,0.442992,0.377795
0.409612,0.410886,0.546644,0.425883
0.472083,0.400508,0.646806,0.475482
0.537056,0.393809,0.652687,0.484174
0.559556,0.386931,0.552875,0.483750
0.537702,0.392765,0.448643,0.513783
0.513492,0.417620,0.500000,0.500000
0.117640,0.870305,0.000000,1.000000
0.145000,0.861356,0.564297,0.478857
0.150116,0.830278,0.512023,0.426579
0.175085,0.794041,0.558677,0.414390
0.242622,0.757783,0.658711,0.414340
0.337973,0.720054,0.724076,0.410866
0.409714,0.683771,0.668591,0.414281
0.438939,0.647487,0.568679,0.414278
0.467682,0.609745,0.567548,0.410833
0.498585,0.573447,0.572621,0.414246
0.485609,0.535692,0.472674,0.414235
0.469846,0.499385,0.462957,0.414225
0.504875,0.457262,0.500000,0.500000
0.999797,0.813901,1.000000,1.000000
0.999749,0.746495,0.499889,0.340753
0.999714,0.657862,0.499920,0.298835
0.979649,0.570762,0.452847,0.294227
0.917048,0.485789,0.352887,0.299250
0.806794,0.416533,0.240904,0.336383
0.697460,0.371522,0.243065,0.393663
0.630625,0.347684,0.342938,0.443683
0.606268,0.345359,0.442760,0.494506
0.626245,0.363252,0.546946,0.542271
0.648706,0.386219,0.552750,0.552174
0.626913,0.408307,0.448784,0.552182
0.582610,0.430396,0.395890,0.552185
0.484503,0.435485,0.500000,0.500000
0.162463,0.010767,0.000000,0.000000
0.237625,0.023322,0.676632,0.529661
0.292435,0.058827,0.623849,0.579656
0.365171,0.113090,0.670930,0.628195
0.440391,0.171549,0.676767,0.638111
0.473501,0.232363,0.576813,0.638146
0.502007,0.290843,0.566989,0.638159
0.532963,0.347545,0.572747,0.633958
0.520010,0.387880,0.469562,0.595292
0.505231,0.405727,0.500000,0.500000
0.123631,0.022677,0.000000,0.000000
0.157957,0.040305,0.580666,0.541647
0.189836,0.079107,0.574916,0.591669
0.268163,0.140460,0.674995,0.638942
0.386869,0.203986,0.778960,0.650081
0.511994,0.270056,0.784727,0.650085
0.588941,0.333606,0.680825,0.650136
0.623335,0.396016,0.580827,0.647444
0.613948,0.443407,0.480786,0.608653
0.561522,0.467395,0.376798,0.556673
0.506626,0.470293,0.370996,0.506846
0.496225,0.463521,0.500000,0.500000
0.976746,0.842867,1.000000,1.000000
0.998243,0.805931,0.550518,0.412738
0.998190,0.750716,0.499880,0.374663
0.998145,0.696647,0.499893,0.372263
0.998104,0.642571,0.499904,0.372244
0.978027,0.588486,0.452818,0.372226
0.912044,0.535667,0.352904,0.379227
0.845262,0.504227,0.343062,0.425724
0.820993,0.491413,0.442968,0.469726
0.800781,0.480934,0.456306,0.476195
0.738141,0.471749,0.352797,0.478300
0.673034,0.478400,0.346999,0.515713
0.650457,0.496097,0.446943,0.541811
0.632032,0.503148,0.456702,0.516658
0.567745,0.490574,0.356732,0.471726
0.502603,0.475418,0.346916,0.464194
0.480128,0.458449,0.500000,0.500000
0.975788,0.016911,1.000000,0.000000
0.999126,0.032851,0.554845,0.537658
0.979061,0.069955,0.452847,0.587658
0.913040,0.124717,0.344850,0.629375
0.846288,0.178105,0.343133,0.626130
0.821942,0.233637,0.442988,0.626147
0.801839,0.287036,0.452758,0.626156
0.739189,0.339276,0.352773,0.623418
0.672371,0.376093,0.347024,0.584633
0.651490,0.389913,0.450929,0.532648
0.653126,0.388207,0.503846,0.495971
0.633084,0.385644,0.456705,0.494178
0.570375,0.383175,0.352634,0.494166
0.505292,0.380706,0.347056,0.494168
0.482662,0.384428,0.446866,0.507524
0.090036,0.015569,0.500000,0.500000
0.112832,0.858198,0.553571,1.000000
0.175261,0.840764,0.646707,0.458813
0.260183,0.802152,0.699567,0.408778
0.348550,0.744573,0.707663,0.363972
0.433539,0.687971,0.699726,0.366277
0.498495,0.631362,0.652647,0.366260
0.520899,0.572484,0.552649,0.360901
0.499058,0.515861,0.448674,0.366230
0.474785,0.459233,0.442958,0.366215
0.494700,0.405998,0.546800,0.374233
0.517132,0.375399,0.552715,0.427709
0.496986,0.365989,0.452655,0.477770
0.474450,0.378654,0.447068,0.527762
0.501602,0.412236,0.500000,0.500000
0.159211,0.058203,0.000000,0.000000
0.230960,0.120710,0.668612,0.647672
0.300319,0.202934,0.662994,0.694254
0.417599,0.292781,0.775607,0.712264
0.533640,0.379178,0.772697,0.704113
0.609214,0.464002,0.672764,0.693570
0.638467,0.525229,0.568743,0.644648
0.625155,0.565298,0.468717,0.594664
0.587907,0.584494,0.415835,0.544611
0.572146,0.581391,0.462963,0.492668
0.598968,0.557104,0.563031,0.442622
0.628411,0.510056,0.568517,0.393721
0.613414,0.459168,0.464757,0.379776
0.555843,0.423507,0.364710,0.415751
0.494312,0.408851,0.358970,0.465707
0.478550,0.415895,0.462958,0.516643
0.511459,0.431156,0.500000,0.500000
0.998671,0.867471,1.000000,1.000000
0.998606,0.857626,0.499847,0.476742
0.998545,0.826613,0.499856,0.426731
0.998489,0.774060,0.499869,0.375843
0.998441,0.719995,0.499888,0.372271
0.998397,0.663759,0.499899,0.372252
0.998359,0.609767,0.499911,0.372444
0.978281,0.568178,0.452816,0.401746
0.912213,0.547395,0.352705,0.451794
0.845475,0.539811,0.343166,0.482082
0.821279,0.532279,0.443139,0.482207
0.797607,0.524446,0.448517,0.482206
0.731517,0.516908,0.344687,0.482191
0.663027,0.509370,0.339050,0.482192
0.636889,0.500636,0.438575,0.479366
0.615044,0.476389,0.448665,0.442715
0.550646,0.442604,0.348663,0.420183
0.482041,0.418280,0.342986,0.443748
0.459433,0.416470,0.446872,0.495724
0.484672,0.436139,0.500000,0.500000
0.158354,0.876205,0.000000,1.000000
0.228260,0.875705,0.664278,0.498819
0.275757,0.855205,0.611617,0.451569
0.323252,0.829967,0.611615,0.440375
0.372663,0.803710,0.616114,0.437967
0.420186,0.778454,0.611679,0.440333
0.487773,0.753186,0.658830,0.440304
0.563056,0.726897,0.676916,0.437893
0.592287,0.701620,0.568692,0.440283
0.577484,0.675328,0.468563,0.440275
0.539953,0.650043,0.411801,0.440263
0.522522,0.624756,0.459038,0.440260
0.547606,0.599465,0.558946,0.440249
0.578693,0.573157,0.573055,0.437847
0.565371,0.547857,0.468694,0.440230
0.528131,0.521541,0.415852,0.440219
0.512937,0.494212,0.500000,0.500000
0.122025,0.000274,0.000000,0.000000
0.154582,0.012856,0.576509,0.529725
0.184760,0.046576,0.570918,0.579665
0.261292,0.103423,0.670937,0.628538
0.378315,0.164408,0.775004,0.644076
0.497740,0.225394,0.780651,0.644079
0.574663,0.286400,0.680768,0.644126
0.609508,0.349863,0.580731,0.644164
0.599585,0.410895,0.476679,0.644188
0.587277,0.464961,0.471078,0.627731
0.619598,0.499124,0.571041,0.578603
0.653922,0.510407,0.580661,0.526655
0.645685,0.500506,0.480644,0.476609
0.592016,0.473413,0.380725,0.438545
0.537145,0.448198,0.371053,0.440429
0.499128,0.429878,0.500000,0.500000
0.999337,0.028172,1.000000,0.000000
0.999332,0.055987,0.499988,0.565711
0.979259,0.101005,0.452827,0.606356
0.913217,0.149480,0.352764,0.610118
0.846462,0.196095,0.343126,0.610128
0.822242,0.242718,0.443082,0.610146
0.798612,0.291209,0.448612,0.610154
0.732547,0.337835,0.344748,0.610155
0.664089,0.381012,0.339124,0.602005
0.638126,0.404979,0.438986,0.556622
0.656251,0.417433,0.542595,0.529422
0.676951,0.429363,0.548645,0.528185
0.653383,0.441772,0.448742,0.528189
0.587326,0.453700,0.344766,0.528181
0.518843,0.465631,0.339064,0.528187
0.487437,0.451051,0.500000,0.500000
0.999626,0.059805,1.000000,0.000000
0.999628,0.120637,0.500006,0.643715
0.979579,0.198134,0.452883,0.683087
0.913564,0.280080,0.344866,0.693598
0.846833,0.358566,0.343183,0.685424
0.822606,0.423164,0.443065,0.652612
0.798995,0.467891,0.444516,0.605666
0.732941,0.489322,0.344772,0.550632
0.664470,0.489659,0.339093,0.500796
0.638342,0.480944,0.438599,0.479410
0.616463,0.472563,0.448583,0.480201
0.515336,0.402599,0.500000,0.500000
0.918548,0.849297,1.000000,1.000000
0.936802,0.819151,0.542897,0.428781
0.977575,0.769269,0.595817,0.382154
0.999174,0.713039,0.550762,0.372265
0.999132,0.658964,0.499901,0.372250
0.979045,0.604882,0.452795,0.372230
0.913027,0.551163,0.352822,0.377262
0.846287,0.518054,0.343161,0.421779
0.822077,0.503129,0.443106,0.464740
0.798468,0.490009,0.444519,0.469005
0.732397,0.487369,0.344732,0.493762
0.663892,0.500832,0.339012,0.531808
0.637909,0.511363,0.438941,0.524879
0.634419,0.502319,0.491798,0.478632
0.610750,0.477444,0.444377,0.441233
0.544672,0.454424,0.344716,0.445615
0.470938,0.447927,0.326727,0.484651
0.443270,0.448013,0.434980,0.500203
0.459666,0.448103,0.535038,0.500205
0.518819,0.448183,0.639010,0.500190
0.580389,0.448261,0.644689,0.500185
0.599394,0.448344,0.544661,0.500195
0.568157,0.448439,0.500000,0.500000
0.022069,0.026867,0.000000,0.000000
0.001769,0.056373,0.452295,0.569709
0.001649,0.106514,0.499728,0.613651
0.001529,0.157376,0.499718,0.620162
0.021455,0.208240,0.546827,0.620167
0.087320,0.261135,0.654782,0.624964
0.194094,0.301993,0.750919,0.596527
0.323343,0.322861,0.803735,0.549302
0.437752,0.339648,0.768860,0.539659
0.504445,0.355801,0.656730,0.538160
0.528574,0.381946,0.556702,0.561768
0.503235,0.427962,0.500000,0.500000
0.067517,0.887192,0.000000,1.000000
0.042089,0.896043,0.440244,0.520911
0.001335,0.883739,0.404228,0.470933
0.001069,0.848494,0.499374,0.416733
0.000835,0.794454,0.499451,0.372330
0.000618,0.736211,0.499489,0.362401
0.000406,0.675623,0.499501,0.356861
0.020271,0.617350,0.546682,0.362330
0.086073,0.557389,0.646689,0.363393
0.172728,0.514977,0.703641,0.399800
0.259415,0.490726,0.703713,0.442708
0.329438,0.467929,0.664556,0.446141
0.353543,0.446009,0.556646,0.448214
0.375236,0.424086,0.550978,0.448207
0.442916,0.411258,0.659048,0.469693
0.511264,0.416505,0.660618,0.512396
0.516448,0.454605,0.500000,0.500000
0.968652,0.843677,1.000000,1.000000
0.998140,0.807578,0.569295,0.414717
0.998088,0.748054,0.499882,0.365443
0.998046,0.683825,0.499901,0.348260
0.998009,0.619613,0.499914,0.348299
0.976204,0.565377,0.452741,0.375788
0.911818,0.533648,0.348692,0.425041
0.845060,0.506637,0.343119,0.436185
0.820706,0.478549,0.442768,0.433644
0.800592,0.454990,0.452733,0.444340
0.734557,0.447921,0.352781,0.483693
0.667741,0.443762,0.342984,0.490174
0.643459,0.439609,0.442936,0.490190
0.619870,0.435291,0.448693,0.490190
0.573855,0.431137,0.391863,0.490186
0.533852,0.484592,0.500000,0.500000
0.118797,0.015511,0.000000,0.000000
0.147991,0.033152,0.568605,0.541678
0.176758,0.073967,0.563012,0.591721
0.247844,0.133643,0.667051,0.640984
0.361424,0.198018,0.766915,0.652086
0.481210,0.264971,0.772661,0.652091
0.553013,0.329369,0.668737,0.652141
0.582278,0.387492,0.568774,0.637316
0.567549,0.426065,0.465386,0.591128
0.550874,0.442192,0.500000,0.500000
0.082344,0.854191,0.000000,1.000000
0.029713,0.828315,0.376317,0.438867
0.001788,0.781290,0.434376,0.388904
0.001564,0.722475,0.499494,0.366394
0.001362,0.666090,0.499525,0.366790
0.021239,0.622868,0.546711,0.397890
0.087058,0.600173,0.646730,0.447652
0.173697,0.586738,0.703601,0.468260
0.260370,0.573296,0.703683,0.468244
0.330458,0.559315,0.664706,0.466970
0.354559,0.543719,0.556637,0.463155
0.377957,0.510164,0.550875,0.424157
0.443882,0.474321,0.654923,0.415321
0.512243,0.452959,0.660649,0.449533
0.538330,0.438831,0.500000,0.500000
0.110694,0.016392,0.000000,0.000000
0.131358,0.034889,0.548560,0.543700
0.149623,0.074535,0.542925,0.593664
0.213772,0.133742,0.650750,0.639877
0.318853,0.192196,0.746939,0.638097
0.429788,0.252990,0.752664,0.638101
0.493090,0.311465,0.648759,0.638145
0.513838,0.369952,0.548760,0.638178
0.530385,0.430786,0.538884,0.643720
0.589538,0.489190,0.639009,0.637978
0.651108,0.535174,0.644689,0.608638
0.669982,0.560541,0.544354,0.559929
0.644736,0.563353,0.440672,0.506644
0.593416,0.545298,0.379398,0.457346
0.564037,0.523380,0.430959,0.448219
0.577195,0.501461,0.530921,0.448216
0.595878,0.478662,0.543906,0.446136
0.564780,0.454104,0.500000,0.500000
0.022545,0.832156,0.000000,1.000000
0.002314,0.783417,0.452456,0.384856
0.002104,0.715658,0.499509,0.339919
0.001904,0.641857,0.499530,0.325644
0.021807,0.570877,0.546772,0.332311
0.084257,0.503836,0.646756,0.341616
0.174303,0.454873,0.711608,0.384324
0.260997,0.428207,0.703731,0.437001
0.329419,0.405403,0.656602,0.448197
0.351819,0.388530,0.552640,0.460138
0.371787,0.388819,0.546924,0.500684
0.437681,0.391539,0.646878,0.506179
0.504310,0.394152,0.656580,0.506172
0.528401,0.396769,0.556613,0.506185
0.508361,0.399492,0.456713,0.506186
0.485784,0.402112,0.446944,0.506188
0.510985,0.405045,0.500000,0.500000
0.996860,0.023826,1.000000,0.000000
0.996853,0.028958,0.499983,0.512124
0.976794,0.052514,0.452862,0.555650
0.910807,0.099463,0.344929,0.610917
0.844065,0.155391,0.343158,0.632131
0.819816,0.211326,0.443013,0.632145
0.799620,0.269501,0.452540,0.637440
0.736989,0.324772,0.352817,0.630577
0.670190,0.365974,0.347067,0.594592
0.649343,0.385473,0.451010,0.546067
0.650980,0.400788,0.503846,0.536182
0.630961,0.416717,0.456781,0.536185
0.588360,0.432034,0.399888,0.536186
0.089958,0.015614,0.500000,0.500000
0.970945,0.021419,1.000000,0.513715
1.033532,0.013794,0.647078,0.481986
1.037767,0.000161,0.509954,0.467728
1.017703,0.011859,0.452850,0.527637
0.955073,0.044737,0.352818,0.577674
0.888311,0.101066,0.347152,0.627231
0.867475,0.162924,0.451034,0.646140
0.849025,0.224786,0.456643,0.646148
0.784758,0.289124,0.356776,0.646153
0.719725,0.350992,0.347172,0.646164
0.697222,0.408365,0.447117,0.635544
0.697151,0.446921,0.499838,0.588580
0.677016,0.473247,0.452684,0.562196
0.614355,0.499572,0.352745,0.562193
0.547560,0.517761,0.347081,0.542302
0.526704,0.515949,0.450986,0.495719
0.548383,0.510962,0.550948,0.488218
0.572485,0.505973,0.556638,0.488214
0.552448,0.500784,0.452913,0.487741
0.529516,0.424737,0.500000,0.500000
0.073533,0.030183,0.000000,0.000000
0.055039,0.063086,0.456539,0.577733
0.003163,0.115712,0.378092,0.624330
0.003039,0.174774,0.499708,0.639532
0.022990,0.231566,0.546885,0.634172
0.085462,0.287890,0.646809,0.633065
0.190573,0.329585,0.747011,0.598505
0.324904,0.352321,0.815678,0.553714
0.434113,0.370159,0.756641,0.542141
0.502571,0.388722,0.656683,0.542168
0.485679,0.423740,0.500000,0.500000
0.961295,0.039461,1.000000,0.000000
0.993616,0.079088,0.575954,0.593618
0.999520,0.128238,0.513874,0.616117
0.979460,0.179359,0.452859,0.620774
0.916827,0.228514,0.352814,0.616129
0.850050,0.279551,0.347096,0.616080
0.829236,0.316198,0.451086,0.586576
0.810808,0.331684,0.456695,0.536588
0.746526,0.331630,0.356742,0.499946
0.681457,0.330846,0.347087,0.498147
0.658955,0.337049,0.447120,0.514655
0.658884,0.363406,0.499834,0.562269
0.638719,0.392265,0.452612,0.568179
0.596122,0.417667,0.399896,0.560013
0.573550,0.425455,0.447002,0.518070
0.595244,0.428922,0.550981,0.508191
0.619341,0.432388,0.556628,0.508189
0.600910,0.435855,0.456688,0.508191
0.524709,0.484378,0.500000,0.500000
0.116099,0.821066,0.000000,1.000000
0.141790,0.760459,0.560374,0.356817
0.165104,0.685631,0.554787,0.323219
0.230955,0.610408,0.654751,0.322285
0.324571,0.534704,0.719998,0.321150
0.394637,0.480423,0.664655,0.371762
0.422139,0.447320,0.564629,0.421794
0.405613,0.433870,0.461163,0.468223
0.386432,0.425490,0.454925,0.480203
0.409814,0.417110,0.554948,0.480201
0.479301,0.412339,0.655004,0.488332
0.549313,0.426588,0.664527,0.533663
0.576836,0.446140,0.564679,0.546192
0.557174,0.468042,0.500000,0.500000
0.880059,0.867021,1.000000,1.000000
0.814955,0.855490,0.347006,0.472758
0.792386,0.832779,0.446962,0.446345
0.773933,0.809146,0.460284,0.446316
0.712912,0.786415,0.356600,0.446297
0.649518,0.763681,0.351025,0.446291
0.628641,0.740950,0.450938,0.446297
0.631991,0.717306,0.507874,0.444142
0.615221,0.694567,0.460589,0.446279
0.575997,0.671824,0.407825,0.446269
0.555305,0.648169,0.451372,0.444117
0.578695,0.625421,0.554968,0.446256
0.604467,0.602667,0.560563,0.446245
0.586205,0.579001,0.457084,0.444088
0.545289,0.556240,0.403848,0.446228
0.524461,0.532569,0.450943,0.446227
0.547870,0.509805,0.555009,0.446220
0.573633,0.487037,0.560544,0.446211
0.089942,0.015623,0.500000,0.500000
0.112790,0.859362,0.553693,1.000000
0.175245,0.859537,0.646771,0.500415
0.263556,0.852741,0.699546,0.485510
0.348505,0.825143,0.699629,0.434798
0.433480,0.776357,0.699691,0.384743
0.500117,0.710834,0.652566,0.351190
0.520823,0.647459,0.548660,0.350277
0.498993,0.584074,0.448700,0.350254
0.474678,0.518146,0.443067,0.350235
0.494644,0.458701,0.546919,0.359560
0.516851,0.415457,0.500000,0.500000
0.107453,0.001374,0.000000,0.000000
0.124713,0.017331,0.540561,0.537698
0.139591,0.054454,0.534964,0.587702
0.200232,0.108555,0.642507,0.627816
0.301882,0.161083,0.738876,0.624097
0.405959,0.213612,0.744581,0.624099
0.469129,0.268259,0.644756,0.624138
0.486499,0.320818,0.540817,0.624169
0.501422,0.373381,0.535070,0.624180
0.562062,0.427379,0.635029,0.623064
0.623606,0.464031,0.644630,0.586590
0.642614,0.479527,0.544668,0.536610
0.619059,0.473855,0.444645,0.486600
0.569525,0.446972,0.383596,0.436489
0.541372,0.412930,0.500000,0.500000
0.970955,0.002445,1.000000,0.000000
0.998378,0.003162,0.564444,0.501695
0.978269,0.014206,0.452744,0.526091
0.912231,0.025688,0.352791,0.526082
0.825420,0.036726,0.295994,0.526079
0.758646,0.048078,0.343083,0.526818
0.734348,0.074797,0.443101,0.559699
0.734316,0.121417,0.499926,0.610140
0.714197,0.173964,0.452719,0.624143
0.691680,0.226515,0.447085,0.624152
0.713380,0.281168,0.550997,0.629118
0.737516,0.333722,0.556718,0.624159
0.719067,0.385962,0.456645,0.623416
0.654824,0.425429,0.356835,0.590655
0.589721,0.441785,0.347007,0.538639
0.523684,0.433378,0.500000,0.500000
0.957315,0.868621,1.000000,1.000000
0.999094,0.858764,0.598180,0.476715
0.999032,0.827768,0.499856,0.426772
0.998975,0.782238,0.499870,0.396584
0.998924,0.738334,0.499880,0.396276
0.998877,0.694423,0.499889,0.396260
0.998832,0.648749,0.499898,0.396245
0.978700,0.604825,0.452690,0.396229
0.916085,0.560889,0.352855,0.396203
0.849309,0.524369,0.347122,0.416052
0.828487,0.508941,0.451066,0.463552
0.810063,0.497173,0.456705,0.472199
0.745762,0.485825,0.356697,0.473764
0.680723,0.490632,0.347159,0.511356
0.658173,0.503235,0.447008,0.529775
0.636317,0.502184,0.452603,0.498608
0.571906,0.487256,0.348635,0.464733
0.505113,0.472099,0.343038,0.464192
0.551446,0.484715,0.500000,0.500000
0.935643,0.021103,1.000000,0.000000
0.898200,0.040447,0.412010,0.545701
0.860739,0.080921,0.411968,0.595619
0.821777,0.132924,0.411960,0.618133
0.804386,0.182930,0.459131,0.618140
0.789374,0.232939,0.464722,0.618147
0.728658,0.284951,0.364820,0.618151
0.666971,0.334966,0.355037,0.618162
0.647816,0.384989,0.454985,0.618180
0.673074,0.437016,0.555080,0.618185
0.700569,0.477855,0.564614,0.596483
0.685564,0.497598,0.464739,0.546643
0.624806,0.495673,0.357218,0.495452
0.563125,0.480640,0.355051,0.464483
0.544505,0.463670,0.500000,0.500000
0.080764,0.837219,0.000000,1.000000
0.026448,0.793562,0.372356,0.396859
0.001347,0.728677,0.441032,0.352854
0.001147,0.663644,0.499532,0.346360
0.021043,0.598595,0.546755,0.346323
0.086877,0.531393,0.646763,0.347006
0.173547,0.481359,0.703675,0.381793
0.260239,0.452482,0.703725,0.431779
0.328639,0.444228,0.656570,0.480652
0.351041,0.442624,0.552645,0.496210
0.371037,0.441019,0.546990,0.496209
0.436951,0.439343,0.646945,0.496193
0.503602,0.437728,0.656629,0.496185
