timestamps,block,episode,init_pos,human_action,agent_action,prev_x,prev_y,next_x,next_y,ee_pos_x_prev,ee_pos_y_prev,ee_vel_x_prev,ee_vel_y_prev,ee_pos_x_next,ee_pos_y_next,ee_vel_x_next,ee_vel_y_next,cmd_acc_human,cmd_acc_agent
1.759833756412000000e+12,1.000000000000000000e+00,2.000000000000000000e+00,3.000000000000000000e+00,0.000000000000000000e+00,2.000000000000000000e+00,-1.629103593695677143e-01,2.673147016294807332e-01,-3.326586336595617199e-01,1.631029621335394197e-01,9.951576629278313657e-01,5.730936594152420405e-01,5.000000000000000000e-01,5.080000000000000071e-01,9.224131032148011333e-02,2.170879435735141583e-02,5.000000000000000000e-01,5.080000000000000071e-01,0.000000000000000000e+00,-2.000000000000000111e-01
1.759833756624000000e+12,1.000000000000000000e+00,2.000000000000000000e+00,3.000000000000000000e+00,0.000000000000000000e+00,2.000000000000000000e+00,-3.326593841365917403e-01,1.631289875433584446e-01,-3.326781249865545242e-01,1.637796346752132537e-01,9.223731842238425127e-02,2.184649493840445933e-02,4.000000000000000777e-01,5.080000000000000071e-01,9.213763305024179340e-02,2.528907235562567052e-02,5.000000000000000000e-01,5.080000000000000071e-01,0.000000000000000000e+00,-2.000000000000000111e-01
1.759833756830000000e+12,1.000000000000000000e+00,2.000000000000000000e+00,3.000000000000000000e+00,1.000000000000000056e-01,1.000000000000000000e+00,-3.326781249865545242e-01,1.637796346752132537e-01,-3.289446519479245490e-01,1.660085261184912064e-01,9.213763305024179340e-02,2.528907235562567052e-02,2.999999999999999889e-01,5.080000000000000071e-01,1.119965321918905965e-01,3.708214877508574092e-02,5.999999999999999778e-01,5.540000000000000480e-01,2.000000000000000042e-02,2.000000000000000111e-01
1.759833757036000000e+12,1.000000000000000000e+00,2.000000000000000000e+00,3.000000000000000000e+00,1.000000000000000056e-01,0.000000000000000000e+00,-3.286285768017785935e-01,1.661801311964197503e-01,-3.203291557610439821e-01,1.725478198525365880e-01,1.136777829692627029e-01,3.799011215036904310e-02,1.959999999999997300e-01,5.540000000000000480e-01,1.578236395689149030e-01,7.168158652135760145e-02,6.039999999999999813e-01,6.059999999999999831e-01,2.000000000000000042e-02,0.000000000000000000e+00
1.759833757244000000e+12,1.000000000000000000e+00,2.000000000000000000e+00,3.000000000000000000e+00,1.000000000000000056e-01,0.000000000000000000e+00,-3.203291557610439821e-01,1.725478198525365880e-01,-3.116930393727419535e-01,1.834099612825463022e-01,1.578236395689149030e-01,7.168158652135760145e-02,1.959999999999997300e-01,6.059999999999999831e-01,2.037604288683937670e-01,1.291532342991867921e-01,6.039999999999999813e-01,6.560000000000001386e-01,2.000000000000000042e-02,0.000000000000000000e+00
1.759833757452000000e+12,1.000000000000000000e+00,2.000000000000000000e+00,3.000000000000000000e+00,0.000000000000000000e+00,0.000000000000000000e+00,-3.116930393727419535e-01,1.834099612825463022e-01,-3.033881009694174846e-01,1.966302263560782970e-01,2.037604288683937670e-01,1.291532342991867921e-01,9.600000000000025180e-02,6.580000000000002514e-01,2.479356331413962722e-01,1.991017267517370404e-01,6.039999999999999813e-01,6.660000000000001474e-01,0.000000000000000000e+00,0.000000000000000000e+00
1.759833757659000000e+12,1.000000000000000000e+00,2.000000000000000000e+00,3.000000000000000000e+00,0.000000000000000000e+00,2.000000000000000000e+00,-3.033881009694174846e-01,1.966302263560782970e-01,-2.985157322594064189e-01,2.104552501053310321e-01,2.479356331413962722e-01,1.991017267517370404e-01,9.600000000000025180e-02,6.660000000000001474e-01,2.738524879818806657e-01,2.722500005573070814e-01,5.080000000000000071e-01,6.660000000000001474e-01,0.000000000000000000e+00,-2.000000000000000111e-01
1.759833757866000000e+12,1.000000000000000000e+00,2.000000000000000000e+00,3.000000000000000000e+00,0.000000000000000000e+00,1.000000000000000000e+00,-2.985157322594064189e-01,2.104552501053310321e-01,-2.944547312516287429e-01,2.237498845126141833e-01,2.738524879818806657e-01,2.722500005573070814e-01,1.959999999999997300e-01,6.660000000000001474e-01,2.954535571721874643e-01,3.425919815482232345e-01,6.039999999999999813e-01,6.660000000000001474e-01,0.000000000000000000e+00,2.000000000000000111e-01
1.759833758071000000e+12,1.000000000000000000e+00,2.000000000000000000e+00,3.000000000000000000e+00,-1.000000000000000056e-01,1.000000000000000000e+00,-2.941257723177854722e-01,2.242816633465380127e-01,-2.817418251509204996e-01,2.373037732575573600e-01,2.972033387351835643e-01,3.454056261721588084e-01,5.000000000000000000e-01,6.660000000000001474e-01,3.630753981334015057e-01,4.143056786114146517e-01,7.079999999999999627e-01,6.460000000000001297e-01,-2.000000000000000042e-02,2.000000000000000111e-01
1.759833758277000000e+12,1.000000000000000000e+00,2.000000000000000000e+00,3.000000000000000000e+00,-1.000000000000000056e-01,0.000000000000000000e+00,-2.817418251509204996e-01,2.373037732575573600e-01,-2.651224920268229757e-01,2.471184667414721425e-01,3.630753981334015057e-01,4.143056786114146517e-01,6.039999999999999813e-01,6.460000000000001297e-01,4.514761062403032654e-01,4.662352737644029355e-01,7.079999999999999627e-01,5.959999999999999742e-01,-2.000000000000000042e-02,0.000000000000000000e+00
1.759833758485000000e+12,1.000000000000000000e+00,2.000000000000000000e+00,3.000000000000000000e+00,0.000000000000000000e+00,0.000000000000000000e+00,-2.651224920268229757e-01,2.471184667414721425e-01,-2.478326903621004829e-01,2.531415354185805322e-01,4.514761062403032654e-01,4.662352737644029355e-01,5.040000000000000036e-01,5.959999999999999742e-01,5.434431363718058572e-01,4.981033620030716480e-01,7.079999999999999627e-01,5.540000000000000480e-01,0.000000000000000000e+00,0.000000000000000000e+00
1.759833758692000000e+12,1.000000000000000000e+00,2.000000000000000000e+00,3.000000000000000000e+00,0.000000000000000000e+00,0.000000000000000000e+00,-2.478326903621004829e-01,2.531415354185805322e-01,-2.312064842772375561e-01,2.574761942139446869e-01,5.434431363718058572e-01,4.981033620030716480e-01,6.079999999999999849e-01,5.540000000000000480e-01,6.318804027806512735e-01,5.210380646240460045e-01,7.079999999999999627e-01,5.540000000000000480e-01,0.000000000000000000e+00,0.000000000000000000e+00
1.759833758897000000e+12,1.000000000000000000e+00,2.000000000000000000e+00,3.000000000000000000e+00,0.000000000000000000e+00,1.000000000000000000e+00,-2.312064842772375561e-01,2.574761942139446869e-01,-2.108203223137276316e-01,2.618096481528128239e-01,6.318804027806512735e-01,5.210380646240460045e-01,7.079999999999999627e-01,5.540000000000000480e-01,7.403174345014487123e-01,5.439663923429250980e-01,8.080000000000003846e-01,5.540000000000000480e-01,0.000000000000000000e+00,2.000000000000000111e-01
1.759833759102000000e+12,1.000000000000000000e+00,2.000000000000000000e+00,3.000000000000000000e+00,0.000000000000000000e+00,2.000000000000000000e+00,-2.098399762729490914e-01,2.619829231287549853e-01,-1.886549589568960184e-01,2.663160914554009162e-01,7.455320411013346416e-01,5.448831911574338882e-01,8.080000000000003846e-01,5.540000000000000480e-01,8.582183034207658823e-01,5.678100077005340252e-01,7.120000000000000773e-01,5.540000000000000480e-01,0.000000000000000000e+00,-2.000000000000000111e-01
1.759833759307000000e+12,1.000000000000000000e+00,2.000000000000000000e+00,3.000000000000000000e+00,-1.000000000000000056e-01,1.000000000000000000e+00,-1.886549589568960184e-01,2.663160914554009162e-01,-1.679470793310912091e-01,2.693407647273569072e-01,8.582183034207658823e-01,5.678100077005340252e-01,8.120000000000002771e-01,5.540000000000000480e-01,9.683665993027064101e-01,5.838135699860154126e-01,8.120000000000002771e-01,5.120000000000000107e-01,-2.000000000000000042e-02,2.000000000000000111e-01
1.759833759514000000e+12,1.000000000000000000e+00,2.000000000000000000e+00,3.000000000000000000e+00,-1.000000000000000056e-01,0.000000000000000000e+00,-1.679470793310912091e-01,2.693407647273569072e-01,-1.627164440703555703e-01,2.684399724054739034e-01,9.683665993027064101e-01,5.838135699860154126e-01,8.120000000000002771e-01,5.120000000000000107e-01,9.961891272853427015e-01,5.790474730448355034e-01,5.000000000000000000e-01,4.620000000000000218e-01,-2.000000000000000042e-02,0.000000000000000000e+00
1.759833759724000000e+12,1.000000000000000000e+00,2.000000000000000000e+00,3.000000000000000000e+00,0.000000000000000000e+00,2.000000000000000000e+00,-1.627164440703555703e-01,2.684399724054739034e-01,-1.664804610271546359e-01,2.633164859643742362e-01,9.961891272853427015e-01,5.790474730448355034e-01,8.120000000000002771e-01,4.620000000000000218e-01,9.761677604938583386e-01,5.519390791765833582e-01,4.040000000000000258e-01,4.200000000000000955e-01,0.000000000000000000e+00,-2.000000000000000111e-01
1.759833759930000000e+12,1.000000000000000000e+00,2.000000000000000000e+00,3.000000000000000000e+00,0.000000000000000000e+00,0.000000000000000000e+00,-1.664804610271546359e-01,2.633164859643742362e-01,-1.744806505044033118e-01,2.569320953179421996e-01,9.761677604938583386e-01,5.519390791765833582e-01,8.120000000000002771e-01,4.200000000000000955e-01,9.336135611467909490e-01,5.181592344864667243e-01,4.000000000000000777e-01,4.200000000000000955e-01,0.000000000000000000e+00,0.000000000000000000e+00
1.759833760140000000e+12,1.000000000000000000e+00,2.000000000000000000e+00,3.000000000000000000e+00,0.000000000000000000e+00,0.000000000000000000e+00,-1.744806505044033118e-01,2.569320953179421996e-01,-1.828077203397722172e-01,2.502916803161731041e-01,9.336135611467909490e-01,5.181592344864667243e-01,8.120000000000002771e-01,4.200000000000000955e-01,8.893206364905733574e-01,4.830247635776355186e-01,4.000000000000000777e-01,4.200000000000000955e-01,0.000000000000000000e+00,0.000000000000000000e+00
1.759833760348000000e+12,1.000000000000000000e+00,2.000000000000000000e+00,3.000000000000000000e+00,1.000000000000000056e-01,1.000000000000000000e+00,-1.828077203397722172e-01,2.502916803161731041e-01,-1.870550583081720952e-01,2.454888990121407433e-01,8.893206364905733574e-01,4.830247635776355186e-01,5.000000000000000000e-01,4.200000000000000955e-01,8.667284132544037512e-01,4.576132222864590093e-01,5.000000000000000000e-01,4.660000000000000253e-01,2.000000000000000042e-02,2.000000000000000111e-01
1.759833760556000000e+12,1.000000000000000000e+00,2.000000000000000000e+00,3.000000000000000000e+00,0.000000000000000000e+00,0.000000000000000000e+00,-1.870550583081720952e-01,2.454888990121407433e-01,-1.870659601329595911e-01,2.445388267742401589e-01,8.667284132544037512e-01,4.576132222864590093e-01,5.000000000000000000e-01,4.660000000000000253e-01,8.666704248246830389e-01,4.525863850488897611e-01,5.000000000000000000e-01,5.020000000000000018e-01,0.000000000000000000e+00,0.000000000000000000e+00
1.759833760761000000e+12,1.000000000000000000e+00,2.000000000000000000e+00,3.000000000000000000e+00,0.000000000000000000e+00,2.000000000000000000e+00,-1.870662695558682476e-01,2.445458156864101229e-01,-1.908229225136603424e-01,2.447203709379618952e-01,8.666687789581476453e-01,4.526233634201594080e-01,5.000000000000000000e-01,5.020000000000000018e-01,8.466865823741470676e-01,4.535469361796926058e-01,4.000000000000000777e-01,5.020000000000000018e-01,0.000000000000000000e+00,-2.000000000000000111e-01
1.759833760968000000e+12,1.000000000000000000e+00,2.000000000000000000e+00,3.000000000000000000e+00,1.000000000000000056e-01,1.000000000000000000e+00,-1.908229225136603424e-01,2.447203709379618952e-01,-1.950664463723460751e-01,2.458454451489964776e-01,8.466865823741470676e-01,4.535469361796926058e-01,5.000000000000000000e-01,5.020000000000000018e-01,8.241146469556059895e-01,4.594997097830502142e-01,5.000000000000000000e-01,5.379999999999999227e-01,2.000000000000000042e-02,2.000000000000000111e-01
1.759833761173000000e+12,1.000000000000000000e+00,2.000000000000000000e+00,3.000000000000000000e+00,0.000000000000000000e+00,2.000000000000000000e+00,-1.950664463723460751e-01,2.458454451489964776e-01,-1.988350714468269387e-01,2.502982170065031209e-01,8.241146469556059895e-01,4.594997097830502142e-01,4.000000000000000777e-01,5.379999999999999227e-01,8.040687688998566784e-01,4.830593492407573297e-01,4.000000000000000777e-01,5.619999999999999440e-01,0.000000000000000000e+00,-2.000000000000000111e-01
1.759833761379000000e+12,1.000000000000000000e+00,2.000000000000000000e+00,3.000000000000000000e+00,-1.000000000000000056e-01,0.000000000000000000e+00,-1.991522415893272890e-01,2.504972261290656643e-01,-2.074788644714837815e-01,2.554575353639405022e-01,8.023816936737909744e-01,4.841123075611940552e-01,2.959999999999999853e-01,5.619999999999999440e-01,7.580911464282777956e-01,5.103573299679392550e-01,3.960000000000000187e-01,5.560000000000000497e-01,-2.000000000000000042e-02,0.000000000000000000e+00
1.759833761587000000e+12,1.000000000000000000e+00,2.000000000000000000e+00,3.000000000000000000e+00,-1.000000000000000056e-01,0.000000000000000000e+00,-2.074788644714837815e-01,2.554575353639405022e-01,-2.161431940844263933e-01,2.580966612443345576e-01,7.580911464282777956e-01,5.103573299679392550e-01,3.960000000000000187e-01,5.560000000000000497e-01,7.120042867849659673e-01,5.243209589647331859e-01,3.960000000000000187e-01,5.060000000000000053e-01,-2.000000000000000042e-02,0.000000000000000000e+00
1.759833761793000000e+12,1.000000000000000000e+00,2.000000000000000000e+00,3.000000000000000000e+00,0.000000000000000000e+00,2.000000000000000000e+00,-2.161431940844263933e-01,2.580966612443345576e-01,-2.282306113148612758e-01,2.577394911555555002e-01,7.120042867849659673e-01,5.243209589647331859e-01,2.999999999999999889e-01,5.040000000000000036e-01,6.477095142826527763e-01,5.224311701352143400e-01,2.959999999999999853e-01,4.939999999999999947e-01,0.000000000000000000e+00,-2.000000000000000111e-01
1.759833762000000000e+12,1.000000000000000000e+00,2.000000000000000000e+00,3.000000000000000000e+00,0.000000000000000000e+00,0.000000000000000000e+00,-2.282306113148612758e-01,2.577394911555555002e-01,-2.445612823500760702e-01,2.572744614277663322e-01,6.477095142826527763e-01,5.224311701352143400e-01,2.999999999999999889e-01,4.939999999999999947e-01,5.608442428187442319e-01,5.199706953850070645e-01,2.959999999999999853e-01,4.939999999999999947e-01,0.000000000000000000e+00,0.000000000000000000e+00
1.759833762205000000e+12,1.000000000000000000e+00,2.000000000000000000e+00,3.000000000000000000e+00,0.000000000000000000e+00,2.000000000000000000e+00,-2.452146736905879976e-01,2.572558681804750780e-01,-2.653122341528225125e-01,2.567901285421861912e-01,5.573687569649574680e-01,5.198723184152120869e-01,3.999999999999999667e-01,4.939999999999999947e-01,4.504668396126461638e-01,5.174080875247947242e-01,1.959999999999997300e-01,4.939999999999999947e-01,0.000000000000000000e+00,-2.000000000000000111e-01
1.759833762414000000e+12,1.000000000000000000e+00,2.000000000000000000e+00,3.000000000000000000e+00,0.000000000000000000e+00,1.000000000000000000e+00,-2.653122341528225125e-01,2.567901285421861912e-01,-2.858828753026883551e-01,2.563249048344133918e-01,4.504668396126461638e-01,5.174080875247947242e-01,3.039999999999999925e-01,4.939999999999999947e-01,3.410485356239980614e-01,5.149465864254677561e-01,2.959999999999999853e-01,4.939999999999999947e-01,0.000000000000000000e+00,2.000000000000000111e-01
1.759833762620000000e+12,1.000000000000000000e+00,2.000000000000000000e+00,3.000000000000000000e+00,-1.000000000000000056e-01,0.000000000000000000e+00,-2.865396821602531063e-01,2.563063644052691048e-01,-3.025641959605865905e-01,2.556743748650748271e-01,3.375548821263131827e-01,5.148484889167678213e-01,4.040000000000000258e-01,4.939999999999999947e-01,2.523181065926244360e-01,5.115046289157398895e-01,2.999999999999999889e-01,4.779999999999999805e-01,-2.000000000000000042e-02,0.000000000000000000e+00
1.759833762824000000e+12,1.000000000000000000e+00,2.000000000000000000e+00,3.000000000000000000e+00,0.000000000000000000e+00,2.000000000000000000e+00,-3.025641959605865905e-01,2.556743748650748271e-01,-3.223446611658770666e-01,2.520887429815313885e-01,2.523181065926244360e-01,5.115046289157398895e-01,2.999999999999999889e-01,4.779999999999999805e-01,1.471028661389516823e-01,4.925330316483143012e-01,1.999999999999997613e-01,4.360000000000000542e-01,0.000000000000000000e+00,-2.000000000000000111e-01
1.759833763033000000e+12,1.000000000000000000e+00,2.000000000000000000e+00,3.000000000000000000e+00,0.000000000000000000e+00,2.000000000000000000e+00,-3.223446611658770666e-01,2.520887429815313885e-01,-3.493356360388873427e-01,2.469820400733127863e-01,1.471028661389516823e-01,4.925330316483143012e-01,1.999999999999997613e-01,4.360000000000000542e-01,3.533850856982101874e-03,4.655134395413375592e-01,5.000000000000000000e-01,4.360000000000000542e-01,0.000000000000000000e+00,-2.000000000000000111e-01
1.759833763240000000e+12,1.000000000000000000e+00,2.000000000000000000e+00,3.000000000000000000e+00,0.000000000000000000e+00,0.000000000000000000e+00,-3.493368635816848089e-01,2.467780457539898165e-01,-3.493672735537420859e-01,2.416778430325808857e-01,3.527321374016856477e-03,4.644341045184646743e-01,2.959999999999999853e-01,4.360000000000000542e-01,3.365566203499425167e-03,4.374489049342904501e-01,5.000000000000000000e-01,4.360000000000000542e-01,0.000000000000000000e+00,0.000000000000000000e+00
1.759833763442000000e+12,1.000000000000000000e+00,2.000000000000000000e+00,3.000000000000000000e+00,1.000000000000000056e-01,1.000000000000000000e+00,-3.493672735537420859e-01,2.416778430325808857e-01,-3.456331571959698201e-01,2.366111167094023804e-01,3.365566203499425167e-03,4.374489049342904501e-01,1.919999999999997264e-01,4.360000000000000542e-01,2.322788725547956720e-02,4.106408291502771646e-01,5.999999999999999778e-01,4.440000000000000058e-01,2.000000000000000042e-02,2.000000000000000111e-01
1.759833763655000000e+12,1.000000000000000000e+00,2.000000000000000000e+00,3.000000000000000000e+00,1.000000000000000056e-01,2.000000000000000000e+00,-3.456331571959698201e-01,2.366111167094023804e-01,-3.407912767049986469e-01,2.340088922606384236e-01,2.322788725547956720e-02,4.106408291502771646e-01,9.200000000000027600e-02,4.440000000000000058e-01,4.898257071809219293e-02,3.968724458234837438e-01,5.040000000000000036e-01,4.960000000000000520e-01,2.000000000000000042e-02,-2.000000000000000111e-01
1.759833763861000000e+12,1.000000000000000000e+00,2.000000000000000000e+00,3.000000000000000000e+00,0.000000000000000000e+00,0.000000000000000000e+00,-3.407912767049986469e-01,2.340088922606384236e-01,-3.404952754040976304e-01,2.352514979035585652e-01,4.898257071809219293e-02,3.968724458234837438e-01,5.000000000000000000e-01,4.960000000000000520e-01,5.055704572288483717e-02,4.034470788548072395e-01,5.040000000000000036e-01,5.240000000000000213e-01,0.000000000000000000e+00,0.000000000000000000e+00
1.759833764069000000e+12,1.000000000000000000e+00,2.000000000000000000e+00,3.000000000000000000e+00,0.000000000000000000e+00,1.000000000000000000e+00,-3.404952754040976304e-01,2.352514979035585652e-01,-3.361186236736729005e-01,2.372667850802045175e-01,5.055704572288483717e-02,4.034470788548072395e-01,5.000000000000000000e-01,5.240000000000000213e-01,7.383710811876105506e-02,4.141099739693361315e-01,6.039999999999999813e-01,5.240000000000000213e-01,0.000000000000000000e+00,2.000000000000000111e-01
1.759833764274000000e+12,1.000000000000000000e+00,2.000000000000000000e+00,3.000000000000000000e+00,0.000000000000000000e+00,0.000000000000000000e+00,-3.361186236736729005e-01,2.372667850802045175e-01,-3.275075558120669195e-01,2.392040712746053843e-01,7.383710811876105506e-02,4.141099739693361315e-01,5.000000000000000000e-01,5.240000000000000213e-01,1.196406605741120316e-01,4.243601654741026019e-01,6.079999999999999849e-01,5.240000000000000213e-01,0.000000000000000000e+00,0.000000000000000000e+00
1.759833764482000000e+12,1.000000000000000000e+00,2.000000000000000000e+00,3.000000000000000000e+00,0.000000000000000000e+00,0.000000000000000000e+00,-3.275075558120669195e-01,2.392040712746053843e-01,-3.188918689634205328e-01,2.411412394061061837e-01,1.196406605741120316e-01,4.243601654741026019e-01,6.039999999999999813e-01,5.240000000000000213e-01,1.654687821094651679e-01,4.346097323074401553e-01,6.079999999999999849e-01,5.240000000000000213e-01,0.000000000000000000e+00,0.000000000000000000e+00
1.759833764686000000e+12,1.000000000000000000e+00,2.000000000000000000e+00,3.000000000000000000e+00,0.000000000000000000e+00,1.000000000000000000e+00,-3.185472109891563930e-01,2.412187227629521424e-01,-3.061697695322930235e-01,2.431550317198728772e-01,1.673020692066148341e-01,4.350196971584769923e-01,5.040000000000000036e-01,5.240000000000000213e-01,2.331395237643987262e-01,4.452647180945655259e-01,7.079999999999999627e-01,5.240000000000000213e-01,0.000000000000000000e+00,2.000000000000000111e-01
1.759833764892000000e+12,1.000000000000000000e+00,2.000000000000000000e+00,3.000000000000000000e+00,0.000000000000000000e+00,0.000000000000000000e+00,-3.061697695322930235e-01,2.431550317198728772e-01,-2.895531153241825417e-01,2.450900291066588077e-01,2.331395237643987262e-01,4.452647180945655259e-01,5.000000000000000000e-01,5.240000000000000213e-01,3.215259823181779164e-01,4.555027995061313173e-01,7.079999999999999627e-01,5.240000000000000213e-01,0.000000000000000000e+00,0.000000000000000000e+00
1.759833765104000000e+12,1.000000000000000000e+00,2.000000000000000000e+00,3.000000000000000000e+00,0.000000000000000000e+00,2.000000000000000000e+00,-2.888882741866694581e-01,2.451674212378348039e-01,-2.760247341413196165e-01,2.471029573578763239e-01,3.250623713475028209e-01,4.559122816816656987e-01,5.999999999999999778e-01,5.240000000000000213e-01,3.934854566951083710e-01,4.661532135337372318e-01,6.079999999999999849e-01,5.240000000000000213e-01,0.000000000000000000e+00,-2.000000000000000111e-01
1.759833765309000000e+12,1.000000000000000000e+00,2.000000000000000000e+00,3.000000000000000000e+00,0.000000000000000000e+00,0.000000000000000000e+00,-2.760247341413196165e-01,2.471029573578763239e-01,-2.673968183204446514e-01,2.490392119732844911e-01,3.934854566951083710e-01,4.661532135337372318e-01,7.000000000000000666e-01,5.240000000000000213e-01,4.393786259550815920e-01,4.763979469485952190e-01,6.079999999999999849e-01,5.240000000000000213e-01,0.000000000000000000e+00,0.000000000000000000e+00
1.759833765516000000e+12,1.000000000000000000e+00,2.000000000000000000e+00,3.000000000000000000e+00,0.000000000000000000e+00,1.000000000000000000e+00,-2.670518722260037392e-01,2.491166607395006172e-01,-2.546691970118283299e-01,2.510521103868885162e-01,4.412134456063630528e-01,4.768077287804265985e-01,5.000000000000000000e-01,5.240000000000000213e-01,5.070787392987854414e-01,4.870482031052302818e-01,7.079999999999999627e-01,5.240000000000000213e-01,0.000000000000000000e+00,2.000000000000000111e-01
1.759833765721000000e+12,1.000000000000000000e+00,2.000000000000000000e+00,3.000000000000000000e+00,0.000000000000000000e+00,1.000000000000000000e+00,-2.546691970118283299e-01,2.510521103868885162e-01,-2.342912329752281086e-01,2.529850430314274368e-01,5.070787392987854414e-01,4.870482031052302818e-01,5.000000000000000000e-01,5.240000000000000213e-01,6.154721650253823784e-01,4.972753599546425596e-01,8.080000000000003846e-01,5.240000000000000213e-01,0.000000000000000000e+00,2.000000000000000111e-01
1.759833765927000000e+12,1.000000000000000000e+00,2.000000000000000000e+00,3.000000000000000000e+00,0.000000000000000000e+00,2.000000000000000000e+00,-2.342912329752281086e-01,2.529850430314274368e-01,-2.121259365880099335e-01,2.549945173336825577e-01,6.154721650253823784e-01,4.972753599546425596e-01,5.000000000000000000e-01,5.240000000000000213e-01,7.333726777233513516e-01,5.079074991200135392e-01,7.160000000000000808e-01,5.240000000000000213e-01,0.000000000000000000e+00,-2.000000000000000111e-01
1.759833766132000000e+12,1.000000000000000000e+00,2.000000000000000000e+00,3.000000000000000000e+00,0.000000000000000000e+00,2.000000000000000000e+00,-2.121259365880099335e-01,2.549945173336825577e-01,-1.989343347633101555e-01,2.569289894489854009e-01,7.333726777233513516e-01,5.079074991200135392e-01,5.000000000000000000e-01,5.240000000000000213e-01,8.035407725355843134e-01,5.181428013173831060e-01,6.119999999999999885e-01,5.240000000000000213e-01,0.000000000000000000e+00,-2.000000000000000111e-01
1.759833766338000000e+12,1.000000000000000000e+00,2.000000000000000000e+00,3.000000000000000000e+00,-1.000000000000000056e-01,2.000000000000000000e+00,-1.989343347633101555e-01,2.569289894489854009e-01,-1.936910943259133600e-01,2.587782792519589536e-01,8.035407725355843134e-01,5.181428013173831060e-01,6.039999999999999813e-01,5.240000000000000213e-01,8.314303493302480641e-01,5.279274034495183843e-01,5.120000000000000107e-01,5.100000000000000089e-01,-2.000000000000000042e-02,-2.000000000000000111e-01
1.759833766548000000e+12,1.000000000000000000e+00,2.000000000000000000e+00,3.000000000000000000e+00,0.000000000000000000e+00,0.000000000000000000e+00,-1.936910943259133600e-01,2.587782792519589536e-01,-1.930553525736015130e-01,2.575688422958478108e-01,8.314303493302480641e-01,5.279274034495183843e-01,6.039999999999999813e-01,5.080000000000000071e-01,8.348119543957366329e-01,5.215282661155969945e-01,5.080000000000000071e-01,4.640000000000000235e-01,0.000000000000000000e+00,0.000000000000000000e+00
1.759833766756000000e+12,1.000000000000000000e+00,2.000000000000000000e+00,3.000000000000000000e+00,0.000000000000000000e+00,1.000000000000000000e+00,-1.930301075188560478e-01,2.574542842647560836e-01,-1.886436409106065359e-01,2.545899298707778313e-01,8.349462366018295389e-01,5.209221389669634883e-01,5.000000000000000000e-01,4.640000000000000235e-01,8.582785057946460405e-01,5.057668247131102968e-01,6.079999999999999849e-01,4.640000000000000235e-01,0.000000000000000000e+00,2.000000000000000111e-01
1.759833766964000000e+12,1.000000000000000000e+00,2.000000000000000000e+00,3.000000000000000000e+00,1.000000000000000056e-01,2.000000000000000000e+00,-1.886436409106065359e-01,2.545899298707778313e-01,-1.831079521529003773e-01,2.517328206568865689e-01,8.582785057946460405e-01,5.057668247131102968e-01,5.000000000000000000e-01,4.640000000000000235e-01,8.877236587611682106e-01,4.906498447454316625e-01,5.160000000000000142e-01,4.760000000000000342e-01,2.000000000000000042e-02,-2.000000000000000111e-01
1.759833767172000000e+12,1.000000000000000000e+00,2.000000000000000000e+00,3.000000000000000000e+00,1.000000000000000056e-01,0.000000000000000000e+00,-1.831079521529003773e-01,2.517328206568865689e-01,-1.824294207759844799e-01,2.519589297013417051e-01,8.877236587611682106e-01,4.906498447454316625e-01,5.000000000000000000e-01,4.779999999999999805e-01,8.913328682128485170e-01,4.918461888959879125e-01,5.080000000000000071e-01,5.279999999999999138e-01,2.000000000000000042e-02,0.000000000000000000e+00
1.759833767378000000e+12,1.000000000000000000e+00,2.000000000000000000e+00,3.000000000000000000e+00,0.000000000000000000e+00,0.000000000000000000e+00,-1.824294207759844799e-01,2.519589297013417051e-01,-1.817969866836602055e-01,2.545262308376897153e-01,8.913328682128485170e-01,4.918461888959879125e-01,5.000000000000000000e-01,5.300000000000000266e-01,8.946968793422329647e-01,5.054297927920091693e-01,5.080000000000000071e-01,5.320000000000000284e-01,0.000000000000000000e+00,0.000000000000000000e+00
1.759833767584000000e+12,1.000000000000000000e+00,2.000000000000000000e+00,3.000000000000000000e+00,0.000000000000000000e+00,1.000000000000000000e+00,-1.817969866836602055e-01,2.545262308376897153e-01,-1.776973715252990194e-01,2.571015838244202212e-01,8.946968793422329647e-01,5.054297927920091693e-01,5.000000000000000000e-01,5.320000000000000284e-01,9.165033429505371476e-01,5.190559990710065241e-01,6.039999999999999813e-01,5.320000000000000284e-01,0.000000000000000000e+00,2.000000000000000111e-01
1.759833767789000000e+12,1.000000000000000000e+00,2.000000000000000000e+00,3.000000000000000000e+00,0.000000000000000000e+00,2.000000000000000000e+00,-1.773680680098032036e-01,2.572045838415509822e-01,-1.724953612337647435e-01,2.597800815966489485e-01,9.182549573946637844e-01,5.196009727066189798e-01,5.000000000000000000e-01,5.320000000000000284e-01,9.441736104586981870e-01,5.332279449558146034e-01,5.080000000000000071e-01,5.320000000000000284e-01,0.000000000000000000e+00,-2.000000000000000111e-01
1.759833767997000000e+12,1.000000000000000000e+00,2.000000000000000000e+00,3.000000000000000000e+00,-1.000000000000000056e-01,0.000000000000000000e+00,-1.724953612337647435e-01,2.597800815966489485e-01,-1.718611811713644799e-01,2.612905015480722626e-01,9.441736104586981870e-01,5.332279449558146034e-01,5.000000000000000000e-01,5.320000000000000284e-01,9.475469086629548787e-01,5.412195849104353140e-01,5.080000000000000071e-01,4.939999999999999947e-01,-2.000000000000000042e-02,0.000000000000000000e+00
1.759833768204000000e+12,1.000000000000000000e+00,2.000000000000000000e+00,3.000000000000000000e+00,0.000000000000000000e+00,0.000000000000000000e+00,-1.718358815939394768e-01,2.612735456077003304e-01,-1.712031741382872840e-01,2.588526947280667123e-01,9.476814808833006198e-01,5.411298709402134754e-01,5.000000000000000000e-01,4.919999999999999929e-01,9.510469460729400470e-01,5.283211361273371098e-01,5.080000000000000071e-01,4.540000000000000147e-01,0.000000000000000000e+00,0.000000000000000000e+00
1.759833768413000000e+12,1.000000000000000000e+00,2.000000000000000000e+00,3.000000000000000000e+00,0.000000000000000000e+00,0.000000000000000000e+00,-1.712031741382872840e-01,2.588526947280667123e-01,-1.705447366676615117e-01,2.550416490928085755e-01,9.510469460729400470e-01,5.283211361273371098e-01,5.999999999999999778e-01,4.540000000000000147e-01,9.545492730443536633e-01,5.081568735069237341e-01,5.080000000000000071e-01,4.540000000000000147e-01,0.000000000000000000e+00,0.000000000000000000e+00
1.759833768622000000e+12,1.000000000000000000e+00,2.000000000000000000e+00,3.000000000000000000e+00,0.000000000000000000e+00,2.000000000000000000e+00,-1.705447366676615117e-01,2.550416490928085755e-01,-1.736792691971601466e-01,2.513765995334190650e-01,9.545492730443536633e-01,5.081568735069237341e-01,5.999999999999999778e-01,4.540000000000000147e-01,9.378762276746800408e-01,4.887650768963971992e-01,4.080000000000000293e-01,4.540000000000000147e-01,0.000000000000000000e+00,-2.000000000000000111e-01
1.759833768829000000e+12,1.000000000000000000e+00,2.000000000000000000e+00,3.000000000000000000e+00,1.000000000000000056e-01,1.000000000000000000e+00,-1.739707286513542672e-01,2.512299753079138553e-01,-1.779006352731683505e-01,2.484053269146730969e-01,9.363259114289667062e-01,4.879892873434595879e-01,5.000000000000000000e-01,4.540000000000000147e-01,9.154221528022959964e-01,4.730440577495931831e-01,5.040000000000000036e-01,4.879999999999999893e-01,2.000000000000000042e-02,2.000000000000000111e-01
1.759833769038000000e+12,1.000000000000000000e+00,2.000000000000000000e+00,3.000000000000000000e+00,1.000000000000000056e-01,1.000000000000000000e+00,-1.779006352731683505e-01,2.484053269146730969e-01,-1.738354054349161570e-01,2.493357301796161052e-01,9.154221528022959964e-01,4.730440577495931831e-01,3.960000000000000187e-01,4.879999999999999893e-01,9.370457157717225760e-01,4.779668263471751888e-01,6.039999999999999813e-01,5.379999999999999227e-01,2.000000000000000042e-02,2.000000000000000111e-01
1.759833769241000000e+12,1.000000000000000000e+00,2.000000000000000000e+00,3.000000000000000000e+00,0.000000000000000000e+00,0.000000000000000000e+00,-1.735060635563983322e-01,2.494562915326482555e-01,-1.648753963514943133e-01,2.529663728124826871e-01,9.387975342744769858e-01,4.786047171039590764e-01,3.960000000000000187e-01,5.379999999999999227e-01,9.847053385558813821e-01,4.971765757274216879e-01,6.079999999999999849e-01,5.440000000000000391e-01,0.000000000000000000e+00,0.000000000000000000e+00
1.759833769450000000e+12,1.000000000000000000e+00,2.000000000000000000e+00,3.000000000000000000e+00,0.000000000000000000e+00,0.000000000000000000e+00,-1.648753963514943133e-01,2.529663728124826871e-01,-1.620304513426041870e-01,2.566426579513537698e-01,9.847053385558813821e-01,4.971765757274216879e-01,5.000000000000000000e-01,5.440000000000000391e-01,9.998380247733820170e-01,5.166278198484327566e-01,5.000000000000000000e-01,5.440000000000000391e-01,0.000000000000000000e+00,0.000000000000000000e+00
1.759833769659000000e+12,1.000000000000000000e+00,2.000000000000000000e+00,3.000000000000000000e+00,0.000000000000000000e+00,1.000000000000000000e+00,-1.620304513426041870e-01,2.566426579513537698e-01,-1.620367662979343981e-01,2.601781999052065197e-01,9.998380247733820170e-01,5.166278198484327566e-01,5.000000000000000000e-01,5.440000000000000391e-01,9.998044345854553150e-01,5.353343910328387523e-01,5.000000000000000000e-01,5.440000000000000391e-01,0.000000000000000000e+00,2.000000000000000111e-01
1.759833769870000000e+12,1.000000000000000000e+00,2.000000000000000000e+00,3.000000000000000000e+00,0.000000000000000000e+00,2.000000000000000000e+00,-1.620367662979343981e-01,2.601781999052065197e-01,-1.658036086319644720e-01,2.637140300176677998e-01,9.998044345854553150e-01,5.353343910328387523e-01,5.999999999999999778e-01,5.440000000000000391e-01,9.797680391916783194e-01,5.540424868659672430e-01,4.000000000000000777e-01,5.440000000000000391e-01,0.000000000000000000e+00,-2.000000000000000111e-01
1.759833770079000000e+12,1.000000000000000000e+00,2.000000000000000000e+00,3.000000000000000000e+00,-1.000000000000000056e-01,0.000000000000000000e+00,-1.661207067712572871e-01,2.638554617631828081e-01,-1.744422007191668011e-01,2.671202375695996833e-01,9.780813469613974798e-01,5.547908029798033214e-01,5.999999999999999778e-01,5.440000000000000391e-01,9.338180812810277232e-01,5.720647490455010864e-01,3.960000000000000187e-01,5.240000000000000213e-01,-2.000000000000000042e-02,0.000000000000000000e+00
1.759833770283000000e+12,1.000000000000000000e+00,2.000000000000000000e+00,3.000000000000000000e+00,0.000000000000000000e+00,1.000000000000000000e+00,-1.744422007191668011e-01,2.671202375695996833e-01,-1.793422208935124829e-01,2.670968019403174298e-01,9.338180812810277232e-01,5.720647490455010864e-01,4.960000000000000520e-01,5.240000000000000213e-01,9.077541441834442448e-01,5.719407510069706158e-01,4.960000000000000520e-01,4.740000000000000324e-01,0.000000000000000000e+00,2.000000000000000111e-01
1.759833770499000000e+12,1.000000000000000000e+00,2.000000000000000000e+00,3.000000000000000000e+00,0.000000000000000000e+00,2.000000000000000000e+00,-1.793422208935124829e-01,2.670968019403174298e-01,-1.834290944110044119e-01,2.650334093219944842e-01,9.077541441834442448e-01,5.719407510069706158e-01,4.960000000000000520e-01,4.740000000000000324e-01,8.860154552606148703e-01,5.610233297460026636e-01,3.960000000000000187e-01,4.740000000000000324e-01,0.000000000000000000e+00,-2.000000000000000111e-01
1.759833770704000000e+12,1.000000000000000000e+00,2.000000000000000000e+00,3.000000000000000000e+00,0.000000000000000000e+00,2.000000000000000000e+00,-1.834290944110044119e-01,2.650334093219944842e-01,-1.955117489674901288e-01,2.629687359524413570e-01,8.860154552606148703e-01,5.610233297460026636e-01,3.960000000000000187e-01,4.740000000000000324e-01,8.217460161303716815e-01,5.500991320234993598e-01,2.959999999999999853e-01,4.740000000000000324e-01,0.000000000000000000e+00,-2.000000000000000111e-01
1.759833770911000000e+12,1.000000000000000000e+00,2.000000000000000000e+00,3.000000000000000000e+00,0.000000000000000000e+00,1.000000000000000000e+00,-1.961601389424050823e-01,2.628861116189408209e-01,-2.090535447444252792e-01,2.608212675471550113e-01,8.182971332850793589e-01,5.496619662377821847e-01,5.000000000000000000e-01,4.740000000000000324e-01,7.497151875296527157e-01,5.387368653288625575e-01,3.920000000000000151e-01,4.740000000000000324e-01,0.000000000000000000e+00,2.000000000000000111e-01
1.759833771116000000e+12,1.000000000000000000e+00,2.000000000000000000e+00,3.000000000000000000e+00,0.000000000000000000e+00,1.000000000000000000e+00,-2.090535447444252792e-01,2.608212675471550113e-01,-2.139491335835886909e-01,2.587576270626565367e-01,7.497151875296527157e-01,5.387368653288625575e-01,5.000000000000000000e-01,4.740000000000000324e-01,7.236748213638899418e-01,5.278181326066484491e-01,4.919999999999999929e-01,4.740000000000000324e-01,0.000000000000000000e+00,2.000000000000000111e-01
1.759833771324000000e+12,1.000000000000000000e+00,2.000000000000000000e+00,3.000000000000000000e+00,0.000000000000000000e+00,0.000000000000000000e+00,-2.139491335835886909e-01,2.587576270626565367e-01,-2.143139663500110426e-01,2.566114969139731139e-01,7.236748213638899418e-01,5.278181326066484491e-01,5.000000000000000000e-01,4.740000000000000324e-01,7.217342215424944474e-01,5.164629466347784303e-01,4.960000000000000520e-01,4.740000000000000324e-01,0.000000000000000000e+00,0.000000000000000000e+00
1.759833771532000000e+12,1.000000000000000000e+00,2.000000000000000000e+00,3.000000000000000000e+00,0.000000000000000000e+00,0.000000000000000000e+00,-2.143139663500110426e-01,2.566114969139731139e-01,-2.146445947587987402e-01,2.545476522562328259e-01,7.217342215424944474e-01,5.164629466347784303e-01,5.999999999999999778e-01,4.740000000000000324e-01,7.199755597936237095e-01,5.055431336308615631e-01,4.960000000000000520e-01,4.740000000000000324e-01,0.000000000000000000e+00,0.000000000000000000e+00
1.759833771740000000e+12,1.000000000000000000e+00,2.000000000000000000e+00,3.000000000000000000e+00,0.000000000000000000e+00,2.000000000000000000e+00,-2.146578153761329877e-01,2.544650923389715214e-01,-2.187563819662229070e-01,2.524688030519528503e-01,7.199052373609947653e-01,5.051063086718070583e-01,6.039999999999999813e-01,4.740000000000000324e-01,6.981043512434951248e-01,4.945439314918140816e-01,3.960000000000000187e-01,4.760000000000000342e-01,0.000000000000000000e+00,-2.000000000000000111e-01
1.759833771948000000e+12,1.000000000000000000e+00,2.000000000000000000e+00,3.000000000000000000e+00,1.000000000000000056e-01,0.000000000000000000e+00,-2.190864145538896912e-01,2.523926134305586322e-01,-2.277359630444724670e-01,2.505037656363753862e-01,6.963488587559059084e-01,4.941408118018975615e-01,6.039999999999999813e-01,4.760000000000000342e-01,6.503406221038697810e-01,4.841469081289703769e-01,3.920000000000000151e-01,4.819999999999999840e-01,2.000000000000000042e-02,0.000000000000000000e+00
1.759833772156000000e+12,1.000000000000000000e+00,2.000000000000000000e+00,3.000000000000000000e+00,0.000000000000000000e+00,0.000000000000000000e+00,-2.277359630444724670e-01,2.505037656363753862e-01,-2.363879976395307503e-01,2.509414493722379458e-01,6.503406221038697810e-01,4.841469081289703769e-01,5.040000000000000036e-01,4.819999999999999840e-01,6.043191614918577148e-01,4.864626950912060988e-01,3.920000000000000151e-01,5.260000000000000231e-01,0.000000000000000000e+00,0.000000000000000000e+00
1.759833772361000000e+12,1.000000000000000000e+00,2.000000000000000000e+00,3.000000000000000000e+00,0.000000000000000000e+00,0.000000000000000000e+00,-2.363879976395307503e-01,2.509414493722379458e-01,-2.453872751942260677e-01,2.531210437739045416e-01,6.043191614918577148e-01,4.864626950912060988e-01,5.040000000000000036e-01,5.260000000000000231e-01,5.564506638604995725e-01,4.979949406026695780e-01,3.920000000000000151e-01,5.260000000000000231e-01,0.000000000000000000e+00,0.000000000000000000e+00
1.759833772568000000e+12,1.000000000000000000e+00,2.000000000000000000e+00,3.000000000000000000e+00,0.000000000000000000e+00,1.000000000000000000e+00,-2.453872751942260677e-01,2.531210437739045416e-01,-2.502686736026703551e-01,2.552176304543901098e-01,5.564506638604995725e-01,4.979949406026695780e-01,5.040000000000000036e-01,5.260000000000000231e-01,5.304857787092002175e-01,5.090879918221699052e-01,4.919999999999999929e-01,5.260000000000000231e-01,0.000000000000000000e+00,2.000000000000000111e-01
1.759833772776000000e+12,1.000000000000000000e+00,2.000000000000000000e+00,3.000000000000000000e+00,-1.000000000000000056e-01,2.000000000000000000e+00,-2.502980549819813216e-01,2.553015107823358720e-01,-2.543976745974715348e-01,2.571273111670369094e-01,5.303294947766951095e-01,5.095318030811422094e-01,4.040000000000000258e-01,5.260000000000000231e-01,5.085230074602578032e-01,5.191921225769149384e-01,3.960000000000000187e-01,5.060000000000000053e-01,-2.000000000000000042e-02,-2.000000000000000111e-01
1.759833772981000000e+12,1.000000000000000000e+00,2.000000000000000000e+00,3.000000000000000000e+00,0.000000000000000000e+00,1.000000000000000000e+00,-2.543976745974715348e-01,2.571273111670369094e-01,-2.589684745586329218e-01,2.558028882682658600e-01,5.085230074602578032e-01,5.191921225769149384e-01,4.040000000000000258e-01,5.060000000000000053e-01,4.842102417093993028e-01,5.121845940119886809e-01,4.960000000000000520e-01,4.660000000000000253e-01,0.000000000000000000e+00,2.000000000000000111e-01
1.759833773187000000e+12,1.000000000000000000e+00,2.000000000000000000e+00,3.000000000000000000e+00,0.000000000000000000e+00,2.000000000000000000e+00,-2.589684745586329218e-01,2.558028882682658600e-01,-2.627671102948013204e-01,2.529917554636171295e-01,4.842102417093993028e-01,5.121845940119886809e-01,4.040000000000000258e-01,4.660000000000000253e-01,4.640047324744610013e-01,4.973108754688737587e-01,3.999999999999999667e-01,4.660000000000000253e-01,0.000000000000000000e+00,-2.000000000000000111e-01
1.759833773401000000e+12,1.000000000000000000e+00,2.000000000000000000e+00,3.000000000000000000e+00,0.000000000000000000e+00,1.000000000000000000e+00,-2.627671102948013204e-01,2.529917554636171295e-01,-2.670231117366240192e-01,2.502885007323257249e-01,4.640047324744610013e-01,4.973108754688737587e-01,5.000000000000000000e-01,4.660000000000000253e-01,4.413664269328508860e-01,4.830079403826758599e-01,5.000000000000000000e-01,4.660000000000000253e-01,0.000000000000000000e+00,2.000000000000000111e-01
1.759833773605000000e+12,1.000000000000000000e+00,2.000000000000000000e+00,3.000000000000000000e+00,0.000000000000000000e+00,0.000000000000000000e+00,-2.670231117366240192e-01,2.502885007323257249e-01,-2.670421935855390450e-01,2.475851723996630449e-01,4.413664269328508860e-01,4.830079403826758599e-01,5.000000000000000000e-01,4.660000000000000253e-01,4.412649277364943945e-01,4.687046158712330768e-01,5.000000000000000000e-01,4.660000000000000253e-01,0.000000000000000000e+00,0.000000000000000000e+00
1.759833773815000000e+12,1.000000000000000000e+00,2.000000000000000000e+00,3.000000000000000000e+00,0.000000000000000000e+00,2.000000000000000000e+00,-2.670428246840320652e-01,2.474770336548414995e-01,-2.708185382385607798e-01,2.447731807042451413e-01,4.412615708296166450e-01,4.681324532002196226e-01,5.000000000000000000e-01,4.660000000000000253e-01,4.211779880927617459e-01,4.538263529325139989e-01,3.999999999999999667e-01,4.660000000000000253e-01,0.000000000000000000e+00,-2.000000000000000111e-01
1.759833774022000000e+12,1.000000000000000000e+00,2.000000000000000000e+00,3.000000000000000000e+00,0.000000000000000000e+00,2.000000000000000000e+00,-2.708185382385607798e-01,2.447731807042451413e-01,-2.825949556006881469e-01,2.420681249777975608e-01,4.211779880927617459e-01,4.538263529325139989e-01,5.000000000000000000e-01,4.660000000000000253e-01,3.585374702091055354e-01,4.395138887714157283e-01,2.999999999999999889e-01,4.660000000000000253e-01,0.000000000000000000e+00,-2.000000000000000111e-01
1.759833774227000000e+12,1.000000000000000000e+00,2.000000000000000000e+00,3.000000000000000000e+00,0.000000000000000000e+00,2.000000000000000000e+00,-2.832324436940619750e-01,2.419598887084719596e-01,-3.033242053124601267e-01,2.392528237433487748e-01,3.551465760954149453e-01,4.389412100977352904e-01,5.999999999999999778e-01,4.660000000000000253e-01,2.482755036571269169e-01,4.246181150441734609e-01,1.959999999999997300e-01,4.660000000000000253e-01,0.000000000000000000e+00,-2.000000000000000111e-01
1.759833774433000000e+12,1.000000000000000000e+00,2.000000000000000000e+00,3.000000000000000000e+00,1.000000000000000056e-01,0.000000000000000000e+00,-3.033242053124601267e-01,2.392528237433487748e-01,-3.276618274075141501e-01,2.365448101020083405e-01,2.482755036571269169e-01,4.246181150441734609e-01,4.960000000000000520e-01,4.660000000000000253e-01,1.188200669813076066e-01,4.102900005397266958e-01,1.959999999999997300e-01,4.679999999999999716e-01,2.000000000000000042e-02,0.000000000000000000e+00
1.759833774643000000e+12,1.000000000000000000e+00,2.000000000000000000e+00,3.000000000000000000e+00,1.000000000000000056e-01,1.000000000000000000e+00,-3.276618274075141501e-01,2.365448101020083405e-01,-3.492186543312263969e-01,2.359347700836658401e-01,1.188200669813076066e-01,4.102900005397266958e-01,5.959999999999999742e-01,4.679999999999999716e-01,4.156093982838196706e-03,4.070622755749515598e-01,2.919999999999999818e-01,5.180000000000000160e-01,2.000000000000000042e-02,2.000000000000000111e-01
1.759833774852000000e+12,1.000000000000000000e+00,2.000000000000000000e+00,3.000000000000000000e+00,0.000000000000000000e+00,2.000000000000000000e+00,-3.492186543312263969e-01,2.359347700836658401e-01,-3.494970895214908890e-01,2.379867470285344233e-01,4.156093982838196706e-03,4.070622755749515598e-01,7.000000000000000666e-01,5.200000000000000178e-01,2.675055736750472663e-03,4.179192964472721039e-01,5.000000000000000000e-01,5.260000000000000231e-01,0.000000000000000000e+00,-2.000000000000000111e-01
1.759833775063000000e+12,1.000000000000000000e+00,2.000000000000000000e+00,3.000000000000000000e+00,0.000000000000000000e+00,0.000000000000000000e+00,-3.494970895214908890e-01,2.379867470285344233e-01,-3.495274275671543251e-01,2.401694200270201029e-01,2.675055736750472663e-03,4.179192964472721039e-01,7.000000000000000666e-01,5.260000000000000231e-01,2.513683153434323036e-03,4.294678308307942616e-01,5.000000000000000000e-01,5.260000000000000231e-01,0.000000000000000000e+00,0.000000000000000000e+00
1.759833775267000000e+12,1.000000000000000000e+00,2.000000000000000000e+00,3.000000000000000000e+00,0.000000000000000000e+00,2.000000000000000000e+00,-3.495274275671543251e-01,2.401694200270201029e-01,-3.495569506956905381e-01,2.422684822305247732e-01,2.513683153434323036e-03,4.294678308307942616e-01,5.959999999999999742e-01,5.260000000000000231e-01,2.356645235688509168e-03,4.405739800556866537e-01,5.000000000000000000e-01,5.260000000000000231e-01,0.000000000000000000e+00,-2.000000000000000111e-01
1.759833775472000000e+12,1.000000000000000000e+00,2.000000000000000000e+00,3.000000000000000000e+00,0.000000000000000000e+00,2.000000000000000000e+00,-3.495569506956905381e-01,2.422684822305247732e-01,-3.495868391061241476e-01,2.443678904288186793e-01,2.356645235688509168e-03,4.405739800556866537e-01,4.960000000000000520e-01,5.260000000000000231e-01,2.197664329126756879e-03,4.516819599408396502e-01,5.000000000000000000e-01,5.260000000000000231e-01,0.000000000000000000e+00,-2.000000000000000111e-01
1.759833775681000000e+12,1.000000000000000000e+00,2.000000000000000000e+00,3.000000000000000000e+00,0.000000000000000000e+00,0.000000000000000000e+00,-3.495868391061241476e-01,2.443678904288186793e-01,-3.496183132760481427e-01,2.465516482355572803e-01,2.197664329126756879e-03,4.516819599408396502e-01,3.920000000000000151e-01,5.260000000000000231e-01,2.030248531658697658e-03,4.632362340505676856e-01,5.000000000000000000e-01,5.260000000000000231e-01,0.000000000000000000e+00,0.000000000000000000e+00
1.759833775886000000e+12,1.000000000000000000e+00,2.000000000000000000e+00,3.000000000000000000e+00,-1.000000000000000056e-01,1.000000000000000000e+00,-3.496183132760481427e-01,2.465516482355572803e-01,-3.458981911245923024e-01,2.480939014427709088e-01,2.030248531658697658e-03,4.632362340505676856e-01,2.919999999999999818e-01,5.260000000000000231e-01,2.181813231599827665e-02,4.713963039300048674e-01,5.999999999999999778e-01,4.979999999999999982e-01,-2.000000000000000042e-02,2.000000000000000111e-01
1.759833776089000000e+12,1.000000000000000000e+00,2.000000000000000000e+00,3.000000000000000000e+00,-1.000000000000000056e-01,1.000000000000000000e+00,-3.458981911245923024e-01,2.480939014427709088e-01,-3.341641508208518241e-01,2.460715165050758324e-01,2.181813231599827665e-02,4.713963039300048674e-01,2.919999999999999818e-01,4.979999999999999982e-01,8.423324031461784656e-02,4.606958545242108016e-01,7.000000000000000666e-01,4.480000000000000648e-01,-2.000000000000000042e-02,2.000000000000000111e-01
1.759833776294000000e+12,1.000000000000000000e+00,2.000000000000000000e+00,3.000000000000000000e+00,0.000000000000000000e+00,0.000000000000000000e+00,-3.335267521881584152e-01,2.459065999409762726e-01,-3.172340288394012164e-01,2.398517370586145669e-01,8.762365857362534871e-02,4.598232801109856105e-01,2.919999999999999818e-01,4.480000000000000648e-01,1.742870806414827944e-01,4.277869685640982578e-01,7.039999999999999591e-01,4.100000000000000866e-01,0.000000000000000000e+00,0.000000000000000000e+00
1.759833776500000000e+12,1.000000000000000000e+00,2.000000000000000000e+00,3.000000000000000000e+00,1.000000000000000056e-01,0.000000000000000000e+00,-3.172340288394012164e-01,2.398517370586145669e-01,-3.009327871722138337e-01,2.326819468555186010e-01,1.742870806414827944e-01,4.277869685640982578e-01,5.000000000000000000e-01,4.100000000000000866e-01,2.609958129137561200e-01,3.898515706641196288e-01,7.039999999999999591e-01,4.160000000000000364e-01,2.000000000000000042e-02,0.000000000000000000e+00
1.759833776711000000e+12,1.000000000000000000e+00,2.000000000000000000e+00,3.000000000000000000e+00,1.000000000000000056e-01,0.000000000000000000e+00,-3.002806720346988256e-01,2.324121155444284770e-01,-2.839768899349586206e-01,2.277439647790998334e-01,2.644645104537295954e-01,3.884238917694629034e-01,5.000000000000000000e-01,4.180000000000000382e-01,3.511867556651136479e-01,3.637246813708986393e-01,7.039999999999999591e-01,4.679999999999999716e-01,2.000000000000000042e-02,0.000000000000000000e+00
1.759833776919000000e+12,1.000000000000000000e+00,2.000000000000000000e+00,3.000000000000000000e+00,0.000000000000000000e+00,1.000000000000000000e+00,-2.839768899349586206e-01,2.277439647790998334e-01,-2.639222174526869580e-01,2.267958154084858680e-01,3.511867556651136479e-01,3.637246813708986393e-01,5.999999999999999778e-01,4.679999999999999716e-01,4.578605454644310013e-01,3.587080180343167890e-01,8.040000000000002700e-01,4.979999999999999982e-01,0.000000000000000000e+00,2.000000000000000111e-01
1.759833777126000000e+12,1.000000000000000000e+00,2.000000000000000000e+00,3.000000000000000000e+00,0.000000000000000000e+00,0.000000000000000000e+00,-2.639222174526869580e-01,2.267958154084858680e-01,-2.383280094090005352e-01,2.266383117976753236e-01,4.578605454644310013e-01,3.587080180343167890e-01,7.039999999999999591e-01,4.979999999999999982e-01,5.939999499521247950e-01,3.578746655961657641e-01,8.080000000000003846e-01,4.979999999999999982e-01,0.000000000000000000e+00,0.000000000000000000e+00
1.759833777340000000e+12,1.000000000000000000e+00,2.000000000000000000e+00,3.000000000000000000e+00,0.000000000000000000e+00,2.000000000000000000e+00,-2.383280094090005352e-01,2.266383117976753236e-01,-2.164770146722573840e-01,2.264813928368283602e-01,5.939999499521247950e-01,3.578746655961657641e-01,6.039999999999999813e-01,4.979999999999999982e-01,7.102286453603330330e-01,3.570444065440654402e-01,7.079999999999999627e-01,4.979999999999999982e-01,0.000000000000000000e+00,-2.000000000000000111e-01
1.759833777543000000e+12,1.000000000000000000e+00,2.000000000000000000e+00,3.000000000000000000e+00,0.000000000000000000e+00,1.000000000000000000e+00,-2.164770146722573840e-01,2.264813928368283602e-01,-1.960816562565772525e-01,2.263301313558161998e-01,7.102286453603330330e-01,3.570444065440654402e-01,6.039999999999999813e-01,4.979999999999999982e-01,8.187145943799082337e-01,3.562440812477047913e-01,8.080000000000003846e-01,4.979999999999999982e-01,0.000000000000000000e+00,2.000000000000000111e-01
1.759833777759000000e+12,1.000000000000000000e+00,2.000000000000000000e+00,3.000000000000000000e+00,0.000000000000000000e+00,2.000000000000000000e+00,-1.950995476775364001e-01,2.263240002256130534e-01,-1.739106009626082416e-01,2.261718165001636027e-01,8.239385761833170063e-01,3.562116414053601021e-01,7.079999999999999627e-01,4.979999999999999982e-01,9.366457395605944924e-01,3.554064365088021593e-01,7.120000000000000773e-01,4.979999999999999982e-01,0.000000000000000000e+00,-2.000000000000000111e-01
1.759833777963000000e+12,1.000000000000000000e+00,2.000000000000000000e+00,3.000000000000000000e+00,1.000000000000000056e-01,1.000000000000000000e+00,-1.739106009626082416e-01,2.261718165001636027e-01,-1.622223495198998888e-01,2.276054580293709884e-01,9.366457395605944924e-01,3.554064365088021593e-01,8.080000000000003846e-01,4.979999999999999982e-01,9.988172897877666268e-01,3.629918414252433778e-01,5.000000000000000000e-01,5.440000000000000391e-01,2.000000000000000042e-02,2.000000000000000111e-01
1.759833778173000000e+12,1.000000000000000000e+00,2.000000000000000000e+00,3.000000000000000000e+00,0.000000000000000000e+00,2.000000000000000000e+00,-1.622225071391138196e-01,2.277451380945899606e-01,-1.659867349180646490e-01,2.324732728736952914e-01,9.988164513876924833e-01,3.637308893893649309e-01,9.119999999999996998e-01,5.460000000000000409e-01,9.787939632017838010e-01,3.887474755221973499e-01,4.000000000000000777e-01,5.619999999999999440e-01,0.000000000000000000e+00,-2.000000000000000111e-01
1.759833778383000000e+12,1.000000000000000000e+00,2.000000000000000000e+00,3.000000000000000000e+00,0.000000000000000000e+00,1.000000000000000000e+00,-1.659867349180646490e-01,2.324732728736952914e-01,-1.708623031941091663e-01,2.376448509271926746e-01,9.787939632017838010e-01,3.887474755221973499e-01,8.120000000000002771e-01,5.619999999999999440e-01,9.528600893930363469e-01,4.161103223660988504e-01,4.919999999999999929e-01,5.619999999999999440e-01,0.000000000000000000e+00,2.000000000000000111e-01
1.759833778588000000e+12,1.000000000000000000e+00,2.000000000000000000e+00,3.000000000000000000e+00,0.000000000000000000e+00,1.000000000000000000e+00,-1.708623031941091663e-01,2.376448509271926746e-01,-1.674304991189248248e-01,2.426180640260920396e-01,9.528600893930363469e-01,4.161103223660988504e-01,8.120000000000002771e-01,5.619999999999999440e-01,9.711143663886977473e-01,4.424236191856721900e-01,5.959999999999999742e-01,5.619999999999999440e-01,0.000000000000000000e+00,2.000000000000000111e-01
1.759833778796000000e+12,1.000000000000000000e+00,2.000000000000000000e+00,3.000000000000000000e+00,0.000000000000000000e+00,2.000000000000000000e+00,-1.674304991189248248e-01,2.426180640260920396e-01,-1.628965209420661364e-01,2.477906542761317554e-01,9.711143663886977473e-01,4.424236191856721900e-01,9.119999999999996998e-01,5.619999999999999440e-01,9.952312715847546620e-01,4.697918215668347441e-01,5.000000000000000000e-01,5.619999999999999440e-01,0.000000000000000000e+00,-2.000000000000000111e-01
1.759833779003000000e+12,1.000000000000000000e+00,2.000000000000000000e+00,3.000000000000000000e+00,-1.000000000000000056e-01,2.000000000000000000e+00,-1.628965209420661364e-01,2.477906542761317554e-01,-1.666607424843069840e-01,2.513208991265681314e-01,9.952312715847546620e-01,4.697918215668347441e-01,4.080000000000000293e-01,5.619999999999999440e-01,9.752088165728352021e-01,4.884703657490377937e-01,4.000000000000000777e-01,5.180000000000000160e-01,-2.000000000000000042e-02,-2.000000000000000111e-01
1.759833779207000000e+12,1.000000000000000000e+00,2.000000000000000000e+00,3.000000000000000000e+00,0.000000000000000000e+00,2.000000000000000000e+00,-1.666607424843069840e-01,2.513208991265681314e-01,-1.784274240590341676e-01,2.509838289225382879e-01,9.752088165728352021e-01,4.884703657490377937e-01,3.039999999999999925e-01,5.180000000000000160e-01,9.126200847923714443e-01,4.866869255160756746e-01,2.999999999999999889e-01,4.799999999999999822e-01,0.000000000000000000e+00,-2.000000000000000111e-01
1.759833779415000000e+12,1.000000000000000000e+00,2.000000000000000000e+00,3.000000000000000000e+00,0.000000000000000000e+00,2.000000000000000000e+00,-1.790661093326369468e-01,2.509203219862812251e-01,-1.991461188659246484e-01,2.493313154984278524e-01,9.092228226987396633e-01,4.863509099803239866e-01,3.039999999999999925e-01,4.799999999999999822e-01,8.024142613514646527e-01,4.779434682456500938e-01,1.959999999999997300e-01,4.799999999999999822e-01,0.000000000000000000e+00,-2.000000000000000111e-01
1.759833779622000000e+12,1.000000000000000000e+00,2.000000000000000000e+00,3.000000000000000000e+00,0.000000000000000000e+00,2.000000000000000000e+00,-1.991461188659246484e-01,2.493313154984278524e-01,-2.272380120203122134e-01,2.477392064898000790e-01,8.024142613514646527e-01,4.779434682456500938e-01,3.039999999999999925e-01,4.799999999999999822e-01,6.529892977642967056e-01,4.695196110571433490e-01,9.600000000000025180e-02,4.799999999999999822e-01,0.000000000000000000e+00,-2.000000000000000111e-01
1.759833779827000000e+12,1.000000000000000000e+00,2.000000000000000000e+00,3.000000000000000000e+00,0.000000000000000000e+00,0.000000000000000000e+00,-2.272380120203122134e-01,2.477392064898000790e-01,-2.611780007441711904e-01,2.460817932682832776e-01,6.529892977642967056e-01,4.695196110571433490e-01,4.040000000000000258e-01,4.799999999999999822e-01,4.724574428501531753e-01,4.607502289327158329e-01,9.200000000000027600e-02,4.799999999999999822e-01,0.000000000000000000e+00,0.000000000000000000e+00
1.759833780035000000e+12,1.000000000000000000e+00,2.000000000000000000e+00,3.000000000000000000e+00,1.000000000000000056e-01,0.000000000000000000e+00,-2.611780007441711904e-01,2.460817932682832776e-01,-2.951402273298409096e-01,2.447575314969904492e-01,4.724574428501531753e-01,4.607502289327158329e-01,5.040000000000000036e-01,4.799999999999999822e-01,2.918073014370163865e-01,4.537435528941294316e-01,9.200000000000027600e-02,5.000000000000000000e-01,2.000000000000000042e-02,0.000000000000000000e+00
1.759833780244000000e+12,1.000000000000000000e+00,2.000000000000000000e+00,3.000000000000000000e+00,0.000000000000000000e+00,0.000000000000000000e+00,-2.951402273298409096e-01,2.447575314969904492e-01,-3.277991298014862331e-01,2.463266212950817879e-01,2.918073014370163865e-01,4.537435528941294316e-01,6.079999999999999849e-01,5.020000000000000018e-01,1.180897350984773803e-01,4.620456153178931213e-01,9.200000000000027600e-02,5.260000000000000231e-01,0.000000000000000000e+00,0.000000000000000000e+00
1.759833780457000000e+12,1.000000000000000000e+00,2.000000000000000000e+00,3.000000000000000000e+00,0.000000000000000000e+00,2.000000000000000000e+00,-3.277991298014862331e-01,2.463266212950817879e-01,-3.489033123783151780e-01,2.485040446247139545e-01,1.180897350984773803e-01,4.620456153178931213e-01,5.080000000000000071e-01,5.260000000000000231e-01,5.833444796195744880e-03,4.735663736757352860e-01,5.000000000000000000e-01,5.260000000000000231e-01,0.000000000000000000e+00,-2.000000000000000111e-01
1.759833780666000000e+12,1.000000000000000000e+00,2.000000000000000000e+00,3.000000000000000000e+00,-1.000000000000000056e-01,0.000000000000000000e+00,-3.489033123783151780e-01,2.485040446247139545e-01,-3.489339547302634514e-01,2.490203730025449813e-01,5.833444796195744880e-03,4.735663736757352860e-01,4.080000000000000293e-01,5.260000000000000231e-01,5.670453562428332851e-03,4.762982698547353899e-01,5.000000000000000000e-01,4.799999999999999822e-01,-2.000000000000000042e-02,0.000000000000000000e+00
1.759833780878000000e+12,1.000000000000000000e+00,2.000000000000000000e+00,3.000000000000000000e+00,0.000000000000000000e+00,1.000000000000000000e+00,-3.489339547302634514e-01,2.490203730025449813e-01,-3.451924894985261005e-01,2.461186444032102683e-01,5.670453562428332851e-03,4.762982698547353899e-01,5.040000000000000036e-01,4.799999999999999822e-01,2.557186436954190373e-02,4.609452084825940710e-01,5.999999999999999778e-01,4.579999999999999627e-01,0.000000000000000000e+00,2.000000000000000111e-01
1.759833781084000000e+12,1.000000000000000000e+00,2.000000000000000000e+00,3.000000000000000000e+00,0.000000000000000000e+00,1.000000000000000000e+00,-3.451924894985261005e-01,2.461186444032102683e-01,-3.328231476696189017e-01,2.426428014944334022e-01,2.557186436954190373e-02,4.609452084825940710e-01,6.039999999999999813e-01,4.579999999999999627e-01,9.136623579989935906e-02,4.425545052615524333e-01,7.039999999999999591e-01,4.579999999999999627e-01,0.000000000000000000e+00,2.000000000000000111e-01
1.759833781290000000e+12,1.000000000000000000e+00,2.000000000000000000e+00,3.000000000000000000e+00,1.000000000000000056e-01,1.000000000000000000e+00,-3.328231476696189017e-01,2.426428014944334022e-01,-3.127634286700795019e-01,2.399477001842853230e-01,9.136623579989935906e-02,4.425545052615524333e-01,5.000000000000000000e-01,4.579999999999999627e-01,1.980668687761727720e-01,4.282947099697636539e-01,8.040000000000002700e-01,4.879999999999999893e-01,2.000000000000000042e-02,2.000000000000000111e-01
1.759833781493000000e+12,1.000000000000000000e+00,2.000000000000000000e+00,3.000000000000000000e+00,0.000000000000000000e+00,0.000000000000000000e+00,-3.127634286700795019e-01,2.399477001842853230e-01,-2.884666494134391912e-01,2.408609166617038388e-01,1.980668687761727720e-01,4.282947099697636539e-01,5.999999999999999778e-01,4.879999999999999893e-01,3.273050563114935918e-01,4.331265431836182622e-01,8.040000000000002700e-01,5.320000000000000284e-01,0.000000000000000000e+00,0.000000000000000000e+00
1.759833781696000000e+12,1.000000000000000000e+00,2.000000000000000000e+00,3.000000000000000000e+00,0.000000000000000000e+00,1.000000000000000000e+00,-2.884666494134391912e-01,2.408609166617038388e-01,-2.604021489605788942e-01,2.434299296533780077e-01,3.273050563114935918e-01,4.331265431836182622e-01,4.960000000000000520e-01,5.320000000000000284e-01,4.765843140394739330e-01,4.467192045152276192e-01,9.039999999999998037e-01,5.320000000000000284e-01,0.000000000000000000e+00,2.000000000000000111e-01
1.759833781903000000e+12,1.000000000000000000e+00,2.000000000000000000e+00,3.000000000000000000e+00,0.000000000000000000e+00,1.000000000000000000e+00,-2.591130973738564047e-01,2.435325835816841700e-01,-2.227273464690284754e-01,2.460960560703499278e-01,4.834409714156573945e-01,4.472623469930379625e-01,3.960000000000000187e-01,5.320000000000000284e-01,6.769821996328272418e-01,4.608256934939150007e-01,1.000000007450580597e+00,5.320000000000000284e-01,0.000000000000000000e+00,2.000000000000000111e-01
1.759833782109000000e+12,1.000000000000000000e+00,2.000000000000000000e+00,3.000000000000000000e+00,0.000000000000000000e+00,2.000000000000000000e+00,-2.227273464690284754e-01,2.460960560703499278e-01,-1.864924437183493322e-01,2.486586880984942849e-01,6.769821996328272418e-01,4.608256934939150007e-01,2.959999999999999853e-01,5.320000000000000284e-01,8.697210440513333252e-01,4.743845931137264382e-01,9.000000074505811742e-01,5.320000000000000284e-01,0.000000000000000000e+00,-2.000000000000000111e-01
1.759833782316000000e+12,1.000000000000000000e+00,2.000000000000000000e+00,3.000000000000000000e+00,0.000000000000000000e+00,1.000000000000000000e+00,-1.864924437183493322e-01,2.486586880984942849e-01,-1.626772157477954783e-01,2.512254903269686146e-01,8.697210440513333252e-01,4.743845931137264382e-01,2.959999999999999853e-01,5.320000000000000284e-01,9.963977885755559427e-01,4.879655572855483014e-01,5.000000000000000000e-01,5.320000000000000284e-01,0.000000000000000000e+00,2.000000000000000111e-01
1.759833782522000000e+12,1.000000000000000000e+00,2.000000000000000000e+00,3.000000000000000000e+00,0.000000000000000000e+00,0.000000000000000000e+00,-1.626774493013800615e-01,2.513284726421535775e-01,-1.626833935074680493e-01,2.539031909374311335e-01,9.963965462692550012e-01,4.885104372600718725e-01,1.959999999999997300e-01,5.320000000000000284e-01,9.963649281517656942e-01,5.021332853832335408e-01,5.000000000000000000e-01,5.320000000000000284e-01,0.000000000000000000e+00,0.000000000000000000e+00
1.759833782730000000e+12,1.000000000000000000e+00,2.000000000000000000e+00,3.000000000000000000e+00,0.000000000000000000e+00,2.000000000000000000e+00,-1.626833935074680493e-01,2.539031909374311335e-01,-1.664483779710551059e-01,2.565810620311168577e-01,9.963649281517656942e-01,5.021332853832335408e-01,2.999999999999999889e-01,5.320000000000000284e-01,9.763384150475792334e-01,5.163019155085548650e-01,4.000000000000000777e-01,5.320000000000000284e-01,0.000000000000000000e+00,-2.000000000000000111e-01
1.759833782939000000e+12,1.000000000000000000e+00,2.000000000000000000e+00,3.000000000000000000e+00,0.000000000000000000e+00,0.000000000000000000e+00,-1.664483779710551059e-01,2.565810620311168577e-01,-1.744523470638403295e-01,2.591559512591810055e-01,9.763384150475792334e-01,5.163019155085548650e-01,2.999999999999999889e-01,5.320000000000000284e-01,9.337641113625514411e-01,5.299256680379947904e-01,4.000000000000000777e-01,5.320000000000000284e-01,0.000000000000000000e+00,0.000000000000000000e+00
1.759833783147000000e+12,1.000000000000000000e+00,2.000000000000000000e+00,3.000000000000000000e+00,-1.000000000000000056e-01,2.000000000000000000e+00,-1.744523470638403295e-01,2.591559512591810055e-01,-1.862300827960994831e-01,2.604169362231446572e-01,9.337641113625514411e-01,5.299256680379947904e-01,3.999999999999999667e-01,5.320000000000000284e-01,8.711165808718113190e-01,5.365975461542046299e-01,2.999999999999999889e-01,4.899999999999999911e-01,-2.000000000000000042e-02,-2.000000000000000111e-01
1.759833783354000000e+12,1.000000000000000000e+00,2.000000000000000000e+00,3.000000000000000000e+00,0.000000000000000000e+00,0.000000000000000000e+00,-1.868672297702576035e-01,2.603870844829560549e-01,-2.031914607611610968e-01,2.578966726915224439e-01,8.677275012220340145e-01,5.364396004389210271e-01,4.040000000000000258e-01,4.879999999999999893e-01,7.808964853129728434e-01,5.232628184736637378e-01,2.959999999999999853e-01,4.599999999999999645e-01,0.000000000000000000e+00,0.000000000000000000e+00
1.759833783564000000e+12,1.000000000000000000e+00,2.000000000000000000e+00,3.000000000000000000e+00,0.000000000000000000e+00,2.000000000000000000e+00,-2.031914607611610968e-01,2.578966726915224439e-01,-2.232769583888629950e-01,2.547089034400631391e-01,7.808964853129728434e-01,5.232628184736637378e-01,3.039999999999999925e-01,4.599999999999999645e-01,6.740587319741330186e-01,5.063963144976886266e-01,1.959999999999997300e-01,4.599999999999999645e-01,0.000000000000000000e+00,-2.000000000000000111e-01
1.759833783769000000e+12,1.000000000000000000e+00,2.000000000000000000e+00,3.000000000000000000e+00,0.000000000000000000e+00,2.000000000000000000e+00,-2.242470137829320476e-01,2.545813322383448929e-01,-2.526468453955804105e-01,2.513902208410017103e-01,6.688988628567443806e-01,5.057213345944174820e-01,3.999999999999999667e-01,4.599999999999999645e-01,5.178359287469126437e-01,4.888371473068874318e-01,9.200000000000027600e-02,4.599999999999999645e-01,0.000000000000000000e+00,-2.000000000000000111e-01
1.759833783977000000e+12,1.000000000000000000e+00,2.000000000000000000e+00,3.000000000000000000e+00,1.000000000000000056e-01,1.000000000000000000e+00,-2.526468453955804105e-01,2.513902208410017103e-01,-2.815422715982380253e-01,2.489403128653281116e-01,5.178359287469126437e-01,4.888371473068874318e-01,5.000000000000000000e-01,4.599999999999999645e-01,3.641368532008614767e-01,4.758746712451223382e-01,1.919999999999997264e-01,4.919999999999999929e-01,2.000000000000000042e-02,2.000000000000000111e-01
1.759833784190000000e+12,1.000000000000000000e+00,2.000000000000000000e+00,3.000000000000000000e+00,0.000000000000000000e+00,0.000000000000000000e+00,-2.825333463634995268e-01,2.489127793328841376e-01,-3.068750236040975743e-01,2.497605566233982166e-01,3.588651789175556495e-01,4.757289911792811909e-01,5.000000000000000000e-01,4.919999999999999929e-01,2.293881723186298460e-01,4.802145853089853089e-01,1.959999999999997300e-01,5.160000000000000142e-01,0.000000000000000000e+00,0.000000000000000000e+00
1.759833784396000000e+12,1.000000000000000000e+00,2.000000000000000000e+00,3.000000000000000000e+00,0.000000000000000000e+00,2.000000000000000000e+00,-3.068750236040975743e-01,2.497605566233982166e-01,-3.362698055737550762e-01,2.511042578762805455e-01,2.293881723186298460e-01,4.802145853089853089e-01,5.000000000000000000e-01,5.160000000000000142e-01,7.303294907577076445e-02,4.873241157475161622e-01,9.600000000000025180e-02,5.160000000000000142e-01,0.000000000000000000e+00,-2.000000000000000111e-01
1.759833784605000000e+12,1.000000000000000000e+00,2.000000000000000000e+00,3.000000000000000000e+00,-1.000000000000000056e-01,1.000000000000000000e+00,-3.362698055737550762e-01,2.511042578762805455e-01,-3.479631604867406414e-01,2.524011767642701520e-01,7.303294907577076445e-02,4.873241157475161622e-01,5.000000000000000000e-01,5.160000000000000142e-01,1.083425273010285572e-02,4.941861204458738999e-01,5.600000000000000533e-01,5.140000000000000124e-01,-2.000000000000000042e-02,2.000000000000000111e-01
1.759833784813000000e+12,1.000000000000000000e+00,2.000000000000000000e+00,3.000000000000000000e+00,-1.000000000000000056e-01,0.000000000000000000e+00,-3.479631604867406414e-01,2.524011767642701520e-01,-3.431965740298472678e-01,2.516625017442381540e-01,1.083425273010285572e-02,4.941861204458738999e-01,5.000000000000000000e-01,5.140000000000000124e-01,3.618843601145058791e-02,4.902777870065511134e-01,5.600000000000000533e-01,4.640000000000000235e-01,-2.000000000000000042e-02,0.000000000000000000e+00
1.759833785021000000e+12,1.000000000000000000e+00,2.000000000000000000e+00,3.000000000000000000e+00,0.000000000000000000e+00,1.000000000000000000e+00,-3.430057477332272287e-01,2.515505128799103707e-01,-3.344748518679774296e-01,2.479625338327365591e-01,3.720346950411037440e-02,4.896852533328591717e-01,5.999999999999999778e-01,4.619999999999999662e-01,8.258057517033270956e-02,4.707012372102463704e-01,6.599999999999998090e-01,4.540000000000000147e-01,0.000000000000000000e+00,2.000000000000000111e-01
1.759833785229000000e+12,1.000000000000000000e+00,2.000000000000000000e+00,3.000000000000000000e+00,0.000000000000000000e+00,1.000000000000000000e+00,-3.344748518679774296e-01,2.479625338327365591e-01,-3.179413115703009218e-01,2.442988605393597024e-01,8.258057517033270956e-02,4.707012372102463704e-01,7.039999999999999591e-01,4.540000000000000147e-01,1.705249384558460701e-01,4.513167224304746594e-01,7.600000000000001199e-01,4.540000000000000147e-01,0.000000000000000000e+00,2.000000000000000111e-01
1.759833785434000000e+12,1.000000000000000000e+00,2.000000000000000000e+00,3.000000000000000000e+00,1.000000000000000056e-01,2.000000000000000000e+00,-3.171133343032619401e-01,2.441522332332451417e-01,-2.997778759925923131e-01,2.417981376234580870e-01,1.749290728549895979e-01,4.505409165780166481e-01,7.039999999999999591e-01,4.540000000000000147e-01,2.671389574862110261e-01,4.380853842511010510e-01,6.639999999999998126e-01,4.960000000000000520e-01,2.000000000000000042e-02,-2.000000000000000111e-01
1.759833785639000000e+12,1.000000000000000000e+00,2.000000000000000000e+00,3.000000000000000000e+00,0.000000000000000000e+00,0.000000000000000000e+00,-2.997778759925923131e-01,2.417981376234580870e-01,-2.866696086612921524e-01,2.427226511990313029e-01,2.671389574862110261e-01,4.380853842511010510e-01,7.039999999999999591e-01,4.960000000000000520e-01,3.368637837165310289e-01,4.429769904710651462e-01,6.639999999999998126e-01,5.160000000000000142e-01,0.000000000000000000e+00,0.000000000000000000e+00
1.759833785846000000e+12,1.000000000000000000e+00,2.000000000000000000e+00,3.000000000000000000e+00,0.000000000000000000e+00,2.000000000000000000e+00,-2.861454985617988278e-01,2.427744403566130249e-01,-2.768052732635689073e-01,2.440697051754397995e-01,3.396516033946870294e-01,4.432510071778467675e-01,7.039999999999999591e-01,5.160000000000000142e-01,3.893336528533568042e-01,4.501042601875122062e-01,5.640000000000000568e-01,5.160000000000000142e-01,0.000000000000000000e+00,-2.000000000000000111e-01
1.759833786054000000e+12,1.000000000000000000e+00,2.000000000000000000e+00,3.000000000000000000e+00,0.000000000000000000e+00,0.000000000000000000e+00,-2.768052732635689073e-01,2.440697051754397995e-01,-2.716979304066954315e-01,2.453654779085836513e-01,3.893336528533568042e-01,4.501042601875122062e-01,6.039999999999999813e-01,5.160000000000000142e-01,4.165003701771519129e-01,4.569602005745167506e-01,5.640000000000000568e-01,5.160000000000000142e-01,0.000000000000000000e+00,0.000000000000000000e+00
1.759833786260000000e+12,1.000000000000000000e+00,2.000000000000000000e+00,3.000000000000000000e+00,0.000000000000000000e+00,0.000000000000000000e+00,-2.716979304066954315e-01,2.453654779085836513e-01,-2.663890420898918365e-01,2.467130710451767572e-01,4.165003701771519129e-01,4.569602005745167506e-01,5.000000000000000000e-01,5.160000000000000142e-01,4.447391378197242395e-01,4.640903229903532434e-01,5.640000000000000568e-01,5.160000000000000142e-01,0.000000000000000000e+00,0.000000000000000000e+00
1.759833786465000000e+12,1.000000000000000000e+00,2.000000000000000000e+00,3.000000000000000000e+00,0.000000000000000000e+00,0.000000000000000000e+00,-2.663890420898918365e-01,2.467130710451767572e-01,-2.612838225737961206e-01,2.480088406540557899e-01,4.447391378197242395e-01,4.640903229903532434e-01,4.000000000000000777e-01,5.160000000000000142e-01,4.718945607776801610e-01,4.709462468468560981e-01,5.640000000000000568e-01,5.160000000000000142e-01,0.000000000000000000e+00,0.000000000000000000e+00
0.000000000000000000e+00,0.000000000000000000e+00,0.000000000000000000e+00,0.000000000000000000e+00,0.000000000000000000e+00,0.000000000000000000e+00,0.000000000000000000e+00,0.000000000000000000e+00,0.000000000000000000e+00,0.000000000000000000e+00,0.000000000000000000e+00,0.000000000000000000e+00,0.000000000000000000e+00,0.000000000000000000e+00,0.000000000000000000e+00,0.000000000000000000e+00,0.000000000000000000e+00,0.000000000000000000e+00,0.000000000000000000e+00,0.000000000000000000e+00
1.759833792492000000e+12,2.000000000000000000e+00,2.000000000000000000e+00,3.000000000000000000e+00,0.000000000000000000e+00,0.000000000000000000e+00,-2.602627184682427264e-01,2.482679953603108836e-01,-3.277942053939668643e-01,1.637075565696668178e-01,4.773259655944535607e-01,4.723174357688407210e-01,5.000000000000000000e-01,5.160000000000000142e-01,1.181159287554953002e-01,2.490770671781384130e-02,5.640000000000000568e-01,5.160000000000000142e-01,0.000000000000000000e+00,0.000000000000000000e+00
1.759833792695000000e+12,2.000000000000000000e+00,2.000000000000000000e+00,3.000000000000000000e+00,1.000000000000000056e-01,0.000000000000000000e+00,-3.277942053939668643e-01,1.637075565696668178e-01,-3.226917903874892413e-01,1.649979714221036786e-01,1.181159287554953002e-01,2.490770671781384130e-02,4.000000000000000777e-01,5.160000000000000142e-01,1.452564341090996913e-01,3.173529852964908360e-02,5.640000000000000568e-01,5.160000000000000142e-01,2.000000000000000042e-02,0.000000000000000000e+00
1.759833792900000000e+12,2.000000000000000000e+00,2.000000000000000000e+00,3.000000000000000000e+00,1.000000000000000056e-01,0.000000000000000000e+00,-3.226917903874892413e-01,1.649979714221036786e-01,-3.175886390871778819e-01,1.681707622001858693e-01,1.452564341090996913e-01,3.173529852964908360e-02,2.999999999999999889e-01,5.160000000000000142e-01,1.724008559192664880e-01,4.852255132373475138e-02,5.640000000000000568e-01,5.659999999999999476e-01,2.000000000000000042e-02,0.000000000000000000e+00
1.759833793103000000e+12,2.000000000000000000e+00,2.000000000000000000e+00,3.000000000000000000e+00,0.000000000000000000e+00,2.000000000000000000e+00,-3.173844964390946100e-01,1.683807794089892118e-01,-3.160342142229269902e-01,1.757039240400823377e-01,1.734867210686455996e-01,4.963375348671539983e-02,1.959999999999997300e-01,5.679999999999999494e-01,1.806690732823031387e-01,8.838055047662612962e-02,4.640000000000000235e-01,6.140000000000001013e-01,0.000000000000000000e+00,-2.000000000000000111e-01
1.759833793312000000e+12,2.000000000000000000e+00,2.000000000000000000e+00,3.000000000000000000e+00,0.000000000000000000e+00,1.000000000000000000e+00,-3.160342142229269902e-01,1.757039240400823377e-01,-3.155890267085900147e-01,1.852011963679967010e-01,1.806690732823031387e-01,8.838055047662612962e-02,1.959999999999997300e-01,6.140000000000001013e-01,1.830370919755849313e-01,1.386306686137391553e-01,5.600000000000000533e-01,6.140000000000001013e-01,0.000000000000000000e+00,2.000000000000000111e-01
1.759833793519000000e+12,2.000000000000000000e+00,2.000000000000000000e+00,3.000000000000000000e+00,0.000000000000000000e+00,0.000000000000000000e+00,-3.155890267085900147e-01,1.852011963679967010e-01,-3.108075438583777772e-01,1.943333094693121821e-01,1.830370919755849313e-01,1.386306686137391553e-01,9.600000000000025180e-02,6.140000000000001013e-01,2.084705113916074937e-01,1.869487273508581293e-01,5.600000000000000533e-01,6.140000000000001013e-01,0.000000000000000000e+00,0.000000000000000000e+00
1.759833793730000000e+12,2.000000000000000000e+00,2.000000000000000000e+00,3.000000000000000000e+00,0.000000000000000000e+00,2.000000000000000000e+00,-3.108075438583777772e-01,1.943333094693121821e-01,-3.095997121228708515e-01,2.038319222694368882e-01,2.084705113916074937e-01,1.869487273508581293e-01,9.600000000000025180e-02,6.140000000000001013e-01,2.148951482826017556e-01,2.372059379335285378e-01,4.599999999999999645e-01,6.140000000000001013e-01,0.000000000000000000e+00,-2.000000000000000111e-01
1.759833793934000000e+12,2.000000000000000000e+00,2.000000000000000000e+00,3.000000000000000000e+00,0.000000000000000000e+00,0.000000000000000000e+00,-3.095997121228708515e-01,2.038319222694368882e-01,-3.128146045774171102e-01,2.129664215453695164e-01,2.148951482826017556e-01,2.372059379335285378e-01,1.959999999999997300e-01,6.140000000000001013e-01,1.977946565031003801e-01,2.855366219331720856e-01,4.599999999999999645e-01,6.140000000000001013e-01,0.000000000000000000e+00,0.000000000000000000e+00
1.759833794141000000e+12,2.000000000000000000e+00,2.000000000000000000e+00,3.000000000000000000e+00,0.000000000000000000e+00,2.000000000000000000e+00,-3.128146045774171102e-01,2.129664215453695164e-01,-3.202381122983182227e-01,2.224672696612998712e-01,1.977946565031003801e-01,2.855366219331720856e-01,5.000000000000000000e-01,6.140000000000001013e-01,1.583079133068178712e-01,3.358056595835972602e-01,3.600000000000000977e-01,6.140000000000001013e-01,0.000000000000000000e+00,-2.000000000000000111e-01
1.759833794349000000e+12,2.000000000000000000e+00,2.000000000000000000e+00,3.000000000000000000e+00,-1.000000000000000056e-01,1.000000000000000000e+00,-3.202381122983182227e-01,2.224672696612998712e-01,-3.280185456735572602e-01,2.314382675472106965e-01,1.583079133068178712e-01,3.358056595835972602e-01,6.039999999999999813e-01,6.140000000000001013e-01,1.169226293959719221e-01,3.832712568635486816e-01,4.560000000000000164e-01,5.979999999999999760e-01,-2.000000000000000042e-02,2.000000000000000111e-01
1.759833794558000000e+12,2.000000000000000000e+00,2.000000000000000000e+00,3.000000000000000000e+00,-1.000000000000000056e-01,2.000000000000000000e+00,-3.280185456735572602e-01,2.314382675472106965e-01,-3.351499955683248655e-01,2.375740635811260659e-01,1.169226293959719221e-01,3.832712568635486816e-01,5.040000000000000036e-01,5.979999999999999760e-01,7.898938527486762395e-02,4.157357861435241886e-01,3.600000000000000977e-01,5.460000000000000409e-01,-2.000000000000000042e-02,-2.000000000000000111e-01
1.759833794767000000e+12,2.000000000000000000e+00,2.000000000000000000e+00,3.000000000000000000e+00,0.000000000000000000e+00,0.000000000000000000e+00,-3.351499955683248655e-01,2.375740635811260659e-01,-3.463742962741049869e-01,2.399542077769214465e-01,7.898938527486762395e-02,4.157357861435241886e-01,6.079999999999999849e-01,5.460000000000000409e-01,1.928565811646272207e-02,4.283291416768331139e-01,3.600000000000000977e-01,5.240000000000000213e-01,0.000000000000000000e+00,0.000000000000000000e+00
1.759833794971000000e+12,2.000000000000000000e+00,2.000000000000000000e+00,3.000000000000000000e+00,0.000000000000000000e+00,1.000000000000000000e+00,-3.463742962741049869e-01,2.399542077769214465e-01,-3.480588372783008366e-01,2.418932173509493466e-01,1.928565811646272207e-02,4.283291416768331139e-01,7.079999999999999627e-01,5.240000000000000213e-01,1.032533362605926250e-02,4.385884515923246241e-01,5.679999999999999494e-01,5.240000000000000213e-01,0.000000000000000000e+00,2.000000000000000111e-01
1.759833795179000000e+12,2.000000000000000000e+00,2.000000000000000000e+00,3.000000000000000000e+00,0.000000000000000000e+00,2.000000000000000000e+00,-3.478456503237744579e-01,2.419707846834315279e-01,-3.458820496725968918e-01,2.439101573193563632e-01,1.145930678843361770e-02,4.389988607588970471e-01,8.080000000000003846e-01,5.240000000000000213e-01,2.190399110320790863e-02,4.492600916368061914e-01,4.720000000000000306e-01,5.240000000000000213e-01,0.000000000000000000e+00,-2.000000000000000111e-01
1.759833795385000000e+12,2.000000000000000000e+00,2.000000000000000000e+00,3.000000000000000000e+00,0.000000000000000000e+00,1.000000000000000000e+00,-3.458820496725968918e-01,2.439101573193563632e-01,-3.443954533266639917e-01,2.458498285977566700e-01,2.190399110320790863e-02,4.492600916368061914e-01,8.120000000000002771e-01,5.240000000000000213e-01,2.981141847519142019e-02,4.595229026336332123e-01,5.720000000000000639e-01,5.240000000000000213e-01,0.000000000000000000e+00,2.000000000000000111e-01
1.759833795594000000e+12,2.000000000000000000e+00,2.000000000000000000e+00,3.000000000000000000e+00,0.000000000000000000e+00,0.000000000000000000e+00,-3.441694516937616188e-01,2.459274091865338574e-01,-3.381220538978065848e-01,2.478668774533278329e-01,3.101355482041680614e-02,4.599333819393326417e-01,8.120000000000002771e-01,5.240000000000000213e-01,6.318056437336912190e-02,4.701951188006764371e-01,5.760000000000000675e-01,5.240000000000000213e-01,0.000000000000000000e+00,0.000000000000000000e+00
1.759833795796000000e+12,2.000000000000000000e+00,2.000000000000000000e+00,3.000000000000000000e+00,0.000000000000000000e+00,1.000000000000000000e+00,-3.381220538978065848e-01,2.478668774533278329e-01,-3.283131647772194461e-01,2.498057008839801030e-01,6.318056437336912190e-02,4.701951188006764371e-01,8.120000000000002771e-01,5.240000000000000213e-01,1.153555065041517863e-01,4.804534438305825828e-01,6.759999999999999343e-01,5.240000000000000213e-01,0.000000000000000000e+00,2.000000000000000111e-01
1.759833796005000000e+12,2.000000000000000000e+00,2.000000000000000000e+00,3.000000000000000000e+00,0.000000000000000000e+00,1.000000000000000000e+00,-3.283131647772194461e-01,2.498057008839801030e-01,-3.096190609283800410e-01,2.518197152929412819e-01,1.153555065041517863e-01,4.804534438305825828e-01,8.120000000000002771e-01,5.240000000000000213e-01,2.147922291043614096e-01,4.911096047245571139e-01,7.760000000000002451e-01,5.240000000000000213e-01,0.000000000000000000e+00,2.000000000000000111e-01
1.759833796214000000e+12,2.000000000000000000e+00,2.000000000000000000e+00,3.000000000000000000e+00,-1.000000000000000056e-01,0.000000000000000000e+00,-3.096190609283800410e-01,2.518197152929412819e-01,-2.872435923364393129e-01,2.531942254196081765e-01,2.147922291043614096e-01,4.911096047245571139e-01,8.120000000000002771e-01,5.240000000000000213e-01,3.338106790614929209e-01,4.983821450772920048e-01,7.800000000000002487e-01,4.960000000000000520e-01,-2.000000000000000042e-02,0.000000000000000000e+00
1.759833796421000000e+12,2.000000000000000000e+00,2.000000000000000000e+00,3.000000000000000000e+00,0.000000000000000000e+00,1.000000000000000000e+00,-2.872435923364393129e-01,2.531942254196081765e-01,-2.601949340157148627e-01,2.512374521810941674e-01,3.338106790614929209e-01,4.983821450772920048e-01,5.000000000000000000e-01,4.960000000000000520e-01,4.776865211930059751e-01,4.880288475190168174e-01,8.759999999999998899e-01,4.679999999999999716e-01,0.000000000000000000e+00,2.000000000000000111e-01
1.759833796632000000e+12,2.000000000000000000e+00,2.000000000000000000e+00,3.000000000000000000e+00,0.000000000000000000e+00,2.000000000000000000e+00,-2.601949340157148627e-01,2.512374521810941674e-01,-2.335742525622276355e-01,2.486882942943754171e-01,4.776865211930059751e-01,4.880288475190168174e-01,5.000000000000000000e-01,4.679999999999999716e-01,6.192858906264486762e-01,4.745412396527800558e-01,7.800000000000002487e-01,4.679999999999999716e-01,0.000000000000000000e+00,-2.000000000000000111e-01
1.759833796838000000e+12,2.000000000000000000e+00,2.000000000000000000e+00,3.000000000000000000e+00,0.000000000000000000e+00,0.000000000000000000e+00,-2.335742525622276355e-01,2.486882942943754171e-01,-2.106041864879568126e-01,2.460380078660642511e-01,6.192858906264486762e-01,4.745412396527800558e-01,5.000000000000000000e-01,4.679999999999999716e-01,7.414670931491659234e-01,4.605185601379061522e-01,7.760000000000002451e-01,4.679999999999999716e-01,0.000000000000000000e+00,0.000000000000000000e+00
1.759833797045000000e+12,2.000000000000000000e+00,2.000000000000000000e+00,3.000000000000000000e+00,0.000000000000000000e+00,1.000000000000000000e+00,-2.106041864879568126e-01,2.460380078660642511e-01,-1.847726142969987606e-01,2.434870093868170549e-01,7.414670931491659234e-01,4.605185601379061522e-01,5.000000000000000000e-01,4.679999999999999716e-01,8.788690728883045145e-01,4.470212136868627617e-01,8.759999999999998899e-01,4.679999999999999716e-01,0.000000000000000000e+00,2.000000000000000111e-01
1.759833797251000000e+12,2.000000000000000000e+00,2.000000000000000000e+00,3.000000000000000000e+00,1.000000000000000056e-01,0.000000000000000000e+00,-1.847726142969987606e-01,2.434870093868170549e-01,-1.628251706077653571e-01,2.411526293878555882e-01,8.788690728883045145e-01,4.470212136868627617e-01,4.000000000000000777e-01,4.679999999999999716e-01,9.956107946395460484e-01,4.346699967611407089e-01,5.000000000000000000e-01,4.860000000000000431e-01,2.000000000000000042e-02,0.000000000000000000e+00
1.759833797454000000e+12,2.000000000000000000e+00,2.000000000000000000e+00,3.000000000000000000e+00,0.000000000000000000e+00,1.000000000000000000e+00,-1.628253902167088318e-01,2.411067819889995412e-01,-1.628308685536117573e-01,2.420029990866649217e-01,9.956096265068679063e-01,4.344274179312145323e-01,2.959999999999999853e-01,4.879999999999999893e-01,9.955804864169587320e-01,4.391693073368514999e-01,5.000000000000000000e-01,5.300000000000000266e-01,0.000000000000000000e+00,2.000000000000000111e-01
1.759833797661000000e+12,2.000000000000000000e+00,2.000000000000000000e+00,3.000000000000000000e+00,0.000000000000000000e+00,0.000000000000000000e+00,-1.628308685536117573e-01,2.420029990866649217e-01,-1.628364202619599910e-01,2.444170289906826277e-01,9.955804864169587320e-01,4.391693073368514999e-01,3.960000000000000187e-01,5.300000000000000266e-01,9.955509560534043789e-01,4.519419523316541842e-01,5.000000000000000000e-01,5.300000000000000266e-01,0.000000000000000000e+00,0.000000000000000000e+00
1.759833797867000000e+12,2.000000000000000000e+00,2.000000000000000000e+00,3.000000000000000000e+00,0.000000000000000000e+00,0.000000000000000000e+00,-1.628364202619599910e-01,2.444170289906826277e-01,-1.628423624547727933e-01,2.469278863226516407e-01,9.955509560534043789e-01,4.519419523316541842e-01,2.999999999999999889e-01,5.300000000000000266e-01,9.955193486448256079e-01,4.652269117600616455e-01,5.000000000000000000e-01,5.300000000000000266e-01,0.000000000000000000e+00,0.000000000000000000e+00
1.759833798076000000e+12,2.000000000000000000e+00,2.000000000000000000e+00,3.000000000000000000e+00,0.000000000000000000e+00,0.000000000000000000e+00,-1.628423624547727933e-01,2.469278863226516407e-01,-1.628482441770879308e-01,2.493424373826340079e-01,9.955193486448256079e-01,4.652269117600616455e-01,2.999999999999999889e-01,5.300000000000000266e-01,9.954880628878302051e-01,4.780023141938307685e-01,5.000000000000000000e-01,5.300000000000000266e-01,0.000000000000000000e+00,0.000000000000000000e+00
1.759833798281000000e+12,2.000000000000000000e+00,2.000000000000000000e+00,3.000000000000000000e+00,0.000000000000000000e+00,2.000000000000000000e+00,-1.628482441770879308e-01,2.493424373826340079e-01,-1.666177031083356241e-01,2.517571041176742686e-01,9.954880628878302051e-01,4.780023141938307685e-01,3.999999999999999667e-01,5.300000000000000266e-01,9.754377494237467250e-01,4.907783286649432530e-01,4.000000000000000777e-01,5.300000000000000266e-01,0.000000000000000000e+00,-2.000000000000000111e-01
1.759833798489000000e+12,2.000000000000000000e+00,2.000000000000000000e+00,3.000000000000000000e+00,0.000000000000000000e+00,2.000000000000000000e+00,-1.669331700994904077e-01,2.518536813172539413e-01,-1.790158375640565902e-01,2.542676174191346727e-01,9.737597335133488796e-01,4.912893191389097747e-01,3.039999999999999925e-01,5.300000000000000266e-01,9.094902257231032294e-01,5.040614678261093884e-01,2.959999999999999853e-01,5.300000000000000266e-01,0.000000000000000000e+00,-2.000000000000000111e-01
1.759833798696000000e+12,2.000000000000000000e+00,2.000000000000000000e+00,3.000000000000000000e+00,-1.000000000000000056e-01,2.000000000000000000e+00,-1.790158375640565902e-01,2.542676174191346727e-01,-1.991020527936485651e-01,2.563422746286730947e-01,9.094902257231032294e-01,5.040614678261093884e-01,4.040000000000000258e-01,5.300000000000000266e-01,8.026486553529331713e-01,5.150384900987995396e-01,1.959999999999997300e-01,5.080000000000000071e-01,-2.000000000000000042e-02,-2.000000000000000111e-01
1.759833798899000000e+12,2.000000000000000000e+00,2.000000000000000000e+00,3.000000000000000000e+00,-1.000000000000000056e-01,1.000000000000000000e+00,-1.991020527936485651e-01,2.563422746286730947e-01,-2.209679935498339853e-01,2.549863684500578986e-01,8.026486553529331713e-01,5.150384900987995396e-01,2.999999999999999889e-01,5.080000000000000071e-01,6.863404598413085367e-01,5.078643833336397018e-01,2.879999999999999782e-01,4.579999999999999627e-01,-2.000000000000000042e-02,2.000000000000000111e-01
1.759833799104000000e+12,2.000000000000000000e+00,2.000000000000000000e+00,3.000000000000000000e+00,0.000000000000000000e+00,1.000000000000000000e+00,-2.209679935498339853e-01,2.549863684500578986e-01,-2.338600511901198775e-01,2.514828322927187831e-01,6.863404598413085367e-01,5.078643833336397018e-01,1.999999999999997613e-01,4.560000000000000164e-01,6.177656851589368170e-01,4.893271549879301130e-01,3.920000000000000151e-01,4.560000000000000164e-01,0.000000000000000000e+00,2.000000000000000111e-01
1.759833799312000000e+12,2.000000000000000000e+00,2.000000000000000000e+00,3.000000000000000000e+00,0.000000000000000000e+00,0.000000000000000000e+00,-2.338600511901198775e-01,2.514828322927187831e-01,-2.425453797788327259e-01,2.478382633668362867e-01,6.177656851589368170e-01,4.893271549879301130e-01,2.959999999999999853e-01,4.560000000000000164e-01,5.715671288359961411e-01,4.700437215176523909e-01,3.960000000000000187e-01,4.560000000000000164e-01,0.000000000000000000e+00,0.000000000000000000e+00
0.000000000000000000e+00,0.000000000000000000e+00,0.000000000000000000e+00,0.000000000000000000e+00,0.000000000000000000e+00,0.000000000000000000e+00,0.000000000000000000e+00,0.000000000000000000e+00,0.000000000000000000e+00,0.000000000000000000e+00,0.000000000000000000e+00,0.000000000000000000e+00,0.000000000000000000e+00,0.000000000000000000e+00,0.000000000000000000e+00,0.000000000000000000e+00,0.000000000000000000e+00,0.000000000000000000e+00,0.000000000000000000e+00,0.000000000000000000e+00
1.759833805287000000e+12,3.000000000000000000e+00,2.000000000000000000e+00,0.000000000000000000e+00,0.000000000000000000e+00,2.000000000000000000e+00,-2.438786814183424578e-01,2.472775340096039498e-01,-1.848457016324774049e-01,3.179079922234271383e-01,5.644750988386039170e-01,4.670768995217140507e-01,5.000000000000000000e-01,4.560000000000000164e-01,8.784803104655457551e-01,8.407830276371807132e-01,2.999999999999999889e-01,4.560000000000000164e-01,0.000000000000000000e+00,-2.000000000000000111e-01
1.759833805490000000e+12,3.000000000000000000e+00,2.000000000000000000e+00,0.000000000000000000e+00,-1.000000000000000056e-01,1.000000000000000000e+00,-1.848457016324774049e-01,3.179079922234271383e-01,-1.974267473465156630e-01,3.142474114998803914e-01,8.784803104655457551e-01,8.407830276371807132e-01,4.000000000000000777e-01,4.560000000000000164e-01,8.115598545398102770e-01,8.214148756607428936e-01,3.960000000000000187e-01,4.400000000000000022e-01,-2.000000000000000042e-02,2.000000000000000111e-01
1.759833805697000000e+12,3.000000000000000000e+00,2.000000000000000000e+00,0.000000000000000000e+00,-1.000000000000000056e-01,1.000000000000000000e+00,-1.974267473465156630e-01,3.142474114998803914e-01,-2.020014562861382479e-01,3.075919839544436485e-01,8.115598545398102770e-01,8.214148756607428936e-01,2.999999999999999889e-01,4.400000000000000022e-01,7.872262963503284805e-01,7.862009733039347914e-01,4.960000000000000520e-01,3.899999999999999578e-01,-2.000000000000000042e-02,2.000000000000000111e-01
1.759833805907000000e+12,3.000000000000000000e+00,2.000000000000000000e+00,0.000000000000000000e+00,0.000000000000000000e+00,2.000000000000000000e+00,-2.020196238336656180e-01,3.072433452488519401e-01,-2.058024982659561464e-01,2.972711771553769866e-01,7.871296604592253887e-01,7.843563240679998216e-01,1.959999999999997300e-01,3.880000000000000115e-01,7.670079879470417250e-01,7.315935299226296040e-01,3.999999999999999667e-01,3.719999999999999418e-01,0.000000000000000000e+00,-2.000000000000000111e-01
1.759833806110000000e+12,3.000000000000000000e+00,2.000000000000000000e+00,0.000000000000000000e+00,0.000000000000000000e+00,1.000000000000000000e+00,-2.058024982659561464e-01,2.972711771553769866e-01,-2.100488037991125601e-01,2.870526852349847280e-01,7.670079879470417250e-01,7.315935299226296040e-01,1.959999999999997300e-01,3.719999999999999418e-01,7.444212563876991817e-01,6.775274351057394284e-01,5.000000000000000000e-01,3.719999999999999418e-01,0.000000000000000000e+00,2.000000000000000111e-01
1.759833806318000000e+12,3.000000000000000000e+00,2.000000000000000000e+00,0.000000000000000000e+00,0.000000000000000000e+00,2.000000000000000000e+00,-2.100525028975361586e-01,2.866439204039897271e-01,-2.135092262934556728e-01,2.764239455831982717e-01,7.444015803322544533e-01,6.753646582221679573e-01,9.600000000000025180e-02,3.719999999999999418e-01,7.260147537582144484e-01,6.212907173714194986e-01,4.040000000000000258e-01,3.719999999999999418e-01,0.000000000000000000e+00,-2.000000000000000111e-01
1.759833806527000000e+12,3.000000000000000000e+00,2.000000000000000000e+00,0.000000000000000000e+00,1.000000000000000056e-01,2.000000000000000000e+00,-2.135092262934556728e-01,2.764239455831982717e-01,-2.255806329589269410e-01,2.665350870613417134e-01,7.260147537582144484e-01,6.212907173714194986e-01,9.600000000000025180e-02,3.719999999999999418e-01,6.618051438354949356e-01,5.689687146102736515e-01,3.039999999999999925e-01,4.019999999999999685e-01,2.000000000000000042e-02,-2.000000000000000111e-01
1.759833806732000000e+12,3.000000000000000000e+00,2.000000000000000000e+00,0.000000000000000000e+00,0.000000000000000000e+00,2.000000000000000000e+00,-2.255806329589269410e-01,2.665350870613417134e-01,-2.453496722191353119e-01,2.607321496276543416e-01,6.618051438354949356e-01,5.689687146102736515e-01,1.959999999999997300e-01,4.040000000000000258e-01,5.566506796854504557e-01,5.382653419452610999e-01,1.999999999999997613e-01,4.480000000000000648e-01,0.000000000000000000e+00,-2.000000000000000111e-01
1.759833806939000000e+12,3.000000000000000000e+00,2.000000000000000000e+00,0.000000000000000000e+00,0.000000000000000000e+00,2.000000000000000000e+00,-2.453496722191353119e-01,2.607321496276543416e-01,-2.731311395033738099e-01,2.565836625304934726e-01,5.566506796854504557e-01,5.382653419452610999e-01,5.000000000000000000e-01,4.480000000000000648e-01,4.088769175352456320e-01,5.163156747645157862e-01,1.000000000000002276e-01,4.480000000000000648e-01,0.000000000000000000e+00,-2.000000000000000111e-01
1.759833807144000000e+12,3.000000000000000000e+00,2.000000000000000000e+00,0.000000000000000000e+00,0.000000000000000000e+00,1.000000000000000000e+00,-2.744070760282141253e-01,2.564176555006728586e-01,-3.029888267771511101e-01,2.522693188311087020e-01,4.020900211265205360e-01,5.154373306913908603e-01,6.039999999999999813e-01,4.480000000000000648e-01,2.500594320364301626e-01,4.934884594238556077e-01,1.959999999999997300e-01,4.480000000000000648e-01,0.000000000000000000e+00,2.000000000000000111e-01
1.759833807353000000e+12,3.000000000000000000e+00,2.000000000000000000e+00,0.000000000000000000e+00,0.000000000000000000e+00,1.000000000000000000e+00,-3.029888267771511101e-01,2.522693188311087020e-01,-3.235790779826612229e-01,2.481247181831080506e-01,2.500594320364301626e-01,4.934884594238556077e-01,5.040000000000000036e-01,4.480000000000000648e-01,1.405368192411636241e-01,4.715593554661802189e-01,2.959999999999999853e-01,4.480000000000000648e-01,0.000000000000000000e+00,2.000000000000000111e-01
1.759833807562000000e+12,3.000000000000000000e+00,2.000000000000000000e+00,0.000000000000000000e+00,0.000000000000000000e+00,0.000000000000000000e+00,-3.242361061709905234e-01,2.479589945631093806e-01,-3.402678343529130234e-01,2.438160355357631703e-01,1.370419884521779652e-01,4.706825109159227249e-01,6.079999999999999849e-01,4.480000000000000648e-01,5.176683854833487308e-02,4.487620927818157801e-01,2.999999999999999889e-01,4.480000000000000648e-01,0.000000000000000000e+00,0.000000000000000000e+00
1.759833807765000000e+12,3.000000000000000000e+00,2.000000000000000000e+00,0.000000000000000000e+00,0.000000000000000000e+00,0.000000000000000000e+00,-3.402678343529130234e-01,2.438160355357631703e-01,-3.494173999497317551e-01,2.396741459052727230e-01,5.176683854833487308e-02,4.487620927818157801e-01,7.079999999999999627e-01,4.480000000000000648e-01,3.098936437596929664e-03,4.268473328321308324e-01,5.000000000000000000e-01,4.480000000000000648e-01,0.000000000000000000e+00,0.000000000000000000e+00
1.759833807972000000e+12,3.000000000000000000e+00,2.000000000000000000e+00,0.000000000000000000e+00,0.000000000000000000e+00,0.000000000000000000e+00,-3.494173999497317551e-01,2.396741459052727230e-01,-3.494472443398192740e-01,2.355330546085268040e-01,3.098936437596929664e-03,4.268473328321308324e-01,8.080000000000003846e-01,4.480000000000000648e-01,2.940189681812254395e-03,4.049367968705122611e-01,5.000000000000000000e-01,4.480000000000000648e-01,0.000000000000000000e+00,0.000000000000000000e+00
1.759833808177000000e+12,3.000000000000000000e+00,2.000000000000000000e+00,0.000000000000000000e+00,1.000000000000000056e-01,1.000000000000000000e+00,-3.494484250152641303e-01,2.353673984792776785e-01,-3.457158116533382564e-01,2.329535458652473023e-01,2.933909493275785405e-03,4.040603094141676510e-01,8.120000000000002771e-01,4.480000000000000648e-01,2.278823588649852086e-02,3.912886024616260006e-01,5.999999999999999778e-01,4.960000000000000520e-01,2.000000000000000042e-02,2.000000000000000111e-01
1.759833808389000000e+12,3.000000000000000000e+00,2.000000000000000000e+00,0.000000000000000000e+00,0.000000000000000000e+00,1.000000000000000000e+00,-3.457158116533382564e-01,2.329535458652473023e-01,-3.339827664850529843e-01,2.340517765234809422e-01,2.278823588649852086e-02,3.912886024616260006e-01,8.120000000000002771e-01,4.960000000000000520e-01,8.519805061142018965e-02,3.970993466850843978e-01,6.959999999999999520e-01,5.200000000000000178e-01,0.000000000000000000e+00,2.000000000000000111e-01
1.759833808596000000e+12,3.000000000000000000e+00,2.000000000000000000e+00,0.000000000000000000e+00,0.000000000000000000e+00,0.000000000000000000e+00,-3.339827664850529843e-01,2.340517765234809422e-01,-3.170621000800278311e-01,2.357316000525212785e-01,8.519805061142018965e-02,3.970993466850843978e-01,8.120000000000002771e-01,5.200000000000000178e-01,1.752015953190008135e-01,4.059873018651919963e-01,7.039999999999999591e-01,5.200000000000000178e-01,0.000000000000000000e+00,0.000000000000000000e+00
1.759833808803000000e+12,3.000000000000000000e+00,2.000000000000000000e+00,0.000000000000000000e+00,0.000000000000000000e+00,2.000000000000000000e+00,-3.170621000800278311e-01,2.357316000525212785e-01,-3.045205965524805936e-01,2.373472180488211958e-01,1.752015953190008135e-01,4.059873018651919963e-01,8.120000000000002771e-01,5.200000000000000178e-01,2.419117204655286679e-01,4.145355452318582046e-01,6.039999999999999813e-01,5.200000000000000178e-01,0.000000000000000000e+00,-2.000000000000000111e-01
1.759833809009000000e+12,3.000000000000000000e+00,2.000000000000000000e+00,0.000000000000000000e+00,0.000000000000000000e+00,0.000000000000000000e+00,-3.045205965524805936e-01,2.373472180488211958e-01,-2.962194110621553245e-01,2.389634380054776741e-01,2.419117204655286679e-01,4.145355452318582046e-01,8.120000000000002771e-01,5.200000000000000178e-01,2.860669624353439633e-01,4.230869735739559712e-01,6.039999999999999813e-01,5.200000000000000178e-01,0.000000000000000000e+00,0.000000000000000000e+00
1.759833809216000000e+12,3.000000000000000000e+00,2.000000000000000000e+00,0.000000000000000000e+00,0.000000000000000000e+00,2.000000000000000000e+00,-2.958874035179985817e-01,2.390280848110631906e-01,-2.913356395644425278e-01,2.406446118765021569e-01,2.878329600106457886e-01,4.234290201643555740e-01,5.000000000000000000e-01,5.200000000000000178e-01,3.120444704019013638e-01,4.319820734206463730e-01,5.040000000000000036e-01,5.200000000000000178e-01,0.000000000000000000e+00,-2.000000000000000111e-01
1.759833809425000000e+12,3.000000000000000000e+00,2.000000000000000000e+00,0.000000000000000000e+00,0.000000000000000000e+00,0.000000000000000000e+00,-2.913356395644425278e-01,2.406446118765021569e-01,-2.910317749670716658e-01,2.422615092982564056e-01,3.120444704019013638e-01,4.319820734206463730e-01,5.000000000000000000e-01,5.200000000000000178e-01,3.136607714517463674e-01,4.405370862341609350e-01,5.040000000000000036e-01,5.200000000000000178e-01,0.000000000000000000e+00,0.000000000000000000e+00
1.759833809631000000e+12,3.000000000000000000e+00,2.000000000000000000e+00,0.000000000000000000e+00,0.000000000000000000e+00,0.000000000000000000e+00,-2.910197499924000453e-01,2.423261884289049928e-01,-2.907192143087039549e-01,2.439432773693952505e-01,3.137247340829784070e-01,4.408793038566402034e-01,5.000000000000000000e-01,5.200000000000000178e-01,3.153233281451916503e-01,4.494353299968003035e-01,5.040000000000000036e-01,5.200000000000000178e-01,0.000000000000000000e+00,0.000000000000000000e+00
1.759833809841000000e+12,3.000000000000000000e+00,2.000000000000000000e+00,0.000000000000000000e+00,-1.000000000000000056e-01,2.000000000000000000e+00,-2.907192143087039549e-01,2.439432773693952505e-01,-2.941749509677609731e-01,2.452883619626070877e-01,3.153233281451916503e-01,4.494353299968003035e-01,5.000000000000000000e-01,5.200000000000000178e-01,2.969417501714841090e-01,4.565521796963338264e-01,4.040000000000000258e-01,4.979999999999999982e-01,-2.000000000000000042e-02,-2.000000000000000111e-01
1.759833810049000000e+12,3.000000000000000000e+00,2.000000000000000000e+00,0.000000000000000000e+00,0.000000000000000000e+00,2.000000000000000000e+00,-2.941749509677609731e-01,2.452883619626070877e-01,-3.056293252591832377e-01,2.433551348189746111e-01,2.969417501714841090e-01,4.565521796963338264e-01,4.000000000000000777e-01,4.979999999999999982e-01,2.360142273447699279e-01,4.463234646506593628e-01,3.039999999999999925e-01,4.599999999999999645e-01,0.000000000000000000e+00,-2.000000000000000111e-01
1.759833810260000000e+12,3.000000000000000000e+00,2.000000000000000000e+00,0.000000000000000000e+00,0.000000000000000000e+00,0.000000000000000000e+00,-3.056293252591832377e-01,2.433551348189746111e-01,-3.219568650394976084e-01,2.400433401927144494e-01,2.360142273447699279e-01,4.463234646506593628e-01,2.959999999999999853e-01,4.599999999999999645e-01,1.491656114920338894e-01,4.288007417603939553e-01,3.039999999999999925e-01,4.599999999999999645e-01,0.000000000000000000e+00,0.000000000000000000e+00
1.759833810468000000e+12,3.000000000000000000e+00,2.000000000000000000e+00,0.000000000000000000e+00,0.000000000000000000e+00,0.000000000000000000e+00,-3.219568650394976084e-01,2.400433401927144494e-01,-3.376618983527661655e-01,2.368591456910167092e-01,1.491656114920338894e-01,4.288007417603939553e-01,3.960000000000000187e-01,4.599999999999999645e-01,6.562820025124369017e-02,4.119531518043212381e-01,3.039999999999999925e-01,4.599999999999999645e-01,0.000000000000000000e+00,0.000000000000000000e+00
1.759833810673000000e+12,3.000000000000000000e+00,2.000000000000000000e+00,0.000000000000000000e+00,0.000000000000000000e+00,2.000000000000000000e+00,-3.382901507116048978e-01,2.367317824966022055e-01,-3.492267497652730701e-01,2.335483063883234400e-01,6.228643238508022040e-02,4.112792724687948098e-01,2.999999999999999889e-01,4.599999999999999645e-01,4.113033163440998896e-03,3.944354835361029155e-01,5.000000000000000000e-01,4.599999999999999645e-01,0.000000000000000000e+00,-2.000000000000000111e-01
1.759833810880000000e+12,3.000000000000000000e+00,2.000000000000000000e+00,0.000000000000000000e+00,1.000000000000000056e-01,0.000000000000000000e+00,-3.492267497652730701e-01,2.335483063883234400e-01,-3.492555484913824060e-01,2.314318551192543483e-01,4.113033163440998896e-03,3.944354835361029155e-01,2.999999999999999889e-01,4.599999999999999645e-01,3.959848450093467892e-03,3.832373286733034567e-01,5.000000000000000000e-01,4.979999999999999982e-01,2.000000000000000042e-02,0.000000000000000000e+00
1.759833811092000000e+12,3.000000000000000000e+00,2.000000000000000000e+00,0.000000000000000000e+00,0.000000000000000000e+00,0.000000000000000000e+00,-3.492555484913824060e-01,2.314318551192543483e-01,-3.492843179090885930e-01,2.326105338906433173e-01,3.959848450093467892e-03,3.832373286733034567e-01,3.999999999999999667e-01,4.979999999999999982e-01,3.806819632507366276e-03,3.894737242891181395e-01,5.000000000000000000e-01,5.200000000000000178e-01,0.000000000000000000e+00,0.000000000000000000e+00
1.759833811296000000e+12,3.000000000000000000e+00,2.000000000000000000e+00,0.000000000000000000e+00,0.000000000000000000e+00,0.000000000000000000e+00,-3.492843179090885930e-01,2.326105338906433173e-01,-3.493144293461692418e-01,2.342933478140722392e-01,3.806819632507366276e-03,3.894737242891181395e-01,3.039999999999999925e-01,5.200000000000000178e-01,3.646652413993277386e-03,3.983775016617579490e-01,5.000000000000000000e-01,5.200000000000000178e-01,0.000000000000000000e+00,0.000000000000000000e+00
1.759833811503000000e+12,3.000000000000000000e+00,2.000000000000000000e+00,0.000000000000000000e+00,0.000000000000000000e+00,2.000000000000000000e+00,-3.493144293461692418e-01,2.342933478140722392e-01,-3.493436150608925095e-01,2.359116723925061831e-01,3.646652413993277386e-03,3.983775016617579490e-01,4.040000000000000258e-01,5.200000000000000178e-01,3.491409250571640265e-03,4.069400655688158452e-01,5.000000000000000000e-01,5.200000000000000178e-01,0.000000000000000000e+00,-2.000000000000000111e-01
1.759833811709000000e+12,3.000000000000000000e+00,2.000000000000000000e+00,0.000000000000000000e+00,0.000000000000000000e+00,0.000000000000000000e+00,-3.493436150608925095e-01,2.359116723925061831e-01,-3.493742237851630295e-01,2.375949825668642046e-01,3.491409250571640265e-03,4.069400655688158452e-01,2.999999999999999889e-01,5.200000000000000178e-01,3.328596887430576579e-03,4.158464686077471550e-01,5.000000000000000000e-01,5.200000000000000178e-01,0.000000000000000000e+00,0.000000000000000000e+00
1.759833811918000000e+12,3.000000000000000000e+00,2.000000000000000000e+00,0.000000000000000000e+00,0.000000000000000000e+00,0.000000000000000000e+00,-3.493742237851630295e-01,2.375949825668642046e-01,-3.494038870856464030e-01,2.392137887044344935e-01,3.328596887430576579e-03,4.158464686077471550e-01,1.999999999999997613e-01,5.200000000000000178e-01,3.170813374221142979e-03,4.244115804467433750e-01,5.000000000000000000e-01,5.200000000000000178e-01,0.000000000000000000e+00,0.000000000000000000e+00
1.759833812124000000e+12,3.000000000000000000e+00,2.000000000000000000e+00,0.000000000000000000e+00,0.000000000000000000e+00,0.000000000000000000e+00,-3.494050801169277798e-01,2.392785467076092298e-01,-3.494349769417092744e-01,2.408975972132231247e-01,3.164467463149989949e-03,4.247542153841758483e-01,2.959999999999999853e-01,5.200000000000000178e-01,3.005441799418635644e-03,4.333206201757837661e-01,5.000000000000000000e-01,5.200000000000000178e-01,0.000000000000000000e+00,0.000000000000000000e+00
1.759833812331000000e+12,3.000000000000000000e+00,2.000000000000000000e+00,0.000000000000000000e+00,-1.000000000000000056e-01,1.000000000000000000e+00,-3.494349769417092744e-01,2.408975972132231247e-01,-3.457095787624182015e-01,2.417726541632301829e-01,3.005441799418635644e-03,4.333206201757837661e-01,1.919999999999997264e-01,5.200000000000000178e-01,2.282138956160519733e-02,4.379505511282020813e-01,5.999999999999999778e-01,4.879999999999999893e-01,-2.000000000000000042e-02,2.000000000000000111e-01
1.759833812542000000e+12,3.000000000000000000e+00,2.000000000000000000e+00,0.000000000000000000e+00,0.000000000000000000e+00,1.000000000000000000e+00,-3.453939404601975571e-01,2.417366010567990053e-01,-3.333504990219045006e-01,2.391614016735702786e-01,2.450031670107670825e-02,4.377597939513175329e-01,9.200000000000027600e-02,4.860000000000000431e-01,8.856117541540148297e-02,4.241344003892607573e-01,7.039999999999999591e-01,4.599999999999999645e-01,0.000000000000000000e+00,2.000000000000000111e-01
1.759833812749000000e+12,3.000000000000000000e+00,2.000000000000000000e+00,0.000000000000000000e+00,0.000000000000000000e+00,1.000000000000000000e+00,-3.333504990219045006e-01,2.391614016735702786e-01,-3.123306480119532047e-01,2.358485470698573339e-01,8.856117541540148297e-02,4.241344003892607573e-01,5.000000000000000000e-01,4.599999999999999645e-01,2.003688935534403137e-01,4.066060691526843240e-01,8.080000000000003846e-01,4.599999999999999645e-01,0.000000000000000000e+00,2.000000000000000111e-01
1.759833812957000000e+12,3.000000000000000000e+00,2.000000000000000000e+00,0.000000000000000000e+00,1.000000000000000056e-01,2.000000000000000000e+00,-3.123306480119532047e-01,2.358485470698573339e-01,-2.914743959916377691e-01,2.345423452936830633e-01,2.003688935534403137e-01,4.066060691526843240e-01,5.000000000000000000e-01,4.599999999999999645e-01,3.113064042997990000e-01,3.996949486438257648e-01,7.079999999999999627e-01,5.100000000000000089e-01,2.000000000000000042e-02,-2.000000000000000111e-01
1.759833813168000000e+12,3.000000000000000000e+00,2.000000000000000000e+00,0.000000000000000000e+00,0.000000000000000000e+00,1.000000000000000000e+00,-2.914743959916377691e-01,2.345423452936830633e-01,-2.707333488753869144e-01,2.361127441758901491e-01,3.113064042997990000e-01,3.996949486438257648e-01,5.000000000000000000e-01,5.100000000000000089e-01,4.216311230032610546e-01,4.080039374385722728e-01,8.040000000000002700e-01,5.200000000000000178e-01,0.000000000000000000e+00,2.000000000000000111e-01
1.759833813374000000e+12,3.000000000000000000e+00,2.000000000000000000e+00,0.000000000000000000e+00,0.000000000000000000e+00,0.000000000000000000e+00,-2.707333488753869144e-01,2.361127441758901491e-01,-2.464305802470012907e-01,2.377228784347052148e-01,4.216311230032610546e-01,4.080039374385722728e-01,6.039999999999999813e-01,5.200000000000000178e-01,5.509011688989292610e-01,4.165231663211916846e-01,8.040000000000002700e-01,5.200000000000000178e-01,0.000000000000000000e+00,0.000000000000000000e+00
1.759833813582000000e+12,3.000000000000000000e+00,2.000000000000000000e+00,0.000000000000000000e+00,0.000000000000000000e+00,0.000000000000000000e+00,-2.464305802470012907e-01,2.377228784347052148e-01,-2.221223192575936811e-01,2.393324307470923729e-01,5.509011688989292610e-01,4.165231663211916846e-01,5.040000000000000036e-01,5.200000000000000178e-01,6.802004294808846607e-01,4.250393161221819316e-01,8.040000000000002700e-01,5.200000000000000178e-01,0.000000000000000000e+00,0.000000000000000000e+00
1.759833813790000000e+12,3.000000000000000000e+00,2.000000000000000000e+00,0.000000000000000000e+00,0.000000000000000000e+00,1.000000000000000000e+00,-2.221223192575936811e-01,2.393324307470923729e-01,-1.930828717863149468e-01,2.410039065980719986e-01,6.802004294808846607e-01,4.250393161221819316e-01,5.000000000000000000e-01,5.200000000000000178e-01,8.346655756047077768e-01,4.338831036935026919e-01,9.039999999999998037e-01,5.200000000000000178e-01,0.000000000000000000e+00,2.000000000000000111e-01
1.759833813996000000e+12,3.000000000000000000e+00,2.000000000000000000e+00,0.000000000000000000e+00,0.000000000000000000e+00,0.000000000000000000e+00,-1.930828717863149468e-01,2.410039065980719986e-01,-1.631960952877777871e-01,2.426087276763169154e-01,8.346655756047077768e-01,4.338831036935026919e-01,5.999999999999999778e-01,5.200000000000000178e-01,9.936377910224586385e-01,4.423742205096133362e-01,5.000000000000000000e-01,5.200000000000000178e-01,0.000000000000000000e+00,0.000000000000000000e+00
1.759833814207000000e+12,3.000000000000000000e+00,2.000000000000000000e+00,0.000000000000000000e+00,0.000000000000000000e+00,1.000000000000000000e+00,-1.631963125409758852e-01,2.426732802845980308e-01,-1.632017900097243457e-01,2.442871689618174025e-01,9.936366354203410856e-01,4.427157687015769172e-01,7.000000000000000666e-01,5.200000000000000178e-01,9.936074999482747971e-01,4.512548622318381386e-01,5.000000000000000000e-01,5.200000000000000178e-01,0.000000000000000000e+00,2.000000000000000111e-01
1.759833814413000000e+12,3.000000000000000000e+00,2.000000000000000000e+00,0.000000000000000000e+00,0.000000000000000000e+00,2.000000000000000000e+00,-1.632017900097243457e-01,2.442871689618174025e-01,-1.669707541733350953e-01,2.459010641837057198e-01,9.936074999482747971e-01,4.512548622318381386e-01,5.000000000000000000e-01,5.200000000000000178e-01,9.735598182269410428e-01,4.597939903899774250e-01,4.000000000000000777e-01,5.200000000000000178e-01,0.000000000000000000e+00,-2.000000000000000111e-01
1.759833814617000000e+12,3.000000000000000000e+00,2.000000000000000000e+00,0.000000000000000000e+00,0.000000000000000000e+00,2.000000000000000000e+00,-1.672878004269679475e-01,2.459656099224472314e-01,-1.793714219012942368e-01,2.475786375667428929e-01,9.718734019842130145e-01,4.601355022351705792e-01,5.000000000000000000e-01,5.200000000000000178e-01,9.075988196739668279e-01,4.686700400356767493e-01,2.959999999999999853e-01,5.200000000000000178e-01,0.000000000000000000e+00,-2.000000000000000111e-01
1.759833814822000000e+12,3.000000000000000000e+00,2.000000000000000000e+00,0.000000000000000000e+00,0.000000000000000000e+00,1.000000000000000000e+00,-1.793714219012942368e-01,2.475786375667428929e-01,-1.919250176414533382e-01,2.491920082237755463e-01,9.075988196739668279e-01,4.686700400356767493e-01,5.000000000000000000e-01,5.200000000000000178e-01,8.408243742475886018e-01,4.772063927183891607e-01,3.960000000000000187e-01,5.200000000000000178e-01,0.000000000000000000e+00,2.000000000000000111e-01
1.759833815027000000e+12,3.000000000000000000e+00,2.000000000000000000e+00,0.000000000000000000e+00,-1.000000000000000056e-01,1.000000000000000000e+00,-1.919250176414533382e-01,2.491920082237755463e-01,-1.965031356808710217e-01,2.505341354213728722e-01,8.408243742475886018e-01,4.772063927183891607e-01,5.000000000000000000e-01,5.200000000000000178e-01,8.164726825485584261e-01,4.843075948220787463e-01,4.960000000000000520e-01,5.000000000000000000e-01,-2.000000000000000042e-02,2.000000000000000111e-01
1.759833815234000000e+12,3.000000000000000000e+00,2.000000000000000000e+00,0.000000000000000000e+00,0.000000000000000000e+00,0.000000000000000000e+00,-1.965178824814670655e-01,2.505355457697821531e-01,-1.965280058372877448e-01,2.486339173140005576e-01,8.163942421198560062e-01,4.843150569829743901e-01,6.039999999999999813e-01,4.979999999999999982e-01,8.163403944825119440e-01,4.742535307619077933e-01,5.000000000000000000e-01,4.619999999999999662e-01,0.000000000000000000e+00,0.000000000000000000e+00
1.759833815443000000e+12,3.000000000000000000e+00,2.000000000000000000e+00,0.000000000000000000e+00,0.000000000000000000e+00,2.000000000000000000e+00,-1.965280058372877448e-01,2.486339173140005576e-01,-2.002978893607222644e-01,2.456086051304486040e-01,8.163403944825119440e-01,4.742535307619077933e-01,6.039999999999999813e-01,4.619999999999999662e-01,7.962878225493495998e-01,4.582465879917916318e-01,3.999999999999999667e-01,4.619999999999999662e-01,0.000000000000000000e+00,-2.000000000000000111e-01
1.759833815649000000e+12,3.000000000000000000e+00,2.000000000000000000e+00,0.000000000000000000e+00,1.000000000000000056e-01,1.000000000000000000e+00,-2.002978893607222644e-01,2.456086051304486040e-01,-2.051851823445343947e-01,2.427963540242245311e-01,7.962878225493495998e-01,4.582465879917916318e-01,5.000000000000000000e-01,4.619999999999999662e-01,7.702915832737532442e-01,4.433669525091245567e-01,4.919999999999999929e-01,4.819999999999999840e-01,2.000000000000000042e-02,2.000000000000000111e-01
1.759833815856000000e+12,3.000000000000000000e+00,2.000000000000000000e+00,0.000000000000000000e+00,1.000000000000000056e-01,2.000000000000000000e+00,-2.051851823445343947e-01,2.427963540242245311e-01,-2.092708895409875480e-01,2.434059415221599687e-01,7.702915832737532442e-01,4.433669525091245567e-01,5.000000000000000000e-01,4.839999999999999858e-01,7.485590981862364490e-01,4.465922831860316133e-01,3.960000000000000187e-01,5.340000000000000302e-01,2.000000000000000042e-02,-2.000000000000000111e-01
1.759833816070000000e+12,3.000000000000000000e+00,2.000000000000000000e+00,0.000000000000000000e+00,0.000000000000000000e+00,1.000000000000000000e+00,-2.096008587826656000e-01,2.435137067954628864e-01,-2.144856663175881417e-01,2.464068414234107385e-01,7.468039426453957352e-01,4.471624698172639856e-01,5.000000000000000000e-01,5.360000000000000320e-01,7.208209238426162013e-01,4.624700604413267135e-01,4.919999999999999929e-01,5.360000000000000320e-01,0.000000000000000000e+00,2.000000000000000111e-01
1.759833816276000000e+12,3.000000000000000000e+00,2.000000000000000000e+00,0.000000000000000000e+00,0.000000000000000000e+00,0.000000000000000000e+00,-2.144856663175881417e-01,2.464068414234107385e-01,-2.151372260488998434e-01,2.493021503332632505e-01,7.208209238426162013e-01,4.624700604413267135e-01,5.000000000000000000e-01,5.360000000000000320e-01,7.173551805909582635e-01,4.777891552024511324e-01,4.919999999999999929e-01,5.360000000000000320e-01,0.000000000000000000e+00,0.000000000000000000e+00
1.759833816484000000e+12,3.000000000000000000e+00,2.000000000000000000e+00,0.000000000000000000e+00,0.000000000000000000e+00,1.000000000000000000e+00,-2.151632311391703523e-01,2.494179698348748808e-01,-2.120469703784715609e-01,2.523134465714195751e-01,7.172168556427108710e-01,4.784019567982798482e-01,5.000000000000000000e-01,5.360000000000000320e-01,7.337927107528108284e-01,4.937219395313205417e-01,5.919999999999999707e-01,5.360000000000000320e-01,0.000000000000000000e+00,2.000000000000000111e-01
1.759833816688000000e+12,3.000000000000000000e+00,2.000000000000000000e+00,0.000000000000000000e+00,0.000000000000000000e+00,0.000000000000000000e+00,-2.120469703784715609e-01,2.523134465714195751e-01,-2.047015830753078913e-01,2.552087591699408464e-01,7.337927107528108284e-01,4.937219395313205417e-01,5.000000000000000000e-01,5.360000000000000320e-01,7.728639198121920462e-01,5.090410538092108306e-01,5.919999999999999707e-01,5.360000000000000320e-01,0.000000000000000000e+00,0.000000000000000000e+00
1.759833816892000000e+12,3.000000000000000000e+00,2.000000000000000000e+00,0.000000000000000000e+00,-1.000000000000000056e-01,2.000000000000000000e+00,-2.047015830753078913e-01,2.552087591699408464e-01,-2.008055023343099654e-01,2.572629794549035620e-01,7.728639198121920462e-01,5.090410538092108306e-01,5.000000000000000000e-01,5.360000000000000320e-01,7.935877535409043837e-01,5.199099442058390252e-01,4.960000000000000520e-01,5.020000000000000018e-01,-2.000000000000000042e-02,-2.000000000000000111e-01
1.759833817097000000e+12,3.000000000000000000e+00,2.000000000000000000e+00,0.000000000000000000e+00,0.000000000000000000e+00,0.000000000000000000e+00,-2.008154854890102370e-01,2.572716231122259001e-01,-2.014617971846883460e-01,2.559668428315821087e-01,7.935346516542008954e-01,5.199556778424651027e-01,5.000000000000000000e-01,5.000000000000000000e-01,7.900968234857003170e-01,5.130520784739794893e-01,4.919999999999999929e-01,4.779999999999999805e-01,0.000000000000000000e+00,0.000000000000000000e+00
1.759833817305000000e+12,3.000000000000000000e+00,2.000000000000000000e+00,0.000000000000000000e+00,0.000000000000000000e+00,2.000000000000000000e+00,-2.014617971846883460e-01,2.559668428315821087e-01,-2.058745093116217395e-01,2.542224715479683983e-01,7.900968234857003170e-01,5.130520784739794893e-01,5.999999999999999778e-01,4.779999999999999805e-01,7.666249504700971551e-01,5.038226007829016417e-01,3.920000000000000151e-01,4.779999999999999805e-01,0.000000000000000000e+00,-2.000000000000000111e-01
1.759833817509000000e+12,3.000000000000000000e+00,2.000000000000000000e+00,0.000000000000000000e+00,0.000000000000000000e+00,1.000000000000000000e+00,-2.058745093116217395e-01,2.542224715479683983e-01,-2.114304464112901072e-01,2.524081406597559196e-01,7.666249504700971551e-01,5.038226007829016417e-01,5.999999999999999778e-01,4.779999999999999805e-01,7.370720935569674559e-01,4.942229664537350908e-01,4.879999999999999893e-01,4.779999999999999805e-01,0.000000000000000000e+00,2.000000000000000111e-01
1.759833817715000000e+12,3.000000000000000000e+00,2.000000000000000000e+00,0.000000000000000000e+00,0.000000000000000000e+00,2.000000000000000000e+00,-2.114304464112901072e-01,2.524081406597559196e-01,-2.161637869235311371e-01,2.506635204881501600e-01,7.370720935569674559e-01,4.942229664537350908e-01,5.000000000000000000e-01,4.779999999999999805e-01,7.118947504067492105e-01,4.849921718949744553e-01,3.880000000000000115e-01,4.779999999999999805e-01,0.000000000000000000e+00,-2.000000000000000111e-01
1.759833817921000000e+12,3.000000000000000000e+00,2.000000000000000000e+00,0.000000000000000000e+00,0.000000000000000000e+00,0.000000000000000000e+00,-2.161637869235311371e-01,2.506635204881501600e-01,-2.251313301741649786e-01,2.489183737396725993e-01,7.118947504067492105e-01,4.849921718949744553e-01,3.960000000000000187e-01,4.779999999999999805e-01,6.641950522650799105e-01,4.757585912151989782e-01,3.880000000000000115e-01,4.779999999999999805e-01,0.000000000000000000e+00,0.000000000000000000e+00
1.759833818131000000e+12,3.000000000000000000e+00,2.000000000000000000e+00,0.000000000000000000e+00,0.000000000000000000e+00,2.000000000000000000e+00,-2.254901727600832351e-01,2.488485656681870273e-01,-2.382234875965374421e-01,2.471026836396129356e-01,6.622863151059402709e-01,4.753892363396139409e-01,3.960000000000000187e-01,4.779999999999999805e-01,5.945559170396944593e-01,4.661517652889574093e-01,2.879999999999999782e-01,4.779999999999999805e-01,0.000000000000000000e+00,-2.000000000000000111e-01
1.759833818337000000e+12,3.000000000000000000e+00,2.000000000000000000e+00,0.000000000000000000e+00,1.000000000000000056e-01,2.000000000000000000e+00,-2.382234875965374421e-01,2.471026836396129356e-01,-2.589506018094981932e-01,2.463028287394170568e-01,5.945559170396944593e-01,4.661517652889574093e-01,5.000000000000000000e-01,4.779999999999999805e-01,4.843053095239457373e-01,4.619197287799844953e-01,1.879999999999997229e-01,5.140000000000000124e-01,2.000000000000000042e-02,-2.000000000000000111e-01
1.759833818542000000e+12,3.000000000000000000e+00,2.000000000000000000e+00,0.000000000000000000e+00,0.000000000000000000e+00,0.000000000000000000e+00,-2.599463911229077384e-01,2.463464712585322347e-01,-2.852394202798601563e-01,2.485677236411902025e-01,4.790085578568736846e-01,4.621506415795356704e-01,5.000000000000000000e-01,5.160000000000000142e-01,3.444711687241480136e-01,4.739032996888370985e-01,1.839999999999997193e-01,5.300000000000000266e-01,0.000000000000000000e+00,0.000000000000000000e+00
1.759833818749000000e+12,3.000000000000000000e+00,2.000000000000000000e+00,0.000000000000000000e+00,0.000000000000000000e+00,1.000000000000000000e+00,-2.852394202798601563e-01,2.485677236411902025e-01,-3.067758082063294367e-01,2.509819333551336351e-01,3.444711687241480136e-01,4.739032996888370985e-01,5.999999999999999778e-01,5.300000000000000266e-01,2.299159137961199195e-01,4.866768960589081816e-01,2.839999999999999747e-01,5.300000000000000266e-01,0.000000000000000000e+00,2.000000000000000111e-01
1.759833818956000000e+12,3.000000000000000000e+00,2.000000000000000000e+00,0.000000000000000000e+00,0.000000000000000000e+00,0.000000000000000000e+00,-3.067758082063294367e-01,2.509819333551336351e-01,-3.247742081974095418e-01,2.534952630776506344e-01,2.299159137961199195e-01,4.866768960589081816e-01,5.999999999999999778e-01,5.300000000000000266e-01,1.341797436308002078e-01,4.999749369187864723e-01,2.839999999999999747e-01,5.300000000000000266e-01,0.000000000000000000e+00,0.000000000000000000e+00
1.759833819165000000e+12,3.000000000000000000e+00,2.000000000000000000e+00,0.000000000000000000e+00,-1.000000000000000056e-01,1.000000000000000000e+00,-3.247742081974095418e-01,2.534952630776506344e-01,-3.383178407312340541e-01,2.558803877043024921e-01,1.341797436308002078e-01,4.999749369187864723e-01,4.960000000000000520e-01,5.300000000000000266e-01,6.213914504662726435e-02,5.125946439381084963e-01,3.840000000000000080e-01,5.220000000000000195e-01,-2.000000000000000042e-02,2.000000000000000111e-01
1.759833819369000000e+12,3.000000000000000000e+00,2.000000000000000000e+00,0.000000000000000000e+00,0.000000000000000000e+00,2.000000000000000000e+00,-3.383178407312340541e-01,2.558803877043024921e-01,-3.495655914885658078e-01,2.557803640050228533e-01,6.213914504662726435e-02,5.125946439381084963e-01,4.960000000000000520e-01,5.220000000000000195e-01,2.310683571458351567e-03,5.120654180159940339e-01,5.000000000000000000e-01,4.719999999999999751e-01,0.000000000000000000e+00,-2.000000000000000111e-01
1.759833819579000000e+12,3.000000000000000000e+00,2.000000000000000000e+00,0.000000000000000000e+00,0.000000000000000000e+00,2.000000000000000000e+00,-3.495668816122113887e-01,2.556932286361956463e-01,-3.495988766837012096e-01,2.534746136838490482e-01,2.303821211641431978e-03,5.116043843184955309e-01,3.960000000000000187e-01,4.719999999999999751e-01,2.133634661163660851e-03,4.998656808669262319e-01,5.000000000000000000e-01,4.719999999999999751e-01,0.000000000000000000e+00,-2.000000000000000111e-01
1.759833819785000000e+12,3.000000000000000000e+00,2.000000000000000000e+00,0.000000000000000000e+00,0.000000000000000000e+00,0.000000000000000000e+00,-3.495988766837012096e-01,2.534746136838490482e-01,-3.496304706245674243e-01,2.512556048695268052e-01,2.133634661163660851e-03,4.998656808669262319e-01,5.000000000000000000e-01,4.719999999999999751e-01,1.965581784215710264e-03,4.881248934895598968e-01,5.000000000000000000e-01,4.719999999999999751e-01,0.000000000000000000e+00,0.000000000000000000e+00
1.759833819992000000e+12,3.000000000000000000e+00,2.000000000000000000e+00,0.000000000000000000e+00,0.000000000000000000e+00,2.000000000000000000e+00,-3.496317266367184873e-01,2.511668367255191492e-01,-3.496629103845297348e-01,2.489474269573033471e-01,1.958900868518566925e-03,4.876552207699426655e-01,5.000000000000000000e-01,4.719999999999999751e-01,1.793029869522569202e-03,4.759123119434039983e-01,5.000000000000000000e-01,4.719999999999999751e-01,0.000000000000000000e+00,-2.000000000000000111e-01
1.759833820199000000e+12,3.000000000000000000e+00,2.000000000000000000e+00,0.000000000000000000e+00,0.000000000000000000e+00,2.000000000000000000e+00,-3.496629103845297348e-01,2.489474269573033471e-01,-3.496936962836499907e-01,2.467276347668098946e-01,1.793029869522569202e-03,4.759123119434039983e-01,5.000000000000000000e-01,4.719999999999999751e-01,1.629275086968016680e-03,4.641673797185709160e-01,5.000000000000000000e-01,4.719999999999999751e-01,0.000000000000000000e+00,-2.000000000000000111e-01
1.759833820408000000e+12,3.000000000000000000e+00,2.000000000000000000e+00,0.000000000000000000e+00,1.000000000000000056e-01,0.000000000000000000e+00,-3.496949183846987386e-01,2.466388346482738525e-01,-3.497252979095878955e-01,2.446882481009276522e-01,1.622774549474676918e-03,4.636975378215548171e-01,5.999999999999999778e-01,4.719999999999999751e-01,1.461181331979161157e-03,4.533769740789823643e-01,5.000000000000000000e-01,4.919999999999999929e-01,2.000000000000000042e-02,0.000000000000000000e+00
1.759833820615000000e+12,3.000000000000000000e+00,2.000000000000000000e+00,0.000000000000000000e+00,1.000000000000000056e-01,2.000000000000000000e+00,-3.497252979095878955e-01,2.446882481009276522e-01,-3.497567873389250681e-01,2.460831501335492832e-01,1.461181331979161157e-03,4.533769740789823643e-01,6.039999999999999813e-01,4.919999999999999929e-01,1.293684367419732466e-03,4.607574081140174416e-01,5.000000000000000000e-01,5.420000000000000373e-01,2.000000000000000042e-02,-2.000000000000000111e-01
1.759833820822000000e+12,3.000000000000000000e+00,2.000000000000000000e+00,0.000000000000000000e+00,0.000000000000000000e+00,0.000000000000000000e+00,-3.497567873389250681e-01,2.460831501335492832e-01,-3.497874213265528831e-01,2.496209487980445563e-01,1.293684367419732466e-03,4.607574081140174416e-01,6.039999999999999813e-01,5.440000000000000391e-01,1.130737624718588857e-03,4.794759195663733653e-01,5.000000000000000000e-01,5.440000000000000391e-01,0.000000000000000000e+00,0.000000000000000000e+00
1.759833821026000000e+12,3.000000000000000000e+00,2.000000000000000000e+00,0.000000000000000000e+00,0.000000000000000000e+00,1.000000000000000000e+00,-3.497874213265528831e-01,2.496209487980445563e-01,-3.463656713552183408e-01,2.531615283282745432e-01,1.130737624718588857e-03,4.794759195663733653e-01,5.040000000000000036e-01,5.440000000000000391e-01,1.933153534458317835e-02,4.982091445940452501e-01,5.959999999999999742e-01,5.440000000000000391e-01,0.000000000000000000e+00,2.000000000000000111e-01
1.759833821237000000e+12,3.000000000000000000e+00,2.000000000000000000e+00,0.000000000000000000e+00,-1.000000000000000056e-01,0.000000000000000000e+00,-3.460628974015963477e-01,2.533031418409736335e-01,-3.380993162160196297e-01,2.565691047626533772e-01,2.094203509789165085e-02,4.989584224390140044e-01,5.040000000000000036e-01,5.440000000000000391e-01,6.330150948925718224e-02,5.162386495378485929e-01,5.999999999999999778e-01,5.240000000000000213e-01,-2.000000000000000042e-02,0.000000000000000000e+00
1.759833821445000000e+12,3.000000000000000000e+00,2.000000000000000000e+00,0.000000000000000000e+00,0.000000000000000000e+00,0.000000000000000000e+00,-3.377804918586868599e-01,2.566483215698826537e-01,-3.298088397297853636e-01,2.566093306462999268e-01,6.499738373038893569e-02,5.166577860840352310e-01,5.040000000000000036e-01,5.240000000000000213e-01,1.073997886713543432e-01,5.164514849010578557e-01,5.999999999999999778e-01,4.819999999999999840e-01,0.000000000000000000e+00,0.000000000000000000e+00
1.759833821656000000e+12,3.000000000000000000e+00,2.000000000000000000e+00,0.000000000000000000e+00,0.000000000000000000e+00,0.000000000000000000e+00,-3.294899271725275081e-01,2.565525253867320665e-01,-3.215162036128367817e-01,2.551320753350244663e-01,1.090961320610237956e-01,5.161509279721273602e-01,4.040000000000000258e-01,4.819999999999999840e-01,1.515095552508680943e-01,5.086353192329337025e-01,5.999999999999999778e-01,4.819999999999999840e-01,0.000000000000000000e+00,0.000000000000000000e+00
1.759833821865000000e+12,3.000000000000000000e+00,2.000000000000000000e+00,0.000000000000000000e+00,0.000000000000000000e+00,1.000000000000000000e+00,-3.215162036128367817e-01,2.551320753350244663e-01,-3.097754017471954224e-01,2.537102555160771766e-01,1.515095552508680943e-01,5.086353192329337025e-01,4.040000000000000258e-01,4.819999999999999840e-01,2.139606290042795900e-01,5.011124630480274789e-01,7.000000000000000666e-01,4.819999999999999840e-01,0.000000000000000000e+00,2.000000000000000111e-01
1.759833822072000000e+12,3.000000000000000000e+00,2.000000000000000000e+00,0.000000000000000000e+00,0.000000000000000000e+00,1.000000000000000000e+00,-3.091427014044822452e-01,2.536533328698136192e-01,-2.890783324498182316e-01,2.522283633938925962e-01,2.173260563591369043e-01,5.008112850254688997e-01,4.040000000000000258e-01,4.819999999999999840e-01,3.240514231392646605e-01,4.932717639888497541e-01,8.040000000000002700e-01,4.819999999999999840e-01,0.000000000000000000e+00,2.000000000000000111e-01
1.759833822277000000e+12,3.000000000000000000e+00,2.000000000000000000e+00,0.000000000000000000e+00,0.000000000000000000e+00,1.000000000000000000e+00,-2.890783324498182316e-01,2.522283633938925962e-01,-2.610167249769907438e-01,2.507990892895899937e-01,3.240514231392646605e-01,4.932717639888497541e-01,5.000000000000000000e-01,4.819999999999999840e-01,4.733152926755810896e-01,4.857094671406878561e-01,9.039999999999998037e-01,4.819999999999999840e-01,0.000000000000000000e+00,2.000000000000000111e-01
1.759833822489000000e+12,3.000000000000000000e+00,2.000000000000000000e+00,0.000000000000000000e+00,0.000000000000000000e+00,0.000000000000000000e+00,-2.610167249769907438e-01,2.507990892895899937e-01,-2.284112888359586258e-01,2.493662531486785239e-01,4.733152926755810896e-01,4.857094671406878561e-01,5.000000000000000000e-01,4.819999999999999840e-01,6.467484636385179009e-01,4.781283235379816809e-01,9.079999999999996962e-01,4.819999999999999840e-01,0.000000000000000000e+00,0.000000000000000000e+00
1.759833822693000000e+12,3.000000000000000000e+00,2.000000000000000000e+00,0.000000000000000000e+00,0.000000000000000000e+00,1.000000000000000000e+00,-2.271061827762199670e-01,2.493089095722207660e-01,-1.907384472941085485e-01,2.478723071661211030e-01,6.536905171477661591e-01,4.778249183715385096e-01,5.000000000000000000e-01,4.819999999999999840e-01,8.471359186483587989e-01,4.702238474397942292e-01,1.000000007450580597e+00,4.819999999999999840e-01,0.000000000000000000e+00,2.000000000000000111e-01
1.759833822899000000e+12,3.000000000000000000e+00,2.000000000000000000e+00,0.000000000000000000e+00,0.000000000000000000e+00,2.000000000000000000e+00,-1.907384472941085485e-01,2.478723071661211030e-01,-1.623117086040364310e-01,2.464367906137835129e-01,8.471359186483587989e-01,4.702238474397942292e-01,5.000000000000000000e-01,4.819999999999999840e-01,9.983419755104445681e-01,4.626285217660504046e-01,4.760000000000000342e-01,4.819999999999999840e-01,0.000000000000000000e+00,-2.000000000000000111e-01
1.759833823106000000e+12,3.000000000000000000e+00,2.000000000000000000e+00,0.000000000000000000e+00,0.000000000000000000e+00,2.000000000000000000e+00,-1.623117086040364310e-01,2.464367906137835129e-01,-1.683846658332470159e-01,2.449532528377363072e-01,9.983419755104445681e-01,4.626285217660504046e-01,5.999999999999999778e-01,4.819999999999999840e-01,9.660390115252818211e-01,4.547791155435784161e-01,3.720000000000001084e-01,4.819999999999999840e-01,0.000000000000000000e+00,-2.000000000000000111e-01
1.759833823315000000e+12,3.000000000000000000e+00,2.000000000000000000e+00,0.000000000000000000e+00,1.000000000000000056e-01,1.000000000000000000e+00,-1.683846658332470159e-01,2.449532528377363072e-01,-1.748674337769022258e-01,2.438618450858433262e-01,9.660390115252818211e-01,4.547791155435784161e-01,4.960000000000000520e-01,4.819999999999999840e-01,9.315562033143498510e-01,4.490044713536684440e-01,4.720000000000000306e-01,5.040000000000000036e-01,2.000000000000000042e-02,2.000000000000000111e-01
1.759833823524000000e+12,3.000000000000000000e+00,2.000000000000000000e+00,0.000000000000000000e+00,0.000000000000000000e+00,1.000000000000000000e+00,-1.749604791196880949e-01,2.438735960056530594e-01,-1.731265562863236740e-01,2.460298507833035553e-01,9.310612812782548264e-01,4.490666455325559303e-01,5.959999999999999742e-01,5.060000000000000053e-01,9.408161899663634031e-01,4.604754009698601158e-01,5.760000000000000675e-01,5.379999999999999227e-01,0.000000000000000000e+00,2.000000000000000111e-01
1.759833823728000000e+12,3.000000000000000000e+00,2.000000000000000000e+00,0.000000000000000000e+00,0.000000000000000000e+00,1.000000000000000000e+00,-1.731265562863236740e-01,2.460298507833035553e-01,-1.633051252022441058e-01,2.490830448065462499e-01,9.408161899663634031e-01,4.604754009698601158e-01,7.000000000000000666e-01,5.379999999999999227e-01,9.930578446689143357e-01,4.766298667013029733e-01,6.759999999999999343e-01,5.379999999999999227e-01,0.000000000000000000e+00,2.000000000000000111e-01
1.759833823938000000e+12,3.000000000000000000e+00,2.000000000000000000e+00,0.000000000000000000e+00,0.000000000000000000e+00,0.000000000000000000e+00,-1.633051252022441058e-01,2.490830448065462499e-01,-1.620342476664496378e-01,2.522595576194552880e-01,9.930578446689143357e-01,4.766298667013029733e-01,7.000000000000000666e-01,5.379999999999999227e-01,9.998178315614381084e-01,4.934368128013507659e-01,5.000000000000000000e-01,5.379999999999999227e-01,0.000000000000000000e+00,0.000000000000000000e+00
1.759833824147000000e+12,3.000000000000000000e+00,2.000000000000000000e+00,0.000000000000000000e+00,-1.000000000000000056e-01,0.000000000000000000e+00,-1.620342476664496378e-01,2.522595576194552880e-01,-1.620402011682149090e-01,2.552816450458159081e-01,9.998178315614381084e-01,4.934368128013507659e-01,5.959999999999999742e-01,5.379999999999999227e-01,9.997861639988568916e-01,5.094266933641053985e-01,5.000000000000000000e-01,5.300000000000000266e-01,-2.000000000000000042e-02,0.000000000000000000e+00
1.759833824355000000e+12,3.000000000000000000e+00,2.000000000000000000e+00,0.000000000000000000e+00,-1.000000000000000056e-01,1.000000000000000000e+00,-1.620402011682149090e-01,2.552816450458159081e-01,-1.620466585337746734e-01,2.557541659113574117e-01,9.997861639988568916e-01,5.094266933641053985e-01,4.960000000000000520e-01,5.300000000000000266e-01,9.997518163097092181e-01,5.119268037637958457e-01,5.000000000000000000e-01,4.799999999999999822e-01,-2.000000000000000042e-02,2.000000000000000111e-01
1.759833824562000000e+12,3.000000000000000000e+00,2.000000000000000000e+00,0.000000000000000000e+00,0.000000000000000000e+00,2.000000000000000000e+00,-1.620466585337746734e-01,2.557541659113574117e-01,-1.658223208394085102e-01,2.534441390844695552e-01,9.997518163097092181e-01,5.119268037637958457e-01,3.920000000000000151e-01,4.779999999999999805e-01,9.796685061733589883e-01,4.997044396003680888e-01,4.000000000000000777e-01,4.699999999999999734e-01,0.000000000000000000e+00,-2.000000000000000111e-01
1.759833824770000000e+12,3.000000000000000000e+00,2.000000000000000000e+00,0.000000000000000000e+00,0.000000000000000000e+00,2.000000000000000000e+00,-1.658223208394085102e-01,2.534441390844695552e-01,-1.782258355145474316e-01,2.509620502888958438e-01,9.796685061733589883e-01,4.997044396003680888e-01,2.919999999999999818e-01,4.699999999999999734e-01,9.136923642843222115e-01,4.865716946502426365e-01,2.999999999999999889e-01,4.699999999999999734e-01,0.000000000000000000e+00,-2.000000000000000111e-01
1.759833824975000000e+12,3.000000000000000000e+00,2.000000000000000000e+00,0.000000000000000000e+00,1.000000000000000056e-01,2.000000000000000000e+00,-1.782258355145474316e-01,2.509620502888958438e-01,-1.983136402182050784e-01,2.487417809548811698e-01,9.136923642843222115e-01,4.865716946502426365e-01,2.919999999999999818e-01,4.699999999999999734e-01,8.068423392648665926e-01,4.748242378565141752e-01,1.959999999999997300e-01,4.860000000000000431e-01,2.000000000000000042e-02,-2.000000000000000111e-01
1.759833825180000000e+12,3.000000000000000000e+00,2.000000000000000000e+00,0.000000000000000000e+00,0.000000000000000000e+00,1.000000000000000000e+00,-1.983136402182050784e-01,2.487417809548811698e-01,-2.188851292210919897e-01,2.495042101745788832e-01,8.068423392648665926e-01,4.748242378565141752e-01,2.919999999999999818e-01,4.860000000000000431e-01,6.974195254197234073e-01,4.788582548919518289e-01,2.959999999999999853e-01,5.320000000000000284e-01,0.000000000000000000e+00,2.000000000000000111e-01
1.759833825389000000e+12,3.000000000000000000e+00,2.000000000000000000e+00,0.000000000000000000e+00,0.000000000000000000e+00,0.000000000000000000e+00,-2.188851292210919897e-01,2.495042101745788832e-01,-2.355562890522320818e-01,2.521806911400150675e-01,6.974195254197234073e-01,4.788582548919518289e-01,5.000000000000000000e-01,5.320000000000000284e-01,6.087431433391909952e-01,4.930195298413496130e-01,2.999999999999999889e-01,5.320000000000000284e-01,0.000000000000000000e+00,0.000000000000000000e+00
1.759833825597000000e+12,3.000000000000000000e+00,2.000000000000000000e+00,0.000000000000000000e+00,-1.000000000000000056e-01,1.000000000000000000e+00,-2.355562890522320818e-01,2.521806911400150675e-01,-2.478094691063160160e-01,2.546677993590087397e-01,6.087431433391909952e-01,4.930195298413496130e-01,5.000000000000000000e-01,5.320000000000000284e-01,5.435666536898083878e-01,5.061788325873478600e-01,3.999999999999999667e-01,5.200000000000000178e-01,-2.000000000000000042e-02,2.000000000000000111e-01
1.759833825803000000e+12,3.000000000000000000e+00,2.000000000000000000e+00,0.000000000000000000e+00,0.000000000000000000e+00,2.000000000000000000e+00,-2.481332235475914860e-01,2.547340430628420860e-01,-2.595893996957022165e-01,2.543440977092834565e-01,5.418445555979175543e-01,5.065293283748258935e-01,5.999999999999999778e-01,5.180000000000000160e-01,4.809074484271158023e-01,5.044661254459442690e-01,3.039999999999999925e-01,4.760000000000000342e-01,0.000000000000000000e+00,-2.000000000000000111e-01
1.759833826011000000e+12,3.000000000000000000e+00,2.000000000000000000e+00,0.000000000000000000e+00,0.000000000000000000e+00,2.000000000000000000e+00,-2.595893996957022165e-01,2.543440977092834565e-01,-2.799871425629258392e-01,2.523616173864290380e-01,4.809074484271158023e-01,5.044661254459442690e-01,7.039999999999999591e-01,4.760000000000000342e-01,3.724088161546497133e-01,4.939768115684076699e-01,1.999999999999997613e-01,4.760000000000000342e-01,0.000000000000000000e+00,-2.000000000000000111e-01
1.759833826217000000e+12,3.000000000000000000e+00,2.000000000000000000e+00,0.000000000000000000e+00,0.000000000000000000e+00,1.000000000000000000e+00,-2.799871425629258392e-01,2.523616173864290380e-01,-3.002460856294489888e-01,2.504557172320211467e-01,3.724088161546497133e-01,4.939768115684076699e-01,6.039999999999999813e-01,4.760000000000000342e-01,2.646484806944202073e-01,4.838926837673077075e-01,2.999999999999999889e-01,4.760000000000000342e-01,0.000000000000000000e+00,2.000000000000000111e-01
1.759833826423000000e+12,3.000000000000000000e+00,2.000000000000000000e+00,0.000000000000000000e+00,0.000000000000000000e+00,1.000000000000000000e+00,-3.002460856294489888e-01,2.504557172320211467e-01,-3.128285837504521938e-01,2.484763352058955155e-01,2.646484806944202073e-01,4.838926837673077075e-01,6.039999999999999813e-01,4.760000000000000342e-01,1.977202991997222825e-01,4.734197629941562235e-01,4.040000000000000258e-01,4.760000000000000342e-01,0.000000000000000000e+00,2.000000000000000111e-01
1.759833826627000000e+12,3.000000000000000000e+00,2.000000000000000000e+00,0.000000000000000000e+00,0.000000000000000000e+00,1.000000000000000000e+00,-3.128285837504521938e-01,2.484763352058955155e-01,-3.167684540327331266e-01,2.465743137437960697e-01,1.977202991997222825e-01,4.734197629941562235e-01,7.079999999999999627e-01,4.760000000000000342e-01,1.767635423790790139e-01,4.633561573745824114e-01,5.040000000000000036e-01,4.760000000000000342e-01,0.000000000000000000e+00,2.000000000000000111e-01
1.759833826836000000e+12,3.000000000000000000e+00,2.000000000000000000e+00,0.000000000000000000e+00,0.000000000000000000e+00,1.000000000000000000e+00,-3.167684540327331266e-01,2.465743137437960697e-01,-3.123856115164451164e-01,2.445959325587430677e-01,1.767635423790790139e-01,4.633561573745824114e-01,8.080000000000003846e-01,4.760000000000000342e-01,2.000765344869939732e-01,4.528885320568416528e-01,6.079999999999999849e-01,4.760000000000000342e-01,0.000000000000000000e+00,2.000000000000000111e-01
1.759833827043000000e+12,3.000000000000000000e+00,2.000000000000000000e+00,0.000000000000000000e+00,0.000000000000000000e+00,1.000000000000000000e+00,-3.123856115164451164e-01,2.445959325587430677e-01,-3.000093199197829130e-01,2.426919547852202930e-01,2.000765344869939732e-01,4.528885320568416528e-01,9.119999999999996998e-01,4.760000000000000342e-01,2.659078727671120856e-01,4.428145755831762176e-01,7.079999999999999627e-01,4.760000000000000342e-01,0.000000000000000000e+00,2.000000000000000111e-01
1.759833827251000000e+12,3.000000000000000000e+00,2.000000000000000000e+00,0.000000000000000000e+00,1.000000000000000056e-01,1.000000000000000000e+00,-2.993508858527872407e-01,2.426157471106318575e-01,-2.786593812670723480e-01,2.411086284965319182e-01,2.694101816341103461e-01,4.424113603737135914e-01,8.120000000000002771e-01,4.760000000000000342e-01,3.794713762389768097e-01,4.344371878123382547e-01,8.120000000000002771e-01,5.000000000000000000e-01,2.000000000000000042e-02,2.000000000000000111e-01
1.759833827458000000e+12,3.000000000000000000e+00,2.000000000000000000e+00,0.000000000000000000e+00,0.000000000000000000e+00,2.000000000000000000e+00,-2.786593812670723480e-01,2.411086284965319182e-01,-2.574692348194934644e-01,2.426578824407772672e-01,3.794713762389768097e-01,4.344371878123382547e-01,8.120000000000002771e-01,5.000000000000000000e-01,4.921849211729070750e-01,4.426342986284512171e-01,7.120000000000000773e-01,5.279999999999999138e-01,0.000000000000000000e+00,-2.000000000000000111e-01
1.759833827668000000e+12,3.000000000000000000e+00,2.000000000000000000e+00,0.000000000000000000e+00,0.000000000000000000e+00,0.000000000000000000e+00,-2.567881787940567984e-01,2.427479938065370824e-01,-2.401513124891614670e-01,2.450007649654753483e-01,4.958075596060808055e-01,4.431110783414660692e-01,9.119999999999996998e-01,5.279999999999999138e-01,5.843015293129708576e-01,4.550305024628326089e-01,7.079999999999999627e-01,5.279999999999999138e-01,0.000000000000000000e+00,0.000000000000000000e+00
1.759833827873000000e+12,3.000000000000000000e+00,2.000000000000000000e+00,0.000000000000000000e+00,0.000000000000000000e+00,0.000000000000000000e+00,-2.401513124891614670e-01,2.450007649654753483e-01,-2.235225318030004682e-01,2.472533564535367712e-01,5.843015293129708576e-01,4.550305024628326089e-01,4.080000000000000293e-01,5.279999999999999138e-01,6.727524904095719682e-01,4.669489759446390775e-01,7.079999999999999627e-01,5.279999999999999138e-01,0.000000000000000000e+00,0.000000000000000000e+00
1.759833828079000000e+12,3.000000000000000000e+00,2.000000000000000000e+00,0.000000000000000000e+00,0.000000000000000000e+00,1.000000000000000000e+00,-2.228573507836468237e-01,2.473434568013025414e-01,-2.024671772601164266e-01,2.495945716801934444e-01,6.762906873210274838e-01,4.674256973613891697e-01,3.039999999999999925e-01,5.279999999999999138e-01,7.847490571270402393e-01,4.793363580962616832e-01,8.080000000000003846e-01,5.279999999999999138e-01,0.000000000000000000e+00,2.000000000000000111e-01
1.759833828284000000e+12,3.000000000000000000e+00,2.000000000000000000e+00,0.000000000000000000e+00,-1.000000000000000056e-01,2.000000000000000000e+00,-2.024671772601164266e-01,2.495945716801934444e-01,-1.816066565263265709e-01,2.514397464471604393e-01,7.847490571270402393e-01,4.793363580962616832e-01,3.039999999999999925e-01,5.279999999999999138e-01,8.957092737961352968e-01,4.890991875511134790e-01,7.079999999999999627e-01,5.040000000000000036e-01,-2.000000000000000042e-02,-2.000000000000000111e-01
1.759833828491000000e+12,3.000000000000000000e+00,2.000000000000000000e+00,0.000000000000000000e+00,0.000000000000000000e+00,2.000000000000000000e+00,-1.816066565263265709e-01,2.514397464471604393e-01,-1.683771941267125649e-01,2.498757866464849653e-01,8.957092737961352968e-01,4.890991875511134790e-01,3.039999999999999925e-01,5.040000000000000036e-01,9.660787546451459207e-01,4.808242679708199518e-01,6.039999999999999813e-01,4.660000000000000253e-01,0.000000000000000000e+00,-2.000000000000000111e-01
1.759833828699000000e+12,3.000000000000000000e+00,2.000000000000000000e+00,0.000000000000000000e+00,0.000000000000000000e+00,0.000000000000000000e+00,-1.683771941267125649e-01,2.498757866464849653e-01,-1.623479571466329985e-01,2.471695731564862997e-01,9.660787546451459207e-01,4.808242679708199518e-01,4.040000000000000258e-01,4.660000000000000253e-01,9.981491641136542858e-01,4.665056780766471678e-01,5.000000000000000000e-01,4.660000000000000253e-01,0.000000000000000000e+00,0.000000000000000000e+00
1.759833828905000000e+12,3.000000000000000000e+00,2.000000000000000000e+00,0.000000000000000000e+00,0.000000000000000000e+00,0.000000000000000000e+00,-1.623479571466329985e-01,2.471695731564862997e-01,-1.623532715590466358e-01,2.444634218055502795e-01,9.981491641136542858e-01,4.665056780766471678e-01,5.040000000000000036e-01,4.660000000000000253e-01,9.981208959625179622e-01,4.521874169605835658e-01,5.000000000000000000e-01,4.660000000000000253e-01,0.000000000000000000e+00,0.000000000000000000e+00
1.759833829112000000e+12,3.000000000000000000e+00,2.000000000000000000e+00,0.000000000000000000e+00,0.000000000000000000e+00,2.000000000000000000e+00,-1.623534802718384629e-01,2.443551697743489848e-01,-1.661185789482987341e-01,2.416485039248124633e-01,9.981197857880933499e-01,4.516146548907354341e-01,6.079999999999999849e-01,4.660000000000000253e-01,9.780926651686238094e-01,4.372936715598543245e-01,4.000000000000000777e-01,4.660000000000000253e-01,0.000000000000000000e+00,-2.000000000000000111e-01
1.759833829320000000e+12,3.000000000000000000e+00,2.000000000000000000e+00,0.000000000000000000e+00,0.000000000000000000e+00,0.000000000000000000e+00,-1.661185789482987341e-01,2.416485039248124633e-01,-1.747560732834541608e-01,2.388328066273509021e-01,9.780926651686238094e-01,4.372936715598543245e-01,5.080000000000000071e-01,4.660000000000000253e-01,9.321485463646055347e-01,4.223958022611159491e-01,3.960000000000000187e-01,4.660000000000000253e-01,0.000000000000000000e+00,0.000000000000000000e+00
1.759833829525000000e+12,3.000000000000000000e+00,2.000000000000000000e+00,0.000000000000000000e+00,1.000000000000000056e-01,0.000000000000000000e+00,-1.747560732834541608e-01,2.388328066273509021e-01,-1.830819524827564937e-01,2.378548887103751341e-01,9.321485463646055347e-01,4.223958022611159491e-01,4.080000000000000293e-01,4.660000000000000253e-01,8.878619548789548066e-01,4.172216333882282635e-01,3.960000000000000187e-01,5.140000000000000124e-01,2.000000000000000042e-02,0.000000000000000000e+00
1.759833829730000000e+12,3.000000000000000000e+00,2.000000000000000000e+00,0.000000000000000000e+00,0.000000000000000000e+00,2.000000000000000000e+00,-1.830819524827564937e-01,2.378548887103751341e-01,-1.951753403412945231e-01,2.401245856407253076e-01,8.878619548789548066e-01,4.172216333882282635e-01,5.040000000000000036e-01,5.140000000000000124e-01,8.235354237165184443e-01,4.292306118556895034e-01,2.959999999999999853e-01,5.320000000000000284e-01,0.000000000000000000e+00,-2.000000000000000111e-01
1.759833829939000000e+12,3.000000000000000000e+00,2.000000000000000000e+00,0.000000000000000000e+00,0.000000000000000000e+00,1.000000000000000000e+00,-1.951753403412945231e-01,2.401245856407253076e-01,-2.087087705695859774e-01,2.427999500907218888e-01,8.235354237165184443e-01,4.292306118556895034e-01,6.039999999999999813e-01,5.320000000000000284e-01,7.515490927149681699e-01,4.433859793159888874e-01,3.880000000000000115e-01,5.320000000000000284e-01,0.000000000000000000e+00,2.000000000000000111e-01
1.759833830147000000e+12,3.000000000000000000e+00,2.000000000000000000e+00,0.000000000000000000e+00,0.000000000000000000e+00,0.000000000000000000e+00,-2.087087705695859774e-01,2.427999500907218888e-01,-2.173611471247169358e-01,2.453737937476956343e-01,7.515490927149681699e-01,4.433859793159888874e-01,5.000000000000000000e-01,5.320000000000000284e-01,7.055258131663992849e-01,4.570041997232573983e-01,3.920000000000000151e-01,5.320000000000000284e-01,0.000000000000000000e+00,0.000000000000000000e+00
1.759833830354000000e+12,3.000000000000000000e+00,2.000000000000000000e+00,0.000000000000000000e+00,0.000000000000000000e+00,0.000000000000000000e+00,-2.177071310970684070e-01,2.454767543361685844e-01,-2.263573547052051826e-01,2.480510962873110070e-01,7.036854728879340382e-01,4.575489647416327577e-01,5.999999999999999778e-01,5.320000000000000284e-01,6.576736451850787590e-01,4.711698216259841976e-01,3.920000000000000151e-01,5.320000000000000284e-01,0.000000000000000000e+00,0.000000000000000000e+00
1.759833830560000000e+12,3.000000000000000000e+00,2.000000000000000000e+00,0.000000000000000000e+00,-1.000000000000000056e-01,2.000000000000000000e+00,-2.263573547052051826e-01,2.480510962873110070e-01,-2.387688724396200557e-01,2.504588684388042163e-01,6.576736451850787590e-01,4.711698216259841976e-01,4.960000000000000520e-01,5.320000000000000284e-01,5.916549338318082274e-01,4.839093568190699912e-01,2.919999999999999818e-01,5.160000000000000142e-01,-2.000000000000000042e-02,-2.000000000000000111e-01
1.759833830770000000e+12,3.000000000000000000e+00,2.000000000000000000e+00,0.000000000000000000e+00,0.000000000000000000e+00,2.000000000000000000e+00,-2.394285682698027995e-01,2.505138063928382119e-01,-2.611451030455735345e-01,2.498281619843920887e-01,5.881459134584957615e-01,4.842000338245408542e-01,3.960000000000000187e-01,5.140000000000000124e-01,4.726324306086513438e-01,4.805722856317042324e-01,1.839999999999997193e-01,4.779999999999999805e-01,0.000000000000000000e+00,-2.000000000000000111e-01
1.759833830978000000e+12,3.000000000000000000e+00,2.000000000000000000e+00,0.000000000000000000e+00,0.000000000000000000e+00,1.000000000000000000e+00,-2.611451030455735345e-01,2.498281619843920887e-01,-2.826827205063494053e-01,2.480806961351030848e-01,4.726324306086513438e-01,4.805722856317042324e-01,2.959999999999999853e-01,4.779999999999999805e-01,3.580706356045244010e-01,4.713264345772650299e-01,2.839999999999999747e-01,4.779999999999999805e-01,0.000000000000000000e+00,2.000000000000000111e-01
1.759833831185000000e+12,3.000000000000000000e+00,2.000000000000000000e+00,0.000000000000000000e+00,0.000000000000000000e+00,0.000000000000000000e+00,-2.826827205063494053e-01,2.480806961351030848e-01,-3.003595062961391671e-01,2.462654188459368898e-01,3.580706356045244010e-01,4.713264345772650299e-01,2.959999999999999853e-01,4.779999999999999805e-01,2.640451792758554128e-01,4.617217928356449619e-01,2.879999999999999782e-01,4.779999999999999805e-01,0.000000000000000000e+00,0.000000000000000000e+00
1.759833831390000000e+12,3.000000000000000000e+00,2.000000000000000000e+00,0.000000000000000000e+00,0.000000000000000000e+00,1.000000000000000000e+00,-3.003595062961391671e-01,2.462654188459368898e-01,-3.135819764828675638e-01,2.445212886166952260e-01,2.640451792758554128e-01,4.617217928356449619e-01,1.959999999999997300e-01,4.779999999999999805e-01,1.937128910485766964e-01,4.524935905645250389e-01,3.880000000000000115e-01,4.779999999999999805e-01,0.000000000000000000e+00,2.000000000000000111e-01
1.759833831601000000e+12,3.000000000000000000e+00,2.000000000000000000e+00,0.000000000000000000e+00,0.000000000000000000e+00,2.000000000000000000e+00,-3.139428553046667569e-01,2.444515620427263336e-01,-3.263719735548933909e-01,2.427079042211838789e-01,1.917933228475171559e-01,4.521246668927319523e-01,2.999999999999999889e-01,4.779999999999999805e-01,1.256809917292903700e-01,4.428989641332480853e-01,2.919999999999999818e-01,4.779999999999999805e-01,0.000000000000000000e+00,-2.000000000000000111e-01
1.759833831809000000e+12,3.000000000000000000e+00,2.000000000000000000e+00,0.000000000000000000e+00,0.000000000000000000e+00,0.000000000000000000e+00,-3.263719735548933909e-01,2.427079042211838789e-01,-3.430320444631515531e-01,2.409637322220094524e-01,1.256809917292903700e-01,4.428989641332480853e-01,2.999999999999999889e-01,4.779999999999999805e-01,3.706359328110864909e-02,4.336705408571929210e-01,2.919999999999999818e-01,4.779999999999999805e-01,0.000000000000000000e+00,0.000000000000000000e+00
1.759833832015000000e+12,3.000000000000000000e+00,2.000000000000000000e+00,0.000000000000000000e+00,0.000000000000000000e+00,2.000000000000000000e+00,-3.436987110964547232e-01,2.408939828257304350e-01,-3.495781870214249576e-01,2.391518368321076671e-01,3.351749416779391255e-02,4.333014964324362062e-01,3.999999999999999667e-01,4.779999999999999805e-01,2.243686056250107815e-03,4.240837927624744874e-01,5.000000000000000000e-01,4.779999999999999805e-01,0.000000000000000000e+00,-2.000000000000000111e-01
1.759833832222000000e+12,3.000000000000000000e+00,2.000000000000000000e+00,0.000000000000000000e+00,0.000000000000000000e+00,1.000000000000000000e+00,-3.495781870214249576e-01,2.391518368321076671e-01,-3.458432710004054056e-01,2.374101898513155395e-01,2.243686056250107815e-03,4.240837927624744874e-01,4.040000000000000258e-01,4.779999999999999805e-01,2.211026063614134410e-02,4.148687293720399460e-01,5.999999999999999778e-01,4.779999999999999805e-01,0.000000000000000000e+00,2.000000000000000111e-01
1.759833832430000000e+12,3.000000000000000000e+00,2.000000000000000000e+00,0.000000000000000000e+00,1.000000000000000056e-01,0.000000000000000000e+00,-3.455275527983244777e-01,2.373404958894030636e-01,-3.372369310949648313e-01,2.365497866260675985e-01,2.378961277486968395e-02,4.144999782508099195e-01,3.039999999999999925e-01,4.779999999999999805e-01,6.788866438848482898e-02,4.103163313548550684e-01,6.039999999999999813e-01,5.140000000000000124e-01,2.000000000000000042e-02,0.000000000000000000e+00
1.759833832641000000e+12,3.000000000000000000e+00,2.000000000000000000e+00,0.000000000000000000e+00,0.000000000000000000e+00,2.000000000000000000e+00,-3.372369310949648313e-01,2.365497866260675985e-01,-3.323701560562936641e-01,2.389261892789747432e-01,6.788866438848482898e-02,4.103163313548550684e-01,3.999999999999999667e-01,5.140000000000000124e-01,9.377576565801232222e-02,4.228898903649457863e-01,5.080000000000000071e-01,5.320000000000000284e-01,0.000000000000000000e+00,-2.000000000000000111e-01
1.759833832850000000e+12,3.000000000000000000e+00,2.000000000000000000e+00,0.000000000000000000e+00,0.000000000000000000e+00,0.000000000000000000e+00,-3.323701560562936641e-01,2.389261892789747432e-01,-3.320720085815074829e-01,2.415040483403892990e-01,9.377576565801232222e-02,4.228898903649457863e-01,5.000000000000000000e-01,5.320000000000000284e-01,9.536165648134306561e-02,4.365293562983561526e-01,5.040000000000000036e-01,5.320000000000000284e-01,0.000000000000000000e+00,0.000000000000000000e+00
1.759833833056000000e+12,3.000000000000000000e+00,2.000000000000000000e+00,0.000000000000000000e+00,0.000000000000000000e+00,1.000000000000000000e+00,-3.320720085815074829e-01,2.415040483403892990e-01,-3.276885713188110172e-01,2.441851335708463411e-01,9.536165648134306561e-02,4.365293562983561526e-01,5.000000000000000000e-01,5.320000000000000284e-01,1.186778121339838454e-01,4.507149924383404560e-01,6.039999999999999813e-01,5.320000000000000284e-01,0.000000000000000000e+00,2.000000000000000111e-01
1.759833833264000000e+12,3.000000000000000000e+00,2.000000000000000000e+00,0.000000000000000000e+00,-1.000000000000000056e-01,1.000000000000000000e+00,-3.276885713188110172e-01,2.441851335708463411e-01,-3.153184950757759730e-01,2.464266744550310251e-01,1.186778121339838454e-01,4.507149924383404560e-01,5.000000000000000000e-01,5.320000000000000284e-01,1.844760900224681477e-01,4.625749971165662999e-01,7.079999999999999627e-01,5.100000000000000089e-01,-2.000000000000000042e-02,2.000000000000000111e-01
1.759833833470000000e+12,3.000000000000000000e+00,2.000000000000000000e+00,0.000000000000000000e+00,0.000000000000000000e+00,0.000000000000000000e+00,-3.146569792566100698e-01,2.464609018307137578e-01,-2.977188065828889618e-01,2.453640516570204655e-01,1.879947911882442202e-01,4.627560943424008921e-01,5.000000000000000000e-01,5.100000000000000089e-01,2.780914543463352540e-01,4.569526542699495764e-01,7.120000000000000773e-01,4.719999999999999751e-01,0.000000000000000000e+00,0.000000000000000000e+00
1.759833833676000000e+12,3.000000000000000000e+00,2.000000000000000000e+00,0.000000000000000000e+00,0.000000000000000000e+00,2.000000000000000000e+00,-2.977188065828889618e-01,2.453640516570204655e-01,-2.844950044631161523e-01,2.431280999126637088e-01,2.780914543463352540e-01,4.569526542699495764e-01,5.000000000000000000e-01,4.719999999999999751e-01,3.484308273238501674e-01,4.451222217601255027e-01,6.119999999999999885e-01,4.719999999999999751e-01,0.000000000000000000e+00,-2.000000000000000111e-01
1.759833833883000000e+12,3.000000000000000000e+00,2.000000000000000000e+00,0.000000000000000000e+00,1.000000000000000056e-01,2.000000000000000000e+00,-2.844950044631161523e-01,2.431280999126637088e-01,-2.793088507586140024e-01,2.427051628725642451e-01,3.484308273238501674e-01,4.451222217601255027e-01,5.999999999999999778e-01,4.719999999999999751e-01,3.760167512839679982e-01,4.428844596431971148e-01,5.120000000000000107e-01,5.200000000000000178e-01,2.000000000000000042e-02,-2.000000000000000111e-01
1.759833834090000000e+12,3.000000000000000000e+00,2.000000000000000000e+00,0.000000000000000000e+00,0.000000000000000000e+00,2.000000000000000000e+00,-2.793088507586140024e-01,2.427051628725642451e-01,-2.824404906183036745e-01,2.446315203877815203e-01,3.760167512839679982e-01,4.428844596431971148e-01,7.039999999999999591e-01,5.220000000000000195e-01,3.593590924558314748e-01,4.530768274485795222e-01,4.080000000000000293e-01,5.240000000000000213e-01,0.000000000000000000e+00,-2.000000000000000111e-01
1.759833834294000000e+12,3.000000000000000000e+00,2.000000000000000000e+00,0.000000000000000000e+00,0.000000000000000000e+00,2.000000000000000000e+00,-2.824404906183036745e-01,2.446315203877815203e-01,-2.935811736645398407e-01,2.465670925647216183e-01,3.593590924558314748e-01,4.530768274485795222e-01,7.039999999999999591e-01,5.240000000000000213e-01,3.001001400822347898e-01,4.633179500778922266e-01,3.080000000000000515e-01,5.240000000000000213e-01,0.000000000000000000e+00,-2.000000000000000111e-01
1.759833834500000000e+12,3.000000000000000000e+00,2.000000000000000000e+00,0.000000000000000000e+00,0.000000000000000000e+00,1.000000000000000000e+00,-2.935811736645398407e-01,2.465670925647216183e-01,-3.061296724657496249e-01,2.485807498073900057e-01,3.001001400822347898e-01,4.633179500778922266e-01,7.039999999999999591e-01,5.240000000000000213e-01,2.333528060332465959e-01,4.739722212031217685e-01,4.040000000000000258e-01,5.240000000000000213e-01,0.000000000000000000e+00,2.000000000000000111e-01
1.759833834709000000e+12,3.000000000000000000e+00,2.000000000000000000e+00,0.000000000000000000e+00,0.000000000000000000e+00,2.000000000000000000e+00,-3.061296724657496249e-01,2.485807498073900057e-01,-3.175930193999206841e-01,2.505178328964823287e-01,2.333528060332465959e-01,4.739722212031217685e-01,7.039999999999999591e-01,5.240000000000000213e-01,1.723775563834005209e-01,4.842213380766261510e-01,3.039999999999999925e-01,5.240000000000000213e-01,0.000000000000000000e+00,-2.000000000000000111e-01
1.759833834917000000e+12,3.000000000000000000e+00,2.000000000000000000e+00,0.000000000000000000e+00,0.000000000000000000e+00,0.000000000000000000e+00,-3.182163179168501221e-01,2.505952954545832556e-01,-3.342373188071102730e-01,2.525324114274105636e-01,1.690621387401588238e-01,4.846311928813929470e-01,6.039999999999999813e-01,5.240000000000000213e-01,8.384404889834951025e-02,4.948804837429131021e-01,2.999999999999999889e-01,5.240000000000000213e-01,0.000000000000000000e+00,0.000000000000000000e+00
1.759833835123000000e+12,3.000000000000000000e+00,2.000000000000000000e+00,0.000000000000000000e+00,0.000000000000000000e+00,2.000000000000000000e+00,-3.342373188071102730e-01,2.525324114274105636e-01,-3.496552888975750228e-01,2.544704157994596150e-01,8.384404889834951025e-02,4.948804837429131021e-01,5.000000000000000000e-01,5.240000000000000213e-01,1.833569693749760718e-03,5.051344751294160051e-01,5.000000000000000000e-01,5.240000000000000213e-01,0.000000000000000000e+00,-2.000000000000000111e-01
1.759833835330000000e+12,3.000000000000000000e+00,2.000000000000000000e+00,0.000000000000000000e+00,0.000000000000000000e+00,2.000000000000000000e+00,-3.496565668528816007e-01,2.545480784899875615e-01,-3.496887508945057954e-01,2.564898605047951086e-01,1.826772059140304143e-03,5.055453888359130454e-01,4.000000000000000777e-01,5.240000000000000213e-01,1.655580348373310914e-03,5.158193677502387331e-01,5.000000000000000000e-01,5.240000000000000213e-01,0.000000000000000000e+00,-2.000000000000000111e-01
1.759833835539000000e+12,3.000000000000000000e+00,2.000000000000000000e+00,0.000000000000000000e+00,0.000000000000000000e+00,2.000000000000000000e+00,-3.496887508945057954e-01,2.564898605047951086e-01,-3.497213871422286680e-01,2.584320590114994043e-01,1.655580348373310914e-03,5.158193677502387331e-01,4.960000000000000520e-01,5.240000000000000213e-01,1.481983286017605735e-03,5.260955503253936794e-01,5.000000000000000000e-01,5.240000000000000213e-01,0.000000000000000000e+00,-2.000000000000000111e-01
1.759833835750000000e+12,3.000000000000000000e+00,2.000000000000000000e+00,0.000000000000000000e+00,0.000000000000000000e+00,0.000000000000000000e+00,-3.497227023691673042e-01,2.585097558876814361e-01,-3.497558023160607932e-01,2.604523896267061378e-01,1.474987398046136069e-03,5.265066449083674049e-01,4.960000000000000520e-01,5.240000000000000213e-01,1.298923850740343845e-03,5.367851303000324981e-01,5.000000000000000000e-01,5.240000000000000213e-01,0.000000000000000000e+00,0.000000000000000000e+00
1.759833835960000000e+12,3.000000000000000000e+00,2.000000000000000000e+00,0.000000000000000000e+00,-1.000000000000000056e-01,2.000000000000000000e+00,-3.497571408672061066e-01,2.605301066232588725e-01,-3.497907439323417189e-01,2.624676026134701856e-01,1.291803897839740494e-03,5.371963313399941153e-01,4.960000000000000520e-01,5.240000000000000213e-01,1.113064189671590046e-03,5.474476328755036869e-01,5.000000000000000000e-01,5.200000000000000178e-01,-2.000000000000000042e-02,-2.000000000000000111e-01
1.759833836163000000e+12,3.000000000000000000e+00,2.000000000000000000e+00,0.000000000000000000e+00,-1.000000000000000056e-01,0.000000000000000000e+00,-3.497907439323417189e-01,2.624676026134701856e-01,-3.498247182363165564e-01,2.622085955100048604e-01,1.113064189671590046e-03,5.474476328755036869e-01,5.959999999999999742e-01,5.200000000000000178e-01,9.323498068267097863e-04,5.460772249206606865e-01,5.000000000000000000e-01,4.699999999999999734e-01,-2.000000000000000042e-02,0.000000000000000000e+00
0.000000000000000000e+00,0.000000000000000000e+00,0.000000000000000000e+00,0.000000000000000000e+00,0.000000000000000000e+00,0.000000000000000000e+00,0.000000000000000000e+00,0.000000000000000000e+00,0.000000000000000000e+00,0.000000000000000000e+00,0.000000000000000000e+00,0.000000000000000000e+00,0.000000000000000000e+00,0.000000000000000000e+00,0.000000000000000000e+00,0.000000000000000000e+00,0.000000000000000000e+00,0.000000000000000000e+00,0.000000000000000000e+00,0.000000000000000000e+00
1.759833842097000000e+12,4.000000000000000000e+00,2.000000000000000000e+00,2.000000000000000000e+00,0.000000000000000000e+00,0.000000000000000000e+00,-3.498301200663602728e-01,2.617955173255315238e-01,-1.712316994810755832e-01,1.601605334226844091e-01,9.036166682963032689e-04,5.438916260610133779e-01,5.000000000000000000e-01,4.619999999999999662e-01,9.508952155261937156e-01,6.140388479811675730e-03,5.000000000000000000e-01,4.619999999999999662e-01,0.000000000000000000e+00,0.000000000000000000e+00
1.759833842301000000e+12,4.000000000000000000e+00,2.000000000000000000e+00,2.000000000000000000e+00,0.000000000000000000e+00,2.000000000000000000e+00,-1.712316994810755832e-01,1.601605334226844091e-01,-1.749949797339413193e-01,1.590430605511075068e-01,9.508952155261937156e-01,6.140388479811675730e-03,4.000000000000000777e-01,4.619999999999999662e-01,9.308777673726525981e-01,2.278336037434095266e-04,4.000000000000000777e-01,5.000000000000000000e-01,0.000000000000000000e+00,-2.000000000000000111e-01
1.759833842507000000e+12,4.000000000000000000e+00,2.000000000000000000e+00,2.000000000000000000e+00,0.000000000000000000e+00,1.000000000000000000e+00,-1.749949797339413193e-01,1.590430605511075068e-01,-1.798723931289897826e-01,1.590507354559773656e-01,9.308777673726525981e-01,2.278336037434095266e-04,2.999999999999999889e-01,5.000000000000000000e-01,9.049340791011182272e-01,2.684415660177946056e-04,4.919999999999999929e-01,5.000000000000000000e-01,0.000000000000000000e+00,2.000000000000000111e-01
1.759833842714000000e+12,4.000000000000000000e+00,2.000000000000000000e+00,2.000000000000000000e+00,1.000000000000000056e-01,0.000000000000000000e+00,-1.798723931289897826e-01,1.590507354559773656e-01,-1.801977740858192734e-01,1.597088672807409071e-01,9.049340791011182272e-01,2.684415660177946056e-04,1.959999999999997300e-01,5.000000000000000000e-01,9.032033293307485389e-01,3.750620533020660244e-03,4.960000000000000520e-01,5.300000000000000266e-01,2.000000000000000042e-02,0.000000000000000000e+00
1.759833842924000000e+12,4.000000000000000000e+00,2.000000000000000000e+00,2.000000000000000000e+00,1.000000000000000056e-01,0.000000000000000000e+00,-1.802106595009347056e-01,1.598035806555850591e-01,-1.805326332097955400e-01,1.642517621473491563e-01,9.031347898886451508e-01,4.251749500450035558e-03,1.959999999999997300e-01,5.300000000000000266e-01,9.014221637776833607e-01,2.778710130872568546e-02,4.960000000000000520e-01,5.819999999999999618e-01,2.000000000000000042e-02,0.000000000000000000e+00
1.759833843130000000e+12,4.000000000000000000e+00,2.000000000000000000e+00,2.000000000000000000e+00,0.000000000000000000e+00,1.000000000000000000e+00,-1.805326332097955400e-01,1.642517621473491563e-01,-1.770909530494116368e-01,1.715153791209360068e-01,9.014221637776833607e-01,2.778710130872568546e-02,9.600000000000025180e-02,5.819999999999999618e-01,9.197289731414274305e-01,6.621893714780956175e-02,5.959999999999999742e-01,5.919999999999999707e-01,0.000000000000000000e+00,2.000000000000000111e-01
1.759833843337000000e+12,4.000000000000000000e+00,2.000000000000000000e+00,2.000000000000000000e+00,0.000000000000000000e+00,1.000000000000000000e+00,-1.770909530494116368e-01,1.715153791209360068e-01,-1.650345000020708164e-01,1.791768138354441486e-01,9.197289731414274305e-01,6.621893714780956175e-02,9.600000000000025180e-02,5.919999999999999707e-01,9.838590425421764873e-01,1.067556287589637581e-01,6.959999999999999520e-01,5.919999999999999707e-01,0.000000000000000000e+00,2.000000000000000111e-01
1.759833843544000000e+12,4.000000000000000000e+00,2.000000000000000000e+00,2.000000000000000000e+00,0.000000000000000000e+00,2.000000000000000000e+00,-1.650345000020708164e-01,1.791768138354441486e-01,-1.650104980548091627e-01,1.865457408972121811e-01,9.838590425421764873e-01,1.067556287589637581e-01,1.959999999999997300e-01,5.919999999999999707e-01,9.839867124744193783e-01,1.457446608318104797e-01,4.159999999999999809e-01,5.919999999999999707e-01,0.000000000000000000e+00,-2.000000000000000111e-01
1.759833843755000000e+12,4.000000000000000000e+00,2.000000000000000000e+00,2.000000000000000000e+00,0.000000000000000000e+00,0.000000000000000000e+00,-1.650104980548091627e-01,1.865457408972121811e-01,-1.717301116484490353e-01,1.939158138579876178e-01,9.839867124744193783e-01,1.457446608318104797e-01,5.000000000000000000e-01,5.919999999999999707e-01,9.482440869763348879e-01,1.847397558623683489e-01,4.159999999999999809e-01,5.919999999999999707e-01,0.000000000000000000e+00,0.000000000000000000e+00
1.759833843960000000e+12,4.000000000000000000e+00,2.000000000000000000e+00,2.000000000000000000e+00,0.000000000000000000e+00,0.000000000000000000e+00,-1.719990418100783014e-01,1.942106306325891707e-01,-1.787227242965684360e-01,2.015813784414642873e-01,9.468136073932005292e-01,1.862996329766622994e-01,6.039999999999999813e-01,5.919999999999999707e-01,9.110493388480402910e-01,2.252982986320861969e-01,4.159999999999999809e-01,5.919999999999999707e-01,0.000000000000000000e+00,0.000000000000000000e+00
1.759833844168000000e+12,4.000000000000000000e+00,2.000000000000000000e+00,2.000000000000000000e+00,0.000000000000000000e+00,0.000000000000000000e+00,-1.787227242965684360e-01,2.015813784414642873e-01,-1.854472825237664102e-01,2.089527836579974651e-01,9.110493388480402910e-01,2.252982986320861969e-01,5.040000000000000036e-01,5.919999999999999707e-01,8.752804121076255273e-01,2.643004426349072622e-01,4.159999999999999809e-01,5.919999999999999707e-01,0.000000000000000000e+00,0.000000000000000000e+00
1.759833844377000000e+12,4.000000000000000000e+00,2.000000000000000000e+00,2.000000000000000000e+00,0.000000000000000000e+00,0.000000000000000000e+00,-1.854472825237664102e-01,2.089527836579974651e-01,-1.924418110531599668e-01,2.166197660157073990e-01,8.752804121076255273e-01,2.643004426349072622e-01,6.079999999999999849e-01,5.919999999999999707e-01,8.380754731214895559e-01,3.048664868555947538e-01,4.159999999999999809e-01,5.919999999999999707e-01,0.000000000000000000e+00,0.000000000000000000e+00
1.759833844582000000e+12,4.000000000000000000e+00,2.000000000000000000e+00,2.000000000000000000e+00,0.000000000000000000e+00,1.000000000000000000e+00,-1.924418110531599668e-01,2.166197660157073990e-01,-1.953967864082824524e-01,2.239926951516427456e-01,8.380754731214895559e-01,3.048664868555947538e-01,7.079999999999999627e-01,5.919999999999999707e-01,8.223575191048805300e-01,3.438766939240357479e-01,5.160000000000000142e-01,5.919999999999999707e-01,0.000000000000000000e+00,2.000000000000000111e-01
1.759833844793000000e+12,4.000000000000000000e+00,2.000000000000000000e+00,2.000000000000000000e+00,-1.000000000000000056e-01,0.000000000000000000e+00,-1.953967864082824524e-01,2.239926951516427456e-01,-1.937588573339447395e-01,2.307082627459986768e-01,8.223575191048805300e-01,3.438766939240357479e-01,8.080000000000003846e-01,5.919999999999999707e-01,8.310699077981662519e-01,3.794087975978766569e-01,5.200000000000000178e-01,5.579999999999999405e-01,-2.000000000000000042e-02,0.000000000000000000e+00
1.759833844997000000e+12,4.000000000000000000e+00,2.000000000000000000e+00,2.000000000000000000e+00,-1.000000000000000056e-01,2.000000000000000000e+00,-1.937588573339447395e-01,2.307082627459986768e-01,-1.959247521906088418e-01,2.333243409258618506e-01,8.310699077981662519e-01,3.794087975978766569e-01,8.120000000000002771e-01,5.560000000000000497e-01,8.195491904754849122e-01,3.932504810892161751e-01,4.199999999999999845e-01,5.060000000000000053e-01,-2.000000000000000042e-02,-2.000000000000000111e-01
1.759833845209000000e+12,4.000000000000000000e+00,2.000000000000000000e+00,2.000000000000000000e+00,0.000000000000000000e+00,0.000000000000000000e+00,-1.961778691325532231e-01,2.333456822658588892e-01,-2.029027554779119780e-01,2.323591318321114041e-01,8.182028237630147860e-01,3.933633982320576816e-01,8.120000000000002771e-01,5.060000000000000053e-01,7.824321517132341031e-01,3.881435546672561410e-01,4.159999999999999809e-01,4.819999999999999840e-01,0.000000000000000000e+00,0.000000000000000000e+00
1.759833845413000000e+12,4.000000000000000000e+00,2.000000000000000000e+00,2.000000000000000000e+00,0.000000000000000000e+00,2.000000000000000000e+00,-2.029027554779119780e-01,2.323591318321114041e-01,-2.134026883130642482e-01,2.309319349910645969e-01,7.824321517132341031e-01,3.881435546672561410e-01,8.120000000000002771e-01,4.819999999999999840e-01,7.265814451432752730e-01,3.805922486299714302e-01,3.160000000000000031e-01,4.819999999999999840e-01,0.000000000000000000e+00,-2.000000000000000111e-01
1.759833845621000000e+12,4.000000000000000000e+00,2.000000000000000000e+00,2.000000000000000000e+00,1.000000000000000056e-01,0.000000000000000000e+00,-2.134026883130642482e-01,2.309319349910645969e-01,-2.290339532556242286e-01,2.300068131144935024e-01,7.265814451432752730e-01,3.805922486299714302e-01,8.120000000000002771e-01,4.819999999999999840e-01,6.434364188530625750e-01,3.756974238862090254e-01,3.120000000000000551e-01,5.100000000000000089e-01,2.000000000000000042e-02,0.000000000000000000e+00
1.759833845830000000e+12,4.000000000000000000e+00,2.000000000000000000e+00,2.000000000000000000e+00,0.000000000000000000e+00,1.000000000000000000e+00,-2.290339532556242286e-01,2.300068131144935024e-01,-2.403190317828836076e-01,2.322202376080261255e-01,6.434364188530625750e-01,3.756974238862090254e-01,8.120000000000002771e-01,5.100000000000000089e-01,5.834094054101935933e-01,3.874086645927308781e-01,4.119999999999999774e-01,5.340000000000000302e-01,0.000000000000000000e+00,2.000000000000000111e-01
1.759833846039000000e+12,4.000000000000000000e+00,2.000000000000000000e+00,2.000000000000000000e+00,0.000000000000000000e+00,0.000000000000000000e+00,-2.403190317828836076e-01,2.322202376080261255e-01,-2.473416251052734660e-01,2.350642309518295725e-01,5.834094054101935933e-01,3.874086645927308781e-01,5.000000000000000000e-01,5.340000000000000302e-01,5.460551856102474622e-01,4.024562484223787595e-01,4.159999999999999809e-01,5.340000000000000302e-01,0.000000000000000000e+00,0.000000000000000000e+00
1.759833846244000000e+12,4.000000000000000000e+00,2.000000000000000000e+00,2.000000000000000000e+00,0.000000000000000000e+00,2.000000000000000000e+00,-2.473416251052734660e-01,2.350642309518295725e-01,-2.578369113017534020e-01,2.377987890846027519e-01,5.460551856102474622e-01,4.024562484223787595e-01,5.000000000000000000e-01,5.340000000000000302e-01,4.902291952034393274e-01,4.169248099714431555e-01,3.160000000000000031e-01,5.340000000000000302e-01,0.000000000000000000e+00,-2.000000000000000111e-01
1.759833846454000000e+12,4.000000000000000000e+00,2.000000000000000000e+00,2.000000000000000000e+00,0.000000000000000000e+00,0.000000000000000000e+00,-2.578369113017534020e-01,2.377987890846027519e-01,-2.734755047497446356e-01,2.406425351929527556e-01,4.902291952034393274e-01,4.169248099714431555e-01,5.000000000000000000e-01,5.340000000000000302e-01,4.070451875013582632e-01,4.319710856769987672e-01,3.120000000000000551e-01,5.340000000000000302e-01,0.000000000000000000e+00,0.000000000000000000e+00
1.759833846663000000e+12,4.000000000000000000e+00,2.000000000000000000e+00,2.000000000000000000e+00,0.000000000000000000e+00,0.000000000000000000e+00,-2.734755047497446356e-01,2.406425351929527556e-01,-2.885332974483209578e-01,2.433776787678001985e-01,4.070451875013582632e-01,4.319710856769987672e-01,5.000000000000000000e-01,5.340000000000000302e-01,3.269505454876543982e-01,4.464427448031756951e-01,3.120000000000000551e-01,5.340000000000000302e-01,0.000000000000000000e+00,0.000000000000000000e+00
1.759833846874000000e+12,4.000000000000000000e+00,2.000000000000000000e+00,2.000000000000000000e+00,0.000000000000000000e+00,2.000000000000000000e+00,-2.891356563487873510e-01,2.434871004603568756e-01,-3.079654773362302533e-01,2.462221300310888372e-01,3.237465087830459498e-01,4.470216955574438100e-01,4.000000000000000777e-01,5.340000000000000302e-01,2.235878865094134693e-01,4.614927514872425585e-01,2.119999999999997720e-01,5.340000000000000302e-01,0.000000000000000000e+00,-2.000000000000000111e-01
1.759833847081000000e+12,4.000000000000000000e+00,2.000000000000000000e+00,2.000000000000000000e+00,0.000000000000000000e+00,0.000000000000000000e+00,-3.079654773362302533e-01,2.462221300310888372e-01,-3.310271883669113624e-01,2.489569942097485944e-01,2.235878865094134693e-01,4.614927514872425585e-01,2.959999999999999853e-01,5.340000000000000302e-01,1.009192108143011635e-01,4.759629323267122181e-01,2.119999999999997720e-01,5.340000000000000302e-01,0.000000000000000000e+00,0.000000000000000000e+00
1.759833847289000000e+12,4.000000000000000000e+00,2.000000000000000000e+00,2.000000000000000000e+00,-1.000000000000000056e-01,0.000000000000000000e+00,-3.310271883669113624e-01,2.489569942097485944e-01,-3.496023608246548453e-01,2.510451591732366650e-01,1.009192108143011635e-01,4.759629323267122181e-01,3.960000000000000187e-01,5.340000000000000302e-01,2.115101996516662464e-03,4.870114241970194269e-01,5.000000000000000000e-01,5.040000000000000036e-01,-2.000000000000000042e-02,0.000000000000000000e+00
1.759833847494000000e+12,4.000000000000000000e+00,2.000000000000000000e+00,2.000000000000000000e+00,0.000000000000000000e+00,2.000000000000000000e+00,-3.496036472770015502e-01,2.510603973411998369e-01,-3.496356585399269523e-01,2.495300618042801954e-01,2.108259164885253369e-03,4.870920494243378140e-01,2.999999999999999889e-01,5.020000000000000018e-01,1.937986489750135894e-03,4.789950360014825770e-01,5.000000000000000000e-01,4.679999999999999716e-01,0.000000000000000000e+00,-2.000000000000000111e-01
1.759833847700000000e+12,4.000000000000000000e+00,2.000000000000000000e+00,2.000000000000000000e+00,0.000000000000000000e+00,1.000000000000000000e+00,-3.496356585399269523e-01,2.495300618042801954e-01,-3.459035730455604085e-01,2.469903462586866272e-01,1.937986489750135894e-03,4.789950360014825770e-01,2.999999999999999889e-01,4.679999999999999716e-01,2.178950507680622178e-02,4.655573876120985832e-01,5.999999999999999778e-01,4.679999999999999716e-01,0.000000000000000000e+00,2.000000000000000111e-01
1.759833847912000000e+12,4.000000000000000000e+00,2.000000000000000000e+00,2.000000000000000000e+00,0.000000000000000000e+00,0.000000000000000000e+00,-3.455879704448920897e-01,2.468887292799995248e-01,-3.372999627366126685e-01,2.443478506582661969e-01,2.346824231440366310e-02,4.650197316402091552e-01,3.999999999999999667e-01,4.679999999999999716e-01,6.755338969886867662e-02,4.515759294088159126e-01,6.039999999999999813e-01,4.679999999999999716e-01,0.000000000000000000e+00,0.000000000000000000e+00
1.759833848121000000e+12,4.000000000000000000e+00,2.000000000000000000e+00,2.000000000000000000e+00,1.000000000000000056e-01,0.000000000000000000e+00,-3.372999627366126685e-01,2.443478506582661969e-01,-3.290067868585841437e-01,2.429909789632924699e-01,6.755338969886867662e-02,4.515759294088159126e-01,3.039999999999999925e-01,4.679999999999999716e-01,1.116660273479565813e-01,4.443967140914946157e-01,6.039999999999999813e-01,5.080000000000000071e-01,2.000000000000000042e-02,0.000000000000000000e+00
1.759833848326000000e+12,4.000000000000000000e+00,2.000000000000000000e+00,2.000000000000000000e+00,0.000000000000000000e+00,1.000000000000000000e+00,-3.286750318072789723e-01,2.430157005962906291e-01,-3.166119926831120757e-01,2.452344587076075166e-01,1.134306818761755820e-01,4.445275163824901621e-01,4.040000000000000258e-01,5.100000000000000089e-01,1.775957836004675994e-01,4.562669772889287323e-01,7.039999999999999591e-01,5.340000000000000302e-01,0.000000000000000000e+00,2.000000000000000111e-01
1.759833848534000000e+12,4.000000000000000000e+00,2.000000000000000000e+00,2.000000000000000000e+00,0.000000000000000000e+00,2.000000000000000000e+00,-3.166119926831120757e-01,2.452344587076075166e-01,-3.040843842962806520e-01,2.479712822503761793e-01,1.775957836004675994e-01,4.562669772889287323e-01,2.999999999999999889e-01,5.340000000000000302e-01,2.442319984240390041e-01,4.707475251342655431e-01,6.039999999999999813e-01,5.340000000000000302e-01,0.000000000000000000e+00,-2.000000000000000111e-01
1.759833848741000000e+12,4.000000000000000000e+00,2.000000000000000000e+00,2.000000000000000000e+00,-1.000000000000000056e-01,2.000000000000000000e+00,-3.037460620782396203e-01,2.480807805714045355e-01,-2.995230534858209226e-01,2.504172154877554735e-01,2.460315846902147163e-01,4.713268813301828009e-01,1.999999999999997613e-01,5.340000000000000302e-01,2.684943963520162735e-01,4.836889708346850947e-01,5.000000000000000000e-01,5.100000000000000089e-01,-2.000000000000000042e-02,-2.000000000000000111e-01
1.759833848945000000e+12,4.000000000000000000e+00,2.000000000000000000e+00,2.000000000000000000e+00,0.000000000000000000e+00,0.000000000000000000e+00,-2.995230534858209226e-01,2.504172154877554735e-01,-2.995415436887641780e-01,2.495723252631976141e-01,2.684943963520162735e-01,4.836889708346850947e-01,2.959999999999999853e-01,5.100000000000000089e-01,2.683960442087011122e-01,4.792186521862308313e-01,5.000000000000000000e-01,4.779999999999999805e-01,0.000000000000000000e+00,0.000000000000000000e+00
1.759833849153000000e+12,4.000000000000000000e+00,2.000000000000000000e+00,2.000000000000000000e+00,0.000000000000000000e+00,1.000000000000000000e+00,-2.995415436887641780e-01,2.495723252631976141e-01,-2.957988138438722991e-01,2.477605647505347897e-01,2.683960442087011122e-01,4.792186521862308313e-01,1.919999999999997264e-01,4.779999999999999805e-01,2.883041816815302694e-01,4.696326177276973768e-01,5.959999999999999742e-01,4.779999999999999805e-01,0.000000000000000000e+00,2.000000000000000111e-01
1.759833849358000000e+12,4.000000000000000000e+00,2.000000000000000000e+00,2.000000000000000000e+00,0.000000000000000000e+00,2.000000000000000000e+00,-2.957988138438722991e-01,2.477605647505347897e-01,-2.915773301176051713e-01,2.460180183795707132e-01,2.883041816815302694e-01,4.696326177276973768e-01,9.200000000000027600e-02,4.779999999999999805e-01,3.107588823531639011e-01,4.604127956591043680e-01,5.000000000000000000e-01,4.779999999999999805e-01,0.000000000000000000e+00,-2.000000000000000111e-01
1.759833849564000000e+12,4.000000000000000000e+00,2.000000000000000000e+00,2.000000000000000000e+00,0.000000000000000000e+00,1.000000000000000000e+00,-2.915773301176051713e-01,2.460180183795707132e-01,-2.878271911789397897e-01,2.442751587848433492e-01,3.107588823531639011e-01,4.604127956591043680e-01,5.000000000000000000e-01,4.779999999999999805e-01,3.307064298992563600e-01,4.511913163219225531e-01,5.999999999999999778e-01,4.779999999999999805e-01,0.000000000000000000e+00,2.000000000000000111e-01
1.759833849774000000e+12,4.000000000000000000e+00,2.000000000000000000e+00,2.000000000000000000e+00,0.000000000000000000e+00,0.000000000000000000e+00,-2.875111495289713326e-01,2.442054253437379585e-01,-2.792172921374793115e-01,2.424617419593202705e-01,3.323875025054715548e-01,4.508223563160739245e-01,5.000000000000000000e-01,4.779999999999999805e-01,3.765037652261737922e-01,4.415965183032818930e-01,6.039999999999999813e-01,4.779999999999999805e-01,0.000000000000000000e+00,0.000000000000000000e+00
1.759833849981000000e+12,4.000000000000000000e+00,2.000000000000000000e+00,2.000000000000000000e+00,0.000000000000000000e+00,1.000000000000000000e+00,-2.792172921374793115e-01,2.424617419593202705e-01,-2.671586857452818431e-01,2.407169159182452334e-01,3.765037652261737922e-01,4.415965183032818930e-01,5.000000000000000000e-01,4.779999999999999805e-01,4.406452885889263205e-01,4.323646344880700543e-01,7.039999999999999591e-01,4.779999999999999805e-01,0.000000000000000000e+00,2.000000000000000111e-01
1.759833850192000000e+12,4.000000000000000000e+00,2.000000000000000000e+00,2.000000000000000000e+00,0.000000000000000000e+00,2.000000000000000000e+00,-2.665113086594956271e-01,2.406470753535811802e-01,-2.536443243381502621e-01,2.404806007974633619e-01,4.440887837260870108e-01,4.319951076909057663e-01,6.039999999999999813e-01,4.779999999999999805e-01,5.125301896906900856e-01,4.311142899336686263e-01,6.079999999999999849e-01,5.220000000000000195e-01,0.000000000000000000e+00,-2.000000000000000111e-01
0.000000000000000000e+00,0.000000000000000000e+00,0.000000000000000000e+00,0.000000000000000000e+00,0.000000000000000000e+00,0.000000000000000000e+00,0.000000000000000000e+00,0.000000000000000000e+00,0.000000000000000000e+00,0.000000000000000000e+00,0.000000000000000000e+00,0.000000000000000000e+00,0.000000000000000000e+00,0.000000000000000000e+00,0.000000000000000000e+00,0.000000000000000000e+00,0.000000000000000000e+00,0.000000000000000000e+00,0.000000000000000000e+00,0.000000000000000000e+00
1.759833856221000000e+12,5.000000000000000000e+00,2.000000000000000000e+00,1.000000000000000000e+00,0.000000000000000000e+00,2.000000000000000000e+00,-2.514657768325177511e-01,2.409776032223760744e-01,-3.302036009331676958e-01,3.230198549587917634e-01,5.241182083376715317e-01,4.337439323935242674e-01,5.000000000000000000e-01,5.220000000000000195e-01,1.052999950363419368e-01,8.678299204168877790e-01,4.840000000000000413e-01,5.220000000000000195e-01,0.000000000000000000e+00,-2.000000000000000111e-01
1.759833856425000000e+12,5.000000000000000000e+00,2.000000000000000000e+00,1.000000000000000000e+00,0.000000000000000000e+00,2.000000000000000000e+00,-3.302516892673357796e-01,3.230916976514778827e-01,-3.356494899524417042e-01,3.248877391360038280e-01,1.050442060248095860e-01,8.682100404840100705e-01,4.000000000000000777e-01,5.220000000000000195e-01,7.633250025296954566e-02,8.777129054815018261e-01,3.800000000000000600e-01,5.220000000000000195e-01,0.000000000000000000e+00,-2.000000000000000111e-01
1.759833856632000000e+12,5.000000000000000000e+00,2.000000000000000000e+00,1.000000000000000000e+00,0.000000000000000000e+00,1.000000000000000000e+00,-3.356494899524417042e-01,3.248877391360038280e-01,-3.415284458557426017e-01,3.266852987304694200e-01,7.633250025296954566e-02,8.777129054815018261e-01,2.999999999999999889e-01,5.220000000000000195e-01,4.506145821413498620e-02,8.872238028067166438e-01,4.799999999999999822e-01,5.220000000000000195e-01,0.000000000000000000e+00,2.000000000000000111e-01
1.759833856841000000e+12,5.000000000000000000e+00,2.000000000000000000e+00,1.000000000000000000e+00,-1.000000000000000056e-01,2.000000000000000000e+00,-3.415975279872509596e-01,3.267572545450098676e-01,-3.466885154290431093e-01,3.277132032399714401e-01,4.469400006781393264e-02,8.876045214021687224e-01,1.959999999999997300e-01,5.220000000000000195e-01,1.761427963274930439e-02,8.926624510051399675e-01,3.840000000000000080e-01,4.879999999999999893e-01,-2.000000000000000042e-02,-2.000000000000000111e-01
1.759833857052000000e+12,5.000000000000000000e+00,2.000000000000000000e+00,1.000000000000000000e+00,-1.000000000000000056e-01,1.000000000000000000e+00,-3.470584553509640235e-01,3.276779612163395194e-01,-3.482344178369561893e-01,3.247225793216138579e-01,1.564651409061678169e-02,8.924759852716377395e-01,1.959999999999997300e-01,4.860000000000000431e-01,9.391394484275471244e-03,8.768390440297030297e-01,5.679999999999999494e-01,4.360000000000000542e-01,-2.000000000000000042e-02,2.000000000000000111e-01
1.759833857258000000e+12,5.000000000000000000e+00,2.000000000000000000e+00,1.000000000000000000e+00,0.000000000000000000e+00,2.000000000000000000e+00,-3.482344178369561893e-01,3.247225793216138579e-01,-3.460725823636787157e-01,3.180509194575731891e-01,9.391394484275471244e-03,8.768390440297030297e-01,9.600000000000025180e-02,4.360000000000000542e-01,2.089051934213437614e-02,8.415392563892762912e-01,4.760000000000000342e-01,4.140000000000000346e-01,0.000000000000000000e+00,-2.000000000000000111e-01
1.759833857463000000e+12,5.000000000000000000e+00,2.000000000000000000e+00,1.000000000000000000e+00,0.000000000000000000e+00,1.000000000000000000e+00,-3.460725823636787157e-01,3.180509194575731891e-01,-3.445964389956939211e-01,3.112060007954686736e-01,2.089051934213437614e-02,8.415392563892762912e-01,9.600000000000025180e-02,4.140000000000000346e-01,2.874234576758541090e-02,8.053227555315803921e-01,5.720000000000000639e-01,4.140000000000000346e-01,0.000000000000000000e+00,2.000000000000000111e-01
1.759833857670000000e+12,5.000000000000000000e+00,2.000000000000000000e+00,1.000000000000000000e+00,0.000000000000000000e+00,2.000000000000000000e+00,-3.445964389956939211e-01,3.112060007954686736e-01,-3.426405783993230481e-01,3.043585989695278271e-01,2.874234576758541090e-02,8.053227555315803921e-01,1.959999999999997300e-01,4.140000000000000346e-01,3.914585957806877847e-02,7.690931162408880528e-01,4.720000000000000306e-01,4.140000000000000346e-01,0.000000000000000000e+00,-2.000000000000000111e-01
1.759833857881000000e+12,5.000000000000000000e+00,2.000000000000000000e+00,1.000000000000000000e+00,0.000000000000000000e+00,2.000000000000000000e+00,-3.427302026711058769e-01,3.040846769563277929e-01,-3.490941009069863932e-01,2.972357133195168699e-01,3.866913472816011638e-02,7.676437934197238855e-01,5.000000000000000000e-01,4.140000000000000346e-01,4.818612196880770263e-03,7.314058905794543763e-01,3.680000000000001048e-01,4.140000000000000346e-01,0.000000000000000000e+00,-2.000000000000000111e-01
1.759833858089000000e+12,5.000000000000000000e+00,2.000000000000000000e+00,1.000000000000000000e+00,0.000000000000000000e+00,2.000000000000000000e+00,-3.490941009069863932e-01,2.972357133195168699e-01,-3.496588907742678165e-01,2.903855641204915461e-01,4.818612196880770263e-03,7.314058905794543763e-01,6.039999999999999813e-01,4.140000000000000346e-01,1.814410775171071020e-03,6.951617149232357518e-01,5.000000000000000000e-01,4.140000000000000346e-01,0.000000000000000000e+00,-2.000000000000000111e-01
1.759833858297000000e+12,5.000000000000000000e+00,2.000000000000000000e+00,1.000000000000000000e+00,0.000000000000000000e+00,1.000000000000000000e+00,-3.496588907742678165e-01,2.903855641204915461e-01,-3.459395510807797836e-01,2.832592626233873534e-01,1.814410775171071020e-03,6.951617149232357518e-01,5.040000000000000036e-01,4.140000000000000346e-01,2.159813254904359089e-02,6.574564159967585253e-01,5.959999999999999742e-01,4.140000000000000346e-01,0.000000000000000000e+00,2.000000000000000111e-01
1.759833858502000000e+12,5.000000000000000000e+00,2.000000000000000000e+00,1.000000000000000000e+00,0.000000000000000000e+00,1.000000000000000000e+00,-3.459395510807797836e-01,2.832592626233873534e-01,-3.342203208357948929e-01,2.764035329710473055e-01,2.159813254904359089e-02,6.574564159967585253e-01,6.079999999999999849e-01,4.140000000000000346e-01,8.393446363938876498e-02,6.211827141325254598e-01,7.000000000000000666e-01,4.140000000000000346e-01,0.000000000000000000e+00,2.000000000000000111e-01
1.759833858712000000e+12,5.000000000000000000e+00,2.000000000000000000e+00,1.000000000000000000e+00,0.000000000000000000e+00,0.000000000000000000e+00,-3.342203208357948929e-01,2.764035329710473055e-01,-3.172955790714179769e-01,2.692701815309050950e-01,8.393446363938876498e-02,6.211827141325254598e-01,7.079999999999999627e-01,4.140000000000000346e-01,1.739596857903298044e-01,5.834401139201328412e-01,7.039999999999999591e-01,4.140000000000000346e-01,0.000000000000000000e+00,0.000000000000000000e+00
1.759833858918000000e+12,5.000000000000000000e+00,2.000000000000000000e+00,1.000000000000000000e+00,0.000000000000000000e+00,1.000000000000000000e+00,-3.172955790714179769e-01,2.692701815309050950e-01,-2.972356961101690342e-01,2.624081390709816497e-01,1.739596857903298044e-01,5.834401139201328412e-01,8.080000000000003846e-01,4.140000000000000346e-01,2.806611909033561170e-01,5.471330109575749390e-01,8.040000000000002700e-01,4.140000000000000346e-01,0.000000000000000000e+00,2.000000000000000111e-01
1.759833859122000000e+12,5.000000000000000000e+00,2.000000000000000000e+00,1.000000000000000000e+00,0.000000000000000000e+00,1.000000000000000000e+00,-2.972356961101690342e-01,2.624081390709816497e-01,-2.691728530735382208e-01,2.555412279409876586e-01,2.806611909033561170e-01,5.471330109575749390e-01,8.120000000000002771e-01,4.140000000000000346e-01,4.299316325875626177e-01,5.108001478359135428e-01,9.039999999999998037e-01,4.140000000000000346e-01,0.000000000000000000e+00,2.000000000000000111e-01
1.759833859334000000e+12,5.000000000000000000e+00,2.000000000000000000e+00,1.000000000000000000e+00,0.000000000000000000e+00,0.000000000000000000e+00,-2.678839305042512442e-01,2.552664419085459713e-01,-2.352637741175084285e-01,2.483954080550230814e-01,4.367876037007912271e-01,5.093462534843702372e-01,8.120000000000002771e-01,4.140000000000000346e-01,6.102990738430402740e-01,4.729915770107042117e-01,9.079999999999996962e-01,4.140000000000000346e-01,0.000000000000000000e+00,0.000000000000000000e+00
1.759833859538000000e+12,5.000000000000000000e+00,2.000000000000000000e+00,1.000000000000000000e+00,0.000000000000000000e+00,2.000000000000000000e+00,-2.352637741175084285e-01,2.483954080550230814e-01,-2.063957110054185362e-01,2.415243579199397583e-01,6.102990738430402740e-01,4.729915770107042117e-01,8.120000000000002771e-01,4.140000000000000346e-01,7.638526010350077389e-01,4.366368143912157107e-01,8.080000000000003846e-01,4.140000000000000346e-01,0.000000000000000000e+00,-2.000000000000000111e-01
1.759833859750000000e+12,5.000000000000000000e+00,2.000000000000000000e+00,1.000000000000000000e+00,1.000000000000000056e-01,2.000000000000000000e+00,-2.054073204342097836e-01,2.412495567369213889e-01,-1.848577201697719774e-01,2.347867808691718738e-01,7.691099976903734703e-01,4.351828398778909701e-01,8.120000000000002771e-01,4.140000000000000346e-01,8.784163820756809571e-01,4.009882585670470068e-01,7.039999999999999591e-01,4.380000000000000560e-01,2.000000000000000042e-02,-2.000000000000000111e-01
1.759833859957000000e+12,5.000000000000000000e+00,2.000000000000000000e+00,1.000000000000000000e+00,1.000000000000000056e-01,1.000000000000000000e+00,-1.848577201697719774e-01,2.347867808691718738e-01,-1.647831419834755451e-01,2.317155302370501602e-01,8.784163820756809571e-01,4.009882585670470068e-01,8.120000000000002771e-01,4.380000000000000560e-01,9.851960532793854197e-01,3.847382552224876684e-01,8.040000000000002700e-01,4.879999999999999893e-01,2.000000000000000042e-02,2.000000000000000111e-01
1.759833860162000000e+12,5.000000000000000000e+00,2.000000000000000000e+00,1.000000000000000000e+00,0.000000000000000000e+00,1.000000000000000000e+00,-1.638121957369838566e-01,2.316766191956582677e-01,-1.625883427487712640e-01,2.315827722306420811e-01,9.903606609734901811e-01,3.845323766966046164e-01,5.000000000000000000e-01,4.899999999999999911e-01,9.968705172937698533e-01,3.840358319081592087e-01,5.000000000000000000e-01,5.000000000000000000e-01,0.000000000000000000e+00,2.000000000000000111e-01
1.759833860368000000e+12,5.000000000000000000e+00,2.000000000000000000e+00,1.000000000000000000e+00,0.000000000000000000e+00,0.000000000000000000e+00,-1.625883427487712640e-01,2.315827722306420811e-01,-1.625932205973109335e-01,2.315956152394269552e-01,9.968705172937698533e-01,3.840358319081592087e-01,5.000000000000000000e-01,5.000000000000000000e-01,9.968445712908993173e-01,3.841037843355923909e-01,5.000000000000000000e-01,5.000000000000000000e-01,0.000000000000000000e+00,0.000000000000000000e+00
1.759833860574000000e+12,5.000000000000000000e+00,2.000000000000000000e+00,1.000000000000000000e+00,0.000000000000000000e+00,0.000000000000000000e+00,-1.625932205973109335e-01,2.315956152394269552e-01,-1.625982880177699874e-01,2.316089666071613207e-01,9.968445712908993173e-01,3.841037843355923909e-01,5.000000000000000000e-01,5.000000000000000000e-01,9.968176169267554121e-01,3.841744264929170538e-01,5.000000000000000000e-01,5.000000000000000000e-01,0.000000000000000000e+00,0.000000000000000000e+00
1.759833860783000000e+12,5.000000000000000000e+00,2.000000000000000000e+00,1.000000000000000000e+00,0.000000000000000000e+00,2.000000000000000000e+00,-1.625982880177699874e-01,2.316089666071613207e-01,-1.663632698608661087e-01,2.316216296856759838e-01,9.968176169267554121e-01,3.841744264929170538e-01,5.000000000000000000e-01,5.000000000000000000e-01,9.767911177613505247e-01,3.842414269083385681e-01,4.000000000000000777e-01,5.000000000000000000e-01,0.000000000000000000e+00,-2.000000000000000111e-01
1.759833860992000000e+12,5.000000000000000000e+00,2.000000000000000000e+00,1.000000000000000000e+00,0.000000000000000000e+00,1.000000000000000000e+00,-1.666802803181197390e-01,2.316221220416364024e-01,-1.712504798105448089e-01,2.316348281021947120e-01,9.751048919248950231e-01,3.842440319663302239e-01,4.000000000000000777e-01,5.000000000000000000e-01,9.507953201566765600e-01,3.843112597999720492e-01,4.960000000000000520e-01,5.000000000000000000e-01,0.000000000000000000e+00,2.000000000000000111e-01
1.759833861201000000e+12,5.000000000000000000e+00,2.000000000000000000e+00,1.000000000000000000e+00,0.000000000000000000e+00,2.000000000000000000e+00,-1.712504798105448089e-01,2.316348281021947120e-01,-1.753376821522357465e-01,2.316476277588312982e-01,9.507953201566765600e-01,3.843112597999720492e-01,2.959999999999999853e-01,5.000000000000000000e-01,9.290548821689588177e-01,3.843789828509592832e-01,3.960000000000000187e-01,5.000000000000000000e-01,0.000000000000000000e+00,-2.000000000000000111e-01
1.759833861407000000e+12,5.000000000000000000e+00,2.000000000000000000e+00,1.000000000000000000e+00,0.000000000000000000e+00,1.000000000000000000e+00,-1.753376821522357465e-01,2.316476277588312982e-01,-1.805599830252787030e-01,2.316609695280822390e-01,9.290548821689588177e-01,3.843789828509592832e-01,3.960000000000000187e-01,5.000000000000000000e-01,9.012766860357516174e-01,3.844495742226574087e-01,4.919999999999999929e-01,5.000000000000000000e-01,0.000000000000000000e+00,2.000000000000000111e-01
1.759833861617000000e+12,5.000000000000000000e+00,2.000000000000000000e+00,1.000000000000000000e+00,1.000000000000000056e-01,2.000000000000000000e+00,-1.805599830252787030e-01,2.316609695280822390e-01,-1.849663509678912687e-01,2.335524418134166946e-01,9.012766860357516174e-01,3.844495742226574087e-01,2.999999999999999889e-01,5.000000000000000000e-01,8.778385586814294594e-01,3.944573640921518742e-01,3.920000000000000151e-01,5.499999999999999334e-01,2.000000000000000042e-02,-2.000000000000000111e-01
1.759833861823000000e+12,5.000000000000000000e+00,2.000000000000000000e+00,1.000000000000000000e+00,0.000000000000000000e+00,0.000000000000000000e+00,-1.849663509678912687e-01,2.335524418134166946e-01,-1.942731266693434877e-01,2.385750349329835429e-01,8.778385586814294594e-01,3.944573640921518742e-01,2.999999999999999889e-01,5.499999999999999334e-01,8.283344326098750487e-01,4.210319308623468593e-01,3.880000000000000671e-01,5.619999999999999440e-01,0.000000000000000000e+00,0.000000000000000000e+00
1.759833862029000000e+12,5.000000000000000000e+00,2.000000000000000000e+00,1.000000000000000000e+00,0.000000000000000000e+00,2.000000000000000000e+00,-1.942731266693434877e-01,2.385750349329835429e-01,-2.070050412521764471e-01,2.435483006362283431e-01,8.283344326098750487e-01,4.210319308623468593e-01,3.999999999999999667e-01,5.619999999999999440e-01,7.606114827011890567e-01,4.473455060117902393e-01,2.879999999999999782e-01,5.619999999999999440e-01,0.000000000000000000e+00,-2.000000000000000111e-01
1.759833862235000000e+12,5.000000000000000000e+00,2.000000000000000000e+00,1.000000000000000000e+00,0.000000000000000000e+00,0.000000000000000000e+00,-2.070050412521764471e-01,2.435483006362283431e-01,-2.249682300223434794e-01,2.487203259197362792e-01,7.606114827011890567e-01,4.473455060117902393e-01,3.039999999999999925e-01,5.619999999999999440e-01,6.650626062641303848e-01,4.747107191520438807e-01,2.839999999999999747e-01,5.619999999999999440e-01,0.000000000000000000e+00,0.000000000000000000e+00
1.759833862443000000e+12,5.000000000000000000e+00,2.000000000000000000e+00,1.000000000000000000e+00,-1.000000000000000056e-01,0.000000000000000000e+00,-2.249682300223434794e-01,2.487203259197362792e-01,-2.422610304896276046e-01,2.536944530785102958e-01,6.650626062641303848e-01,4.747107191520438807e-01,4.040000000000000258e-01,5.619999999999999440e-01,5.730796250551722926e-01,5.010288522672502465e-01,2.839999999999999747e-01,5.599999999999999423e-01,-2.000000000000000042e-02,0.000000000000000000e+00
1.759833862652000000e+12,5.000000000000000000e+00,2.000000000000000000e+00,1.000000000000000000e+00,-1.000000000000000056e-01,1.000000000000000000e+00,-2.422610304896276046e-01,2.536944530785102958e-01,-2.564814489616503712e-01,2.566629116291622159e-01,5.730796250551722926e-01,5.010288522672502465e-01,2.999999999999999889e-01,5.599999999999999423e-01,4.974391012678171520e-01,5.167349821648795638e-01,3.800000000000000600e-01,5.100000000000000089e-01,-2.000000000000000042e-02,2.000000000000000111e-01
1.759833862860000000e+12,5.000000000000000000e+00,2.000000000000000000e+00,1.000000000000000000e+00,0.000000000000000000e+00,2.000000000000000000e+00,-2.564814489616503712e-01,2.566629116291622159e-01,-2.695461812320367190e-01,2.568832897925079628e-01,4.974391012678171520e-01,5.167349821648795638e-01,1.999999999999997613e-01,5.080000000000000071e-01,4.279458445104429298e-01,5.179010041931638719e-01,2.839999999999999747e-01,5.020000000000000018e-01,0.000000000000000000e+00,-2.000000000000000111e-01
1.759833863073000000e+12,5.000000000000000000e+00,2.000000000000000000e+00,1.000000000000000000e+00,0.000000000000000000e+00,0.000000000000000000e+00,-2.695461812320367190e-01,2.568832897925079628e-01,-2.871490225753211556e-01,2.570591372340731984e-01,4.279458445104429298e-01,5.179010041931638719e-01,2.959999999999999853e-01,5.020000000000000018e-01,3.343137097057384821e-01,5.188314139368952471e-01,2.799999999999999711e-01,5.020000000000000018e-01,0.000000000000000000e+00,0.000000000000000000e+00
1.759833863277000000e+12,5.000000000000000000e+00,2.000000000000000000e+00,1.000000000000000000e+00,0.000000000000000000e+00,1.000000000000000000e+00,-2.878538323900349249e-01,2.570661883026080785e-01,-3.017185152854731101e-01,2.572436365632798094e-01,3.305647213296014075e-01,5.188687211778205688e-01,1.919999999999997264e-01,5.020000000000000018e-01,2.568164080559940388e-01,5.198076008639144208e-01,3.800000000000000600e-01,5.020000000000000018e-01,0.000000000000000000e+00,2.000000000000000111e-01
1.759833863483000000e+12,5.000000000000000000e+00,2.000000000000000000e+00,1.000000000000000000e+00,0.000000000000000000e+00,0.000000000000000000e+00,-3.017185152854731101e-01,2.572436365632798094e-01,-3.113468338483684761e-01,2.574224491307244844e-01,2.568164080559940388e-01,5.198076008639144208e-01,9.200000000000027600e-02,5.020000000000000018e-01,2.056019476150612035e-01,5.207536991043624219e-01,3.800000000000000600e-01,5.020000000000000018e-01,0.000000000000000000e+00,0.000000000000000000e+00
1.759833863689000000e+12,5.000000000000000000e+00,2.000000000000000000e+00,1.000000000000000000e+00,-1.000000000000000056e-01,0.000000000000000000e+00,-3.117318070116036344e-01,2.574296092038260708e-01,-3.213571423295845109e-01,2.575921053168166441e-01,2.035542180233848308e-01,5.207915830890268438e-01,5.000000000000000000e-01,5.020000000000000018e-01,1.523556259064652585e-01,5.216513508826278178e-01,3.800000000000000600e-01,4.960000000000000520e-01,-2.000000000000000042e-02,0.000000000000000000e+00
1.759833863898000000e+12,5.000000000000000000e+00,2.000000000000000000e+00,1.000000000000000000e+00,0.000000000000000000e+00,2.000000000000000000e+00,-3.213571423295845109e-01,2.575921053168166441e-01,-3.344355074723210919e-01,2.554726764415521933e-01,1.523556259064652585e-01,5.216513508826278178e-01,5.000000000000000000e-01,4.960000000000000520e-01,8.278985387063238222e-02,5.104374414896941659e-01,2.839999999999999747e-01,4.560000000000000164e-01,0.000000000000000000e+00,-2.000000000000000111e-01
1.759833864103000000e+12,5.000000000000000000e+00,2.000000000000000000e+00,1.000000000000000000e+00,0.000000000000000000e+00,0.000000000000000000e+00,-3.344355074723210919e-01,2.554726764415521933e-01,-3.494952792135297415e-01,2.518312607180519525e-01,8.278985387063238222e-02,5.104374414896941659e-01,5.000000000000000000e-01,4.560000000000000164e-01,2.684685034416150941e-03,4.911706916299045655e-01,5.000000000000000000e-01,4.560000000000000164e-01,0.000000000000000000e+00,0.000000000000000000e+00
1.759833864313000000e+12,5.000000000000000000e+00,2.000000000000000000e+00,1.000000000000000000e+00,0.000000000000000000e+00,0.000000000000000000e+00,-3.494952792135297415e-01,2.518312607180519525e-01,-3.495267123214171878e-01,2.483319702410587970e-01,2.684685034416150941e-03,4.911706916299045655e-01,6.039999999999999813e-01,4.560000000000000164e-01,2.517487652036117050e-03,4.726559272013693414e-01,5.000000000000000000e-01,4.560000000000000164e-01,0.000000000000000000e+00,0.000000000000000000e+00
1.759833864520000000e+12,5.000000000000000000e+00,2.000000000000000000e+00,1.000000000000000000e+00,1.000000000000000056e-01,0.000000000000000000e+00,-3.495267123214171878e-01,2.483319702410587970e-01,-3.495576729305266417e-01,2.461409318158213066e-01,2.517487652036117050e-03,4.726559272013693414e-01,5.040000000000000036e-01,4.560000000000000164e-01,2.352803561028384005e-03,4.610631313006418597e-01,5.000000000000000000e-01,4.979999999999999982e-01,2.000000000000000042e-02,0.000000000000000000e+00
1.759833864731000000e+12,5.000000000000000000e+00,2.000000000000000000e+00,1.000000000000000000e+00,0.000000000000000000e+00,0.000000000000000000e+00,-3.495589083915505157e-01,2.461337322310009068e-01,-3.495898668814197974e-01,2.473866343612500796e-01,2.346231959837564301e-03,4.610250382592641083e-01,5.000000000000000000e-01,5.000000000000000000e-01,2.181559141383938860e-03,4.676541500595242651e-01,5.000000000000000000e-01,5.200000000000000178e-01,0.000000000000000000e+00,0.000000000000000000e+00
1.759833864935000000e+12,5.000000000000000000e+00,2.000000000000000000e+00,1.000000000000000000e+00,0.000000000000000000e+00,1.000000000000000000e+00,-3.495898668814197974e-01,2.473866343612500796e-01,-3.458639560286636550e-01,2.490067512509841763e-01,2.181559141383938860e-03,4.676541500595242651e-01,5.999999999999999778e-01,5.200000000000000178e-01,2.200023389008682814e-02,4.762261970951544021e-01,5.999999999999999778e-01,5.200000000000000178e-01,0.000000000000000000e+00,2.000000000000000111e-01
1.759833865143000000e+12,5.000000000000000000e+00,2.000000000000000000e+00,1.000000000000000000e+00,0.000000000000000000e+00,2.000000000000000000e+00,-3.455483577954443497e-01,2.490715358761023956e-01,-3.410229261676503976e-01,2.506915216155166659e-01,2.367894789657249213e-02,4.765689728894307309e-01,7.000000000000000666e-01,5.200000000000000178e-01,4.775039272526373363e-02,4.851403260080247581e-01,5.040000000000000036e-01,5.200000000000000178e-01,0.000000000000000000e+00,-2.000000000000000111e-01
1.759833865348000000e+12,5.000000000000000000e+00,2.000000000000000000e+00,1.000000000000000000e+00,0.000000000000000000e+00,0.000000000000000000e+00,-3.410229261676503976e-01,2.506915216155166659e-01,-3.407309795962527033e-01,2.523118926686263030e-01,4.775039272526373363e-02,4.851403260080247581e-01,5.000000000000000000e-01,5.200000000000000178e-01,4.930330001993232097e-02,4.937137178234196622e-01,5.040000000000000036e-01,5.200000000000000178e-01,0.000000000000000000e+00,0.000000000000000000e+00
1.759833865557000000e+12,5.000000000000000000e+00,2.000000000000000000e+00,1.000000000000000000e+00,0.000000000000000000e+00,2.000000000000000000e+00,-3.407309795962527033e-01,2.523118926686263030e-01,-3.441877393804968488e-01,2.539972739411250902e-01,4.930330001993232097e-02,4.937137178234196622e-01,5.000000000000000000e-01,5.200000000000000178e-01,3.091627989097409449e-02,5.026310790535719608e-01,4.040000000000000258e-01,5.200000000000000178e-01,0.000000000000000000e+00,-2.000000000000000111e-01
1.759833865767000000e+12,5.000000000000000000e+00,2.000000000000000000e+00,1.000000000000000000e+00,-1.000000000000000056e-01,1.000000000000000000e+00,-3.441877393804968488e-01,2.539972739411250902e-01,-3.481375389620089411e-01,2.554943918502884381e-01,3.091627989097409449e-02,5.026310790535719608e-01,5.000000000000000000e-01,5.200000000000000178e-01,9.906707648888493992e-03,5.105523378322139871e-01,5.040000000000000036e-01,5.060000000000000053e-01,-2.000000000000000042e-02,2.000000000000000111e-01
1.759833865971000000e+12,5.000000000000000000e+00,2.000000000000000000e+00,1.000000000000000000e+00,0.000000000000000000e+00,0.000000000000000000e+00,-3.481375389620089411e-01,2.554943918502884381e-01,-3.478526663935165297e-01,2.541174363815173476e-01,9.906707648888493992e-03,5.105523378322139871e-01,5.000000000000000000e-01,5.060000000000000053e-01,1.142198726852898007e-02,5.032668591614675169e-01,5.040000000000000036e-01,4.579999999999999627e-01,0.000000000000000000e+00,0.000000000000000000e+00
1.759833866177000000e+12,5.000000000000000000e+00,2.000000000000000000e+00,1.000000000000000000e+00,0.000000000000000000e+00,0.000000000000000000e+00,-3.478411271481807177e-01,2.539838852890124454e-01,-3.475523236523156978e-01,2.506448072920203773e-01,1.148336623308117248e-02,5.025602396244045478e-01,6.039999999999999813e-01,4.579999999999999627e-01,1.301955504087383246e-02,4.848931602752401537e-01,5.040000000000000036e-01,4.579999999999999627e-01,0.000000000000000000e+00,0.000000000000000000e+00
1.759833866381000000e+12,5.000000000000000000e+00,2.000000000000000000e+00,1.000000000000000000e+00,0.000000000000000000e+00,1.000000000000000000e+00,-3.475523236523156978e-01,2.506448072920203773e-01,-3.435055620316832536e-01,2.473049222238277167e-01,1.301955504087383246e-02,4.848931602752401537e-01,6.039999999999999813e-01,4.579999999999999627e-01,3.454488281019534729e-02,4.672218107080832183e-01,6.039999999999999813e-01,4.579999999999999627e-01,0.000000000000000000e+00,2.000000000000000111e-01
1.759833866591000000e+12,5.000000000000000000e+00,2.000000000000000000e+00,1.000000000000000000e+00,1.000000000000000056e-01,0.000000000000000000e+00,-3.435055620316832536e-01,2.473049222238277167e-01,-3.345677622252538064e-01,2.438452499880844337e-01,3.454488281019534729e-02,4.672218107080832183e-01,5.000000000000000000e-01,4.579999999999999627e-01,8.208637114226688403e-02,4.489166666036213948e-01,6.079999999999999849e-01,4.640000000000000235e-01,2.000000000000000042e-02,0.000000000000000000e+00
1.759833866800000000e+12,5.000000000000000000e+00,2.000000000000000000e+00,1.000000000000000000e+00,1.000000000000000056e-01,2.000000000000000000e+00,-3.345677622252538064e-01,2.438452499880844337e-01,-3.297121311772284180e-01,2.428619257586269176e-01,8.208637114226688403e-02,4.489166666036213948e-01,5.000000000000000000e-01,4.640000000000000235e-01,1.079141958658061812e-01,4.437138929027879541e-01,5.080000000000000071e-01,5.140000000000000124e-01,2.000000000000000042e-02,-2.000000000000000111e-01
1.759833867008000000e+12,5.000000000000000000e+00,2.000000000000000000e+00,1.000000000000000000e+00,0.000000000000000000e+00,2.000000000000000000e+00,-3.297121311772284180e-01,2.428619257586269176e-01,-3.328532345359068167e-01,2.445691447105906025e-01,1.079141958658061812e-01,4.437138929027879541e-01,5.000000000000000000e-01,5.140000000000000124e-01,9.120619927709129604e-02,4.527467974105323645e-01,4.080000000000000293e-01,5.220000000000000195e-01,0.000000000000000000e+00,-2.000000000000000111e-01
1.759833867217000000e+12,5.000000000000000000e+00,2.000000000000000000e+00,1.000000000000000000e+00,0.000000000000000000e+00,1.000000000000000000e+00,-3.331470844060810954e-01,2.446402787349491459e-01,-3.370894993274347051e-01,2.464191955496740916e-01,8.964316805276002775e-02,4.531231679097839082e-01,5.000000000000000000e-01,5.220000000000000195e-01,6.867287591790040280e-02,4.625354261887518748e-01,5.040000000000000036e-01,5.220000000000000195e-01,0.000000000000000000e+00,2.000000000000000111e-01
1.759833867424000000e+12,5.000000000000000000e+00,2.000000000000000000e+00,1.000000000000000000e+00,0.000000000000000000e+00,0.000000000000000000e+00,-3.370894993274347051e-01,2.464191955496740916e-01,-3.368005974279629777e-01,2.481986021673264764e-01,6.867287591790040280e-02,4.625354261887518748e-01,5.000000000000000000e-01,5.220000000000000195e-01,7.020958814913298707e-02,4.719502760176004785e-01,5.040000000000000036e-01,5.220000000000000195e-01,0.000000000000000000e+00,0.000000000000000000e+00
1.759833867629000000e+12,5.000000000000000000e+00,2.000000000000000000e+00,1.000000000000000000e+00,0.000000000000000000e+00,2.000000000000000000e+00,-3.368005974279629777e-01,2.481986021673264764e-01,-3.402571322815236554e-01,2.500493919571796231e-01,7.020958814913298707e-02,4.719502760176004785e-01,5.000000000000000000e-01,5.220000000000000195e-01,5.182376445998044395e-02,4.817428145882520218e-01,4.080000000000000293e-01,5.220000000000000195e-01,0.000000000000000000e+00,-2.000000000000000111e-01
1.759833867836000000e+12,5.000000000000000000e+00,2.000000000000000000e+00,1.000000000000000000e+00,0.000000000000000000e+00,1.000000000000000000e+00,-3.402571322815236554e-01,2.500493919571796231e-01,-3.441971633591713320e-01,2.518295660643504186e-01,5.182376445998044395e-02,4.817428145882520218e-01,5.000000000000000000e-01,5.220000000000000195e-01,3.086615234483322534e-02,4.911617252082033369e-01,5.040000000000000036e-01,5.220000000000000195e-01,0.000000000000000000e+00,2.000000000000000111e-01
1.759833868048000000e+12,5.000000000000000000e+00,2.000000000000000000e+00,1.000000000000000000e+00,0.000000000000000000e+00,2.000000000000000000e+00,-3.441887739514065681e-01,2.519007888778655446e-01,-3.473424596205781367e-01,2.536814515671786952e-01,3.091077685422026836e-02,4.915385654913521640e-01,5.000000000000000000e-01,5.220000000000000195e-01,1.413585308203107148e-02,5.009600612020037591e-01,4.080000000000000293e-01,5.220000000000000195e-01,0.000000000000000000e+00,-2.000000000000000111e-01
1.759833868253000000e+12,5.000000000000000000e+00,2.000000000000000000e+00,1.000000000000000000e+00,0.000000000000000000e+00,0.000000000000000000e+00,-3.473424596205781367e-01,2.536814515671786952e-01,-3.498015128773134808e-01,2.554626902974784231e-01,1.413585308203107148e-02,5.009600612020037591e-01,5.999999999999999778e-01,5.220000000000000195e-01,1.055782567481367354e-03,5.103846047485631754e-01,5.000000000000000000e-01,5.220000000000000195e-01,0.000000000000000000e+00,0.000000000000000000e+00
1.759833868461000000e+12,5.000000000000000000e+00,2.000000000000000000e+00,1.000000000000000000e+00,0.000000000000000000e+00,0.000000000000000000e+00,-3.498015128773134808e-01,2.554626902974784231e-01,-3.498352480910306705e-01,2.573157119979601615e-01,1.055782567481367354e-03,5.103846047485631754e-01,5.999999999999999778e-01,5.220000000000000195e-01,8.763399413261025285e-04,5.201889523701596074e-01,5.000000000000000000e-01,5.220000000000000195e-01,0.000000000000000000e+00,0.000000000000000000e+00
1.759833868664000000e+12,5.000000000000000000e+00,2.000000000000000000e+00,1.000000000000000000e+00,-1.000000000000000056e-01,0.000000000000000000e+00,-3.498352480910306705e-01,2.573157119979601615e-01,-3.498680441773182603e-01,2.586914013387006106e-01,8.763399413261025285e-04,5.201889523701596074e-01,5.000000000000000000e-01,5.220000000000000195e-01,7.018926738389227784e-04,5.274677319507969919e-01,5.000000000000000000e-01,4.979999999999999982e-01,-2.000000000000000042e-02,0.000000000000000000e+00
1.759833868872000000e+12,5.000000000000000000e+00,2.000000000000000000e+00,1.000000000000000000e+00,0.000000000000000000e+00,0.000000000000000000e+00,-3.498680441773182603e-01,2.586914013387006106e-01,-3.499007814643475545e-01,2.566790792839989122e-01,7.018926738389227784e-04,5.274677319507969919e-01,3.960000000000000187e-01,4.979999999999999982e-01,5.277581683639539882e-04,5.168205253121636034e-01,5.000000000000000000e-01,4.520000000000000129e-01,0.000000000000000000e+00,0.000000000000000000e+00
1.759833869080000000e+12,5.000000000000000000e+00,2.000000000000000000e+00,1.000000000000000000e+00,0.000000000000000000e+00,1.000000000000000000e+00,-3.499020790123434921e-01,2.565263543059461693e-01,-3.461830552491774737e-01,2.527075661722106292e-01,5.208563173217325721e-04,5.160124566452178874e-01,3.960000000000000187e-01,4.520000000000000129e-01,2.030289761075800350e-02,4.958072284243948968e-01,5.999999999999999778e-01,4.520000000000000129e-01,0.000000000000000000e+00,2.000000000000000111e-01
1.759833869290000000e+12,5.000000000000000000e+00,2.000000000000000000e+00,1.000000000000000000e+00,0.000000000000000000e+00,0.000000000000000000e+00,-3.461830552491774737e-01,2.527075661722106292e-01,-3.375808319127285850e-01,2.487344620114210203e-01,2.030289761075800350e-02,4.958072284243948968e-01,5.000000000000000000e-01,4.520000000000000129e-01,6.605940471952868875e-02,4.747855132879419404e-01,6.039999999999999813e-01,4.520000000000000129e-01,0.000000000000000000e+00,0.000000000000000000e+00
1.759833869497000000e+12,5.000000000000000000e+00,2.000000000000000000e+00,1.000000000000000000e+00,1.000000000000000056e-01,1.000000000000000000e+00,-3.375808319127285850e-01,2.487344620114210203e-01,-3.255315012422576038e-01,2.463531915148649276e-01,6.605940471952868875e-02,4.747855132879419404e-01,5.000000000000000000e-01,4.520000000000000129e-01,1.301515891369275368e-01,4.621861984913488985e-01,7.039999999999999591e-01,4.960000000000000520e-01,2.000000000000000042e-02,2.000000000000000111e-01
1.759833869703000000e+12,5.000000000000000000e+00,2.000000000000000000e+00,1.000000000000000000e+00,0.000000000000000000e+00,1.000000000000000000e+00,-3.255315012422576038e-01,2.463531915148649276e-01,-3.054692206393950782e-01,2.474488054527515524e-01,1.301515891369275368e-01,4.621861984913488985e-01,5.999999999999999778e-01,4.960000000000000520e-01,2.368658476627920617e-01,4.679830976336061266e-01,8.040000000000002700e-01,5.200000000000000178e-01,0.000000000000000000e+00,2.000000000000000111e-01
1.759833869909000000e+12,5.000000000000000000e+00,2.000000000000000000e+00,1.000000000000000000e+00,0.000000000000000000e+00,0.000000000000000000e+00,-3.044988310415812083e-01,2.475133155917018657e-01,-2.798808830965074934e-01,2.491256552445657024e-01,2.420274944596743361e-01,4.683244211201157414e-01,5.999999999999999778e-01,5.200000000000000178e-01,3.729740260824068732e-01,4.768553187543159155e-01,8.080000000000003846e-01,5.200000000000000178e-01,0.000000000000000000e+00,0.000000000000000000e+00
1.759833870120000000e+12,5.000000000000000000e+00,2.000000000000000000e+00,1.000000000000000000e+00,0.000000000000000000e+00,0.000000000000000000e+00,-2.798808830965074934e-01,2.491256552445657024e-01,-2.542718884422704440e-01,2.508017272801473796e-01,3.729740260824068732e-01,4.768553187543159155e-01,4.960000000000000520e-01,5.200000000000000178e-01,5.091920827538806149e-01,4.857234247626845969e-01,8.080000000000003846e-01,5.200000000000000178e-01,0.000000000000000000e+00,0.000000000000000000e+00
1.759833870329000000e+12,5.000000000000000000e+00,2.000000000000000000e+00,1.000000000000000000e+00,-1.000000000000000056e-01,0.000000000000000000e+00,-2.542718884422704440e-01,2.508017272801473796e-01,-2.296453086205216543e-01,2.518503006537620159e-01,5.091920827538806149e-01,4.857234247626845969e-01,4.960000000000000520e-01,5.200000000000000178e-01,6.401845286142464619e-01,4.912714320304868987e-01,8.080000000000003846e-01,4.919999999999999929e-01,-2.000000000000000042e-02,0.000000000000000000e+00
1.759833870535000000e+12,5.000000000000000000e+00,2.000000000000000000e+00,1.000000000000000000e+00,0.000000000000000000e+00,0.000000000000000000e+00,-2.296453086205216543e-01,2.518503006537620159e-01,-2.040314508333973820e-01,2.494939013479826884e-01,6.401845286142464619e-01,4.912714320304868987e-01,3.960000000000000187e-01,4.919999999999999929e-01,7.764284530138436669e-01,4.788037108358872973e-01,8.080000000000003846e-01,4.619999999999999662e-01,0.000000000000000000e+00,0.000000000000000000e+00
1.759833870741000000e+12,5.000000000000000000e+00,2.000000000000000000e+00,1.000000000000000000e+00,0.000000000000000000e+00,2.000000000000000000e+00,-2.040314508333973820e-01,2.494939013479826884e-01,-1.831684041696521326e-01,2.464648028185524309e-01,7.764284530138436669e-01,4.788037108358872973e-01,5.000000000000000000e-01,4.619999999999999662e-01,8.874021054805737441e-01,4.627767344896954738e-01,7.079999999999999627e-01,4.619999999999999662e-01,0.000000000000000000e+00,-2.000000000000000111e-01
1.759833870946000000e+12,5.000000000000000000e+00,2.000000000000000000e+00,1.000000000000000000e+00,0.000000000000000000e+00,2.000000000000000000e+00,-1.831684041696521326e-01,2.464648028185524309e-01,-1.702857093143480272e-01,2.434373959158536160e-01,8.874021054805737441e-01,4.627767344896954738e-01,5.000000000000000000e-01,4.619999999999999662e-01,9.559270781151700813e-01,4.467587085494900689e-01,6.079999999999999849e-01,4.619999999999999662e-01,0.000000000000000000e+00,-2.000000000000000111e-01
1.759833871152000000e+12,5.000000000000000000e+00,2.000000000000000000e+00,1.000000000000000000e+00,0.000000000000000000e+00,2.000000000000000000e+00,-1.699355524757145131e-01,2.433163212765924177e-01,-1.653891039115815143e-01,2.402896950436165247e-01,9.577896144908802922e-01,4.461181019925525293e-01,5.000000000000000000e-01,4.619999999999999662e-01,9.819728515341409336e-01,4.301042065799816627e-01,5.040000000000000036e-01,4.619999999999999662e-01,0.000000000000000000e+00,-2.000000000000000111e-01
1.759833871358000000e+12,5.000000000000000000e+00,2.000000000000000000e+00,1.000000000000000000e+00,0.000000000000000000e+00,2.000000000000000000e+00,-1.653891039115815143e-01,2.402896950436165247e-01,-1.688309091364327552e-01,2.372627354740498296e-01,9.819728515341409336e-01,4.301042065799816627e-01,5.999999999999999778e-01,4.619999999999999662e-01,9.636653769338683340e-01,4.140885474817451728e-01,4.040000000000000258e-01,4.619999999999999662e-01,0.000000000000000000e+00,-2.000000000000000111e-01
1.759833871563000000e+12,5.000000000000000000e+00,2.000000000000000000e+00,1.000000000000000000e+00,0.000000000000000000e+00,1.000000000000000000e+00,-1.688309091364327552e-01,2.372627354740498296e-01,-1.733738333935466169e-01,2.341143577199858439e-01,9.636653769338683340e-01,4.140885474817451728e-01,6.039999999999999813e-01,4.619999999999999662e-01,9.395008862045393094e-01,3.974304641269092442e-01,5.000000000000000000e-01,4.619999999999999662e-01,0.000000000000000000e+00,2.000000000000000111e-01
1.759833871771000000e+12,5.000000000000000000e+00,2.000000000000000000e+00,1.000000000000000000e+00,0.000000000000000000e+00,2.000000000000000000e+00,-1.733738333935466169e-01,2.341143577199858439e-01,-1.771469262481164542e-01,2.310868472193675638e-01,9.395008862045393094e-01,3.974304641269092442e-01,6.039999999999999813e-01,4.619999999999999662e-01,9.194312433610827284e-01,3.814118900495638842e-01,4.000000000000000777e-01,4.619999999999999662e-01,0.000000000000000000e+00,-2.000000000000000111e-01
1.759833871974000000e+12,5.000000000000000000e+00,2.000000000000000000e+00,1.000000000000000000e+00,1.000000000000000056e-01,2.000000000000000000e+00,-1.771469262481164542e-01,2.310868472193675638e-01,-1.889140705557070532e-01,2.286195201371437891e-01,9.194312433610827284e-01,3.814118900495638842e-01,5.040000000000000036e-01,4.619999999999999662e-01,8.568400502356008364e-01,3.683572494028772293e-01,2.999999999999999889e-01,4.899999999999999911e-01,2.000000000000000042e-02,-2.000000000000000111e-01
1.759833872181000000e+12,5.000000000000000000e+00,2.000000000000000000e+00,1.000000000000000000e+00,0.000000000000000000e+00,0.000000000000000000e+00,-1.895511256473604855e-01,2.285863244186455978e-01,-2.058751259320263371e-01,2.298350696143733884e-01,8.534514593225506207e-01,3.681816106806645728e-01,5.040000000000000036e-01,4.919999999999999929e-01,7.666216705743279514e-01,3.747887281183777675e-01,2.959999999999999853e-01,5.420000000000000373e-01,0.000000000000000000e+00,0.000000000000000000e+00
1.759833872396000000e+12,5.000000000000000000e+00,2.000000000000000000e+00,1.000000000000000000e+00,0.000000000000000000e+00,0.000000000000000000e+00,-2.058751259320263371e-01,2.298350696143733884e-01,-2.222038343188512399e-01,2.332030713489204876e-01,7.666216705743279514e-01,3.747887281183777675e-01,5.040000000000000036e-01,5.420000000000000373e-01,6.797668387295147108e-01,3.926088431159814318e-01,2.959999999999999853e-01,5.420000000000000373e-01,0.000000000000000000e+00,0.000000000000000000e+00
1.759833872600000000e+12,5.000000000000000000e+00,2.000000000000000000e+00,1.000000000000000000e+00,0.000000000000000000e+00,0.000000000000000000e+00,-2.228570142801697407e-01,2.333379340927247969e-01,-2.391874139225591001e-01,2.367099119895889059e-01,6.762924772331396772e-01,3.933224026070095691e-01,4.040000000000000258e-01,5.420000000000000373e-01,5.894286493480898059e-01,4.111635555004704567e-01,2.959999999999999853e-01,5.420000000000000373e-01,0.000000000000000000e+00,0.000000000000000000e+00
1.759833872813000000e+12,5.000000000000000000e+00,2.000000000000000000e+00,1.000000000000000000e+00,0.000000000000000000e+00,1.000000000000000000e+00,-2.398406706648758546e-01,2.368448100392469835e-01,-2.524032076787696144e-01,2.402183866111396726e-01,5.859538794421497165e-01,4.118773017949576287e-01,4.040000000000000258e-01,5.420000000000000373e-01,5.191318740490977746e-01,4.297269132864533492e-01,3.960000000000000187e-01,5.420000000000000373e-01,0.000000000000000000e+00,2.000000000000000111e-01
0.000000000000000000e+00,0.000000000000000000e+00,0.000000000000000000e+00,0.000000000000000000e+00,0.000000000000000000e+00,0.000000000000000000e+00,0.000000000000000000e+00,0.000000000000000000e+00,0.000000000000000000e+00,0.000000000000000000e+00,0.000000000000000000e+00,0.000000000000000000e+00,0.000000000000000000e+00,0.000000000000000000e+00,0.000000000000000000e+00,0.000000000000000000e+00,0.000000000000000000e+00,0.000000000000000000e+00,0.000000000000000000e+00,0.000000000000000000e+00
1.759833878832000000e+12,6.000000000000000000e+00,2.000000000000000000e+00,2.000000000000000000e+00,0.000000000000000000e+00,0.000000000000000000e+00,-2.542319267436138897e-01,2.410283349893758698e-01,-1.772802406784816376e-01,1.662238886091404189e-01,5.094046449807770882e-01,4.340123544411422229e-01,5.000000000000000000e-01,5.420000000000000373e-01,9.187221240506295850e-01,3.822163285259479876e-02,4.199999999999999289e-01,5.420000000000000373e-01,0.000000000000000000e+00,0.000000000000000000e+00
1.759833879038000000e+12,6.000000000000000000e+00,2.000000000000000000e+00,2.000000000000000000e+00,0.000000000000000000e+00,1.000000000000000000e+00,-1.772802406784816376e-01,1.662238886091404189e-01,-1.799147895053049839e-01,1.695923132879079420e-01,9.187221240506295850e-01,3.822163285259479876e-02,4.000000000000000777e-01,5.420000000000000373e-01,9.047085664611437261e-01,5.604398565030656310e-02,5.200000000000000178e-01,5.420000000000000373e-01,0.000000000000000000e+00,2.000000000000000111e-01
1.759833879244000000e+12,6.000000000000000000e+00,2.000000000000000000e+00,2.000000000000000000e+00,0.000000000000000000e+00,0.000000000000000000e+00,-1.799147895053049839e-01,1.695923132879079420e-01,-1.783189811712613260e-01,1.729608649255257036e-01,9.047085664611437261e-01,5.604398565030656310e-02,2.999999999999999889e-01,5.420000000000000373e-01,9.131969086635035593e-01,7.386701018796668072e-02,5.200000000000000178e-01,5.420000000000000373e-01,0.000000000000000000e+00,0.000000000000000000e+00
1.759833879453000000e+12,6.000000000000000000e+00,2.000000000000000000e+00,2.000000000000000000e+00,1.000000000000000056e-01,0.000000000000000000e+00,-1.783189811712613260e-01,1.729608649255257036e-01,-1.766577335241522606e-01,1.766323747658638255e-01,9.131969086635035593e-01,7.386701018796668072e-02,1.959999999999997300e-01,5.420000000000000373e-01,9.220333323183390606e-01,9.329298817917368314e-02,5.200000000000000178e-01,5.560000000000000497e-01,2.000000000000000042e-02,0.000000000000000000e+00
1.759833879657000000e+12,6.000000000000000000e+00,2.000000000000000000e+00,2.000000000000000000e+00,1.000000000000000056e-01,2.000000000000000000e+00,-1.766577335241522606e-01,1.766323747658638255e-01,-1.788234775261834109e-01,1.831619671175169495e-01,9.220333323183390606e-01,9.329298817917368314e-02,1.959999999999997300e-01,5.579999999999999405e-01,9.105134174139180026e-01,1.278410958598780456e-01,4.199999999999999289e-01,6.079999999999999849e-01,2.000000000000000042e-02,-2.000000000000000111e-01
1.759833879863000000e+12,6.000000000000000000e+00,2.000000000000000000e+00,2.000000000000000000e+00,1.000000000000000056e-01,1.000000000000000000e+00,-1.788234775261834109e-01,1.831619671175169495e-01,-1.814625007219028141e-01,1.936913153053974601e-01,9.105134174139180026e-01,1.278410958598780456e-01,9.600000000000025180e-02,6.079999999999999849e-01,8.964760599898786708e-01,1.835519328327908095e-01,5.200000000000000178e-01,6.580000000000002514e-01,2.000000000000000042e-02,2.000000000000000111e-01
1.759833880071000000e+12,6.000000000000000000e+00,2.000000000000000000e+00,2.000000000000000000e+00,0.000000000000000000e+00,0.000000000000000000e+00,-1.814001593208029450e-01,1.941965721763715957e-01,-1.794848461565015652e-01,2.075765043893760819e-01,8.968076631872183846e-01,1.862252496104317423e-01,9.600000000000025180e-02,6.580000000000002514e-01,9.069954991675448497e-01,2.570185417427305885e-01,5.240000000000000213e-01,6.680000000000000382e-01,0.000000000000000000e+00,0.000000000000000000e+00
1.759833880278000000e+12,6.000000000000000000e+00,2.000000000000000000e+00,2.000000000000000000e+00,0.000000000000000000e+00,1.000000000000000000e+00,-1.794848461565015652e-01,2.075765043893760819e-01,-1.738033814553595902e-01,2.210286811260502304e-01,9.069954991675448497e-01,2.570185417427305885e-01,1.959999999999997300e-01,6.680000000000000382e-01,9.372160560885128833e-01,3.281940800320118368e-01,6.239999999999998881e-01,6.680000000000000382e-01,0.000000000000000000e+00,2.000000000000000111e-01
1.759833880486000000e+12,6.000000000000000000e+00,2.000000000000000000e+00,2.000000000000000000e+00,-1.000000000000000056e-01,0.000000000000000000e+00,-1.734098427182324542e-01,2.215667542830616898e-01,-1.631778901972827100e-01,2.346861733112746706e-01,9.393093472434443925e-01,3.310410279527074007e-01,5.000000000000000000e-01,6.680000000000000382e-01,9.937346266101984016e-01,4.004559434458977440e-01,6.279999999999998916e-01,6.460000000000001297e-01,-2.000000000000000042e-02,0.000000000000000000e+00
1.759833880693000000e+12,6.000000000000000000e+00,2.000000000000000000e+00,2.000000000000000000e+00,-1.000000000000000056e-01,1.000000000000000000e+00,-1.631778901972827100e-01,2.346861733112746706e-01,-1.622478447180868977e-01,2.448137020648000484e-01,9.937346266101984016e-01,4.004559434458977440e-01,6.039999999999999813e-01,6.460000000000001297e-01,9.986816770314527192e-01,4.540407516656087550e-01,5.000000000000000000e-01,5.939999999999999725e-01,-2.000000000000000042e-02,2.000000000000000111e-01
1.759833880906000000e+12,6.000000000000000000e+00,2.000000000000000000e+00,2.000000000000000000e+00,0.000000000000000000e+00,0.000000000000000000e+00,-1.622478447180868977e-01,2.448137020648000484e-01,-1.622537588129099317e-01,2.506547428569447233e-01,9.986816770314527192e-01,4.540407516656087550e-01,5.040000000000000036e-01,5.939999999999999725e-01,9.986502190802662993e-01,4.849457294018240106e-01,5.000000000000000000e-01,5.499999999999999334e-01,0.000000000000000000e+00,0.000000000000000000e+00
1.759833881113000000e+12,6.000000000000000000e+00,2.000000000000000000e+00,2.000000000000000000e+00,0.000000000000000000e+00,0.000000000000000000e+00,-1.622537588129099317e-01,2.506547428569447233e-01,-1.622599792754201853e-01,2.546700302868271648e-01,9.986502190802662993e-01,4.849457294018240106e-01,6.079999999999999849e-01,5.499999999999999334e-01,9.986171315137224447e-01,5.061906364382390278e-01,5.000000000000000000e-01,5.499999999999999334e-01,0.000000000000000000e+00,0.000000000000000000e+00
1.759833881321000000e+12,6.000000000000000000e+00,2.000000000000000000e+00,2.000000000000000000e+00,-1.000000000000000056e-01,0.000000000000000000e+00,-1.622599792754201853e-01,2.546700302868271648e-01,-1.622664744013262994e-01,2.586857628012476651e-01,9.986171315137224447e-01,5.061906364382390278e-01,7.079999999999999627e-01,5.499999999999999334e-01,9.985825829716686863e-01,5.274378984192998887e-01,5.000000000000000000e-01,5.479999999999999316e-01,-2.000000000000000042e-02,0.000000000000000000e+00
1.759833881527000000e+12,6.000000000000000000e+00,2.000000000000000000e+00,2.000000000000000000e+00,-1.000000000000000056e-01,2.000000000000000000e+00,-1.622667415066442187e-01,2.588416027108560447e-01,-1.660401912726560958e-01,2.606551517457759704e-01,9.985811621987009667e-01,5.282624482055876536e-01,8.080000000000003846e-01,5.460000000000000409e-01,9.785096208901271631e-01,5.378579457448464662e-01,4.000000000000000777e-01,4.960000000000000520e-01,-2.000000000000000042e-02,-2.000000000000000111e-01
1.759833881733000000e+12,6.000000000000000000e+00,2.000000000000000000e+00,2.000000000000000000e+00,0.000000000000000000e+00,2.000000000000000000e+00,-1.660401912726560958e-01,2.606551517457759704e-01,-1.778062000651519092e-01,2.588076802759259887e-01,9.785096208901271631e-01,5.378579457448464662e-01,8.120000000000002771e-01,4.960000000000000520e-01,9.159244677385537381e-01,5.280829644228889341e-01,2.999999999999999889e-01,4.679999999999999716e-01,0.000000000000000000e+00,-2.000000000000000111e-01
1.759833881940000000e+12,6.000000000000000000e+00,2.000000000000000000e+00,2.000000000000000000e+00,0.000000000000000000e+00,2.000000000000000000e+00,-1.778062000651519092e-01,2.588076802759259887e-01,-1.985355522277298113e-01,2.561583784931918961e-01,9.159244677385537381e-01,5.280829644228889341e-01,8.120000000000002771e-01,4.679999999999999716e-01,8.056619562354797592e-01,5.140654946729730224e-01,1.999999999999997613e-01,4.679999999999999716e-01,0.000000000000000000e+00,-2.000000000000000111e-01
1.759833882146000000e+12,6.000000000000000000e+00,2.000000000000000000e+00,2.000000000000000000e+00,0.000000000000000000e+00,2.000000000000000000e+00,-1.985355522277298113e-01,2.561583784931918961e-01,-2.266270633841190041e-01,2.536077576024280966e-01,8.056619562354797592e-01,5.140654946729730224e-01,8.120000000000002771e-01,4.679999999999999716e-01,6.562390245525584476e-01,5.005701460445931561e-01,9.600000000000025180e-02,4.679999999999999716e-01,0.000000000000000000e+00,-2.000000000000000111e-01
1.759833882355000000e+12,6.000000000000000000e+00,2.000000000000000000e+00,2.000000000000000000e+00,0.000000000000000000e+00,2.000000000000000000e+00,-2.266270633841190041e-01,2.536077576024280966e-01,-2.627074327073068427e-01,2.510534254334988447e-01,6.562390245525584476e-01,5.005701460445931561e-01,8.120000000000002771e-01,4.679999999999999716e-01,4.643221664504954549e-01,4.870551610238034734e-01,-7.450580569168252509e-09,4.679999999999999716e-01,0.000000000000000000e+00,-2.000000000000000111e-01
1.759833882560000000e+12,6.000000000000000000e+00,2.000000000000000000e+00,2.000000000000000000e+00,1.000000000000000056e-01,2.000000000000000000e+00,-2.643080896617925890e-01,2.509511726180202462e-01,-3.043264072252428454e-01,2.490453917721292543e-01,4.558080337138691318e-01,4.865141408360860176e-01,8.120000000000002771e-01,4.679999999999999716e-01,2.429446424189209419e-01,4.764306442969802324e-01,-7.450580569168252509e-09,4.979999999999999982e-01,2.000000000000000042e-02,-2.000000000000000111e-01
1.759833882769000000e+12,6.000000000000000000e+00,2.000000000000000000e+00,2.000000000000000000e+00,0.000000000000000000e+00,0.000000000000000000e+00,-3.043264072252428454e-01,2.490453917721292543e-01,-3.459486266749257077e-01,2.503651355409566848e-01,2.429446424189209419e-01,4.764306442969802324e-01,5.000000000000000000e-01,4.979999999999999982e-01,2.154985811209718383e-02,4.834134155606174543e-01,-7.450580569168252509e-09,5.220000000000000195e-01,0.000000000000000000e+00,0.000000000000000000e+00
1.759833882976000000e+12,6.000000000000000000e+00,2.000000000000000000e+00,2.000000000000000000e+00,0.000000000000000000e+00,1.000000000000000000e+00,-3.459486266749257077e-01,2.503651355409566848e-01,-3.464085833429105810e-01,2.521447573204024240e-01,2.154985811209718383e-02,4.834134155606174543e-01,5.000000000000000000e-01,5.220000000000000195e-01,1.910328009090105084e-02,4.928294038116530773e-01,5.919999999999999707e-01,5.220000000000000195e-01,0.000000000000000000e+00,2.000000000000000111e-01
1.759833883185000000e+12,6.000000000000000000e+00,2.000000000000000000e+00,2.000000000000000000e+00,0.000000000000000000e+00,0.000000000000000000e+00,-3.464085833429105810e-01,2.521447573204024240e-01,-3.390825376943280567e-01,2.539251755726610882e-01,1.910328009090105084e-02,4.928294038116530773e-01,5.000000000000000000e-01,5.220000000000000195e-01,5.807160800889320240e-02,5.022496062045560539e-01,5.919999999999999707e-01,5.220000000000000195e-01,0.000000000000000000e+00,0.000000000000000000e+00
1.759833883391000000e+12,6.000000000000000000e+00,2.000000000000000000e+00,2.000000000000000000e+00,0.000000000000000000e+00,2.000000000000000000e+00,-3.390825376943280567e-01,2.539251755726610882e-01,-3.355138417451127286e-01,2.557058356514245734e-01,5.807160800889320240e-02,5.022496062045560539e-01,5.000000000000000000e-01,5.220000000000000195e-01,7.705403327067686381e-02,5.116710881027756175e-01,4.919999999999999929e-01,5.220000000000000195e-01,0.000000000000000000e+00,-2.000000000000000111e-01
1.759833883603000000e+12,6.000000000000000000e+00,2.000000000000000000e+00,2.000000000000000000e+00,0.000000000000000000e+00,0.000000000000000000e+00,-3.355374229845395906e-01,2.557770706044070197e-01,-3.365240415046203415e-01,2.575581458797535084e-01,7.692860114606589472e-02,5.120479926159101636e-01,4.000000000000000777e-01,5.220000000000000195e-01,7.168063029457254209e-02,5.214716713214472277e-01,4.879999999999999893e-01,5.220000000000000195e-01,0.000000000000000000e+00,0.000000000000000000e+00
1.759833883812000000e+12,6.000000000000000000e+00,2.000000000000000000e+00,2.000000000000000000e+00,-1.000000000000000056e-01,0.000000000000000000e+00,-3.365240415046203415e-01,2.575581458797535084e-01,-3.375539813132600875e-01,2.592452353016068689e-01,7.168063029457254209e-02,5.214716713214472277e-01,2.959999999999999853e-01,5.220000000000000195e-01,6.620222705712708322e-02,5.303980703788724327e-01,4.879999999999999893e-01,5.080000000000000071e-01,-2.000000000000000042e-02,0.000000000000000000e+00
1.759833884018000000e+12,6.000000000000000000e+00,2.000000000000000000e+00,2.000000000000000000e+00,0.000000000000000000e+00,0.000000000000000000e+00,-3.375539813132600875e-01,2.592452353016068689e-01,-3.385446189904580683e-01,2.578795974563675708e-01,6.620222705712708322e-02,5.303980703788724327e-01,3.960000000000000187e-01,5.060000000000000053e-01,6.093287771032931260e-02,5.231724733141142059e-01,4.879999999999999893e-01,4.620000000000000218e-01,0.000000000000000000e+00,0.000000000000000000e+00
1.759833884225000000e+12,6.000000000000000000e+00,2.000000000000000000e+00,2.000000000000000000e+00,0.000000000000000000e+00,1.000000000000000000e+00,-3.385446189904580683e-01,2.578795974563675708e-01,-3.358109789357950903e-01,2.547398791926971384e-01,6.093287771032931260e-02,5.231724733141142059e-01,2.999999999999999889e-01,4.620000000000000218e-01,7.547351629896217884e-02,5.065602073687679452e-01,5.840000000000000746e-01,4.620000000000000218e-01,0.000000000000000000e+00,2.000000000000000111e-01
1.759833884433000000e+12,6.000000000000000000e+00,2.000000000000000000e+00,2.000000000000000000e+00,0.000000000000000000e+00,2.000000000000000000e+00,-3.358109789357950903e-01,2.547398791926971384e-01,-3.325610363767089739e-01,2.517201383378400714e-01,7.547351629896217884e-02,5.065602073687679452e-01,2.999999999999999889e-01,4.620000000000000218e-01,9.276044480473939757e-02,4.905827425282544008e-01,4.879999999999999893e-01,4.620000000000000218e-01,0.000000000000000000e+00,-2.000000000000000111e-01
1.759833884639000000e+12,6.000000000000000000e+00,2.000000000000000000e+00,2.000000000000000000e+00,0.000000000000000000e+00,2.000000000000000000e+00,-3.325610363767089739e-01,2.517201383378400714e-01,-3.373044887247950707e-01,2.486997822367201516e-01,9.276044480473939757e-02,4.905827425282544008e-01,3.999999999999999667e-01,4.620000000000000218e-01,6.752931529364313012e-02,4.746020224165087842e-01,3.880000000000000115e-01,4.620000000000000218e-01,0.000000000000000000e+00,-2.000000000000000111e-01
1.759833884843000000e+12,6.000000000000000000e+00,2.000000000000000000e+00,2.000000000000000000e+00,0.000000000000000000e+00,0.000000000000000000e+00,-3.376608299259010737e-01,2.485789451759683466e-01,-3.469670033723820102e-01,2.455579935440809214e-01,6.563388337286651941e-02,4.739626728887214591e-01,3.039999999999999925e-01,4.620000000000000218e-01,1.613296078520195728e-02,4.579788018205340205e-01,3.840000000000000080e-01,4.620000000000000218e-01,0.000000000000000000e+00,0.000000000000000000e+00
1.759833885049000000e+12,6.000000000000000000e+00,2.000000000000000000e+00,2.000000000000000000e+00,0.000000000000000000e+00,0.000000000000000000e+00,-3.469670033723820102e-01,2.455579935440809214e-01,-3.496887895204565666e-01,2.425375051868814136e-01,1.613296078520195728e-02,4.579788018205340205e-01,4.040000000000000258e-01,4.620000000000000218e-01,1.655374891188357523e-03,4.419973819411715521e-01,5.000000000000000000e-01,4.620000000000000218e-01,0.000000000000000000e+00,0.000000000000000000e+00
1.759833885254000000e+12,6.000000000000000000e+00,2.000000000000000000e+00,2.000000000000000000e+00,0.000000000000000000e+00,2.000000000000000000e+00,-3.496887895204565666e-01,2.425375051868814136e-01,-3.497190378062040028e-01,2.395167981338876817e-01,1.655374891188357523e-03,4.419973819411715521e-01,2.999999999999999889e-01,4.620000000000000218e-01,1.494479754233909649e-03,4.260148049412046944e-01,5.000000000000000000e-01,4.620000000000000218e-01,0.000000000000000000e+00,-2.000000000000000111e-01
1.759833885461000000e+12,6.000000000000000000e+00,2.000000000000000000e+00,2.000000000000000000e+00,0.000000000000000000e+00,2.000000000000000000e+00,-3.497202367474147588e-01,2.393959597112205184e-01,-3.497499760917474609e-01,2.363747667695658694e-01,1.488102407368186103e-03,4.253754482075159937e-01,1.999999999999997613e-01,4.620000000000000218e-01,1.329914405598494210e-03,4.093903003680734454e-01,5.000000000000000000e-01,4.620000000000000218e-01,0.000000000000000000e+00,-2.000000000000000111e-01
1.759833885667000000e+12,6.000000000000000000e+00,2.000000000000000000e+00,2.000000000000000000e+00,0.000000000000000000e+00,0.000000000000000000e+00,-3.497499760917474609e-01,2.363747667695658694e-01,-3.497792139365043518e-01,2.333531090932504104e-01,1.329914405598494210e-03,4.093903003680734454e-01,2.959999999999999853e-01,4.620000000000000218e-01,1.174393954763968328e-03,3.934026936150815668e-01,5.000000000000000000e-01,4.620000000000000218e-01,0.000000000000000000e+00,0.000000000000000000e+00
1.759833885873000000e+12,6.000000000000000000e+00,2.000000000000000000e+00,2.000000000000000000e+00,1.000000000000000056e-01,1.000000000000000000e+00,-3.497803725409817099e-01,2.332322330180503778e-01,-3.460423400953718254e-01,2.303787835384926153e-01,1.168231164990786702e-03,3.927631376616422254e-01,1.919999999999997264e-01,4.620000000000000218e-01,2.105138247142634630e-02,3.776655213676858303e-01,5.999999999999999778e-01,4.779999999999999805e-01,2.000000000000000042e-02,2.000000000000000111e-01
1.759833886080000000e+12,6.000000000000000000e+00,2.000000000000000000e+00,2.000000000000000000e+00,1.000000000000000056e-01,0.000000000000000000e+00,-3.460423400953718254e-01,2.303787835384926153e-01,-3.374364082767097317e-01,2.306050029838508653e-01,2.105138247142634630e-02,3.776655213676858303e-01,9.200000000000027600e-02,4.779999999999999805e-01,6.682761554941621385e-02,3.788624496500045957e-01,6.039999999999999813e-01,5.280000000000000249e-01,2.000000000000000042e-02,0.000000000000000000e+00
1.759833886284000000e+12,6.000000000000000000e+00,2.000000000000000000e+00,2.000000000000000000e+00,0.000000000000000000e+00,0.000000000000000000e+00,-3.374364082767097317e-01,2.306050029838508653e-01,-3.291416201496021876e-01,2.337159364808310269e-01,6.682761554941621385e-02,3.788624496500045957e-01,5.000000000000000000e-01,5.300000000000000266e-01,1.109488289914776216e-01,3.953224152424922311e-01,6.039999999999999813e-01,5.400000000000000355e-01,0.000000000000000000e+00,0.000000000000000000e+00
1.759833886494000000e+12,6.000000000000000000e+00,2.000000000000000000e+00,2.000000000000000000e+00,0.000000000000000000e+00,0.000000000000000000e+00,-3.291416201496021876e-01,2.337159364808310269e-01,-3.208456253216817600e-01,2.369325355035598324e-01,1.109488289914776216e-01,3.953224152424922311e-01,5.000000000000000000e-01,5.400000000000000355e-01,1.550764610548841516e-01,4.123414576907928342e-01,6.039999999999999813e-01,5.400000000000000355e-01,0.000000000000000000e+00,0.000000000000000000e+00
1.759833886697000000e+12,6.000000000000000000e+00,2.000000000000000000e+00,2.000000000000000000e+00,0.000000000000000000e+00,2.000000000000000000e+00,-3.208456253216817600e-01,2.369325355035598324e-01,-3.163151493880116405e-01,2.401496531988364103e-01,1.550764610548841516e-01,4.123414576907928342e-01,5.000000000000000000e-01,5.400000000000000355e-01,1.791747372978103325e-01,4.293632444382879387e-01,5.040000000000000036e-01,5.400000000000000355e-01,0.000000000000000000e+00,-2.000000000000000111e-01
1.759833886903000000e+12,6.000000000000000000e+00,2.000000000000000000e+00,2.000000000000000000e+00,0.000000000000000000e+00,0.000000000000000000e+00,-3.163000730383441761e-01,2.402783559699228633e-01,-3.163216962716331460e-01,2.434961148110357798e-01,1.792549306471053483e-01,4.300442114810734129e-01,6.039999999999999813e-01,5.400000000000000355e-01,1.791399134487597633e-01,4.470693905345808905e-01,5.000000000000000000e-01,5.400000000000000355e-01,0.000000000000000000e+00,0.000000000000000000e+00
1.759833887114000000e+12,6.000000000000000000e+00,2.000000000000000000e+00,2.000000000000000000e+00,-1.000000000000000056e-01,2.000000000000000000e+00,-3.163216962716331460e-01,2.434961148110357798e-01,-3.201070677693713118e-01,2.463782334811561725e-01,1.791399134487597633e-01,4.470693905345808905e-01,5.040000000000000036e-01,5.400000000000000355e-01,1.590049586735567677e-01,4.623186956674930070e-01,3.999999999999999667e-01,5.180000000000000160e-01,-2.000000000000000042e-02,-2.000000000000000111e-01
1.759833887320000000e+12,6.000000000000000000e+00,2.000000000000000000e+00,2.000000000000000000e+00,0.000000000000000000e+00,0.000000000000000000e+00,-3.201070677693713118e-01,2.463782334811561725e-01,-3.287685630317659924e-01,2.458635175494524039e-01,1.590049586735567677e-01,4.623186956674930070e-01,5.000000000000000000e-01,5.180000000000000160e-01,1.129331753629467527e-01,4.595953309494836825e-01,3.960000000000000187e-01,4.699999999999999734e-01,0.000000000000000000e+00,0.000000000000000000e+00
1.759833887525000000e+12,6.000000000000000000e+00,2.000000000000000000e+00,2.000000000000000000e+00,0.000000000000000000e+00,2.000000000000000000e+00,-3.287685630317659924e-01,2.458635175494524039e-01,-3.408753078879465104e-01,2.434811281939152638e-01,1.129331753629467527e-01,4.595953309494836825e-01,5.999999999999999778e-01,4.699999999999999734e-01,4.853559634070993972e-02,4.469900962641019659e-01,2.959999999999999853e-01,4.699999999999999734e-01,0.000000000000000000e+00,-2.000000000000000111e-01
1.759833887736000000e+12,6.000000000000000000e+00,2.000000000000000000e+00,2.000000000000000000e+00,0.000000000000000000e+00,2.000000000000000000e+00,-3.415260188542552089e-01,2.433858049630764631e-01,-3.497392232167690351e-01,2.410037897526473849e-01,4.507436779651473324e-02,4.464857405453781514e-01,7.000000000000000666e-01,4.699999999999999734e-01,1.387110549100758995e-03,4.338824854637428063e-01,5.000000000000000000e-01,4.699999999999999734e-01,0.000000000000000000e+00,-2.000000000000000111e-01
1.759833887942000000e+12,6.000000000000000000e+00,2.000000000000000000e+00,2.000000000000000000e+00,0.000000000000000000e+00,2.000000000000000000e+00,-3.497392232167690351e-01,2.410037897526473849e-01,-3.497690288391054891e-01,2.386227877493530825e-01,1.387110549100758995e-03,4.338824854637428063e-01,5.000000000000000000e-01,4.699999999999999734e-01,1.228570004757918678e-03,4.212845912664184844e-01,5.000000000000000000e-01,4.699999999999999734e-01,0.000000000000000000e+00,-2.000000000000000111e-01
1.759833888149000000e+12,6.000000000000000000e+00,2.000000000000000000e+00,2.000000000000000000e+00,0.000000000000000000e+00,2.000000000000000000e+00,-3.497690288391054891e-01,2.386227877493530825e-01,-3.497996305350756785e-01,2.361461636705867451e-01,1.228570004757918678e-03,4.212845912664184844e-01,5.000000000000000000e-01,4.699999999999999734e-01,1.065795026193081581e-03,4.081807601618346881e-01,5.000000000000000000e-01,4.699999999999999734e-01,0.000000000000000000e+00,-2.000000000000000111e-01
1.759833888357000000e+12,6.000000000000000000e+00,2.000000000000000000e+00,2.000000000000000000e+00,0.000000000000000000e+00,2.000000000000000000e+00,-3.497996305350756785e-01,2.361461636705867451e-01,-3.498286541097540558e-01,2.337644224489677236e-01,1.065795026193081581e-03,4.081807601618346881e-01,5.000000000000000000e-01,4.699999999999999734e-01,9.114143098187338582e-04,3.955789547564430020e-01,5.000000000000000000e-01,4.699999999999999734e-01,0.000000000000000000e+00,-2.000000000000000111e-01
1.759833888563000000e+12,6.000000000000000000e+00,2.000000000000000000e+00,2.000000000000000000e+00,1.000000000000000056e-01,1.000000000000000000e+00,-3.498286541097540558e-01,2.337644224489677236e-01,-3.461113884079534686e-01,2.321229727090886596e-01,9.114143098187338582e-04,3.955789547564430020e-01,5.000000000000000000e-01,4.699999999999999734e-01,2.068410421301334831e-02,3.868940354978236407e-01,5.999999999999999778e-01,5.020000000000000018e-01,2.000000000000000042e-02,2.000000000000000111e-01
1.759833888768000000e+12,6.000000000000000000e+00,2.000000000000000000e+00,2.000000000000000000e+00,1.000000000000000056e-01,1.000000000000000000e+00,-3.457940833606901743e-01,2.321292561903495755e-01,-3.337387296268427006e-01,2.343462580615122137e-01,2.237189701760534249e-02,3.869272814304210995e-01,6.039999999999999813e-01,5.040000000000000036e-01,8.649611900615573890e-02,3.986574500609112448e-01,7.039999999999999591e-01,5.540000000000000480e-01,2.000000000000000042e-02,2.000000000000000111e-01
1.759833888978000000e+12,6.000000000000000000e+00,2.000000000000000000e+00,2.000000000000000000e+00,0.000000000000000000e+00,2.000000000000000000e+00,-3.337387296268427006e-01,2.343462580615122137e-01,-3.206058460721721293e-01,2.394932224653900932e-01,8.649611900615573890e-02,3.986574500609112448e-01,6.039999999999999813e-01,5.540000000000000480e-01,1.563518825948290170e-01,4.258900659544450074e-01,6.119999999999999885e-01,5.659999999999999476e-01,0.000000000000000000e+00,-2.000000000000000111e-01
1.759833889182000000e+12,6.000000000000000000e+00,2.000000000000000000e+00,2.000000000000000000e+00,0.000000000000000000e+00,2.000000000000000000e+00,-3.202451757805171439e-01,2.397050903097504015e-01,-3.153818051047936333e-01,2.450025452089995837e-01,1.582703415929938295e-01,4.270110598399492474e-01,5.000000000000000000e-01,5.659999999999999476e-01,1.841393345489699407e-01,4.550399217407385954e-01,5.080000000000000071e-01,5.659999999999999476e-01,0.000000000000000000e+00,-2.000000000000000111e-01
1.759833889389000000e+12,6.000000000000000000e+00,2.000000000000000000e+00,2.000000000000000000e+00,-1.000000000000000056e-01,2.000000000000000000e+00,-3.153818051047936333e-01,2.450025452089995837e-01,-3.185268128658519382e-01,2.498225281958418864e-01,1.841393345489699407e-01,4.550399217407385954e-01,5.000000000000000000e-01,5.659999999999999476e-01,1.674105698624895888e-01,4.805424772266767008e-01,4.080000000000000293e-01,5.400000000000000355e-01,-2.000000000000000042e-02,-2.000000000000000111e-01
1.759833889592000000e+12,6.000000000000000000e+00,2.000000000000000000e+00,2.000000000000000000e+00,-1.000000000000000056e-01,0.000000000000000000e+00,-3.185268128658519382e-01,2.498225281958418864e-01,-3.262144060310701033e-01,2.511620651675542382e-01,1.674105698624895888e-01,4.805424772266767008e-01,5.000000000000000000e-01,5.400000000000000355e-01,1.265191168560099999e-01,4.876299744315039653e-01,4.040000000000000258e-01,4.899999999999999911e-01,-2.000000000000000042e-02,0.000000000000000000e+00
1.759833889800000000e+12,6.000000000000000000e+00,2.000000000000000000e+00,2.000000000000000000e+00,0.000000000000000000e+00,2.000000000000000000e+00,-3.265226559534811224e-01,2.511324243292525904e-01,-3.379911301851997729e-01,2.501924921280541669e-01,1.248794896091428713e-01,4.874731445992200873e-01,5.000000000000000000e-01,4.879999999999999893e-01,6.387696710000109745e-02,4.824999583494929967e-01,3.039999999999999925e-01,4.879999999999999893e-01,0.000000000000000000e+00,-2.000000000000000111e-01
1.759833890003000000e+12,6.000000000000000000e+00,2.000000000000000000e+00,2.000000000000000000e+00,0.000000000000000000e+00,2.000000000000000000e+00,-3.379911301851997729e-01,2.501924921280541669e-01,-3.497420873834114485e-01,2.492509286681037495e-01,6.387696710000109745e-02,4.824999583494929967e-01,5.000000000000000000e-01,4.879999999999999893e-01,1.371875620151751613e-03,4.775181411010780974e-01,5.000000000000000000e-01,4.879999999999999893e-01,0.000000000000000000e+00,-2.000000000000000111e-01
1.759833890208000000e+12,6.000000000000000000e+00,2.000000000000000000e+00,2.000000000000000000e+00,0.000000000000000000e+00,2.000000000000000000e+00,-3.497420873834114485e-01,2.492509286681037495e-01,-3.497744944094903219e-01,2.482737243647229475e-01,1.371875620151751613e-03,4.775181411010780974e-01,5.000000000000000000e-01,4.879999999999999893e-01,1.199497821859871931e-03,4.723477479614971442e-01,5.000000000000000000e-01,4.879999999999999893e-01,0.000000000000000000e+00,-2.000000000000000111e-01
1.759833890416000000e+12,6.000000000000000000e+00,2.000000000000000000e+00,2.000000000000000000e+00,0.000000000000000000e+00,0.000000000000000000e+00,-3.497744944094903219e-01,2.482737243647229475e-01,-3.498054914275728899e-01,2.473339459639988525e-01,1.199497821859871931e-03,4.723477479614971442e-01,5.000000000000000000e-01,4.879999999999999893e-01,1.034620066101531351e-03,4.673753754708934727e-01,5.000000000000000000e-01,4.879999999999999893e-01,0.000000000000000000e+00,0.000000000000000000e+00
1.759833890623000000e+12,6.000000000000000000e+00,2.000000000000000000e+00,2.000000000000000000e+00,0.000000000000000000e+00,1.000000000000000000e+00,-3.498054914275728899e-01,2.473339459639988525e-01,-3.460739380701915446e-01,2.463561876525142691e-01,1.034620066101531351e-03,4.673753754708934727e-01,5.000000000000000000e-01,4.879999999999999893e-01,2.088330813727890325e-02,4.622020510715041386e-01,5.999999999999999778e-01,4.879999999999999893e-01,0.000000000000000000e+00,2.000000000000000111e-01
1.759833890831000000e+12,6.000000000000000000e+00,2.000000000000000000e+00,2.000000000000000000e+00,0.000000000000000000e+00,0.000000000000000000e+00,-3.460739380701915446e-01,2.463561876525142691e-01,-3.381072053276140132e-01,2.454151206329968082e-01,2.088330813727890325e-02,4.622020510715041386e-01,5.999999999999999778e-01,4.879999999999999893e-01,6.325954612971258773e-02,4.572228604920466344e-01,5.999999999999999778e-01,4.879999999999999893e-01,0.000000000000000000e+00,0.000000000000000000e+00
1.759833891038000000e+12,6.000000000000000000e+00,2.000000000000000000e+00,2.000000000000000000e+00,0.000000000000000000e+00,2.000000000000000000e+00,-3.377883071556163630e-01,2.453774671284097986e-01,-3.335720550968678810e-01,2.444361756487054838e-01,6.495581300204050779e-02,4.570236356000518807e-01,5.999999999999999778e-01,4.879999999999999893e-01,8.738268565495797835e-02,4.520432574005581738e-01,5.000000000000000000e-01,4.879999999999999893e-01,0.000000000000000000e+00,-2.000000000000000111e-01
1.759833891245000000e+12,6.000000000000000000e+00,2.000000000000000000e+00,2.000000000000000000e+00,0.000000000000000000e+00,1.000000000000000000e+00,-3.335720550968678810e-01,2.444361756487054838e-01,-3.298351328672088911e-01,2.434946432559347007e-01,8.738268565495797835e-02,4.520432574005581738e-01,5.000000000000000000e-01,4.879999999999999893e-01,1.072599315573994072e-01,4.470616045287550966e-01,5.999999999999999778e-01,4.879999999999999893e-01,0.000000000000000000e+00,2.000000000000000111e-01
1.759833891452000000e+12,6.000000000000000000e+00,2.000000000000000000e+00,2.000000000000000000e+00,0.000000000000000000e+00,2.000000000000000000e+00,-3.295193514443968130e-01,2.434569602348400086e-01,-3.249858452961054134e-01,2.425149327823200585e-01,1.089396199766125978e-01,4.468622234647620095e-01,3.960000000000000187e-01,4.879999999999999893e-01,1.330540143824179289e-01,4.418779512292067002e-01,5.040000000000000036e-01,4.879999999999999893e-01,0.000000000000000000e+00,-2.000000000000000111e-01
1.759833891660000000e+12,6.000000000000000000e+00,2.000000000000000000e+00,2.000000000000000000e+00,0.000000000000000000e+00,1.000000000000000000e+00,-3.249858452961054134e-01,2.425149327823200585e-01,-3.209364412562902835e-01,2.415726645529596706e-01,1.330540143824179289e-01,4.418779512292067002e-01,3.960000000000000187e-01,4.879999999999999893e-01,1.545933975729239240e-01,4.368924050421146843e-01,6.039999999999999813e-01,4.879999999999999893e-01,0.000000000000000000e+00,2.000000000000000111e-01
1.759833891871000000e+12,6.000000000000000000e+00,2.000000000000000000e+00,2.000000000000000000e+00,0.000000000000000000e+00,1.000000000000000000e+00,-3.206077748032893915e-01,2.415349500630054325e-01,-3.082298738353738132e-01,2.405911181003207999e-01,1.563416233867584715e-01,4.366928574762192761e-01,5.000000000000000000e-01,4.879999999999999893e-01,2.221815221522668582e-01,4.316990375678349534e-01,7.079999999999999627e-01,4.879999999999999893e-01,0.000000000000000000e+00,2.000000000000000111e-01
1.759833892079000000e+12,6.000000000000000000e+00,2.000000000000000000e+00,2.000000000000000000e+00,0.000000000000000000e+00,0.000000000000000000e+00,-3.075682971364175899e-01,2.405533151817413340e-01,-2.906290434914698961e-01,2.396077186926003078e-01,2.257005471467148638e-01,4.314990221256155833e-01,5.000000000000000000e-01,4.879999999999999893e-01,3.158029601517557960e-01,4.264958660984143890e-01,7.120000000000000773e-01,4.879999999999999893e-01,0.000000000000000000e+00,0.000000000000000000e+00
1.759833892288000000e+12,6.000000000000000000e+00,2.000000000000000000e+00,2.000000000000000000e+00,1.000000000000000056e-01,2.000000000000000000e+00,-2.906290434914698961e-01,2.396077186926003078e-01,-2.774412065759852553e-01,2.393078655201700267e-01,3.158029601517557960e-01,4.264958660984143890e-01,5.999999999999999778e-01,4.879999999999999893e-01,3.859510288511421860e-01,4.249093413765610561e-01,6.119999999999999885e-01,5.180000000000000160e-01,2.000000000000000042e-02,-2.000000000000000111e-01
1.759833892498000000e+12,6.000000000000000000e+00,2.000000000000000000e+00,2.000000000000000000e+00,0.000000000000000000e+00,0.000000000000000000e+00,-2.770802570076920657e-01,2.393644686370351715e-01,-2.684511363511752347e-01,2.422107552212485193e-01,3.878709733633400325e-01,4.252088287673819189e-01,5.999999999999999778e-01,5.200000000000000178e-01,4.337705513235359245e-01,4.402685461441721015e-01,6.079999999999999849e-01,5.400000000000000355e-01,0.000000000000000000e+00,0.000000000000000000e+00
1.759833892707000000e+12,6.000000000000000000e+00,2.000000000000000000e+00,2.000000000000000000e+00,0.000000000000000000e+00,0.000000000000000000e+00,-2.684511363511752347e-01,2.422107552212485193e-01,-2.598260379674924847e-01,2.454259777733251990e-01,4.337705513235359245e-01,4.402685461441721015e-01,4.960000000000000520e-01,5.400000000000000355e-01,4.796487342154654443e-01,4.572803056789693787e-01,6.079999999999999849e-01,5.400000000000000355e-01,0.000000000000000000e+00,0.000000000000000000e+00
0.000000000000000000e+00,0.000000000000000000e+00,0.000000000000000000e+00,0.000000000000000000e+00,0.000000000000000000e+00,0.000000000000000000e+00,0.000000000000000000e+00,0.000000000000000000e+00,0.000000000000000000e+00,0.000000000000000000e+00,0.000000000000000000e+00,0.000000000000000000e+00,0.000000000000000000e+00,0.000000000000000000e+00,0.000000000000000000e+00,0.000000000000000000e+00,0.000000000000000000e+00,0.000000000000000000e+00,0.000000000000000000e+00,0.000000000000000000e+00
1.759833898642000000e+12,7.000000000000000000e+00,2.000000000000000000e+00,0.000000000000000000e+00,0.000000000000000000e+00,0.000000000000000000e+00,-2.577559030238174564e-01,2.461976535912163422e-01,-1.649762692122760388e-01,3.242928480960106663e-01,4.906600902988432766e-01,4.613632465143722161e-01,5.000000000000000000e-01,5.400000000000000355e-01,9.841687807857657511e-01,8.745653338413263977e-01,6.079999999999999849e-01,5.400000000000000355e-01,0.000000000000000000e+00,0.000000000000000000e+00
1.759833898849000000e+12,7.000000000000000000e+00,2.000000000000000000e+00,0.000000000000000000e+00,0.000000000000000000e+00,1.000000000000000000e+00,-1.649762692122760388e-01,3.242928480960106663e-01,-1.622144003513400212e-01,3.275190857732810934e-01,9.841687807857657511e-01,8.745653338413263977e-01,4.000000000000000777e-01,5.400000000000000355e-01,9.988595725992552854e-01,8.916353744618048527e-01,5.000000000000000000e-01,5.400000000000000355e-01,0.000000000000000000e+00,2.000000000000000111e-01
1.759833899055000000e+12,7.000000000000000000e+00,2.000000000000000000e+00,0.000000000000000000e+00,1.000000000000000056e-01,0.000000000000000000e+00,-1.622144003513400212e-01,3.275190857732810934e-01,-1.622277477144969948e-01,3.315240640665378935e-01,9.988595725992552854e-01,8.916353744618048527e-01,2.999999999999999889e-01,5.400000000000000355e-01,9.987885759867181079e-01,9.128257358017879408e-01,5.000000000000000000e-01,5.699999999999999512e-01,2.000000000000000042e-02,0.000000000000000000e+00
1.759833899261000000e+12,7.000000000000000000e+00,2.000000000000000000e+00,0.000000000000000000e+00,1.000000000000000056e-01,1.000000000000000000e+00,-1.622277477144969948e-01,3.315240640665378935e-01,-1.622406938967208279e-01,3.390313481123509720e-01,9.987885759867181079e-01,9.128257358017879408e-01,1.959999999999997300e-01,5.699999999999999512e-01,9.987197133153147277e-01,9.525468154092645579e-01,5.000000000000000000e-01,6.199999999999999956e-01,2.000000000000000042e-02,2.000000000000000111e-01
1.759833899469000000e+12,7.000000000000000000e+00,2.000000000000000000e+00,0.000000000000000000e+00,-1.000000000000000056e-01,0.000000000000000000e+00,-1.622406938967208279e-01,3.390313481123509720e-01,-1.622548444976922299e-01,3.475473415934804411e-01,9.987197133153147277e-01,9.525468154092645579e-01,1.959999999999997300e-01,6.199999999999999956e-01,9.986444441612115641e-01,9.976049819760871573e-01,5.000000000000000000e-01,4.979999999999999982e-01,-2.000000000000000042e-02,0.000000000000000000e+00
1.759833899678000000e+12,7.000000000000000000e+00,2.000000000000000000e+00,0.000000000000000000e+00,-1.000000000000000056e-01,0.000000000000000000e+00,-1.622548444976922299e-01,3.475473415934804411e-01,-1.622697649041329182e-01,3.455385023316662196e-01,9.986444441612115641e-01,9.976049819760871573e-01,9.600000000000025180e-02,4.979999999999999982e-01,9.985650802971653972e-01,9.869762028130488751e-01,5.000000000000000000e-01,4.480000000000000648e-01,-2.000000000000000042e-02,0.000000000000000000e+00
1.759833899887000000e+12,7.000000000000000000e+00,2.000000000000000000e+00,0.000000000000000000e+00,-1.000000000000000056e-01,1.000000000000000000e+00,-1.622697649041329182e-01,3.455385023316662196e-01,-1.622843824340381436e-01,3.392024786684303406e-01,9.985650802971653972e-01,9.869762028130488751e-01,9.600000000000025180e-02,4.480000000000000648e-01,9.984873274785205366e-01,9.534522680869331746e-01,5.000000000000000000e-01,3.980000000000000204e-01,-2.000000000000000042e-02,2.000000000000000111e-01
1.759833900098000000e+12,7.000000000000000000e+00,2.000000000000000000e+00,0.000000000000000000e+00,-1.000000000000000056e-01,2.000000000000000000e+00,-1.622843824340381436e-01,3.392024786684303406e-01,-1.660565522484828693e-01,3.290342950410744538e-01,9.984873274785205366e-01,9.534522680869331746e-01,1.959999999999997300e-01,3.960000000000000187e-01,9.784225944229635319e-01,8.996523547146797473e-01,4.000000000000000777e-01,3.459999999999999187e-01,-2.000000000000000042e-02,-2.000000000000000111e-01
1.759833900302000000e+12,7.000000000000000000e+00,2.000000000000000000e+00,0.000000000000000000e+00,0.000000000000000000e+00,2.000000000000000000e+00,-1.660565522484828693e-01,3.290342950410744538e-01,-1.778216536621631816e-01,3.154229450616868879e-01,9.784225944229635319e-01,8.996523547146797473e-01,5.000000000000000000e-01,3.459999999999999187e-01,9.158422677544512114e-01,8.276346299560153330e-01,2.999999999999999889e-01,3.239999999999999547e-01,0.000000000000000000e+00,-2.000000000000000111e-01
1.759833900509000000e+12,7.000000000000000000e+00,2.000000000000000000e+00,0.000000000000000000e+00,0.000000000000000000e+00,0.000000000000000000e+00,-1.784588274239120309e-01,3.148606527678862177e-01,-1.947852567107674626e-01,3.008022413840088505e-01,9.124530456174891890e-01,8.246595384544245233e-01,6.039999999999999813e-01,3.239999999999999547e-01,8.256103366448539482e-01,7.502764094392003758e-01,2.959999999999999853e-01,3.239999999999999547e-01,0.000000000000000000e+00,0.000000000000000000e+00
1.759833900719000000e+12,7.000000000000000000e+00,2.000000000000000000e+00,0.000000000000000000e+00,0.000000000000000000e+00,1.000000000000000000e+00,-1.947852567107674626e-01,3.008022413840088505e-01,-2.073586567914690315e-01,2.867426591623274956e-01,8.256103366448539482e-01,7.502764094392003758e-01,5.040000000000000036e-01,3.239999999999999547e-01,7.587305489815476811e-01,6.758870855149603507e-01,3.960000000000000187e-01,3.239999999999999547e-01,0.000000000000000000e+00,2.000000000000000111e-01
1.759833900923000000e+12,7.000000000000000000e+00,2.000000000000000000e+00,0.000000000000000000e+00,0.000000000000000000e+00,2.000000000000000000e+00,-2.076950690798078925e-01,2.861802642140524600e-01,-2.194651634579010135e-01,2.721188826246312420e-01,7.569411219159154491e-01,6.729114508680025253e-01,6.079999999999999849e-01,3.239999999999999547e-01,6.943342369260584457e-01,5.985126064795304179e-01,2.999999999999999889e-01,3.239999999999999547e-01,0.000000000000000000e+00,-2.000000000000000111e-01
1.759833901130000000e+12,7.000000000000000000e+00,2.000000000000000000e+00,0.000000000000000000e+00,0.000000000000000000e+00,2.000000000000000000e+00,-2.194651634579010135e-01,2.721188826246312420e-01,-2.401960927992228823e-01,2.574908656826390696e-01,6.943342369260584457e-01,5.985126064795304179e-01,7.079999999999999627e-01,3.239999999999999547e-01,5.840633361743463592e-01,5.211156914425347786e-01,1.999999999999997613e-01,3.239999999999999547e-01,0.000000000000000000e+00,-2.000000000000000111e-01
1.759833901338000000e+12,7.000000000000000000e+00,2.000000000000000000e+00,0.000000000000000000e+00,1.000000000000000056e-01,0.000000000000000000e+00,-2.401960927992228823e-01,2.574908656826390696e-01,-2.645254432179123261e-01,2.441654833920307299e-01,5.840633361743463592e-01,5.211156914425347786e-01,8.080000000000003846e-01,3.239999999999999547e-01,4.546518977770620529e-01,4.506110232382578573e-01,1.959999999999997300e-01,3.559999999999999276e-01,2.000000000000000042e-02,0.000000000000000000e+00
1.759833901542000000e+12,7.000000000000000000e+00,2.000000000000000000e+00,0.000000000000000000e+00,0.000000000000000000e+00,1.000000000000000000e+00,-2.645254432179123261e-01,2.441654833920307299e-01,-2.851028036203990257e-01,2.344120254114067103e-01,4.546518977770620529e-01,4.506110232382578573e-01,8.120000000000002771e-01,3.559999999999999276e-01,3.451978530829838410e-01,3.990054254571784309e-01,2.959999999999999853e-01,3.919999999999999596e-01,0.000000000000000000e+00,2.000000000000000111e-01
1.759833901749000000e+12,7.000000000000000000e+00,2.000000000000000000e+00,0.000000000000000000e+00,0.000000000000000000e+00,1.000000000000000000e+00,-2.857626796361141808e-01,2.340669565523790518e-01,-2.980283076587484370e-01,2.254410846425325965e-01,3.416878742759883458e-01,3.971796642983019265e-01,8.120000000000002771e-01,3.919999999999999596e-01,2.764451720279337832e-01,3.515401303837704106e-01,3.999999999999999667e-01,3.919999999999999596e-01,0.000000000000000000e+00,2.000000000000000111e-01
1.759833901956000000e+12,7.000000000000000000e+00,2.000000000000000000e+00,0.000000000000000000e+00,1.000000000000000056e-01,0.000000000000000000e+00,-2.980283076587484370e-01,2.254410846425325965e-01,-3.060498166830651345e-01,2.173738357083468964e-01,2.764451720279337832e-01,3.515401303837704106e-01,8.120000000000002771e-01,3.919999999999999596e-01,2.337775708347598347e-01,3.088562735891370314e-01,3.999999999999999667e-01,4.200000000000000955e-01,2.000000000000000042e-02,0.000000000000000000e+00
1.759833902163000000e+12,7.000000000000000000e+00,2.000000000000000000e+00,0.000000000000000000e+00,1.000000000000000056e-01,0.000000000000000000e+00,-3.063705700382007846e-01,2.171175971306988639e-01,-3.143899525552415475e-01,2.127690886564548856e-01,2.320714359670170146e-01,3.075005139190416514e-01,8.120000000000002771e-01,4.220000000000000417e-01,1.894151459827576323e-01,2.844925325738353883e-01,3.999999999999999667e-01,4.719999999999999751e-01,2.000000000000000042e-02,0.000000000000000000e+00
1.759833902367000000e+12,7.000000000000000000e+00,2.000000000000000000e+00,0.000000000000000000e+00,1.000000000000000056e-01,0.000000000000000000e+00,-3.143899525552415475e-01,2.127690886564548856e-01,-3.224104730613502334e-01,2.124215271613913436e-01,1.894151459827576323e-01,2.844925325738353883e-01,8.120000000000002771e-01,4.719999999999999751e-01,1.467528028651582384e-01,2.826535828645044823e-01,3.999999999999999667e-01,5.220000000000000195e-01,2.000000000000000042e-02,0.000000000000000000e+00
1.759833902574000000e+12,7.000000000000000000e+00,2.000000000000000000e+00,0.000000000000000000e+00,0.000000000000000000e+00,0.000000000000000000e+00,-3.224104730613502334e-01,2.124215271613913436e-01,-3.304321764444467235e-01,2.160418389539225381e-01,1.467528028651582384e-01,2.826535828645044823e-01,5.000000000000000000e-01,5.220000000000000195e-01,1.040841678486875421e-01,3.018086717138758757e-01,3.999999999999999667e-01,5.639999999999999458e-01,0.000000000000000000e+00,0.000000000000000000e+00
1.759833902782000000e+12,7.000000000000000000e+00,2.000000000000000000e+00,0.000000000000000000e+00,0.000000000000000000e+00,1.000000000000000000e+00,-3.307530782228978450e-01,2.162472481392150592e-01,-3.350166024496383232e-01,2.213829633432128630e-01,1.023772434952241323e-01,3.028954928000797131e-01,5.000000000000000000e-01,5.639999999999999458e-01,7.969892314022157531e-02,3.300685891175283992e-01,5.000000000000000000e-01,5.639999999999999458e-01,0.000000000000000000e+00,2.000000000000000111e-01
1.759833902987000000e+12,7.000000000000000000e+00,2.000000000000000000e+00,0.000000000000000000e+00,0.000000000000000000e+00,0.000000000000000000e+00,-3.350166024496383232e-01,2.213829633432128630e-01,-3.350444313801502760e-01,2.265193445246426740e-01,7.969892314022157531e-02,3.300685891175283992e-01,5.000000000000000000e-01,5.639999999999999458e-01,7.955089691409417130e-02,3.572452091250935546e-01,5.000000000000000000e-01,5.639999999999999458e-01,0.000000000000000000e+00,0.000000000000000000e+00
1.759833903196000000e+12,7.000000000000000000e+00,2.000000000000000000e+00,0.000000000000000000e+00,0.000000000000000000e+00,2.000000000000000000e+00,-3.350444313801502760e-01,2.265193445246426740e-01,-3.388307629047818681e-01,2.318618642613118896e-01,7.955089691409417130e-02,3.572452091250935546e-01,5.000000000000000000e-01,5.639999999999999458e-01,5.941083561286229081e-02,3.855125093191105745e-01,4.040000000000000258e-01,5.639999999999999458e-01,0.000000000000000000e+00,-2.000000000000000111e-01
1.759833903404000000e+12,7.000000000000000000e+00,2.000000000000000000e+00,0.000000000000000000e+00,-1.000000000000000056e-01,1.000000000000000000e+00,-3.388307629047818681e-01,2.318618642613118896e-01,-3.430867354834712390e-01,2.356877015916714058e-01,5.941083561286229081e-02,3.855125093191105745e-01,4.000000000000000777e-01,5.639999999999999458e-01,3.677268359855712793e-02,4.057550348765683323e-01,5.000000000000000000e-01,5.220000000000000195e-01,-2.000000000000000042e-02,2.000000000000000111e-01
1.759833903609000000e+12,7.000000000000000000e+00,2.000000000000000000e+00,0.000000000000000000e+00,0.000000000000000000e+00,0.000000000000000000e+00,-3.430894605733007530e-01,2.357596294828785966e-01,-3.428008053453545645e-01,2.356666438316558088e-01,3.675818843988949702e-02,4.061356057295164024e-01,2.959999999999999853e-01,5.220000000000000195e-01,3.829358858853943587e-02,4.056436181569090804e-01,5.040000000000000036e-01,4.860000000000000431e-01,0.000000000000000000e+00,0.000000000000000000e+00
1.759833903816000000e+12,7.000000000000000000e+00,2.000000000000000000e+00,0.000000000000000000e+00,0.000000000000000000e+00,1.000000000000000000e+00,-3.428008053453545645e-01,2.356666438316558088e-01,-3.387435522664226095e-01,2.345645103236497220e-01,3.829358858853943587e-02,4.056436181569090804e-01,3.960000000000000187e-01,4.860000000000000431e-01,5.987472198711366739e-02,3.998122239346546536e-01,6.039999999999999813e-01,4.860000000000000431e-01,0.000000000000000000e+00,2.000000000000000111e-01
1.759833904021000000e+12,7.000000000000000000e+00,2.000000000000000000e+00,0.000000000000000000e+00,0.000000000000000000e+00,2.000000000000000000e+00,-3.387435522664226095e-01,2.345645103236497220e-01,-3.342097386717041707e-01,2.334619395783588680e-01,5.987472198711366739e-02,3.998122239346546536e-01,2.999999999999999889e-01,4.860000000000000431e-01,8.399075174625431073e-02,3.939785162876131008e-01,5.040000000000000036e-01,4.860000000000000431e-01,0.000000000000000000e+00,-2.000000000000000111e-01
1.759833904230000000e+12,7.000000000000000000e+00,2.000000000000000000e+00,0.000000000000000000e+00,0.000000000000000000e+00,0.000000000000000000e+00,-3.341947735905416716e-01,2.334178373188745270e-01,-3.342173685024713015e-01,2.323152021010876089e-01,8.407035324179951141e-02,3.937451709993361471e-01,2.999999999999999889e-01,4.860000000000000431e-01,8.395016754004616666e-02,3.879111222279768012e-01,5.000000000000000000e-01,4.860000000000000431e-01,0.000000000000000000e+00,0.000000000000000000e+00
1.759833904439000000e+12,7.000000000000000000e+00,2.000000000000000000e+00,0.000000000000000000e+00,0.000000000000000000e+00,1.000000000000000000e+00,-3.342173685024713015e-01,2.323152021010876089e-01,-3.304874651551080733e-01,2.312122380801855115e-01,8.395016754004616666e-02,3.879111222279768012e-01,3.999999999999999667e-01,4.860000000000000431e-01,1.037900789621910014e-01,3.820753337575953368e-01,5.999999999999999778e-01,4.860000000000000431e-01,0.000000000000000000e+00,2.000000000000000111e-01
1.759833904641000000e+12,7.000000000000000000e+00,2.000000000000000000e+00,0.000000000000000000e+00,1.000000000000000056e-01,2.000000000000000000e+00,-3.304874651551080733e-01,2.312122380801855115e-01,-3.256340994588655113e-01,2.313751299585995735e-01,1.037900789621910014e-01,3.820753337575953368e-01,3.039999999999999925e-01,4.860000000000000431e-01,1.296058539422046407e-01,3.829371955481459255e-01,5.080000000000000071e-01,5.260000000000000231e-01,2.000000000000000042e-02,-2.000000000000000111e-01
1.759833904848000000e+12,7.000000000000000000e+00,2.000000000000000000e+00,0.000000000000000000e+00,0.000000000000000000e+00,1.000000000000000000e+00,-3.256340994588655113e-01,2.313751299585995735e-01,-3.215761804336236818e-01,2.350318631137306991e-01,1.296058539422046407e-01,3.829371955481459255e-01,4.040000000000000258e-01,5.279999999999999138e-01,1.511905296083845829e-01,4.022849900197392192e-01,6.039999999999999813e-01,5.519999999999999352e-01,0.000000000000000000e+00,2.000000000000000111e-01
1.759833905053000000e+12,7.000000000000000000e+00,2.000000000000000000e+00,0.000000000000000000e+00,0.000000000000000000e+00,1.000000000000000000e+00,-3.215761804336236818e-01,2.350318631137306991e-01,-3.095235160097892235e-01,2.392076486868207619e-01,1.511905296083845829e-01,4.022849900197392192e-01,2.999999999999999889e-01,5.519999999999999352e-01,2.153004467564402225e-01,4.243790935810622944e-01,7.039999999999999591e-01,5.519999999999999352e-01,0.000000000000000000e+00,2.000000000000000111e-01
1.759833905261000000e+12,7.000000000000000000e+00,2.000000000000000000e+00,0.000000000000000000e+00,0.000000000000000000e+00,0.000000000000000000e+00,-3.095235160097892235e-01,2.392076486868207619e-01,-2.922566481820604301e-01,2.435493076590440620e-01,2.153004467564402225e-01,4.243790935810622944e-01,1.999999999999997613e-01,5.519999999999999352e-01,3.071454883932955293e-01,4.473508341748363426e-01,7.079999999999999627e-01,5.519999999999999352e-01,0.000000000000000000e+00,0.000000000000000000e+00
1.759833905469000000e+12,7.000000000000000000e+00,2.000000000000000000e+00,0.000000000000000000e+00,-1.000000000000000056e-01,2.000000000000000000e+00,-2.922566481820604301e-01,2.435493076590440620e-01,-2.793967441738447466e-01,2.472456656056435109e-01,3.071454883932955293e-01,4.473508341748363426e-01,2.959999999999999853e-01,5.519999999999999352e-01,3.755492331178470478e-01,4.669082836277435034e-01,6.079999999999999849e-01,5.260000000000000231e-01,-2.000000000000000042e-02,-2.000000000000000111e-01
1.759833905674000000e+12,7.000000000000000000e+00,2.000000000000000000e+00,0.000000000000000000e+00,0.000000000000000000e+00,2.000000000000000000e+00,-2.793967441738447466e-01,2.472456656056435109e-01,-2.744966630833985954e-01,2.476639726268339281e-01,3.755492331178470478e-01,4.669082836277435034e-01,1.919999999999997264e-01,5.260000000000000231e-01,4.016134942372414640e-01,4.691215482901266443e-01,5.040000000000000036e-01,4.939999999999999947e-01,0.000000000000000000e+00,-2.000000000000000111e-01
1.759833905885000000e+12,7.000000000000000000e+00,2.000000000000000000e+00,0.000000000000000000e+00,0.000000000000000000e+00,0.000000000000000000e+00,-2.744966630833985954e-01,2.476639726268339281e-01,-2.741891657797931869e-01,2.472009384448635161e-01,4.016134942372414640e-01,4.691215482901266443e-01,9.200000000000027600e-02,4.939999999999999947e-01,4.032491181925893509e-01,4.666716319834048887e-01,5.040000000000000036e-01,4.939999999999999947e-01,0.000000000000000000e+00,0.000000000000000000e+00
1.759833906091000000e+12,7.000000000000000000e+00,2.000000000000000000e+00,0.000000000000000000e+00,0.000000000000000000e+00,0.000000000000000000e+00,-2.741891657797931869e-01,2.472009384448635161e-01,-2.738742553309003180e-01,2.467193099888685681e-01,4.032491181925893509e-01,4.666716319834048887e-01,5.000000000000000000e-01,4.939999999999999947e-01,4.049241737718067835e-01,4.641233332744369444e-01,5.040000000000000036e-01,4.939999999999999947e-01,0.000000000000000000e+00,0.000000000000000000e+00
1.759833906298000000e+12,7.000000000000000000e+00,2.000000000000000000e+00,0.000000000000000000e+00,0.000000000000000000e+00,1.000000000000000000e+00,-2.738742553309003180e-01,2.467193099888685681e-01,-2.698111679207868541e-01,2.462559178521036840e-01,4.049241737718067835e-01,4.641233332744369444e-01,5.000000000000000000e-01,4.939999999999999947e-01,4.265363408468783590e-01,4.616715230270036496e-01,6.039999999999999813e-01,4.939999999999999947e-01,0.000000000000000000e+00,2.000000000000000111e-01
1.759833906507000000e+12,7.000000000000000000e+00,2.000000000000000000e+00,0.000000000000000000e+00,0.000000000000000000e+00,2.000000000000000000e+00,-2.698111679207868541e-01,2.462559178521036840e-01,-2.646214277289138939e-01,2.457736525011952611e-01,4.265363408468783590e-01,4.616715230270036496e-01,5.000000000000000000e-01,4.939999999999999947e-01,4.541413418674792313e-01,4.591198545036787038e-01,5.120000000000000107e-01,4.939999999999999947e-01,0.000000000000000000e+00,-2.000000000000000111e-01
1.759833906715000000e+12,7.000000000000000000e+00,2.000000000000000000e+00,0.000000000000000000e+00,0.000000000000000000e+00,2.000000000000000000e+00,-2.646214277289138939e-01,2.457736525011952611e-01,-2.677524436737342417e-01,2.453099503219485222e-01,4.541413418674792313e-01,4.591198545036787038e-01,6.039999999999999813e-01,4.939999999999999947e-01,4.374870017354561269e-01,4.566664038198334774e-01,4.080000000000000293e-01,4.939999999999999947e-01,0.000000000000000000e+00,-2.000000000000000111e-01
1.759833906924000000e+12,7.000000000000000000e+00,2.000000000000000000e+00,0.000000000000000000e+00,0.000000000000000000e+00,2.000000000000000000e+00,-2.677524436737342417e-01,2.453099503219485222e-01,-2.788875131162369403e-01,2.448454539291557430e-01,4.374870017354561269e-01,4.566664038198334774e-01,5.040000000000000036e-01,4.939999999999999947e-01,3.782579089561864394e-01,4.542087509479140195e-01,3.080000000000000515e-01,4.939999999999999947e-01,0.000000000000000000e+00,-2.000000000000000111e-01
1.759833907127000000e+12,7.000000000000000000e+00,2.000000000000000000e+00,0.000000000000000000e+00,0.000000000000000000e+00,2.000000000000000000e+00,-2.794978148051324718e-01,2.448268491341778208e-01,-2.989483782320591088e-01,2.443607542091224827e-01,3.750116233769548724e-01,4.541103128792478016e-01,5.000000000000000000e-01,4.939999999999999947e-01,2.715511796167067726e-01,4.516442021646692728e-01,2.039999999999997649e-01,4.939999999999999947e-01,0.000000000000000000e+00,-2.000000000000000111e-01
1.759833907336000000e+12,7.000000000000000000e+00,2.000000000000000000e+00,0.000000000000000000e+00,0.000000000000000000e+00,2.000000000000000000e+00,-2.989483782320591088e-01,2.443607542091224827e-01,-3.264142152232512029e-01,2.438924847304762555e-01,2.715511796167067726e-01,4.516442021646692728e-01,5.999999999999999778e-01,4.939999999999999947e-01,1.254563020039828614e-01,4.491665858755358176e-01,1.040000000000002034e-01,4.939999999999999947e-01,0.000000000000000000e+00,-2.000000000000000111e-01
1.759833907540000000e+12,7.000000000000000000e+00,2.000000000000000000e+00,0.000000000000000000e+00,0.000000000000000000e+00,0.000000000000000000e+00,-3.264142152232512029e-01,2.438924847304762555e-01,-3.494029782749540347e-01,2.434256797967362940e-01,1.254563020039828614e-01,4.491665858755358176e-01,7.000000000000000666e-01,4.939999999999999947e-01,3.175647473648633961e-03,4.466967185012502561e-01,5.000000000000000000e-01,4.939999999999999947e-01,0.000000000000000000e+00,0.000000000000000000e+00
1.759833907745000000e+12,7.000000000000000000e+00,2.000000000000000000e+00,0.000000000000000000e+00,0.000000000000000000e+00,0.000000000000000000e+00,-3.494041958633686829e-01,2.434072627410174272e-01,-3.494345260000149000e-01,2.429467646806749426e-01,3.169170939528165136e-03,4.465992737619970399e-01,5.000000000000000000e-01,4.939999999999999947e-01,3.007840425452541593e-03,4.441627760882272402e-01,5.000000000000000000e-01,4.939999999999999947e-01,0.000000000000000000e+00,0.000000000000000000e+00
1.759833907953000000e+12,7.000000000000000000e+00,2.000000000000000000e+00,0.000000000000000000e+00,0.000000000000000000e+00,2.000000000000000000e+00,-3.494345260000149000e-01,2.429467646806749426e-01,-3.494659889043520984e-01,2.424677706593628690e-01,3.007840425452541593e-03,4.441627760882272402e-01,5.000000000000000000e-01,4.939999999999999947e-01,2.840484551318508098e-03,4.416284161871051883e-01,5.000000000000000000e-01,4.939999999999999947e-01,0.000000000000000000e+00,-2.000000000000000111e-01
1.759833908160000000e+12,7.000000000000000000e+00,2.000000000000000000e+00,0.000000000000000000e+00,0.000000000000000000e+00,0.000000000000000000e+00,-3.494659889043520984e-01,2.424677706593628690e-01,-3.494961411304081667e-01,2.420071151280549782e-01,2.840484551318508098e-03,4.416284161871051883e-01,5.000000000000000000e-01,4.939999999999999947e-01,2.680100370169208584e-03,4.391910853336242759e-01,5.000000000000000000e-01,4.939999999999999947e-01,0.000000000000000000e+00,0.000000000000000000e+00
1.759833908371000000e+12,7.000000000000000000e+00,2.000000000000000000e+00,0.000000000000000000e+00,0.000000000000000000e+00,2.000000000000000000e+00,-3.494961411304081667e-01,2.420071151280549782e-01,-3.495261934567782669e-01,2.415463764505676736e-01,2.680100370169208584e-03,4.391910853336242759e-01,5.000000000000000000e-01,4.939999999999999947e-01,2.520247570328249670e-03,4.367533145532681571e-01,5.000000000000000000e-01,4.939999999999999947e-01,0.000000000000000000e+00,-2.000000000000000111e-01
1.759833908583000000e+12,7.000000000000000000e+00,2.000000000000000000e+00,0.000000000000000000e+00,0.000000000000000000e+00,1.000000000000000000e+00,-3.495273957193513747e-01,2.415279462785041020e-01,-3.457873832715520068e-01,2.410669181927759808e-01,2.513852556641505906e-03,4.366558004153656691e-01,6.039999999999999813e-01,4.939999999999999947e-01,2.240753578961687115e-02,4.342164983744761231e-01,5.999999999999999778e-01,4.939999999999999947e-01,0.000000000000000000e+00,2.000000000000000111e-01
1.759833908790000000e+12,7.000000000000000000e+00,2.000000000000000000e+00,0.000000000000000000e+00,0.000000000000000000e+00,1.000000000000000000e+00,-3.457873832715520068e-01,2.410669181927759808e-01,-3.334172283436015460e-01,2.405858819833528450e-01,2.240753578961687115e-02,4.342164983744761231e-01,6.039999999999999813e-01,4.939999999999999947e-01,8.820623221488528565e-02,4.316713332452531970e-01,7.000000000000000666e-01,4.939999999999999947e-01,0.000000000000000000e+00,2.000000000000000111e-01
1.759833908997000000e+12,7.000000000000000000e+00,2.000000000000000000e+00,0.000000000000000000e+00,0.000000000000000000e+00,2.000000000000000000e+00,-3.334172283436015460e-01,2.405858819833528450e-01,-3.208927143728999010e-01,2.401225019293659335e-01,8.820623221488528565e-02,4.316713332452531970e-01,5.000000000000000000e-01,4.939999999999999947e-01,1.548259873781919205e-01,4.292195869278621068e-01,6.039999999999999813e-01,4.939999999999999947e-01,0.000000000000000000e+00,-2.000000000000000111e-01
1.759833909203000000e+12,7.000000000000000000e+00,2.000000000000000000e+00,0.000000000000000000e+00,0.000000000000000000e+00,2.000000000000000000e+00,-3.208927143728999010e-01,2.401225019293659335e-01,-3.163573430909992767e-01,2.396597260862252388e-01,1.548259873781919205e-01,4.292195869278621068e-01,5.000000000000000000e-01,4.939999999999999947e-01,1.789503027074505759e-01,4.267710374932552897e-01,5.040000000000000036e-01,4.939999999999999947e-01,0.000000000000000000e+00,-2.000000000000000111e-01
1.759833909407000000e+12,7.000000000000000000e+00,2.000000000000000000e+00,0.000000000000000000e+00,1.000000000000000056e-01,1.000000000000000000e+00,-3.163573430909992767e-01,2.396597260862252388e-01,-3.128982411748719716e-01,2.391968419400580526e-01,1.789503027074505759e-01,4.267710374932552897e-01,5.000000000000000000e-01,4.939999999999999947e-01,1.973497809847234719e-01,4.243219150267622530e-01,5.959999999999999742e-01,4.939999999999999947e-01,2.000000000000000042e-02,2.000000000000000111e-01
1.759833909610000000e+12,7.000000000000000000e+00,2.000000000000000000e+00,0.000000000000000000e+00,1.000000000000000056e-01,1.000000000000000000e+00,-3.128982411748719716e-01,2.391968419400580526e-01,-3.008592624017193962e-01,2.407524406686001317e-01,1.973497809847234719e-01,4.243219150267622530e-01,5.000000000000000000e-01,4.939999999999999947e-01,2.613869021185137864e-01,4.325525961301594502e-01,7.000000000000000666e-01,5.460000000000000409e-01,2.000000000000000042e-02,2.000000000000000111e-01
1.759833909816000000e+12,7.000000000000000000e+00,2.000000000000000000e+00,0.000000000000000000e+00,0.000000000000000000e+00,1.000000000000000000e+00,-3.008592624017193962e-01,2.407524406686001317e-01,-2.811210248663588707e-01,2.447425327457029842e-01,2.613869021185137864e-01,4.325525961301594502e-01,5.000000000000000000e-01,5.460000000000000409e-01,3.663775273066016691e-01,4.536641944217089661e-01,8.000000000000002665e-01,5.499999999999999334e-01,0.000000000000000000e+00,2.000000000000000111e-01
1.759833910024000000e+12,7.000000000000000000e+00,2.000000000000000000e+00,0.000000000000000000e+00,-1.000000000000000056e-01,0.000000000000000000e+00,-2.811210248663588707e-01,2.447425327457029842e-01,-2.571402095916798802e-01,2.479092525787074952e-01,3.663775273066016691e-01,4.536641944217089661e-01,5.000000000000000000e-01,5.499999999999999334e-01,4.939350553634048735e-01,4.704193258132672306e-01,8.000000000000002665e-01,5.160000000000000142e-01,-2.000000000000000042e-02,0.000000000000000000e+00
1.759833910228000000e+12,7.000000000000000000e+00,2.000000000000000000e+00,0.000000000000000000e+00,0.000000000000000000e+00,0.000000000000000000e+00,-2.571402095916798802e-01,2.479092525787074952e-01,-2.321943307439950921e-01,2.483976031164502052e-01,4.939350553634048735e-01,4.704193258132672306e-01,5.000000000000000000e-01,5.160000000000000142e-01,6.266259002978984416e-01,4.730031910923291893e-01,8.000000000000002665e-01,5.040000000000000036e-01,0.000000000000000000e+00,0.000000000000000000e+00
1.759833910438000000e+12,7.000000000000000000e+00,2.000000000000000000e+00,0.000000000000000000e+00,0.000000000000000000e+00,0.000000000000000000e+00,-2.321943307439950921e-01,2.483976031164502052e-01,-2.082056245418413831e-01,2.487280228302135021e-01,6.266259002978984416e-01,4.730031910923291893e-01,5.000000000000000000e-01,5.040000000000000036e-01,7.542254013731841678e-01,4.747514435461032134e-01,8.000000000000002665e-01,5.040000000000000036e-01,0.000000000000000000e+00,0.000000000000000000e+00
1.759833910641000000e+12,7.000000000000000000e+00,2.000000000000000000e+00,0.000000000000000000e+00,0.000000000000000000e+00,1.000000000000000000e+00,-2.082056245418413831e-01,2.487280228302135021e-01,-1.804534966512342242e-01,2.490559633793028027e-01,7.542254013731841678e-01,4.747514435461032134e-01,5.999999999999999778e-01,5.040000000000000036e-01,9.018431029189668546e-01,4.764865787264699337e-01,8.999999999999998002e-01,5.040000000000000036e-01,0.000000000000000000e+00,2.000000000000000111e-01
1.759833910849000000e+12,7.000000000000000000e+00,2.000000000000000000e+00,0.000000000000000000e+00,0.000000000000000000e+00,1.000000000000000000e+00,-1.791770444202501200e-01,2.490689768864124132e-01,-1.625072737640163023e-01,2.493982199618204887e-01,9.086327424454780921e-01,4.765554332614413968e-01,5.999999999999999778e-01,5.040000000000000036e-01,9.973017352977856520e-01,4.782974601154523775e-01,5.000000000000000000e-01,5.040000000000000036e-01,0.000000000000000000e+00,2.000000000000000111e-01
1.759833911058000000e+12,7.000000000000000000e+00,2.000000000000000000e+00,0.000000000000000000e+00,0.000000000000000000e+00,0.000000000000000000e+00,-1.625072737640163023e-01,2.493982199618204887e-01,-1.625131177226928902e-01,2.497327102740982685e-01,9.973017352977856520e-01,4.782974601154523775e-01,5.000000000000000000e-01,5.040000000000000036e-01,9.972706504112081038e-01,4.800672501275041193e-01,5.000000000000000000e-01,5.040000000000000036e-01,0.000000000000000000e+00,0.000000000000000000e+00
1.759833911264000000e+12,7.000000000000000000e+00,2.000000000000000000e+00,0.000000000000000000e+00,0.000000000000000000e+00,0.000000000000000000e+00,-1.625133513180730960e-01,2.497460898369349147e-01,-1.625192207787775067e-01,2.500806196070145537e-01,9.972694078825898867e-01,4.801380414652641759e-01,3.960000000000000187e-01,5.040000000000000036e-01,9.972381873469281510e-01,4.819080402487543324e-01,5.000000000000000000e-01,5.040000000000000036e-01,0.000000000000000000e+00,0.000000000000000000e+00
1.759833911470000000e+12,7.000000000000000000e+00,2.000000000000000000e+00,0.000000000000000000e+00,0.000000000000000000e+00,2.000000000000000000e+00,-1.625192207787775067e-01,2.500806196070145537e-01,-1.662676083246717174e-01,2.504149683343041000e-01,9.972381873469281510e-01,4.819080402487543324e-01,3.960000000000000187e-01,5.040000000000000036e-01,9.772999557198313036e-01,4.836770811338841902e-01,4.000000000000000777e-01,5.040000000000000036e-01,0.000000000000000000e+00,-2.000000000000000111e-01
1.759833911678000000e+12,7.000000000000000000e+00,2.000000000000000000e+00,0.000000000000000000e+00,0.000000000000000000e+00,0.000000000000000000e+00,-1.665846611090137930e-01,2.504283307945911474e-01,-1.749096735686044291e-01,2.507623741208813151e-01,9.756135047392883175e-01,4.837477819819637759e-01,5.000000000000000000e-01,5.040000000000000036e-01,9.313315235712530393e-01,4.855152069887900823e-01,3.960000000000000187e-01,5.040000000000000036e-01,0.000000000000000000e+00,0.000000000000000000e+00
1.759833911881000000e+12,7.000000000000000000e+00,2.000000000000000000e+00,0.000000000000000000e+00,0.000000000000000000e+00,2.000000000000000000e+00,-1.749096735686044291e-01,2.507623741208813151e-01,-1.870019748279103111e-01,2.510958806275261912e-01,9.313315235712530393e-01,4.855152069887900823e-01,5.000000000000000000e-01,5.040000000000000036e-01,8.670107721919664279e-01,4.872797916800328255e-01,2.959999999999999853e-01,5.040000000000000036e-01,0.000000000000000000e+00,-2.000000000000000111e-01
1.759833912087000000e+12,7.000000000000000000e+00,2.000000000000000000e+00,0.000000000000000000e+00,0.000000000000000000e+00,2.000000000000000000e+00,-1.870019748279103111e-01,2.510958806275261912e-01,-2.070847911420420628e-01,2.514274488773546867e-01,8.670107721919664279e-01,4.872797916800328255e-01,5.999999999999999778e-01,5.040000000000000036e-01,7.601872811593507473e-01,4.890341210442047393e-01,1.959999999999997300e-01,5.040000000000000036e-01,0.000000000000000000e+00,-2.000000000000000111e-01
1.759833912293000000e+12,7.000000000000000000e+00,2.000000000000000000e+00,0.000000000000000000e+00,0.000000000000000000e+00,2.000000000000000000e+00,-2.080548054757831999e-01,2.514406578004538817e-01,-2.364522604836121755e-01,2.517694107853413743e-01,7.550276304479617284e-01,4.891040095262110809e-01,5.999999999999999778e-01,5.040000000000000036e-01,6.039773378531266834e-01,4.908434433086845683e-01,9.200000000000027600e-02,5.040000000000000036e-01,0.000000000000000000e+00,-2.000000000000000111e-01
1.759833912502000000e+12,7.000000000000000000e+00,2.000000000000000000e+00,0.000000000000000000e+00,1.000000000000000056e-01,0.000000000000000000e+00,-2.364522604836121755e-01,2.517694107853413743e-01,-2.691022302407084510e-01,2.528396017501502446e-01,6.039773378531266834e-01,4.908434433086845683e-01,4.960000000000000520e-01,5.040000000000000036e-01,4.303072859536783978e-01,4.965058293658743405e-01,9.200000000000027600e-02,5.360000000000000320e-01,2.000000000000000042e-02,0.000000000000000000e+00
1.759833912708000000e+12,7.000000000000000000e+00,2.000000000000000000e+00,0.000000000000000000e+00,0.000000000000000000e+00,1.000000000000000000e+00,-2.704084750586080999e-01,2.529535477275009492e-01,-2.993032943863003226e-01,2.568194227206775926e-01,4.233591752201696368e-01,4.971087181349256867e-01,4.960000000000000520e-01,5.379999999999999227e-01,2.696633277324450018e-01,5.175630831781883323e-01,1.919999999999997264e-01,5.499999999999999334e-01,0.000000000000000000e+00,2.000000000000000111e-01
1.759833912915000000e+12,7.000000000000000000e+00,2.000000000000000000e+00,0.000000000000000000e+00,0.000000000000000000e+00,1.000000000000000000e+00,-2.993032943863003226e-01,2.568194227206775926e-01,-3.202072354260595555e-01,2.608356292261762577e-01,2.696633277324450018e-01,5.175630831781883323e-01,3.960000000000000187e-01,5.499999999999999334e-01,1.584721519890448238e-01,5.388128530485516432e-01,2.919999999999999818e-01,5.499999999999999334e-01,0.000000000000000000e+00,2.000000000000000111e-01
1.759833913125000000e+12,7.000000000000000000e+00,2.000000000000000000e+00,0.000000000000000000e+00,-1.000000000000000056e-01,0.000000000000000000e+00,-3.208770184200013809e-01,2.609963570282408107e-01,-3.372270676136533418e-01,2.641706965650088001e-01,1.549094764893542697e-01,5.396632646996868399e-01,5.000000000000000000e-01,5.499999999999999334e-01,6.794112971460977701e-02,5.564587119841736262e-01,2.959999999999999853e-01,5.160000000000000142e-01,-2.000000000000000042e-02,0.000000000000000000e+00
1.759833913331000000e+12,7.000000000000000000e+00,2.000000000000000000e+00,0.000000000000000000e+00,0.000000000000000000e+00,0.000000000000000000e+00,-3.372270676136533418e-01,2.641706965650088001e-01,-3.499065182242886984e-01,2.640724128070460752e-01,6.794112971460977701e-02,5.564587119841736262e-01,5.000000000000000000e-01,5.160000000000000142e-01,4.972434878259540799e-04,5.559386921007729576e-01,5.000000000000000000e-01,4.919999999999999929e-01,0.000000000000000000e+00,0.000000000000000000e+00
1.759833913536000000e+12,7.000000000000000000e+00,2.000000000000000000e+00,0.000000000000000000e+00,0.000000000000000000e+00,1.000000000000000000e+00,-3.499078771430200741e-01,2.640477420176045031e-01,-3.461749363831859161e-01,2.634306402843733519e-01,4.900151967016157196e-04,5.558081588233043657e-01,5.000000000000000000e-01,4.919999999999999929e-01,2.034608306815990572e-02,5.525430702876897859e-01,5.999999999999999778e-01,4.919999999999999929e-01,0.000000000000000000e+00,2.000000000000000111e-01
1.759833913740000000e+12,7.000000000000000000e+00,2.000000000000000000e+00,0.000000000000000000e+00,0.000000000000000000e+00,0.000000000000000000e+00,-3.461749363831859161e-01,2.634306402843733519e-01,-3.382079450899224682e-01,2.628125269146741605e-01,2.034608306815990572e-02,5.525430702876897859e-01,5.999999999999999778e-01,4.919999999999999929e-01,6.272369633019952984e-02,5.492726291781702130e-01,5.999999999999999778e-01,4.919999999999999929e-01,0.000000000000000000e+00,0.000000000000000000e+00
1.759833913947000000e+12,7.000000000000000000e+00,2.000000000000000000e+00,0.000000000000000000e+00,0.000000000000000000e+00,0.000000000000000000e+00,-3.378891646588566555e-01,2.627877914781815982e-01,-3.302373699498244441e-01,2.621937586979413148e-01,6.441933692097512321e-02,5.491417538528127196e-01,6.039999999999999813e-01,4.919999999999999929e-01,1.051203726073166866e-01,5.459987232695308057e-01,5.999999999999999778e-01,4.919999999999999929e-01,0.000000000000000000e+00,0.000000000000000000e+00
1.759833914155000000e+12,7.000000000000000000e+00,2.000000000000000000e+00,0.000000000000000000e+00,-1.000000000000000056e-01,1.000000000000000000e+00,-3.299185119079025563e-01,2.621689975409044471e-01,-3.181899632096271691e-01,2.601071904977198535e-01,1.068164260217948081e-01,5.458677118566372943e-01,6.039999999999999813e-01,4.919999999999999929e-01,1.692023233530468851e-01,5.349586798821156508e-01,7.000000000000000666e-01,4.480000000000000648e-01,-2.000000000000000042e-02,2.000000000000000111e-01
1.759833914361000000e+12,7.000000000000000000e+00,2.000000000000000000e+00,0.000000000000000000e+00,0.000000000000000000e+00,0.000000000000000000e+00,-3.181899632096271691e-01,2.601071904977198535e-01,-3.022156484660342701e-01,2.552695914281153389e-01,1.692023233530468851e-01,5.349586798821156508e-01,5.040000000000000036e-01,4.480000000000000648e-01,2.541720826274772027e-01,5.093629176090759270e-01,7.000000000000000666e-01,4.380000000000000560e-01,0.000000000000000000e+00,0.000000000000000000e+00
1.759833914573000000e+12,7.000000000000000000e+00,2.000000000000000000e+00,0.000000000000000000e+00,0.000000000000000000e+00,2.000000000000000000e+00,-3.015764790265362816e-01,2.550718658614171130e-01,-2.893673339532828459e-01,2.501289115614925840e-01,2.575719200716154456e-01,5.083167505895086480e-01,5.040000000000000036e-01,4.380000000000000560e-01,3.225141810995592606e-01,4.821635532354105469e-01,5.999999999999999778e-01,4.380000000000000560e-01,0.000000000000000000e+00,-2.000000000000000111e-01
1.759833914776000000e+12,7.000000000000000000e+00,2.000000000000000000e+00,0.000000000000000000e+00,1.000000000000000056e-01,0.000000000000000000e+00,-2.893673339532828459e-01,2.501289115614925840e-01,-2.813819815225637733e-01,2.455224053354798930e-01,3.225141810995592606e-01,4.821635532354105469e-01,5.040000000000000036e-01,4.380000000000000560e-01,3.649894599863628408e-01,4.577905044205285989e-01,5.999999999999999778e-01,4.599999999999999645e-01,2.000000000000000042e-02,0.000000000000000000e+00
1.759833914985000000e+12,7.000000000000000000e+00,2.000000000000000000e+00,0.000000000000000000e+00,0.000000000000000000e+00,2.000000000000000000e+00,-2.813819815225637733e-01,2.455224053354798930e-01,-2.768314554836562857e-01,2.438440583895194191e-01,3.649894599863628408e-01,4.577905044205285989e-01,4.040000000000000258e-01,4.599999999999999645e-01,3.891943857252324612e-01,4.489103618493091585e-01,5.000000000000000000e-01,4.879999999999999893e-01,0.000000000000000000e+00,-2.000000000000000111e-01
1.759833915190000000e+12,7.000000000000000000e+00,2.000000000000000000e+00,0.000000000000000000e+00,0.000000000000000000e+00,2.000000000000000000e+00,-2.768314554836562857e-01,2.438440583895194191e-01,-2.806097025752482543e-01,2.429000824808924264e-01,3.891943857252324612e-01,4.489103618493091585e-01,4.040000000000000258e-01,4.879999999999999893e-01,3.690973267274028635e-01,4.439157803221822074e-01,4.000000000000000777e-01,4.879999999999999893e-01,0.000000000000000000e+00,-2.000000000000000111e-01
1.759833915396000000e+12,7.000000000000000000e+00,2.000000000000000000e+00,0.000000000000000000e+00,0.000000000000000000e+00,1.000000000000000000e+00,-2.806097025752482543e-01,2.429000824808924264e-01,-2.848654068316084920e-01,2.419561370735021089e-01,3.690973267274028635e-01,4.439157803221822074e-01,4.040000000000000258e-01,4.879999999999999893e-01,3.464606019595292130e-01,4.389213601772598561e-01,5.000000000000000000e-01,4.879999999999999893e-01,0.000000000000000000e+00,2.000000000000000111e-01
1.759833915603000000e+12,7.000000000000000000e+00,2.000000000000000000e+00,0.000000000000000000e+00,0.000000000000000000e+00,0.000000000000000000e+00,-2.848693032959285221e-01,2.419183855000486827e-01,-2.845698781222826268e-01,2.409745577935132055e-01,3.464398760854865422e-01,4.387216164023740039e-01,5.000000000000000000e-01,4.879999999999999893e-01,3.480325631793476648e-01,4.337278190132974331e-01,5.040000000000000036e-01,4.879999999999999893e-01,0.000000000000000000e+00,0.000000000000000000e+00
1.759833915809000000e+12,7.000000000000000000e+00,2.000000000000000000e+00,0.000000000000000000e+00,0.000000000000000000e+00,1.000000000000000000e+00,-2.845698781222826268e-01,2.409745577935132055e-01,-2.805020901852494086e-01,2.400303991692931682e-01,3.480325631793476648e-01,4.337278190132974331e-01,5.000000000000000000e-01,4.879999999999999893e-01,3.696697330571839246e-01,4.287322707370009311e-01,6.039999999999999813e-01,4.879999999999999893e-01,0.000000000000000000e+00,2.000000000000000111e-01
1.759833916016000000e+12,7.000000000000000000e+00,2.000000000000000000e+00,0.000000000000000000e+00,0.000000000000000000e+00,1.000000000000000000e+00,-2.805020901852494086e-01,2.400303991692931682e-01,-2.677919821211689477e-01,2.390469770064342636e-01,3.696697330571839246e-01,4.287322707370009311e-01,5.000000000000000000e-01,4.879999999999999893e-01,4.372766908448459944e-01,4.235289788700226099e-01,7.039999999999999591e-01,4.879999999999999893e-01,0.000000000000000000e+00,2.000000000000000111e-01
1.759833916221000000e+12,7.000000000000000000e+00,2.000000000000000000e+00,0.000000000000000000e+00,1.000000000000000056e-01,2.000000000000000000e+00,-2.677919821211689477e-01,2.390469770064342636e-01,-2.549338076469204739e-01,2.395454783174408020e-01,4.372766908448459944e-01,4.235289788700226099e-01,5.000000000000000000e-01,4.879999999999999893e-01,5.056712359206357865e-01,4.261665519441312777e-01,6.079999999999999849e-01,5.320000000000000284e-01,2.000000000000000042e-02,-2.000000000000000111e-01
0.000000000000000000e+00,0.000000000000000000e+00,0.000000000000000000e+00,0.000000000000000000e+00,0.000000000000000000e+00,0.000000000000000000e+00,0.000000000000000000e+00,0.000000000000000000e+00,0.000000000000000000e+00,0.000000000000000000e+00,0.000000000000000000e+00,0.000000000000000000e+00,0.000000000000000000e+00,0.000000000000000000e+00,0.000000000000000000e+00,0.000000000000000000e+00,0.000000000000000000e+00,0.000000000000000000e+00,0.000000000000000000e+00,0.000000000000000000e+00
1.759833922222000000e+12,8.000000000000000000e+00,2.000000000000000000e+00,1.000000000000000000e+00,0.000000000000000000e+00,0.000000000000000000e+00,-2.533188146518352002e-01,2.401155628955755073e-01,-3.258753143726153545e-01,3.246114437990971768e-01,5.142616241923658738e-01,4.291828724633625081e-01,5.000000000000000000e-01,5.420000000000000373e-01,1.283227958903437604e-01,8.762510253920486880e-01,5.879999999999999671e-01,5.420000000000000373e-01,0.000000000000000000e+00,0.000000000000000000e+00
1.759833922429000000e+12,8.000000000000000000e+00,2.000000000000000000e+00,1.000000000000000000e+00,-1.000000000000000056e-01,2.000000000000000000e+00,-3.258753143726153545e-01,3.246114437990971768e-01,-3.226379700024675223e-01,3.279740813984899916e-01,1.283227958903437604e-01,8.762510253920486880e-01,4.000000000000000777e-01,5.420000000000000373e-01,1.455427127528322317e-01,8.940427587221694283e-01,4.879999999999999893e-01,5.340000000000000302e-01,-2.000000000000000042e-02,-2.000000000000000111e-01
1.759833922637000000e+12,8.000000000000000000e+00,2.000000000000000000e+00,1.000000000000000000e+00,-1.000000000000000056e-01,2.000000000000000000e+00,-3.226379700024675223e-01,3.279740813984899916e-01,-3.273997621483344389e-01,3.288509563620965470e-01,1.455427127528322317e-01,8.940427587221694283e-01,2.999999999999999889e-01,5.340000000000000302e-01,1.202140311258805411e-01,8.986823087941617771e-01,3.880000000000000671e-01,4.839999999999999858e-01,-2.000000000000000042e-02,-2.000000000000000111e-01
1.759833922841000000e+12,8.000000000000000000e+00,2.000000000000000000e+00,1.000000000000000000e+00,-1.000000000000000056e-01,1.000000000000000000e+00,-3.277582666975780712e-01,3.288020280838407916e-01,-3.333092023927367031e-01,3.255163207718654306e-01,1.183070920341590948e-01,8.984234290150308055e-01,1.959999999999997300e-01,4.839999999999999858e-01,8.878083833650679546e-02,8.810387342426743151e-01,4.840000000000000413e-01,4.319999999999999951e-01,-2.000000000000000042e-02,2.000000000000000111e-01
1.759833923052000000e+12,8.000000000000000000e+00,2.000000000000000000e+00,1.000000000000000000e+00,-1.000000000000000056e-01,1.000000000000000000e+00,-3.333092023927367031e-01,3.255163207718654306e-01,-3.308720347957759267e-01,3.182325361596805569e-01,8.878083833650679546e-02,8.810387342426743151e-01,1.959999999999997300e-01,4.319999999999999951e-01,1.017444957671492234e-01,8.425001913210612425e-01,5.840000000000000746e-01,3.819999999999999507e-01,-2.000000000000000042e-02,2.000000000000000111e-01
1.759833923261000000e+12,8.000000000000000000e+00,2.000000000000000000e+00,1.000000000000000000e+00,0.000000000000000000e+00,0.000000000000000000e+00,-3.308720347957759267e-01,3.182325361596805569e-01,-3.236068145697250653e-01,3.081385696307545885e-01,1.017444957671492234e-01,8.425001913210612425e-01,9.600000000000025180e-02,3.819999999999999507e-01,1.403892842035899813e-01,7.890929610092836111e-01,5.879999999999999671e-01,3.780000000000000027e-01,0.000000000000000000e+00,0.000000000000000000e+00
1.759833923467000000e+12,8.000000000000000000e+00,2.000000000000000000e+00,1.000000000000000000e+00,0.000000000000000000e+00,2.000000000000000000e+00,-3.236068145697250653e-01,3.081385696307545885e-01,-3.203598503211564918e-01,2.984076038589366098e-01,1.403892842035899813e-01,7.890929610092836111e-01,9.600000000000025180e-02,3.780000000000000027e-01,1.576603706321462184e-01,7.376063696240032774e-01,4.879999999999999893e-01,3.780000000000000027e-01,0.000000000000000000e+00,-2.000000000000000111e-01
1.759833923674000000e+12,8.000000000000000000e+00,2.000000000000000000e+00,1.000000000000000000e+00,0.000000000000000000e+00,1.000000000000000000e+00,-3.203598503211564918e-01,2.984076038589366098e-01,-3.179488962994290180e-01,2.882851913313537739e-01,1.576603706321462184e-01,7.376063696240032774e-01,1.959999999999997300e-01,3.780000000000000027e-01,1.704845941519732289e-01,6.840486313828242348e-01,5.800000000000000711e-01,3.780000000000000027e-01,0.000000000000000000e+00,2.000000000000000111e-01
1.759833923880000000e+12,8.000000000000000000e+00,2.000000000000000000e+00,1.000000000000000000e+00,0.000000000000000000e+00,0.000000000000000000e+00,-3.179488962994290180e-01,2.882851913313537739e-01,-3.112598498114426127e-01,2.785494324540181976e-01,1.704845941519732289e-01,6.840486313828242348e-01,5.000000000000000000e-01,3.780000000000000027e-01,2.060646286625392176e-01,6.325366796508899991e-01,5.840000000000000746e-01,3.780000000000000027e-01,0.000000000000000000e+00,0.000000000000000000e+00
1.759833924089000000e+12,8.000000000000000000e+00,2.000000000000000000e+00,1.000000000000000000e+00,1.000000000000000056e-01,1.000000000000000000e+00,-3.112598498114426127e-01,2.785494324540181976e-01,-3.007996488655090839e-01,2.692942292814850536e-01,2.060646286625392176e-01,6.325366796508899991e-01,6.039999999999999813e-01,3.780000000000000027e-01,2.617039953962281840e-01,5.835673506956882139e-01,6.839999999999999414e-01,4.040000000000000258e-01,2.000000000000000042e-02,2.000000000000000111e-01
1.759833924295000000e+12,8.000000000000000000e+00,2.000000000000000000e+00,1.000000000000000000e+00,0.000000000000000000e+00,1.000000000000000000e+00,-3.002133750420994396e-01,2.689870223846829167e-01,-2.814412188100304801e-01,2.633566680326336340e-01,2.648224731803220378e-01,5.819419173792748090e-01,5.040000000000000036e-01,4.040000000000000258e-01,3.646743680317526826e-01,5.521516827123473803e-01,7.880000000000001448e-01,4.520000000000000129e-01,0.000000000000000000e+00,2.000000000000000111e-01
1.759833924502000000e+12,8.000000000000000000e+00,2.000000000000000000e+00,1.000000000000000000e+00,0.000000000000000000e+00,0.000000000000000000e+00,-2.814412188100304801e-01,2.633566680326336340e-01,-2.584226934792930308e-01,2.595314121122535012e-01,3.646743680317526826e-01,5.521516827123473803e-01,6.079999999999999849e-01,4.520000000000000129e-01,4.871133325569519390e-01,5.319122333981667339e-01,7.880000000000001448e-01,4.520000000000000129e-01,0.000000000000000000e+00,0.000000000000000000e+00
1.759833924713000000e+12,8.000000000000000000e+00,2.000000000000000000e+00,1.000000000000000000e+00,0.000000000000000000e+00,2.000000000000000000e+00,-2.575017614451693970e-01,2.593783751367980672e-01,-2.382353833068364679e-01,2.555530841609955361e-01,4.920119072065456955e-01,5.311025139513125826e-01,7.079999999999999627e-01,4.520000000000000129e-01,5.944926419849123622e-01,5.108628791587066509e-01,6.879999999999999449e-01,4.520000000000000129e-01,0.000000000000000000e+00,-2.000000000000000111e-01
1.759833924919000000e+12,8.000000000000000000e+00,2.000000000000000000e+00,1.000000000000000000e+00,0.000000000000000000e+00,2.000000000000000000e+00,-2.382353833068364679e-01,2.555530841609955361e-01,-2.269699215091968147e-01,2.517288446340211761e-01,5.944926419849123622e-01,5.108628791587066509e-01,8.080000000000003846e-01,4.520000000000000129e-01,6.544153111212934748e-01,4.906288075874136734e-01,5.879999999999999671e-01,4.520000000000000129e-01,0.000000000000000000e+00,-2.000000000000000111e-01
1.759833925127000000e+12,8.000000000000000000e+00,2.000000000000000000e+00,1.000000000000000000e+00,0.000000000000000000e+00,0.000000000000000000e+00,-2.266856062722115150e-01,2.515758878387119868e-01,-2.199739249468747049e-01,2.477516636425248775e-01,6.559276262116408018e-01,4.898195123741375667e-01,8.120000000000002771e-01,4.520000000000000129e-01,6.916280587932196466e-01,4.695855219181210849e-01,5.840000000000000746e-01,4.520000000000000129e-01,0.000000000000000000e+00,0.000000000000000000e+00
1.759833925337000000e+12,8.000000000000000000e+00,2.000000000000000000e+00,1.000000000000000000e+00,0.000000000000000000e+00,2.000000000000000000e+00,-2.197055633077245884e-01,2.475986815259548501e-01,-2.167432407712002740e-01,2.437741012474946012e-01,6.930555143206138524e-01,4.687760927299198799e-01,8.120000000000002771e-01,4.520000000000000129e-01,7.088125490893601999e-01,4.485402182407122185e-01,4.840000000000000413e-01,4.520000000000000129e-01,0.000000000000000000e+00,-2.000000000000000111e-01
1.759833925548000000e+12,8.000000000000000000e+00,2.000000000000000000e+00,1.000000000000000000e+00,1.000000000000000056e-01,1.000000000000000000e+00,-2.167432407712002740e-01,2.437741012474946012e-01,-2.142620884891028865e-01,2.406930725650790193e-01,7.088125490893601999e-01,4.485402182407122185e-01,8.120000000000002771e-01,4.520000000000000129e-01,7.220101676111548850e-01,4.322384791803123294e-01,5.840000000000000746e-01,4.839999999999999858e-01,2.000000000000000042e-02,2.000000000000000111e-01
1.759833925756000000e+12,8.000000000000000000e+00,2.000000000000000000e+00,1.000000000000000000e+00,0.000000000000000000e+00,1.000000000000000000e+00,-2.139968854305410728e-01,2.406408518119624029e-01,-2.032063358314206702e-01,2.414096421574106754e-01,7.234208221779729886e-01,4.319621788992720202e-01,8.120000000000002771e-01,4.860000000000000431e-01,7.808173625988261701e-01,4.360298526847126155e-01,6.879999999999999449e-01,5.320000000000000284e-01,0.000000000000000000e+00,2.000000000000000111e-01
1.759833925961000000e+12,8.000000000000000000e+00,2.000000000000000000e+00,1.000000000000000000e+00,0.000000000000000000e+00,0.000000000000000000e+00,-2.032063358314206702e-01,2.414096421574106754e-01,-1.881778165380250112e-01,2.439821237592381675e-01,7.808173625988261701e-01,4.360298526847126155e-01,8.120000000000002771e-01,5.320000000000000284e-01,8.607562950105052124e-01,4.496408664509956576e-01,6.879999999999999449e-01,5.320000000000000284e-01,0.000000000000000000e+00,0.000000000000000000e+00
1.759833926171000000e+12,8.000000000000000000e+00,2.000000000000000000e+00,1.000000000000000000e+00,0.000000000000000000e+00,2.000000000000000000e+00,-1.881778165380250112e-01,2.439821237592381675e-01,-1.763132606761705357e-01,2.466583784533837587e-01,8.607562950105052124e-01,4.496408664509956576e-01,5.000000000000000000e-01,5.320000000000000284e-01,9.238656347012205172e-01,4.638009441977977154e-01,5.879999999999999671e-01,5.320000000000000284e-01,0.000000000000000000e+00,-2.000000000000000111e-01
1.759833926380000000e+12,8.000000000000000000e+00,2.000000000000000000e+00,1.000000000000000000e+00,0.000000000000000000e+00,0.000000000000000000e+00,-1.763132606761705357e-01,2.466583784533837587e-01,-1.693121061506909775e-01,2.493356652449157662e-01,9.238656347012205172e-01,4.638009441977977154e-01,5.000000000000000000e-01,5.320000000000000284e-01,9.611058183473883965e-01,4.779664827773321689e-01,5.840000000000000746e-01,5.320000000000000284e-01,0.000000000000000000e+00,0.000000000000000000e+00
1.759833926589000000e+12,8.000000000000000000e+00,2.000000000000000000e+00,1.000000000000000000e+00,0.000000000000000000e+00,0.000000000000000000e+00,-1.693121061506909775e-01,2.493356652449157662e-01,-1.625983300900672446e-01,2.519101466306217785e-01,9.611058183473883965e-01,4.779664827773321689e-01,5.000000000000000000e-01,5.320000000000000284e-01,9.968173931379402664e-01,4.915880774106973217e-01,5.840000000000000746e-01,5.320000000000000284e-01,0.000000000000000000e+00,0.000000000000000000e+00
1.759833926796000000e+12,8.000000000000000000e+00,2.000000000000000000e+00,1.000000000000000000e+00,0.000000000000000000e+00,1.000000000000000000e+00,-1.625983300900672446e-01,2.519101466306217785e-01,-1.622687980486165471e-01,2.545882822085021591e-01,9.968173931379402664e-01,4.915880774106973217e-01,5.000000000000000000e-01,5.320000000000000284e-01,9.985702231456566880e-01,5.057581069232919280e-01,5.000000000000000000e-01,5.320000000000000284e-01,0.000000000000000000e+00,2.000000000000000111e-01
1.759833927006000000e+12,8.000000000000000000e+00,2.000000000000000000e+00,1.000000000000000000e+00,-1.000000000000000056e-01,1.000000000000000000e+00,-1.622687980486165471e-01,2.545882822085021591e-01,-1.622752109851561819e-01,2.571301343179568932e-01,9.985702231456566880e-01,5.057581069232919280e-01,4.000000000000000777e-01,5.320000000000000284e-01,9.985361117810841458e-01,5.192070598833699036e-01,5.000000000000000000e-01,5.240000000000000213e-01,-2.000000000000000042e-02,2.000000000000000111e-01
1.759833927210000000e+12,8.000000000000000000e+00,2.000000000000000000e+00,1.000000000000000000e+00,-1.000000000000000056e-01,0.000000000000000000e+00,-1.622752109851561819e-01,2.571301343179568932e-01,-1.622820658545678918e-01,2.571031846749038952e-01,9.985361117810841458e-01,5.192070598833699036e-01,2.959999999999999853e-01,5.240000000000000213e-01,9.984996497097452517e-01,5.190644691793857568e-01,5.000000000000000000e-01,4.740000000000000324e-01,-2.000000000000000042e-02,0.000000000000000000e+00
1.759833927417000000e+12,8.000000000000000000e+00,2.000000000000000000e+00,1.000000000000000000e+00,0.000000000000000000e+00,2.000000000000000000e+00,-1.622820658545678918e-01,2.571031846749038952e-01,-1.660484344999365591e-01,2.541888427468481093e-01,9.984996497097452517e-01,5.190644691793857568e-01,3.960000000000000187e-01,4.719999999999999751e-01,9.784657739365076878e-01,5.036446706182440280e-01,4.000000000000000777e-01,4.619999999999999662e-01,0.000000000000000000e+00,-2.000000000000000111e-01
1.759833927632000000e+12,8.000000000000000000e+00,2.000000000000000000e+00,1.000000000000000000e+00,0.000000000000000000e+00,0.000000000000000000e+00,-1.663670896591390447e-01,2.540678301690678653e-01,-1.746905173905335951e-01,2.510423770716991299e-01,9.767707996854306796e-01,5.030043924289305801e-01,2.999999999999999889e-01,4.619999999999999662e-01,9.324972479226936173e-01,4.869967040830642246e-01,3.960000000000000187e-01,4.619999999999999662e-01,0.000000000000000000e+00,0.000000000000000000e+00
1.759833927838000000e+12,8.000000000000000000e+00,2.000000000000000000e+00,1.000000000000000000e+00,0.000000000000000000e+00,2.000000000000000000e+00,-1.746905173905335951e-01,2.510423770716991299e-01,-1.871124301082942032e-01,2.478949386198716076e-01,9.324972479226936173e-01,4.869967040830642246e-01,2.999999999999999889e-01,4.619999999999999662e-01,8.664232441048180799e-01,4.703435905813312945e-01,2.959999999999999853e-01,4.619999999999999662e-01,0.000000000000000000e+00,-2.000000000000000111e-01
1.759833928051000000e+12,8.000000000000000000e+00,2.000000000000000000e+00,1.000000000000000000e+00,0.000000000000000000e+00,0.000000000000000000e+00,-1.871124301082942032e-01,2.478949386198716076e-01,-2.037336368121694385e-01,2.448673012977194419e-01,8.664232441048180799e-01,4.703435905813312945e-01,3.999999999999999667e-01,4.619999999999999662e-01,7.780125701480349321e-01,4.543243454905790957e-01,2.919999999999999818e-01,4.619999999999999662e-01,0.000000000000000000e+00,0.000000000000000000e+00
1.759833928258000000e+12,8.000000000000000000e+00,2.000000000000000000e+00,1.000000000000000000e+00,1.000000000000000056e-01,2.000000000000000000e+00,-2.043996008747010484e-01,2.447461967232327229e-01,-2.248097051621213149e-01,2.421989396939061567e-01,7.744702081132922578e-01,4.536835805462049453e-01,3.039999999999999925e-01,4.619999999999999662e-01,6.659058236057376901e-01,4.402060301264876241e-01,1.919999999999997264e-01,4.879999999999999893e-01,2.000000000000000042e-02,-2.000000000000000111e-01
1.759833928462000000e+12,8.000000000000000000e+00,2.000000000000000000e+00,1.000000000000000000e+00,0.000000000000000000e+00,1.000000000000000000e+00,-2.248097051621213149e-01,2.421989396939061567e-01,-2.457005933513553009e-01,2.429594272252730280e-01,6.659058236057376901e-01,4.402060301264876241e-01,4.040000000000000258e-01,4.879999999999999893e-01,5.547840779183228488e-01,4.442297736786933182e-01,2.919999999999999818e-01,5.220000000000000195e-01,0.000000000000000000e+00,2.000000000000000111e-01
1.759833928668000000e+12,8.000000000000000000e+00,2.000000000000000000e+00,1.000000000000000000e+00,0.000000000000000000e+00,2.000000000000000000e+00,-2.457005933513553009e-01,2.429594272252730280e-01,-2.661199787447096621e-01,2.447321479869698224e-01,5.547840779183228488e-01,4.442297736786933182e-01,2.999999999999999889e-01,5.220000000000000195e-01,4.461703258260124039e-01,4.536092486083059816e-01,1.919999999999997264e-01,5.220000000000000195e-01,0.000000000000000000e+00,-2.000000000000000111e-01
1.759833928876000000e+12,8.000000000000000000e+00,2.000000000000000000e+00,1.000000000000000000e+00,0.000000000000000000e+00,0.000000000000000000e+00,-2.671030133355529190e-01,2.448030154172453898e-01,-2.920788770481707597e-01,2.465751399611579575e-01,4.409414184279099591e-01,4.539842085568539520e-01,1.999999999999997613e-01,5.220000000000000195e-01,3.080910795310065065e-01,4.633605288950157219e-01,1.879999999999997229e-01,5.220000000000000195e-01,0.000000000000000000e+00,0.000000000000000000e+00
1.759833929081000000e+12,8.000000000000000000e+00,2.000000000000000000e+00,1.000000000000000000e+00,0.000000000000000000e+00,0.000000000000000000e+00,-2.920788770481707597e-01,2.465751399611579575e-01,-3.170596360027703731e-01,2.483484100850750498e-01,3.080910795310065065e-01,4.633605288950157219e-01,2.959999999999999853e-01,5.220000000000000195e-01,1.752147021129234483e-01,4.727429105030426237e-01,1.879999999999997229e-01,5.220000000000000195e-01,0.000000000000000000e+00,0.000000000000000000e+00
1.759833929289000000e+12,8.000000000000000000e+00,2.000000000000000000e+00,1.000000000000000000e+00,0.000000000000000000e+00,0.000000000000000000e+00,-3.170596360027703731e-01,2.483484100850750498e-01,-3.420441429010889767e-01,2.501229033748002539e-01,1.752147021129234483e-01,4.727429105030426237e-01,1.919999999999997264e-01,5.220000000000000195e-01,4.231838882399469037e-02,4.821317638878320766e-01,1.879999999999997229e-01,5.220000000000000195e-01,0.000000000000000000e+00,0.000000000000000000e+00
1.759833929491000000e+12,8.000000000000000000e+00,2.000000000000000000e+00,1.000000000000000000e+00,0.000000000000000000e+00,0.000000000000000000e+00,-3.420441429010889767e-01,2.501229033748002539e-01,-3.493130087988479127e-01,2.519021955360009613e-01,4.231838882399469037e-02,4.821317638878320766e-01,9.200000000000027600e-02,5.220000000000000195e-01,3.654208516766304597e-03,4.915460081269892867e-01,5.000000000000000000e-01,5.220000000000000195e-01,0.000000000000000000e+00,0.000000000000000000e+00
1.759833929697000000e+12,8.000000000000000000e+00,2.000000000000000000e+00,1.000000000000000000e+00,-1.000000000000000056e-01,2.000000000000000000e+00,-3.493142832169524592e-01,2.519734352169402669e-01,-3.493463134998084918e-01,2.524433497519324998e-01,3.647429697061269592e-03,4.919229376557686662e-01,5.000000000000000000e-01,5.220000000000000195e-01,3.477055852082372705e-03,4.944092579467328497e-01,5.000000000000000000e-01,4.799999999999999822e-01,-2.000000000000000042e-02,-2.000000000000000111e-01
1.759833929902000000e+12,8.000000000000000000e+00,2.000000000000000000e+00,1.000000000000000000e+00,0.000000000000000000e+00,1.000000000000000000e+00,-3.493463134998084918e-01,2.524433497519324998e-01,-3.456286443239975359e-01,2.493248229894807766e-01,3.477055852082372705e-03,4.944092579467328497e-01,5.000000000000000000e-01,4.799999999999999822e-01,2.325189189363001396e-02,4.779091163464591618e-01,5.999999999999999778e-01,4.520000000000000129e-01,0.000000000000000000e+00,2.000000000000000111e-01
1.759833930111000000e+12,8.000000000000000000e+00,2.000000000000000000e+00,1.000000000000000000e+00,0.000000000000000000e+00,1.000000000000000000e+00,-3.456286443239975359e-01,2.493248229894807766e-01,-3.332559969114793352e-01,2.453506384676254759e-01,2.325189189363001396e-02,4.779091163464591618e-01,5.000000000000000000e-01,4.520000000000000129e-01,8.906384621553534164e-02,4.568816850138914809e-01,7.039999999999999591e-01,4.520000000000000129e-01,0.000000000000000000e+00,2.000000000000000111e-01
1.759833930315000000e+12,8.000000000000000000e+00,2.000000000000000000e+00,1.000000000000000000e+00,1.000000000000000056e-01,0.000000000000000000e+00,-3.332559969114793352e-01,2.453506384676254759e-01,-3.169614776491626040e-01,2.415431661530210994e-01,8.906384621553534164e-02,4.568816850138914809e-01,6.039999999999999813e-01,4.520000000000000129e-01,1.757368210150924426e-01,4.367363288519635622e-01,7.039999999999999591e-01,4.579999999999999627e-01,2.000000000000000042e-02,0.000000000000000000e+00
1.759833930520000000e+12,8.000000000000000000e+00,2.000000000000000000e+00,1.000000000000000000e+00,1.000000000000000056e-01,1.000000000000000000e+00,-3.169614776491626040e-01,2.415431661530210994e-01,-2.969021847300511996e-01,2.400765042941375438e-01,1.757368210150924426e-01,4.367363288519635622e-01,5.040000000000000036e-01,4.579999999999999627e-01,2.824351876061105826e-01,4.289762131964949821e-01,8.040000000000002700e-01,5.080000000000000071e-01,2.000000000000000042e-02,2.000000000000000111e-01
1.759833930727000000e+12,8.000000000000000000e+00,2.000000000000000000e+00,1.000000000000000000e+00,0.000000000000000000e+00,1.000000000000000000e+00,-2.959333483029182865e-01,2.401009887738309867e-01,-2.675521398998284006e-01,2.414786740418297661e-01,2.875885728568175481e-01,4.291057607081005254e-01,5.000000000000000000e-01,5.100000000000000089e-01,4.385524473413382474e-01,4.363951007504220936e-01,9.079999999999996962e-01,5.180000000000000160e-01,0.000000000000000000e+00,2.000000000000000111e-01
1.759833930936000000e+12,8.000000000000000000e+00,2.000000000000000000e+00,1.000000000000000000e+00,0.000000000000000000e+00,2.000000000000000000e+00,-2.675521398998284006e-01,2.414786740418297661e-01,-2.386861565128730600e-01,2.429271668343085111e-01,4.385524473413382474e-01,4.363951007504220936e-01,5.999999999999999778e-01,5.180000000000000160e-01,5.920949121655687541e-01,4.440590837794101686e-01,8.080000000000003846e-01,5.180000000000000160e-01,0.000000000000000000e+00,-2.000000000000000111e-01
1.759833931144000000e+12,8.000000000000000000e+00,2.000000000000000000e+00,1.000000000000000000e+00,0.000000000000000000e+00,1.000000000000000000e+00,-2.376978601285038017e-01,2.429851686218921780e-01,-2.096325780198577404e-01,2.444332403989558922e-01,5.973518078271073950e-01,4.443659715444031044e-01,7.000000000000000666e-01,5.180000000000000160e-01,7.466352232986290804e-01,4.520277269786026619e-01,9.039999999999998037e-01,5.180000000000000160e-01,0.000000000000000000e+00,2.000000000000000111e-01
1.759833931348000000e+12,8.000000000000000000e+00,2.000000000000000000e+00,1.000000000000000000e+00,0.000000000000000000e+00,1.000000000000000000e+00,-2.096325780198577404e-01,2.444332403989558922e-01,-1.735669756456157120e-01,2.458757901600969187e-01,7.466352232986290804e-01,4.520277269786026619e-01,5.000000000000000000e-01,5.180000000000000160e-01,9.384735337999164928e-01,4.596602653973382302e-01,1.000000007450580597e+00,5.180000000000000160e-01,0.000000000000000000e+00,2.000000000000000111e-01
1.759833931554000000e+12,8.000000000000000000e+00,2.000000000000000000e+00,1.000000000000000000e+00,0.000000000000000000e+00,2.000000000000000000e+00,-1.735669756456157120e-01,2.458757901600969187e-01,-1.644840669286148360e-01,2.473840016719830448e-01,9.384735337999164928e-01,4.596602653973382302e-01,5.000000000000000000e-01,5.180000000000000160e-01,9.867868780392827777e-01,4.676402204866828560e-01,4.279999999999999361e-01,5.180000000000000160e-01,0.000000000000000000e+00,-2.000000000000000111e-01
1.759833931761000000e+12,8.000000000000000000e+00,2.000000000000000000e+00,1.000000000000000000e+00,0.000000000000000000e+00,2.000000000000000000e+00,-1.644840669286148360e-01,2.473840016719830448e-01,-1.743322126248329496e-01,2.488375836003892672e-01,9.867868780392827777e-01,4.676402204866828560e-01,5.000000000000000000e-01,5.180000000000000160e-01,9.344031243359949279e-01,4.753311301607898165e-01,3.240000000000001212e-01,5.180000000000000160e-01,0.000000000000000000e+00,-2.000000000000000111e-01
1.759833931972000000e+12,8.000000000000000000e+00,2.000000000000000000e+00,1.000000000000000000e+00,-1.000000000000000056e-01,1.000000000000000000e+00,-1.748925019175001372e-01,2.488957001308495509e-01,-1.855352281751699028e-01,2.492846843695076253e-01,9.314228621409567088e-01,4.756386250309500574e-01,5.000000000000000000e-01,5.180000000000000160e-01,8.748126160895217662e-01,4.776967426958075857e-01,4.199999999999999289e-01,4.799999999999999822e-01,-2.000000000000000042e-02,2.000000000000000111e-01
1.759833932180000000e+12,8.000000000000000000e+00,2.000000000000000000e+00,1.000000000000000000e+00,0.000000000000000000e+00,0.000000000000000000e+00,-1.855352281751699028e-01,2.492846843695076253e-01,-1.919459892866279827e-01,2.460359283981686240e-01,8.748126160895217662e-01,4.776967426958075857e-01,6.039999999999999813e-01,4.799999999999999822e-01,8.407128229434681632e-01,4.605075576622679190e-01,4.199999999999999289e-01,4.480000000000000648e-01,0.000000000000000000e+00,0.000000000000000000e+00
1.759833932389000000e+12,8.000000000000000000e+00,2.000000000000000000e+00,1.000000000000000000e+00,0.000000000000000000e+00,1.000000000000000000e+00,-1.919459892866279827e-01,2.460359283981686240e-01,-1.948499289434996173e-01,2.417244982750531290e-01,8.407128229434681632e-01,4.605075576622679190e-01,6.039999999999999813e-01,4.480000000000000648e-01,8.252663354069169621e-01,4.376957580690642446e-01,5.200000000000000178e-01,4.480000000000000648e-01,0.000000000000000000e+00,2.000000000000000111e-01
1.759833932598000000e+12,8.000000000000000000e+00,2.000000000000000000e+00,1.000000000000000000e+00,1.000000000000000056e-01,0.000000000000000000e+00,-1.948499289434996173e-01,2.417244982750531290e-01,-1.931969131976906673e-01,2.383623441041614610e-01,8.252663354069169621e-01,4.376957580690642446e-01,5.000000000000000000e-01,4.480000000000000648e-01,8.340589723527092048e-01,4.199065825617008807e-01,5.200000000000000178e-01,4.839999999999999858e-01,2.000000000000000042e-02,0.000000000000000000e+00
1.759833932808000000e+12,8.000000000000000000e+00,2.000000000000000000e+00,1.000000000000000000e+00,0.000000000000000000e+00,2.000000000000000000e+00,-1.931969131976906673e-01,2.383623441041614610e-01,-1.953627894280554056e-01,2.389145556862539710e-01,8.340589723527092048e-01,4.199065825617008807e-01,5.000000000000000000e-01,4.839999999999999858e-01,8.225383541060882209e-01,4.228283369643067724e-01,4.199999999999999289e-01,5.240000000000000213e-01,0.000000000000000000e+00,-2.000000000000000111e-01
1.759833933017000000e+12,8.000000000000000000e+00,2.000000000000000000e+00,1.000000000000000000e+00,0.000000000000000000e+00,0.000000000000000000e+00,-1.953627894280554056e-01,2.389145556862539710e-01,-2.023408276716207599e-01,2.409257065250029473e-01,8.225383541060882209e-01,4.228283369643067724e-01,5.000000000000000000e-01,5.240000000000000213e-01,7.854211294062725113e-01,4.334693466931373584e-01,4.159999999999999809e-01,5.240000000000000213e-01,0.000000000000000000e+00,0.000000000000000000e+00
1.759833933227000000e+12,8.000000000000000000e+00,2.000000000000000000e+00,1.000000000000000000e+00,0.000000000000000000e+00,0.000000000000000000e+00,-2.023408276716207599e-01,2.409257065250029473e-01,-2.093388523774813437e-01,2.429372199775097774e-01,7.854211294062725113e-01,4.334693466931373584e-01,5.000000000000000000e-01,5.240000000000000213e-01,7.481975937368013918e-01,4.441122750132792674e-01,4.159999999999999809e-01,5.240000000000000213e-01,0.000000000000000000e+00,0.000000000000000000e+00
1.759833933434000000e+12,8.000000000000000000e+00,2.000000000000000000e+00,1.000000000000000000e+00,0.000000000000000000e+00,0.000000000000000000e+00,-2.093388523774813437e-01,2.429372199775097774e-01,-2.160684944272451280e-01,2.448717164259611445e-01,7.481975937368013918e-01,4.441122750132792674e-01,5.000000000000000000e-01,5.240000000000000213e-01,7.124016253869940307e-01,4.543477059574664301e-01,4.159999999999999809e-01,5.240000000000000213e-01,0.000000000000000000e+00,0.000000000000000000e+00
1.759833933643000000e+12,8.000000000000000000e+00,2.000000000000000000e+00,1.000000000000000000e+00,0.000000000000000000e+00,2.000000000000000000e+00,-2.160684944272451280e-01,2.448717164259611445e-01,-2.265655640697017137e-01,2.468060162126436141e-01,7.124016253869940307e-01,4.543477059574664301e-01,5.000000000000000000e-01,5.240000000000000213e-01,6.565661485654163965e-01,4.645820963631937528e-01,3.160000000000000031e-01,5.240000000000000213e-01,0.000000000000000000e+00,-2.000000000000000111e-01
1.759833933848000000e+12,8.000000000000000000e+00,2.000000000000000000e+00,1.000000000000000000e+00,-1.000000000000000056e-01,0.000000000000000000e+00,-2.271500222833353066e-01,2.468833646852648667e-01,-2.422007881427828968e-01,2.484140831004024164e-01,6.534573282801313665e-01,4.649913475410840102e-01,5.000000000000000000e-01,5.240000000000000213e-01,5.734000630703036672e-01,4.730903867746160119e-01,3.120000000000000551e-01,5.000000000000000000e-01,-2.000000000000000042e-02,0.000000000000000000e+00
1.759833934054000000e+12,8.000000000000000000e+00,2.000000000000000000e+00,1.000000000000000000e+00,0.000000000000000000e+00,1.000000000000000000e+00,-2.422007881427828968e-01,2.484140831004024164e-01,-2.534897049335130825e-01,2.466058346723459249e-01,5.734000630703036672e-01,4.730903867746160119e-01,5.000000000000000000e-01,5.000000000000000000e-01,5.133526333323771285e-01,4.635229347743171080e-01,4.119999999999999774e-01,4.599999999999999645e-01,0.000000000000000000e+00,2.000000000000000111e-01
0.000000000000000000e+00,0.000000000000000000e+00,0.000000000000000000e+00,0.000000000000000000e+00,0.000000000000000000e+00,0.000000000000000000e+00,0.000000000000000000e+00,0.000000000000000000e+00,0.000000000000000000e+00,0.000000000000000000e+00,0.000000000000000000e+00,0.000000000000000000e+00,0.000000000000000000e+00,0.000000000000000000e+00,0.000000000000000000e+00,0.000000000000000000e+00,0.000000000000000000e+00,0.000000000000000000e+00,0.000000000000000000e+00,0.000000000000000000e+00
1.759834361405000000e+12,1.000000000000000000e+00,4.000000000000000000e+00,0.000000000000000000e+00,0.000000000000000000e+00,2.000000000000000000e+00,-1.632045116167488152e-01,2.868060037156191511e-01,-1.769546629730793796e-01,3.226212705926815305e-01,9.935930233151658575e-01,6.762222418815828640e-01,5.000000000000000000e-01,5.180000000000000160e-01,9.204539203559607419e-01,8.657210084268864847e-01,4.040000000000000258e-01,5.180000000000000160e-01,0.000000000000000000e+00,-2.000000000000000111e-01
1.759834361612000000e+12,1.000000000000000000e+00,4.000000000000000000e+00,0.000000000000000000e+00,0.000000000000000000e+00,0.000000000000000000e+00,-1.769546629730793796e-01,3.226212705926815305e-01,-1.849660644432594148e-01,3.240872914661114268e-01,9.204539203559607419e-01,8.657210084268864847e-01,4.000000000000000777e-01,5.180000000000000160e-01,8.778400827486201319e-01,8.734777326249283380e-01,4.000000000000000777e-01,5.180000000000000160e-01,0.000000000000000000e+00,0.000000000000000000e+00
1.759834361820000000e+12,1.000000000000000000e+00,4.000000000000000000e+00,0.000000000000000000e+00,0.000000000000000000e+00,1.000000000000000000e+00,-1.852866724332770665e-01,3.241459453803197110e-01,-1.895438096833942931e-01,3.256128269994688074e-01,8.761347210995901191e-01,8.737880707953424864e-01,2.999999999999999889e-01,5.180000000000000160e-01,8.534903740244984549e-01,8.815493492035387790e-01,5.000000000000000000e-01,5.180000000000000160e-01,0.000000000000000000e+00,2.000000000000000111e-01
1.759834362027000000e+12,1.000000000000000000e+00,4.000000000000000000e+00,0.000000000000000000e+00,0.000000000000000000e+00,0.000000000000000000e+00,-1.895438096833942931e-01,3.256128269994688074e-01,-1.895628254388497247e-01,3.270801907365473715e-01,8.534903740244984549e-01,8.815493492035387790e-01,1.959999999999997300e-01,5.180000000000000160e-01,8.533892263890971996e-01,8.893131785002507117e-01,5.000000000000000000e-01,5.180000000000000160e-01,0.000000000000000000e+00,0.000000000000000000e+00
1.759834362232000000e+12,1.000000000000000000e+00,4.000000000000000000e+00,0.000000000000000000e+00,0.000000000000000000e+00,1.000000000000000000e+00,-1.895628254388497247e-01,3.270801907365473715e-01,-1.858224983728939961e-01,3.286064058555623335e-01,8.533892263890971996e-01,8.893131785002507117e-01,1.959999999999997300e-01,5.180000000000000160e-01,8.732845831229042455e-01,8.973883907701711848e-01,5.959999999999999742e-01,5.180000000000000160e-01,0.000000000000000000e+00,2.000000000000000111e-01
1.759834362444000000e+12,1.000000000000000000e+00,4.000000000000000000e+00,0.000000000000000000e+00,0.000000000000000000e+00,0.000000000000000000e+00,-1.858224983728939961e-01,3.286064058555623335e-01,-1.778409221185194011e-01,3.300736953292680020e-01,8.732845831229042455e-01,8.973883907701711848e-01,9.600000000000025180e-02,5.180000000000000160e-01,9.157397759653223002e-01,9.051518271389842329e-01,5.999999999999999778e-01,5.180000000000000160e-01,0.000000000000000000e+00,0.000000000000000000e+00
1.759834362655000000e+12,1.000000000000000000e+00,4.000000000000000000e+00,0.000000000000000000e+00,0.000000000000000000e+00,0.000000000000000000e+00,-1.775215145906537395e-01,3.301323880896157026e-01,-1.695359304608955731e-01,3.315997558851725424e-01,9.174387521773736953e-01,9.054623708445276309e-01,9.600000000000025180e-02,5.180000000000000160e-01,9.599152635058746386e-01,9.132262216146695977e-01,5.999999999999999778e-01,5.180000000000000160e-01,0.000000000000000000e+00,0.000000000000000000e+00
1.759834362863000000e+12,1.000000000000000000e+00,4.000000000000000000e+00,0.000000000000000000e+00,0.000000000000000000e+00,2.000000000000000000e+00,-1.692164919768508469e-01,3.316584534702078924e-01,-1.650062663723823320e-01,3.331262517719983385e-01,9.616144043784529138e-01,9.135367908476609289e-01,1.959999999999997300e-01,5.180000000000000160e-01,9.840092214234982260e-01,9.213029194285627943e-01,5.000000000000000000e-01,5.180000000000000160e-01,0.000000000000000000e+00,-2.000000000000000111e-01
1.759834363069000000e+12,1.000000000000000000e+00,4.000000000000000000e+00,0.000000000000000000e+00,0.000000000000000000e+00,0.000000000000000000e+00,-1.650062663723823320e-01,3.331262517719983385e-01,-1.650136568479755872e-01,3.345944803312015936e-01,9.840092214234982260e-01,9.213029194285627943e-01,5.000000000000000000e-01,5.180000000000000160e-01,9.839699103831086591e-01,9.290713245037122148e-01,5.000000000000000000e-01,5.180000000000000160e-01,0.000000000000000000e+00,0.000000000000000000e+00
1.759834363279000000e+12,1.000000000000000000e+00,4.000000000000000000e+00,0.000000000000000000e+00,0.000000000000000000e+00,0.000000000000000000e+00,-1.650142125576196661e-01,3.346532173497657192e-01,-1.650281778104955577e-01,3.361217932062035563e-01,9.839669544807464474e-01,9.293821023797129710e-01,6.039999999999999813e-01,5.180000000000000160e-01,9.838926712207682890e-01,9.371523450063681260e-01,5.000000000000000000e-01,5.180000000000000160e-01,0.000000000000000000e+00,0.000000000000000000e+00
1.759834363487000000e+12,1.000000000000000000e+00,4.000000000000000000e+00,0.000000000000000000e+00,0.000000000000000000e+00,0.000000000000000000e+00,-1.650281778104955577e-01,3.361217932062035563e-01,-1.650428817106149304e-01,3.376494714837929845e-01,9.838926712207682890e-01,9.371523450063681260e-01,5.040000000000000036e-01,5.180000000000000160e-01,9.838144589860907674e-01,9.452352988560476232e-01,5.000000000000000000e-01,5.180000000000000160e-01,0.000000000000000000e+00,0.000000000000000000e+00
1.759834363701000000e+12,1.000000000000000000e+00,4.000000000000000000e+00,0.000000000000000000e+00,0.000000000000000000e+00,2.000000000000000000e+00,-1.650428817106149304e-01,3.376494714837929845e-01,-1.688109970614216082e-01,3.391186167086702730e-01,9.838144589860907674e-01,9.452352988560476232e-01,6.079999999999999849e-01,5.180000000000000160e-01,9.637712922264808357e-01,9.530085540141285394e-01,4.000000000000000777e-01,5.180000000000000160e-01,0.000000000000000000e+00,-2.000000000000000111e-01
1.759834363908000000e+12,1.000000000000000000e+00,4.000000000000000000e+00,0.000000000000000000e+00,0.000000000000000000e+00,1.000000000000000000e+00,-1.691283992599094121e-01,3.391773821494494245e-01,-1.737021808737229667e-01,3.406469936039749347e-01,9.620829826600563184e-01,9.533194822722192985e-01,7.079999999999999627e-01,5.180000000000000160e-01,9.377543570546651441e-01,9.610952042538357665e-01,4.960000000000000520e-01,5.180000000000000160e-01,0.000000000000000000e+00,2.000000000000000111e-01
1.759834364116000000e+12,1.000000000000000000e+00,4.000000000000000000e+00,0.000000000000000000e+00,-1.000000000000000056e-01,2.000000000000000000e+00,-1.737021808737229667e-01,3.406469936039749347e-01,-1.778045007799043953e-01,3.419483134631703947e-01,9.377543570546651441e-01,9.610952042538357665e-01,8.080000000000003846e-01,5.180000000000000160e-01,9.159335064898702639e-01,9.679804945141291528e-01,3.960000000000000187e-01,5.020000000000000018e-01,-2.000000000000000042e-02,-2.000000000000000111e-01
1.759834364320000000e+12,1.000000000000000000e+00,4.000000000000000000e+00,0.000000000000000000e+00,-1.000000000000000056e-01,1.000000000000000000e+00,-1.781331554963998809e-01,3.419583136756739750e-01,-1.830121334893877183e-01,3.401078267358585983e-01,9.141853431042559208e-01,9.680334056913968421e-01,8.120000000000002771e-01,5.020000000000000018e-01,8.882333325032568672e-01,9.582424695018975092e-01,4.919999999999999929e-01,4.500000000000000111e-01,-2.000000000000000042e-02,2.000000000000000111e-01
1.759834364529000000e+12,1.000000000000000000e+00,4.000000000000000000e+00,0.000000000000000000e+00,-1.000000000000000056e-01,0.000000000000000000e+00,-1.830121334893877183e-01,3.401078267358585983e-01,-1.836712959108222631e-01,3.342621492699840435e-01,8.882333325032568672e-01,9.582424695018975092e-01,8.120000000000002771e-01,4.500000000000000111e-01,8.847271494105198864e-01,9.273129591004447558e-01,4.919999999999999929e-01,3.999999999999999667e-01,-2.000000000000000042e-02,0.000000000000000000e+00
1.759834364736000000e+12,1.000000000000000000e+00,4.000000000000000000e+00,0.000000000000000000e+00,-1.000000000000000056e-01,2.000000000000000000e+00,-1.836975076515123539e-01,3.339448980712493298e-01,-1.881275946549633704e-01,3.239267082014823940e-01,8.845877252579130712e-01,9.256343813293615996e-01,8.120000000000002771e-01,3.980000000000000204e-01,8.610234326863650534e-01,8.726280857221291321e-01,3.920000000000000151e-01,3.479999999999998650e-01,-2.000000000000000042e-02,-2.000000000000000111e-01
1.759834364944000000e+12,1.000000000000000000e+00,4.000000000000000000e+00,0.000000000000000000e+00,-1.000000000000000056e-01,0.000000000000000000e+00,-1.881275946549633704e-01,3.239267082014823940e-01,-1.967714875279006348e-01,3.099218776078874193e-01,8.610234326863650534e-01,8.726280857221291321e-01,8.120000000000002771e-01,3.479999999999998650e-01,8.150452791069114911e-01,7.985284529517854279e-01,3.920000000000000151e-01,2.980000000000000981e-01,-2.000000000000000042e-02,0.000000000000000000e+00
1.759834365150000000e+12,1.000000000000000000e+00,4.000000000000000000e+00,0.000000000000000000e+00,-1.000000000000000056e-01,0.000000000000000000e+00,-1.971175106688064504e-01,3.092780114064807018e-01,-2.057666320741366739e-01,2.911008353964557593e-01,8.132047304850720248e-01,7.951217534734429382e-01,8.120000000000002771e-01,2.980000000000000981e-01,7.671987655631028469e-01,6.989462190288665555e-01,3.920000000000000151e-01,2.460000000000004405e-01,-2.000000000000000042e-02,0.000000000000000000e+00
1.759834365358000000e+12,1.000000000000000000e+00,4.000000000000000000e+00,0.000000000000000000e+00,-1.000000000000000056e-01,0.000000000000000000e+00,-2.057666320741366739e-01,2.911008353964557593e-01,-2.144122686926996368e-01,2.689186929772592327e-01,7.671987655631028469e-01,6.989462190288665555e-01,5.000000000000000000e-01,2.460000000000004405e-01,7.212113367409593856e-01,5.815803861230648408e-01,3.920000000000000151e-01,1.960000000000007570e-01,-2.000000000000000042e-02,0.000000000000000000e+00
1.759834365563000000e+12,1.000000000000000000e+00,4.000000000000000000e+00,0.000000000000000000e+00,1.000000000000000056e-01,2.000000000000000000e+00,-2.144122686926996368e-01,2.689186929772592327e-01,-2.268151140026712642e-01,2.427438693631841227e-01,7.212113367409593856e-01,5.815803861230648408e-01,5.000000000000000000e-01,1.960000000000007570e-01,6.552387553049400237e-01,4.430892558898631428e-01,2.919999999999999818e-01,1.540000000000009972e-01,2.000000000000000042e-02,-2.000000000000000111e-01
1.759834365767000000e+12,1.000000000000000000e+00,4.000000000000000000e+00,0.000000000000000000e+00,1.000000000000000056e-01,2.000000000000000000e+00,-2.274774810080364140e-01,2.416356213844476630e-01,-2.472144223570963417e-01,2.169536718325903168e-01,6.517155265529978037e-01,4.372255099706225945e-01,5.000000000000000000e-01,1.560000000000009990e-01,5.467317959728917875e-01,3.066331842994197143e-01,1.919999999999997264e-01,2.040000000000007085e-01,2.000000000000000042e-02,-2.000000000000000111e-01
1.759834365977000000e+12,1.000000000000000000e+00,4.000000000000000000e+00,0.000000000000000000e+00,1.000000000000000056e-01,1.000000000000000000e+00,-2.481937429723073407e-01,2.160035480103482397e-01,-2.693925124880823252e-01,1.943661278619160659e-01,5.415226437643225754e-01,3.016060741288266733e-01,5.000000000000000000e-01,2.060000000000006826e-01,4.287632314463705741e-01,1.871223696397675551e-01,2.879999999999999782e-01,2.560000000000003939e-01,2.000000000000000042e-02,2.000000000000000111e-01
1.759834366187000000e+12,1.000000000000000000e+00,4.000000000000000000e+00,0.000000000000000000e+00,1.000000000000000056e-01,1.000000000000000000e+00,-2.693925124880823252e-01,1.943661278619160659e-01,-2.829595074310066183e-01,1.761148675223729865e-01,4.287632314463705741e-01,1.871223696397675551e-01,4.000000000000000777e-01,2.560000000000003939e-01,3.565983647286881109e-01,9.055485461573008210e-02,3.880000000000000115e-01,3.060000000000000497e-01,2.000000000000000042e-02,2.000000000000000111e-01
1.759834366396000000e+12,1.000000000000000000e+00,4.000000000000000000e+00,0.000000000000000000e+00,1.000000000000000056e-01,0.000000000000000000e+00,-2.829595074310066183e-01,1.761148675223729865e-01,-2.916127920070077373e-01,1.626418547673582071e-01,3.565983647286881109e-01,9.055485461573008210e-02,2.959999999999999853e-01,3.080000000000000515e-01,3.105702552818736528e-01,1.926907284316510538e-02,3.920000000000000151e-01,3.579999999999998739e-01,2.000000000000000042e-02,0.000000000000000000e+00
1.759834366605000000e+12,1.000000000000000000e+00,4.000000000000000000e+00,0.000000000000000000e+00,1.000000000000000056e-01,0.000000000000000000e+00,-2.916127920070077373e-01,1.626418547673582071e-01,-3.006110951531907327e-01,1.600812306574079524e-01,3.105702552818736528e-01,1.926907284316510538e-02,3.960000000000000187e-01,3.579999999999998739e-01,2.627069406745172753e-01,5.720797129142593009e-03,3.920000000000000151e-01,5.360000000000000320e-01,2.000000000000000042e-02,0.000000000000000000e+00
1.759834366811000000e+12,1.000000000000000000e+00,4.000000000000000000e+00,0.000000000000000000e+00,1.000000000000000056e-01,1.000000000000000000e+00,-3.006110951531907327e-01,1.600812306574079524e-01,-3.055013637726248232e-01,1.648516024140264657e-01,2.627069406745172753e-01,5.720797129142593009e-03,2.999999999999999889e-01,5.360000000000000320e-01,2.366948735498678735e-01,3.096085933347335686e-02,4.919999999999999929e-01,5.859999999999999654e-01,2.000000000000000042e-02,2.000000000000000111e-01
1.759834367022000000e+12,1.000000000000000000e+00,4.000000000000000000e+00,0.000000000000000000e+00,1.000000000000000056e-01,0.000000000000000000e+00,-3.055013637726248232e-01,1.648516024140264657e-01,-3.058675483735801004e-01,1.740574598046110977e-01,2.366948735498678735e-01,3.096085933347335686e-02,2.999999999999999889e-01,5.859999999999999654e-01,2.347470831192547125e-01,7.966909949529681068e-02,4.960000000000000520e-01,6.360000000000001208e-01,2.000000000000000042e-02,0.000000000000000000e+00
1.759834367228000000e+12,1.000000000000000000e+00,4.000000000000000000e+00,0.000000000000000000e+00,0.000000000000000000e+00,1.000000000000000000e+00,-3.058675483735801004e-01,1.740574598046110977e-01,-3.024506162089911077e-01,1.867129509650330421e-01,2.347470831192547125e-01,7.966909949529681068e-02,3.999999999999999667e-01,6.380000000000000115e-01,2.529222542074940350e-01,1.466293701853600140e-01,5.959999999999999742e-01,6.680000000000000382e-01,0.000000000000000000e+00,2.000000000000000111e-01
1.759834367433000000e+12,1.000000000000000000e+00,4.000000000000000000e+00,0.000000000000000000e+00,0.000000000000000000e+00,0.000000000000000000e+00,-3.024506162089911077e-01,1.867129509650330421e-01,-2.947873024182792179e-01,2.001645746236832835e-01,2.529222542074940350e-01,1.466293701853600140e-01,3.039999999999999925e-01,6.680000000000000382e-01,2.936845616048976981e-01,2.178019821358904151e-01,5.959999999999999742e-01,6.680000000000000382e-01,0.000000000000000000e+00,0.000000000000000000e+00
1.759834367641000000e+12,1.000000000000000000e+00,4.000000000000000000e+00,0.000000000000000000e+00,0.000000000000000000e+00,0.000000000000000000e+00,-2.944806417744029181e-01,2.007026609547500340e-01,-2.868141796650285347e-01,2.141553949075086227e-01,2.953157352425375692e-01,2.206489997605822206e-01,4.040000000000000258e-01,6.680000000000000382e-01,3.360947890158055840e-01,2.918274862831144456e-01,5.959999999999999742e-01,6.680000000000000382e-01,0.000000000000000000e+00,0.000000000000000000e+00
1.759834367847000000e+12,1.000000000000000000e+00,4.000000000000000000e+00,0.000000000000000000e+00,0.000000000000000000e+00,0.000000000000000000e+00,-2.868141796650285347e-01,2.141553949075086227e-01,-2.791478311185132122e-01,2.276092758102125080e-01,3.360947890158055840e-01,2.918274862831144456e-01,2.999999999999999889e-01,6.680000000000000382e-01,3.768732387313126209e-01,3.630120413238757671e-01,5.959999999999999742e-01,6.680000000000000382e-01,0.000000000000000000e+00,0.000000000000000000e+00
1.759834368053000000e+12,1.000000000000000000e+00,4.000000000000000000e+00,0.000000000000000000e+00,-1.000000000000000056e-01,0.000000000000000000e+00,-2.791478311185132122e-01,2.276092758102125080e-01,-2.714820714123039602e-01,2.397563048605942104e-01,3.768732387313126209e-01,3.630120413238757671e-01,1.999999999999997613e-01,6.680000000000000382e-01,4.176485563175320603e-01,4.272820362994403376e-01,5.959999999999999742e-01,6.260000000000001119e-01,-2.000000000000000042e-02,0.000000000000000000e+00
1.759834368260000000e+12,1.000000000000000000e+00,4.000000000000000000e+00,0.000000000000000000e+00,0.000000000000000000e+00,0.000000000000000000e+00,-2.711754650355394647e-01,2.401625250150854485e-01,-2.635107316344964534e-01,2.483400471615939964e-01,4.192794413003219645e-01,4.294313492861664416e-01,2.959999999999999853e-01,6.240000000000001101e-01,4.600492998165081615e-01,4.726986622306560970e-01,5.959999999999999742e-01,5.879999999999999671e-01,0.000000000000000000e+00,0.000000000000000000e+00
1.759834368464000000e+12,1.000000000000000000e+00,4.000000000000000000e+00,0.000000000000000000e+00,0.000000000000000000e+00,0.000000000000000000e+00,-2.635107316344964534e-01,2.483400471615939964e-01,-2.558459653139832368e-01,2.553966424470779373e-01,4.600492998165081615e-01,4.726986622306560970e-01,1.919999999999997264e-01,5.879999999999999671e-01,5.008193334362592841e-01,5.100351452226346005e-01,5.959999999999999742e-01,5.879999999999999671e-01,0.000000000000000000e+00,0.000000000000000000e+00
1.759834368672000000e+12,1.000000000000000000e+00,4.000000000000000000e+00,0.000000000000000000e+00,0.000000000000000000e+00,0.000000000000000000e+00,-2.558459653139832368e-01,2.553966424470779373e-01,-2.478743048665554283e-01,2.627362268836678227e-01,5.008193334362592841e-01,5.100351452226346005e-01,9.200000000000027600e-02,5.879999999999999671e-01,5.432217826247051073e-01,5.488689253104118704e-01,5.959999999999999742e-01,5.879999999999999671e-01,0.000000000000000000e+00,0.000000000000000000e+00
1.759834368879000000e+12,1.000000000000000000e+00,4.000000000000000000e+00,0.000000000000000000e+00,0.000000000000000000e+00,0.000000000000000000e+00,-2.478743048665554283e-01,2.627362268836678227e-01,-2.402089859314670006e-01,2.697942586895875627e-01,5.432217826247051073e-01,5.488689253104118704e-01,5.000000000000000000e-01,5.879999999999999671e-01,5.839947556836860842e-01,5.862130089396168087e-01,5.959999999999999742e-01,5.879999999999999671e-01,0.000000000000000000e+00,0.000000000000000000e+00
1.759834369087000000e+12,1.000000000000000000e+00,4.000000000000000000e+00,0.000000000000000000e+00,-1.000000000000000056e-01,0.000000000000000000e+00,-2.399023677832413659e-01,2.700765952297971007e-01,-2.322370472688159992e-01,2.756913750974528399e-01,5.856257032806310159e-01,5.877068530677096447e-01,5.000000000000000000e-01,5.879999999999999671e-01,6.263986847403404390e-01,6.174146830553061127e-01,5.959999999999999742e-01,5.440000000000000391e-01,-2.000000000000000042e-02,0.000000000000000000e+00
1.759834369297000000e+12,1.000000000000000000e+00,4.000000000000000000e+00,0.000000000000000000e+00,-1.000000000000000056e-01,0.000000000000000000e+00,-2.322370472688159992e-01,2.756913750974528399e-01,-2.242650294104412967e-01,2.773360262748919558e-01,6.263986847403404390e-01,6.174146830553061127e-01,5.000000000000000000e-01,5.440000000000000391e-01,6.688030350508441524e-01,6.261165411369945533e-01,5.959999999999999742e-01,4.940000000000000502e-01,-2.000000000000000042e-02,0.000000000000000000e+00
1.759834369507000000e+12,1.000000000000000000e+00,4.000000000000000000e+00,0.000000000000000000e+00,-1.000000000000000056e-01,0.000000000000000000e+00,-2.242650294104412967e-01,2.773360262748919558e-01,-2.165987387635504857e-01,2.748372460617743984e-01,6.688030350508441524e-01,6.261165411369945533e-01,6.039999999999999813e-01,4.919999999999999929e-01,7.095811767896250677e-01,6.128954818083302003e-01,5.959999999999999742e-01,4.420000000000000040e-01,-2.000000000000000042e-02,0.000000000000000000e+00
1.759834369717000000e+12,1.000000000000000000e+00,4.000000000000000000e+00,0.000000000000000000e+00,0.000000000000000000e+00,2.000000000000000000e+00,-2.162920582483636167e-01,2.746539859453537846e-01,-2.123777616327285345e-01,2.688379295514695122e-01,7.112124561257254785e-01,6.119258515627185036e-01,5.040000000000000036e-01,4.400000000000000022e-01,7.320331828046354739e-01,5.811530664098916166e-01,4.960000000000000520e-01,4.240000000000000435e-01,0.000000000000000000e+00,-2.000000000000000111e-01
1.759834369926000000e+12,1.000000000000000000e+00,4.000000000000000000e+00,0.000000000000000000e+00,0.000000000000000000e+00,2.000000000000000000e+00,-2.123777616327285345e-01,2.688379295514695122e-01,-2.164786149186791187e-01,2.627754054968306496e-01,7.320331828046354739e-01,5.811530664098916166e-01,5.000000000000000000e-01,4.240000000000000435e-01,7.102201334112813180e-01,5.490762195599505624e-01,3.960000000000000187e-01,4.240000000000000435e-01,0.000000000000000000e+00,-2.000000000000000111e-01
1.759834370135000000e+12,1.000000000000000000e+00,4.000000000000000000e+00,0.000000000000000000e+00,1.000000000000000056e-01,0.000000000000000000e+00,-2.168086622253707629e-01,2.625328730425343093e-01,-2.254521009503249740e-01,2.568060053953988287e-01,7.084645626310065447e-01,5.477929790610281957e-01,5.999999999999999778e-01,4.240000000000000435e-01,6.624888247323139634e-01,5.174920920391472556e-01,3.920000000000000151e-01,4.460000000000000075e-01,2.000000000000000042e-02,0.000000000000000000e+00
1.759834370342000000e+12,1.000000000000000000e+00,4.000000000000000000e+00,0.000000000000000000e+00,0.000000000000000000e+00,0.000000000000000000e+00,-2.254521009503249740e-01,2.568060053953988287e-01,-2.344506572781436260e-01,2.543674504343303444e-01,6.624888247323139634e-01,5.174920920391472556e-01,7.000000000000000666e-01,4.460000000000000075e-01,6.146241634141296206e-01,5.045896848377267041e-01,3.920000000000000151e-01,4.960000000000000520e-01,0.000000000000000000e+00,0.000000000000000000e+00
1.759834370550000000e+12,1.000000000000000000e+00,4.000000000000000000e+00,0.000000000000000000e+00,0.000000000000000000e+00,1.000000000000000000e+00,-2.344506572781436260e-01,2.543674504343303444e-01,-2.393391859048900616e-01,2.540639471882419342e-01,6.146241634141296206e-01,5.045896848377267041e-01,5.000000000000000000e-01,4.960000000000000520e-01,5.886213515697337195e-01,5.029838475568356726e-01,4.919999999999999929e-01,4.960000000000000520e-01,0.000000000000000000e+00,2.000000000000000111e-01
1.759834370755000000e+12,1.000000000000000000e+00,4.000000000000000000e+00,0.000000000000000000e+00,0.000000000000000000e+00,0.000000000000000000e+00,-2.393391859048900616e-01,2.540639471882419342e-01,-2.399958967842122926e-01,2.537606984189361148e-01,5.886213515697337195e-01,5.029838475568356726e-01,5.000000000000000000e-01,4.960000000000000520e-01,5.851282085946154510e-01,5.013793567139477325e-01,4.919999999999999929e-01,4.960000000000000520e-01,0.000000000000000000e+00,0.000000000000000000e+00
1.759834370966000000e+12,1.000000000000000000e+00,4.000000000000000000e+00,0.000000000000000000e+00,0.000000000000000000e+00,0.000000000000000000e+00,-2.400220394702775040e-01,2.537485691066773685e-01,-2.406755792522906057e-01,2.534452858427960753e-01,5.849891517538430286e-01,5.013151804586104543e-01,5.000000000000000000e-01,4.960000000000000520e-01,5.815128763176031779e-01,4.997105071047411862e-01,4.919999999999999929e-01,4.960000000000000520e-01,0.000000000000000000e+00,0.000000000000000000e+00
1.759834371172000000e+12,1.000000000000000000e+00,4.000000000000000000e+00,0.000000000000000000e+00,0.000000000000000000e+00,0.000000000000000000e+00,-2.407017221847529143e-01,2.534331544398126801e-01,-2.413553085113709640e-01,2.531298506136759330e-01,5.813738181662079230e-01,4.996463197873687312e-01,5.000000000000000000e-01,4.960000000000000520e-01,5.778972951522820534e-01,4.980415376384970672e-01,4.919999999999999929e-01,4.960000000000000520e-01,0.000000000000000000e+00,0.000000000000000000e+00
1.759834371380000000e+12,1.000000000000000000e+00,4.000000000000000000e+00,0.000000000000000000e+00,0.000000000000000000e+00,0.000000000000000000e+00,-2.413553085113709640e-01,2.531298506136759330e-01,-2.420089312944253557e-01,2.528265204445720449e-01,5.778972951522820534e-01,4.980415376384970672e-01,6.039999999999999813e-01,4.960000000000000520e-01,5.744205782211416755e-01,4.964366161088468732e-01,4.919999999999999929e-01,4.960000000000000520e-01,0.000000000000000000e+00,0.000000000000000000e+00
1.759834371592000000e+12,1.000000000000000000e+00,4.000000000000000000e+00,0.000000000000000000e+00,-1.000000000000000056e-01,0.000000000000000000e+00,-2.420350787762163836e-01,2.528143881197051357e-01,-2.426886721770145083e-01,2.515581994913139718e-01,5.742814958711893736e-01,4.963724239137838334e-01,6.039999999999999813e-01,4.960000000000000520e-01,5.708049352286461708e-01,4.897259232344655100e-01,4.919999999999999929e-01,4.599999999999999645e-01,-2.000000000000000042e-02,0.000000000000000000e+00
1.759834371796000000e+12,1.000000000000000000e+00,4.000000000000000000e+00,0.000000000000000000e+00,0.000000000000000000e+00,0.000000000000000000e+00,-2.426886721770145083e-01,2.515581994913139718e-01,-2.433417373663737671e-01,2.468289084189029259e-01,5.708049352286461708e-01,4.897259232344655100e-01,5.000000000000000000e-01,4.599999999999999645e-01,5.673311842214161516e-01,4.647032191476345719e-01,4.919999999999999929e-01,4.320000000000000506e-01,0.000000000000000000e+00,0.000000000000000000e+00
0.000000000000000000e+00,0.000000000000000000e+00,0.000000000000000000e+00,0.000000000000000000e+00,0.000000000000000000e+00,0.000000000000000000e+00,0.000000000000000000e+00,0.000000000000000000e+00,0.000000000000000000e+00,0.000000000000000000e+00,0.000000000000000000e+00,0.000000000000000000e+00,0.000000000000000000e+00,0.000000000000000000e+00,0.000000000000000000e+00,0.000000000000000000e+00,0.000000000000000000e+00,0.000000000000000000e+00,0.000000000000000000e+00,0.000000000000000000e+00
1.759834377845000000e+12,2.000000000000000000e+00,4.000000000000000000e+00,2.000000000000000000e+00,0.000000000000000000e+00,0.000000000000000000e+00,-2.434983833427323552e-01,2.455271371355745580e-01,-1.718362132935108699e-01,1.591862089586109086e-01,5.664979609429129370e-01,4.578155403998654394e-01,5.000000000000000000e-01,4.320000000000000506e-01,9.476797165238783904e-01,9.852325852428896885e-04,4.919999999999999929e-01,5.000000000000000000e-01,0.000000000000000000e+00,0.000000000000000000e+00
1.759834378058000000e+12,2.000000000000000000e+00,4.000000000000000000e+00,2.000000000000000000e+00,0.000000000000000000e+00,1.000000000000000000e+00,-1.718362132935108699e-01,1.591862089586109086e-01,-1.687130572850000787e-01,1.591934706918501086e-01,9.476797165238783904e-01,9.852325852428896885e-04,4.000000000000000777e-01,5.000000000000000000e-01,9.642922484840421582e-01,1.023654454233365908e-03,5.919999999999999707e-01,5.000000000000000000e-01,0.000000000000000000e+00,2.000000000000000111e-01
1.759834378263000000e+12,2.000000000000000000e+00,4.000000000000000000e+00,2.000000000000000000e+00,0.000000000000000000e+00,2.000000000000000000e+00,-1.687130572850000787e-01,1.591934706918501086e-01,-1.651208051595624005e-01,1.592005356302231556e-01,9.642922484840421582e-01,1.023654454233365908e-03,2.999999999999999889e-01,5.000000000000000000e-01,9.833999725555191418e-01,1.061035080545783904e-03,4.919999999999999929e-01,5.000000000000000000e-01,0.000000000000000000e+00,-2.000000000000000111e-01
1.759834378467000000e+12,2.000000000000000000e+00,4.000000000000000000e+00,2.000000000000000000e+00,0.000000000000000000e+00,2.000000000000000000e+00,-1.651208051595624005e-01,1.592005356302231556e-01,-1.698566602604452691e-01,1.592078145281525248e-01,9.833999725555191418e-01,1.061035080545783904e-03,1.959999999999997300e-01,5.000000000000000000e-01,9.582092539338017412e-01,1.099547768002763796e-03,3.920000000000000151e-01,5.000000000000000000e-01,0.000000000000000000e+00,-2.000000000000000111e-01
1.759834378675000000e+12,2.000000000000000000e+00,4.000000000000000000e+00,2.000000000000000000e+00,0.000000000000000000e+00,2.000000000000000000e+00,-1.698566602604452691e-01,1.592078145281525248e-01,-1.825725352490013553e-01,1.592137059766673135e-01,9.582092539338017412e-01,1.099547768002763796e-03,1.959999999999997300e-01,5.000000000000000000e-01,8.905716210159502211e-01,1.130719453266196143e-03,2.879999999999999782e-01,5.000000000000000000e-01,0.000000000000000000e+00,-2.000000000000000111e-01
1.759834378882000000e+12,2.000000000000000000e+00,4.000000000000000000e+00,2.000000000000000000e+00,0.000000000000000000e+00,2.000000000000000000e+00,-1.825725352490013553e-01,1.592137059766673135e-01,-2.042950373709669365e-01,1.592179625869195869e-01,8.905716210159502211e-01,1.130719453266196143e-03,9.600000000000025180e-02,5.000000000000000000e-01,7.750263969629418437e-01,1.153241200632722186e-03,1.879999999999997229e-01,5.000000000000000000e-01,0.000000000000000000e+00,-2.000000000000000111e-01
1.759834379089000000e+12,2.000000000000000000e+00,4.000000000000000000e+00,2.000000000000000000e+00,0.000000000000000000e+00,0.000000000000000000e+00,-2.042950373709669365e-01,1.592179625869195869e-01,-2.295776919369320879e-01,1.592216823726311514e-01,7.750263969629418437e-01,1.153241200632722186e-03,9.600000000000025180e-02,5.000000000000000000e-01,6.405441918248292454e-01,1.172922606514015947e-03,1.839999999999997193e-01,5.000000000000000000e-01,0.000000000000000000e+00,0.000000000000000000e+00
1.759834379299000000e+12,2.000000000000000000e+00,4.000000000000000000e+00,2.000000000000000000e+00,1.000000000000000056e-01,1.000000000000000000e+00,-2.295776919369320879e-01,1.592216823726311514e-01,-2.521086811425373164e-01,1.605419920634090780e-01,6.405441918248292454e-01,1.172922606514015947e-03,1.959999999999997300e-01,5.000000000000000000e-01,5.206985045609716645e-01,8.158688166185586871e-03,2.839999999999999747e-01,5.420000000000000373e-01,2.000000000000000042e-02,2.000000000000000111e-01
1.759834379504000000e+12,2.000000000000000000e+00,4.000000000000000000e+00,2.000000000000000000e+00,1.000000000000000056e-01,1.000000000000000000e+00,-2.521086811425373164e-01,1.605419920634090780e-01,-2.656390221699611032e-01,1.657910039444656924e-01,5.206985045609716645e-01,8.158688166185586871e-03,5.000000000000000000e-01,5.420000000000000373e-01,4.487286054789302314e-01,3.593123780140577289e-02,3.840000000000000080e-01,5.919999999999999707e-01,2.000000000000000042e-02,2.000000000000000111e-01
1.759834379713000000e+12,2.000000000000000000e+00,4.000000000000000000e+00,2.000000000000000000e+00,1.000000000000000056e-01,1.000000000000000000e+00,-2.656390221699611032e-01,1.657910039444656924e-01,-2.711699943351165709e-01,1.750415337157736617e-01,4.487286054789302314e-01,3.593123780140577289e-02,6.039999999999999813e-01,5.919999999999999707e-01,4.193085407706564904e-01,8.487583976599820390e-02,4.839999999999999858e-01,6.420000000000000151e-01,2.000000000000000042e-02,2.000000000000000111e-01
1.759834379918000000e+12,2.000000000000000000e+00,4.000000000000000000e+00,2.000000000000000000e+00,0.000000000000000000e+00,0.000000000000000000e+00,-2.712247721386423782e-01,1.754948001724386808e-01,-2.721972155999353160e-01,1.888975560113911045e-01,4.190171694753064280e-01,8.727407498644804140e-02,5.040000000000000036e-01,6.420000000000000151e-01,4.138445978726844054e-01,1.581881270443973864e-01,4.879999999999999893e-01,6.900000000000000577e-01,0.000000000000000000e+00,0.000000000000000000e+00
1.759834380127000000e+12,2.000000000000000000e+00,4.000000000000000000e+00,2.000000000000000000e+00,0.000000000000000000e+00,1.000000000000000000e+00,-2.721972155999353160e-01,1.888975560113911045e-01,-2.694068755548385541e-01,2.041104789845152589e-01,4.138445978726844054e-01,1.581881270443973864e-01,6.079999999999999849e-01,6.900000000000000577e-01,4.286868321551139949e-01,2.386797829868532450e-01,5.879999999999999671e-01,6.900000000000000577e-01,0.000000000000000000e+00,2.000000000000000111e-01
1.759834380332000000e+12,2.000000000000000000e+00,4.000000000000000000e+00,2.000000000000000000e+00,0.000000000000000000e+00,0.000000000000000000e+00,-2.694068755548385541e-01,2.041104789845152589e-01,-2.617806301393503787e-01,2.199321152394185797e-01,4.286868321551139949e-01,2.386797829868532450e-01,7.079999999999999627e-01,6.900000000000000577e-01,4.692519673438809158e-01,3.223921441239078756e-01,5.919999999999999707e-01,6.900000000000000577e-01,0.000000000000000000e+00,0.000000000000000000e+00
1.759834380537000000e+12,2.000000000000000000e+00,4.000000000000000000e+00,2.000000000000000000e+00,0.000000000000000000e+00,0.000000000000000000e+00,-2.617806301393503787e-01,2.199321152394185797e-01,-2.544311385032437256e-01,2.351465542090325489e-01,4.692519673438809158e-01,3.223921441239078756e-01,8.080000000000003846e-01,6.900000000000000577e-01,5.083450079614695305e-01,4.028918212118124953e-01,5.919999999999999707e-01,6.900000000000000577e-01,0.000000000000000000e+00,0.000000000000000000e+00
1.759834380750000000e+12,2.000000000000000000e+00,4.000000000000000000e+00,2.000000000000000000e+00,-1.000000000000000056e-01,0.000000000000000000e+00,-2.544311385032437256e-01,2.351465542090325489e-01,-2.470827372063267857e-01,2.484806232657646718e-01,5.083450079614695305e-01,4.028918212118124953e-01,8.120000000000002771e-01,6.900000000000000577e-01,5.474322489025170713e-01,4.734424511416120973e-01,5.919999999999999707e-01,6.400000000000001243e-01,-2.000000000000000042e-02,0.000000000000000000e+00
1.759834380956000000e+12,2.000000000000000000e+00,4.000000000000000000e+00,2.000000000000000000e+00,-1.000000000000000056e-01,0.000000000000000000e+00,-2.467888340910886769e-01,2.489308703482644158e-01,-2.394419159075181214e-01,2.581123494314885303e-01,5.489955633452729966e-01,4.758247108373779288e-01,8.120000000000002771e-01,6.380000000000000115e-01,5.880749153855419076e-01,5.244039652459711043e-01,5.919999999999999707e-01,5.879999999999999671e-01,-2.000000000000000042e-02,0.000000000000000000e+00
1.759834381162000000e+12,2.000000000000000000e+00,4.000000000000000000e+00,2.000000000000000000e+00,-1.000000000000000056e-01,2.000000000000000000e+00,-2.394419159075181214e-01,2.581123494314885303e-01,-2.358525964411507247e-01,2.632932480592131141e-01,5.880749153855419076e-01,5.244039652459711043e-01,8.120000000000002771e-01,5.879999999999999671e-01,6.071670402066450256e-01,5.518161272974239084e-01,4.919999999999999929e-01,5.380000000000000338e-01,-2.000000000000000042e-02,-2.000000000000000111e-01
1.759834381368000000e+12,2.000000000000000000e+00,4.000000000000000000e+00,2.000000000000000000e+00,0.000000000000000000e+00,2.000000000000000000e+00,-2.358755672957745797e-01,2.634171734186461777e-01,-2.406086600224258687e-01,2.647112391172459778e-01,6.070448548097095998e-01,5.524718170298740239e-01,8.120000000000002771e-01,5.360000000000000320e-01,5.818688296679475069e-01,5.593187254880740422e-01,3.880000000000000115e-01,5.060000000000000053e-01,0.000000000000000000e+00,-2.000000000000000111e-01
1.759834381577000000e+12,2.000000000000000000e+00,4.000000000000000000e+00,2.000000000000000000e+00,0.000000000000000000e+00,1.000000000000000000e+00,-2.406086600224258687e-01,2.647112391172459778e-01,-2.458258255440170514e-01,2.652095296597465346e-01,5.818688296679475069e-01,5.593187254880740422e-01,8.120000000000002771e-01,5.060000000000000053e-01,5.541179492339518564e-01,5.619551833849023570e-01,4.879999999999999893e-01,5.060000000000000053e-01,0.000000000000000000e+00,2.000000000000000111e-01
1.759834381786000000e+12,2.000000000000000000e+00,4.000000000000000000e+00,2.000000000000000000e+00,0.000000000000000000e+00,0.000000000000000000e+00,-2.458664584045591184e-01,2.652294754604391236e-01,-2.465255394012447476e-01,2.657281617820717035e-01,5.539018169970258976e-01,5.620607167219001665e-01,5.000000000000000000e-01,5.060000000000000053e-01,5.503960670146555989e-01,5.646992686882101875e-01,4.919999999999999929e-01,5.060000000000000053e-01,0.000000000000000000e+00,0.000000000000000000e+00
1.759834381993000000e+12,2.000000000000000000e+00,4.000000000000000000e+00,2.000000000000000000e+00,0.000000000000000000e+00,0.000000000000000000e+00,-2.465255394012447476e-01,2.657281617820717035e-01,-2.471815401843376336e-01,2.662269235536935397e-01,5.503960670146555989e-01,5.646992686882101875e-01,5.000000000000000000e-01,5.060000000000000053e-01,5.469067011471402395e-01,5.673382198608124538e-01,4.919999999999999929e-01,5.060000000000000053e-01,0.000000000000000000e+00,0.000000000000000000e+00
1.759834382202000000e+12,2.000000000000000000e+00,4.000000000000000000e+00,2.000000000000000000e+00,-1.000000000000000056e-01,0.000000000000000000e+00,-2.472077822021910842e-01,2.662468751603592754e-01,-2.478639054116859863e-01,2.666201124899490460e-01,5.467671159457920815e-01,5.674437839172449261e-01,5.000000000000000000e-01,5.060000000000000053e-01,5.432770988740106555e-01,5.694185846029050646e-01,4.919999999999999929e-01,4.919999999999999929e-01,-2.000000000000000042e-02,0.000000000000000000e+00
1.759834382411000000e+12,2.000000000000000000e+00,4.000000000000000000e+00,2.000000000000000000e+00,0.000000000000000000e+00,1.000000000000000000e+00,-2.478639054116859863e-01,2.666201124899490460e-01,-2.447924199029763437e-01,2.639394789749099912e-01,5.432770988740106555e-01,5.694185846029050646e-01,5.000000000000000000e-01,4.919999999999999929e-01,5.596147877501257417e-01,5.552353384915873491e-01,5.879999999999999671e-01,4.420000000000000040e-01,0.000000000000000000e+00,2.000000000000000111e-01
1.759834382618000000e+12,2.000000000000000000e+00,4.000000000000000000e+00,2.000000000000000000e+00,0.000000000000000000e+00,0.000000000000000000e+00,-2.447924199029763437e-01,2.639394789749099912e-01,-2.374502240643007467e-01,2.593171333154555835e-01,5.596147877501257417e-01,5.552353384915873491e-01,4.000000000000000777e-01,4.420000000000000040e-01,5.986690209345704172e-01,5.307784831505587553e-01,5.919999999999999707e-01,4.420000000000000040e-01,0.000000000000000000e+00,0.000000000000000000e+00
1.759834382828000000e+12,2.000000000000000000e+00,4.000000000000000000e+00,2.000000000000000000e+00,1.000000000000000056e-01,2.000000000000000000e+00,-2.374502240643007467e-01,2.593171333154555835e-01,-2.338604502991654122e-01,2.554334937423927143e-01,5.986690209345704172e-01,5.307784831505587553e-01,2.959999999999999853e-01,4.420000000000000040e-01,6.177635622384818337e-01,5.102301256211255742e-01,4.919999999999999929e-01,4.740000000000000324e-01,2.000000000000000042e-02,-2.000000000000000111e-01
1.759834383039000000e+12,2.000000000000000000e+00,4.000000000000000000e+00,2.000000000000000000e+00,0.000000000000000000e+00,0.000000000000000000e+00,-2.338833794973462221e-01,2.553493739053838141e-01,-2.348502433436265857e-01,2.552015031905848774e-01,6.176415984183711849e-01,5.097850471184329768e-01,3.960000000000000187e-01,4.760000000000000342e-01,6.124987056190075441e-01,5.090026623840470110e-01,4.879999999999999893e-01,5.120000000000000107e-01,0.000000000000000000e+00,0.000000000000000000e+00
1.759834383243000000e+12,2.000000000000000000e+00,4.000000000000000000e+00,2.000000000000000000e+00,0.000000000000000000e+00,0.000000000000000000e+00,-2.348502433436265857e-01,2.552015031905848774e-01,-2.358236887123184300e-01,2.561785449380944435e-01,6.124987056190075441e-01,5.090026623840470110e-01,2.999999999999999889e-01,5.120000000000000107e-01,6.073208047217104610e-01,5.141721954396532013e-01,4.879999999999999893e-01,5.120000000000000107e-01,0.000000000000000000e+00,0.000000000000000000e+00
1.759834383449000000e+12,2.000000000000000000e+00,4.000000000000000000e+00,2.000000000000000000e+00,0.000000000000000000e+00,0.000000000000000000e+00,-2.358236887123184300e-01,2.561785449380944435e-01,-2.368362725514558953e-01,2.571948080376153523e-01,6.073208047217104610e-01,5.141721954396532013e-01,2.999999999999999889e-01,5.120000000000000107e-01,6.019347204709792898e-01,5.195492488762717409e-01,4.879999999999999893e-01,5.120000000000000107e-01,0.000000000000000000e+00,0.000000000000000000e+00
1.759834383659000000e+12,2.000000000000000000e+00,4.000000000000000000e+00,2.000000000000000000e+00,-1.000000000000000056e-01,0.000000000000000000e+00,-2.368362725514558953e-01,2.571948080376153523e-01,-2.378101131826162729e-01,2.578969210539089341e-01,6.019347204709792898e-01,5.195492488762717409e-01,3.999999999999999667e-01,5.120000000000000107e-01,5.967547171137431716e-01,5.232641325603647475e-01,4.879999999999999893e-01,4.919999999999999929e-01,-2.000000000000000042e-02,0.000000000000000000e+00
1.759834383867000000e+12,2.000000000000000000e+00,4.000000000000000000e+00,2.000000000000000000e+00,0.000000000000000000e+00,0.000000000000000000e+00,-2.378490698227435363e-01,2.578728148893734695e-01,-2.388228488220873746e-01,2.553788627974907799e-01,5.965475009428534703e-01,5.231365867162618422e-01,3.039999999999999925e-01,4.899999999999999911e-01,5.913678254144287827e-01,5.099410730025967231e-01,4.879999999999999893e-01,4.560000000000000164e-01,0.000000000000000000e+00,0.000000000000000000e+00
1.759834384073000000e+12,2.000000000000000000e+00,4.000000000000000000e+00,2.000000000000000000e+00,1.000000000000000056e-01,0.000000000000000000e+00,-2.388228488220873746e-01,2.553788627974907799e-01,-2.397963432226435376e-01,2.519341391095198390e-01,5.913678254144287827e-01,5.099410730025967231e-01,4.040000000000000258e-01,4.560000000000000164e-01,5.861896637093428897e-01,4.917150217434912429e-01,4.879999999999999893e-01,4.660000000000000253e-01,2.000000000000000042e-02,0.000000000000000000e+00
1.759834384280000000e+12,2.000000000000000000e+00,4.000000000000000000e+00,2.000000000000000000e+00,1.000000000000000056e-01,0.000000000000000000e+00,-2.397963432226435376e-01,2.519341391095198390e-01,-2.408087770611965772e-01,2.511569744883805910e-01,5.861896637093428897e-01,4.917150217434912429e-01,2.999999999999999889e-01,4.660000000000000253e-01,5.808043773340607618e-01,4.876030396210613849e-01,4.879999999999999893e-01,5.160000000000000142e-01,2.000000000000000042e-02,0.000000000000000000e+00
1.759834384488000000e+12,2.000000000000000000e+00,4.000000000000000000e+00,2.000000000000000000e+00,0.000000000000000000e+00,0.000000000000000000e+00,-2.408087770611965772e-01,2.511569744883805910e-01,-2.417824570511816762e-01,2.526120624344491139e-01,5.808043773340607618e-01,4.876030396210613849e-01,1.999999999999997613e-01,5.180000000000000160e-01,5.756252284511612638e-01,4.953019176425879633e-01,4.879999999999999893e-01,5.180000000000000160e-01,0.000000000000000000e+00,0.000000000000000000e+00
1.759834384698000000e+12,2.000000000000000000e+00,4.000000000000000000e+00,2.000000000000000000e+00,0.000000000000000000e+00,0.000000000000000000e+00,-2.417824570511816762e-01,2.526120624344491139e-01,-2.427563765670059381e-01,2.540689385795259492e-01,5.756252284511612638e-01,4.953019176425879633e-01,2.959999999999999853e-01,5.180000000000000160e-01,5.704448054946492652e-01,5.030102570345288404e-01,4.879999999999999893e-01,5.180000000000000160e-01,0.000000000000000000e+00,0.000000000000000000e+00
1.759834384905000000e+12,2.000000000000000000e+00,4.000000000000000000e+00,2.000000000000000000e+00,-1.000000000000000056e-01,0.000000000000000000e+00,-2.427953370587215276e-01,2.541272165447479581e-01,-2.437695177062730312e-01,2.554154928306546224e-01,5.702375688365876050e-01,5.033186060568675124e-01,1.919999999999997264e-01,5.180000000000000160e-01,5.650557568815264275e-01,5.101348827018763465e-01,4.879999999999999893e-01,5.020000000000000018e-01,-2.000000000000000042e-02,0.000000000000000000e+00
1.759834385115000000e+12,2.000000000000000000e+00,4.000000000000000000e+00,2.000000000000000000e+00,-1.000000000000000056e-01,0.000000000000000000e+00,-2.437695177062730312e-01,2.554154928306546224e-01,-2.447827352402588974e-01,2.535604758264633496e-01,5.650557568815264275e-01,5.101348827018763465e-01,9.200000000000027600e-02,5.020000000000000018e-01,5.596663019135165174e-01,5.003199779177955886e-01,4.879999999999999893e-01,4.500000000000000111e-01,-2.000000000000000042e-02,0.000000000000000000e+00
1.759834385326000000e+12,2.000000000000000000e+00,4.000000000000000000e+00,2.000000000000000000e+00,0.000000000000000000e+00,0.000000000000000000e+00,-2.447827352402588974e-01,2.535604758264633496e-01,-2.457565983342284155e-01,2.495788138664778721e-01,5.596663019135165174e-01,5.003199779177955886e-01,5.000000000000000000e-01,4.500000000000000111e-01,5.544861790732530382e-01,4.792529834205179196e-01,4.879999999999999893e-01,4.500000000000000111e-01,0.000000000000000000e+00,0.000000000000000000e+00
0.000000000000000000e+00,0.000000000000000000e+00,0.000000000000000000e+00,0.000000000000000000e+00,0.000000000000000000e+00,0.000000000000000000e+00,0.000000000000000000e+00,0.000000000000000000e+00,0.000000000000000000e+00,0.000000000000000000e+00,0.000000000000000000e+00,0.000000000000000000e+00,0.000000000000000000e+00,0.000000000000000000e+00,0.000000000000000000e+00,0.000000000000000000e+00,0.000000000000000000e+00,0.000000000000000000e+00,0.000000000000000000e+00,0.000000000000000000e+00
1.759834391388000000e+12,3.000000000000000000e+00,4.000000000000000000e+00,3.000000000000000000e+00,0.000000000000000000e+00,2.000000000000000000e+00,-2.460681736070735037e-01,2.483040738296908578e-01,-3.373354113579021818e-01,1.591313834053410536e-01,5.528288637921622284e-01,4.725083271412215402e-01,5.000000000000000000e-01,4.500000000000000111e-01,6.736483320264785579e-02,6.951502928097948132e-04,3.920000000000000151e-01,5.000000000000000000e-01,0.000000000000000000e+00,-2.000000000000000111e-01
1.759834391594000000e+12,3.000000000000000000e+00,4.000000000000000000e+00,3.000000000000000000e+00,0.000000000000000000e+00,2.000000000000000000e+00,-3.373354113579021818e-01,1.591313834053410536e-01,-3.496446324996973498e-01,1.591411935333139904e-01,6.736483320264785579e-02,6.951502928097948132e-04,4.000000000000000777e-01,5.000000000000000000e-01,1.890252661184191633e-03,7.470557318200423324e-04,5.000000000000000000e-01,5.000000000000000000e-01,0.000000000000000000e+00,-2.000000000000000111e-01
1.759834391799000000e+12,3.000000000000000000e+00,4.000000000000000000e+00,3.000000000000000000e+00,0.000000000000000000e+00,2.000000000000000000e+00,-3.496446324996973498e-01,1.591411935333139904e-01,-3.496659332344393412e-01,1.591517209653811604e-01,1.890252661184191633e-03,7.470557318200423324e-04,2.999999999999999889e-01,5.000000000000000000e-01,1.776950880641684589e-03,8.027564305881375838e-04,5.000000000000000000e-01,5.000000000000000000e-01,0.000000000000000000e+00,-2.000000000000000111e-01
1.759834392006000000e+12,3.000000000000000000e+00,4.000000000000000000e+00,3.000000000000000000e+00,0.000000000000000000e+00,2.000000000000000000e+00,-3.496667830196457105e-01,1.591521415509661586e-01,-3.496880516599122357e-01,1.591626614138782758e-01,1.772430746565251646e-03,8.049817511436832464e-04,1.959999999999997300e-01,5.000000000000000000e-01,1.659299681317777300e-03,8.606424014723460404e-04,5.000000000000000000e-01,5.000000000000000000e-01,0.000000000000000000e+00,-2.000000000000000111e-01
1.759834392213000000e+12,3.000000000000000000e+00,4.000000000000000000e+00,3.000000000000000000e+00,1.000000000000000056e-01,0.000000000000000000e+00,-3.496880516599122357e-01,1.591626614138782758e-01,-3.497092934004253917e-01,1.591731748727983897e-01,1.659299681317777300e-03,8.606424014723460404e-04,1.959999999999997300e-01,5.000000000000000000e-01,1.546311699864820043e-03,9.162691682454354248e-04,5.000000000000000000e-01,5.020000000000000018e-01,2.000000000000000042e-02,0.000000000000000000e+00
1.759834392419000000e+12,3.000000000000000000e+00,4.000000000000000000e+00,3.000000000000000000e+00,1.000000000000000056e-01,2.000000000000000000e+00,-3.497101403762099547e-01,1.591791948016659519e-01,-3.497313513424846754e-01,1.613841841836702595e-01,1.541806509521399414e-03,9.481206437351825597e-04,9.600000000000025180e-02,5.020000000000000018e-01,1.428982220826076907e-03,1.261473113053046199e-02,5.000000000000000000e-01,5.540000000000000480e-01,2.000000000000000042e-02,-2.000000000000000111e-01
1.759834392628000000e+12,3.000000000000000000e+00,4.000000000000000000e+00,3.000000000000000000e+00,1.000000000000000056e-01,2.000000000000000000e+00,-3.497313513424846754e-01,1.613841841836702595e-01,-3.497525167388925715e-01,1.675896237585296766e-01,1.428982220826076907e-03,1.261473113053046199e-02,9.600000000000025180e-02,5.540000000000000480e-01,1.316400325039395261e-03,4.544774475412526743e-02,5.000000000000000000e-01,6.039999999999999813e-01,2.000000000000000042e-02,-2.000000000000000111e-01
1.759834392838000000e+12,3.000000000000000000e+00,4.000000000000000000e+00,3.000000000000000000e+00,0.000000000000000000e+00,2.000000000000000000e+00,-3.497525167388925715e-01,1.675896237585296766e-01,-3.497747112058898211e-01,1.775468167475940107e-01,1.316400325039395261e-03,4.544774475412526743e-02,1.959999999999997300e-01,6.039999999999999813e-01,1.198344649522110200e-03,9.813130554282545326e-02,5.000000000000000000e-01,6.240000000000001101e-01,0.000000000000000000e+00,-2.000000000000000111e-01
1.759834393047000000e+12,3.000000000000000000e+00,4.000000000000000000e+00,3.000000000000000000e+00,0.000000000000000000e+00,2.000000000000000000e+00,-3.497747112058898211e-01,1.775468167475940107e-01,-3.497969097995141663e-01,1.874796124178158274e-01,1.198344649522110200e-03,9.813130554282545326e-02,5.000000000000000000e-01,6.240000000000001101e-01,1.080267023860699647e-03,1.506857799884435412e-01,5.000000000000000000e-01,6.240000000000001101e-01,0.000000000000000000e+00,-2.000000000000000111e-01
1.759834393253000000e+12,3.000000000000000000e+00,4.000000000000000000e+00,3.000000000000000000e+00,0.000000000000000000e+00,1.000000000000000000e+00,-3.497978170710520085e-01,1.878769424585562398e-01,-3.460641771862924543e-01,1.978101907296124784e-01,1.075441111425368829e-03,1.527880553362764016e-01,6.039999999999999813e-01,6.240000000000001101e-01,2.093522773248682883e-02,2.053449244953041430e-01,5.999999999999999778e-01,6.240000000000001101e-01,0.000000000000000000e+00,2.000000000000000111e-01
1.759834393469000000e+12,3.000000000000000000e+00,4.000000000000000000e+00,3.000000000000000000e+00,0.000000000000000000e+00,2.000000000000000000e+00,-3.457483094121629463e-01,1.982075133284396662e-01,-3.412178490868928438e-01,2.081415452198485394e-01,2.261537546721825720e-02,2.074471604679347658e-01,5.040000000000000036e-01,6.240000000000001101e-01,4.671356868674007845e-02,2.600081757663944004e-01,5.040000000000000036e-01,6.240000000000001101e-01,0.000000000000000000e+00,-2.000000000000000111e-01
1.759834393674000000e+12,3.000000000000000000e+00,4.000000000000000000e+00,3.000000000000000000e+00,0.000000000000000000e+00,1.000000000000000000e+00,-3.412178490868928438e-01,2.081415452198485394e-01,-3.368344714505790982e-01,2.184740560164776801e-01,4.671356868674007845e-02,2.600081757663944004e-01,6.079999999999999849e-01,6.240000000000001101e-01,7.002940717777064727e-02,3.146775450607284808e-01,6.039999999999999813e-01,6.240000000000001101e-01,0.000000000000000000e+00,2.000000000000000111e-01
1.759834393883000000e+12,3.000000000000000000e+00,4.000000000000000000e+00,3.000000000000000000e+00,-1.000000000000000056e-01,1.000000000000000000e+00,-3.368344714505790982e-01,2.184740560164776801e-01,-3.244514783842255556e-01,2.273405659705752813e-01,7.002940717777064727e-02,3.146775450607284808e-01,7.079999999999999627e-01,6.240000000000001101e-01,1.358963915732682159e-01,3.615902961406100014e-01,7.079999999999999627e-01,5.859999999999999654e-01,-2.000000000000000042e-02,2.000000000000000111e-01
1.759834394087000000e+12,3.000000000000000000e+00,4.000000000000000000e+00,3.000000000000000000e+00,-1.000000000000000056e-01,0.000000000000000000e+00,-3.244514783842255556e-01,2.273405659705752813e-01,-3.078364399836219789e-01,2.323545067986637624e-01,1.358963915732682159e-01,3.615902961406100014e-01,8.080000000000003846e-01,5.859999999999999654e-01,2.242742554062659710e-01,3.881190835908135961e-01,7.079999999999999627e-01,5.360000000000000320e-01,-2.000000000000000042e-02,0.000000000000000000e+00
1.759834394290000000e+12,3.000000000000000000e+00,4.000000000000000000e+00,3.000000000000000000e+00,0.000000000000000000e+00,0.000000000000000000e+00,-3.078364399836219789e-01,2.323545067986637624e-01,-2.912160299314698886e-01,2.349516371213235255e-01,2.242742554062659710e-01,3.881190835908135961e-01,8.120000000000002771e-01,5.360000000000000320e-01,3.126806918538834745e-01,4.018605138694366641e-01,7.079999999999999627e-01,5.320000000000000284e-01,0.000000000000000000e+00,0.000000000000000000e+00
1.759834394497000000e+12,3.000000000000000000e+00,4.000000000000000000e+00,3.000000000000000000e+00,0.000000000000000000e+00,0.000000000000000000e+00,-2.905511686400381044e-01,2.350545890720231457e-01,-2.739285377407303934e-01,2.376282400452042476e-01,3.162171880849036221e-01,4.024052331853076869e-01,8.120000000000002771e-01,5.320000000000000284e-01,4.046354375493063649e-01,4.160224341016098282e-01,7.079999999999999627e-01,5.320000000000000284e-01,0.000000000000000000e+00,0.000000000000000000e+00
1.759834394710000000e+12,3.000000000000000000e+00,4.000000000000000000e+00,3.000000000000000000e+00,1.000000000000000056e-01,2.000000000000000000e+00,-2.739285377407303934e-01,2.376282400452042476e-01,-2.610737202815693880e-01,2.402178069927532744e-01,4.046354375493063649e-01,4.160224341016098282e-01,8.120000000000002771e-01,5.320000000000000284e-01,4.730121261618648876e-01,4.297238465225041715e-01,6.079999999999999849e-01,5.380000000000000338e-01,2.000000000000000042e-02,-2.000000000000000111e-01
1.759834394917000000e+12,3.000000000000000000e+00,4.000000000000000000e+00,3.000000000000000000e+00,1.000000000000000056e-01,0.000000000000000000e+00,-2.607255142363626987e-01,2.403384119748823433e-01,-2.524134179497062869e-01,2.454297525866155627e-01,4.748642859767940871e-01,4.303619681210706371e-01,8.120000000000002771e-01,5.400000000000000355e-01,5.190775640973069871e-01,4.573002782360612306e-01,6.039999999999999813e-01,5.899999999999999689e-01,2.000000000000000042e-02,0.000000000000000000e+00
1.759834395126000000e+12,3.000000000000000000e+00,4.000000000000000000e+00,3.000000000000000000e+00,0.000000000000000000e+00,0.000000000000000000e+00,-2.520811661283699490e-01,2.457143755876036173e-01,-2.437745339076718976e-01,2.537847598817372652e-01,5.208448610193087136e-01,4.588062200402308055e-01,8.120000000000002771e-01,5.919999999999999707e-01,5.650290749591919681e-01,5.015066660409379651e-01,6.039999999999999813e-01,6.019999999999999796e-01,0.000000000000000000e+00,0.000000000000000000e+00
1.759834395330000000e+12,3.000000000000000000e+00,4.000000000000000000e+00,3.000000000000000000e+00,-1.000000000000000056e-01,0.000000000000000000e+00,-2.437745339076718976e-01,2.537847598817372652e-01,-2.354676585888467732e-01,2.618743391082701266e-01,5.650290749591919681e-01,5.015066660409379651e-01,5.000000000000000000e-01,6.019999999999999796e-01,6.092145819742192936e-01,5.443086725305298357e-01,6.039999999999999813e-01,5.899999999999999689e-01,-2.000000000000000042e-02,0.000000000000000000e+00
1.759834395536000000e+12,3.000000000000000000e+00,4.000000000000000000e+00,3.000000000000000000e+00,-1.000000000000000056e-01,0.000000000000000000e+00,-2.354676585888467732e-01,2.618743391082701266e-01,-2.271610220898202248e-01,2.672157907618736283e-01,6.092145819742192936e-01,5.443086725305298357e-01,5.000000000000000000e-01,5.899999999999999689e-01,6.533988186711690016e-01,5.725703214913949735e-01,6.039999999999999813e-01,5.400000000000000355e-01,-2.000000000000000042e-02,0.000000000000000000e+00
1.759834395742000000e+12,3.000000000000000000e+00,4.000000000000000000e+00,3.000000000000000000e+00,-1.000000000000000056e-01,0.000000000000000000e+00,-2.268287591272084291e-01,2.673452974477913968e-01,-2.185219524889423226e-01,2.685245891410394381e-01,6.551661748552742859e-01,5.732555420518063993e-01,5.000000000000000000e-01,5.400000000000000355e-01,6.993513165481791694e-01,5.794951806404203820e-01,6.039999999999999813e-01,4.879999999999999893e-01,-2.000000000000000042e-02,0.000000000000000000e+00
1.759834395948000000e+12,3.000000000000000000e+00,4.000000000000000000e+00,3.000000000000000000e+00,0.000000000000000000e+00,0.000000000000000000e+00,-2.185219524889423226e-01,2.685245891410394381e-01,-2.102142489554935101e-01,2.660372119046701678e-01,6.993513165481791694e-01,5.794951806404203820e-01,5.000000000000000000e-01,4.879999999999999893e-01,7.435412289601408542e-01,5.663344545220644344e-01,6.039999999999999813e-01,4.599999999999999645e-01,0.000000000000000000e+00,0.000000000000000000e+00
1.759834396155000000e+12,3.000000000000000000e+00,4.000000000000000000e+00,3.000000000000000000e+00,0.000000000000000000e+00,2.000000000000000000e+00,-2.102142489554935101e-01,2.660372119046701678e-01,-2.053266035711873716e-01,2.627270765119801288e-01,7.435412289601408542e-01,5.663344545220644344e-01,4.000000000000000777e-01,4.599999999999999645e-01,7.695393427064501912e-01,5.488205106453976079e-01,5.080000000000000071e-01,4.599999999999999645e-01,0.000000000000000000e+00,-2.000000000000000111e-01
1.759834396371000000e+12,3.000000000000000000e+00,4.000000000000000000e+00,3.000000000000000000e+00,0.000000000000000000e+00,2.000000000000000000e+00,-2.053266035711873716e-01,2.627270765119801288e-01,-2.090816010225620691e-01,2.594165177982908355e-01,7.695393427064501912e-01,5.488205106453976079e-01,2.959999999999999853e-01,4.599999999999999645e-01,7.495659520076485283e-01,5.313043269750838959e-01,4.000000000000000777e-01,4.599999999999999645e-01,0.000000000000000000e+00,-2.000000000000000111e-01
1.759834396578000000e+12,3.000000000000000000e+00,4.000000000000000000e+00,3.000000000000000000e+00,0.000000000000000000e+00,2.000000000000000000e+00,-2.090816010225620691e-01,2.594165177982908355e-01,-2.208494965745097516e-01,2.562319187810335186e-01,7.495659520076485283e-01,5.313043269750838959e-01,3.960000000000000187e-01,4.599999999999999645e-01,6.869707629015439077e-01,5.144545967250451213e-01,2.999999999999999889e-01,4.599999999999999645e-01,0.000000000000000000e+00,-2.000000000000000111e-01
1.759834396790000000e+12,3.000000000000000000e+00,4.000000000000000000e+00,3.000000000000000000e+00,1.000000000000000056e-01,1.000000000000000000e+00,-2.208494965745097516e-01,2.562319187810335186e-01,-2.330953268255248900e-01,2.530815349868926201e-01,6.869707629015439077e-01,5.144545967250451213e-01,2.999999999999999889e-01,4.599999999999999645e-01,6.218333679493356358e-01,4.977858994015483263e-01,3.999999999999999667e-01,4.679999999999999716e-01,2.000000000000000042e-02,2.000000000000000111e-01
1.759834396995000000e+12,3.000000000000000000e+00,4.000000000000000000e+00,3.000000000000000000e+00,1.000000000000000056e-01,0.000000000000000000e+00,-2.334190344766509662e-01,2.529781728594885370e-01,-2.411154658284148100e-01,2.524726666998771685e-01,6.201115187412182816e-01,4.972390098385637280e-01,2.999999999999999889e-01,4.679999999999999716e-01,5.791730541041765212e-01,4.945643740734242400e-01,4.040000000000000258e-01,5.180000000000000160e-01,2.000000000000000042e-02,0.000000000000000000e+00
1.759834397204000000e+12,3.000000000000000000e+00,4.000000000000000000e+00,3.000000000000000000e+00,0.000000000000000000e+00,1.000000000000000000e+00,-2.411154658284148100e-01,2.524726666998771685e-01,-2.450431103341289552e-01,2.546566327178789169e-01,5.791730541041765212e-01,4.945643740734242400e-01,3.999999999999999667e-01,5.200000000000000178e-01,5.582813280099523379e-01,5.061197498300472608e-01,5.040000000000000036e-01,5.280000000000000249e-01,0.000000000000000000e+00,2.000000000000000111e-01
1.759834397410000000e+12,3.000000000000000000e+00,4.000000000000000000e+00,3.000000000000000000e+00,0.000000000000000000e+00,0.000000000000000000e+00,-2.450431103341289552e-01,2.546566327178789169e-01,-2.444100313006005443e-01,2.570041282696413631e-01,5.582813280099523379e-01,5.061197498300472608e-01,3.039999999999999925e-01,5.280000000000000249e-01,5.616487696776566452e-01,5.185403612150337738e-01,5.080000000000000071e-01,5.280000000000000249e-01,0.000000000000000000e+00,0.000000000000000000e+00
1.759834397618000000e+12,3.000000000000000000e+00,4.000000000000000000e+00,3.000000000000000000e+00,0.000000000000000000e+00,0.000000000000000000e+00,-2.444100313006005443e-01,2.570041282696413631e-01,-2.437845186211921034e-01,2.592615962041519007e-01,5.616487696776566452e-01,5.185403612150337738e-01,4.040000000000000258e-01,5.280000000000000249e-01,5.649759647808930696e-01,5.304846360008037554e-01,5.080000000000000071e-01,5.280000000000000249e-01,0.000000000000000000e+00,0.000000000000000000e+00
1.759834397823000000e+12,3.000000000000000000e+00,4.000000000000000000e+00,3.000000000000000000e+00,-1.000000000000000056e-01,0.000000000000000000e+00,-2.437595033516049003e-01,2.593519022117563577e-01,-2.431341635607536800e-01,2.614440551863581041e-01,5.651090247255058374e-01,5.309624455648485064e-01,2.999999999999999889e-01,5.280000000000000249e-01,5.684353002087569884e-01,5.420320380230587709e-01,5.080000000000000071e-01,5.120000000000000107e-01,-2.000000000000000042e-02,0.000000000000000000e+00
1.759834398031000000e+12,3.000000000000000000e+00,4.000000000000000000e+00,3.000000000000000000e+00,-1.000000000000000056e-01,0.000000000000000000e+00,-2.431341635607536800e-01,2.614440551863581041e-01,-2.425088718463650483e-01,2.605411054079848632e-01,5.684353002087569884e-01,5.420320380230587709e-01,1.999999999999997613e-01,5.120000000000000107e-01,5.717613199661433221e-01,5.372545259681739127e-01,5.080000000000000071e-01,4.620000000000000218e-01,-2.000000000000000042e-02,0.000000000000000000e+00
1.759834398244000000e+12,3.000000000000000000e+00,4.000000000000000000e+00,3.000000000000000000e+00,0.000000000000000000e+00,0.000000000000000000e+00,-2.424838509558906452e-01,2.604218150386067854e-01,-2.418579920667903727e-01,2.565473031498630152e-01,5.718944098090922301e-01,5.366233599926285569e-01,2.959999999999999853e-01,4.599999999999999645e-01,5.752234464532426372e-01,5.161232970892223326e-01,5.080000000000000071e-01,4.500000000000000111e-01,0.000000000000000000e+00,0.000000000000000000e+00
1.759834398453000000e+12,3.000000000000000000e+00,4.000000000000000000e+00,3.000000000000000000e+00,0.000000000000000000e+00,2.000000000000000000e+00,-2.418329491689821809e-01,2.563879935384038578e-01,-2.449666747801144961e-01,2.524047923409296623e-01,5.753566533564776764e-01,5.152803890920839569e-01,1.919999999999997264e-01,4.500000000000000111e-01,5.586879001057739602e-01,4.942052504811093594e-01,4.080000000000000293e-01,4.500000000000000111e-01,0.000000000000000000e+00,-2.000000000000000111e-01
1.759834398661000000e+12,3.000000000000000000e+00,4.000000000000000000e+00,3.000000000000000000e+00,1.000000000000000056e-01,1.000000000000000000e+00,-2.449666747801144961e-01,2.524047923409296623e-01,-2.485727546928347687e-01,2.501516489158959744e-01,5.586879001057739602e-01,4.942052504811093594e-01,9.200000000000027600e-02,4.500000000000000111e-01,5.395066239742830616e-01,4.822838566978623343e-01,5.080000000000000071e-01,4.979999999999999982e-01,2.000000000000000042e-02,2.000000000000000111e-01
0.000000000000000000e+00,0.000000000000000000e+00,0.000000000000000000e+00,0.000000000000000000e+00,0.000000000000000000e+00,0.000000000000000000e+00,0.000000000000000000e+00,0.000000000000000000e+00,0.000000000000000000e+00,0.000000000000000000e+00,0.000000000000000000e+00,0.000000000000000000e+00,0.000000000000000000e+00,0.000000000000000000e+00,0.000000000000000000e+00,0.000000000000000000e+00,0.000000000000000000e+00,0.000000000000000000e+00,0.000000000000000000e+00,0.000000000000000000e+00
1.759834404664000000e+12,4.000000000000000000e+00,4.000000000000000000e+00,0.000000000000000000e+00,0.000000000000000000e+00,0.000000000000000000e+00,-2.483387990837710169e-01,2.501773575930223981e-01,-1.710567121876008234e-01,3.218611887244404168e-01,5.407510687033456609e-01,4.824198814445629924e-01,5.000000000000000000e-01,5.080000000000000071e-01,9.518259990021232797e-01,8.616994112404255945e-01,5.279999999999999138e-01,5.080000000000000071e-01,0.000000000000000000e+00,0.000000000000000000e+00
1.759834404871000000e+12,4.000000000000000000e+00,4.000000000000000000e+00,0.000000000000000000e+00,0.000000000000000000e+00,2.000000000000000000e+00,-1.710567121876008234e-01,3.218611887244404168e-01,-1.725851593457095323e-01,3.225270687352062571e-01,9.518259990021232797e-01,8.616994112404255945e-01,4.000000000000000777e-01,5.080000000000000071e-01,9.436959609270769711e-01,8.652225859005623354e-01,4.279999999999999361e-01,5.080000000000000071e-01,0.000000000000000000e+00,-2.000000000000000111e-01
1.759834405083000000e+12,4.000000000000000000e+00,4.000000000000000000e+00,0.000000000000000000e+00,0.000000000000000000e+00,0.000000000000000000e+00,-1.725851593457095323e-01,3.225270687352062571e-01,-1.789052008812224703e-01,3.232196887137028796e-01,9.436959609270769711e-01,8.652225859005623354e-01,2.999999999999999889e-01,5.080000000000000071e-01,9.100787187169017134e-01,8.688872418714439494e-01,4.239999999999999880e-01,5.080000000000000071e-01,0.000000000000000000e+00,0.000000000000000000e+00
1.759834405289000000e+12,4.000000000000000000e+00,4.000000000000000000e+00,0.000000000000000000e+00,0.000000000000000000e+00,1.000000000000000000e+00,-1.789052008812224703e-01,3.232196887137028796e-01,-1.812476865380849289e-01,3.238861579171509186e-01,9.100787187169017134e-01,8.688872418714439494e-01,1.959999999999997300e-01,5.080000000000000071e-01,8.976186886272078391e-01,8.724135339531795541e-01,5.240000000000000213e-01,5.080000000000000071e-01,0.000000000000000000e+00,2.000000000000000111e-01
1.759834405496000000e+12,4.000000000000000000e+00,4.000000000000000000e+00,0.000000000000000000e+00,0.000000000000000000e+00,0.000000000000000000e+00,-1.812476865380849289e-01,3.238861579171509186e-01,-1.793453799636725021e-01,3.245527759274516866e-01,8.976186886272078391e-01,8.724135339531795541e-01,1.959999999999997300e-01,5.080000000000000071e-01,9.077373406187633220e-01,8.759406133727603017e-01,5.240000000000000213e-01,5.080000000000000071e-01,0.000000000000000000e+00,0.000000000000000000e+00
1.759834405703000000e+12,4.000000000000000000e+00,4.000000000000000000e+00,0.000000000000000000e+00,0.000000000000000000e+00,0.000000000000000000e+00,-1.792691558197776480e-01,3.245794411234447230e-01,-1.773634722831777810e-01,3.252461076126227923e-01,9.081427881926721346e-01,8.760816990658452097e-01,9.600000000000025180e-02,5.080000000000000071e-01,9.182794027490543964e-01,8.796090349874222669e-01,5.240000000000000213e-01,5.080000000000000071e-01,0.000000000000000000e+00,0.000000000000000000e+00
1.759834405914000000e+12,4.000000000000000000e+00,4.000000000000000000e+00,0.000000000000000000e+00,-1.000000000000000056e-01,2.000000000000000000e+00,-1.773634722831777810e-01,3.252461076126227923e-01,-1.792177033239130968e-01,3.243303771081058606e-01,9.182794027490543964e-01,8.796090349874222669e-01,9.600000000000025180e-02,5.080000000000000071e-01,9.084164716813133422e-01,8.747639000428882872e-01,4.239999999999999880e-01,4.620000000000000218e-01,-2.000000000000000042e-02,-2.000000000000000111e-01
1.759834406118000000e+12,4.000000000000000000e+00,4.000000000000000000e+00,0.000000000000000000e+00,-1.000000000000000056e-01,0.000000000000000000e+00,-1.792177033239130968e-01,3.243303771081058606e-01,-1.858690653997829290e-01,3.191574201262958321e-01,9.084164716813133422e-01,8.747639000428882872e-01,1.959999999999997300e-01,4.620000000000000218e-01,8.730368861713674322e-01,8.473937572819886244e-01,4.199999999999999289e-01,4.100000000000000866e-01,-2.000000000000000042e-02,0.000000000000000000e+00
1.759834406326000000e+12,4.000000000000000000e+00,4.000000000000000000e+00,0.000000000000000000e+00,0.000000000000000000e+00,1.000000000000000000e+00,-1.858690653997829290e-01,3.191574201262958321e-01,-1.885193951862428330e-01,3.115480030496510233e-01,8.730368861713674322e-01,8.473937572819886244e-01,5.000000000000000000e-01,4.100000000000000866e-01,8.589393873072189711e-01,8.071322912679949058e-01,5.200000000000000178e-01,4.040000000000000258e-01,0.000000000000000000e+00,2.000000000000000111e-01
1.759834406532000000e+12,4.000000000000000000e+00,4.000000000000000000e+00,0.000000000000000000e+00,0.000000000000000000e+00,0.000000000000000000e+00,-1.884591322330635976e-01,3.112417782286090451e-01,-1.865551834651825724e-01,3.035852893874531055e-01,8.592599349305127809e-01,8.055120541196246764e-01,6.039999999999999813e-01,4.040000000000000258e-01,8.693873219937097163e-01,7.650015311505455884e-01,5.240000000000000213e-01,4.040000000000000258e-01,0.000000000000000000e+00,0.000000000000000000e+00
1.759834406737000000e+12,4.000000000000000000e+00,4.000000000000000000e+00,0.000000000000000000e+00,0.000000000000000000e+00,2.000000000000000000e+00,-1.865551834651825724e-01,3.035852893874531055e-01,-1.884069563940719838e-01,2.959274863323150262e-01,8.693873219937097163e-01,7.650015311505455884e-01,5.040000000000000036e-01,4.040000000000000258e-01,8.595374659889788438e-01,7.244840546683335436e-01,4.239999999999999880e-01,4.040000000000000258e-01,0.000000000000000000e+00,-2.000000000000000111e-01
1.759834406942000000e+12,4.000000000000000000e+00,4.000000000000000000e+00,0.000000000000000000e+00,0.000000000000000000e+00,2.000000000000000000e+00,-1.884069563940719838e-01,2.959274863323150262e-01,-1.988171211980769570e-01,2.879614159896002890e-01,8.595374659889788438e-01,7.244840546683335436e-01,6.079999999999999849e-01,4.040000000000000258e-01,8.041642489463991517e-01,6.823355343365095083e-01,3.240000000000001212e-01,4.040000000000000258e-01,0.000000000000000000e+00,-2.000000000000000111e-01
1.759834407151000000e+12,4.000000000000000000e+00,4.000000000000000000e+00,0.000000000000000000e+00,0.000000000000000000e+00,1.000000000000000000e+00,-1.988171211980769570e-01,2.879614159896002890e-01,-2.094833780437512227e-01,2.803007170826586347e-01,8.041642489463991517e-01,6.823355343365095083e-01,7.079999999999999627e-01,4.040000000000000258e-01,7.474288401928126380e-01,6.418027358870828092e-01,4.199999999999999289e-01,4.040000000000000258e-01,0.000000000000000000e+00,2.000000000000000111e-01
1.759834407357000000e+12,4.000000000000000000e+00,4.000000000000000000e+00,0.000000000000000000e+00,0.000000000000000000e+00,1.000000000000000000e+00,-2.094833780437512227e-01,2.803007170826586347e-01,-2.121482412823145758e-01,2.726399976968665317e-01,7.474288401928126380e-01,6.418027358870828092e-01,8.080000000000003846e-01,4.040000000000000258e-01,7.332540357323692470e-01,6.012698290839499915e-01,5.200000000000000178e-01,4.040000000000000258e-01,0.000000000000000000e+00,2.000000000000000111e-01
1.759834407565000000e+12,4.000000000000000000e+00,4.000000000000000000e+00,0.000000000000000000e+00,1.000000000000000056e-01,2.000000000000000000e+00,-2.120879164487083912e-01,2.723335518739223304e-01,-2.139476678799722698e-01,2.662566397630523052e-01,7.335749125068702359e-01,5.996484226133457218e-01,8.120000000000002771e-01,4.040000000000000258e-01,7.236826176597219717e-01,5.674954484817582578e-01,4.239999999999999880e-01,4.500000000000000111e-01,2.000000000000000042e-02,-2.000000000000000111e-01
1.759834407771000000e+12,4.000000000000000000e+00,4.000000000000000000e+00,0.000000000000000000e+00,0.000000000000000000e+00,0.000000000000000000e+00,-2.139476678799722698e-01,2.662566397630523052e-01,-2.200351639654454794e-01,2.641381873297759530e-01,7.236826176597219717e-01,5.674954484817582578e-01,8.120000000000002771e-01,4.500000000000000111e-01,6.913023193327367810e-01,5.562867054485500784e-01,4.239999999999999880e-01,4.939999999999999947e-01,0.000000000000000000e+00,0.000000000000000000e+00
1.759834407981000000e+12,4.000000000000000000e+00,4.000000000000000000e+00,0.000000000000000000e+00,0.000000000000000000e+00,1.000000000000000000e+00,-2.202788696430864612e-01,2.641196871161454185e-01,-2.226117112662733821e-01,2.636574242267887835e-01,6.900060125367740715e-01,5.561888207203461443e-01,8.120000000000002771e-01,4.939999999999999947e-01,6.775972804985458398e-01,5.537429853269248969e-01,5.240000000000000213e-01,4.939999999999999947e-01,0.000000000000000000e+00,2.000000000000000111e-01
1.759834408189000000e+12,4.000000000000000000e+00,4.000000000000000000e+00,0.000000000000000000e+00,0.000000000000000000e+00,0.000000000000000000e+00,-2.226117112662733821e-01,2.636574242267887835e-01,-2.207076419349295882e-01,2.631951145903611566e-01,6.775972804985458398e-01,5.537429853269248969e-01,8.120000000000002771e-01,4.939999999999999947e-01,6.877253088567575334e-01,5.512969025945035906e-01,5.240000000000000213e-01,4.939999999999999947e-01,0.000000000000000000e+00,0.000000000000000000e+00
1.759834408394000000e+12,4.000000000000000000e+00,4.000000000000000000e+00,0.000000000000000000e+00,0.000000000000000000e+00,2.000000000000000000e+00,-2.207076419349295882e-01,2.631951145903611566e-01,-2.225634354475714838e-01,2.627326749516888937e-01,6.877253088567575334e-01,5.512969025945035906e-01,8.120000000000002771e-01,4.939999999999999947e-01,6.778540667682367848e-01,5.488501320195180444e-01,4.239999999999999880e-01,4.939999999999999947e-01,0.000000000000000000e+00,-2.000000000000000111e-01
1.759834408603000000e+12,4.000000000000000000e+00,4.000000000000000000e+00,0.000000000000000000e+00,0.000000000000000000e+00,0.000000000000000000e+00,-2.228039475528947322e-01,2.627141701945909791e-01,-2.292138772549940640e-01,2.622515431480926251e-01,6.765747470590705026e-01,5.487522232518041720e-01,5.000000000000000000e-01,4.939999999999999947e-01,6.424793763032230487e-01,5.463044611010192675e-01,4.199999999999999289e-01,4.939999999999999947e-01,0.000000000000000000e+00,0.000000000000000000e+00
1.759834408814000000e+12,4.000000000000000000e+00,4.000000000000000000e+00,0.000000000000000000e+00,0.000000000000000000e+00,1.000000000000000000e+00,-2.292138772549940640e-01,2.622515431480926251e-01,-2.318659378433888252e-01,2.617892382249484284e-01,6.424793763032230487e-01,5.463044611010192675e-01,5.000000000000000000e-01,4.939999999999999947e-01,6.283726710458040765e-01,5.438584033066055090e-01,5.200000000000000178e-01,4.939999999999999947e-01,0.000000000000000000e+00,2.000000000000000111e-01
1.759834409017000000e+12,4.000000000000000000e+00,4.000000000000000000e+00,0.000000000000000000e+00,0.000000000000000000e+00,0.000000000000000000e+00,-2.318659378433888252e-01,2.617892382249484284e-01,-2.299770873485328382e-01,2.613268956281676325e-01,6.283726710458040765e-01,5.438584033066055090e-01,5.000000000000000000e-01,4.939999999999999947e-01,6.384197481461019175e-01,5.414121461807811508e-01,5.240000000000000213e-01,4.939999999999999947e-01,0.000000000000000000e+00,0.000000000000000000e+00
1.759834409223000000e+12,4.000000000000000000e+00,4.000000000000000000e+00,0.000000000000000000e+00,0.000000000000000000e+00,0.000000000000000000e+00,-2.299008228497573803e-01,2.613083988041915995e-01,-2.279940960446861231e-01,2.608459419723116457e-01,6.388254103736309419e-01,5.413142793872571801e-01,5.000000000000000000e-01,4.939999999999999947e-01,6.489675742303929740e-01,5.388674178429188055e-01,5.240000000000000213e-01,4.939999999999999947e-01,0.000000000000000000e+00,0.000000000000000000e+00
1.759834409429000000e+12,4.000000000000000000e+00,4.000000000000000000e+00,0.000000000000000000e+00,0.000000000000000000e+00,0.000000000000000000e+00,-2.279940960446861231e-01,2.608459419723116457e-01,-2.260870876532172224e-01,2.603833601706430634e-01,6.489675742303929740e-01,5.388674178429188055e-01,4.000000000000000777e-01,4.939999999999999947e-01,6.591112358871423771e-01,5.364198950827675505e-01,5.240000000000000213e-01,4.939999999999999947e-01,0.000000000000000000e+00,0.000000000000000000e+00
1.759834409635000000e+12,4.000000000000000000e+00,4.000000000000000000e+00,0.000000000000000000e+00,0.000000000000000000e+00,0.000000000000000000e+00,-2.260870876532172224e-01,2.603833601706430634e-01,-2.241035128762622619e-01,2.599021515696482432e-01,6.591112358871423771e-01,5.364198950827675505e-01,2.959999999999999853e-01,4.939999999999999947e-01,6.696621655517964733e-01,5.338738178288267022e-01,5.240000000000000213e-01,4.939999999999999947e-01,0.000000000000000000e+00,0.000000000000000000e+00
1.759834409840000000e+12,4.000000000000000000e+00,4.000000000000000000e+00,0.000000000000000000e+00,0.000000000000000000e+00,2.000000000000000000e+00,-2.241035128762622619e-01,2.599021515696482432e-01,-2.259624879802862862e-01,2.594393172005554637e-01,6.696621655517964733e-01,5.338738178288267022e-01,3.960000000000000187e-01,4.939999999999999947e-01,6.597740001048602032e-01,5.314249587330978075e-01,4.239999999999999880e-01,4.939999999999999947e-01,0.000000000000000000e+00,-2.000000000000000111e-01
1.759834410047000000e+12,4.000000000000000000e+00,4.000000000000000000e+00,0.000000000000000000e+00,0.000000000000000000e+00,0.000000000000000000e+00,-2.259624879802862862e-01,2.594393172005554637e-01,-2.320507508431846055e-01,2.589762996610537882e-01,6.597740001048602032e-01,5.314249587330978075e-01,2.999999999999999889e-01,4.939999999999999947e-01,6.273896231745499374e-01,5.289751304817661426e-01,4.239999999999999880e-01,4.939999999999999947e-01,0.000000000000000000e+00,0.000000000000000000e+00
1.759834410253000000e+12,4.000000000000000000e+00,4.000000000000000000e+00,0.000000000000000000e+00,0.000000000000000000e+00,1.000000000000000000e+00,-2.322944852600941634e-01,2.589577803197055106e-01,-2.346328702105160424e-01,2.584950764312137217e-01,6.260931635101374404e-01,5.288771445487064904e-01,2.999999999999999889e-01,4.939999999999999947e-01,6.136549456887444576e-01,5.264289758265277008e-01,5.240000000000000213e-01,4.939999999999999947e-01,0.000000000000000000e+00,2.000000000000000111e-01
1.759834410462000000e+12,4.000000000000000000e+00,4.000000000000000000e+00,0.000000000000000000e+00,0.000000000000000000e+00,0.000000000000000000e+00,-2.346328702105160424e-01,2.584950764312137217e-01,-2.323364492444193186e-01,2.580138036808063418e-01,6.136549456887444576e-01,5.264289758265277008e-01,3.999999999999999667e-01,4.939999999999999947e-01,6.258699508275568091e-01,5.238825591577055407e-01,5.279999999999999138e-01,4.939999999999999947e-01,0.000000000000000000e+00,0.000000000000000000e+00
1.759834410667000000e+12,4.000000000000000000e+00,4.000000000000000000e+00,0.000000000000000000e+00,0.000000000000000000e+00,0.000000000000000000e+00,-2.323364492444193186e-01,2.580138036808063418e-01,-2.301095747482748977e-01,2.575509155571324427e-01,6.258699508275568091e-01,5.238825591577055407e-01,3.039999999999999925e-01,4.939999999999999947e-01,6.377150279347079120e-01,5.214334156462034908e-01,5.279999999999999138e-01,4.939999999999999947e-01,0.000000000000000000e+00,0.000000000000000000e+00
1.759834410873000000e+12,4.000000000000000000e+00,4.000000000000000000e+00,0.000000000000000000e+00,0.000000000000000000e+00,0.000000000000000000e+00,-2.301095747482748977e-01,2.575509155571324427e-01,-2.278823931970919148e-01,2.570879045823443176e-01,6.377150279347079120e-01,5.214334156462034908e-01,4.040000000000000258e-01,4.939999999999999947e-01,6.495617383133408529e-01,5.189836221288059992e-01,5.279999999999999138e-01,4.939999999999999947e-01,0.000000000000000000e+00,0.000000000000000000e+00
1.759834411082000000e+12,4.000000000000000000e+00,4.000000000000000000e+00,0.000000000000000000e+00,-1.000000000000000056e-01,2.000000000000000000e+00,-2.277932991056201562e-01,2.570693811748054891e-01,-2.293162885722644928e-01,2.561270247291085878e-01,6.500356430552118869e-01,5.188856146815106207e-01,2.999999999999999889e-01,4.939999999999999947e-01,6.419346352539122558e-01,5.138996017413153261e-01,4.319999999999999951e-01,4.699999999999999734e-01,-2.000000000000000042e-02,-2.000000000000000111e-01
1.759834411293000000e+12,4.000000000000000000e+00,4.000000000000000000e+00,0.000000000000000000e+00,-1.000000000000000056e-01,0.000000000000000000e+00,-2.293162885722644928e-01,2.561270247291085878e-01,-2.356333256023518952e-01,2.514512798898257406e-01,6.419346352539122558e-01,5.138996017413153261e-01,1.999999999999997613e-01,4.679999999999999716e-01,6.083333744555750044e-01,4.891602110572790818e-01,4.239999999999999880e-01,4.180000000000000382e-01,-2.000000000000000042e-02,0.000000000000000000e+00
1.759834411501000000e+12,4.000000000000000000e+00,4.000000000000000000e+00,0.000000000000000000e+00,0.000000000000000000e+00,0.000000000000000000e+00,-2.356333256023518952e-01,2.514512798898257406e-01,-2.417256030944738288e-01,2.445967299012894447e-01,6.083333744555750044e-01,4.891602110572790818e-01,2.959999999999999853e-01,4.160000000000000364e-01,5.759276431145008424e-01,4.528927508004733093e-01,4.239999999999999880e-01,4.140000000000000346e-01,0.000000000000000000e+00,0.000000000000000000e+00
1.759834411710000000e+12,4.000000000000000000e+00,4.000000000000000000e+00,0.000000000000000000e+00,1.000000000000000056e-01,0.000000000000000000e+00,-2.419692964020759840e-01,2.443221506986908431e-01,-2.480617757135885615e-01,2.382005275057962612e-01,5.746314021166171182e-01,4.514399507867241090e-01,1.919999999999997264e-01,4.140000000000000346e-01,5.422245972681458692e-01,4.190504100835781287e-01,4.239999999999999880e-01,4.460000000000000075e-01,2.000000000000000042e-02,0.000000000000000000e+00
0.000000000000000000e+00,0.000000000000000000e+00,0.000000000000000000e+00,0.000000000000000000e+00,0.000000000000000000e+00,0.000000000000000000e+00,0.000000000000000000e+00,0.000000000000000000e+00,0.000000000000000000e+00,0.000000000000000000e+00,0.000000000000000000e+00,0.000000000000000000e+00,0.000000000000000000e+00,0.000000000000000000e+00,0.000000000000000000e+00,0.000000000000000000e+00,0.000000000000000000e+00,0.000000000000000000e+00,0.000000000000000000e+00,0.000000000000000000e+00
1.759834417713000000e+12,5.000000000000000000e+00,4.000000000000000000e+00,1.000000000000000000e+00,0.000000000000000000e+00,0.000000000000000000e+00,-2.492803620953053245e-01,2.373947037263186566e-01,-3.383404561561614288e-01,3.180754274129327097e-01,5.357427548122056793e-01,4.147867922027442811e-01,5.000000000000000000e-01,4.560000000000000164e-01,6.201885023318377821e-02,8.416689281107552212e-01,4.239999999999999880e-01,4.560000000000000164e-01,0.000000000000000000e+00,0.000000000000000000e+00
1.759834417919000000e+12,5.000000000000000000e+00,4.000000000000000000e+00,1.000000000000000000e+00,-1.000000000000000056e-01,1.000000000000000000e+00,-3.383404561561614288e-01,3.180754274129327097e-01,-3.407102645696987731e-01,3.139426175768114669e-01,6.201885023318377821e-02,8.416689281107552212e-01,4.000000000000000777e-01,4.560000000000000164e-01,4.941348633138939461e-02,8.198022094011189198e-01,5.240000000000000213e-01,4.260000000000000453e-01,-2.000000000000000042e-02,2.000000000000000111e-01
1.759834418129000000e+12,5.000000000000000000e+00,4.000000000000000000e+00,1.000000000000000000e+00,-1.000000000000000056e-01,2.000000000000000000e+00,-3.406399501199658397e-01,3.137095857820247913e-01,-3.421978526732870618e-01,3.057876084710097198e-01,4.978749936188372333e-02,8.185692369419301784e-01,2.999999999999999889e-01,4.240000000000000435e-01,4.150078365272828057e-02,7.766540130741256265e-01,4.279999999999999361e-01,3.739999999999999436e-01,-2.000000000000000042e-02,-2.000000000000000111e-01
1.759834418335000000e+12,5.000000000000000000e+00,4.000000000000000000e+00,1.000000000000000000e+00,0.000000000000000000e+00,2.000000000000000000e+00,-3.421978526732870618e-01,3.057876084710097198e-01,-3.498057453100172354e-01,2.945095334108370211e-01,4.150078365272828057e-02,7.766540130741256265e-01,1.959999999999997300e-01,3.739999999999999436e-01,1.033269627567779065e-03,7.169816582583969922e-01,5.000000000000000000e-01,3.539999999999998703e-01,0.000000000000000000e+00,-2.000000000000000111e-01
1.759834418542000000e+12,5.000000000000000000e+00,4.000000000000000000e+00,1.000000000000000000e+00,0.000000000000000000e+00,1.000000000000000000e+00,-3.498072776394179351e-01,2.940435179972240576e-01,-3.460802050548169584e-01,2.823913447404528543e-01,1.025118939266184788e-03,7.145159682392807632e-01,1.959999999999997300e-01,3.539999999999998703e-01,2.084997311267563699e-02,6.528642578859940038e-01,5.999999999999999778e-01,3.539999999999998703e-01,0.000000000000000000e+00,2.000000000000000111e-01
1.759834418751000000e+12,5.000000000000000000e+00,4.000000000000000000e+00,1.000000000000000000e+00,1.000000000000000056e-01,1.000000000000000000e+00,-3.460802050548169584e-01,2.823913447404528543e-01,-3.343522315781340959e-01,2.707677846656273979e-01,2.084997311267563699e-02,6.528642578859940038e-01,9.600000000000025180e-02,3.539999999999998703e-01,8.323281075460577105e-02,5.913639400297746596e-01,7.000000000000000666e-01,3.619999999999999329e-01,2.000000000000000042e-02,2.000000000000000111e-01
1.759834418962000000e+12,5.000000000000000000e+00,4.000000000000000000e+00,1.000000000000000000e+00,1.000000000000000056e-01,1.000000000000000000e+00,-3.337165330635730731e-01,2.703254401981666777e-01,-3.136649920837922823e-01,2.613426695191619076e-01,8.661418583205801602e-02,5.890234931119930906e-01,9.600000000000025180e-02,3.639999999999999347e-01,1.932713187032324420e-01,5.414956059214915962e-01,8.040000000000002700e-01,4.140000000000000346e-01,2.000000000000000042e-02,2.000000000000000111e-01
1.759834419170000000e+12,5.000000000000000000e+00,4.000000000000000000e+00,1.000000000000000000e+00,1.000000000000000056e-01,0.000000000000000000e+00,-3.126963064093949973e-01,2.610665142763843871e-01,-2.880809859180845089e-01,2.562375672871131105e-01,1.984239020776860929e-01,5.400344670708169259e-01,1.959999999999997300e-01,4.140000000000000346e-01,3.293564578825291522e-01,5.144844830005985692e-01,8.080000000000003846e-01,4.660000000000000253e-01,2.000000000000000042e-02,0.000000000000000000e+00
1.759834419375000000e+12,5.000000000000000000e+00,4.000000000000000000e+00,1.000000000000000000e+00,1.000000000000000056e-01,2.000000000000000000e+00,-2.880809859180845089e-01,2.562375672871131105e-01,-2.672197572379239050e-01,2.554107769400965622e-01,3.293564578825291522e-01,5.144844830005985692e-01,5.000000000000000000e-01,4.660000000000000253e-01,4.403204402238089510e-01,5.101099308999819115e-01,7.079999999999999627e-01,5.160000000000000142e-01,2.000000000000000042e-02,-2.000000000000000111e-01
1.759834419580000000e+12,5.000000000000000000e+00,4.000000000000000000e+00,1.000000000000000000e+00,0.000000000000000000e+00,2.000000000000000000e+00,-2.672197572379239050e-01,2.554107769400965622e-01,-2.540098767014673520e-01,2.569166508037726282e-01,4.403204402238089510e-01,5.101099308999819115e-01,6.039999999999999813e-01,5.160000000000000142e-01,5.105857622262374163e-01,5.180775174802785266e-01,6.079999999999999849e-01,5.180000000000000160e-01,0.000000000000000000e+00,-2.000000000000000111e-01
1.759834419788000000e+12,5.000000000000000000e+00,4.000000000000000000e+00,1.000000000000000000e+00,0.000000000000000000e+00,0.000000000000000000e+00,-2.540098767014673520e-01,2.569166508037726282e-01,-2.457021644415906814e-01,2.583737875298738884e-01,5.105857622262374163e-01,5.180775174802785266e-01,5.040000000000000036e-01,5.180000000000000160e-01,5.547757210553686535e-01,5.257872356077983866e-01,6.039999999999999813e-01,5.180000000000000160e-01,0.000000000000000000e+00,0.000000000000000000e+00
1.759834419995000000e+12,5.000000000000000000e+00,4.000000000000000000e+00,1.000000000000000000e+00,0.000000000000000000e+00,0.000000000000000000e+00,-2.457021644415906814e-01,2.583737875298738884e-01,-2.373967538130373756e-01,2.598308614094701485e-01,5.547757210553686535e-01,5.257872356077983866e-01,6.079999999999999849e-01,5.180000000000000160e-01,5.989534371646947353e-01,5.334966212141278863e-01,6.039999999999999813e-01,5.180000000000000160e-01,0.000000000000000000e+00,0.000000000000000000e+00
1.759834420198000000e+12,5.000000000000000000e+00,4.000000000000000000e+00,1.000000000000000000e+00,-1.000000000000000056e-01,0.000000000000000000e+00,-2.373967538130373756e-01,2.598308614094701485e-01,-2.290904862032349387e-01,2.612534812277410023e-01,5.989534371646947353e-01,5.334966212141278863e-01,7.079999999999999627e-01,5.180000000000000160e-01,6.431357116849205635e-01,5.410237101996878684e-01,6.039999999999999813e-01,5.100000000000000089e-01,-2.000000000000000042e-02,0.000000000000000000e+00
1.759834420403000000e+12,5.000000000000000000e+00,4.000000000000000000e+00,1.000000000000000000e+00,-1.000000000000000056e-01,2.000000000000000000e+00,-2.287582203954912630e-01,2.612869619813883437e-01,-2.242159324830381995e-01,2.600626378998694421e-01,6.449030830027060457e-01,5.412008570443828104e-01,8.080000000000003846e-01,5.080000000000000071e-01,6.690641889200095171e-01,5.347229518511611435e-01,5.040000000000000036e-01,4.579999999999999627e-01,-2.000000000000000042e-02,-2.000000000000000111e-01
1.759834420614000000e+12,5.000000000000000000e+00,4.000000000000000000e+00,1.000000000000000000e+00,0.000000000000000000e+00,2.000000000000000000e+00,-2.242159324830381995e-01,2.600626378998694421e-01,-2.276681848391490792e-01,2.556835932945155654e-01,6.690641889200095171e-01,5.347229518511611435e-01,8.120000000000002771e-01,4.579999999999999627e-01,6.507011444726112925e-01,5.115534036746856028e-01,4.040000000000000258e-01,4.420000000000000040e-01,0.000000000000000000e+00,-2.000000000000000111e-01
1.759834420819000000e+12,5.000000000000000000e+00,4.000000000000000000e+00,1.000000000000000000e+00,0.000000000000000000e+00,0.000000000000000000e+00,-2.279742737035195810e-01,2.554986452878487690e-01,-2.359835493847846632e-01,2.508747068922175805e-01,6.490730122153213211e-01,5.105748427928507027e-01,8.120000000000002771e-01,4.420000000000000040e-01,6.064704819958262050e-01,4.861095602762835477e-01,4.000000000000000777e-01,4.420000000000000040e-01,0.000000000000000000e+00,0.000000000000000000e+00
1.759834421025000000e+12,5.000000000000000000e+00,4.000000000000000000e+00,1.000000000000000000e+00,1.000000000000000056e-01,1.000000000000000000e+00,-2.359835493847846632e-01,2.508747068922175805e-01,-2.402475953029624689e-01,2.463371856519459557e-01,6.064704819958262050e-01,4.861095602762835477e-01,8.120000000000002771e-01,4.420000000000000040e-01,5.837893866863698156e-01,4.621015113859575085e-01,5.000000000000000000e-01,4.540000000000000147e-01,2.000000000000000042e-02,2.000000000000000111e-01
1.759834421232000000e+12,5.000000000000000000e+00,4.000000000000000000e+00,1.000000000000000000e+00,1.000000000000000056e-01,0.000000000000000000e+00,-2.402475953029624689e-01,2.463371856519459557e-01,-2.399597130106461695e-01,2.445571112504382472e-01,5.837893866863698156e-01,4.621015113859575085e-01,8.120000000000002771e-01,4.540000000000000147e-01,5.853206754752863228e-01,4.526831283091971025e-01,5.040000000000000036e-01,5.040000000000000036e-01,2.000000000000000042e-02,0.000000000000000000e+00
1.759834421439000000e+12,5.000000000000000000e+00,4.000000000000000000e+00,1.000000000000000000e+00,0.000000000000000000e+00,0.000000000000000000e+00,-2.399474276113629512e-01,2.445689436711658282e-01,-2.396403238360708676e-01,2.452152055250557683e-01,5.853860233438140659e-01,4.527457337098721446e-01,8.120000000000002771e-01,5.060000000000000053e-01,5.870195540634528530e-01,4.561651085981787146e-01,5.040000000000000036e-01,5.080000000000000071e-01,0.000000000000000000e+00,0.000000000000000000e+00
1.759834421647000000e+12,5.000000000000000000e+00,4.000000000000000000e+00,1.000000000000000000e+00,1.000000000000000056e-01,0.000000000000000000e+00,-2.396280387294216774e-01,2.452414402709653940e-01,-2.393209491628202901e-01,2.461717729307184577e-01,5.870849003754166073e-01,4.563039167775947424e-01,5.000000000000000000e-01,5.080000000000000071e-01,5.887183555169133164e-01,4.612263118027432052e-01,5.040000000000000036e-01,5.279999999999999138e-01,2.000000000000000042e-02,0.000000000000000000e+00
1.759834421855000000e+12,5.000000000000000000e+00,4.000000000000000000e+00,1.000000000000000000e+00,1.000000000000000056e-01,0.000000000000000000e+00,-2.393209491628202901e-01,2.461717729307184577e-01,-2.390137820028379045e-01,2.503087979570848276e-01,5.887183555169133164e-01,4.612263118027432052e-01,5.000000000000000000e-01,5.279999999999999138e-01,5.903522233891600468e-01,4.831153331062689738e-01,5.040000000000000036e-01,5.779999999999999583e-01,2.000000000000000042e-02,0.000000000000000000e+00
1.759834422065000000e+12,5.000000000000000000e+00,4.000000000000000000e+00,1.000000000000000000e+00,0.000000000000000000e+00,0.000000000000000000e+00,-2.390014918231840313e-01,2.505574598073733172e-01,-2.386944430603524236e-01,2.575416629438913585e-01,5.904175966851913371e-01,4.844310042718165676e-01,5.000000000000000000e-01,5.799999999999999600e-01,5.920508347853594699e-01,5.213844600205892466e-01,5.040000000000000036e-01,5.879999999999999671e-01,0.000000000000000000e+00,0.000000000000000000e+00
1.759834422274000000e+12,5.000000000000000000e+00,4.000000000000000000e+00,1.000000000000000000e+00,-1.000000000000000056e-01,0.000000000000000000e+00,-2.386821770149215316e-01,2.578239628187617982e-01,-2.383759701373507900e-01,2.638170083529182142e-01,5.921160797078641735e-01,5.228781101521788877e-01,5.000000000000000000e-01,5.879999999999999671e-01,5.937448396949426277e-01,5.545873457826361319e-01,5.040000000000000036e-01,5.499999999999999334e-01,-2.000000000000000042e-02,0.000000000000000000e+00
1.759834422480000000e+12,5.000000000000000000e+00,4.000000000000000000e+00,1.000000000000000000e+00,0.000000000000000000e+00,0.000000000000000000e+00,-2.383759701373507900e-01,2.638170083529182142e-01,-2.380705757883860851e-01,2.660425283639940019e-01,5.937448396949426277e-01,5.545873457826361319e-01,4.000000000000000777e-01,5.499999999999999334e-01,5.953692777213506204e-01,5.663625839364763159e-01,5.040000000000000036e-01,5.120000000000000107e-01,0.000000000000000000e+00,0.000000000000000000e+00
1.759834422685000000e+12,5.000000000000000000e+00,4.000000000000000000e+00,1.000000000000000000e+00,0.000000000000000000e+00,0.000000000000000000e+00,-2.380583652100931313e-01,2.660816649318086258e-01,-2.377531272103433346e-01,2.670601382459130146e-01,5.954342276058876005e-01,5.665696557238552034e-01,2.959999999999999853e-01,5.120000000000000107e-01,5.970578339875354246e-01,5.717467632058890192e-01,5.040000000000000036e-01,5.120000000000000107e-01,0.000000000000000000e+00,0.000000000000000000e+00
1.759834422891000000e+12,5.000000000000000000e+00,4.000000000000000000e+00,1.000000000000000000e+00,0.000000000000000000e+00,0.000000000000000000e+00,-2.377531272103433346e-01,2.670601382459130146e-01,-2.374479448976478946e-01,2.680387296968254063e-01,5.970578339875354246e-01,5.717467632058890192e-01,3.960000000000000187e-01,5.120000000000000107e-01,5.986811441614473539e-01,5.769244957503990578e-01,5.040000000000000036e-01,5.120000000000000107e-01,0.000000000000000000e+00,0.000000000000000000e+00
1.759834423096000000e+12,5.000000000000000000e+00,4.000000000000000000e+00,1.000000000000000000e+00,0.000000000000000000e+00,0.000000000000000000e+00,-2.374479448976478946e-01,2.680387296968254063e-01,-2.371428170485924691e-01,2.690174388770927849e-01,5.986811441614473539e-01,5.769244957503990578e-01,2.999999999999999889e-01,5.120000000000000107e-01,6.003041646351464644e-01,5.821028512015491430e-01,5.040000000000000036e-01,5.120000000000000107e-01,0.000000000000000000e+00,0.000000000000000000e+00
1.759834423302000000e+12,5.000000000000000000e+00,4.000000000000000000e+00,1.000000000000000000e+00,0.000000000000000000e+00,0.000000000000000000e+00,-2.371306123805221322e-01,2.690565890930994297e-01,-2.368255522135596647e-01,2.700354309814296805e-01,6.003690830823290581e-01,5.823099952015843295e-01,2.999999999999999889e-01,5.120000000000000107e-01,6.019917435448953746e-01,5.874890528117973076e-01,5.040000000000000036e-01,5.120000000000000107e-01,0.000000000000000000e+00,0.000000000000000000e+00
1.759834423512000000e+12,5.000000000000000000e+00,4.000000000000000000e+00,1.000000000000000000e+00,0.000000000000000000e+00,0.000000000000000000e+00,-2.368255522135596647e-01,2.700354309814296805e-01,-2.365205434750805025e-01,2.710143892482270167e-01,6.019917435448953746e-01,5.874890528117973076e-01,3.999999999999999667e-01,5.120000000000000107e-01,6.036141304516994266e-01,5.926687261810954510e-01,5.040000000000000036e-01,5.120000000000000107e-01,0.000000000000000000e+00,0.000000000000000000e+00
1.759834423717000000e+12,5.000000000000000000e+00,4.000000000000000000e+00,1.000000000000000000e+00,-1.000000000000000056e-01,0.000000000000000000e+00,-2.365083443928797657e-01,2.710535501786808799e-01,-2.362034020572643112e-01,2.719974407142949913e-01,6.036790191868097732e-01,5.928759268713275077e-01,3.039999999999999925e-01,5.120000000000000107e-01,6.053010528868919549e-01,5.978700566893915269e-01,5.040000000000000036e-01,5.040000000000000036e-01,-2.000000000000000042e-02,0.000000000000000000e+00
1.759834423929000000e+12,5.000000000000000000e+00,4.000000000000000000e+00,1.000000000000000000e+00,-1.000000000000000056e-01,0.000000000000000000e+00,-2.362034020572643112e-01,2.719974407142949913e-01,-2.358983795397701089e-01,2.704605253969720180e-01,6.053010528868919549e-01,5.978700566893915269e-01,4.040000000000000258e-01,5.040000000000000036e-01,6.069235130863291916e-01,5.897382296136086666e-01,5.040000000000000036e-01,4.540000000000000147e-01,-2.000000000000000042e-02,0.000000000000000000e+00
1.759834424140000000e+12,5.000000000000000000e+00,4.000000000000000000e+00,1.000000000000000000e+00,0.000000000000000000e+00,1.000000000000000000e+00,-2.358861672846189750e-01,2.703164821590058886e-01,-2.318171468747565189e-01,2.653588890321076366e-01,6.069884718903245657e-01,5.889760960793962719e-01,2.999999999999999889e-01,4.520000000000000129e-01,6.286321974746993391e-01,5.627454446143261846e-01,6.039999999999999813e-01,4.340000000000000524e-01,0.000000000000000000e+00,2.000000000000000111e-01
1.759834424345000000e+12,5.000000000000000000e+00,4.000000000000000000e+00,1.000000000000000000e+00,0.000000000000000000e+00,2.000000000000000000e+00,-2.318171468747565189e-01,2.653588890321076366e-01,-2.272749102461792403e-01,2.600964266226300503e-01,6.286321974746993391e-01,5.627454446143261846e-01,1.999999999999997613e-01,4.340000000000000524e-01,6.527930306054295917e-01,5.349017281620638276e-01,5.040000000000000036e-01,4.340000000000000524e-01,0.000000000000000000e+00,-2.000000000000000111e-01
1.759834424554000000e+12,5.000000000000000000e+00,4.000000000000000000e+00,1.000000000000000000e+00,0.000000000000000000e+00,0.000000000000000000e+00,-2.272749102461792403e-01,2.600964266226300503e-01,-2.272699174026102664e-01,2.546228835035965754e-01,6.527930306054295917e-01,5.349017281620638276e-01,2.959999999999999853e-01,4.340000000000000524e-01,6.528195882839878950e-01,5.059411825587121214e-01,5.000000000000000000e-01,4.340000000000000524e-01,0.000000000000000000e+00,0.000000000000000000e+00
1.759834424763000000e+12,5.000000000000000000e+00,4.000000000000000000e+00,1.000000000000000000e+00,1.000000000000000056e-01,0.000000000000000000e+00,-2.272699174026102664e-01,2.546228835035965754e-01,-2.272816214360517395e-01,2.501040090110710490e-01,6.528195882839878950e-01,5.059411825587121214e-01,1.919999999999997264e-01,4.340000000000000524e-01,6.527573327869587994e-01,4.820317937093706595e-01,5.000000000000000000e-01,4.660000000000000253e-01,2.000000000000000042e-02,0.000000000000000000e+00
1.759834424971000000e+12,5.000000000000000000e+00,4.000000000000000000e+00,1.000000000000000000e+00,1.000000000000000056e-01,0.000000000000000000e+00,-2.272816214360517395e-01,2.501040090110710490e-01,-2.272933181085857735e-01,2.492743431148167488e-01,6.527573327869587994e-01,4.820317937093706595e-01,9.200000000000027600e-02,4.660000000000000253e-01,6.526951164436927133e-01,4.776420270625225117e-01,5.000000000000000000e-01,5.160000000000000142e-01,2.000000000000000042e-02,0.000000000000000000e+00
1.759834425177000000e+12,5.000000000000000000e+00,4.000000000000000000e+00,1.000000000000000000e+00,0.000000000000000000e+00,0.000000000000000000e+00,-2.272937855174003152e-01,2.493253797616147571e-01,-2.273055294439599305e-01,2.510774002206617173e-01,6.526926302265940727e-01,4.779120622307659882e-01,5.000000000000000000e-01,5.180000000000000160e-01,6.526301625321280220e-01,4.871820117495329616e-01,5.000000000000000000e-01,5.220000000000000195e-01,0.000000000000000000e+00,0.000000000000000000e+00
1.759834425389000000e+12,5.000000000000000000e+00,4.000000000000000000e+00,1.000000000000000000e+00,0.000000000000000000e+00,0.000000000000000000e+00,-2.273055294439599305e-01,2.510774002206617173e-01,-2.273174350140708677e-01,2.528536271790082779e-01,6.526301625321280220e-01,4.871820117495329616e-01,5.000000000000000000e-01,5.220000000000000195e-01,6.525668350315378952e-01,4.965800379841708301e-01,5.000000000000000000e-01,5.220000000000000195e-01,0.000000000000000000e+00,0.000000000000000000e+00
1.759834425594000000e+12,5.000000000000000000e+00,4.000000000000000000e+00,1.000000000000000000e+00,-1.000000000000000056e-01,0.000000000000000000e+00,-2.273179153178535028e-01,2.529246811625112668e-01,-2.273299968037063579e-01,2.542979145275313102e-01,6.525642802241834461e-01,4.969559849868321333e-01,5.000000000000000000e-01,5.220000000000000195e-01,6.525000170015619050e-01,5.042217699869382397e-01,5.000000000000000000e-01,4.979999999999999982e-01,-2.000000000000000042e-02,0.000000000000000000e+00
1.759834425799000000e+12,5.000000000000000000e+00,4.000000000000000000e+00,1.000000000000000000e+00,-1.000000000000000056e-01,0.000000000000000000e+00,-2.273299968037063579e-01,2.542979145275313102e-01,-2.273420138744003949e-01,2.522855367590062792e-01,6.525000170015619050e-01,5.042217699869382397e-01,6.039999999999999813e-01,4.979999999999999982e-01,6.524360964127637885e-01,4.935742685661708706e-01,5.000000000000000000e-01,4.480000000000000648e-01,-2.000000000000000042e-02,0.000000000000000000e+00
1.759834426009000000e+12,5.000000000000000000e+00,4.000000000000000000e+00,1.000000000000000000e+00,0.000000000000000000e+00,0.000000000000000000e+00,-2.273424829540031944e-01,2.521213882378842697e-01,-2.273538186903562019e-01,2.470029906183154600e-01,6.524336013084935937e-01,4.927057578724036158e-01,5.040000000000000036e-01,4.460000000000000075e-01,6.523733048385308431e-01,4.656242889857961642e-01,5.000000000000000000e-01,4.340000000000000524e-01,0.000000000000000000e+00,0.000000000000000000e+00
1.759834426216000000e+12,5.000000000000000000e+00,4.000000000000000000e+00,1.000000000000000000e+00,0.000000000000000000e+00,0.000000000000000000e+00,-2.273538186903562019e-01,2.470029906183154600e-01,-2.273646411718070193e-01,2.417384027991536510e-01,6.523733048385308431e-01,4.656242889857961642e-01,5.000000000000000000e-01,4.340000000000000524e-01,6.523157384478349696e-01,4.377693269796489872e-01,5.000000000000000000e-01,4.340000000000000524e-01,0.000000000000000000e+00,0.000000000000000000e+00
1.759834426421000000e+12,5.000000000000000000e+00,4.000000000000000000e+00,1.000000000000000000e+00,0.000000000000000000e+00,0.000000000000000000e+00,-2.273646411718070193e-01,2.417384027991536510e-01,-2.273749882050270510e-01,2.364732507325859046e-01,6.523157384478349696e-01,4.377693269796489872e-01,5.999999999999999778e-01,4.340000000000000524e-01,6.522607010370901071e-01,4.099113795374916269e-01,5.000000000000000000e-01,4.340000000000000524e-01,0.000000000000000000e+00,0.000000000000000000e+00
1.759834426625000000e+12,5.000000000000000000e+00,4.000000000000000000e+00,1.000000000000000000e+00,1.000000000000000056e-01,0.000000000000000000e+00,-2.273749882050270510e-01,2.364732507325859046e-01,-2.273852600369565269e-01,2.310841093775898580e-01,6.522607010370901071e-01,4.099113795374916269e-01,7.000000000000000666e-01,4.340000000000000524e-01,6.522060636332099870e-01,3.813974041142321192e-01,5.000000000000000000e-01,4.460000000000000075e-01,2.000000000000000042e-02,0.000000000000000000e+00
1.759834426831000000e+12,5.000000000000000000e+00,4.000000000000000000e+00,1.000000000000000000e+00,1.000000000000000056e-01,2.000000000000000000e+00,-2.273852600369565269e-01,2.310841093775898580e-01,-2.311583751126453645e-01,2.286577153435797038e-01,6.522060636332099870e-01,3.813974041142321192e-01,5.000000000000000000e-01,4.460000000000000075e-01,6.321363025923119050e-01,3.685593404422207175e-01,4.000000000000000777e-01,4.960000000000000520e-01,2.000000000000000042e-02,-2.000000000000000111e-01
1.759834427040000000e+12,5.000000000000000000e+00,4.000000000000000000e+00,1.000000000000000000e+00,1.000000000000000056e-01,0.000000000000000000e+00,-2.314723850281110717e-01,2.286422429700118442e-01,-2.398015124046147806e-01,2.303740359406138416e-01,6.304660370845155404e-01,3.684774760318087483e-01,5.000000000000000000e-01,4.960000000000000520e-01,5.861621680605596518e-01,3.776404018021896625e-01,3.960000000000000187e-01,5.460000000000000409e-01,2.000000000000000042e-02,0.000000000000000000e+00
1.759834427246000000e+12,5.000000000000000000e+00,4.000000000000000000e+00,1.000000000000000000e+00,0.000000000000000000e+00,0.000000000000000000e+00,-2.398015124046147806e-01,2.303740359406138416e-01,-2.481332050146125012e-01,2.349209415063256978e-01,5.861621680605596518e-01,3.776404018021896625e-01,5.000000000000000000e-01,5.479999999999999316e-01,5.418446541775930880e-01,4.016981032080725322e-01,3.960000000000000187e-01,5.579999999999999405e-01,0.000000000000000000e+00,0.000000000000000000e+00
1.759834427453000000e+12,5.000000000000000000e+00,4.000000000000000000e+00,1.000000000000000000e+00,0.000000000000000000e+00,1.000000000000000000e+00,-2.481332050146125012e-01,2.349209415063256978e-01,-2.530442030679014853e-01,2.397621699250236382e-01,5.418446541775930880e-01,4.016981032080725322e-01,5.000000000000000000e-01,5.579999999999999405e-01,5.157223241069069930e-01,4.273130683863685109e-01,4.960000000000000520e-01,5.579999999999999405e-01,0.000000000000000000e+00,2.000000000000000111e-01
0.000000000000000000e+00,0.000000000000000000e+00,0.000000000000000000e+00,0.000000000000000000e+00,0.000000000000000000e+00,0.000000000000000000e+00,0.000000000000000000e+00,0.000000000000000000e+00,0.000000000000000000e+00,0.000000000000000000e+00,0.000000000000000000e+00,0.000000000000000000e+00,0.000000000000000000e+00,0.000000000000000000e+00,0.000000000000000000e+00,0.000000000000000000e+00,0.000000000000000000e+00,0.000000000000000000e+00,0.000000000000000000e+00,0.000000000000000000e+00
1.759834433458000000e+12,6.000000000000000000e+00,4.000000000000000000e+00,2.000000000000000000e+00,0.000000000000000000e+00,0.000000000000000000e+00,-2.529850110525329598e-01,2.408794953600200406e-01,-1.697914910519443543e-01,1.672244231277387749e-01,5.160371752524841593e-01,4.332248431747092732e-01,5.000000000000000000e-01,5.579999999999999405e-01,9.585558986598704534e-01,4.351546628433213687e-02,5.200000000000000178e-01,5.579999999999999405e-01,0.000000000000000000e+00,0.000000000000000000e+00
1.759834433664000000e+12,6.000000000000000000e+00,4.000000000000000000e+00,2.000000000000000000e+00,0.000000000000000000e+00,1.000000000000000000e+00,-1.697275529577029762e-01,1.674103483462627551e-01,-1.643754111009561591e-01,1.720580376051917826e-01,9.588959949058352139e-01,4.449919759927382923e-02,4.000000000000000777e-01,5.579999999999999405e-01,9.873648345693821771e-01,6.909014605921577623e-02,6.199999999999999956e-01,5.579999999999999405e-01,0.000000000000000000e+00,2.000000000000000111e-01
1.759834433872000000e+12,6.000000000000000000e+00,4.000000000000000000e+00,2.000000000000000000e+00,0.000000000000000000e+00,2.000000000000000000e+00,-1.643754111009561591e-01,1.720580376051917826e-01,-1.643002617650929365e-01,1.767062760199870353e-01,9.873648345693821771e-01,6.909014605921577623e-02,2.999999999999999889e-01,5.579999999999999405e-01,9.877645650792928889e-01,9.368400010575150816e-02,4.239999999999999880e-01,5.579999999999999405e-01,0.000000000000000000e+00,-2.000000000000000111e-01
1.759834434081000000e+12,6.000000000000000000e+00,4.000000000000000000e+00,2.000000000000000000e+00,1.000000000000000056e-01,2.000000000000000000e+00,-1.645403488963010918e-01,1.768922225705300832e-01,-1.747112529936196146e-01,1.819463174207018308e-01,9.864875058707388567e-01,9.466784428851895972e-02,1.959999999999997300e-01,5.579999999999999405e-01,9.323869521615978373e-01,1.214090868820202757e-01,3.240000000000001212e-01,5.799999999999999600e-01,2.000000000000000042e-02,-2.000000000000000111e-01
1.759834434284000000e+12,6.000000000000000000e+00,4.000000000000000000e+00,2.000000000000000000e+00,1.000000000000000056e-01,1.000000000000000000e+00,-1.747112529936196146e-01,1.819463174207018308e-01,-1.853595392658131669e-01,1.903906793173479883e-01,9.323869521615978373e-01,1.214090868820202757e-01,1.959999999999997300e-01,5.819999999999999618e-01,8.757471315648236443e-01,1.660882503563385626e-01,4.199999999999999289e-01,6.320000000000000062e-01,2.000000000000000042e-02,2.000000000000000111e-01
1.759834434491000000e+12,6.000000000000000000e+00,4.000000000000000000e+00,2.000000000000000000e+00,0.000000000000000000e+00,2.000000000000000000e+00,-1.853595392658131669e-01,1.903906793173479883e-01,-1.955200080127271756e-01,2.026745489149356649e-01,8.757471315648236443e-01,1.660882503563385626e-01,9.600000000000025180e-02,6.320000000000000062e-01,8.217020850386852482e-01,2.310822693911940007e-01,3.200000000000000622e-01,6.660000000000001474e-01,0.000000000000000000e+00,-2.000000000000000111e-01
1.759834434705000000e+12,6.000000000000000000e+00,4.000000000000000000e+00,2.000000000000000000e+00,0.000000000000000000e+00,0.000000000000000000e+00,-1.960913977137447584e-01,2.032062340656875798e-01,-2.108139461577943352e-01,2.164987741307078939e-01,8.186627781183789532e-01,2.338954183369713336e-01,9.600000000000025180e-02,6.660000000000001474e-01,7.403513502244981614e-01,3.042263181518936599e-01,3.160000000000000031e-01,6.660000000000001474e-01,0.000000000000000000e+00,0.000000000000000000e+00
1.759834434911000000e+12,6.000000000000000000e+00,4.000000000000000000e+00,2.000000000000000000e+00,0.000000000000000000e+00,1.000000000000000000e+00,-2.108139461577943352e-01,2.164987741307078939e-01,-2.217844774012221465e-01,2.297928423429655698e-01,7.403513502244981614e-01,3.042263181518936599e-01,1.959999999999997300e-01,6.660000000000001474e-01,6.819974606317971144e-01,3.745653034019342797e-01,4.159999999999999809e-01,6.660000000000001474e-01,0.000000000000000000e+00,2.000000000000000111e-01
1.759834435123000000e+12,6.000000000000000000e+00,4.000000000000000000e+00,2.000000000000000000e+00,0.000000000000000000e+00,1.000000000000000000e+00,-2.220567987543386190e-01,2.303246451042601783e-01,-2.247052725849823795e-01,2.436202768410599684e-01,6.805489427960711435e-01,3.773790746257152939e-01,5.000000000000000000e-01,6.660000000000001474e-01,6.664613160373277223e-01,4.477263324923808074e-01,5.200000000000000178e-01,6.660000000000001474e-01,0.000000000000000000e+00,2.000000000000000111e-01
1.759834435333000000e+12,6.000000000000000000e+00,4.000000000000000000e+00,2.000000000000000000e+00,-1.000000000000000056e-01,0.000000000000000000e+00,-2.247052725849823795e-01,2.436202768410599684e-01,-2.227392187764472564e-01,2.568848289184818001e-01,6.664613160373277223e-01,4.477263324923808074e-01,6.039999999999999813e-01,6.660000000000001474e-01,6.769190490614507283e-01,5.179091477168349389e-01,5.240000000000000213e-01,6.380000000000000115e-01,-2.000000000000000042e-02,0.000000000000000000e+00
1.759834435542000000e+12,6.000000000000000000e+00,4.000000000000000000e+00,2.000000000000000000e+00,0.000000000000000000e+00,0.000000000000000000e+00,-2.227392187764472564e-01,2.568848289184818001e-01,-2.208307023796131918e-01,2.660625597242186058e-01,6.769190490614507283e-01,5.179091477168349389e-01,5.040000000000000036e-01,6.380000000000000115e-01,6.870707320233340187e-01,5.664685699694106402e-01,5.240000000000000213e-01,5.879999999999999671e-01,0.000000000000000000e+00,0.000000000000000000e+00
1.759834435753000000e+12,6.000000000000000000e+00,4.000000000000000000e+00,2.000000000000000000e+00,0.000000000000000000e+00,0.000000000000000000e+00,-2.207543900940043269e-01,2.663472839072630327e-01,-2.188469143404862816e-01,2.734059112262368085e-01,6.874766484361471974e-01,5.679750471283758761e-01,6.079999999999999849e-01,5.879999999999999671e-01,6.976227960612431112e-01,6.053222816203006618e-01,5.240000000000000213e-01,5.879999999999999671e-01,0.000000000000000000e+00,0.000000000000000000e+00
1.759834435965000000e+12,6.000000000000000000e+00,4.000000000000000000e+00,2.000000000000000000e+00,-1.000000000000000056e-01,0.000000000000000000e+00,-2.188469143404862816e-01,2.734059112262368085e-01,-2.169399936294705289e-01,2.799862273381353295e-01,6.976227960612431112e-01,6.053222816203006618e-01,7.079999999999999627e-01,5.879999999999999671e-01,7.077659913326035390e-01,6.401387689848431206e-01,5.240000000000000213e-01,5.619999999999999440e-01,-2.000000000000000042e-02,0.000000000000000000e+00
1.759834436174000000e+12,6.000000000000000000e+00,4.000000000000000000e+00,2.000000000000000000e+00,-1.000000000000000056e-01,0.000000000000000000e+00,-2.168637359490191985e-01,2.801862248501648112e-01,-2.149575782383348344e-01,2.831239952650985714e-01,7.081716172924510388e-01,6.411969568791789920e-01,8.080000000000003846e-01,5.619999999999999440e-01,7.183107540514104272e-01,6.567407156883523500e-01,5.240000000000000213e-01,5.120000000000000107e-01,-2.000000000000000042e-02,0.000000000000000000e+00
1.759834436380000000e+12,6.000000000000000000e+00,4.000000000000000000e+00,2.000000000000000000e+00,-1.000000000000000056e-01,0.000000000000000000e+00,-2.149575782383348344e-01,2.831239952650985714e-01,-2.130514298046596866e-01,2.820698508129019233e-01,7.183107540514104272e-01,6.567407156883523500e-01,8.120000000000002771e-01,5.100000000000000089e-01,7.284498414645761422e-01,6.511632318142959175e-01,5.240000000000000213e-01,4.599999999999999645e-01,-2.000000000000000042e-02,0.000000000000000000e+00
1.759834436587000000e+12,6.000000000000000000e+00,4.000000000000000000e+00,2.000000000000000000e+00,-1.000000000000000056e-01,2.000000000000000000e+00,-2.130514298046596866e-01,2.820698508129019233e-01,-2.149093042181702273e-01,2.770088125603104023e-01,7.284498414645761422e-01,6.511632318142959175e-01,8.120000000000002771e-01,4.599999999999999645e-01,7.185675307544137080e-01,6.243852516418540999e-01,4.239999999999999880e-01,4.100000000000000866e-01,-2.000000000000000042e-02,-2.000000000000000111e-01
1.759834436793000000e+12,6.000000000000000000e+00,4.000000000000000000e+00,2.000000000000000000e+00,0.000000000000000000e+00,0.000000000000000000e+00,-2.151498035064814129e-01,2.767231767657437058e-01,-2.215587954163046325e-01,2.684553729076179507e-01,7.172882792208434832e-01,6.228739511415011254e-01,8.120000000000002771e-01,4.080000000000000293e-01,6.831978967217838816e-01,5.791289571831638172e-01,4.199999999999999289e-01,3.940000000000000169e-01,0.000000000000000000e+00,0.000000000000000000e+00
1.759834437000000000e+12,6.000000000000000000e+00,4.000000000000000000e+00,2.000000000000000000e+00,0.000000000000000000e+00,0.000000000000000000e+00,-2.215587954163046325e-01,2.684553729076179507e-01,-2.279708457078688522e-01,2.599930006090339640e-01,6.831978967217838816e-01,5.791289571831638172e-01,8.120000000000002771e-01,3.940000000000000169e-01,6.490912462347401268e-01,5.343545005768993716e-01,4.199999999999999289e-01,3.940000000000000169e-01,0.000000000000000000e+00,0.000000000000000000e+00
1.759834437208000000e+12,6.000000000000000000e+00,4.000000000000000000e+00,2.000000000000000000e+00,1.000000000000000056e-01,0.000000000000000000e+00,-2.279708457078688522e-01,2.599930006090339640e-01,-2.346397233122395898e-01,2.529215922813443096e-01,6.490912462347401268e-01,5.343545005768993716e-01,8.120000000000002771e-01,3.940000000000000169e-01,6.136184930200021537e-01,4.969396417002345245e-01,4.199999999999999289e-01,4.400000000000000022e-01,2.000000000000000042e-02,0.000000000000000000e+00
1.759834437414000000e+12,6.000000000000000000e+00,4.000000000000000000e+00,2.000000000000000000e+00,0.000000000000000000e+00,0.000000000000000000e+00,-2.346397233122395898e-01,2.529215922813443096e-01,-2.410529451422991076e-01,2.496962248635838932e-01,6.136184930200021537e-01,4.969396417002345245e-01,5.000000000000000000e-01,4.420000000000000040e-01,5.795056109452174642e-01,4.798742056274280521e-01,4.199999999999999289e-01,4.660000000000000253e-01,0.000000000000000000e+00,0.000000000000000000e+00
1.759834437622000000e+12,6.000000000000000000e+00,4.000000000000000000e+00,2.000000000000000000e+00,1.000000000000000056e-01,1.000000000000000000e+00,-2.410529451422991076e-01,2.496962248635838932e-01,-2.439695245907164967e-01,2.468843712193799500e-01,5.795056109452174642e-01,4.798742056274280521e-01,5.000000000000000000e-01,4.660000000000000253e-01,5.639918904749121609e-01,4.649966731184124735e-01,5.160000000000000142e-01,4.660000000000000253e-01,2.000000000000000042e-02,2.000000000000000111e-01
0.000000000000000000e+00,0.000000000000000000e+00,0.000000000000000000e+00,0.000000000000000000e+00,0.000000000000000000e+00,0.000000000000000000e+00,0.000000000000000000e+00,0.000000000000000000e+00,0.000000000000000000e+00,0.000000000000000000e+00,0.000000000000000000e+00,0.000000000000000000e+00,0.000000000000000000e+00,0.000000000000000000e+00,0.000000000000000000e+00,0.000000000000000000e+00,0.000000000000000000e+00,0.000000000000000000e+00,0.000000000000000000e+00,0.000000000000000000e+00
1.759834443607000000e+12,7.000000000000000000e+00,4.000000000000000000e+00,3.000000000000000000e+00,0.000000000000000000e+00,0.000000000000000000e+00,-2.434239792174492378e-01,2.463562581949516050e-01,-3.293142431268799020e-01,1.609717153334668249e-01,5.668937275667593756e-01,4.622024243119133291e-01,5.000000000000000000e-01,4.799999999999999822e-01,1.100306216655323327e-01,1.043235626172922016e-02,5.440000000000000391e-01,4.799999999999999822e-01,0.000000000000000000e+00,0.000000000000000000e+00
1.759834443814000000e+12,7.000000000000000000e+00,4.000000000000000000e+00,3.000000000000000000e+00,0.000000000000000000e+00,2.000000000000000000e+00,-3.293142431268799020e-01,1.609717153334668249e-01,-3.295752969314155179e-01,1.593820839427371183e-01,1.100306216655323327e-01,1.043235626172922016e-02,4.000000000000000777e-01,4.799999999999999822e-01,1.086420375988535192e-01,2.021608162630242865e-03,4.440000000000000058e-01,4.799999999999999822e-01,0.000000000000000000e+00,-2.000000000000000111e-01
1.759834444025000000e+12,7.000000000000000000e+00,4.000000000000000000e+00,3.000000000000000000e+00,0.000000000000000000e+00,1.000000000000000000e+00,-3.295752969314155179e-01,1.593820839427371183e-01,-3.308228890037194225e-01,1.590247605333627579e-01,1.086420375988535192e-01,2.021608162630242865e-03,2.999999999999999889e-01,4.799999999999999822e-01,1.020059095546838185e-01,1.310081130304519177e-04,5.360000000000000320e-01,5.000000000000000000e-01,0.000000000000000000e+00,2.000000000000000111e-01
1.759834444230000000e+12,7.000000000000000000e+00,4.000000000000000000e+00,3.000000000000000000e+00,1.000000000000000056e-01,2.000000000000000000e+00,-3.308228890037194225e-01,1.590247605333627579e-01,-3.314072403388811927e-01,1.599878930861613757e-01,1.020059095546838185e-01,1.310081130304519177e-04,1.959999999999997300e-01,5.000000000000000000e-01,9.889765777190843987e-02,5.226947545827372900e-03,4.399999999999999467e-01,5.360000000000000320e-01,2.000000000000000042e-02,-2.000000000000000111e-01
1.759834444439000000e+12,7.000000000000000000e+00,4.000000000000000000e+00,3.000000000000000000e+00,1.000000000000000056e-01,2.000000000000000000e+00,-3.314072403388811927e-01,1.599878930861613757e-01,-3.399838868175618090e-01,1.647579967011284230e-01,9.889765777190843987e-02,5.226947545827372900e-03,1.959999999999997300e-01,5.360000000000000320e-01,5.327719777892643560e-02,3.046559101126148847e-02,3.400000000000001354e-01,5.859999999999999654e-01,2.000000000000000042e-02,-2.000000000000000111e-01
1.759834444650000000e+12,7.000000000000000000e+00,4.000000000000000000e+00,3.000000000000000000e+00,0.000000000000000000e+00,2.000000000000000000e+00,-3.404870305462567859e-01,1.650288536494100011e-01,-3.498524198720017742e-01,1.739575486115959857e-01,5.060090134969783687e-02,3.189869655772486351e-02,9.600000000000025180e-02,5.879999999999999671e-01,7.850006808415088211e-04,7.914046884442320351e-02,5.000000000000000000e-01,6.340000000000001190e-01,0.000000000000000000e+00,-2.000000000000000111e-01
1.759834444854000000e+12,7.000000000000000000e+00,4.000000000000000000e+00,3.000000000000000000e+00,0.000000000000000000e+00,2.000000000000000000e+00,-3.498524198720017742e-01,1.739575486115959857e-01,-3.498742276758232128e-01,1.846901571758798877e-01,7.850006808415088211e-04,7.914046884442320351e-02,9.600000000000025180e-02,6.340000000000001190e-01,6.690017243444946636e-04,1.359267575443380283e-01,5.000000000000000000e-01,6.340000000000001190e-01,0.000000000000000000e+00,-2.000000000000000111e-01
1.759834445060000000e+12,7.000000000000000000e+00,4.000000000000000000e+00,3.000000000000000000e+00,0.000000000000000000e+00,0.000000000000000000e+00,-3.498751246595282471e-01,1.851194820112800621e-01,-3.498980151045492093e-01,1.958530907289187106e-01,6.642305344240992957e-04,1.381983175200003355e-01,1.959999999999997300e-01,6.340000000000001190e-01,5.424728481423857565e-04,1.949898980366069623e-01,5.000000000000000000e-01,6.340000000000001190e-01,0.000000000000000000e+00,0.000000000000000000e+00
1.759834445265000000e+12,7.000000000000000000e+00,4.000000000000000000e+00,3.000000000000000000e+00,0.000000000000000000e+00,2.000000000000000000e+00,-3.498980151045492093e-01,1.958530907289187106e-01,-3.499220555510503816e-01,2.065877605979183629e-01,5.424728481423857565e-04,1.949898980366069623e-01,5.000000000000000000e-01,6.340000000000001190e-01,4.145981327106180113e-04,2.517870931106792054e-01,5.000000000000000000e-01,6.340000000000001190e-01,0.000000000000000000e+00,-2.000000000000000111e-01
1.759834445468000000e+12,7.000000000000000000e+00,4.000000000000000000e+00,3.000000000000000000e+00,-1.000000000000000056e-01,1.000000000000000000e+00,-3.499220555510503816e-01,2.065877605979183629e-01,-3.461873328262373706e-01,2.170495154402538873e-01,4.145981327106180113e-04,2.517870931106792054e-01,6.039999999999999813e-01,6.340000000000001190e-01,2.028014454129046726e-02,3.071402933346766839e-01,5.999999999999999778e-01,6.140000000000001013e-01,-2.000000000000000042e-02,2.000000000000000111e-01
1.759834445679000000e+12,7.000000000000000000e+00,4.000000000000000000e+00,3.000000000000000000e+00,-1.000000000000000056e-01,1.000000000000000000e+00,-3.458731615126545145e-01,2.174173263153974522e-01,-3.338280244889125226e-01,2.245169060921665405e-01,2.195126854970991595e-02,3.090863826211505683e-01,5.040000000000000036e-01,6.119999999999999885e-01,8.602114633557157719e-02,3.466502967839499849e-01,7.039999999999999591e-01,5.619999999999999440e-01,-2.000000000000000042e-02,2.000000000000000111e-01
1.759834445885000000e+12,7.000000000000000000e+00,4.000000000000000000e+00,3.000000000000000000e+00,0.000000000000000000e+00,1.000000000000000000e+00,-3.338280244889125226e-01,2.245169060921665405e-01,-3.137673751929163091e-01,2.276658442145327033e-01,8.602114633557157719e-02,3.466502967839499849e-01,6.079999999999999849e-01,5.619999999999999440e-01,1.927267276972535748e-01,3.633113450504376063e-01,8.040000000000002700e-01,5.220000000000000195e-01,0.000000000000000000e+00,2.000000000000000111e-01
1.759834446093000000e+12,7.000000000000000000e+00,4.000000000000000000e+00,3.000000000000000000e+00,0.000000000000000000e+00,2.000000000000000000e+00,-3.128034022118421631e-01,2.277367062572602241e-01,-2.919409734006888080e-01,2.295089507148764529e-01,1.978542435540309452e-01,3.636862764934403747e-01,7.079999999999999627e-01,5.220000000000000195e-01,3.088246095708041539e-01,3.730632312956426722e-01,7.079999999999999627e-01,5.220000000000000195e-01,0.000000000000000000e+00,-2.000000000000000111e-01
1.759834446297000000e+12,7.000000000000000000e+00,4.000000000000000000e+00,3.000000000000000000e+00,1.000000000000000056e-01,2.000000000000000000e+00,-2.919409734006888080e-01,2.295089507148764529e-01,-2.790797463336224804e-01,2.331653531785488065e-01,3.088246095708041539e-01,3.730632312956426722e-01,8.080000000000003846e-01,5.220000000000000195e-01,3.772353918424335428e-01,3.924092760769778421e-01,6.079999999999999849e-01,5.719999999999999529e-01,2.000000000000000042e-02,-2.000000000000000111e-01
1.759834446506000000e+12,7.000000000000000000e+00,4.000000000000000000e+00,3.000000000000000000e+00,0.000000000000000000e+00,0.000000000000000000e+00,-2.790797463336224804e-01,2.331653531785488065e-01,-2.704525027392168934e-01,2.399764688815649860e-01,3.772353918424335428e-01,3.924092760769778421e-01,8.120000000000002771e-01,5.719999999999999529e-01,4.231249854296973423e-01,4.284469252992856858e-01,6.079999999999999849e-01,5.879999999999999671e-01,0.000000000000000000e+00,0.000000000000000000e+00
1.759834446719000000e+12,7.000000000000000000e+00,4.000000000000000000e+00,3.000000000000000000e+00,0.000000000000000000e+00,0.000000000000000000e+00,-2.701075280217060115e-01,2.402586848178344670e-01,-2.614829287015745796e-01,2.473144034494149934e-01,4.249599573313509460e-01,4.299401313112935497e-01,8.120000000000002771e-01,5.879999999999999671e-01,4.708354856299223901e-01,4.672719759228307068e-01,6.079999999999999849e-01,5.879999999999999671e-01,0.000000000000000000e+00,0.000000000000000000e+00
1.759834446930000000e+12,7.000000000000000000e+00,4.000000000000000000e+00,3.000000000000000000e+00,0.000000000000000000e+00,0.000000000000000000e+00,-2.611379367226850379e-01,2.475966459631623318e-01,-2.525128646138200539e-01,2.546530045282546784e-01,4.726705493474199771e-01,4.687653225564145099e-01,8.120000000000002771e-01,5.879999999999999671e-01,5.185485924796805479e-01,5.061005530595485968e-01,6.079999999999999849e-01,5.879999999999999671e-01,0.000000000000000000e+00,0.000000000000000000e+00
1.759834447137000000e+12,7.000000000000000000e+00,4.000000000000000000e+00,3.000000000000000000e+00,0.000000000000000000e+00,0.000000000000000000e+00,-2.525128646138200539e-01,2.546530045282546784e-01,-2.438873823202107050e-01,2.617100211824248124e-01,5.185485924796805479e-01,5.061005530595485968e-01,8.120000000000002771e-01,5.879999999999999671e-01,5.644288174456877361e-01,5.434392655154752783e-01,6.079999999999999849e-01,5.879999999999999671e-01,0.000000000000000000e+00,0.000000000000000000e+00
1.759834447340000000e+12,7.000000000000000000e+00,4.000000000000000000e+00,3.000000000000000000e+00,-1.000000000000000056e-01,0.000000000000000000e+00,-2.438873823202107050e-01,2.617100211824248124e-01,-2.352615367571237459e-01,2.687349409056233318e-01,5.644288174456877361e-01,5.434392655154752783e-01,8.120000000000002771e-01,5.879999999999999671e-01,6.103109746961502546e-01,5.806081529398060548e-01,6.079999999999999849e-01,5.799999999999999600e-01,-2.000000000000000042e-02,0.000000000000000000e+00
1.759834447547000000e+12,7.000000000000000000e+00,4.000000000000000000e+00,3.000000000000000000e+00,-1.000000000000000056e-01,0.000000000000000000e+00,-2.349164995425380431e-01,2.689932639618536347e-01,-2.262906499638462354e-01,2.733723946845444397e-01,6.121462790290529421e-01,5.819749415971092743e-01,5.000000000000000000e-01,5.779999999999999583e-01,6.580284576391157714e-01,6.051449454208701617e-01,6.079999999999999849e-01,5.280000000000000249e-01,-2.000000000000000042e-02,0.000000000000000000e+00
1.759834447753000000e+12,7.000000000000000000e+00,4.000000000000000000e+00,3.000000000000000000e+00,0.000000000000000000e+00,0.000000000000000000e+00,-2.262906499638462354e-01,2.733723946845444397e-01,-2.176643985334964781e-01,2.737556250926064805e-01,6.580284576391157714e-01,6.051449454208701617e-01,5.000000000000000000e-01,5.280000000000000249e-01,7.039127737579974342e-01,6.071726195376004886e-01,6.079999999999999849e-01,4.779999999999999805e-01,0.000000000000000000e+00,0.000000000000000000e+00
1.759834447962000000e+12,7.000000000000000000e+00,4.000000000000000000e+00,3.000000000000000000e+00,0.000000000000000000e+00,2.000000000000000000e+00,-2.176643985334964781e-01,2.737556250926064805e-01,-2.124488791434376855e-01,2.719460249930212847e-01,7.039127737579974342e-01,6.071726195376004886e-01,5.000000000000000000e-01,4.779999999999999805e-01,7.316548981732038381e-01,5.975980158360915118e-01,5.120000000000000107e-01,4.779999999999999805e-01,0.000000000000000000e+00,-2.000000000000000111e-01
1.759834448169000000e+12,7.000000000000000000e+00,4.000000000000000000e+00,3.000000000000000000e+00,0.000000000000000000e+00,0.000000000000000000e+00,-2.124488791434376855e-01,2.719460249930212847e-01,-2.118163412184611016e-01,2.702044199705662675e-01,7.316548981732038381e-01,5.975980158360915118e-01,5.000000000000000000e-01,4.779999999999999805e-01,7.350194616039302797e-01,5.883831744474405934e-01,5.080000000000000071e-01,4.779999999999999805e-01,0.000000000000000000e+00,0.000000000000000000e+00
1.759834448381000000e+12,7.000000000000000000e+00,4.000000000000000000e+00,3.000000000000000000e+00,0.000000000000000000e+00,2.000000000000000000e+00,-2.117912288112903108e-01,2.701347525109842329e-01,-2.149153531657694294e-01,2.683927802128279194e-01,7.351530382378175243e-01,5.880145635501812240e-01,4.000000000000000777e-01,4.779999999999999805e-01,7.185353555012263804e-01,5.787977789038515342e-01,4.080000000000000293e-01,4.779999999999999805e-01,0.000000000000000000e+00,-2.000000000000000111e-01
1.759834448589000000e+12,7.000000000000000000e+00,4.000000000000000000e+00,3.000000000000000000e+00,0.000000000000000000e+00,0.000000000000000000e+00,-2.149153531657694294e-01,2.683927802128279194e-01,-2.222847492833243399e-01,2.666503712939314319e-01,7.185353555012263804e-01,5.787977789038515342e-01,2.959999999999999853e-01,4.779999999999999805e-01,6.793364399823172972e-01,5.695786840948753316e-01,4.080000000000000293e-01,4.779999999999999805e-01,0.000000000000000000e+00,0.000000000000000000e+00
1.759834448796000000e+12,7.000000000000000000e+00,4.000000000000000000e+00,3.000000000000000000e+00,0.000000000000000000e+00,1.000000000000000000e+00,-2.225796666569419546e-01,2.665806741843694816e-01,-2.261959863044546992e-01,2.648385027730071339e-01,6.777677305481810688e-01,5.692099163194153100e-01,3.960000000000000187e-01,4.779999999999999805e-01,6.585319877422621815e-01,5.599920781640589373e-01,5.080000000000000071e-01,4.779999999999999805e-01,0.000000000000000000e+00,2.000000000000000111e-01
1.759834449004000000e+12,7.000000000000000000e+00,4.000000000000000000e+00,3.000000000000000000e+00,0.000000000000000000e+00,2.000000000000000000e+00,-2.261959863044546992e-01,2.648385027730071339e-01,-2.293371576693982727e-01,2.630961780094035474e-01,6.585319877422621815e-01,5.599920781640589373e-01,2.999999999999999889e-01,4.779999999999999805e-01,6.418236294180942325e-01,5.507734286211828367e-01,4.080000000000000293e-01,4.779999999999999805e-01,0.000000000000000000e+00,-2.000000000000000111e-01
1.759834449211000000e+12,7.000000000000000000e+00,4.000000000000000000e+00,3.000000000000000000e+00,0.000000000000000000e+00,1.000000000000000000e+00,-2.293371576693982727e-01,2.630961780094035474e-01,-2.329490841828523728e-01,2.613537146407501344e-01,6.418236294180942325e-01,5.507734286211828367e-01,2.999999999999999889e-01,4.779999999999999805e-01,6.226112543465298632e-01,5.415540457182547174e-01,5.080000000000000071e-01,4.779999999999999805e-01,0.000000000000000000e+00,2.000000000000000111e-01
1.759834449420000000e+12,7.000000000000000000e+00,4.000000000000000000e+00,3.000000000000000000e+00,0.000000000000000000e+00,0.000000000000000000e+00,-2.329272261633741903e-01,2.612840184280718625e-01,-2.319854436860633029e-01,2.595414919609079774e-01,6.227275204075840564e-01,5.411852826882109779e-01,3.999999999999999667e-01,4.779999999999999805e-01,6.277370016698760047e-01,5.319655659307300777e-01,5.120000000000000107e-01,4.779999999999999805e-01,0.000000000000000000e+00,0.000000000000000000e+00
1.759834449630000000e+12,7.000000000000000000e+00,4.000000000000000000e+00,3.000000000000000000e+00,0.000000000000000000e+00,0.000000000000000000e+00,-2.319854436860633029e-01,2.595414919609079774e-01,-2.310385666135934546e-01,2.577987093875157565e-01,6.277370016698760047e-01,5.319655659307300777e-01,3.039999999999999925e-01,4.779999999999999805e-01,6.327735818425880288e-01,5.227444941138400525e-01,5.120000000000000107e-01,4.779999999999999805e-01,0.000000000000000000e+00,0.000000000000000000e+00
1.759834449838000000e+12,7.000000000000000000e+00,4.000000000000000000e+00,3.000000000000000000e+00,1.000000000000000056e-01,0.000000000000000000e+00,-2.310006833982498620e-01,2.577289910665628292e-01,-2.300535305289510002e-01,2.563891584789355638e-01,6.329750883071815215e-01,5.223756141087980698e-01,4.040000000000000258e-01,4.779999999999999805e-01,6.380131354843031621e-01,5.152865527986009164e-01,5.120000000000000107e-01,5.020000000000000018e-01,2.000000000000000042e-02,0.000000000000000000e+00
1.759834450045000000e+12,7.000000000000000000e+00,4.000000000000000000e+00,3.000000000000000000e+00,0.000000000000000000e+00,0.000000000000000000e+00,-2.300535305289510002e-01,2.563891584789355638e-01,-2.291062098031038663e-01,2.584397043004121874e-01,6.380131354843031621e-01,5.152865527986009164e-01,2.999999999999999889e-01,5.020000000000000018e-01,6.430520755154049972e-01,5.261360015894824826e-01,5.120000000000000107e-01,5.479999999999999316e-01,0.000000000000000000e+00,0.000000000000000000e+00
1.759834450252000000e+12,7.000000000000000000e+00,4.000000000000000000e+00,3.000000000000000000e+00,0.000000000000000000e+00,0.000000000000000000e+00,-2.291062098031038663e-01,2.584397043004121874e-01,-2.281589610107428168e-01,2.622970483650934326e-01,6.430520755154049972e-01,5.261360015894824826e-01,1.999999999999997613e-01,5.479999999999999316e-01,6.480906329215807560e-01,5.465452294449388848e-01,5.120000000000000107e-01,5.479999999999999316e-01,0.000000000000000000e+00,0.000000000000000000e+00
1.759834450459000000e+12,7.000000000000000000e+00,4.000000000000000000e+00,3.000000000000000000e+00,-1.000000000000000056e-01,0.000000000000000000e+00,-2.281210767604409106e-01,2.624513518714147731e-01,-2.271741569627818147e-01,2.656595640724016549e-01,6.482921448912717377e-01,5.473616501133057310e-01,2.959999999999999853e-01,5.479999999999999316e-01,6.533289523256285980e-01,5.643363178433951077e-01,5.120000000000000107e-01,5.180000000000000160e-01,-2.000000000000000042e-02,0.000000000000000000e+00
1.759834450665000000e+12,7.000000000000000000e+00,4.000000000000000000e+00,3.000000000000000000e+00,0.000000000000000000e+00,0.000000000000000000e+00,-2.271741569627818147e-01,2.656595640724016549e-01,-2.262274441211455933e-01,2.657983528345654878e-01,6.533289523256285980e-01,5.643363178433951077e-01,1.919999999999997264e-01,5.180000000000000160e-01,6.583646589300765628e-01,5.650706499183359988e-01,5.120000000000000107e-01,4.960000000000000520e-01,0.000000000000000000e+00,0.000000000000000000e+00
1.759834450872000000e+12,7.000000000000000000e+00,4.000000000000000000e+00,3.000000000000000000e+00,0.000000000000000000e+00,2.000000000000000000e+00,-2.261895713317366718e-01,2.657862697598387114e-01,-2.290012514039308500e-01,2.654841109574087032e-01,6.585661099375709204e-01,5.650067183060250020e-01,9.200000000000027600e-02,4.960000000000000520e-01,6.436103648727081739e-01,5.634079944836439813e-01,4.119999999999999774e-01,4.960000000000000520e-01,0.000000000000000000e+00,-2.000000000000000111e-01
1.759834451081000000e+12,7.000000000000000000e+00,4.000000000000000000e+00,3.000000000000000000e+00,0.000000000000000000e+00,1.000000000000000000e+00,-2.290012514039308500e-01,2.654841109574087032e-01,-2.328918394850337248e-01,2.651819792890868221e-01,6.436103648727081739e-01,5.634079944836439813e-01,5.000000000000000000e-01,4.960000000000000520e-01,6.229157474200333056e-01,5.618094142279727032e-01,5.040000000000000036e-01,4.960000000000000520e-01,0.000000000000000000e+00,2.000000000000000111e-01
1.759834451293000000e+12,7.000000000000000000e+00,4.000000000000000000e+00,3.000000000000000000e+00,0.000000000000000000e+00,0.000000000000000000e+00,-2.328811953450664607e-01,2.651699010266825307e-01,-2.322614444120956190e-01,2.648679164272532693e-01,6.229723651858166678e-01,5.617455080776854182e-01,5.000000000000000000e-01,4.960000000000000520e-01,6.262689127016189961e-01,5.601477059643030776e-01,5.080000000000000071e-01,4.960000000000000520e-01,0.000000000000000000e+00,0.000000000000000000e+00
1.759834451496000000e+12,7.000000000000000000e+00,4.000000000000000000e+00,3.000000000000000000e+00,0.000000000000000000e+00,2.000000000000000000e+00,-2.322614444120956190e-01,2.648679164272532693e-01,-2.353921195801016719e-01,2.645657677082112191e-01,6.262689127016189961e-01,5.601477059643030776e-01,5.000000000000000000e-01,4.960000000000000520e-01,6.096163852122251647e-01,5.585490354931811341e-01,4.080000000000000293e-01,4.960000000000000520e-01,0.000000000000000000e+00,-2.000000000000000111e-01
1.759834451704000000e+12,7.000000000000000000e+00,4.000000000000000000e+00,3.000000000000000000e+00,0.000000000000000000e+00,1.000000000000000000e+00,-2.356838886561692659e-01,2.645536728669992677e-01,-2.396103352482756021e-01,2.642515729585021567e-01,6.080644220416527856e-01,5.584850416243347659e-01,6.039999999999999813e-01,4.960000000000000520e-01,5.871790678283211884e-01,5.568866294100643932e-01,5.040000000000000036e-01,4.960000000000000520e-01,0.000000000000000000e+00,2.000000000000000111e-01
1.759834451910000000e+12,7.000000000000000000e+00,4.000000000000000000e+00,3.000000000000000000e+00,0.000000000000000000e+00,0.000000000000000000e+00,-2.396103352482756021e-01,2.642515729585021567e-01,-2.393080791294026066e-01,2.639496427051797323e-01,5.871790678283211884e-01,5.568866294100643932e-01,5.040000000000000036e-01,4.960000000000000520e-01,5.887868131414755180e-01,5.552891148422208767e-01,5.040000000000000036e-01,4.960000000000000520e-01,0.000000000000000000e+00,0.000000000000000000e+00
1.759834452116000000e+12,7.000000000000000000e+00,4.000000000000000000e+00,3.000000000000000000e+00,0.000000000000000000e+00,0.000000000000000000e+00,-2.393080791294026066e-01,2.639496427051797323e-01,-2.390025400138797440e-01,2.636476527523098357e-01,5.887868131414755180e-01,5.552891148422208767e-01,5.000000000000000000e-01,4.960000000000000520e-01,5.904120212027672565e-01,5.536912844037558123e-01,5.040000000000000036e-01,4.960000000000000520e-01,0.000000000000000000e+00,0.000000000000000000e+00
1.759834452330000000e+12,7.000000000000000000e+00,4.000000000000000000e+00,3.000000000000000000e+00,0.000000000000000000e+00,0.000000000000000000e+00,-2.389903188601903428e-01,2.636355737232921603e-01,-2.386846894014092446e-01,2.633335183854285111e-01,5.904770273394129854e-01,5.536273741973131157e-01,5.999999999999999778e-01,4.960000000000000520e-01,5.921027159499507864e-01,5.520291978065001715e-01,5.040000000000000036e-01,4.960000000000000520e-01,0.000000000000000000e+00,0.000000000000000000e+00
1.759834452537000000e+12,7.000000000000000000e+00,4.000000000000000000e+00,3.000000000000000000e+00,0.000000000000000000e+00,0.000000000000000000e+00,-2.386846894014092446e-01,2.633335183854285111e-01,-2.383667615192321676e-01,2.630193299046198474e-01,5.921027159499507864e-01,5.520291978065001715e-01,7.000000000000000666e-01,4.960000000000000520e-01,5.937938217062118662e-01,5.503668248921685935e-01,5.040000000000000036e-01,4.960000000000000520e-01,0.000000000000000000e+00,0.000000000000000000e+00
1.759834452746000000e+12,7.000000000000000000e+00,4.000000000000000000e+00,3.000000000000000000e+00,-1.000000000000000056e-01,0.000000000000000000e+00,-2.383667615192321676e-01,2.630193299046198474e-01,-2.380609772602497176e-01,2.627171649596871106e-01,5.937938217062118662e-01,5.503668248921685935e-01,5.000000000000000000e-01,4.960000000000000520e-01,5.954203337220759229e-01,5.487680685697731153e-01,5.040000000000000036e-01,4.960000000000000520e-01,-2.000000000000000042e-02,0.000000000000000000e+00
1.759834452954000000e+12,7.000000000000000000e+00,4.000000000000000000e+00,3.000000000000000000e+00,0.000000000000000000e+00,0.000000000000000000e+00,-2.380487432756877020e-01,2.627050763658318466e-01,-2.377427116961381426e-01,2.603651765666680218e-01,5.954854081080440675e-01,5.487041077557240909e-01,5.000000000000000000e-01,4.940000000000000502e-01,5.971132356588396695e-01,5.363236855379260870e-01,5.040000000000000036e-01,4.460000000000000075e-01,0.000000000000000000e+00,0.000000000000000000e+00
1.759834453161000000e+12,7.000000000000000000e+00,4.000000000000000000e+00,3.000000000000000000e+00,0.000000000000000000e+00,0.000000000000000000e+00,-2.377427116961381426e-01,2.603651765666680218e-01,-2.374360910376844824e-01,2.560624136681367014e-01,5.971132356588396695e-01,5.363236855379260870e-01,5.000000000000000000e-01,4.460000000000000075e-01,5.987441966080612188e-01,5.135577442758556543e-01,5.040000000000000036e-01,4.460000000000000075e-01,0.000000000000000000e+00,0.000000000000000000e+00
1.759834453375000000e+12,7.000000000000000000e+00,4.000000000000000000e+00,3.000000000000000000e+00,1.000000000000000056e-01,0.000000000000000000e+00,-2.374238154460097949e-01,2.558902910841595602e-01,-2.371168349611594284e-01,2.528957679459065688e-01,5.988094923084584797e-01,5.126470427733310631e-01,5.000000000000000000e-01,4.460000000000000075e-01,6.004423672278753621e-01,4.968030050047967383e-01,5.040000000000000036e-01,4.879999999999999893e-01,2.000000000000000042e-02,0.000000000000000000e+00
1.759834453579000000e+12,7.000000000000000000e+00,4.000000000000000000e+00,3.000000000000000000e+00,0.000000000000000000e+00,0.000000000000000000e+00,-2.371168349611594284e-01,2.528957679459065688e-01,-2.368098252953131921e-01,2.534242648495486638e-01,6.004423672278753621e-01,4.968030050047967383e-01,6.039999999999999813e-01,4.879999999999999893e-01,6.020753973653553137e-01,4.995992849182469553e-01,5.040000000000000036e-01,5.140000000000000124e-01,0.000000000000000000e+00,0.000000000000000000e+00
1.759834453788000000e+12,7.000000000000000000e+00,4.000000000000000000e+00,3.000000000000000000e+00,0.000000000000000000e+00,1.000000000000000000e+00,-2.367975465093143383e-01,2.534697275228336433e-01,-2.327256689586701399e-01,2.546061164199257543e-01,6.021407100568385573e-01,4.998398281631410422e-01,6.039999999999999813e-01,5.140000000000000124e-01,6.237996331985630194e-01,5.058524678302950273e-01,6.039999999999999813e-01,5.140000000000000124e-01,0.000000000000000000e+00,2.000000000000000111e-01
1.759834453999000000e+12,7.000000000000000000e+00,4.000000000000000000e+00,3.000000000000000000e+00,-1.000000000000000056e-01,2.000000000000000000e+00,-2.327256689586701399e-01,2.546061164199257543e-01,-2.281748513662694156e-01,2.556552431214692556e-01,6.237996331985630194e-01,5.058524678302950273e-01,5.000000000000000000e-01,5.140000000000000124e-01,6.480061097538860615e-01,5.114034027590966813e-01,5.040000000000000036e-01,5.020000000000000018e-01,-2.000000000000000042e-02,-2.000000000000000111e-01
1.759834454205000000e+12,7.000000000000000000e+00,4.000000000000000000e+00,3.000000000000000000e+00,-1.000000000000000056e-01,0.000000000000000000e+00,-2.281593429178651322e-01,2.556639074412501156e-01,-2.281698834652403918e-01,2.538092377778667919e-01,6.480886015007173429e-01,5.114492457209001142e-01,5.000000000000000000e-01,5.000000000000000000e-01,6.480325347593596241e-01,5.016361787188720056e-01,5.000000000000000000e-01,4.500000000000000111e-01,-2.000000000000000042e-02,0.000000000000000000e+00
1.759834454412000000e+12,7.000000000000000000e+00,4.000000000000000000e+00,3.000000000000000000e+00,0.000000000000000000e+00,2.000000000000000000e+00,-2.281698834652403918e-01,2.538092377778667919e-01,-2.319431901313588895e-01,2.495291981783896162e-01,6.480325347593596241e-01,5.016361787188720056e-01,5.000000000000000000e-01,4.500000000000000111e-01,6.279617546204314671e-01,4.789904665523260774e-01,4.000000000000000777e-01,4.460000000000000075e-01,0.000000000000000000e+00,-2.000000000000000111e-01
1.759834454617000000e+12,7.000000000000000000e+00,4.000000000000000000e+00,3.000000000000000000e+00,1.000000000000000056e-01,0.000000000000000000e+00,-2.319431901313588895e-01,2.495291981783896162e-01,-2.405893133903114489e-01,2.452201165724722243e-01,6.279617546204314671e-01,4.789904665523260774e-01,5.000000000000000000e-01,4.460000000000000075e-01,5.819717372855773840e-01,4.561910929760435440e-01,3.960000000000000187e-01,4.599999999999999645e-01,2.000000000000000042e-02,0.000000000000000000e+00
1.759834454826000000e+12,7.000000000000000000e+00,4.000000000000000000e+00,3.000000000000000000e+00,1.000000000000000056e-01,1.000000000000000000e+00,-2.405893133903114489e-01,2.452201165724722243e-01,-2.451733047111515629e-01,2.440682639046845293e-01,5.819717372855773840e-01,4.561910929760435440e-01,5.000000000000000000e-01,4.620000000000000218e-01,5.575888047279171644e-01,4.500966344163203070e-01,4.960000000000000520e-01,5.120000000000000107e-01,2.000000000000000042e-02,2.000000000000000111e-01
0.000000000000000000e+00,0.000000000000000000e+00,0.000000000000000000e+00,0.000000000000000000e+00,0.000000000000000000e+00,0.000000000000000000e+00,0.000000000000000000e+00,0.000000000000000000e+00,0.000000000000000000e+00,0.000000000000000000e+00,0.000000000000000000e+00,0.000000000000000000e+00,0.000000000000000000e+00,0.000000000000000000e+00,0.000000000000000000e+00,0.000000000000000000e+00,0.000000000000000000e+00,0.000000000000000000e+00,0.000000000000000000e+00,0.000000000000000000e+00
1.759834460775000000e+12,8.000000000000000000e+00,4.000000000000000000e+00,1.000000000000000000e+00,0.000000000000000000e+00,0.000000000000000000e+00,-2.451295048419132594e-01,2.443185904326101721e-01,-3.313976008835365916e-01,3.230201043769531655e-01,5.578217827557805375e-01,4.514211134000538639e-01,5.000000000000000000e-01,5.220000000000000195e-01,9.894893147054993621e-02,8.678312400896993628e-01,5.160000000000000142e-01,5.220000000000000195e-01,0.000000000000000000e+00,0.000000000000000000e+00
1.759834460979000000e+12,8.000000000000000000e+00,4.000000000000000000e+00,1.000000000000000000e+00,-1.000000000000000056e-01,1.000000000000000000e+00,-3.313481093921042397e-01,3.230919569678041281e-01,-3.263616153391026842e-01,3.248360665650448231e-01,9.921218408455181881e-02,8.682114125280643302e-01,4.000000000000000777e-01,5.220000000000000195e-01,1.257360886217941398e-01,8.774395056351579347e-01,6.159999999999999920e-01,5.120000000000000107e-01,-2.000000000000000042e-02,2.000000000000000111e-01
1.759834461186000000e+12,8.000000000000000000e+00,4.000000000000000000e+00,1.000000000000000000e+00,-1.000000000000000056e-01,1.000000000000000000e+00,-3.263616153391026842e-01,3.248360665650448231e-01,-3.133650786776862041e-01,3.239517946900574707e-01,1.257360886217941398e-01,8.774395056351579347e-01,2.999999999999999889e-01,5.120000000000000107e-01,1.948666027782647858e-01,8.727608184659126911e-01,7.160000000000000808e-01,4.620000000000000218e-01,-2.000000000000000042e-02,2.000000000000000111e-01
1.759834461390000000e+12,8.000000000000000000e+00,4.000000000000000000e+00,1.000000000000000000e+00,-1.000000000000000056e-01,1.000000000000000000e+00,-3.133650786776862041e-01,3.239517946900574707e-01,-2.923568139543497590e-01,3.190591881894570547e-01,1.948666027782647858e-01,8.727608184659126911e-01,1.959999999999997300e-01,4.620000000000000218e-01,3.066126917321820855e-01,8.468740115844289873e-01,8.160000000000002807e-01,4.120000000000000329e-01,-2.000000000000000042e-02,2.000000000000000111e-01
1.759834461595000000e+12,8.000000000000000000e+00,4.000000000000000000e+00,1.000000000000000000e+00,0.000000000000000000e+00,0.000000000000000000e+00,-2.913499279299288647e-01,3.187801376215045890e-01,-2.657782878355847700e-01,3.107878287775572290e-01,3.119684684578251099e-01,8.453975535529344443e-01,1.959999999999997300e-01,4.100000000000000866e-01,4.479878306617831041e-01,8.031102051722606161e-01,8.200000000000002842e-01,3.980000000000000204e-01,0.000000000000000000e+00,0.000000000000000000e+00
1.759834461803000000e+12,8.000000000000000000e+00,4.000000000000000000e+00,1.000000000000000000e+00,0.000000000000000000e+00,2.000000000000000000e+00,-2.657782878355847700e-01,3.107878287775572290e-01,-2.439627135905125255e-01,3.026491508821040344e-01,4.479878306617831041e-01,8.031102051722606161e-01,9.600000000000025180e-02,3.980000000000000204e-01,5.640281191994014343e-01,7.600484173656298914e-01,7.200000000000000844e-01,3.980000000000000204e-01,0.000000000000000000e+00,-2.000000000000000111e-01
1.759834462011000000e+12,8.000000000000000000e+00,4.000000000000000000e+00,1.000000000000000000e+00,0.000000000000000000e+00,2.000000000000000000e+00,-2.432578930962641106e-01,3.023236228516099633e-01,-2.297525167087471898e-01,2.941854196684988709e-01,5.677771643815738845e-01,7.583260468339152460e-01,9.600000000000025180e-02,3.980000000000000204e-01,6.396142728258128463e-01,7.152667707327983182e-01,6.199999999999999956e-01,3.980000000000000204e-01,0.000000000000000000e+00,-2.000000000000000111e-01
1.759834462221000000e+12,8.000000000000000000e+00,4.000000000000000000e+00,1.000000000000000000e+00,0.000000000000000000e+00,2.000000000000000000e+00,-2.297525167087471898e-01,2.941854196684988709e-01,-2.242431443826309878e-01,2.860468977079476671e-01,6.396142728258128463e-01,7.152667707327983182e-01,1.959999999999997300e-01,3.980000000000000204e-01,6.689194447732393911e-01,6.722058079785591111e-01,5.160000000000000142e-01,3.980000000000000204e-01,0.000000000000000000e+00,-2.000000000000000111e-01
1.759834462422000000e+12,8.000000000000000000e+00,4.000000000000000000e+00,1.000000000000000000e+00,0.000000000000000000e+00,0.000000000000000000e+00,-2.242431443826309878e-01,2.860468977079476671e-01,-2.229739907524818932e-01,2.779073559907776492e-01,6.689194447732393911e-01,6.722058079785591111e-01,5.000000000000000000e-01,3.980000000000000204e-01,6.756702619548835553e-01,6.291394496866542507e-01,5.160000000000000142e-01,3.980000000000000204e-01,0.000000000000000000e+00,0.000000000000000000e+00
1.759834462629000000e+12,8.000000000000000000e+00,4.000000000000000000e+00,1.000000000000000000e+00,0.000000000000000000e+00,2.000000000000000000e+00,-2.229739907524818932e-01,2.779073559907776492e-01,-2.254099418391743992e-01,2.694408782292737059e-01,6.756702619548835553e-01,6.291394496866542507e-01,6.039999999999999813e-01,3.980000000000000204e-01,6.627130753235404015e-01,5.843432710543583486e-01,4.199999999999999845e-01,3.980000000000000204e-01,0.000000000000000000e+00,-2.000000000000000111e-01
1.759834462837000000e+12,8.000000000000000000e+00,4.000000000000000000e+00,1.000000000000000000e+00,1.000000000000000056e-01,1.000000000000000000e+00,-2.254099418391743992e-01,2.694408782292737059e-01,-2.283793739079570950e-01,2.612990000485521103e-01,6.627130753235404015e-01,5.843432710543583486e-01,5.040000000000000036e-01,3.980000000000000204e-01,6.469182238938452345e-01,5.412645505214398467e-01,5.160000000000000142e-01,3.980000000000000204e-01,2.000000000000000042e-02,2.000000000000000111e-01
1.759834463043000000e+12,8.000000000000000000e+00,4.000000000000000000e+00,1.000000000000000000e+00,1.000000000000000056e-01,0.000000000000000000e+00,-2.283793739079570950e-01,2.612990000485521103e-01,-2.271149380298402298e-01,2.550330924497541951e-01,6.469182238938452345e-01,5.412645505214398467e-01,6.079999999999999849e-01,3.980000000000000204e-01,6.536439466497859785e-01,5.081116002632497519e-01,5.160000000000000142e-01,4.480000000000000648e-01,2.000000000000000042e-02,0.000000000000000000e+00
1.759834463251000000e+12,8.000000000000000000e+00,4.000000000000000000e+00,1.000000000000000000e+00,1.000000000000000056e-01,2.000000000000000000e+00,-2.270642307971332263e-01,2.548665668703974374e-01,-2.295534003653666444e-01,2.527607163112577382e-01,6.539136659726956236e-01,5.072305125417854166e-01,7.079999999999999627e-01,4.500000000000000111e-01,6.406734023118795252e-01,4.960884460913108640e-01,4.159999999999999809e-01,5.000000000000000000e-01,2.000000000000000042e-02,-2.000000000000000111e-01
1.759834463458000000e+12,8.000000000000000000e+00,4.000000000000000000e+00,1.000000000000000000e+00,0.000000000000000000e+00,1.000000000000000000e+00,-2.295534003653666444e-01,2.527607163112577382e-01,-2.325214510637565457e-01,2.545317390272632263e-01,6.406734023118795252e-01,4.960884460913108640e-01,8.080000000000003846e-01,5.000000000000000000e-01,6.248858985970395796e-01,5.054589366521864413e-01,5.160000000000000142e-01,5.360000000000000320e-01,0.000000000000000000e+00,2.000000000000000111e-01
1.759834463671000000e+12,8.000000000000000000e+00,4.000000000000000000e+00,1.000000000000000000e+00,0.000000000000000000e+00,0.000000000000000000e+00,-2.324755690401996422e-01,2.546476139975761832e-01,-2.308965689229072193e-01,2.575446396621234313e-01,6.251299519138316940e-01,5.060720317332073614e-01,8.120000000000002771e-01,5.360000000000000320e-01,6.335288887079403297e-01,5.214002098525050144e-01,5.200000000000000178e-01,5.360000000000000320e-01,0.000000000000000000e+00,0.000000000000000000e+00
1.759834463878000000e+12,8.000000000000000000e+00,4.000000000000000000e+00,1.000000000000000000e+00,0.000000000000000000e+00,2.000000000000000000e+00,-2.308965689229072193e-01,2.575446396621234313e-01,-2.333263853465162851e-01,2.605578685460626653e-01,6.335288887079403297e-01,5.214002098525050144e-01,8.120000000000002771e-01,5.360000000000000320e-01,6.206043332632111831e-01,5.373432198204374233e-01,4.199999999999999845e-01,5.360000000000000320e-01,0.000000000000000000e+00,-2.000000000000000111e-01
1.759834464085000000e+12,8.000000000000000000e+00,4.000000000000000000e+00,1.000000000000000000e+00,-1.000000000000000056e-01,1.000000000000000000e+00,-2.333263853465162851e-01,2.605578685460626653e-01,-2.362924526828397431e-01,2.625036170272588287e-01,6.206043332632111831e-01,5.373432198204374233e-01,8.120000000000002771e-01,5.360000000000000320e-01,6.048273793465970272e-01,5.476381853294118862e-01,5.160000000000000142e-01,5.000000000000000000e-01,-2.000000000000000042e-02,2.000000000000000111e-01
1.759834464289000000e+12,8.000000000000000000e+00,4.000000000000000000e+00,1.000000000000000000e+00,0.000000000000000000e+00,0.000000000000000000e+00,-2.362924526828397431e-01,2.625036170272588287e-01,-2.350297308849037536e-01,2.606758813589319379e-01,6.048273793465970272e-01,5.476381853294118862e-01,8.120000000000002771e-01,5.000000000000000000e-01,6.115439846547672254e-01,5.379676262377351970e-01,5.160000000000000142e-01,4.579999999999999627e-01,0.000000000000000000e+00,0.000000000000000000e+00
1.759834464497000000e+12,8.000000000000000000e+00,4.000000000000000000e+00,1.000000000000000000e+00,0.000000000000000000e+00,0.000000000000000000e+00,-2.349790792991574007e-01,2.605421868746694014e-01,-2.337125957636089768e-01,2.571996343729965884e-01,6.118134079832052707e-01,5.372602480141238646e-01,8.120000000000002771e-01,4.579999999999999627e-01,6.185500225339948255e-01,5.195747850423100278e-01,5.160000000000000142e-01,4.579999999999999627e-01,0.000000000000000000e+00,0.000000000000000000e+00
1.759834464707000000e+12,8.000000000000000000e+00,4.000000000000000000e+00,1.000000000000000000e+00,0.000000000000000000e+00,0.000000000000000000e+00,-2.337125957636089768e-01,2.571996343729965884e-01,-2.323949393540469255e-01,2.537228986919422558e-01,6.185500225339948255e-01,5.195747850423100278e-01,5.000000000000000000e-01,4.579999999999999627e-01,6.255588332231546422e-01,5.011793581584247370e-01,5.160000000000000142e-01,4.579999999999999627e-01,0.000000000000000000e+00,0.000000000000000000e+00
1.759834464918000000e+12,8.000000000000000000e+00,4.000000000000000000e+00,1.000000000000000000e+00,1.000000000000000056e-01,2.000000000000000000e+00,-2.323949393540469255e-01,2.537228986919422558e-01,-2.348892512101572461e-01,2.510281562452040260e-01,6.255588332231546422e-01,5.011793581584247370e-01,5.000000000000000000e-01,4.579999999999999627e-01,6.122912169672486415e-01,4.869214616148361818e-01,4.159999999999999809e-01,4.879999999999999893e-01,2.000000000000000042e-02,-2.000000000000000111e-01
1.759834465122000000e+12,8.000000000000000000e+00,4.000000000000000000e+00,1.000000000000000000e+00,0.000000000000000000e+00,1.000000000000000000e+00,-2.348892512101572461e-01,2.510281562452040260e-01,-2.378608160306857067e-01,2.519621684342111534e-01,6.122912169672486415e-01,4.869214616148361818e-01,5.000000000000000000e-01,4.879999999999999893e-01,5.964850211133738700e-01,4.918633250487363107e-01,5.160000000000000142e-01,5.360000000000000320e-01,0.000000000000000000e+00,2.000000000000000111e-01
1.759834465332000000e+12,8.000000000000000000e+00,4.000000000000000000e+00,1.000000000000000000e+00,0.000000000000000000e+00,0.000000000000000000e+00,-2.378149444550632374e-01,2.520780334905156073e-01,-2.362362128101090364e-01,2.549748138115657259e-01,5.967290188560465669e-01,4.924763676746858332e-01,5.000000000000000000e-01,5.360000000000000320e-01,6.051265276058029885e-01,5.078032476802419870e-01,5.200000000000000178e-01,5.360000000000000320e-01,0.000000000000000000e+00,0.000000000000000000e+00
1.759834465540000000e+12,8.000000000000000000e+00,4.000000000000000000e+00,1.000000000000000000e+00,0.000000000000000000e+00,0.000000000000000000e+00,-2.361727464054062808e-01,2.550906922201313654e-01,-2.345861144583548108e-01,2.579877985361386239e-01,6.054641148648601812e-01,5.084163609530760741e-01,4.000000000000000777e-01,5.360000000000000320e-01,6.139036464981126873e-01,5.237449657996753327e-01,5.200000000000000178e-01,5.360000000000000320e-01,0.000000000000000000e+00,0.000000000000000000e+00
1.759834465749000000e+12,8.000000000000000000e+00,4.000000000000000000e+00,1.000000000000000000e+00,-1.000000000000000056e-01,0.000000000000000000e+00,-2.345861144583548108e-01,2.579877985361386239e-01,-2.329995850966485871e-01,2.604788014763401716e-01,6.139036464981126873e-01,5.237449657996753327e-01,2.959999999999999853e-01,5.360000000000000320e-01,6.223426324646351704e-01,5.369248755361913927e-01,5.200000000000000178e-01,5.120000000000000107e-01,-2.000000000000000042e-02,0.000000000000000000e+00
1.759834465958000000e+12,8.000000000000000000e+00,4.000000000000000000e+00,1.000000000000000000e+00,-1.000000000000000056e-01,0.000000000000000000e+00,-2.329361265744640808e-01,2.605227012902160411e-01,-2.313495720905608954e-01,2.594617887326022276e-01,6.226801777954037442e-01,5.371571496836827775e-01,3.960000000000000187e-01,5.100000000000000089e-01,6.311192973906335490e-01,5.315438557280541820e-01,5.200000000000000178e-01,4.599999999999999645e-01,-2.000000000000000042e-02,0.000000000000000000e+00
1.759834466171000000e+12,8.000000000000000000e+00,4.000000000000000000e+00,1.000000000000000000e+00,0.000000000000000000e+00,0.000000000000000000e+00,-2.312860990655637994e-01,2.593360839261909523e-01,-2.296987917642203947e-01,2.547619831054134809e-01,6.314569198640223036e-01,5.308787509322273612e-01,2.999999999999999889e-01,4.579999999999999627e-01,6.399000438073383368e-01,5.066771592879020236e-01,5.200000000000000178e-01,4.380000000000000560e-01,0.000000000000000000e+00,0.000000000000000000e+00
1.759834466376000000e+12,8.000000000000000000e+00,4.000000000000000000e+00,1.000000000000000000e+00,0.000000000000000000e+00,0.000000000000000000e+00,-2.296987917642203947e-01,2.547619831054134809e-01,-2.281107910551135043e-01,2.498184647424707139e-01,6.399000438073383368e-01,5.066771592879020236e-01,2.999999999999999889e-01,4.380000000000000560e-01,6.483468560898217881e-01,4.805209774733900652e-01,5.200000000000000178e-01,4.380000000000000560e-01,0.000000000000000000e+00,0.000000000000000000e+00
1.759834466582000000e+12,8.000000000000000000e+00,4.000000000000000000e+00,1.000000000000000000e+00,0.000000000000000000e+00,0.000000000000000000e+00,-2.281107910551135043e-01,2.498184647424707139e-01,-2.265221511018747913e-01,2.448743387833446639e-01,6.483468560898217881e-01,4.805209774733900652e-01,3.999999999999999667e-01,4.380000000000000560e-01,6.567970686070490061e-01,4.543615808642575415e-01,5.200000000000000178e-01,4.380000000000000560e-01,0.000000000000000000e+00,0.000000000000000000e+00
1.759834466795000000e+12,8.000000000000000000e+00,4.000000000000000000e+00,1.000000000000000000e+00,1.000000000000000056e-01,2.000000000000000000e+00,-2.264585888519402013e-01,2.446765585693737588e-01,-2.286343503852319436e-01,2.410437293303019368e-01,6.571351656811691422e-01,4.533151247056813049e-01,3.039999999999999925e-01,4.380000000000000560e-01,6.455619660360002454e-01,4.340938059804335669e-01,4.199999999999999845e-01,4.799999999999999822e-01,2.000000000000000042e-02,-2.000000000000000111e-01
1.759834467002000000e+12,8.000000000000000000e+00,4.000000000000000000e+00,1.000000000000000000e+00,1.000000000000000056e-01,0.000000000000000000e+00,-2.286343503852319436e-01,2.410437293303019368e-01,-2.356144030936864198e-01,2.414335092131042748e-01,6.455619660360002454e-01,4.340938059804335669e-01,4.040000000000000258e-01,4.799999999999999822e-01,6.084340260974125947e-01,4.361561334026681780e-01,4.159999999999999809e-01,5.300000000000000266e-01,2.000000000000000042e-02,0.000000000000000000e+00
1.759834467207000000e+12,8.000000000000000000e+00,4.000000000000000000e+00,1.000000000000000000e+00,0.000000000000000000e+00,0.000000000000000000e+00,-2.356144030936864198e-01,2.414335092131042748e-01,-2.423467507501913532e-01,2.458697013952929056e-01,6.084340260974125947e-01,4.361561334026681780e-01,2.999999999999999889e-01,5.320000000000000284e-01,5.726236662223863627e-01,4.596280497105445506e-01,4.159999999999999809e-01,5.759999999999999565e-01,0.000000000000000000e+00,0.000000000000000000e+00
0.000000000000000000e+00,0.000000000000000000e+00,0.000000000000000000e+00,0.000000000000000000e+00,0.000000000000000000e+00,0.000000000000000000e+00,0.000000000000000000e+00,0.000000000000000000e+00,0.000000000000000000e+00,0.000000000000000000e+00,0.000000000000000000e+00,0.000000000000000000e+00,0.000000000000000000e+00,0.000000000000000000e+00,0.000000000000000000e+00,0.000000000000000000e+00,0.000000000000000000e+00,0.000000000000000000e+00,0.000000000000000000e+00,0.000000000000000000e+00
1.759834889402000000e+12,1.000000000000000000e+00,6.000000000000000000e+00,0.000000000000000000e+00,0.000000000000000000e+00,2.000000000000000000e+00,-2.431663230097452777e-01,2.132974903000026679e-01,-1.769448211489400569e-01,3.198850297583843982e-01,5.682642393098654710e-01,2.872883084656225883e-01,5.000000000000000000e-01,4.819999999999999840e-01,9.205062704843613997e-01,8.512435436951556467e-01,4.040000000000000258e-01,4.819999999999999840e-01,0.000000000000000000e+00,-2.000000000000000111e-01
1.759834889608000000e+12,1.000000000000000000e+00,6.000000000000000000e+00,0.000000000000000000e+00,0.000000000000000000e+00,1.000000000000000000e+00,-1.769448211489400569e-01,3.198850297583843982e-01,-1.812114503026583945e-01,3.184705331908506132e-01,9.205062704843613997e-01,8.512435436951556467e-01,4.000000000000000777e-01,4.819999999999999840e-01,8.978114345603277480e-01,8.437594348722255999e-01,5.000000000000000000e-01,4.819999999999999840e-01,0.000000000000000000e+00,2.000000000000000111e-01
1.759834889814000000e+12,1.000000000000000000e+00,6.000000000000000000e+00,0.000000000000000000e+00,-1.000000000000000056e-01,1.000000000000000000e+00,-1.812114503026583945e-01,3.184705331908506132e-01,-1.774684308535639798e-01,3.164068611737232972e-01,8.978114345603277480e-01,8.437594348722255999e-01,2.999999999999999889e-01,4.819999999999999840e-01,9.177211124810427112e-01,8.328405353107053433e-01,5.999999999999999778e-01,4.520000000000000129e-01,-2.000000000000000042e-02,2.000000000000000111e-01
1.759834890026000000e+12,1.000000000000000000e+00,6.000000000000000000e+00,0.000000000000000000e+00,-1.000000000000000056e-01,0.000000000000000000e+00,-1.771537690230139961e-01,3.162566376836649096e-01,-1.688511909264043820e-01,3.104074648904908140e-01,9.193948456222660326e-01,8.320457020299731887e-01,1.959999999999997300e-01,4.500000000000000111e-01,9.635574950723171384e-01,8.010976978332848830e-01,6.039999999999999813e-01,3.999999999999999667e-01,-2.000000000000000042e-02,0.000000000000000000e+00
1.759834890235000000e+12,1.000000000000000000e+00,6.000000000000000000e+00,0.000000000000000000e+00,0.000000000000000000e+00,2.000000000000000000e+00,-1.685188584145661250e-01,3.100899778353960468e-01,-1.639693808153690480e-01,3.013835346023968076e-01,9.653252211991163456e-01,7.994178721449527458e-01,1.959999999999997300e-01,3.999999999999999667e-01,9.895245701310156905e-01,7.533520349333164834e-01,5.040000000000000036e-01,3.899999999999999578e-01,0.000000000000000000e+00,-2.000000000000000111e-01
1.759834890440000000e+12,1.000000000000000000e+00,6.000000000000000000e+00,0.000000000000000000e+00,0.000000000000000000e+00,1.000000000000000000e+00,-1.639693808153690480e-01,3.013835346023968076e-01,-1.619882091566791082e-01,2.926046120449724008e-01,9.895245701310156905e-01,7.533520349333164834e-01,9.600000000000025180e-02,3.899999999999999578e-01,1.000062717251706923e+00,7.069027092326582995e-01,5.000000000000000000e-01,3.899999999999999578e-01,0.000000000000000000e+00,2.000000000000000111e-01
1.759834890649000000e+12,1.000000000000000000e+00,6.000000000000000000e+00,0.000000000000000000e+00,0.000000000000000000e+00,1.000000000000000000e+00,-1.619882091566791082e-01,2.926046120449724008e-01,-1.619967138228652348e-01,2.834732772497020603e-01,1.000062717251706923e+00,7.069027092326582995e-01,9.600000000000025180e-02,3.899999999999999578e-01,1.000017479665610498e+00,6.585887685169421468e-01,5.000000000000000000e-01,3.899999999999999578e-01,0.000000000000000000e+00,2.000000000000000111e-01
1.759834890860000000e+12,1.000000000000000000e+00,6.000000000000000000e+00,0.000000000000000000e+00,0.000000000000000000e+00,0.000000000000000000e+00,-1.619967138228652348e-01,2.834732772497020603e-01,-1.620041329161721333e-01,2.746919164545248426e-01,1.000017479665610498e+00,6.585887685169421468e-01,1.959999999999997300e-01,3.899999999999999578e-01,9.999780164033397201e-01,6.121265420874331120e-01,5.000000000000000000e-01,3.899999999999999578e-01,0.000000000000000000e+00,0.000000000000000000e+00
1.759834891069000000e+12,1.000000000000000000e+00,6.000000000000000000e+00,0.000000000000000000e+00,0.000000000000000000e+00,2.000000000000000000e+00,-1.620044135626773629e-01,2.743406364683808052e-01,-1.657644943449408381e-01,2.655579522866873821e-01,9.999765236027799986e-01,6.102679178221207534e-01,5.000000000000000000e-01,3.899999999999999578e-01,9.799760939098891566e-01,5.637986893475523953e-01,4.000000000000000777e-01,3.899999999999999578e-01,0.000000000000000000e+00,-2.000000000000000111e-01
1.759834891278000000e+12,1.000000000000000000e+00,6.000000000000000000e+00,0.000000000000000000e+00,1.000000000000000056e-01,0.000000000000000000e+00,-1.657644943449408381e-01,2.655579522866873821e-01,-1.737678013765708851e-01,2.583498987023828408e-01,9.799760939098891566e-01,5.637986893475523953e-01,6.039999999999999813e-01,3.899999999999999578e-01,9.374053118267505758e-01,5.256608396951473194e-01,4.000000000000000777e-01,4.360000000000000542e-01,2.000000000000000042e-02,0.000000000000000000e+00
1.759834891482000000e+12,1.000000000000000000e+00,6.000000000000000000e+00,0.000000000000000000e+00,1.000000000000000056e-01,2.000000000000000000e+00,-1.737678013765708851e-01,2.583498987023828408e-01,-1.858543282190064927e-01,2.550764149323050400e-01,9.374053118267505758e-01,5.256608396951473194e-01,5.040000000000000036e-01,4.360000000000000542e-01,8.731152754308165731e-01,5.083408197476457779e-01,2.999999999999999889e-01,4.879999999999999893e-01,2.000000000000000042e-02,-2.000000000000000111e-01
1.759834891685000000e+12,1.000000000000000000e+00,6.000000000000000000e+00,0.000000000000000000e+00,0.000000000000000000e+00,2.000000000000000000e+00,-1.858543282190064927e-01,2.550764149323050400e-01,-2.056161230874455903e-01,2.542802062918425032e-01,8.731152754308165731e-01,5.083408197476457779e-01,6.079999999999999849e-01,4.879999999999999893e-01,7.679993452795447206e-01,5.041280756182143774e-01,1.999999999999997613e-01,4.899999999999999911e-01,0.000000000000000000e+00,-2.000000000000000111e-01
1.759834891892000000e+12,1.000000000000000000e+00,6.000000000000000000e+00,0.000000000000000000e+00,0.000000000000000000e+00,1.000000000000000000e+00,-2.056161230874455903e-01,2.542802062918425032e-01,-2.258759085754476204e-01,2.534930631320788108e-01,7.679993452795447206e-01,5.041280756182143774e-01,7.079999999999999627e-01,4.899999999999999911e-01,6.602345288540020229e-01,4.999632969951260386e-01,2.999999999999999889e-01,4.899999999999999911e-01,0.000000000000000000e+00,2.000000000000000111e-01
1.759834892103000000e+12,1.000000000000000000e+00,6.000000000000000000e+00,0.000000000000000000e+00,0.000000000000000000e+00,1.000000000000000000e+00,-2.265196129160305105e-01,2.534616418946361582e-01,-2.384640162232052885e-01,2.526771743704428475e-01,6.568105695955823720e-01,4.997970470615670235e-01,8.080000000000003846e-01,4.899999999999999911e-01,5.932765094510357162e-01,4.956464252404383930e-01,4.040000000000000258e-01,4.899999999999999911e-01,0.000000000000000000e+00,2.000000000000000111e-01
1.759834892310000000e+12,1.000000000000000000e+00,6.000000000000000000e+00,0.000000000000000000e+00,0.000000000000000000e+00,1.000000000000000000e+00,-2.384640162232052885e-01,2.526771743704428475e-01,-2.423963544883843690e-01,2.518938945041970245e-01,5.932765094510357162e-01,4.956464252404383930e-01,8.120000000000002771e-01,4.899999999999999911e-01,5.723598165511469826e-01,4.915020873237938570e-01,5.040000000000000036e-01,4.899999999999999911e-01,0.000000000000000000e+00,2.000000000000000111e-01
1.759834892518000000e+12,1.000000000000000000e+00,6.000000000000000000e+00,0.000000000000000000e+00,-1.000000000000000056e-01,0.000000000000000000e+00,-2.423873179395477084e-01,2.518625717644943363e-01,-2.417643331987356647e-01,2.493585562516170695e-01,5.724078833002781419e-01,4.913363585422981239e-01,8.120000000000002771e-01,4.899999999999999911e-01,5.757216319216187372e-01,4.780875992149051790e-01,5.080000000000000071e-01,4.420000000000000040e-01,-2.000000000000000042e-02,0.000000000000000000e+00
1.759834892725000000e+12,1.000000000000000000e+00,6.000000000000000000e+00,0.000000000000000000e+00,0.000000000000000000e+00,2.000000000000000000e+00,-2.417643331987356647e-01,2.493585562516170695e-01,-2.449055280635721310e-01,2.441659492204677206e-01,5.757216319216187372e-01,4.780875992149051790e-01,8.120000000000002771e-01,4.420000000000000040e-01,5.590131485980205372e-01,4.506134879389827042e-01,4.080000000000000293e-01,4.340000000000000524e-01,0.000000000000000000e+00,-2.000000000000000111e-01
0.000000000000000000e+00,0.000000000000000000e+00,0.000000000000000000e+00,0.000000000000000000e+00,0.000000000000000000e+00,0.000000000000000000e+00,0.000000000000000000e+00,0.000000000000000000e+00,0.000000000000000000e+00,0.000000000000000000e+00,0.000000000000000000e+00,0.000000000000000000e+00,0.000000000000000000e+00,0.000000000000000000e+00,0.000000000000000000e+00,0.000000000000000000e+00,0.000000000000000000e+00,0.000000000000000000e+00,0.000000000000000000e+00,0.000000000000000000e+00
1.759834898743000000e+12,2.000000000000000000e+00,6.000000000000000000e+00,2.000000000000000000e+00,0.000000000000000000e+00,1.000000000000000000e+00,-2.472164309036123386e-01,2.426918387934343113e-01,-1.766490975232965499e-01,1.591311719585957185e-01,5.467211122148279978e-01,4.428139618700228652e-01,5.000000000000000000e-01,4.360000000000000542e-01,9.220792684931035099e-01,6.940315269614608052e-04,4.760000000000000342e-01,5.000000000000000000e-01,0.000000000000000000e+00,2.000000000000000111e-01
1.759834898952000000e+12,2.000000000000000000e+00,6.000000000000000000e+00,2.000000000000000000e+00,1.000000000000000056e-01,1.000000000000000000e+00,-1.766490975232965499e-01,1.591311719585957185e-01,-1.744846275870672314e-01,1.598842317063207397e-01,9.220792684931035099e-01,6.940315269614608052e-04,4.000000000000000777e-01,5.000000000000000000e-01,9.335924064517701071e-01,4.678474636617658070e-03,5.799999999999999600e-01,5.320000000000000284e-01,2.000000000000000042e-02,2.000000000000000111e-01
1.759834899161000000e+12,2.000000000000000000e+00,6.000000000000000000e+00,2.000000000000000000e+00,1.000000000000000056e-01,1.000000000000000000e+00,-1.744846275870672314e-01,1.598842317063207397e-01,-1.637657494875016106e-01,1.645848390853415222e-01,9.335924064517701071e-01,4.678474636617658070e-03,2.999999999999999889e-01,5.320000000000000284e-01,9.906077154920127636e-01,2.954941314995513518e-02,6.839999999999999414e-01,5.839999999999999636e-01,2.000000000000000042e-02,2.000000000000000111e-01
1.759834899371000000e+12,2.000000000000000000e+00,6.000000000000000000e+00,2.000000000000000000e+00,0.000000000000000000e+00,1.000000000000000000e+00,-1.637657494875016106e-01,1.645848390853415222e-01,-1.624315276179345569e-01,1.731037149774357353e-01,9.906077154920127636e-01,2.954941314995513518e-02,1.959999999999997300e-01,5.839999999999999636e-01,9.977046403301353950e-01,7.462283056844304374e-02,5.000000000000000000e-01,6.219999999999999973e-01,0.000000000000000000e+00,2.000000000000000111e-01
1.759834899578000000e+12,2.000000000000000000e+00,6.000000000000000000e+00,2.000000000000000000e+00,0.000000000000000000e+00,2.000000000000000000e+00,-1.624315276179345569e-01,1.731037149774357353e-01,-1.661972623767523083e-01,1.832643493499176990e-01,9.977046403301353950e-01,7.462283056844304374e-02,1.959999999999997300e-01,6.219999999999999973e-01,9.776741362938706770e-01,1.283828007932153459e-01,4.000000000000000777e-01,6.219999999999999973e-01,0.000000000000000000e+00,-2.000000000000000111e-01
1.759834899793000000e+12,2.000000000000000000e+00,6.000000000000000000e+00,2.000000000000000000e+00,0.000000000000000000e+00,2.000000000000000000e+00,-1.661972623767523083e-01,1.832643493499176990e-01,-1.779458669658675052e-01,1.930343439645231252e-01,9.776741362938706770e-01,1.283828007932153459e-01,9.600000000000025180e-02,6.219999999999999973e-01,9.151815586921940859e-01,1.800758939921858481e-01,2.999999999999999889e-01,6.219999999999999973e-01,0.000000000000000000e+00,-2.000000000000000111e-01
1.759834899996000000e+12,2.000000000000000000e+00,6.000000000000000000e+00,2.000000000000000000e+00,0.000000000000000000e+00,0.000000000000000000e+00,-1.785844372612857556e-01,1.934251304564834906e-01,-1.949079179232791337e-01,2.031952588483777467e-01,9.117849081846503001e-01,1.821435473888015633e-01,9.600000000000025180e-02,6.219999999999999973e-01,8.249578833868130845e-01,2.338373484041150752e-01,2.959999999999999853e-01,6.219999999999999973e-01,0.000000000000000000e+00,0.000000000000000000e+00
1.759834900208000000e+12,2.000000000000000000e+00,6.000000000000000000e+00,2.000000000000000000e+00,0.000000000000000000e+00,0.000000000000000000e+00,-1.949079179232791337e-01,2.031952588483777467e-01,-2.112345933136229037e-01,2.129664151421233054e-01,8.249578833868130845e-01,2.338373484041150752e-01,1.959999999999997300e-01,6.219999999999999973e-01,7.381138653530696647e-01,2.855365880535624679e-01,2.959999999999999853e-01,6.219999999999999973e-01,0.000000000000000000e+00,0.000000000000000000e+00
1.759834900414000000e+12,2.000000000000000000e+00,6.000000000000000000e+00,2.000000000000000000e+00,0.000000000000000000e+00,0.000000000000000000e+00,-2.112345933136229037e-01,2.129664151421233054e-01,-2.282162727334322017e-01,2.231295176433572558e-01,7.381138653530696647e-01,2.855365880535624679e-01,5.000000000000000000e-01,6.219999999999999973e-01,6.477857833328074522e-01,3.393096171606204137e-01,2.959999999999999853e-01,6.219999999999999973e-01,0.000000000000000000e+00,0.000000000000000000e+00
1.759834900622000000e+12,2.000000000000000000e+00,6.000000000000000000e+00,2.000000000000000000e+00,0.000000000000000000e+00,1.000000000000000000e+00,-2.282162727334322017e-01,2.231295176433572558e-01,-2.407962574390786759e-01,2.329034817618798603e-01,6.477857833328074522e-01,3.393096171606204137e-01,6.039999999999999813e-01,6.219999999999999973e-01,5.808709710687304240e-01,3.910237130258193972e-01,3.960000000000000187e-01,6.219999999999999973e-01,0.000000000000000000e+00,2.000000000000000111e-01
1.759834900831000000e+12,2.000000000000000000e+00,6.000000000000000000e+00,2.000000000000000000e+00,0.000000000000000000e+00,1.000000000000000000e+00,-2.407962574390786759e-01,2.329034817618798603e-01,-2.453973383214715920e-01,2.430702619275816045e-01,5.808709710687304240e-01,3.910237130258193972e-01,5.040000000000000036e-01,6.219999999999999973e-01,5.563971365879170072e-01,4.448162006750349673e-01,5.000000000000000000e-01,6.219999999999999973e-01,0.000000000000000000e+00,2.000000000000000111e-01
0.000000000000000000e+00,0.000000000000000000e+00,0.000000000000000000e+00,0.000000000000000000e+00,0.000000000000000000e+00,0.000000000000000000e+00,0.000000000000000000e+00,0.000000000000000000e+00,0.000000000000000000e+00,0.000000000000000000e+00,0.000000000000000000e+00,0.000000000000000000e+00,0.000000000000000000e+00,0.000000000000000000e+00,0.000000000000000000e+00,0.000000000000000000e+00,0.000000000000000000e+00,0.000000000000000000e+00,0.000000000000000000e+00,0.000000000000000000e+00
1.759834906912000000e+12,3.000000000000000000e+00,6.000000000000000000e+00,1.000000000000000000e+00,-1.000000000000000056e-01,2.000000000000000000e+00,-2.452307200180235958e-01,2.454165892764630930e-01,-3.344946367573435886e-01,3.291106071928686094e-01,5.572834041594488808e-01,4.572306310923973660e-01,5.000000000000000000e-01,6.219999999999999973e-01,8.247533639710846742e-02,9.000561227135905895e-01,4.239999999999999880e-01,5.759999999999999565e-01,-2.000000000000000042e-02,-2.000000000000000111e-01
1.759834907118000000e+12,3.000000000000000000e+00,6.000000000000000000e+00,1.000000000000000000e+00,-1.000000000000000056e-01,0.000000000000000000e+00,-3.344946367573435886e-01,3.291106071928686094e-01,-3.411739305166965330e-01,3.334387727023132575e-01,8.247533639710846742e-02,9.000561227135905895e-01,4.000000000000000777e-01,5.759999999999999565e-01,4.694717810267790697e-02,9.229564693244088902e-01,4.199999999999999289e-01,5.240000000000000213e-01,-2.000000000000000042e-02,0.000000000000000000e+00
1.759834907328000000e+12,3.000000000000000000e+00,6.000000000000000000e+00,1.000000000000000000e+00,-1.000000000000000056e-01,1.000000000000000000e+00,-3.411739305166965330e-01,3.334387727023132575e-01,-3.438658125986481240e-01,3.335231494089689330e-01,4.694717810267790697e-02,9.229564693244088902e-01,2.999999999999999889e-01,5.240000000000000213e-01,3.262865639016943736e-02,9.234029069257616573e-01,5.200000000000000178e-01,4.740000000000000324e-01,-2.000000000000000042e-02,2.000000000000000111e-01
1.759834907537000000e+12,3.000000000000000000e+00,6.000000000000000000e+00,1.000000000000000000e+00,-1.000000000000000056e-01,2.000000000000000000e+00,-3.438658125986481240e-01,3.335231494089689330e-01,-3.456842745363848945e-01,3.293728034127709758e-01,3.262865639016943736e-02,9.234029069257616573e-01,1.959999999999997300e-01,4.740000000000000324e-01,2.295598650859087195e-02,9.014434043003756170e-01,4.279999999999999361e-01,4.240000000000000435e-01,-2.000000000000000042e-02,-2.000000000000000111e-01
1.759834907745000000e+12,3.000000000000000000e+00,6.000000000000000000e+00,1.000000000000000000e+00,-1.000000000000000056e-01,1.000000000000000000e+00,-3.456842745363848945e-01,3.293728034127709758e-01,-3.480585706064582840e-01,3.212984159231048742e-01,2.295598650859087195e-02,9.014434043003756170e-01,1.959999999999997300e-01,4.220000000000000417e-01,1.032675209330688286e-02,8.587217773709253654e-01,5.240000000000000213e-01,3.719999999999999418e-01,-2.000000000000000042e-02,2.000000000000000111e-01
1.759834907952000000e+12,3.000000000000000000e+00,6.000000000000000000e+00,1.000000000000000000e+00,-1.000000000000000056e-01,1.000000000000000000e+00,-3.480585706064582840e-01,3.212984159231048742e-01,-3.420291877278146542e-01,3.086462430019699665e-01,1.032675209330688286e-02,8.587217773709253654e-01,9.600000000000025180e-02,3.719999999999999418e-01,4.239793761800704497e-02,7.917790635024867241e-01,6.239999999999998881e-01,3.219999999999999529e-01,-2.000000000000000042e-02,2.000000000000000111e-01
1.759834908159000000e+12,3.000000000000000000e+00,6.000000000000000000e+00,1.000000000000000000e+00,-1.000000000000000056e-01,0.000000000000000000e+00,-3.420291877278146542e-01,3.086462430019699665e-01,-3.318229429595097590e-01,2.923966141157182674e-01,4.239793761800704497e-02,7.917790635024867241e-01,9.600000000000025180e-02,3.200000000000000067e-01,9.668647361962884323e-02,7.058021910884565431e-01,6.279999999999998916e-01,2.700000000000002953e-01,-2.000000000000000042e-02,0.000000000000000000e+00
1.759834908368000000e+12,3.000000000000000000e+00,6.000000000000000000e+00,1.000000000000000000e+00,0.000000000000000000e+00,1.000000000000000000e+00,-3.318229429595097590e-01,2.923966141157182674e-01,-3.174336497872196627e-01,2.715794932769471370e-01,9.668647361962884323e-02,7.058021910884565431e-01,1.959999999999997300e-01,2.700000000000002953e-01,1.732252670892570068e-01,5.956586945870219196e-01,7.279999999999999805e-01,2.400000000000004907e-01,0.000000000000000000e+00,2.000000000000000111e-01
1.759834908576000000e+12,3.000000000000000000e+00,6.000000000000000000e+00,1.000000000000000000e+00,1.000000000000000056e-01,0.000000000000000000e+00,-3.174336497872196627e-01,2.715794932769471370e-01,-2.992150100956262881e-01,2.508034644966238846e-01,1.732252670892570068e-01,5.956586945870219196e-01,5.000000000000000000e-01,2.400000000000004907e-01,2.701329250232643586e-01,4.857326163842534128e-01,7.279999999999999805e-01,2.440000000000004665e-01,2.000000000000000042e-02,0.000000000000000000e+00
1.759834908785000000e+12,3.000000000000000000e+00,6.000000000000000000e+00,1.000000000000000000e+00,1.000000000000000056e-01,0.000000000000000000e+00,-2.984859929069952900e-01,2.499833912020989757e-01,-2.802596240485302204e-01,2.315587089762105311e-01,2.740106760266207142e-01,4.813936042439099783e-01,6.039999999999999813e-01,2.460000000000004405e-01,3.709594465503711080e-01,3.839085131016430896e-01,7.279999999999999805e-01,2.960000000000001519e-01,2.000000000000000042e-02,0.000000000000000000e+00
1.759834908998000000e+12,3.000000000000000000e+00,6.000000000000000000e+00,1.000000000000000000e+00,1.000000000000000056e-01,2.000000000000000000e+00,-2.795305279252269237e-01,2.309049337783245781e-01,-2.650577234837556140e-01,2.166360207615517508e-01,3.748376174190056753e-01,3.804493850705004676e-01,5.040000000000000036e-01,2.980000000000000981e-01,4.518206197672573476e-01,3.049524908018611535e-01,6.279999999999998916e-01,3.479999999999998650e-01,2.000000000000000042e-02,-2.000000000000000111e-01
1.759834909208000000e+12,3.000000000000000000e+00,6.000000000000000000e+00,1.000000000000000000e+00,1.000000000000000056e-01,2.000000000000000000e+00,-2.646453849258262880e-01,2.161486028364281997e-01,-2.584932357470128839e-01,2.060407665705591973e-01,4.540139099690090330e-01,3.023735599811016028e-01,6.079999999999999849e-01,3.479999999999998650e-01,4.867381077286548341e-01,2.488929448177735482e-01,5.240000000000000213e-01,3.999999999999999667e-01,2.000000000000000042e-02,-2.000000000000000111e-01
1.759834909417000000e+12,3.000000000000000000e+00,6.000000000000000000e+00,1.000000000000000000e+00,1.000000000000000056e-01,1.000000000000000000e+00,-2.584932357470128839e-01,2.060407665705591973e-01,-2.528319713348177178e-01,1.999260405610468749e-01,4.867381077286548341e-01,2.488929448177735482e-01,7.079999999999999627e-01,3.999999999999999667e-01,5.168512163041610874e-01,2.165398971483961932e-01,6.239999999999998881e-01,4.500000000000000111e-01,2.000000000000000042e-02,2.000000000000000111e-01
1.759834909629000000e+12,3.000000000000000000e+00,6.000000000000000000e+00,1.000000000000000000e+00,1.000000000000000056e-01,2.000000000000000000e+00,-2.524387858585642741e-01,1.997649052225170252e-01,-2.459783908077011194e-01,1.978148466003491202e-01,5.189426284118920929e-01,2.156873292196668235e-01,8.080000000000003846e-01,4.520000000000000129e-01,5.533064318739301379e-01,2.053695587320059357e-01,5.280000000000000249e-01,5.020000000000000018e-01,2.000000000000000042e-02,-2.000000000000000111e-01
1.759834909844000000e+12,3.000000000000000000e+00,6.000000000000000000e+00,1.000000000000000000e+00,1.000000000000000056e-01,2.000000000000000000e+00,-2.458859787536298303e-01,1.978201095353398220e-01,-2.477340842232285678e-01,2.000310321614998665e-01,5.537979853530328178e-01,2.053974049488879738e-01,8.120000000000002771e-01,5.040000000000000036e-01,5.439676371104863462e-01,2.170954082619040715e-01,4.239999999999999880e-01,5.540000000000000480e-01,2.000000000000000042e-02,-2.000000000000000111e-01
1.759834910051000000e+12,3.000000000000000000e+00,6.000000000000000000e+00,1.000000000000000000e+00,0.000000000000000000e+00,1.000000000000000000e+00,-2.477340842232285678e-01,2.000310321614998665e-01,-2.500067866284919615e-01,2.065350737129574565e-01,5.439676371104863462e-01,2.170954082619040715e-01,8.120000000000002771e-01,5.540000000000000480e-01,5.318787945292979824e-01,2.515083265235844578e-01,5.240000000000000213e-01,5.979999999999999760e-01,0.000000000000000000e+00,2.000000000000000111e-01
1.759834910266000000e+12,3.000000000000000000e+00,6.000000000000000000e+00,1.000000000000000000e+00,0.000000000000000000e+00,2.000000000000000000e+00,-2.500067866284919615e-01,2.065350737129574565e-01,-2.515386314213653440e-01,2.143881541225813592e-01,5.318787945292979824e-01,2.515083265235844578e-01,8.120000000000002771e-01,5.979999999999999760e-01,5.237306839289076477e-01,2.930590165215944953e-01,4.280000000000000471e-01,5.979999999999999760e-01,0.000000000000000000e+00,-2.000000000000000111e-01
1.759834910473000000e+12,3.000000000000000000e+00,6.000000000000000000e+00,1.000000000000000000e+00,0.000000000000000000e+00,1.000000000000000000e+00,-2.517662600412490237e-01,2.147022924211042516e-01,-2.540975555771087246e-01,2.225561360179887094e-01,5.225198933976115123e-01,2.947211239211865452e-01,8.120000000000002771e-01,5.979999999999999760e-01,5.101193852281450392e-01,3.362758519470302465e-01,5.240000000000000213e-01,5.979999999999999760e-01,0.000000000000000000e+00,2.000000000000000111e-01
1.759834910677000000e+12,3.000000000000000000e+00,6.000000000000000000e+00,1.000000000000000000e+00,0.000000000000000000e+00,2.000000000000000000e+00,-2.540975555771087246e-01,2.225561360179887094e-01,-2.559496160444859059e-01,2.304106750052448138e-01,5.101193852281450392e-01,3.362758519470302465e-01,8.120000000000002771e-01,5.979999999999999760e-01,5.002679997633727726e-01,3.778342592870096439e-01,4.239999999999999880e-01,5.979999999999999760e-01,0.000000000000000000e+00,-2.000000000000000111e-01
1.759834910886000000e+12,3.000000000000000000e+00,6.000000000000000000e+00,1.000000000000000000e+00,0.000000000000000000e+00,1.000000000000000000e+00,-2.561901186322903534e-01,2.307248699327525410e-01,-2.588449845010866723e-01,2.385802959542742407e-01,4.989887306793066024e-01,3.794966663108600424e-01,5.000000000000000000e-01,5.979999999999999760e-01,4.848671037176240373e-01,4.210597669538320154e-01,5.200000000000000178e-01,5.979999999999999760e-01,0.000000000000000000e+00,2.000000000000000111e-01
0.000000000000000000e+00,0.000000000000000000e+00,0.000000000000000000e+00,0.000000000000000000e+00,0.000000000000000000e+00,0.000000000000000000e+00,0.000000000000000000e+00,0.000000000000000000e+00,0.000000000000000000e+00,0.000000000000000000e+00,0.000000000000000000e+00,0.000000000000000000e+00,0.000000000000000000e+00,0.000000000000000000e+00,0.000000000000000000e+00,0.000000000000000000e+00,0.000000000000000000e+00,0.000000000000000000e+00,0.000000000000000000e+00,0.000000000000000000e+00
1.759834916873000000e+12,4.000000000000000000e+00,6.000000000000000000e+00,3.000000000000000000e+00,0.000000000000000000e+00,0.000000000000000000e+00,-2.581592306930179936e-01,2.407799123827810694e-01,-3.290292651919476397e-01,1.699006109764809591e-01,4.885147303562872301e-01,4.326979491152437851e-01,5.000000000000000000e-01,5.979999999999999760e-01,1.115464617449592605e-01,5.767519035175110165e-02,5.479999999999999316e-01,5.979999999999999760e-01,0.000000000000000000e+00,0.000000000000000000e+00
1.759834917082000000e+12,4.000000000000000000e+00,6.000000000000000000e+00,3.000000000000000000e+00,1.000000000000000056e-01,1.000000000000000000e+00,-3.290292651919476397e-01,1.699006109764809591e-01,-3.214533726172845163e-01,1.789327292055730434e-01,1.115464617449592605e-01,5.767519035175110165e-02,4.000000000000000777e-01,5.979999999999999760e-01,1.518437626740184454e-01,1.054641756908626660e-01,6.479999999999999094e-01,6.380000000000000115e-01,2.000000000000000042e-02,2.000000000000000111e-01
1.759834917290000000e+12,4.000000000000000000e+00,6.000000000000000000e+00,3.000000000000000000e+00,1.000000000000000056e-01,1.000000000000000000e+00,-3.214533726172845163e-01,1.789327292055730434e-01,-3.058691971590009051e-01,1.918617278885781097e-01,1.518437626740184454e-01,1.054641756908626660e-01,2.999999999999999889e-01,6.380000000000000115e-01,2.347383129840376614e-01,1.738715761300429208e-01,7.480000000000001092e-01,6.879999999999999449e-01,2.000000000000000042e-02,2.000000000000000111e-01
1.759834917491000000e+12,4.000000000000000000e+00,6.000000000000000000e+00,3.000000000000000000e+00,0.000000000000000000e+00,2.000000000000000000e+00,-3.058691971590009051e-01,1.918617278885781097e-01,-2.893248190634770678e-01,2.083656020721991742e-01,2.347383129840376614e-01,1.738715761300429208e-01,1.959999999999997300e-01,6.879999999999999449e-01,3.227403241304410697e-01,2.611936617576676167e-01,6.479999999999999094e-01,6.999999999999998446e-01,0.000000000000000000e+00,-2.000000000000000111e-01
1.759834917701000000e+12,4.000000000000000000e+00,6.000000000000000000e+00,3.000000000000000000e+00,0.000000000000000000e+00,0.000000000000000000e+00,-2.893248190634770678e-01,2.083656020721991742e-01,-2.778144701438935438e-01,2.243784025841020768e-01,3.227403241304410697e-01,2.611936617576676167e-01,1.959999999999997300e-01,6.999999999999998446e-01,3.839655843409917058e-01,3.459174739899580908e-01,6.439999999999999059e-01,6.999999999999998446e-01,0.000000000000000000e+00,0.000000000000000000e+00
1.759834917905000000e+12,4.000000000000000000e+00,6.000000000000000000e+00,3.000000000000000000e+00,-1.000000000000000056e-01,0.000000000000000000e+00,-2.778144701438935438e-01,2.243784025841020768e-01,-2.663073292828122551e-01,2.398326497709413196e-01,3.839655843409917058e-01,3.459174739899580908e-01,9.600000000000025180e-02,6.999999999999998446e-01,4.451737804105730389e-01,4.276859776240282129e-01,6.439999999999999059e-01,6.720000000000000417e-01,-2.000000000000000042e-02,0.000000000000000000e+00
1.759834918116000000e+12,4.000000000000000000e+00,6.000000000000000000e+00,3.000000000000000000e+00,-1.000000000000000056e-01,2.000000000000000000e+00,-2.658470641307718041e-01,2.403852465119651338e-01,-2.580883285135133764e-01,2.521294987676942490e-01,4.476219993044052714e-01,4.306097699045774996e-01,9.600000000000025180e-02,6.700000000000000400e-01,4.888918696089713523e-01,4.927486707285410605e-01,5.440000000000000391e-01,6.199999999999999956e-01,-2.000000000000000042e-02,-2.000000000000000111e-01
1.759834918324000000e+12,4.000000000000000000e+00,6.000000000000000000e+00,3.000000000000000000e+00,0.000000000000000000e+00,0.000000000000000000e+00,-2.580883285135133764e-01,2.521294987676942490e-01,-2.545804832816305763e-01,2.605185270956074106e-01,4.888918696089713523e-01,4.927486707285410605e-01,1.959999999999997300e-01,6.199999999999999956e-01,5.075506208423905541e-01,5.371350639979228792e-01,5.440000000000000391e-01,5.999999999999999778e-01,0.000000000000000000e+00,0.000000000000000000e+00
1.759834918535000000e+12,4.000000000000000000e+00,6.000000000000000000e+00,3.000000000000000000e+00,0.000000000000000000e+00,0.000000000000000000e+00,-2.544403099043459626e-01,2.608392599776200305e-01,-2.509361420956489064e-01,2.688580552777598554e-01,5.082962239130532911e-01,5.388320633736509713e-01,5.000000000000000000e-01,5.999999999999999778e-01,5.269354143848461458e-01,5.812595517341792029e-01,5.440000000000000391e-01,5.999999999999999778e-01,0.000000000000000000e+00,0.000000000000000000e+00
1.759834918743000000e+12,4.000000000000000000e+00,6.000000000000000000e+00,3.000000000000000000e+00,-1.000000000000000056e-01,0.000000000000000000e+00,-2.507959853499580616e-01,2.691788289479217222e-01,-2.472923736646799597e-01,2.764562415694529762e-01,5.276809289895847410e-01,5.829567669202208036e-01,6.039999999999999813e-01,5.999999999999999778e-01,5.463171613580852792e-01,6.214615956055713486e-01,5.440000000000000391e-01,5.679999999999999494e-01,-2.000000000000000042e-02,0.000000000000000000e+00
1.759834918951000000e+12,4.000000000000000000e+00,6.000000000000000000e+00,3.000000000000000000e+00,-1.000000000000000056e-01,2.000000000000000000e+00,-2.472923736646799597e-01,2.764562415694529762e-01,-2.475528365161375199e-01,2.800368348003374752e-01,5.463171613580852792e-01,6.214615956055713486e-01,5.040000000000000036e-01,5.679999999999999494e-01,5.449317206588429885e-01,6.404065333351189881e-01,4.440000000000000058e-01,5.180000000000000160e-01,-2.000000000000000042e-02,-2.000000000000000111e-01
1.759834919157000000e+12,4.000000000000000000e+00,6.000000000000000000e+00,3.000000000000000000e+00,-1.000000000000000056e-01,1.000000000000000000e+00,-2.475528365161375199e-01,2.800368348003374752e-01,-2.482859151565566247e-01,2.796185336476927907e-01,5.449317206588429885e-01,6.404065333351189881e-01,6.079999999999999849e-01,5.180000000000000160e-01,5.410323661885285684e-01,6.381932997232423466e-01,5.440000000000000391e-01,4.679999999999999716e-01,-2.000000000000000042e-02,2.000000000000000111e-01
1.759834919361000000e+12,4.000000000000000000e+00,6.000000000000000000e+00,3.000000000000000000e+00,-1.000000000000000056e-01,0.000000000000000000e+00,-2.481506255039869491e-01,2.795193655917896924e-01,-2.443308203896502329e-01,2.749429385643831769e-01,5.417519920000694045e-01,6.376686010147603056e-01,7.079999999999999627e-01,4.679999999999999716e-01,5.620701043103710770e-01,6.134547013988528308e-01,5.479999999999999316e-01,4.160000000000000364e-01,-2.000000000000000042e-02,0.000000000000000000e+00
1.759834919567000000e+12,4.000000000000000000e+00,6.000000000000000000e+00,3.000000000000000000e+00,-1.000000000000000056e-01,0.000000000000000000e+00,-2.443308203896502329e-01,2.749429385643831769e-01,-2.405058788067666042e-01,2.663671282283705533e-01,5.620701043103710770e-01,6.134547013988528308e-01,8.080000000000003846e-01,4.160000000000000364e-01,5.824155382618797505e-01,5.680800435363522194e-01,5.479999999999999316e-01,3.659999999999999365e-01,-2.000000000000000042e-02,0.000000000000000000e+00
1.759834919774000000e+12,4.000000000000000000e+00,6.000000000000000000e+00,3.000000000000000000e+00,0.000000000000000000e+00,0.000000000000000000e+00,-2.405058788067666042e-01,2.663671282283705533e-01,-2.366788889366257531e-01,2.556684281732886088e-01,5.824155382618797505e-01,5.680800435363522194e-01,8.120000000000002771e-01,3.659999999999999365e-01,6.027718673583736253e-01,5.114731649380350742e-01,5.479999999999999316e-01,3.659999999999999365e-01,0.000000000000000000e+00,0.000000000000000000e+00
1.759834919986000000e+12,4.000000000000000000e+00,6.000000000000000000e+00,3.000000000000000000e+00,1.000000000000000056e-01,2.000000000000000000e+00,-2.365257774589227258e-01,2.552403242239688619e-01,-2.364493389198627504e-01,2.448706262238615483e-01,6.035862901121131774e-01,5.092080646770840158e-01,8.120000000000002771e-01,3.659999999999999365e-01,6.039928780858363488e-01,4.543419376923891750e-01,4.479999999999999538e-01,3.880000000000000115e-01,2.000000000000000042e-02,-2.000000000000000111e-01
1.759834920194000000e+12,4.000000000000000000e+00,6.000000000000000000e+00,3.000000000000000000e+00,1.000000000000000056e-01,1.000000000000000000e+00,-2.364493389198627504e-01,2.448706262238615483e-01,-2.368609732268212031e-01,2.378029752043086809e-01,6.039928780858363488e-01,4.543419376923891750e-01,8.120000000000002771e-01,3.880000000000000115e-01,6.018033338998871606e-01,4.169469587529560095e-01,5.479999999999999316e-01,4.380000000000000560e-01,2.000000000000000042e-02,2.000000000000000111e-01
1.759834920406000000e+12,4.000000000000000000e+00,6.000000000000000000e+00,3.000000000000000000e+00,0.000000000000000000e+00,2.000000000000000000e+00,-2.367110409564869844e-01,2.376035796588865101e-01,-2.363322445995969523e-01,2.346112309444361721e-01,6.026008459761330593e-01,4.158919558671244632e-01,8.120000000000002771e-01,4.400000000000000022e-01,6.046157202149098353e-01,4.000594229864348206e-01,4.520000000000000129e-01,4.779999999999999805e-01,0.000000000000000000e+00,-2.000000000000000111e-01
1.759834920615000000e+12,4.000000000000000000e+00,6.000000000000000000e+00,3.000000000000000000e+00,0.000000000000000000e+00,1.000000000000000000e+00,-2.363322445995969523e-01,2.346112309444361721e-01,-2.364302564256889894e-01,2.328658318854822384e-01,6.046157202149098353e-01,4.000594229864348206e-01,8.120000000000002771e-01,4.779999999999999805e-01,6.040943807144202315e-01,3.908245073305938733e-01,5.520000000000000462e-01,4.779999999999999805e-01,0.000000000000000000e+00,2.000000000000000111e-01
1.759834920826000000e+12,4.000000000000000000e+00,6.000000000000000000e+00,3.000000000000000000e+00,1.000000000000000056e-01,2.000000000000000000e+00,-2.362675168519901558e-01,2.327960098527872834e-01,-2.355555895318322823e-01,2.313839884024411486e-01,6.049600167447332089e-01,3.904550785861761186e-01,5.000000000000000000e-01,4.779999999999999805e-01,6.087468641923814427e-01,3.829840656213817640e-01,4.560000000000000164e-01,5.000000000000000000e-01,2.000000000000000042e-02,-2.000000000000000111e-01
1.759834921040000000e+12,4.000000000000000000e+00,6.000000000000000000e+00,3.000000000000000000e+00,1.000000000000000056e-01,0.000000000000000000e+00,-2.356904410447488996e-01,2.313813587236204783e-01,-2.395371397011971659e-01,2.334293620801923819e-01,6.080295689109100898e-01,3.829701519768279883e-01,5.000000000000000000e-01,5.000000000000000000e-01,5.875684058446959401e-01,3.938061485724465016e-01,4.520000000000000129e-01,5.519999999999999352e-01,2.000000000000000042e-02,0.000000000000000000e+00
1.759834921248000000e+12,4.000000000000000000e+00,6.000000000000000000e+00,3.000000000000000000e+00,0.000000000000000000e+00,2.000000000000000000e+00,-2.395371397011971659e-01,2.334293620801923819e-01,-2.471412164063460093e-01,2.393913994646348076e-01,5.875684058446959401e-01,3.938061485724465016e-01,5.000000000000000000e-01,5.519999999999999352e-01,5.471211893279467331e-01,4.253513199187027305e-01,3.520000000000000906e-01,5.899999999999999689e-01,0.000000000000000000e+00,-2.000000000000000111e-01
1.759834921461000000e+12,4.000000000000000000e+00,6.000000000000000000e+00,3.000000000000000000e+00,0.000000000000000000e+00,1.000000000000000000e+00,-2.476121254276268391e-01,2.396799935193070219e-01,-2.560289799498399743e-01,2.468958079563042807e-01,5.446163541083678394e-01,4.268782725889260776e-01,5.000000000000000000e-01,5.899999999999999689e-01,4.998458513306384132e-01,4.650571849539909541e-01,4.479999999999999538e-01,5.899999999999999689e-01,0.000000000000000000e+00,2.000000000000000111e-01
0.000000000000000000e+00,0.000000000000000000e+00,0.000000000000000000e+00,0.000000000000000000e+00,0.000000000000000000e+00,0.000000000000000000e+00,0.000000000000000000e+00,0.000000000000000000e+00,0.000000000000000000e+00,0.000000000000000000e+00,0.000000000000000000e+00,0.000000000000000000e+00,0.000000000000000000e+00,0.000000000000000000e+00,0.000000000000000000e+00,0.000000000000000000e+00,0.000000000000000000e+00,0.000000000000000000e+00,0.000000000000000000e+00,0.000000000000000000e+00
1.759834927510000000e+12,5.000000000000000000e+00,6.000000000000000000e+00,3.000000000000000000e+00,0.000000000000000000e+00,1.000000000000000000e+00,-2.568612656604075117e-01,2.486278366309926380e-01,-3.310391533931391628e-01,1.693680301711168179e-01,4.954187996786834081e-01,4.742213578359399384e-01,5.000000000000000000e-01,5.899999999999999689e-01,1.008555670577703095e-01,5.485730249268157277e-02,5.720000000000000639e-01,5.899999999999999689e-01,0.000000000000000000e+00,2.000000000000000111e-01
1.759834927724000000e+12,5.000000000000000000e+00,6.000000000000000000e+00,3.000000000000000000e+00,1.000000000000000056e-01,1.000000000000000000e+00,-3.310391533931391628e-01,1.693680301711168179e-01,-3.209952773036883200e-01,1.785952996417687066e-01,1.008555670577703095e-01,5.485730249268157277e-02,4.000000000000000777e-01,5.899999999999999689e-01,1.542804398739981986e-01,1.036788340834323141e-01,6.759999999999999343e-01,6.380000000000000115e-01,2.000000000000000042e-02,2.000000000000000111e-01
1.759834927933000000e+12,5.000000000000000000e+00,6.000000000000000000e+00,3.000000000000000000e+00,0.000000000000000000e+00,1.000000000000000000e+00,-3.209952773036883200e-01,1.785952996417687066e-01,-3.022913345364731663e-01,1.921237270790387697e-01,1.542804398739981986e-01,1.036788340834323141e-01,2.999999999999999889e-01,6.380000000000000115e-01,2.537694971464192206e-01,1.752578152330093730e-01,7.760000000000002451e-01,6.879999999999999449e-01,0.000000000000000000e+00,2.000000000000000111e-01
1.759834928138000000e+12,5.000000000000000000e+00,6.000000000000000000e+00,3.000000000000000000e+00,0.000000000000000000e+00,2.000000000000000000e+00,-3.022913345364731663e-01,1.921237270790387697e-01,-2.836691661548695342e-01,2.071724272806702849e-01,2.537694971464192206e-01,1.752578152330093730e-01,1.959999999999997300e-01,6.879999999999999449e-01,3.528235842826087931e-01,2.548805676225941452e-01,6.800000000000000488e-01,6.879999999999999449e-01,0.000000000000000000e+00,-2.000000000000000111e-01
1.759834928348000000e+12,5.000000000000000000e+00,6.000000000000000000e+00,3.000000000000000000e+00,-1.000000000000000056e-01,2.000000000000000000e+00,-2.836691661548695342e-01,2.071724272806702849e-01,-2.727810879231543639e-01,2.227384674966863265e-01,3.528235842826087931e-01,2.548805676225941452e-01,1.959999999999997300e-01,6.879999999999999449e-01,4.107388940257746257e-01,3.372405687655361528e-01,5.760000000000000675e-01,6.760000000000000453e-01,-2.000000000000000042e-02,-2.000000000000000111e-01
1.759834928557000000e+12,5.000000000000000000e+00,6.000000000000000000e+00,3.000000000000000000e+00,-1.000000000000000056e-01,1.000000000000000000e+00,-2.727810879231543639e-01,2.227384674966863265e-01,-2.629558966990402924e-01,2.349565578840703273e-01,4.107388940257746257e-01,3.372405687655361528e-01,9.600000000000025180e-02,6.760000000000000453e-01,4.630005494731898597e-01,4.018865496511657698e-01,6.759999999999999343e-01,6.260000000000001119e-01,-2.000000000000000042e-02,2.000000000000000111e-01
1.759834928766000000e+12,5.000000000000000000e+00,6.000000000000000000e+00,3.000000000000000000e+00,0.000000000000000000e+00,2.000000000000000000e+00,-2.629558966990402924e-01,2.349565578840703273e-01,-2.517717658550163717e-01,2.434509694548966097e-01,4.630005494731898597e-01,4.018865496511657698e-01,9.600000000000025180e-02,6.260000000000001119e-01,5.224906071541681740e-01,4.468305262163842495e-01,5.840000000000000746e-01,5.819999999999999618e-01,0.000000000000000000e+00,-2.000000000000000111e-01
0.000000000000000000e+00,0.000000000000000000e+00,0.000000000000000000e+00,0.000000000000000000e+00,0.000000000000000000e+00,0.000000000000000000e+00,0.000000000000000000e+00,0.000000000000000000e+00,0.000000000000000000e+00,0.000000000000000000e+00,0.000000000000000000e+00,0.000000000000000000e+00,0.000000000000000000e+00,0.000000000000000000e+00,0.000000000000000000e+00,0.000000000000000000e+00,0.000000000000000000e+00,0.000000000000000000e+00,0.000000000000000000e+00,0.000000000000000000e+00
1.759834934900000000e+12,6.000000000000000000e+00,6.000000000000000000e+00,1.000000000000000000e+00,0.000000000000000000e+00,2.000000000000000000e+00,-2.504070710590401982e-01,2.450291867138074675e-01,-3.320661567728640517e-01,3.276522697063680711e-01,5.297496220263818723e-01,4.551808820836374392e-01,5.000000000000000000e-01,5.819999999999999618e-01,9.539278312306345708e-02,8.923400513564448966e-01,4.599999999999999645e-01,5.819999999999999618e-01,0.000000000000000000e+00,-2.000000000000000111e-01
1.759834935104000000e+12,6.000000000000000000e+00,6.000000000000000000e+00,1.000000000000000000e+00,0.000000000000000000e+00,0.000000000000000000e+00,-3.320661567728640517e-01,3.276522697063680711e-01,-3.356266484186418153e-01,3.342502817332085319e-01,9.539278312306345708e-02,8.923400513564448966e-01,4.000000000000000777e-01,5.819999999999999618e-01,7.645399777318172274e-02,9.272501679005743513e-01,4.560000000000000164e-01,5.819999999999999618e-01,0.000000000000000000e+00,0.000000000000000000e+00
1.759834935313000000e+12,6.000000000000000000e+00,6.000000000000000000e+00,1.000000000000000000e+00,-1.000000000000000056e-01,2.000000000000000000e+00,-3.356266484186418153e-01,3.342502817332085319e-01,-3.429450754810781099e-01,3.404474569952166685e-01,7.645399777318172274e-02,9.272501679005743513e-01,2.999999999999999889e-01,5.819999999999999618e-01,3.752619424958440753e-02,9.600394550011465133e-01,3.560000000000000941e-01,5.579999999999999405e-01,-2.000000000000000042e-02,-2.000000000000000111e-01
1.759834935519000000e+12,6.000000000000000000e+00,6.000000000000000000e+00,1.000000000000000000e+00,-1.000000000000000056e-01,2.000000000000000000e+00,-3.434044140226907849e-01,3.406361329902121704e-01,-3.493959683469615718e-01,3.432857924913644276e-01,3.508290413462337304e-02,9.610377406889534235e-01,1.959999999999997300e-01,5.560000000000000497e-01,3.212934324672372943e-03,9.750571031289124724e-01,5.000000000000000000e-01,5.060000000000000053e-01,-2.000000000000000042e-02,-2.000000000000000111e-01
1.759834935729000000e+12,6.000000000000000000e+00,6.000000000000000000e+00,1.000000000000000000e+00,-1.000000000000000056e-01,1.000000000000000000e+00,-3.493959683469615718e-01,3.432857924913644276e-01,-3.459981077182467946e-01,3.419356155969565103e-01,3.212934324672372943e-03,9.750571031289124724e-01,1.959999999999997300e-01,5.060000000000000053e-01,2.128666107315523373e-02,9.679133100368070286e-01,5.959999999999999742e-01,4.560000000000000164e-01,-2.000000000000000042e-02,2.000000000000000111e-01
1.759834935941000000e+12,6.000000000000000000e+00,6.000000000000000000e+00,1.000000000000000000e+00,-1.000000000000000056e-01,1.000000000000000000e+00,-3.456961503772578159e-01,3.417981410675040022e-01,-3.333460553324508746e-01,3.359718448968799231e-01,2.289281714224554454e-02,9.671859315740953811e-01,9.600000000000025180e-02,4.540000000000000147e-01,8.858481206143141440e-02,9.363589677083594687e-01,7.000000000000000666e-01,4.040000000000000258e-01,-2.000000000000000042e-02,2.000000000000000111e-01
1.759834936151000000e+12,6.000000000000000000e+00,6.000000000000000000e+00,1.000000000000000000e+00,0.000000000000000000e+00,2.000000000000000000e+00,-3.333460553324508746e-01,3.359718448968799231e-01,-3.208359716347506940e-01,3.271281466842089758e-01,8.858481206143141440e-02,9.363589677083594687e-01,9.600000000000025180e-02,4.019999999999999685e-01,1.551278104534536684e-01,8.895669136730635085e-01,6.039999999999999813e-01,3.859999999999999543e-01,0.000000000000000000e+00,-2.000000000000000111e-01
1.759834936357000000e+12,6.000000000000000000e+00,6.000000000000000000e+00,1.000000000000000000e+00,0.000000000000000000e+00,0.000000000000000000e+00,-3.208359716347506940e-01,3.271281466842089758e-01,-3.125478590189941785e-01,3.180404469464138129e-01,1.551278104534536684e-01,8.895669136730635085e-01,1.959999999999997300e-01,3.859999999999999543e-01,1.992135158564138642e-01,8.414838462773218675e-01,6.039999999999999813e-01,3.859999999999999543e-01,0.000000000000000000e+00,0.000000000000000000e+00
1.759834936566000000e+12,6.000000000000000000e+00,6.000000000000000000e+00,1.000000000000000000e+00,0.000000000000000000e+00,0.000000000000000000e+00,-3.122163775866534374e-01,3.176768718542065661e-01,-3.039278259473395805e-01,3.085863184901131429e-01,2.009767149646092821e-01,8.395601685407756420e-01,5.000000000000000000e-01,3.859999999999999543e-01,2.450647555992574722e-01,7.914620025931913272e-01,6.039999999999999813e-01,3.859999999999999543e-01,0.000000000000000000e+00,0.000000000000000000e+00
1.759834936772000000e+12,6.000000000000000000e+00,6.000000000000000000e+00,1.000000000000000000e+00,0.000000000000000000e+00,0.000000000000000000e+00,-3.039278259473395805e-01,3.085863184901131429e-01,-2.956360206760471065e-01,2.994932649140802372e-01,2.450647555992574722e-01,7.914620025931913272e-01,6.039999999999999813e-01,3.859999999999999543e-01,2.891701027869834073e-01,7.433506080110066083e-01,6.039999999999999813e-01,3.859999999999999543e-01,0.000000000000000000e+00,0.000000000000000000e+00
1.759834936979000000e+12,6.000000000000000000e+00,6.000000000000000000e+00,1.000000000000000000e+00,0.000000000000000000e+00,0.000000000000000000e+00,-2.956360206760471065e-01,2.994932649140802372e-01,-2.870094120278459671e-01,2.900341390978530831e-01,2.891701027869834073e-01,7.433506080110066083e-01,5.040000000000000036e-01,3.859999999999999543e-01,3.350563190008192804e-01,6.933023232690640469e-01,6.039999999999999813e-01,3.859999999999999543e-01,0.000000000000000000e+00,0.000000000000000000e+00
1.759834937186000000e+12,6.000000000000000000e+00,6.000000000000000000e+00,1.000000000000000000e+00,0.000000000000000000e+00,1.000000000000000000e+00,-2.870094120278459671e-01,2.900341390978530831e-01,-2.749578618392263252e-01,2.809360183626881668e-01,3.350563190008192804e-01,6.933023232690640469e-01,6.079999999999999849e-01,3.859999999999999543e-01,3.991603093658173673e-01,6.451641183211015429e-01,7.039999999999999591e-01,3.859999999999999543e-01,0.000000000000000000e+00,2.000000000000000111e-01
1.759834937396000000e+12,6.000000000000000000e+00,6.000000000000000000e+00,1.000000000000000000e+00,0.000000000000000000e+00,0.000000000000000000e+00,-2.749578618392263252e-01,2.809360183626881668e-01,-2.576924136436807844e-01,2.714708099644486672e-01,3.991603093658173673e-01,6.451641183211015429e-01,7.079999999999999627e-01,3.859999999999999543e-01,4.909977997676553407e-01,5.950836506055485753e-01,7.079999999999999627e-01,3.859999999999999543e-01,0.000000000000000000e+00,0.000000000000000000e+00
1.759834937604000000e+12,6.000000000000000000e+00,6.000000000000000000e+00,1.000000000000000000e+00,1.000000000000000056e-01,2.000000000000000000e+00,-2.576924136436807844e-01,2.714708099644486672e-01,-2.448265402780762934e-01,2.629286951239812598e-01,4.909977997676553407e-01,5.950836506055485753e-01,8.080000000000003846e-01,3.859999999999999543e-01,5.594332963932111547e-01,5.498872757882606876e-01,6.079999999999999849e-01,4.140000000000000346e-01,2.000000000000000042e-02,-2.000000000000000111e-01
1.759834937809000000e+12,6.000000000000000000e+00,6.000000000000000000e+00,1.000000000000000000e+00,1.000000000000000056e-01,2.000000000000000000e+00,-2.448265402780762934e-01,2.629286951239812598e-01,-2.399593123378094273e-01,2.579455532096161519e-01,5.594332963932111547e-01,5.498872757882606876e-01,8.120000000000002771e-01,4.140000000000000346e-01,5.853228067137795643e-01,5.235214455535246447e-01,5.080000000000000071e-01,4.640000000000000235e-01,2.000000000000000042e-02,-2.000000000000000111e-01
1.759834938015000000e+12,6.000000000000000000e+00,6.000000000000000000e+00,1.000000000000000000e+00,1.000000000000000056e-01,0.000000000000000000e+00,-2.399310751575458034e-01,2.578294509410806734e-01,-2.396219447379882295e-01,2.570051855749303504e-01,5.854730044811392586e-01,5.229071478364057945e-01,8.120000000000002771e-01,4.660000000000000253e-01,5.871173152234668846e-01,5.185459554229119306e-01,5.040000000000000036e-01,5.160000000000000142e-01,2.000000000000000042e-02,0.000000000000000000e+00
1.759834938221000000e+12,6.000000000000000000e+00,6.000000000000000000e+00,1.000000000000000000e+00,0.000000000000000000e+00,2.000000000000000000e+00,-2.396219447379882295e-01,2.570051855749303504e-01,-2.430793662187253346e-01,2.597009626720065967e-01,5.871173152234668846e-01,5.185459554229119306e-01,8.120000000000002771e-01,5.160000000000000142e-01,5.687267754323119817e-01,5.328093263069132446e-01,4.040000000000000258e-01,5.400000000000000355e-01,0.000000000000000000e+00,-2.000000000000000111e-01
1.759834938432000000e+12,6.000000000000000000e+00,6.000000000000000000e+00,1.000000000000000000e+00,0.000000000000000000e+00,1.000000000000000000e+00,-2.433855576367324747e-01,2.598296590799992756e-01,-2.476391516939627779e-01,2.630475700154616403e-01,5.670980976769548487e-01,5.334902596825359389e-01,8.120000000000002771e-01,5.400000000000000355e-01,5.444725973725383916e-01,5.505162434680510586e-01,5.000000000000000000e-01,5.400000000000000355e-01,0.000000000000000000e+00,2.000000000000000111e-01
1.759834938639000000e+12,6.000000000000000000e+00,6.000000000000000000e+00,1.000000000000000000e+00,-1.000000000000000056e-01,0.000000000000000000e+00,-2.476391516939627779e-01,2.630475700154616403e-01,-2.476580699434696442e-01,2.656196944080926881e-01,5.444725973725383916e-01,5.505162434680510586e-01,8.120000000000002771e-01,5.400000000000000355e-01,5.443719683857997094e-01,5.641253672385857509e-01,5.000000000000000000e-01,5.100000000000000089e-01,-2.000000000000000042e-02,0.000000000000000000e+00
1.759834938846000000e+12,6.000000000000000000e+00,6.000000000000000000e+00,1.000000000000000000e+00,0.000000000000000000e+00,0.000000000000000000e+00,-2.476587061393213385e-01,2.656540403316876575e-01,-2.476745902891627216e-01,2.647686705275595909e-01,5.443685843653119916e-01,5.643070917020511779e-01,5.000000000000000000e-01,5.100000000000000089e-01,5.442840942065811927e-01,5.596225953839132350e-01,5.000000000000000000e-01,4.799999999999999822e-01,0.000000000000000000e+00,0.000000000000000000e+00
1.759834939054000000e+12,6.000000000000000000e+00,6.000000000000000000e+00,1.000000000000000000e+00,0.000000000000000000e+00,0.000000000000000000e+00,-2.476745902891627216e-01,2.647686705275595909e-01,-2.476902874284264144e-01,2.631870945352379199e-01,5.442840942065811927e-01,5.596225953839132350e-01,5.000000000000000000e-01,4.799999999999999822e-01,5.442005987849658499e-01,5.512544684404123707e-01,5.000000000000000000e-01,4.799999999999999822e-01,0.000000000000000000e+00,0.000000000000000000e+00
1.759834939262000000e+12,6.000000000000000000e+00,6.000000000000000000e+00,1.000000000000000000e+00,0.000000000000000000e+00,0.000000000000000000e+00,-2.476909093411615581e-01,2.631238250910785670e-01,-2.477064195879906949e-01,2.615420203171740510e-01,5.441972907385023150e-01,5.509197094766062897e-01,5.000000000000000000e-01,4.799999999999999822e-01,5.441147894255813355e-01,5.425503720485400638e-01,5.000000000000000000e-01,4.799999999999999822e-01,0.000000000000000000e+00,0.000000000000000000e+00
1.759834939472000000e+12,6.000000000000000000e+00,6.000000000000000000e+00,1.000000000000000000e+00,0.000000000000000000e+00,0.000000000000000000e+00,-2.477064195879906949e-01,2.615420203171740510e-01,-2.477217517736720886e-01,2.599599988822862695e-01,5.441147894255813355e-01,5.425503720485400638e-01,5.000000000000000000e-01,4.799999999999999822e-01,5.440332352464249954e-01,5.341798882660649950e-01,5.000000000000000000e-01,4.799999999999999822e-01,0.000000000000000000e+00,0.000000000000000000e+00
1.759834939678000000e+12,6.000000000000000000e+00,6.000000000000000000e+00,1.000000000000000000e+00,0.000000000000000000e+00,0.000000000000000000e+00,-2.477217517736720886e-01,2.599599988822862695e-01,-2.477375067132201458e-01,2.583144670862120296e-01,5.440332352464249954e-01,5.341798882660649950e-01,4.000000000000000777e-01,4.799999999999999822e-01,5.439494323764885175e-01,5.254733708265186820e-01,5.000000000000000000e-01,4.799999999999999822e-01,0.000000000000000000e+00,0.000000000000000000e+00
1.759834939885000000e+12,6.000000000000000000e+00,6.000000000000000000e+00,1.000000000000000000e+00,1.000000000000000056e-01,0.000000000000000000e+00,-2.477375067132201458e-01,2.583144670862120296e-01,-2.477524973506700090e-01,2.575768179665632318e-01,5.439494323764885175e-01,5.254733708265186820e-01,2.959999999999999853e-01,4.799999999999999822e-01,5.438696949432445527e-01,5.215704654315514999e-01,5.000000000000000000e-01,5.140000000000000124e-01,2.000000000000000042e-02,0.000000000000000000e+00
1.759834940091000000e+12,6.000000000000000000e+00,6.000000000000000000e+00,1.000000000000000000e+00,0.000000000000000000e+00,0.000000000000000000e+00,-2.477524973506700090e-01,2.575768179665632318e-01,-2.477680944991141332e-01,2.605240293955046749e-01,5.438696949432445527e-01,5.215704654315514999e-01,3.960000000000000187e-01,5.140000000000000124e-01,5.437867313876907360e-01,5.371641766957919728e-01,5.000000000000000000e-01,5.460000000000000409e-01,0.000000000000000000e+00,0.000000000000000000e+00
1.759834940300000000e+12,6.000000000000000000e+00,6.000000000000000000e+00,1.000000000000000000e+00,0.000000000000000000e+00,1.000000000000000000e+00,-2.477680944991141332e-01,2.605240293955046749e-01,-2.440312367935258409e-01,2.642219784957914874e-01,5.437867313876907360e-01,5.371641766957919728e-01,2.999999999999999889e-01,5.460000000000000409e-01,5.636636340769901610e-01,5.567300449512777583e-01,5.999999999999999778e-01,5.460000000000000409e-01,0.000000000000000000e+00,2.000000000000000111e-01
1.759834940512000000e+12,6.000000000000000000e+00,6.000000000000000000e+00,1.000000000000000000e+00,-1.000000000000000056e-01,2.000000000000000000e+00,-2.440312367935258409e-01,2.642219784957914874e-01,-2.391763259234112038e-01,2.664840517595341574e-01,5.636636340769901610e-01,5.567300449512777583e-01,2.999999999999999889e-01,5.460000000000000409e-01,5.894876280669616442e-01,5.686986865583818496e-01,5.040000000000000036e-01,5.000000000000000000e-01,-2.000000000000000042e-02,-2.000000000000000111e-01
1.759834940716000000e+12,6.000000000000000000e+00,6.000000000000000000e+00,1.000000000000000000e+00,0.000000000000000000e+00,0.000000000000000000e+00,-2.391763259234112038e-01,2.664840517595341574e-01,-2.388694422402233841e-01,2.647904242012544263e-01,5.894876280669616442e-01,5.686986865583818496e-01,3.999999999999999667e-01,5.000000000000000000e-01,5.911199880839181908e-01,5.597376941865314093e-01,5.040000000000000036e-01,4.660000000000000253e-01,0.000000000000000000e+00,0.000000000000000000e+00
1.759834940921000000e+12,6.000000000000000000e+00,6.000000000000000000e+00,1.000000000000000000e+00,0.000000000000000000e+00,2.000000000000000000e+00,-2.388694422402233841e-01,2.647904242012544263e-01,-2.423271287983050637e-01,2.620883184133402932e-01,5.911199880839181908e-01,5.597376941865314093e-01,3.039999999999999925e-01,4.660000000000000253e-01,5.727280383068878988e-01,5.454408381658216731e-01,4.040000000000000258e-01,4.660000000000000253e-01,0.000000000000000000e+00,-2.000000000000000111e-01
1.759834941128000000e+12,6.000000000000000000e+00,6.000000000000000000e+00,1.000000000000000000e+00,0.000000000000000000e+00,1.000000000000000000e+00,-2.423271287983050637e-01,2.620883184133402932e-01,-2.468977727936364774e-01,2.592778320528374980e-01,5.727280383068878988e-01,5.454408381658216731e-01,4.040000000000000258e-01,4.660000000000000253e-01,5.484161021615080456e-01,5.305705399621032381e-01,4.960000000000000520e-01,4.660000000000000253e-01,0.000000000000000000e+00,2.000000000000000111e-01
1.759834941335000000e+12,6.000000000000000000e+00,6.000000000000000000e+00,1.000000000000000000e+00,0.000000000000000000e+00,0.000000000000000000e+00,-2.468977727936364774e-01,2.592778320528374980e-01,-2.469157129296412623e-01,2.565753457682709571e-01,5.484161021615080456e-01,5.305705399621032381e-01,2.999999999999999889e-01,4.660000000000000253e-01,5.483206759061635127e-01,5.162716707315924136e-01,5.000000000000000000e-01,4.660000000000000253e-01,0.000000000000000000e+00,0.000000000000000000e+00
1.759834941541000000e+12,6.000000000000000000e+00,6.000000000000000000e+00,1.000000000000000000e+00,0.000000000000000000e+00,0.000000000000000000e+00,-2.469157129296412623e-01,2.565753457682709571e-01,-2.469301661384932234e-01,2.538725127467970077e-01,5.483206759061635127e-01,5.162716707315924136e-01,1.999999999999997613e-01,4.660000000000000253e-01,5.482437971356742823e-01,5.019709669142699004e-01,5.000000000000000000e-01,4.660000000000000253e-01,0.000000000000000000e+00,0.000000000000000000e+00
1.759834941748000000e+12,6.000000000000000000e+00,6.000000000000000000e+00,1.000000000000000000e+00,0.000000000000000000e+00,0.000000000000000000e+00,-2.469307394214987350e-01,2.537643931788027829e-01,-2.469448801721721987e-01,2.510611939768531142e-01,5.482407477579853694e-01,5.013989057079513145e-01,2.959999999999999853e-01,4.660000000000000253e-01,5.481655309990840497e-01,4.870962644277943010e-01,5.000000000000000000e-01,4.660000000000000253e-01,0.000000000000000000e+00,0.000000000000000000e+00
0.000000000000000000e+00,0.000000000000000000e+00,0.000000000000000000e+00,0.000000000000000000e+00,0.000000000000000000e+00,0.000000000000000000e+00,0.000000000000000000e+00,0.000000000000000000e+00,0.000000000000000000e+00,0.000000000000000000e+00,0.000000000000000000e+00,0.000000000000000000e+00,0.000000000000000000e+00,0.000000000000000000e+00,0.000000000000000000e+00,0.000000000000000000e+00,0.000000000000000000e+00,0.000000000000000000e+00,0.000000000000000000e+00,0.000000000000000000e+00
1.759834947832000000e+12,7.000000000000000000e+00,6.000000000000000000e+00,0.000000000000000000e+00,0.000000000000000000e+00,2.000000000000000000e+00,-2.469493467072112758e-01,2.501961005043203401e-01,-1.769622501912148649e-01,3.186552949101792986e-01,5.481417728339825768e-01,4.825190502874092680e-01,5.000000000000000000e-01,4.660000000000000253e-01,9.204135628126869362e-01,8.447370101067688264e-01,4.040000000000000258e-01,4.660000000000000253e-01,0.000000000000000000e+00,-2.000000000000000111e-01
1.759834948042000000e+12,7.000000000000000000e+00,6.000000000000000000e+00,0.000000000000000000e+00,0.000000000000000000e+00,1.000000000000000000e+00,-1.769622501912148649e-01,3.186552949101792986e-01,-1.812125785831193436e-01,3.159604419384542395e-01,9.204135628126869362e-01,8.447370101067688264e-01,4.000000000000000777e-01,4.660000000000000253e-01,8.978054330685141249e-01,8.304785287748902567e-01,5.000000000000000000e-01,4.660000000000000253e-01,0.000000000000000000e+00,2.000000000000000111e-01
1.759834948254000000e+12,7.000000000000000000e+00,6.000000000000000000e+00,0.000000000000000000e+00,-1.000000000000000056e-01,0.000000000000000000e+00,-1.812179239728497759e-01,3.158526452956686992e-01,-1.809145097397115154e-01,3.125078190345045304e-01,8.977770001444160819e-01,8.299081761675594082e-01,2.999999999999999889e-01,4.660000000000000253e-01,8.993909056398323720e-01,8.122106827222462799e-01,5.040000000000000036e-01,4.360000000000000542e-01,-2.000000000000000042e-02,0.000000000000000000e+00
1.759834948462000000e+12,7.000000000000000000e+00,6.000000000000000000e+00,0.000000000000000000e+00,-1.000000000000000056e-01,0.000000000000000000e+00,-1.809145097397115154e-01,3.125078190345045304e-01,-1.806068718571805509e-01,3.055331876503260546e-01,8.993909056398323720e-01,8.122106827222462799e-01,1.959999999999997300e-01,4.360000000000000542e-01,9.010272773554226511e-01,7.753078711657463984e-01,5.040000000000000036e-01,3.859999999999999543e-01,-2.000000000000000042e-02,0.000000000000000000e+00
1.759834948666000000e+12,7.000000000000000000e+00,6.000000000000000000e+00,0.000000000000000000e+00,0.000000000000000000e+00,0.000000000000000000e+00,-1.805945358111045174e-01,3.051709107415849220e-01,-1.802854884773085198e-01,2.957618963849444338e-01,9.010928946217845459e-01,7.733910621247880313e-01,1.959999999999997300e-01,3.859999999999999543e-01,9.027367634185716749e-01,7.236079173806584386e-01,5.040000000000000036e-01,3.819999999999999507e-01,0.000000000000000000e+00,0.000000000000000000e+00
1.759834948877000000e+12,7.000000000000000000e+00,6.000000000000000000e+00,0.000000000000000000e+00,1.000000000000000056e-01,0.000000000000000000e+00,-1.802854884773085198e-01,2.957618963849444338e-01,-1.799757192858156829e-01,2.872922634224396310e-01,9.027367634185716749e-01,7.236079173806584386e-01,9.600000000000025180e-02,3.819999999999999507e-01,9.043844718839590957e-01,6.787950445631727447e-01,5.040000000000000036e-01,4.180000000000000382e-01,2.000000000000000042e-02,0.000000000000000000e+00
1.759834949087000000e+12,7.000000000000000000e+00,6.000000000000000000e+00,0.000000000000000000e+00,0.000000000000000000e+00,2.000000000000000000e+00,-1.799633274719988074e-01,2.870274708727142965e-01,-1.834167376968659502e-01,2.825263036279608841e-01,9.044503857872403518e-01,6.773940257815571631e-01,9.600000000000025180e-02,4.200000000000000955e-01,8.860811824634790002e-01,6.535783260738672329e-01,4.040000000000000258e-01,4.679999999999999716e-01,0.000000000000000000e+00,-2.000000000000000111e-01
1.759834949291000000e+12,7.000000000000000000e+00,6.000000000000000000e+00,0.000000000000000000e+00,0.000000000000000000e+00,0.000000000000000000e+00,-1.834167376968659502e-01,2.825263036279608841e-01,-1.911042780408893083e-01,2.799852616224712265e-01,8.860811824634790002e-01,6.535783260738672329e-01,1.959999999999997300e-01,4.679999999999999716e-01,8.451900104208015518e-01,6.401336593781546958e-01,4.040000000000000258e-01,4.679999999999999716e-01,0.000000000000000000e+00,0.000000000000000000e+00
1.759834949501000000e+12,7.000000000000000000e+00,6.000000000000000000e+00,0.000000000000000000e+00,0.000000000000000000e+00,0.000000000000000000e+00,-1.911042780408893083e-01,2.799852616224712265e-01,-1.991032253488024817e-01,2.773423693396945833e-01,8.451900104208015518e-01,6.401336593781546958e-01,5.000000000000000000e-01,4.679999999999999716e-01,8.026424183574335514e-01,6.261501023264264276e-01,4.040000000000000258e-01,4.679999999999999716e-01,0.000000000000000000e+00,0.000000000000000000e+00
1.759834949710000000e+12,7.000000000000000000e+00,6.000000000000000000e+00,0.000000000000000000e+00,0.000000000000000000e+00,0.000000000000000000e+00,-1.991032253488024817e-01,2.773423693396945833e-01,-2.067950956046014643e-01,2.748009400413758407e-01,8.026424183574335514e-01,6.261501023264264276e-01,6.039999999999999813e-01,4.679999999999999716e-01,7.617282148691411070e-01,6.127033864623061543e-01,4.040000000000000258e-01,4.679999999999999716e-01,0.000000000000000000e+00,0.000000000000000000e+00
1.759834949916000000e+12,7.000000000000000000e+00,6.000000000000000000e+00,0.000000000000000000e+00,0.000000000000000000e+00,0.000000000000000000e+00,-2.071027833890399239e-01,2.746992802146081547e-01,-2.147952593453220926e-01,2.721576711288882788e-01,7.600915777178727240e-01,6.121655037809955457e-01,5.040000000000000036e-01,4.679999999999999716e-01,7.191741524184994683e-01,5.987178366607845970e-01,4.040000000000000258e-01,4.679999999999999716e-01,0.000000000000000000e+00,0.000000000000000000e+00
1.759834950122000000e+12,7.000000000000000000e+00,6.000000000000000000e+00,0.000000000000000000e+00,-1.000000000000000056e-01,0.000000000000000000e+00,-2.147952593453220926e-01,2.721576711288882788e-01,-2.224882349552894101e-01,2.688750815816839945e-01,7.191741524184994683e-01,5.987178366607845970e-01,6.079999999999999849e-01,4.679999999999999716e-01,6.782540693867584736e-01,5.813496379983280615e-01,4.040000000000000258e-01,4.360000000000000542e-01,-2.000000000000000042e-02,0.000000000000000000e+00
1.759834950334000000e+12,7.000000000000000000e+00,6.000000000000000000e+00,0.000000000000000000e+00,0.000000000000000000e+00,0.000000000000000000e+00,-2.227959520207952182e-01,2.686726011076452925e-01,-2.304887618874111865e-01,2.619359218689339408e-01,6.766172764851318133e-01,5.802783127388640994e-01,7.079999999999999627e-01,4.340000000000000524e-01,6.356980750669617430e-01,5.446345072430367473e-01,4.040000000000000258e-01,4.080000000000000293e-01,0.000000000000000000e+00,0.000000000000000000e+00
1.759834950543000000e+12,7.000000000000000000e+00,6.000000000000000000e+00,0.000000000000000000e+00,1.000000000000000056e-01,0.000000000000000000e+00,-2.304887618874111865e-01,2.619359218689339408e-01,-2.384894400116110424e-01,2.546343595281251315e-01,6.356980750669617430e-01,5.446345072430367473e-01,8.080000000000003846e-01,4.080000000000000293e-01,5.931412765339837412e-01,5.060019022652123555e-01,4.040000000000000258e-01,4.280000000000000471e-01,2.000000000000000042e-02,0.000000000000000000e+00
1.759834950752000000e+12,7.000000000000000000e+00,6.000000000000000000e+00,0.000000000000000000e+00,0.000000000000000000e+00,1.000000000000000000e+00,-2.384894400116110424e-01,2.546343595281251315e-01,-2.424231542576105181e-01,2.508942963811929272e-01,5.931412765339837412e-01,5.060019022652123555e-01,8.120000000000002771e-01,4.299999999999999933e-01,5.722172645871780317e-01,4.862132083661002135e-01,5.040000000000000036e-01,4.719999999999999751e-01,0.000000000000000000e+00,2.000000000000000111e-01
1.759834950956000000e+12,7.000000000000000000e+00,6.000000000000000000e+00,0.000000000000000000e+00,0.000000000000000000e+00,2.000000000000000000e+00,-2.424231542576105181e-01,2.508942963811929272e-01,-2.458770341730505959e-01,2.486707856436146946e-01,5.722172645871780317e-01,4.862132083661002135e-01,8.120000000000002771e-01,4.719999999999999751e-01,5.538455629093053112e-01,4.744486012889667093e-01,4.040000000000000258e-01,4.719999999999999751e-01,0.000000000000000000e+00,-2.000000000000000111e-01
0.000000000000000000e+00,0.000000000000000000e+00,0.000000000000000000e+00,0.000000000000000000e+00,0.000000000000000000e+00,0.000000000000000000e+00,0.000000000000000000e+00,0.000000000000000000e+00,0.000000000000000000e+00,0.000000000000000000e+00,0.000000000000000000e+00,0.000000000000000000e+00,0.000000000000000000e+00,0.000000000000000000e+00,0.000000000000000000e+00,0.000000000000000000e+00,0.000000000000000000e+00,0.000000000000000000e+00,0.000000000000000000e+00,0.000000000000000000e+00
1.759834956938000000e+12,8.000000000000000000e+00,6.000000000000000000e+00,2.000000000000000000e+00,0.000000000000000000e+00,1.000000000000000000e+00,-2.475294648527583408e-01,2.482259775964374970e-01,-1.762975515364245127e-01,1.609200853434965273e-01,5.450560380172427832e-01,4.720951195578704240e-01,5.000000000000000000e-01,4.719999999999999751e-01,9.239491939551888189e-01,1.015918171162182547e-02,4.799999999999999822e-01,4.719999999999999751e-01,0.000000000000000000e+00,2.000000000000000111e-01
1.759834957144000000e+12,8.000000000000000000e+00,6.000000000000000000e+00,2.000000000000000000e+00,0.000000000000000000e+00,1.000000000000000000e+00,-1.762975515364245127e-01,1.609200853434965273e-01,-1.738258834961922683e-01,1.590125149535565052e-01,9.239491939551888189e-01,1.015918171162182547e-02,4.000000000000000777e-01,4.719999999999999751e-01,9.370963643819560929e-01,6.621668548414171647e-05,5.840000000000000746e-01,5.000000000000000000e-01,0.000000000000000000e+00,2.000000000000000111e-01
1.759834957351000000e+12,8.000000000000000000e+00,6.000000000000000000e+00,2.000000000000000000e+00,1.000000000000000056e-01,1.000000000000000000e+00,-1.738258834961922683e-01,1.590125149535565052e-01,-1.627731708652664921e-01,1.599650757844444382e-01,9.370963643819560929e-01,6.621668548414171647e-05,2.999999999999999889e-01,5.000000000000000000e-01,9.958873890145399921e-01,5.106221081716592024e-03,6.839999999999999414e-01,5.340000000000000302e-01,2.000000000000000042e-02,2.000000000000000111e-01
1.759834957562000000e+12,8.000000000000000000e+00,6.000000000000000000e+00,2.000000000000000000e+00,1.000000000000000056e-01,2.000000000000000000e+00,-1.627731708652664921e-01,1.599650757844444382e-01,-1.654126166595095704e-01,1.647302941301156676e-01,9.958873890145399921e-01,5.106221081716592024e-03,1.959999999999997300e-01,5.360000000000000320e-01,9.818477837260130014e-01,3.031901656145855051e-02,4.040000000000000258e-01,5.859999999999999654e-01,2.000000000000000042e-02,-2.000000000000000111e-01
1.759834957771000000e+12,8.000000000000000000e+00,6.000000000000000000e+00,2.000000000000000000e+00,1.000000000000000056e-01,1.000000000000000000e+00,-1.657150697825015562e-01,1.650034289366177631e-01,-1.699559682676199390e-01,1.739279251653129688e-01,9.802389905186087438e-01,3.176417426781884268e-02,1.959999999999997300e-01,5.879999999999999671e-01,9.576810198530854024e-01,7.898373103340194934e-02,5.000000000000000000e-01,6.380000000000000115e-01,2.000000000000000042e-02,2.000000000000000111e-01
1.759834957977000000e+12,8.000000000000000000e+00,6.000000000000000000e+00,2.000000000000000000e+00,0.000000000000000000e+00,2.000000000000000000e+00,-1.699559682676199390e-01,1.739279251653129688e-01,-1.737039922537860215e-01,1.855401567830586296e-01,9.576810198530854024e-01,7.898373103340194934e-02,9.600000000000025180e-02,6.380000000000000115e-01,9.377447220543296824e-01,1.404241099632731749e-01,4.000000000000000777e-01,6.460000000000001297e-01,0.000000000000000000e+00,-2.000000000000000111e-01
1.759834958185000000e+12,8.000000000000000000e+00,6.000000000000000000e+00,2.000000000000000000e+00,0.000000000000000000e+00,2.000000000000000000e+00,-1.740208686334355215e-01,1.860077978042050662e-01,-1.860992760355434927e-01,1.976987584840171619e-01,9.360592093966195737e-01,1.428984010804500993e-01,9.600000000000025180e-02,6.460000000000001297e-01,8.718123615130665138e-01,2.047553358942707236e-01,2.959999999999999853e-01,6.460000000000001297e-01,0.000000000000000000e+00,-2.000000000000000111e-01
1.759834958392000000e+12,8.000000000000000000e+00,6.000000000000000000e+00,2.000000000000000000e+00,0.000000000000000000e+00,2.000000000000000000e+00,-1.860992760355434927e-01,1.976987584840171619e-01,-2.061820775390517668e-01,2.093889904611969388e-01,8.718123615130665138e-01,2.047553358942707236e-01,1.959999999999997300e-01,6.460000000000001297e-01,7.649889492603629826e-01,2.666084151386081680e-01,1.959999999999997300e-01,6.460000000000001297e-01,0.000000000000000000e+00,-2.000000000000000111e-01
1.759834958605000000e+12,8.000000000000000000e+00,6.000000000000000000e+00,2.000000000000000000e+00,0.000000000000000000e+00,1.000000000000000000e+00,-2.071519830831495823e-01,2.098565761299283072e-01,-2.280386767392947323e-01,2.215478925176004033e-01,7.598298772172894511e-01,2.690824133858640832e-01,5.000000000000000000e-01,6.460000000000001297e-01,6.487304428760918285e-01,3.309412302518540128e-01,2.919999999999999818e-01,6.460000000000001297e-01,0.000000000000000000e+00,2.000000000000000111e-01
1.759834958814000000e+12,8.000000000000000000e+00,6.000000000000000000e+00,2.000000000000000000e+00,0.000000000000000000e+00,1.000000000000000000e+00,-2.287078360333910931e-01,2.220156120756085205e-01,-2.412777514855499739e-01,2.337099237564529974e-01,6.451710849287707328e-01,3.334159369079816027e-01,6.039999999999999813e-01,6.460000000000001297e-01,5.783098325236702975e-01,3.952906018859947412e-01,3.960000000000000187e-01,6.460000000000001297e-01,0.000000000000000000e+00,2.000000000000000111e-01
1.759834959020000000e+12,8.000000000000000000e+00,6.000000000000000000e+00,2.000000000000000000e+00,-1.000000000000000056e-01,1.000000000000000000e+00,-2.412777514855499739e-01,2.337099237564529974e-01,-2.458524853869773485e-01,2.451324047488965818e-01,5.783098325236702975e-01,3.952906018859947412e-01,5.040000000000000036e-01,6.460000000000001297e-01,5.539761415586310633e-01,4.557270092534211336e-01,4.960000000000000520e-01,6.260000000000001119e-01,-2.000000000000000042e-02,2.000000000000000111e-01
1.759834959229000000e+12,8.000000000000000000e+00,6.000000000000000000e+00,2.000000000000000000e+00,0.000000000000000000e+00,2.000000000000000000e+00,-2.458524853869773485e-01,2.451324047488965818e-01,-2.496362359446291368e-01,2.536059908812614005e-01,5.539761415586310633e-01,4.557270092534211336e-01,6.079999999999999849e-01,6.260000000000001119e-01,5.338498088051640833e-01,5.005607983135524908e-01,4.040000000000000258e-01,5.779999999999999583e-01,0.000000000000000000e+00,-2.000000000000000111e-01
1.759834959435000000e+12,8.000000000000000000e+00,6.000000000000000000e+00,2.000000000000000000e+00,0.000000000000000000e+00,1.000000000000000000e+00,-2.496362359446291368e-01,2.536059908812614005e-01,-2.538947920965304306e-01,2.598637423600250740e-01,5.338498088051640833e-01,5.005607983135524908e-01,7.079999999999999627e-01,5.779999999999999583e-01,5.111979143801572700e-01,5.336705944974872162e-01,5.000000000000000000e-01,5.779999999999999583e-01,0.000000000000000000e+00,2.000000000000000111e-01
1.759834959640000000e+12,8.000000000000000000e+00,6.000000000000000000e+00,2.000000000000000000e+00,-1.000000000000000056e-01,1.000000000000000000e+00,-2.538947920965304306e-01,2.598637423600250740e-01,-2.501572159411213359e-01,2.659053932785712671e-01,5.111979143801572700e-01,5.336705944974872162e-01,8.080000000000003846e-01,5.779999999999999583e-01,5.310786386110566415e-01,5.656370014739221519e-01,5.999999999999999778e-01,5.599999999999999423e-01,-2.000000000000000042e-02,2.000000000000000111e-01
1.759834959848000000e+12,8.000000000000000000e+00,6.000000000000000000e+00,2.000000000000000000e+00,-1.000000000000000056e-01,2.000000000000000000e+00,-2.498410621403575338e-01,2.660997271622084215e-01,-2.453004224297530844e-01,2.688801665252664730e-01,5.327603077640555851e-01,5.666652230804678503e-01,8.120000000000002771e-01,5.579999999999999405e-01,5.569126466502495321e-01,5.813765424617274302e-01,5.040000000000000036e-01,5.080000000000000071e-01,-2.000000000000000042e-02,-2.000000000000000111e-01
1.759834960053000000e+12,8.000000000000000000e+00,6.000000000000000000e+00,2.000000000000000000e+00,0.000000000000000000e+00,0.000000000000000000e+00,-2.453004224297530844e-01,2.688801665252664730e-01,-2.449933594110646207e-01,2.682201031236732813e-01,5.569126466502495321e-01,5.813765424617274302e-01,8.120000000000002771e-01,5.080000000000000071e-01,5.585459605794435012e-01,5.778841435114988601e-01,5.040000000000000036e-01,4.860000000000000431e-01,0.000000000000000000e+00,0.000000000000000000e+00
1.759834960264000000e+12,8.000000000000000000e+00,6.000000000000000000e+00,2.000000000000000000e+00,0.000000000000000000e+00,0.000000000000000000e+00,-2.449812014900083490e-01,2.681760655546703842e-01,-2.446771639946512256e-01,2.670750363324188581e-01,5.586106303722959687e-01,5.776511405009016054e-01,8.120000000000002771e-01,4.860000000000000431e-01,5.602278510922806820e-01,5.718255890604173608e-01,5.040000000000000036e-01,4.860000000000000431e-01,0.000000000000000000e+00,0.000000000000000000e+00
1.759834960475000000e+12,8.000000000000000000e+00,6.000000000000000000e+00,2.000000000000000000e+00,-1.000000000000000056e-01,0.000000000000000000e+00,-2.446649987674884563e-01,2.670309914970699361e-01,-2.443606331423003875e-01,2.643505341499042816e-01,5.602925597474017749e-01,5.715925476035447206e-01,8.120000000000002771e-01,4.860000000000000431e-01,5.619115258388276413e-01,5.574102335973771805e-01,5.040000000000000036e-01,4.400000000000000022e-01,-2.000000000000000042e-02,0.000000000000000000e+00
1.759834960685000000e+12,8.000000000000000000e+00,6.000000000000000000e+00,2.000000000000000000e+00,0.000000000000000000e+00,0.000000000000000000e+00,-2.443606331423003875e-01,2.643505341499042816e-01,-2.440552535650625798e-01,2.578607185274403024e-01,5.619115258388276413e-01,5.574102335973771805e-01,8.120000000000002771e-01,4.400000000000000022e-01,5.635358852922203177e-01,5.230725848012715007e-01,5.040000000000000036e-01,4.060000000000000275e-01,0.000000000000000000e+00,0.000000000000000000e+00
1.759834960895000000e+12,8.000000000000000000e+00,6.000000000000000000e+00,2.000000000000000000e+00,0.000000000000000000e+00,0.000000000000000000e+00,-2.440430173789420176e-01,2.575606301537887721e-01,-2.437366361473190524e-01,2.500578989831580556e-01,5.636009713886062089e-01,5.214848156285121217e-01,5.000000000000000000e-01,4.060000000000000275e-01,5.652306587908560997e-01,4.817878253077146344e-01,5.040000000000000036e-01,4.060000000000000275e-01,0.000000000000000000e+00,0.000000000000000000e+00
0.000000000000000000e+00,0.000000000000000000e+00,0.000000000000000000e+00,0.000000000000000000e+00,0.000000000000000000e+00,0.000000000000000000e+00,0.000000000000000000e+00,0.000000000000000000e+00,0.000000000000000000e+00,0.000000000000000000e+00,0.000000000000000000e+00,0.000000000000000000e+00,0.000000000000000000e+00,0.000000000000000000e+00,0.000000000000000000e+00,0.000000000000000000e+00,0.000000000000000000e+00,0.000000000000000000e+00,0.000000000000000000e+00,0.000000000000000000e+00
1.759835399735000000e+12,1.000000000000000000e+00,8.000000000000000000e+00,1.000000000000000000e+00,1.000000000000000056e-01,0.000000000000000000e+00,-3.497186923514825629e-01,1.591932112639263541e-01,-3.325641040300149620e-01,3.214197868388351531e-01,1.496317279347951501e-03,1.022281819716146624e-03,5.000000000000000000e-01,5.000000000000000000e-01,9.274412749992030913e-02,8.593639515282284203e-01,5.000000000000000000e-01,5.000000000000000000e-01,2.000000000000000042e-02,0.000000000000000000e+00
1.759835399948000000e+12,1.000000000000000000e+00,8.000000000000000000e+00,1.000000000000000000e+00,1.000000000000000056e-01,2.000000000000000000e+00,-3.325641040300149620e-01,3.214197868388351531e-01,-3.326067887256767275e-01,3.214557545313914133e-01,9.274412749992030913e-02,8.593639515282284203e-01,4.000000000000000777e-01,5.000000000000000000e-01,9.251708124640027620e-02,8.595542567798488687e-01,5.000000000000000000e-01,5.000000000000000000e-01,2.000000000000000042e-02,-2.000000000000000111e-01
1.759835400156000000e+12,1.000000000000000000e+00,8.000000000000000000e+00,1.000000000000000000e+00,1.000000000000000056e-01,2.000000000000000000e+00,-3.326084968014209053e-01,3.214571939541406853e-01,-3.326511991042695460e-01,3.214931841116814293e-01,9.250799573712273349e-02,8.595618727732312614e-01,2.999999999999999889e-01,5.000000000000000000e-01,9.228085582835338085e-02,8.597522968872034488e-01,5.000000000000000000e-01,5.000000000000000000e-01,2.000000000000000042e-02,-2.000000000000000111e-01
1.759835400365000000e+12,1.000000000000000000e+00,8.000000000000000000e+00,1.000000000000000000e+00,-1.000000000000000056e-01,0.000000000000000000e+00,-3.326511991042695460e-01,3.214931841116814293e-01,-3.326939492877805660e-01,3.214956196846410763e-01,9.228085582835338085e-02,8.597522968872034488e-01,1.959999999999997300e-01,5.000000000000000000e-01,9.205346123520964652e-02,8.597651835166195688e-01,5.000000000000000000e-01,4.919999999999999929e-01,-2.000000000000000042e-02,0.000000000000000000e+00
1.759835400576000000e+12,1.000000000000000000e+00,8.000000000000000000e+00,1.000000000000000000e+00,-1.000000000000000056e-01,0.000000000000000000e+00,-3.326956607293678481e-01,3.214738623049096522e-01,-3.327379818947784895e-01,3.188327557889990560e-01,9.204435782251134401e-02,8.596500651053421427e-01,1.959999999999997300e-01,4.899999999999999911e-01,9.181924524053984571e-02,8.456759565555506120e-01,5.000000000000000000e-01,4.400000000000000022e-01,-2.000000000000000042e-02,0.000000000000000000e+00
1.759835400787000000e+12,1.000000000000000000e+00,8.000000000000000000e+00,1.000000000000000000e+00,-1.000000000000000056e-01,1.000000000000000000e+00,-3.327379818947784895e-01,3.188327557889990560e-01,-3.290236970942014283e-01,3.118418576973550072e-01,9.181924524053984571e-02,8.456759565555506120e-01,9.600000000000025180e-02,4.400000000000000022e-01,1.115760792861625189e-01,8.086870777637832353e-01,5.999999999999999778e-01,3.880000000000000115e-01,-2.000000000000000042e-02,2.000000000000000111e-01
1.759835400996000000e+12,1.000000000000000000e+00,8.000000000000000000e+00,1.000000000000000000e+00,0.000000000000000000e+00,1.000000000000000000e+00,-3.290236970942014283e-01,3.118418576973550072e-01,-3.173038818987445886e-01,3.010675364957470235e-01,1.115760792861625189e-01,8.086870777637832353e-01,9.600000000000025180e-02,3.880000000000000115e-01,1.739155218151882676e-01,7.516800872790848631e-01,7.000000000000000666e-01,3.459999999999999187e-01,0.000000000000000000e+00,2.000000000000000111e-01
1.759835401201000000e+12,1.000000000000000000e+00,8.000000000000000000e+00,1.000000000000000000e+00,0.000000000000000000e+00,0.000000000000000000e+00,-3.173038818987445886e-01,3.010675364957470235e-01,-3.003756071012825823e-01,2.882790787677165789e-01,1.739155218151882676e-01,7.516800872790848631e-01,1.959999999999997300e-01,3.459999999999999187e-01,2.639595366953053079e-01,6.840162897762782634e-01,7.039999999999999591e-01,3.459999999999999187e-01,0.000000000000000000e+00,0.000000000000000000e+00
1.759835401407000000e+12,1.000000000000000000e+00,8.000000000000000000e+00,1.000000000000000000e+00,0.000000000000000000e+00,0.000000000000000000e+00,-3.003756071012825823e-01,2.882790787677165789e-01,-2.840774037754832948e-01,2.759799596507739872e-01,2.639595366953053079e-01,6.840162897762782634e-01,5.000000000000000000e-01,3.459999999999999187e-01,3.506521075772164320e-01,6.189415854538307116e-01,7.039999999999999591e-01,3.459999999999999187e-01,0.000000000000000000e+00,0.000000000000000000e+00
1.759835401615000000e+12,1.000000000000000000e+00,8.000000000000000000e+00,1.000000000000000000e+00,0.000000000000000000e+00,0.000000000000000000e+00,-2.840774037754832948e-01,2.759799596507739872e-01,-2.671233853562084426e-01,2.631865498803988013e-01,3.506521075772164320e-01,6.189415854538307116e-01,6.039999999999999813e-01,3.459999999999999187e-01,4.408330566159124886e-01,5.512515866687768273e-01,7.039999999999999591e-01,3.459999999999999187e-01,0.000000000000000000e+00,0.000000000000000000e+00
1.759835401820000000e+12,1.000000000000000000e+00,8.000000000000000000e+00,1.000000000000000000e+00,1.000000000000000056e-01,0.000000000000000000e+00,-2.671233853562084426e-01,2.631865498803988013e-01,-2.508186218070017071e-01,2.524647271866138354e-01,4.408330566159124886e-01,5.512515866687768273e-01,5.040000000000000036e-01,3.459999999999999187e-01,5.275605223031823998e-01,4.945223660667399379e-01,7.039999999999999591e-01,3.919999999999999596e-01,2.000000000000000042e-02,0.000000000000000000e+00
1.759835402030000000e+12,1.000000000000000000e+00,8.000000000000000000e+00,1.000000000000000000e+00,0.000000000000000000e+00,2.000000000000000000e+00,-2.508186218070017071e-01,2.524647271866138354e-01,-2.382736249820205099e-01,2.453171133128726200e-01,5.275605223031823998e-01,4.945223660667399379e-01,6.079999999999999849e-01,3.919999999999999596e-01,5.942892288190397831e-01,4.567043032427123284e-01,6.039999999999999813e-01,4.180000000000000382e-01,0.000000000000000000e+00,-2.000000000000000111e-01
1.759835402234000000e+12,1.000000000000000000e+00,8.000000000000000000e+00,1.000000000000000000e+00,0.000000000000000000e+00,2.000000000000000000e+00,-2.379381232760948706e-01,2.450553411584061314e-01,-2.337034085509073766e-01,2.385108793270180050e-01,5.960738123611974970e-01,4.553192653883922913e-01,7.079999999999999627e-01,4.180000000000000382e-01,6.185988906866628501e-01,4.206924832117355240e-01,5.000000000000000000e-01,4.180000000000000382e-01,0.000000000000000000e+00,-2.000000000000000111e-01
1.759835402446000000e+12,1.000000000000000000e+00,8.000000000000000000e+00,1.000000000000000000e+00,1.000000000000000056e-01,2.000000000000000000e+00,-2.337034085509073766e-01,2.385108793270180050e-01,-2.374600739676324956e-01,2.327063521160797344e-01,6.185988906866628501e-01,4.206924832117355240e-01,8.080000000000003846e-01,4.180000000000000382e-01,5.986166278317419653e-01,3.899806990268769313e-01,4.000000000000000777e-01,4.500000000000000111e-01,2.000000000000000042e-02,-2.000000000000000111e-01
1.759835402655000000e+12,1.000000000000000000e+00,8.000000000000000000e+00,1.000000000000000000e+00,1.000000000000000056e-01,1.000000000000000000e+00,-2.377773267899517262e-01,2.325453081703177938e-01,-2.423442816415399548e-01,2.305987290361103947e-01,5.969291128194056384e-01,3.891286146577661587e-01,8.120000000000002771e-01,4.500000000000000111e-01,5.726367997790428044e-01,3.788292541593142881e-01,4.960000000000000520e-01,5.020000000000000018e-01,2.000000000000000042e-02,2.000000000000000111e-01
1.759835402864000000e+12,1.000000000000000000e+00,8.000000000000000000e+00,1.000000000000000000e+00,0.000000000000000000e+00,0.000000000000000000e+00,-2.423442816415399548e-01,2.305987290361103947e-01,-2.426778236783437570e-01,2.326476511970865524e-01,5.726367997790428044e-01,3.788292541593142881e-01,8.120000000000002771e-01,5.020000000000000018e-01,5.708626400088098185e-01,3.896701121538971302e-01,4.960000000000000520e-01,5.479999999999999316e-01,0.000000000000000000e+00,0.000000000000000000e+00
1.759835403069000000e+12,1.000000000000000000e+00,8.000000000000000000e+00,1.000000000000000000e+00,0.000000000000000000e+00,2.000000000000000000e+00,-2.426778236783437570e-01,2.326476511970865524e-01,-2.467834141342612198e-01,2.366566676140592906e-01,5.708626400088098185e-01,3.896701121538971302e-01,8.120000000000002771e-01,5.479999999999999316e-01,5.490243929028658654e-01,4.108818392278270060e-01,4.000000000000000777e-01,5.479999999999999316e-01,0.000000000000000000e+00,-2.000000000000000111e-01
0.000000000000000000e+00,0.000000000000000000e+00,0.000000000000000000e+00,0.000000000000000000e+00,0.000000000000000000e+00,0.000000000000000000e+00,0.000000000000000000e+00,0.000000000000000000e+00,0.000000000000000000e+00,0.000000000000000000e+00,0.000000000000000000e+00,0.000000000000000000e+00,0.000000000000000000e+00,0.000000000000000000e+00,0.000000000000000000e+00,0.000000000000000000e+00,0.000000000000000000e+00,0.000000000000000000e+00,0.000000000000000000e+00,0.000000000000000000e+00
1.759835409110000000e+12,2.000000000000000000e+00,8.000000000000000000e+00,2.000000000000000000e+00,0.000000000000000000e+00,1.000000000000000000e+00,-2.485636087843891284e-01,2.374276193621046860e-01,-1.768082224304781125e-01,1.666583843211102423e-01,5.395552724234620179e-01,4.149609490058449590e-01,5.000000000000000000e-01,5.479999999999999316e-01,9.212328594123504466e-01,4.052055196354624467e-02,4.760000000000000342e-01,5.479999999999999316e-01,0.000000000000000000e+00,2.000000000000000111e-01
1.759835409318000000e+12,2.000000000000000000e+00,8.000000000000000000e+00,2.000000000000000000e+00,1.000000000000000056e-01,0.000000000000000000e+00,-1.768082224304781125e-01,1.666583843211102423e-01,-1.787336998430694712e-01,1.713518526602162695e-01,9.212328594123504466e-01,4.052055196354624467e-02,4.000000000000000777e-01,5.479999999999999316e-01,9.109909582815454154e-01,6.535371777892205747e-02,4.760000000000000342e-01,5.819999999999999618e-01,2.000000000000000042e-02,0.000000000000000000e+00
1.759835409529000000e+12,2.000000000000000000e+00,8.000000000000000000e+00,2.000000000000000000e+00,1.000000000000000056e-01,2.000000000000000000e+00,-1.787336998430694712e-01,1.713518526602162695e-01,-1.844945495975607863e-01,1.802221586392186992e-01,9.109909582815454154e-01,6.535371777892205747e-02,2.999999999999999889e-01,5.839999999999999636e-01,8.803481404385065101e-01,1.122865536466597924e-01,3.760000000000000564e-01,6.340000000000001190e-01,2.000000000000000042e-02,-2.000000000000000111e-01
1.759835409738000000e+12,2.000000000000000000e+00,8.000000000000000000e+00,2.000000000000000000e+00,0.000000000000000000e+00,2.000000000000000000e+00,-1.844945495975607863e-01,1.802221586392186992e-01,-1.981765719479843813e-01,1.920883723488205075e-01,8.803481404385065101e-01,1.122865536466597924e-01,1.959999999999997300e-01,6.340000000000001190e-01,8.075714258085937569e-01,1.750707531683624862e-01,2.759999999999999676e-01,6.520000000000001350e-01,0.000000000000000000e+00,-2.000000000000000111e-01
1.759835409949000000e+12,2.000000000000000000e+00,8.000000000000000000e+00,2.000000000000000000e+00,0.000000000000000000e+00,2.000000000000000000e+00,-1.988903693068779233e-01,1.925752058417757873e-01,-2.208824619698632752e-01,2.047455135456017206e-01,8.037746313463940417e-01,1.776465917554274632e-01,1.959999999999997300e-01,6.520000000000001350e-01,6.867954150539187230e-01,2.420397542095329424e-01,1.719999999999997919e-01,6.520000000000001350e-01,0.000000000000000000e+00,-2.000000000000000111e-01
1.759835410159000000e+12,2.000000000000000000e+00,8.000000000000000000e+00,2.000000000000000000e+00,0.000000000000000000e+00,1.000000000000000000e+00,-2.219291889381221905e-01,2.052323017441065878e-01,-2.447350138358802274e-01,2.174036291586339820e-01,6.812277184142436770e-01,2.446153531434211159e-01,9.600000000000025180e-02,6.520000000000001350e-01,5.599201391708498177e-01,3.090139108922433375e-01,2.679999999999999050e-01,6.520000000000001350e-01,0.000000000000000000e+00,2.000000000000000111e-01
1.759835410373000000e+12,2.000000000000000000e+00,8.000000000000000000e+00,2.000000000000000000e+00,0.000000000000000000e+00,1.000000000000000000e+00,-2.454810133329345390e-01,2.178905486979403061e-01,-2.599690175925064017e-01,2.300648782461763853e-01,5.559520567397098212e-01,3.115902047510069606e-01,9.600000000000025180e-02,6.520000000000001350e-01,4.788882042951786433e-01,3.760046468051660984e-01,3.720000000000001084e-01,6.520000000000001350e-01,0.000000000000000000e+00,2.000000000000000111e-01
1.759835410578000000e+12,2.000000000000000000e+00,8.000000000000000000e+00,2.000000000000000000e+00,-1.000000000000000056e-01,1.000000000000000000e+00,-2.599690175925064017e-01,2.300648782461763853e-01,-2.664671894333342506e-01,2.421523535052466369e-01,4.788882042951786433e-01,3.760046468051660984e-01,1.959999999999997300e-01,6.520000000000001350e-01,4.443234604609879734e-01,4.399595423558023688e-01,4.719999999999999751e-01,6.400000000000001243e-01,-2.000000000000000042e-02,2.000000000000000111e-01
1.759835410784000000e+12,2.000000000000000000e+00,8.000000000000000000e+00,2.000000000000000000e+00,-1.000000000000000056e-01,1.000000000000000000e+00,-2.665605742457122784e-01,2.426026324087548758e-01,-2.647441888896217010e-01,2.517838082814036760e-01,4.438267327355729375e-01,4.423419704166924871e-01,5.000000000000000000e-01,6.400000000000001243e-01,4.534883569700972616e-01,4.909196205365274346e-01,5.760000000000000675e-01,5.879999999999999671e-01,-2.000000000000000042e-02,2.000000000000000111e-01
1.759835410993000000e+12,2.000000000000000000e+00,8.000000000000000000e+00,2.000000000000000000e+00,-1.000000000000000056e-01,2.000000000000000000e+00,-2.647441888896217010e-01,2.517838082814036760e-01,-2.624408524200093629e-01,2.569631690442296668e-01,4.534883569700972616e-01,4.909196205365274346e-01,6.039999999999999813e-01,5.879999999999999671e-01,4.657401467020778063e-01,5.183236457366650063e-01,4.760000000000000342e-01,5.380000000000000338e-01,-2.000000000000000042e-02,-2.000000000000000111e-01
1.759835411203000000e+12,2.000000000000000000e+00,8.000000000000000000e+00,2.000000000000000000e+00,-1.000000000000000056e-01,1.000000000000000000e+00,-2.624408524200093629e-01,2.569631690442296668e-01,-2.610124290095334199e-01,2.581084758050308792e-01,4.657401467020778063e-01,5.183236457366650063e-01,5.040000000000000036e-01,5.380000000000000338e-01,4.733381435663115422e-01,5.243834698678883077e-01,5.719999999999999529e-01,4.860000000000000431e-01,-2.000000000000000042e-02,2.000000000000000111e-01
1.759835411409000000e+12,2.000000000000000000e+00,8.000000000000000000e+00,2.000000000000000000e+00,-1.000000000000000056e-01,0.000000000000000000e+00,-2.610124290095334199e-01,2.581084758050308792e-01,-2.552721306064831830e-01,2.551310457761952755e-01,4.733381435663115422e-01,5.243834698678883077e-01,6.079999999999999849e-01,4.860000000000000431e-01,5.038716457101958257e-01,5.086298718317211476e-01,5.719999999999999529e-01,4.360000000000000542e-01,-2.000000000000000042e-02,0.000000000000000000e+00
1.759835411621000000e+12,2.000000000000000000e+00,8.000000000000000000e+00,2.000000000000000000e+00,-1.000000000000000056e-01,0.000000000000000000e+00,-2.550423590556029629e-01,2.549293464244278828e-01,-2.492969839246527708e-01,2.477952857733700665e-01,5.050938348106225328e-01,5.075626794943274289e-01,7.079999999999999627e-01,4.340000000000000524e-01,5.356543408263150230e-01,4.698163268432279382e-01,5.719999999999999529e-01,3.839999999999999525e-01,-2.000000000000000042e-02,0.000000000000000000e+00
1.759835411833000000e+12,2.000000000000000000e+00,8.000000000000000000e+00,2.000000000000000000e+00,0.000000000000000000e+00,2.000000000000000000e+00,-2.492969839246527708e-01,2.477952857733700665e-01,-2.473107124306887228e-01,2.366684545215669011e-01,5.356543408263150230e-01,4.698163268432279382e-01,8.080000000000003846e-01,3.839999999999999525e-01,5.462196147303790550e-01,4.109442038178143242e-01,4.719999999999999751e-01,3.399999999999998579e-01,0.000000000000000000e+00,-2.000000000000000111e-01
1.759835412038000000e+12,2.000000000000000000e+00,8.000000000000000000e+00,2.000000000000000000e+00,0.000000000000000000e+00,0.000000000000000000e+00,-2.473107124306887228e-01,2.366684545215669011e-01,-2.499599935879879831e-01,2.233721250151754767e-01,5.462196147303790550e-01,4.109442038178143242e-01,8.120000000000002771e-01,3.399999999999998579e-01,5.321276936809149483e-01,3.405932540485475113e-01,4.679999999999999716e-01,3.399999999999998579e-01,0.000000000000000000e+00,0.000000000000000000e+00
1.759835412247000000e+12,2.000000000000000000e+00,8.000000000000000000e+00,2.000000000000000000e+00,1.000000000000000056e-01,1.000000000000000000e+00,-2.499599935879879831e-01,2.233721250151754767e-01,-2.487684398117103457e-01,2.120302423746547038e-01,5.321276936809149483e-01,3.405932540485475113e-01,8.120000000000002771e-01,3.399999999999998579e-01,5.384657456823916943e-01,2.805832929875910486e-01,5.679999999999999494e-01,3.839999999999999525e-01,2.000000000000000042e-02,2.000000000000000111e-01
1.759835412452000000e+12,2.000000000000000000e+00,8.000000000000000000e+00,2.000000000000000000e+00,1.000000000000000056e-01,2.000000000000000000e+00,-2.487684398117103457e-01,2.120302423746547038e-01,-2.470968319813803549e-01,2.046375571537975835e-01,5.384657456823916943e-01,2.805832929875910486e-01,8.120000000000002771e-01,3.839999999999999525e-01,5.473572766947852886e-01,2.414685563692993975e-01,4.679999999999999716e-01,4.340000000000000524e-01,2.000000000000000042e-02,-2.000000000000000111e-01
1.759835412662000000e+12,2.000000000000000000e+00,8.000000000000000000e+00,2.000000000000000000e+00,1.000000000000000056e-01,0.000000000000000000e+00,-2.471964340480368449e-01,2.044252467845797117e-01,-2.500835050929231529e-01,2.011956578605829382e-01,5.468274784678890388e-01,2.403452210824323643e-01,8.120000000000002771e-01,4.360000000000000542e-01,5.314707175908343073e-01,2.232574489977933452e-01,4.640000000000000235e-01,4.860000000000000431e-01,2.000000000000000042e-02,0.000000000000000000e+00
1.759835412870000000e+12,2.000000000000000000e+00,8.000000000000000000e+00,2.000000000000000000e+00,1.000000000000000056e-01,2.000000000000000000e+00,-2.500835050929231529e-01,2.011956578605829382e-01,-2.567358816907530095e-01,2.019666256222822642e-01,5.314707175908343073e-01,2.232574489977933452e-01,8.120000000000002771e-01,4.860000000000000431e-01,4.960857356874839308e-01,2.273366435041389855e-01,3.640000000000000457e-01,5.360000000000000320e-01,2.000000000000000042e-02,-2.000000000000000111e-01
1.759835413075000000e+12,2.000000000000000000e+00,8.000000000000000000e+00,2.000000000000000000e+00,0.000000000000000000e+00,1.000000000000000000e+00,-2.571683327716058898e-01,2.020806924656573245e-01,-2.646217100046557302e-01,2.059466233843594840e-01,4.937854639808196833e-01,2.279401717759647061e-01,5.000000000000000000e-01,5.379999999999999227e-01,4.541398404007673251e-01,2.483948327214787755e-01,4.599999999999999645e-01,5.499999999999999334e-01,0.000000000000000000e+00,2.000000000000000111e-01
1.759835413285000000e+12,2.000000000000000000e+00,8.000000000000000000e+00,2.000000000000000000e+00,0.000000000000000000e+00,1.000000000000000000e+00,-2.646217100046557302e-01,2.059466233843594840e-01,-2.640757705808542966e-01,2.099594823269695654e-01,4.541398404007673251e-01,2.483948327214787755e-01,5.000000000000000000e-01,5.499999999999999334e-01,4.570437735060940976e-01,2.696268906188866166e-01,5.599999999999999423e-01,5.499999999999999334e-01,0.000000000000000000e+00,2.000000000000000111e-01
1.759835413496000000e+12,2.000000000000000000e+00,8.000000000000000000e+00,2.000000000000000000e+00,0.000000000000000000e+00,2.000000000000000000e+00,-2.638890728560534527e-01,2.101199931549956879e-01,-2.625511701234932160e-01,2.141331116805023360e-01,4.580368465103539233e-01,2.704761542592364898e-01,5.000000000000000000e-01,5.499999999999999334e-01,4.651533504069509384e-01,2.917095856111234786e-01,4.640000000000000235e-01,5.499999999999999334e-01,0.000000000000000000e+00,-2.000000000000000111e-01
1.759835413705000000e+12,2.000000000000000000e+00,8.000000000000000000e+00,2.000000000000000000e+00,0.000000000000000000e+00,1.000000000000000000e+00,-2.625511701234932160e-01,2.141331116805023360e-01,-2.616776213831460973e-01,2.181466114319421112e-01,4.651533504069509384e-01,2.917095856111234786e-01,5.000000000000000000e-01,5.499999999999999334e-01,4.697998862598611325e-01,3.129450340314397505e-01,5.640000000000000568e-01,5.499999999999999334e-01,0.000000000000000000e+00,2.000000000000000111e-01
1.759835413914000000e+12,2.000000000000000000e+00,8.000000000000000000e+00,2.000000000000000000e+00,0.000000000000000000e+00,2.000000000000000000e+00,-2.616776213831460973e-01,2.181466114319421112e-01,-2.603305138924562057e-01,2.221603962792340625e-01,4.697998862598611325e-01,3.129450340314397505e-01,4.000000000000000777e-01,5.499999999999999334e-01,4.769653516358711709e-01,3.341819908954183349e-01,4.640000000000000235e-01,5.499999999999999334e-01,0.000000000000000000e+00,-2.000000000000000111e-01
1.759835414118000000e+12,2.000000000000000000e+00,8.000000000000000000e+00,2.000000000000000000e+00,0.000000000000000000e+00,1.000000000000000000e+00,-2.604430340046126058e-01,2.223209581544609015e-01,-2.599011337754373874e-01,2.263351768360544192e-01,4.763668404009967494e-01,3.350315246267772662e-01,2.959999999999999853e-01,5.499999999999999334e-01,4.792492884285244892e-01,3.562707769103408695e-01,5.599999999999999423e-01,5.499999999999999334e-01,0.000000000000000000e+00,2.000000000000000111e-01
1.759835414328000000e+12,2.000000000000000000e+00,8.000000000000000000e+00,2.000000000000000000e+00,0.000000000000000000e+00,2.000000000000000000e+00,-2.599011337754373874e-01,2.263351768360544192e-01,-2.588777368516560484e-01,2.303497208121448592e-01,4.792492884285244892e-01,3.562707769103408695e-01,3.960000000000000187e-01,5.499999999999999334e-01,4.846928890869358630e-01,3.775117503288087928e-01,4.599999999999999645e-01,5.499999999999999334e-01,0.000000000000000000e+00,-2.000000000000000111e-01
1.759835414537000000e+12,2.000000000000000000e+00,8.000000000000000000e+00,2.000000000000000000e+00,0.000000000000000000e+00,1.000000000000000000e+00,-2.590030792421245120e-01,2.305103124560821948e-01,-2.587721494178705783e-01,2.345253192408969789e-01,4.840261742440185033e-01,3.783614415665724762e-01,2.999999999999999889e-01,5.499999999999999334e-01,4.852545243730287949e-01,3.996048637084496646e-01,5.560000000000000497e-01,5.499999999999999334e-01,0.000000000000000000e+00,2.000000000000000111e-01
1.759835414746000000e+12,2.000000000000000000e+00,8.000000000000000000e+00,2.000000000000000000e+00,0.000000000000000000e+00,2.000000000000000000e+00,-2.587721494178705783e-01,2.345253192408969789e-01,-2.575658961317059958e-01,2.387012797679862464e-01,4.852545243730287949e-01,3.996048637084496646e-01,2.999999999999999889e-01,5.499999999999999334e-01,4.916707652568829690e-01,4.216998929523082529e-01,4.599999999999999645e-01,5.499999999999999334e-01,0.000000000000000000e+00,-2.000000000000000111e-01
0.000000000000000000e+00,0.000000000000000000e+00,0.000000000000000000e+00,0.000000000000000000e+00,0.000000000000000000e+00,0.000000000000000000e+00,0.000000000000000000e+00,0.000000000000000000e+00,0.000000000000000000e+00,0.000000000000000000e+00,0.000000000000000000e+00,0.000000000000000000e+00,0.000000000000000000e+00,0.000000000000000000e+00,0.000000000000000000e+00,0.000000000000000000e+00,0.000000000000000000e+00,0.000000000000000000e+00,0.000000000000000000e+00,0.000000000000000000e+00
1.759835420715000000e+12,3.000000000000000000e+00,8.000000000000000000e+00,3.000000000000000000e+00,0.000000000000000000e+00,1.000000000000000000e+00,-2.581425801027544265e-01,2.393437860858799726e-01,-3.331515429103170112e-01,1.662919671766847074e-01,4.886032973257742884e-01,4.250993972797882381e-01,5.000000000000000000e-01,5.499999999999999334e-01,8.961945260469664221e-02,3.858183691367569196e-02,5.440000000000000391e-01,5.499999999999999334e-01,0.000000000000000000e+00,2.000000000000000111e-01
1.759835420924000000e+12,3.000000000000000000e+00,8.000000000000000000e+00,3.000000000000000000e+00,0.000000000000000000e+00,1.000000000000000000e+00,-3.331515429103170112e-01,1.662919671766847074e-01,-3.258964778889759106e-01,1.703023435646262018e-01,8.961945260469664221e-02,3.858183691367569196e-02,4.000000000000000777e-01,5.499999999999999334e-01,1.282102239948088862e-01,5.980075960119683037e-02,6.439999999999999059e-01,5.499999999999999334e-01,0.000000000000000000e+00,2.000000000000000111e-01
1.759835421128000000e+12,3.000000000000000000e+00,8.000000000000000000e+00,3.000000000000000000e+00,1.000000000000000056e-01,2.000000000000000000e+00,-3.254395910488466770e-01,1.704627385202713286e-01,-3.173704197484327194e-01,1.759131558466417722e-01,1.306404731444324729e-01,6.064941016016575648e-02,2.999999999999999889e-01,5.499999999999999334e-01,1.735615970828045806e-01,8.948759707217868176e-02,5.479999999999999316e-01,5.939999999999999725e-01,2.000000000000000042e-02,-2.000000000000000111e-01
1.759835421335000000e+12,3.000000000000000000e+00,8.000000000000000000e+00,3.000000000000000000e+00,0.000000000000000000e+00,2.000000000000000000e+00,-3.173704197484327194e-01,1.759131558466417722e-01,-3.172941105523022776e-01,1.853140344905869208e-01,1.735615970828045806e-01,8.948759707217868176e-02,1.959999999999997300e-01,5.939999999999999725e-01,1.739674970622218375e-01,1.392276957173911311e-01,4.479999999999999538e-01,6.400000000000001243e-01,0.000000000000000000e+00,-2.000000000000000111e-01
1.759835421541000000e+12,3.000000000000000000e+00,8.000000000000000000e+00,3.000000000000000000e+00,0.000000000000000000e+00,1.000000000000000000e+00,-3.172941105523022776e-01,1.853140344905869208e-01,-3.177065007405889263e-01,1.965271776097202161e-01,1.739674970622218375e-01,1.392276957173911311e-01,1.959999999999997300e-01,6.400000000000001243e-01,1.717739322309098648e-01,1.985564952895249591e-01,5.479999999999999316e-01,6.400000000000001243e-01,0.000000000000000000e+00,2.000000000000000111e-01
1.759835421758000000e+12,3.000000000000000000e+00,8.000000000000000000e+00,3.000000000000000000e+00,0.000000000000000000e+00,1.000000000000000000e+00,-3.175584122630706885e-01,1.969757011104457944e-01,-3.096562742625171838e-01,2.081884671778165830e-01,1.725616368985600779e-01,2.009296355050042282e-01,9.600000000000025180e-02,6.400000000000001243e-01,2.145942858376744811e-01,2.602564400942676826e-01,6.519999999999999130e-01,6.400000000000001243e-01,0.000000000000000000e+00,2.000000000000000111e-01
1.759835421969000000e+12,3.000000000000000000e+00,8.000000000000000000e+00,3.000000000000000000e+00,0.000000000000000000e+00,2.000000000000000000e+00,-3.091721808291227336e-01,2.086369584772632124e-01,-3.004727267821557524e-01,2.198504790267689912e-01,2.171692509089215295e-01,2.626294099326096365e-01,9.600000000000025180e-02,6.400000000000001243e-01,2.634429426481076364e-01,3.219602064908412831e-01,5.560000000000000497e-01,6.400000000000001243e-01,0.000000000000000000e+00,-2.000000000000000111e-01
1.759835422183000000e+12,3.000000000000000000e+00,8.000000000000000000e+00,3.000000000000000000e+00,0.000000000000000000e+00,1.000000000000000000e+00,-3.002910209406189912e-01,2.202990739816494126e-01,-2.923707963525012943e-01,2.315138371264420791e-01,2.644094630818137892e-01,3.243337247706318260e-01,1.959999999999997300e-01,6.400000000000001243e-01,3.065383172739292172e-01,3.836710959071009674e-01,6.519999999999999130e-01,6.400000000000001243e-01,0.000000000000000000e+00,2.000000000000000111e-01
1.759835422391000000e+12,3.000000000000000000e+00,8.000000000000000000e+00,3.000000000000000000e+00,-1.000000000000000056e-01,2.000000000000000000e+00,-2.923707963525012943e-01,2.315138371264420791e-01,-2.831853746655218496e-01,2.429068635435244206e-01,3.065383172739292172e-01,3.836710959071009674e-01,5.000000000000000000e-01,6.400000000000001243e-01,3.553969432685007424e-01,4.439516589604466934e-01,5.599999999999999423e-01,6.219999999999999973e-01,-2.000000000000000042e-02,-2.000000000000000111e-01
1.759835422600000000e+12,3.000000000000000000e+00,8.000000000000000000e+00,3.000000000000000000e+00,-1.000000000000000056e-01,1.000000000000000000e+00,-2.831853746655218496e-01,2.429068635435244206e-01,-2.749615310273001434e-01,2.506459377692983326e-01,3.553969432685007424e-01,4.439516589604466934e-01,6.039999999999999813e-01,6.199999999999999956e-01,3.991407924079778957e-01,4.848991416364991647e-01,6.559999999999999165e-01,5.699999999999999512e-01,-2.000000000000000042e-02,2.000000000000000111e-01
1.759835422811000000e+12,3.000000000000000000e+00,8.000000000000000000e+00,3.000000000000000000e+00,0.000000000000000000e+00,0.000000000000000000e+00,-2.749615310273001434e-01,2.506459377692983326e-01,-2.616915320784493626e-01,2.545740290608228262e-01,3.991407924079778957e-01,4.848991416364991647e-01,5.040000000000000036e-01,5.699999999999999512e-01,4.697258931997373987e-01,5.056826934435070253e-01,6.599999999999998090e-01,5.320000000000000284e-01,0.000000000000000000e+00,0.000000000000000000e+00
1.759835423014000000e+12,3.000000000000000000e+00,8.000000000000000000e+00,3.000000000000000000e+00,0.000000000000000000e+00,2.000000000000000000e+00,-2.616915320784493626e-01,2.545740290608228262e-01,-2.526612562978791665e-01,2.571509751824155865e-01,4.697258931997373987e-01,5.056826934435070253e-01,6.079999999999999849e-01,5.320000000000000284e-01,5.177592750112809394e-01,5.193173290074899473e-01,5.600000000000000533e-01,5.320000000000000284e-01,0.000000000000000000e+00,-2.000000000000000111e-01
1.759835423225000000e+12,3.000000000000000000e+00,8.000000000000000000e+00,3.000000000000000000e+00,-1.000000000000000056e-01,2.000000000000000000e+00,-2.526612562978791665e-01,2.571509751824155865e-01,-2.516481851660137270e-01,2.593200166792213324e-01,5.177592750112809394e-01,5.193173290074899473e-01,7.079999999999999627e-01,5.320000000000000284e-01,5.231479512446077784e-01,5.307937390434991354e-01,4.599999999999999645e-01,5.080000000000000071e-01,-2.000000000000000042e-02,-2.000000000000000111e-01
1.759835423433000000e+12,3.000000000000000000e+00,8.000000000000000000e+00,3.000000000000000000e+00,-1.000000000000000056e-01,1.000000000000000000e+00,-2.517736243404010699e-01,2.593479364465376968e-01,-2.515463430033725856e-01,2.579674987067476222e-01,5.224807215936112526e-01,5.309414626800936787e-01,8.080000000000003846e-01,5.060000000000000053e-01,5.236896648756776962e-01,5.236375592949610303e-01,5.560000000000000497e-01,4.560000000000000164e-01,-2.000000000000000042e-02,2.000000000000000111e-01
1.759835423638000000e+12,3.000000000000000000e+00,8.000000000000000000e+00,3.000000000000000000e+00,0.000000000000000000e+00,2.000000000000000000e+00,-2.515463430033725856e-01,2.579674987067476222e-01,-2.508429615813867475e-01,2.529242285112044963e-01,5.236896648756776962e-01,5.236375592949610303e-01,8.120000000000002771e-01,4.560000000000000164e-01,5.274310554181556032e-01,4.969535900063730693e-01,4.560000000000000164e-01,4.280000000000000471e-01,0.000000000000000000e+00,-2.000000000000000111e-01
0.000000000000000000e+00,0.000000000000000000e+00,0.000000000000000000e+00,0.000000000000000000e+00,0.000000000000000000e+00,0.000000000000000000e+00,0.000000000000000000e+00,0.000000000000000000e+00,0.000000000000000000e+00,0.000000000000000000e+00,0.000000000000000000e+00,0.000000000000000000e+00,0.000000000000000000e+00,0.000000000000000000e+00,0.000000000000000000e+00,0.000000000000000000e+00,0.000000000000000000e+00,0.000000000000000000e+00,0.000000000000000000e+00,0.000000000000000000e+00
1.759835429667000000e+12,4.000000000000000000e+00,8.000000000000000000e+00,2.000000000000000000e+00,0.000000000000000000e+00,1.000000000000000000e+00,-2.518592726896768941e-01,2.515458966318786516e-01,-1.727545042333728520e-01,1.590737702091583605e-01,5.220251452676760717e-01,4.896608287400987525e-01,5.000000000000000000e-01,4.280000000000000471e-01,9.427951902480167234e-01,3.903185669754396462e-04,5.280000000000000249e-01,5.000000000000000000e-01,0.000000000000000000e+00,2.000000000000000111e-01
1.759835429874000000e+12,4.000000000000000000e+00,8.000000000000000000e+00,2.000000000000000000e+00,0.000000000000000000e+00,1.000000000000000000e+00,-1.726681738551759104e-01,1.590740673956947959e-01,-1.663578336273517089e-01,1.590809709691297646e-01,9.432543943873622494e-01,3.918909825121349002e-04,4.000000000000000777e-01,5.000000000000000000e-01,9.768200338970653984e-01,4.284178260833979772e-04,6.319999999999998952e-01,5.000000000000000000e-01,0.000000000000000000e+00,2.000000000000000111e-01
1.759835430081000000e+12,4.000000000000000000e+00,8.000000000000000000e+00,2.000000000000000000e+00,0.000000000000000000e+00,0.000000000000000000e+00,-1.663578336273517089e-01,1.590809709691297646e-01,-1.620854441003516389e-01,1.590876187698646582e-01,9.768200338970653984e-01,4.284178260833979772e-04,2.999999999999999889e-01,5.000000000000000000e-01,9.995455101045125357e-01,4.635913749452687488e-04,5.000000000000000000e-01,5.000000000000000000e-01,0.000000000000000000e+00,0.000000000000000000e+00
1.759835430286000000e+12,4.000000000000000000e+00,8.000000000000000000e+00,2.000000000000000000e+00,0.000000000000000000e+00,1.000000000000000000e+00,-1.620854441003516389e-01,1.590876187698646582e-01,-1.620864865386731357e-01,1.590947320541991061e-01,9.995455101045125357e-01,4.635913749452687488e-04,1.959999999999997300e-01,5.000000000000000000e-01,9.995399652198238005e-01,5.012277999952576783e-04,5.000000000000000000e-01,5.000000000000000000e-01,0.000000000000000000e+00,2.000000000000000111e-01
1.759835430495000000e+12,4.000000000000000000e+00,8.000000000000000000e+00,2.000000000000000000e+00,0.000000000000000000e+00,0.000000000000000000e+00,-1.620865280737270875e-01,1.590950164956994317e-01,-1.620875674113818887e-01,1.591021285291187859e-01,9.995397442886857498e-01,5.027327814784617868e-04,1.959999999999997300e-01,5.000000000000000000e-01,9.995342158969048318e-01,5.403625879300712328e-04,5.000000000000000000e-01,5.000000000000000000e-01,0.000000000000000000e+00,0.000000000000000000e+00
1.759835430700000000e+12,4.000000000000000000e+00,8.000000000000000000e+00,2.000000000000000000e+00,0.000000000000000000e+00,1.000000000000000000e+00,-1.620875674113818887e-01,1.591021285291187859e-01,-1.620886028454436301e-01,1.591092388448180350e-01,9.995342158969048318e-01,5.403625879300712328e-04,9.600000000000025180e-02,5.000000000000000000e-01,9.995287082689169322e-01,5.779833059155164553e-04,5.000000000000000000e-01,5.000000000000000000e-01,0.000000000000000000e+00,2.000000000000000111e-01
1.759835430908000000e+12,4.000000000000000000e+00,8.000000000000000000e+00,2.000000000000000000e+00,0.000000000000000000e+00,1.000000000000000000e+00,-1.620886028454436301e-01,1.591092388448180350e-01,-1.620896732693785092e-01,1.591166303913940094e-01,9.995287082689169322e-01,5.779833059155164553e-04,9.600000000000025180e-02,5.000000000000000000e-01,9.995230145245824760e-01,6.170920179577090705e-04,5.000000000000000000e-01,5.000000000000000000e-01,0.000000000000000000e+00,2.000000000000000111e-01
1.759835431120000000e+12,4.000000000000000000e+00,8.000000000000000000e+00,2.000000000000000000e+00,0.000000000000000000e+00,1.000000000000000000e+00,-1.620896732693785092e-01,1.591166303913940094e-01,-1.620907406625475278e-01,1.591240207818202246e-01,9.995230145245824760e-01,6.170920179577090705e-04,1.959999999999997300e-01,5.000000000000000000e-01,9.995173369013429232e-01,6.561946128054082237e-04,5.000000000000000000e-01,5.000000000000000000e-01,0.000000000000000000e+00,2.000000000000000111e-01
1.759835431331000000e+12,4.000000000000000000e+00,8.000000000000000000e+00,2.000000000000000000e+00,0.000000000000000000e+00,1.000000000000000000e+00,-1.620907406625475278e-01,1.591240207818202246e-01,-1.620917571726135931e-01,1.591311217867621697e-01,9.995173369013429232e-01,6.561946128054082237e-04,5.000000000000000000e-01,5.000000000000000000e-01,9.995119299329064955e-01,6.937660675246944521e-04,5.000000000000000000e-01,5.000000000000000000e-01,0.000000000000000000e+00,2.000000000000000111e-01
1.759835431539000000e+12,4.000000000000000000e+00,8.000000000000000000e+00,2.000000000000000000e+00,0.000000000000000000e+00,1.000000000000000000e+00,-1.620917976104676306e-01,1.591314057022779893e-01,-1.620928101783100372e-01,1.591385049602072055e-01,9.995117148379382144e-01,6.952682660210946636e-04,6.039999999999999813e-01,5.000000000000000000e-01,9.995063288387764366e-01,7.328304772867887205e-04,5.000000000000000000e-01,5.000000000000000000e-01,0.000000000000000000e+00,2.000000000000000111e-01
1.759835431746000000e+12,4.000000000000000000e+00,8.000000000000000000e+00,2.000000000000000000e+00,0.000000000000000000e+00,1.000000000000000000e+00,-1.620928101783100372e-01,1.591385049602072055e-01,-1.620938178327485102e-01,1.591456019111970044e-01,9.995063288387764366e-01,7.328304772867887205e-04,5.040000000000000036e-01,5.000000000000000000e-01,9.995009689747419435e-01,7.703804825238199250e-04,5.000000000000000000e-01,5.000000000000000000e-01,0.000000000000000000e+00,2.000000000000000111e-01
1.759835431956000000e+12,4.000000000000000000e+00,8.000000000000000000e+00,2.000000000000000000e+00,0.000000000000000000e+00,1.000000000000000000e+00,-1.620938583020057333e-01,1.591458858753119765e-01,-1.620948614783887520e-01,1.591529807902510307e-01,9.995007537127355013e-01,7.718829381585930139e-04,6.079999999999999849e-01,5.000000000000000000e-01,9.994954176681449809e-01,8.094221706403613957e-04,5.000000000000000000e-01,5.000000000000000000e-01,0.000000000000000000e+00,2.000000000000000111e-01
1.759835432164000000e+12,4.000000000000000000e+00,8.000000000000000000e+00,2.000000000000000000e+00,0.000000000000000000e+00,1.000000000000000000e+00,-1.620948614783887520e-01,1.591529807902510307e-01,-1.620958580624692336e-01,1.591600723753250346e-01,9.994954176681449809e-01,8.094221706403613957e-04,7.079999999999999627e-01,5.000000000000000000e-01,9.994901166889934574e-01,8.469437847885300180e-04,5.000000000000000000e-01,5.000000000000000000e-01,0.000000000000000000e+00,2.000000000000000111e-01
1.759835432368000000e+12,4.000000000000000000e+00,8.000000000000000000e+00,2.000000000000000000e+00,0.000000000000000000e+00,1.000000000000000000e+00,-1.620958580624692336e-01,1.591600723753250346e-01,-1.620968471474317774e-01,1.591671601714331752e-01,9.994901166889934574e-01,8.469437847885300180e-04,8.080000000000003846e-01,5.000000000000000000e-01,9.994848555987672079e-01,8.844453514982686219e-04,5.000000000000000000e-01,5.000000000000000000e-01,0.000000000000000000e+00,2.000000000000000111e-01
1.759835432579000000e+12,4.000000000000000000e+00,8.000000000000000000e+00,2.000000000000000000e+00,1.000000000000000056e-01,1.000000000000000000e+00,-1.620968867522771806e-01,1.591674437096366468e-01,-1.620978197206010551e-01,1.609002352826960358e-01,9.994846449346959094e-01,8.859455536330390060e-04,8.120000000000002771e-01,5.000000000000000000e-01,9.994796823372285033e-01,1.005415493489964819e-02,5.000000000000000000e-01,5.479999999999999316e-01,2.000000000000000042e-02,2.000000000000000111e-01
1.759835432786000000e+12,4.000000000000000000e+00,8.000000000000000000e+00,2.000000000000000000e+00,0.000000000000000000e+00,0.000000000000000000e+00,-1.620978197206010551e-01,1.609002352826960358e-01,-1.620983921853713650e-01,1.666297285581751775e-01,9.994796823372285033e-01,1.005415493489964819e-02,8.120000000000002771e-01,5.479999999999999316e-01,9.994766373118544323e-01,4.036893417023902642e-02,5.000000000000000000e-01,5.959999999999999742e-01,0.000000000000000000e+00,0.000000000000000000e+00
1.759835432992000000e+12,4.000000000000000000e+00,8.000000000000000000e+00,2.000000000000000000e+00,0.000000000000000000e+00,2.000000000000000000e+00,-1.620984043059350010e-01,1.669372674973911841e-01,-1.658529608757298712e-01,1.746261354540993294e-01,9.994765728407712935e-01,4.199612432482107555e-02,8.120000000000002771e-01,5.959999999999999742e-01,9.795055272567559923e-01,8.267796536560491349e-02,4.000000000000000777e-01,5.959999999999999742e-01,0.000000000000000000e+00,-2.000000000000000111e-01
1.759835433201000000e+12,4.000000000000000000e+00,8.000000000000000000e+00,2.000000000000000000e+00,0.000000000000000000e+00,2.000000000000000000e+00,-1.658529608757298712e-01,1.746261354540993294e-01,-1.776108877542131315e-01,1.823150144324081345e-01,9.795055272567559923e-01,8.267796536560491349e-02,8.120000000000002771e-01,5.959999999999999742e-01,9.169633630095046506e-01,1.233598647217361705e-01,2.999999999999999889e-01,5.959999999999999742e-01,0.000000000000000000e+00,-2.000000000000000111e-01
1.759835433411000000e+12,4.000000000000000000e+00,8.000000000000000000e+00,2.000000000000000000e+00,0.000000000000000000e+00,0.000000000000000000e+00,-1.782478410095612031e-01,1.826225546488459417e-01,-1.945644157379131656e-01,1.903114808069279462e-01,9.135753137789297540e-01,1.249870616341055146e-01,8.120000000000002771e-01,5.959999999999999742e-01,8.267850226706746630e-01,1.656692106186663793e-01,2.959999999999999853e-01,5.959999999999999742e-01,0.000000000000000000e+00,0.000000000000000000e+00
1.759835433619000000e+12,4.000000000000000000e+00,8.000000000000000000e+00,2.000000000000000000e+00,0.000000000000000000e+00,0.000000000000000000e+00,-1.952174267998641466e-01,1.906190573206225924e-01,-2.115434822399325232e-01,1.983089469876277156e-01,8.233115595751907545e-01,1.672965995800137218e-01,5.000000000000000000e-01,5.959999999999999742e-01,7.364708391492951201e-01,2.079838464953847610e-01,2.959999999999999853e-01,5.959999999999999742e-01,0.000000000000000000e+00,0.000000000000000000e+00
1.759835433827000000e+12,4.000000000000000000e+00,8.000000000000000000e+00,2.000000000000000000e+00,-1.000000000000000056e-01,0.000000000000000000e+00,-2.115434822399325232e-01,1.983089469876277156e-01,-2.278712297958293831e-01,2.054379844084525120e-01,7.364708391492951201e-01,2.079838464953847610e-01,5.000000000000000000e-01,5.959999999999999742e-01,6.496211181072905072e-01,2.457036212087434779e-01,2.959999999999999853e-01,5.679999999999999494e-01,-2.000000000000000042e-02,0.000000000000000000e+00
1.759835434034000000e+12,4.000000000000000000e+00,8.000000000000000000e+00,2.000000000000000000e+00,-1.000000000000000056e-01,1.000000000000000000e+00,-2.285243828843342984e-01,2.056576119037765715e-01,-2.411052483956492298e-01,2.090786277816056027e-01,6.461468995514132452e-01,2.468656714485533143e-01,5.000000000000000000e-01,5.679999999999999494e-01,5.792274021508019288e-01,2.649662845587598126e-01,3.960000000000000187e-01,5.160000000000000142e-01,-2.000000000000000042e-02,2.000000000000000111e-01
1.759835434248000000e+12,4.000000000000000000e+00,8.000000000000000000e+00,2.000000000000000000e+00,0.000000000000000000e+00,1.000000000000000000e+00,-2.414416630545543063e-01,2.091319116357487906e-01,-2.456874241609679488e-01,2.087187137085399768e-01,5.774379624757749463e-01,2.652482097129565952e-01,5.000000000000000000e-01,5.140000000000000124e-01,5.548541268033619911e-01,2.630619772938623258e-01,5.000000000000000000e-01,4.860000000000000431e-01,0.000000000000000000e+00,2.000000000000000111e-01
1.759835434456000000e+12,4.000000000000000000e+00,8.000000000000000000e+00,2.000000000000000000e+00,0.000000000000000000e+00,2.000000000000000000e+00,-2.456874241609679488e-01,2.087187137085399768e-01,-2.494597595085217556e-01,2.076110777658729256e-01,5.548541268033619911e-01,2.630619772938623258e-01,4.000000000000000777e-01,4.860000000000000431e-01,5.347885132525438401e-01,2.572014696607033413e-01,3.999999999999999667e-01,4.860000000000000431e-01,0.000000000000000000e+00,-2.000000000000000111e-01
1.759835434663000000e+12,4.000000000000000000e+00,8.000000000000000000e+00,2.000000000000000000e+00,0.000000000000000000e+00,1.000000000000000000e+00,-2.494597595085217556e-01,2.076110777658729256e-01,-2.543466699674802878e-01,2.064590737427591804e-01,5.347885132525438401e-01,2.572014696607033413e-01,2.959999999999999853e-01,4.860000000000000431e-01,5.087943086836154150e-01,2.511062102791491446e-01,4.919999999999999929e-01,4.860000000000000431e-01,0.000000000000000000e+00,2.000000000000000111e-01
1.759835434869000000e+12,4.000000000000000000e+00,8.000000000000000000e+00,2.000000000000000000e+00,0.000000000000000000e+00,2.000000000000000000e+00,-2.543466699674802878e-01,2.064590737427591804e-01,-2.584429646530999602e-01,2.053513859542238640e-01,5.087943086836154150e-01,2.511062102791491446e-01,3.960000000000000187e-01,4.860000000000000431e-01,4.870055071643618616e-01,2.452454283292268278e-01,3.960000000000000187e-01,4.860000000000000431e-01,0.000000000000000000e+00,-2.000000000000000111e-01
1.759835435078000000e+12,4.000000000000000000e+00,8.000000000000000000e+00,2.000000000000000000e+00,1.000000000000000056e-01,1.000000000000000000e+00,-2.584429646530999602e-01,2.053513859542238640e-01,-2.636619596786916042e-01,2.056410077726949504e-01,4.870055071643618616e-01,2.452454283292268278e-01,2.999999999999999889e-01,4.860000000000000431e-01,4.592448953261084599e-01,2.467778189031478997e-01,4.919999999999999929e-01,5.300000000000000266e-01,2.000000000000000042e-02,2.000000000000000111e-01
1.759835435288000000e+12,4.000000000000000000e+00,8.000000000000000000e+00,2.000000000000000000e+00,1.000000000000000056e-01,0.000000000000000000e+00,-2.636619596786916042e-01,2.056410077726949504e-01,-2.643174474056223522e-01,2.099315264978719731e-01,4.592448953261084599e-01,2.467778189031478997e-01,2.999999999999999889e-01,5.300000000000000266e-01,4.557582584807320925e-01,2.694789761792167893e-01,4.919999999999999929e-01,5.799999999999999600e-01,2.000000000000000042e-02,0.000000000000000000e+00
1.759835435497000000e+12,4.000000000000000000e+00,8.000000000000000000e+00,2.000000000000000000e+00,0.000000000000000000e+00,1.000000000000000000e+00,-2.643435361815172913e-01,2.101864562344069043e-01,-2.612339807748360609e-01,2.186238225301823102e-01,4.556194883961845465e-01,2.708278107640577081e-01,3.999999999999999667e-01,5.799999999999999600e-01,4.721596767295953567e-01,3.154699604771550869e-01,5.919999999999999707e-01,6.260000000000001119e-01,0.000000000000000000e+00,2.000000000000000111e-01
1.759835435706000000e+12,4.000000000000000000e+00,8.000000000000000000e+00,2.000000000000000000e+00,0.000000000000000000e+00,2.000000000000000000e+00,-2.612339807748360609e-01,2.186238225301823102e-01,-2.576250706515723632e-01,2.287180181868580520e-01,4.721596767295953567e-01,3.154699604771550869e-01,3.039999999999999925e-01,6.260000000000001119e-01,4.913560071724873968e-01,3.688784031050690859e-01,4.919999999999999929e-01,6.260000000000001119e-01,0.000000000000000000e+00,-2.000000000000000111e-01
1.759835435911000000e+12,4.000000000000000000e+00,8.000000000000000000e+00,2.000000000000000000e+00,0.000000000000000000e+00,1.000000000000000000e+00,-2.576250706515723632e-01,2.287180181868580520e-01,-2.545080164631670083e-01,2.388132336158360070e-01,4.913560071724873968e-01,3.688784031050690859e-01,4.040000000000000258e-01,6.260000000000001119e-01,5.079360826427286035e-01,4.222922413536296937e-01,5.919999999999999707e-01,6.260000000000001119e-01,0.000000000000000000e+00,2.000000000000000111e-01
1.759835436118000000e+12,4.000000000000000000e+00,8.000000000000000000e+00,2.000000000000000000e+00,-1.000000000000000056e-01,2.000000000000000000e+00,-2.542189274382589126e-01,2.392170425163963055e-01,-2.503201464154929945e-01,2.477282188160462029e-01,5.094737902220269898e-01,4.244287963830492560e-01,2.999999999999999889e-01,6.260000000000001119e-01,5.302119871516329797e-01,4.694614752171757388e-01,4.960000000000000520e-01,5.799999999999999600e-01,-2.000000000000000042e-02,-2.000000000000000111e-01
0.000000000000000000e+00,0.000000000000000000e+00,0.000000000000000000e+00,0.000000000000000000e+00,0.000000000000000000e+00,0.000000000000000000e+00,0.000000000000000000e+00,0.000000000000000000e+00,0.000000000000000000e+00,0.000000000000000000e+00,0.000000000000000000e+00,0.000000000000000000e+00,0.000000000000000000e+00,0.000000000000000000e+00,0.000000000000000000e+00,0.000000000000000000e+00,0.000000000000000000e+00,0.000000000000000000e+00,0.000000000000000000e+00,0.000000000000000000e+00
1.759835442155000000e+12,5.000000000000000000e+00,8.000000000000000000e+00,0.000000000000000000e+00,0.000000000000000000e+00,0.000000000000000000e+00,-2.504973602683795431e-01,2.489563601621951616e-01,-1.750089329796747917e-01,3.265736203492410339e-01,5.292693602745768278e-01,4.759595775777522575e-01,5.000000000000000000e-01,5.699999999999999512e-01,9.308035479804532830e-01,8.866329119007463344e-01,4.760000000000000342e-01,5.699999999999999512e-01,0.000000000000000000e+00,0.000000000000000000e+00
1.759835442364000000e+12,5.000000000000000000e+00,8.000000000000000000e+00,0.000000000000000000e+00,0.000000000000000000e+00,0.000000000000000000e+00,-1.750089329796747917e-01,3.265736203492410339e-01,-1.769431969349079259e-01,3.322009881084231897e-01,9.308035479804532830e-01,8.866329119007463344e-01,4.000000000000000777e-01,5.699999999999999512e-01,9.205149099207025065e-01,9.164073444890117326e-01,4.760000000000000342e-01,5.699999999999999512e-01,0.000000000000000000e+00,0.000000000000000000e+00
1.759835442569000000e+12,5.000000000000000000e+00,8.000000000000000000e+00,0.000000000000000000e+00,0.000000000000000000e+00,0.000000000000000000e+00,-1.769431969349079259e-01,3.322009881084231897e-01,-1.788783376707092088e-01,3.378296403687144345e-01,9.205149099207025065e-01,9.164073444890117326e-01,2.999999999999999889e-01,5.699999999999999512e-01,9.102216081345254617e-01,9.461885733794416220e-01,4.760000000000000342e-01,5.699999999999999512e-01,0.000000000000000000e+00,0.000000000000000000e+00
1.759835442775000000e+12,5.000000000000000000e+00,8.000000000000000000e+00,0.000000000000000000e+00,-1.000000000000000056e-01,2.000000000000000000e+00,-1.789557602337216169e-01,3.380548114054777731e-01,-1.846617958929078762e-01,3.428373897216275834e-01,9.098097859908425011e-01,9.473799545263374977e-01,1.959999999999997300e-01,5.699999999999999512e-01,8.794585324845325403e-01,9.726846017017333201e-01,3.760000000000000564e-01,5.360000000000000320e-01,-2.000000000000000042e-02,-2.000000000000000111e-01
1.759835442978000000e+12,5.000000000000000000e+00,8.000000000000000000e+00,0.000000000000000000e+00,-1.000000000000000056e-01,2.000000000000000000e+00,-1.846617958929078762e-01,3.428373897216275834e-01,-1.983537628080218607e-01,3.438704825928309283e-01,8.794585324845325403e-01,9.726846017017333201e-01,1.959999999999997300e-01,5.360000000000000320e-01,8.066289212339262660e-01,9.781507015493701163e-01,2.759999999999999676e-01,4.860000000000000431e-01,-2.000000000000000042e-02,-2.000000000000000111e-01
1.759835443185000000e+12,5.000000000000000000e+00,8.000000000000000000e+00,0.000000000000000000e+00,-1.000000000000000056e-01,0.000000000000000000e+00,-1.983537628080218607e-01,3.438704825928309283e-01,-2.162907843918630002e-01,3.409032947606048802e-01,8.066289212339262660e-01,9.781507015493701163e-01,9.600000000000025180e-02,4.860000000000000431e-01,7.112192319581754907e-01,9.624512950296555402e-01,2.759999999999999676e-01,4.360000000000000542e-01,-2.000000000000000042e-02,0.000000000000000000e+00
1.759835443392000000e+12,5.000000000000000000e+00,8.000000000000000000e+00,0.000000000000000000e+00,-1.000000000000000056e-01,1.000000000000000000e+00,-2.162907843918630002e-01,3.409032947606048802e-01,-2.307809201199905180e-01,3.339373295081066728e-01,7.112192319581754907e-01,9.624512950296555402e-01,9.600000000000025180e-02,4.360000000000000542e-01,6.341440419149440011e-01,9.255943360217285809e-01,3.720000000000001084e-01,3.859999999999999543e-01,-2.000000000000000042e-02,2.000000000000000111e-01
1.759835443598000000e+12,5.000000000000000000e+00,8.000000000000000000e+00,0.000000000000000000e+00,0.000000000000000000e+00,1.000000000000000000e+00,-2.311977755015788838e-01,3.335769346353537057e-01,-2.373831865440250710e-01,3.226157950182801937e-01,6.319267260554314314e-01,9.236874848431414486e-01,1.959999999999997300e-01,3.839999999999999525e-01,5.990256034892282866e-01,8.656920371337577524e-01,4.760000000000000342e-01,3.499999999999998668e-01,0.000000000000000000e+00,2.000000000000000111e-01
1.759835443805000000e+12,5.000000000000000000e+00,8.000000000000000000e+00,0.000000000000000000e+00,0.000000000000000000e+00,1.000000000000000000e+00,-2.373831865440250710e-01,3.226157950182801937e-01,-2.355574470538294440e-01,3.106425687700175020e-01,5.990256034892282866e-01,8.656920371337577524e-01,5.000000000000000000e-01,3.499999999999998668e-01,6.087369837562263131e-01,8.023416337037964086e-01,5.760000000000000675e-01,3.499999999999998668e-01,0.000000000000000000e+00,2.000000000000000111e-01
1.759835444013000000e+12,5.000000000000000000e+00,8.000000000000000000e+00,0.000000000000000000e+00,0.000000000000000000e+00,0.000000000000000000e+00,-2.355574470538294440e-01,3.106425687700175020e-01,-2.294976333011486958e-01,2.986665914950598633e-01,6.087369837562263131e-01,8.023416337037964086e-01,6.039999999999999813e-01,3.499999999999998668e-01,6.409700356321877956e-01,7.389766745770364187e-01,5.760000000000000675e-01,3.499999999999998668e-01,0.000000000000000000e+00,0.000000000000000000e+00
1.759835444221000000e+12,5.000000000000000000e+00,8.000000000000000000e+00,0.000000000000000000e+00,0.000000000000000000e+00,2.000000000000000000e+00,-2.292550719888967192e-01,2.981875127796537184e-01,-2.269593718724030595e-01,2.862096231711240280e-01,6.422602553782089663e-01,7.364418665590144464e-01,5.040000000000000036e-01,3.499999999999998668e-01,6.544714262106220426e-01,6.730667892652065776e-01,4.760000000000000342e-01,3.499999999999998668e-01,0.000000000000000000e+00,-2.000000000000000111e-01
1.759835444429000000e+12,5.000000000000000000e+00,8.000000000000000000e+00,0.000000000000000000e+00,1.000000000000000056e-01,0.000000000000000000e+00,-2.269593718724030595e-01,2.862096231711240280e-01,-2.288899800826976472e-01,2.759564945087354948e-01,6.544714262106220426e-01,6.730667892652065776e-01,6.079999999999999849e-01,3.499999999999998668e-01,6.442022336026720364e-01,6.188174312631508078e-01,4.760000000000000342e-01,3.980000000000000204e-01,2.000000000000000042e-02,0.000000000000000000e+00
1.759835444636000000e+12,5.000000000000000000e+00,8.000000000000000000e+00,0.000000000000000000e+00,1.000000000000000056e-01,0.000000000000000000e+00,-2.289673370292734655e-01,2.756292845400235558e-01,-2.309014057894201999e-01,2.695229285538082165e-01,6.437907604825878760e-01,6.170861615874262407e-01,7.079999999999999627e-01,3.999999999999999667e-01,6.335031606945733529e-01,5.847773997555990588e-01,4.760000000000000342e-01,4.500000000000000111e-01,2.000000000000000042e-02,0.000000000000000000e+00
1.759835444840000000e+12,5.000000000000000000e+00,8.000000000000000000e+00,0.000000000000000000e+00,0.000000000000000000e+00,0.000000000000000000e+00,-2.309014057894201999e-01,2.695229285538082165e-01,-2.328356991083415095e-01,2.670175717575457019e-01,6.335031606945733529e-01,5.847773997555990588e-01,8.080000000000003846e-01,4.500000000000000111e-01,6.232143664449919518e-01,5.715215436907180591e-01,4.760000000000000342e-01,4.760000000000000342e-01,0.000000000000000000e+00,0.000000000000000000e+00
1.759835445054000000e+12,5.000000000000000000e+00,8.000000000000000000e+00,0.000000000000000000e+00,0.000000000000000000e+00,0.000000000000000000e+00,-2.328356991083415095e-01,2.670175717575457019e-01,-2.347700518520425828e-01,2.651159812692457929e-01,6.232143664449919518e-01,5.715215436907180591e-01,8.120000000000002771e-01,4.760000000000000342e-01,6.129252561061564464e-01,5.614602183557979576e-01,4.760000000000000342e-01,4.760000000000000342e-01,0.000000000000000000e+00,0.000000000000000000e+00
1.759835445262000000e+12,5.000000000000000000e+00,8.000000000000000000e+00,0.000000000000000000e+00,-1.000000000000000056e-01,0.000000000000000000e+00,-2.348474261592494172e-01,2.650399127939465638e-01,-2.367818077776528973e-01,2.631381049131548688e-01,6.125136906422903316e-01,5.610577396505109782e-01,8.120000000000002771e-01,4.760000000000000342e-01,6.022244267146121821e-01,5.509952640907666011e-01,4.760000000000000342e-01,4.740000000000000324e-01,-2.000000000000000042e-02,0.000000000000000000e+00
1.759835445468000000e+12,5.000000000000000000e+00,8.000000000000000000e+00,0.000000000000000000e+00,-1.000000000000000056e-01,0.000000000000000000e+00,-2.367818077776528973e-01,2.631381049131548688e-01,-2.387159607203169220e-01,2.591976297731841683e-01,6.022244267146121821e-01,5.509952640907666011e-01,8.120000000000002771e-01,4.740000000000000324e-01,5.919363791472503911e-01,5.301461892761067940e-01,4.760000000000000342e-01,4.240000000000000435e-01,-2.000000000000000042e-02,0.000000000000000000e+00
1.759835445683000000e+12,5.000000000000000000e+00,8.000000000000000000e+00,0.000000000000000000e+00,0.000000000000000000e+00,0.000000000000000000e+00,-2.387933096215066886e-01,2.589567366877962851e-01,-2.407268314046365210e-01,2.527356656246059763e-01,5.915249488217728668e-01,5.288716226867529180e-01,8.120000000000002771e-01,4.220000000000000417e-01,5.812402584859759358e-01,4.959559027756930694e-01,4.760000000000000342e-01,4.220000000000000417e-01,0.000000000000000000e+00,0.000000000000000000e+00
1.759835445891000000e+12,5.000000000000000000e+00,8.000000000000000000e+00,0.000000000000000000e+00,1.000000000000000056e-01,0.000000000000000000e+00,-2.407268314046365210e-01,2.527356656246059763e-01,-2.426601114745416954e-01,2.474666616427267374e-01,5.812402584859759358e-01,4.959559027756930694e-01,8.120000000000002771e-01,4.220000000000000417e-01,5.709568538588207787e-01,4.680775748292420602e-01,4.760000000000000342e-01,4.579999999999999627e-01,2.000000000000000042e-02,0.000000000000000000e+00
0.000000000000000000e+00,0.000000000000000000e+00,0.000000000000000000e+00,0.000000000000000000e+00,0.000000000000000000e+00,0.000000000000000000e+00,0.000000000000000000e+00,0.000000000000000000e+00,0.000000000000000000e+00,0.000000000000000000e+00,0.000000000000000000e+00,0.000000000000000000e+00,0.000000000000000000e+00,0.000000000000000000e+00,0.000000000000000000e+00,0.000000000000000000e+00,0.000000000000000000e+00,0.000000000000000000e+00,0.000000000000000000e+00,0.000000000000000000e+00
1.759835451920000000e+12,6.000000000000000000e+00,8.000000000000000000e+00,3.000000000000000000e+00,0.000000000000000000e+00,0.000000000000000000e+00,-2.431241316605313729e-01,2.467513588893182341e-01,-3.344730507589387392e-01,1.602236355535792411e-01,5.684886613801521937e-01,4.642929041762869913e-01,5.000000000000000000e-01,4.699999999999999734e-01,8.259015553755978678e-02,6.474262188249941402e-03,4.760000000000000342e-01,4.699999999999999734e-01,0.000000000000000000e+00,0.000000000000000000e+00
1.759835452127000000e+12,6.000000000000000000e+00,8.000000000000000000e+00,3.000000000000000000e+00,1.000000000000000056e-01,0.000000000000000000e+00,-3.344730507589387392e-01,1.602236355535792411e-01,-3.364119076745917258e-01,1.594660132031666677e-01,8.259015553755978678e-02,6.474262188249941402e-03,4.000000000000000777e-01,4.699999999999999734e-01,7.227708683727794570e-02,2.465678323633150020e-03,4.760000000000000342e-01,5.240000000000000213e-01,2.000000000000000042e-02,0.000000000000000000e+00
1.759835452337000000e+12,6.000000000000000000e+00,8.000000000000000000e+00,3.000000000000000000e+00,1.000000000000000056e-01,1.000000000000000000e+00,-3.364119076745917258e-01,1.594660132031666677e-01,-3.345860503304983746e-01,1.632772232844874605e-01,7.227708683727794570e-02,2.465678323633150020e-03,2.999999999999999889e-01,5.240000000000000213e-01,8.198909398671067050e-02,2.263081102903417158e-02,5.760000000000000675e-01,5.739999999999999547e-01,2.000000000000000042e-02,2.000000000000000111e-01
1.759835452545000000e+12,6.000000000000000000e+00,8.000000000000000000e+00,3.000000000000000000e+00,0.000000000000000000e+00,0.000000000000000000e+00,-3.343467986436898798e-01,1.635128306898598061e-01,-3.279681328155286124e-01,1.713527473235706144e-01,8.326170934207499652e-02,2.387741105745928155e-02,1.959999999999997300e-01,5.759999999999999565e-01,1.171907828961243070e-01,6.535845144746356417e-02,5.799999999999999600e-01,6.119999999999999885e-01,0.000000000000000000e+00,0.000000000000000000e+00
1.759835452752000000e+12,6.000000000000000000e+00,8.000000000000000000e+00,3.000000000000000000e+00,0.000000000000000000e+00,2.000000000000000000e+00,-3.279681328155286124e-01,1.713527473235706144e-01,-3.253442768387282413e-01,1.803242128646083131e-01,1.171907828961243070e-01,6.535845144746356417e-02,1.959999999999997300e-01,6.119999999999999885e-01,1.311474636237858482e-01,1.128265230931656815e-01,4.799999999999999822e-01,6.119999999999999885e-01,0.000000000000000000e+00,-2.000000000000000111e-01
1.759835452957000000e+12,6.000000000000000000e+00,8.000000000000000000e+00,3.000000000000000000e+00,0.000000000000000000e+00,1.000000000000000000e+00,-3.253442768387282413e-01,1.803242128646083131e-01,-3.229505649357287123e-01,1.896553379285010055e-01,1.311474636237858482e-01,1.128265230931656815e-01,9.600000000000025180e-02,6.119999999999999885e-01,1.438799737461237682e-01,1.621975551772540103e-01,5.799999999999999600e-01,6.119999999999999885e-01,0.000000000000000000e+00,2.000000000000000111e-01
1.759835453169000000e+12,6.000000000000000000e+00,8.000000000000000000e+00,3.000000000000000000e+00,0.000000000000000000e+00,1.000000000000000000e+00,-3.229505649357287123e-01,1.896553379285010055e-01,-3.124855263447294251e-01,1.986268186630067434e-01,1.438799737461237682e-01,1.621975551772540103e-01,9.600000000000025180e-02,6.119999999999999885e-01,1.995450726344178694e-01,2.096657072116759057e-01,6.839999999999999414e-01,6.119999999999999885e-01,0.000000000000000000e+00,2.000000000000000111e-01
1.759835453383000000e+12,6.000000000000000000e+00,8.000000000000000000e+00,3.000000000000000000e+00,0.000000000000000000e+00,2.000000000000000000e+00,-3.118990253638477261e-01,1.989856479217383678e-01,-3.006392083845970120e-01,2.079575304184246298e-01,2.026647587029375419e-01,2.115642747181924466e-01,1.959999999999997300e-01,6.119999999999999885e-01,2.625574022095902849e-01,2.590345524784372078e-01,5.879999999999999671e-01,6.119999999999999885e-01,0.000000000000000000e+00,-2.000000000000000111e-01
1.759835453591000000e+12,6.000000000000000000e+00,8.000000000000000000e+00,3.000000000000000000e+00,0.000000000000000000e+00,2.000000000000000000e+00,-3.006392083845970120e-01,2.079575304184246298e-01,-2.974021593250012474e-01,2.172905361347792774e-01,2.625574022095902849e-01,2.590345524784372078e-01,5.000000000000000000e-01,6.119999999999999885e-01,2.797757482712698862e-01,3.084155351046523053e-01,4.879999999999999893e-01,6.119999999999999885e-01,0.000000000000000000e+00,-2.000000000000000111e-01
1.759835453799000000e+12,6.000000000000000000e+00,8.000000000000000000e+00,3.000000000000000000e+00,0.000000000000000000e+00,1.000000000000000000e+00,-2.974021593250012474e-01,2.172905361347792774e-01,-2.949299019259821186e-01,2.262655389587410470e-01,2.797757482712698862e-01,3.084155351046523053e-01,6.039999999999999813e-01,6.119999999999999885e-01,2.929260535852014069e-01,3.559023225330214535e-01,5.840000000000000746e-01,6.119999999999999885e-01,0.000000000000000000e+00,2.000000000000000111e-01
1.759835454005000000e+12,6.000000000000000000e+00,8.000000000000000000e+00,3.000000000000000000e+00,-1.000000000000000056e-01,0.000000000000000000e+00,-2.949299019259821186e-01,2.262655389587410470e-01,-2.882290055922244743e-01,2.352408546584061344e-01,2.929260535852014069e-01,3.559023225330214535e-01,5.040000000000000036e-01,6.119999999999999885e-01,3.285691191902953001e-01,4.033907653883923028e-01,5.840000000000000746e-01,6.119999999999999885e-01,-2.000000000000000042e-02,0.000000000000000000e+00
1.759835454212000000e+12,6.000000000000000000e+00,8.000000000000000000e+00,3.000000000000000000e+00,-1.000000000000000056e-01,1.000000000000000000e+00,-2.879609052605503483e-01,2.355998855417016369e-01,-2.775000638355545890e-01,2.425376699922360269e-01,3.299951847843065611e-01,4.052903996915430684e-01,6.079999999999999849e-01,6.119999999999999885e-01,3.856379583215180928e-01,4.419982539271747890e-01,6.839999999999999414e-01,5.599999999999999423e-01,-2.000000000000000042e-02,2.000000000000000111e-01
1.759835454417000000e+12,6.000000000000000000e+00,8.000000000000000000e+00,3.000000000000000000e+00,0.000000000000000000e+00,2.000000000000000000e+00,-2.775000638355545890e-01,2.425376699922360269e-01,-2.665616831430059341e-01,2.457476449216710324e-01,3.856379583215180928e-01,4.419982539271747890e-01,7.079999999999999627e-01,5.599999999999999423e-01,4.438208343457130667e-01,4.589822482628097555e-01,5.840000000000000746e-01,5.300000000000000266e-01,0.000000000000000000e+00,-2.000000000000000111e-01
1.759835454627000000e+12,6.000000000000000000e+00,8.000000000000000000e+00,3.000000000000000000e+00,0.000000000000000000e+00,0.000000000000000000e+00,-2.665616831430059341e-01,2.457476449216710324e-01,-2.599031644796056528e-01,2.482607073104154682e-01,4.438208343457130667e-01,4.589822482628097555e-01,8.080000000000003846e-01,5.300000000000000266e-01,4.792384868106081552e-01,4.722788746582829433e-01,5.800000000000000711e-01,5.300000000000000266e-01,0.000000000000000000e+00,0.000000000000000000e+00
0.000000000000000000e+00,0.000000000000000000e+00,0.000000000000000000e+00,0.000000000000000000e+00,0.000000000000000000e+00,0.000000000000000000e+00,0.000000000000000000e+00,0.000000000000000000e+00,0.000000000000000000e+00,0.000000000000000000e+00,0.000000000000000000e+00,0.000000000000000000e+00,0.000000000000000000e+00,0.000000000000000000e+00,0.000000000000000000e+00,0.000000000000000000e+00,0.000000000000000000e+00,0.000000000000000000e+00,0.000000000000000000e+00,0.000000000000000000e+00
1.759835460676000000e+12,7.000000000000000000e+00,8.000000000000000000e+00,0.000000000000000000e+00,0.000000000000000000e+00,2.000000000000000000e+00,-2.578601682800867323e-01,2.490339826334406481e-01,-1.708710422650301930e-01,3.235332914309724806e-01,4.901054878718790198e-01,4.763702784838130255e-01,5.000000000000000000e-01,5.300000000000000266e-01,9.528136049732436330e-01,8.705465155077910522e-01,4.799999999999999822e-01,5.300000000000000266e-01,0.000000000000000000e+00,-2.000000000000000111e-01
1.759835460884000000e+12,7.000000000000000000e+00,8.000000000000000000e+00,0.000000000000000000e+00,-1.000000000000000056e-01,1.000000000000000000e+00,-1.708710422650301930e-01,3.235332914309724806e-01,-1.687244104824231483e-01,3.253988281813973704e-01,9.528136049732436330e-01,8.705465155077910522e-01,4.000000000000000777e-01,5.300000000000000266e-01,9.642318591360471425e-01,8.804170803248538846e-01,5.800000000000000711e-01,5.020000000000000018e-01,-2.000000000000000042e-02,2.000000000000000111e-01
1.759835461096000000e+12,7.000000000000000000e+00,8.000000000000000000e+00,0.000000000000000000e+00,-1.000000000000000056e-01,1.000000000000000000e+00,-1.684721438389467918e-01,3.254078769172664698e-01,-1.621170257628997136e-01,3.235576632749735948e-01,9.655737029843255437e-01,8.804649572342142516e-01,2.999999999999999889e-01,5.020000000000000018e-01,9.993775225377674598e-01,8.706754670633524151e-01,5.000000000000000000e-01,4.500000000000000111e-01,-2.000000000000000042e-02,2.000000000000000111e-01
1.759835461306000000e+12,7.000000000000000000e+00,8.000000000000000000e+00,0.000000000000000000e+00,-1.000000000000000056e-01,1.000000000000000000e+00,-1.621170257628997136e-01,3.235576632749735948e-01,-1.621292076193315834e-01,3.173856149245318226e-01,9.993775225377674598e-01,8.706754670633524151e-01,1.959999999999997300e-01,4.500000000000000111e-01,9.993127254290873340e-01,8.380191265848245807e-01,5.000000000000000000e-01,3.999999999999999667e-01,-2.000000000000000042e-02,2.000000000000000111e-01
1.759835461513000000e+12,7.000000000000000000e+00,8.000000000000000000e+00,0.000000000000000000e+00,0.000000000000000000e+00,1.000000000000000000e+00,-1.621292076193315834e-01,3.173856149245318226e-01,-1.621396167345301453e-01,3.083237712740202752e-01,9.993127254290873340e-01,8.380191265848245807e-01,1.959999999999997300e-01,3.980000000000000204e-01,9.992573577950524255e-01,7.900728638837052342e-01,5.000000000000000000e-01,3.839999999999999525e-01,0.000000000000000000e+00,2.000000000000000111e-01
1.759835461721000000e+12,7.000000000000000000e+00,8.000000000000000000e+00,0.000000000000000000e+00,0.000000000000000000e+00,1.000000000000000000e+00,-1.621396167345301453e-01,3.083237712740202752e-01,-1.621491091848510924e-01,2.990660033916727745e-01,9.992573577950524255e-01,7.900728638837052342e-01,9.600000000000025180e-02,3.839999999999999525e-01,9.992068660380261091e-01,7.410899650353057755e-01,5.000000000000000000e-01,3.839999999999999525e-01,0.000000000000000000e+00,2.000000000000000111e-01
1.759835461932000000e+12,7.000000000000000000e+00,8.000000000000000000e+00,0.000000000000000000e+00,0.000000000000000000e+00,1.000000000000000000e+00,-1.621494672550429228e-01,2.986956578783820371e-01,-1.621580807943495128e-01,2.894364188739267929e-01,9.992049614093462262e-01,7.391304649649844682e-01,9.600000000000025180e-02,3.839999999999999525e-01,9.991591447109068325e-01,6.901397824017291294e-01,5.000000000000000000e-01,3.839999999999999525e-01,0.000000000000000000e+00,2.000000000000000111e-01
1.759835462139000000e+12,7.000000000000000000e+00,8.000000000000000000e+00,0.000000000000000000e+00,1.000000000000000056e-01,2.000000000000000000e+00,-1.621580807943495128e-01,2.894364188739267929e-01,-1.662397952145007185e-01,2.806468602912729482e-01,9.991591447109068325e-01,6.901397824017291294e-01,1.959999999999997300e-01,3.839999999999999525e-01,9.774478977952090197e-01,6.436341814353067070e-01,4.000000000000000777e-01,4.160000000000000364e-01,2.000000000000000042e-02,-2.000000000000000111e-01
1.759835462348000000e+12,7.000000000000000000e+00,8.000000000000000000e+00,0.000000000000000000e+00,0.000000000000000000e+00,0.000000000000000000e+00,-1.662397952145007185e-01,2.806468602912729482e-01,-1.745618427053166610e-01,2.759680892763377580e-01,9.774478977952090197e-01,6.436341814353067070e-01,5.000000000000000000e-01,4.180000000000000382e-01,9.331816877376774011e-01,6.188787792398824372e-01,3.960000000000000187e-01,4.640000000000000235e-01,0.000000000000000000e+00,0.000000000000000000e+00
1.759835462557000000e+12,7.000000000000000000e+00,8.000000000000000000e+00,0.000000000000000000e+00,0.000000000000000000e+00,2.000000000000000000e+00,-1.745618427053166610e-01,2.759680892763377580e-01,-1.866464542366967350e-01,2.731051169881659191e-01,9.331816877376774011e-01,6.188787792398824372e-01,6.039999999999999813e-01,4.640000000000000235e-01,8.689018391665067620e-01,6.037307777151637023e-01,2.959999999999999853e-01,4.640000000000000235e-01,0.000000000000000000e+00,-2.000000000000000111e-01
1.759835462765000000e+12,7.000000000000000000e+00,8.000000000000000000e+00,0.000000000000000000e+00,0.000000000000000000e+00,0.000000000000000000e+00,-1.872964553091935047e-01,2.729905564362906656e-01,-2.039456230404601556e-01,2.701264064633988049e-01,8.654443866532260943e-01,6.031246372290511859e-01,5.040000000000000036e-01,4.640000000000000235e-01,7.768849838273396147e-01,5.879704045682476732e-01,2.919999999999999818e-01,4.640000000000000235e-01,0.000000000000000000e+00,0.000000000000000000e+00
1.759835462976000000e+12,7.000000000000000000e+00,8.000000000000000000e+00,0.000000000000000000e+00,0.000000000000000000e+00,1.000000000000000000e+00,-2.039456230404601556e-01,2.701264064633988049e-01,-2.175102035610426698e-01,2.671485944242381061e-01,7.768849838273396147e-01,5.879704045682476732e-01,6.079999999999999849e-01,4.640000000000000235e-01,7.047329597816879287e-01,5.722147853134291751e-01,3.920000000000000151e-01,4.640000000000000235e-01,0.000000000000000000e+00,2.000000000000000111e-01
1.759835463189000000e+12,7.000000000000000000e+00,8.000000000000000000e+00,0.000000000000000000e+00,0.000000000000000000e+00,0.000000000000000000e+00,-2.175102035610426698e-01,2.671485944242381061e-01,-2.261972240303532222e-01,2.641716014178891458e-01,7.047329597816879287e-01,5.722147853134291751e-01,7.079999999999999627e-01,4.640000000000000235e-01,6.585254040938658404e-01,5.564634995655510785e-01,3.960000000000000187e-01,4.640000000000000235e-01,0.000000000000000000e+00,0.000000000000000000e+00
1.759835463399000000e+12,7.000000000000000000e+00,8.000000000000000000e+00,0.000000000000000000e+00,0.000000000000000000e+00,1.000000000000000000e+00,-2.261972240303532222e-01,2.641716014178891458e-01,-2.307722652106500849e-01,2.613092888915913292e-01,6.585254040938658404e-01,5.564634995655510785e-01,8.080000000000003846e-01,4.640000000000000235e-01,6.341900786667548084e-01,5.413189888443986630e-01,4.960000000000000520e-01,4.640000000000000235e-01,0.000000000000000000e+00,2.000000000000000111e-01
1.759835463604000000e+12,7.000000000000000000e+00,8.000000000000000000e+00,0.000000000000000000e+00,0.000000000000000000e+00,2.000000000000000000e+00,-2.307722652106500849e-01,2.613092888915913292e-01,-2.345654793036143770e-01,2.583322292162411604e-01,6.341900786667548084e-01,5.413189888443986630e-01,8.120000000000002771e-01,4.640000000000000235e-01,6.140134079594979921e-01,5.255673503504824096e-01,4.040000000000000258e-01,4.640000000000000235e-01,0.000000000000000000e+00,-2.000000000000000111e-01
1.759835463809000000e+12,7.000000000000000000e+00,8.000000000000000000e+00,0.000000000000000000e+00,0.000000000000000000e+00,1.000000000000000000e+00,-2.345654793036143770e-01,2.583322292162411604e-01,-2.388176869877724484e-01,2.554693905223914818e-01,6.140134079594979921e-01,5.255673503504824096e-01,8.120000000000002771e-01,4.640000000000000235e-01,5.913952819799337401e-01,5.104200556740290384e-01,5.000000000000000000e-01,4.640000000000000235e-01,0.000000000000000000e+00,2.000000000000000111e-01
1.759835464017000000e+12,7.000000000000000000e+00,8.000000000000000000e+00,0.000000000000000000e+00,0.000000000000000000e+00,0.000000000000000000e+00,-2.388176869877724484e-01,2.554693905223914818e-01,-2.388345831668048369e-01,2.526064372353546972e-01,5.913952819799337401e-01,5.104200556740290384e-01,8.120000000000002771e-01,4.640000000000000235e-01,5.913054086872082671e-01,4.952721546844164324e-01,5.000000000000000000e-01,4.640000000000000235e-01,0.000000000000000000e+00,0.000000000000000000e+00
1.759835464232000000e+12,7.000000000000000000e+00,8.000000000000000000e+00,0.000000000000000000e+00,0.000000000000000000e+00,0.000000000000000000e+00,-2.388351270772873514e-01,2.524919133468059296e-01,-2.388485205465840922e-01,2.496285933386235556e-01,5.913025155463438320e-01,4.946662081841584069e-01,8.120000000000002771e-01,4.640000000000000235e-01,5.912312736883824638e-01,4.795163668710241689e-01,5.000000000000000000e-01,4.640000000000000235e-01,0.000000000000000000e+00,0.000000000000000000e+00
1.759835464439000000e+12,7.000000000000000000e+00,8.000000000000000000e+00,0.000000000000000000e+00,0.000000000000000000e+00,2.000000000000000000e+00,-2.388490495346029807e-01,2.495140522346055711e-01,-2.426238944576172840e-01,2.466502246026463507e-01,5.912284599223245340e-01,4.789103292836274228e-01,8.120000000000002771e-01,4.640000000000000235e-01,5.711494975658655271e-01,4.637578021304040177e-01,3.999999999999999667e-01,4.640000000000000235e-01,0.000000000000000000e+00,-2.000000000000000111e-01
0.000000000000000000e+00,0.000000000000000000e+00,0.000000000000000000e+00,0.000000000000000000e+00,0.000000000000000000e+00,0.000000000000000000e+00,0.000000000000000000e+00,0.000000000000000000e+00,0.000000000000000000e+00,0.000000000000000000e+00,0.000000000000000000e+00,0.000000000000000000e+00,0.000000000000000000e+00,0.000000000000000000e+00,0.000000000000000000e+00,0.000000000000000000e+00,0.000000000000000000e+00,0.000000000000000000e+00,0.000000000000000000e+00,0.000000000000000000e+00
1.759835470530000000e+12,8.000000000000000000e+00,8.000000000000000000e+00,1.000000000000000000e+00,0.000000000000000000e+00,1.000000000000000000e+00,-2.447119291316772194e-01,2.459627472264258319e-01,-3.382319334361615359e-01,3.186835701149414724e-01,5.600429301506530955e-01,4.601203556953748497e-01,5.000000000000000000e-01,4.640000000000000235e-01,6.259609874382150718e-02,8.448866143647697502e-01,4.719999999999999751e-01,4.640000000000000235e-01,0.000000000000000000e+00,2.000000000000000111e-01
1.759835470736000000e+12,8.000000000000000000e+00,8.000000000000000000e+00,1.000000000000000000e+00,0.000000000000000000e+00,1.000000000000000000e+00,-3.382319334361615359e-01,3.186835701149414724e-01,-3.364428796428632351e-01,3.158387309388922537e-01,6.259609874382150718e-02,8.448866143647697502e-01,4.000000000000000777e-01,4.640000000000000235e-01,7.211234232519544984e-02,8.298345552322342611e-01,5.760000000000000675e-01,4.640000000000000235e-01,0.000000000000000000e+00,2.000000000000000111e-01
1.759835470939000000e+12,8.000000000000000000e+00,8.000000000000000000e+00,1.000000000000000000e+00,-1.000000000000000056e-01,1.000000000000000000e+00,-3.364428796428632351e-01,3.158387309388922537e-01,-3.266432328955151121e-01,3.114074032995967078e-01,7.211234232519544984e-02,8.298345552322342611e-01,2.999999999999999889e-01,4.640000000000000235e-01,1.242381228961961098e-01,8.063883772465435529e-01,6.759999999999999343e-01,4.180000000000000382e-01,-2.000000000000000042e-02,2.000000000000000111e-01
1.759835471147000000e+12,8.000000000000000000e+00,8.000000000000000000e+00,1.000000000000000000e+00,-1.000000000000000056e-01,0.000000000000000000e+00,-3.260846332446749596e-01,3.111477659229680559e-01,-3.117196422039458792e-01,3.025742576347789092e-01,1.272093976347075661e-01,8.050146345130585468e-01,1.959999999999997300e-01,4.180000000000000382e-01,2.036189244470963111e-01,7.596521567977720935e-01,6.800000000000000488e-01,3.659999999999999365e-01,-2.000000000000000042e-02,0.000000000000000000e+00
1.759835471354000000e+12,8.000000000000000000e+00,8.000000000000000000e+00,1.000000000000000000e+00,0.000000000000000000e+00,0.000000000000000000e+00,-3.117196422039458792e-01,3.025742576347789092e-01,-2.973460401226508676e-01,2.911857590532357376e-01,2.036189244470963111e-01,7.596521567977720935e-01,1.959999999999997300e-01,3.659999999999999365e-01,2.800742546667506216e-01,6.993955505462209343e-01,6.800000000000000488e-01,3.559999999999999276e-01,0.000000000000000000e+00,0.000000000000000000e+00
1.759835471560000000e+12,8.000000000000000000e+00,8.000000000000000000e+00,1.000000000000000000e+00,1.000000000000000056e-01,0.000000000000000000e+00,-2.973460401226508676e-01,2.911857590532357376e-01,-2.823933432940252120e-01,2.792323788930734518e-01,2.800742546667506216e-01,6.993955505462209343e-01,9.600000000000025180e-02,3.559999999999999276e-01,3.596098760956105145e-01,6.361501528734045952e-01,6.800000000000000488e-01,3.579999999999998739e-01,2.000000000000000042e-02,0.000000000000000000e+00
1.759835471772000000e+12,8.000000000000000000e+00,8.000000000000000000e+00,1.000000000000000000e+00,1.000000000000000056e-01,0.000000000000000000e+00,-2.823933432940252120e-01,2.792323788930734518e-01,-2.674377112061913087e-01,2.696358812487125722e-01,3.596098760956105145e-01,6.361501528734045952e-01,9.600000000000025180e-02,3.599999999999998757e-01,4.391611106053653346e-01,5.853750330619713615e-01,6.800000000000000488e-01,4.100000000000000866e-01,2.000000000000000042e-02,0.000000000000000000e+00
1.759835471978000000e+12,8.000000000000000000e+00,8.000000000000000000e+00,1.000000000000000000e+00,0.000000000000000000e+00,0.000000000000000000e+00,-2.674377112061913087e-01,2.696358812487125722e-01,-2.530552695374206906e-01,2.640137081024178101e-01,4.391611106053653346e-01,5.853750330619713615e-01,1.959999999999997300e-01,4.120000000000000329e-01,5.156634599073367520e-01,5.556280851979779056e-01,6.800000000000000488e-01,4.360000000000000542e-01,0.000000000000000000e+00,0.000000000000000000e+00
1.759835472187000000e+12,8.000000000000000000e+00,8.000000000000000000e+00,1.000000000000000000e+00,0.000000000000000000e+00,2.000000000000000000e+00,-2.530552695374206906e-01,2.640137081024178101e-01,-2.418600261296575127e-01,2.587069475137889762e-01,5.156634599073367520e-01,5.556280851979779056e-01,5.000000000000000000e-01,4.360000000000000542e-01,5.752126269699068262e-01,5.275499868454444075e-01,5.840000000000000746e-01,4.360000000000000542e-01,0.000000000000000000e+00,-2.000000000000000111e-01
1.759835472393000000e+12,8.000000000000000000e+00,8.000000000000000000e+00,1.000000000000000000e+00,0.000000000000000000e+00,2.000000000000000000e+00,-2.418600261296575127e-01,2.587069475137889762e-01,-2.392178566496236669e-01,2.536042518840342375e-01,5.752126269699068262e-01,5.275499868454444075e-01,6.039999999999999813e-01,4.360000000000000542e-01,5.892667199488103025e-01,5.005515972700225191e-01,4.799999999999999822e-01,4.360000000000000542e-01,0.000000000000000000e+00,-2.000000000000000111e-01
1.759835472601000000e+12,8.000000000000000000e+00,8.000000000000000000e+00,1.000000000000000000e+00,0.000000000000000000e+00,0.000000000000000000e+00,-2.392178566496236669e-01,2.536042518840342375e-01,-2.408924412018992878e-01,2.482968013083776126e-01,5.892667199488103025e-01,5.005515972700225191e-01,5.040000000000000036e-01,4.360000000000000542e-01,5.803593553090462542e-01,4.724698481924741733e-01,4.799999999999999822e-01,4.360000000000000542e-01,0.000000000000000000e+00,0.000000000000000000e+00
1.759835472823000000e+12,8.000000000000000000e+00,8.000000000000000000e+00,1.000000000000000000e+00,1.000000000000000056e-01,0.000000000000000000e+00,-2.409569665955253459e-01,2.480926578565852691e-01,-2.425701176890739108e-01,2.445711740082384400e-01,5.800161351301843515e-01,4.713897241089168300e-01,6.079999999999999849e-01,4.360000000000000542e-01,5.714355442070536695e-01,4.527575344351240649e-01,4.799999999999999822e-01,4.819999999999999840e-01,2.000000000000000042e-02,0.000000000000000000e+00
0.000000000000000000e+00,0.000000000000000000e+00,0.000000000000000000e+00,0.000000000000000000e+00,0.000000000000000000e+00,0.000000000000000000e+00,0.000000000000000000e+00,0.000000000000000000e+00,0.000000000000000000e+00,0.000000000000000000e+00,0.000000000000000000e+00,0.000000000000000000e+00,0.000000000000000000e+00,0.000000000000000000e+00,0.000000000000000000e+00,0.000000000000000000e+00,0.000000000000000000e+00,0.000000000000000000e+00,0.000000000000000000e+00,0.000000000000000000e+00
1.759835904689000000e+12,1.000000000000000000e+00,1.000000000000000000e+01,3.000000000000000000e+00,0.000000000000000000e+00,1.000000000000000000e+00,-2.416232688577165111e-01,1.590165637632323103e-01,-3.285991262242307642e-01,1.624916214453491214e-01,5.764719741610823123e-01,8.763895890110003344e-05,5.000000000000000000e-01,5.000000000000000000e-01,1.138344349774958325e-01,1.847418754152973380e-02,5.999999999999999778e-01,5.000000000000000000e-01,0.000000000000000000e+00,2.000000000000000111e-01
1.759835904898000000e+12,1.000000000000000000e+00,1.000000000000000000e+01,3.000000000000000000e+00,0.000000000000000000e+00,1.000000000000000000e+00,-3.285991262242307642e-01,1.624916214453491214e-01,-3.165423729024305910e-01,1.625013868059975164e-01,1.138344349774958325e-01,1.847418754152973380e-02,4.000000000000000777e-01,5.000000000000000000e-01,1.779661015828159221e-01,1.852585611638896471e-02,7.039999999999999591e-01,5.000000000000000000e-01,0.000000000000000000e+00,2.000000000000000111e-01
1.759835905107000000e+12,1.000000000000000000e+00,1.000000000000000000e+01,3.000000000000000000e+00,1.000000000000000056e-01,1.000000000000000000e+00,-3.158933981050222051e-01,1.625017525425029030e-01,-2.955122686983686631e-01,1.625435158059576335e-01,1.814180951860520086e-01,1.852779123017407950e-02,2.999999999999999889e-01,5.000000000000000000e-01,2.898283579874006421e-01,1.874876087808270697e-02,8.080000000000003846e-01,5.080000000000000071e-01,2.000000000000000042e-02,2.000000000000000111e-01
1.759835905311000000e+12,1.000000000000000000e+00,1.000000000000000000e+01,3.000000000000000000e+00,1.000000000000000056e-01,2.000000000000000000e+00,-2.955122686983686631e-01,1.625435158059576335e-01,-2.746502068367233096e-01,1.650720503842388054e-01,2.898283579874006421e-01,1.874876087808270697e-02,1.959999999999997300e-01,5.080000000000000071e-01,4.007967721450887422e-01,3.212725071025822332e-02,7.079999999999999627e-01,5.579999999999999405e-01,2.000000000000000042e-02,-2.000000000000000111e-01
1.759835905520000000e+12,1.000000000000000000e+00,1.000000000000000000e+01,3.000000000000000000e+00,1.000000000000000056e-01,2.000000000000000000e+00,-2.746502068367233096e-01,1.650720503842388054e-01,-2.614218015903475578e-01,1.719397491922301513e-01,4.007967721450887422e-01,3.212725071025822332e-02,1.959999999999997300e-01,5.579999999999999405e-01,4.711606298385767611e-01,6.846428144037117192e-02,6.079999999999999849e-01,6.079999999999999849e-01,2.000000000000000042e-02,-2.000000000000000111e-01
1.759835905727000000e+12,1.000000000000000000e+00,1.000000000000000000e+01,3.000000000000000000e+00,0.000000000000000000e+00,2.000000000000000000e+00,-2.614218015903475578e-01,1.719397491922301513e-01,-2.568668295221510078e-01,1.826286657453504159e-01,4.711606298385767611e-01,6.846428144037117192e-02,9.600000000000025180e-02,6.099999999999999867e-01,4.953892046694094997e-01,1.250193954780445260e-01,5.040000000000000036e-01,6.600000000000001421e-01,0.000000000000000000e+00,-2.000000000000000111e-01
1.759835905932000000e+12,1.000000000000000000e+00,1.000000000000000000e+01,3.000000000000000000e+00,0.000000000000000000e+00,2.000000000000000000e+00,-2.568668295221510078e-01,1.826286657453504159e-01,-2.603104107461677863e-01,1.954398358991326634e-01,4.953892046694094997e-01,1.250193954780445260e-01,9.600000000000025180e-02,6.600000000000001421e-01,4.770722832650649003e-01,1.928033645456754819e-01,4.040000000000000258e-01,6.600000000000001421e-01,0.000000000000000000e+00,-2.000000000000000111e-01
1.759835906139000000e+12,1.000000000000000000e+00,1.000000000000000000e+01,3.000000000000000000e+00,0.000000000000000000e+00,1.000000000000000000e+00,-2.603104107461677863e-01,1.954398358991326634e-01,-2.648711949259286436e-01,2.087661111092449784e-01,4.770722832650649003e-01,1.928033645456754819e-01,1.959999999999997300e-01,6.600000000000001421e-01,4.528127929471880142e-01,2.633127571917723841e-01,5.000000000000000000e-01,6.600000000000001421e-01,0.000000000000000000e+00,2.000000000000000111e-01
1.759835906348000000e+12,1.000000000000000000e+00,1.000000000000000000e+01,3.000000000000000000e+00,0.000000000000000000e+00,1.000000000000000000e+00,-2.648711949259286436e-01,2.087661111092449784e-01,-2.611238578237873309e-01,2.215799299431519265e-01,4.528127929471880142e-01,2.633127571917723841e-01,5.000000000000000000e-01,6.600000000000001421e-01,4.727454371075141548e-01,3.311107404399573073e-01,5.999999999999999778e-01,6.600000000000001421e-01,0.000000000000000000e+00,2.000000000000000111e-01
1.759835906552000000e+12,1.000000000000000000e+00,1.000000000000000000e+01,3.000000000000000000e+00,0.000000000000000000e+00,2.000000000000000000e+00,-2.611238578237873309e-01,2.215799299431519265e-01,-2.562606014477833427e-01,2.349072605846892481e-01,4.727454371075141548e-01,3.311107404399573073e-01,6.039999999999999813e-01,6.600000000000001421e-01,4.986138220862587622e-01,4.016257173793082447e-01,5.080000000000000071e-01,6.600000000000001421e-01,0.000000000000000000e+00,-2.000000000000000111e-01
1.759835906759000000e+12,1.000000000000000000e+00,1.000000000000000000e+01,3.000000000000000000e+00,0.000000000000000000e+00,1.000000000000000000e+00,-2.562606014477833427e-01,2.349072605846892481e-01,-2.521897026499896333e-01,2.477233790229557142e-01,4.986138220862587622e-01,4.016257173793082447e-01,5.040000000000000036e-01,6.600000000000001421e-01,5.202675390957998136e-01,4.694358678463265711e-01,6.039999999999999813e-01,6.600000000000001421e-01,0.000000000000000000e+00,2.000000000000000111e-01
1.759835906969000000e+12,1.000000000000000000e+00,1.000000000000000000e+01,3.000000000000000000e+00,-1.000000000000000056e-01,2.000000000000000000e+00,-2.521897026499896333e-01,2.477233790229557142e-01,-2.469856553102275643e-01,2.602116944703940504e-01,5.202675390957998136e-01,4.694358678463265711e-01,6.079999999999999849e-01,6.600000000000001421e-01,5.479486419668746500e-01,5.355116109544659775e-01,5.120000000000000107e-01,6.280000000000000027e-01,-2.000000000000000042e-02,-2.000000000000000111e-01
1.759835907178000000e+12,1.000000000000000000e+00,1.000000000000000000e+01,3.000000000000000000e+00,-1.000000000000000056e-01,2.000000000000000000e+00,-2.469856553102275643e-01,2.602116944703940504e-01,-2.501159897212575922e-01,2.684327860073693062e-01,5.479486419668746500e-01,5.355116109544659775e-01,7.079999999999999627e-01,6.260000000000001119e-01,5.312979270145872235e-01,5.790094497744407986e-01,4.080000000000000293e-01,5.759999999999999565e-01,-2.000000000000000042e-02,-2.000000000000000111e-01
1.759835907384000000e+12,1.000000000000000000e+00,1.000000000000000000e+01,3.000000000000000000e+00,-1.000000000000000056e-01,2.000000000000000000e+00,-2.501159897212575922e-01,2.684327860073693062e-01,-2.618589927826591723e-01,2.727402725092679669e-01,5.312979270145872235e-01,5.790094497744407986e-01,8.080000000000003846e-01,5.759999999999999565e-01,4.688351447730894628e-01,6.018003836469205670e-01,3.080000000000000515e-01,5.260000000000000231e-01,-2.000000000000000042e-02,-2.000000000000000111e-01
1.759835907590000000e+12,1.000000000000000000e+00,1.000000000000000000e+01,3.000000000000000000e+00,-1.000000000000000056e-01,1.000000000000000000e+00,-2.618589927826591723e-01,2.727402725092679669e-01,-2.737956048417568566e-01,2.728027990391247437e-01,4.688351447730894628e-01,6.018003836469205670e-01,8.120000000000002771e-01,5.240000000000000213e-01,4.053425274374634624e-01,6.021312118472209596e-01,4.040000000000000258e-01,4.740000000000000324e-01,-2.000000000000000042e-02,2.000000000000000111e-01
1.759835907799000000e+12,1.000000000000000000e+00,1.000000000000000000e+01,3.000000000000000000e+00,-1.000000000000000056e-01,1.000000000000000000e+00,-2.741068287257655833e-01,2.727220071957051073e-01,-2.777434282736144233e-01,2.686304087246117467e-01,4.036870812459276703e-01,6.017037417762175489e-01,8.120000000000002771e-01,4.720000000000000306e-01,3.843434666297104729e-01,5.800550726169934057e-01,5.080000000000000071e-01,4.220000000000000417e-01,-2.000000000000000042e-02,2.000000000000000111e-01
1.759835908004000000e+12,1.000000000000000000e+00,1.000000000000000000e+01,3.000000000000000000e+00,0.000000000000000000e+00,1.000000000000000000e+00,-2.777434282736144233e-01,2.686304087246117467e-01,-2.733708818546379815e-01,2.621140300731033546e-01,3.843434666297104729e-01,5.800550726169934057e-01,8.120000000000002771e-01,4.220000000000000417e-01,4.076016922625638750e-01,5.455768786936685544e-01,6.079999999999999849e-01,4.180000000000000382e-01,0.000000000000000000e+00,2.000000000000000111e-01
1.759835908215000000e+12,1.000000000000000000e+00,1.000000000000000000e+01,3.000000000000000000e+00,0.000000000000000000e+00,0.000000000000000000e+00,-2.730292214653676774e-01,2.618523766619355042e-01,-2.640931164701538214e-01,2.553104205038718155e-01,4.094190347586825207e-01,5.441924691107699052e-01,8.120000000000002771e-01,4.180000000000000382e-01,4.569515081374796450e-01,5.095789444649303501e-01,6.119999999999999885e-01,4.180000000000000382e-01,0.000000000000000000e+00,0.000000000000000000e+00
1.759835908420000000e+12,1.000000000000000000e+00,1.000000000000000000e+01,3.000000000000000000e+00,0.000000000000000000e+00,0.000000000000000000e+00,-2.640931164701538214e-01,2.553104205038718155e-01,-2.551487057540892667e-01,2.487673675139543128e-01,4.569515081374796450e-01,5.095789444649303501e-01,8.120000000000002771e-01,4.180000000000000382e-01,5.045281608825038511e-01,4.749596164759488093e-01,6.119999999999999885e-01,4.180000000000000382e-01,0.000000000000000000e+00,0.000000000000000000e+00
1.759835908628000000e+12,1.000000000000000000e+00,1.000000000000000000e+01,3.000000000000000000e+00,0.000000000000000000e+00,2.000000000000000000e+00,-2.547908956604567621e-01,2.485056267344074588e-01,-2.496127479051738762e-01,2.419618696720180762e-01,5.064314060614001356e-01,4.735747446264945704e-01,5.000000000000000000e-01,4.180000000000000382e-01,5.339747451852453475e-01,4.389516913863390490e-01,5.120000000000000107e-01,4.180000000000000382e-01,0.000000000000000000e+00,-2.000000000000000111e-01
0.000000000000000000e+00,0.000000000000000000e+00,0.000000000000000000e+00,0.000000000000000000e+00,0.000000000000000000e+00,0.000000000000000000e+00,0.000000000000000000e+00,0.000000000000000000e+00,0.000000000000000000e+00,0.000000000000000000e+00,0.000000000000000000e+00,0.000000000000000000e+00,0.000000000000000000e+00,0.000000000000000000e+00,0.000000000000000000e+00,0.000000000000000000e+00,0.000000000000000000e+00,0.000000000000000000e+00,0.000000000000000000e+00,0.000000000000000000e+00
1.759835914686000000e+12,2.000000000000000000e+00,1.000000000000000000e+01,0.000000000000000000e+00,-1.000000000000000056e-01,0.000000000000000000e+00,-2.495471013582407360e-01,2.403912763555386689e-01,-1.740955343434780755e-01,3.131371478348201065e-01,5.343239289455279373e-01,4.306416738388290089e-01,5.000000000000000000e-01,4.180000000000000382e-01,9.356620513644783310e-01,8.155404647344980384e-01,4.879999999999999893e-01,3.679999999999998828e-01,-2.000000000000000042e-02,0.000000000000000000e+00
1.759835914895000000e+12,2.000000000000000000e+00,1.000000000000000000e+01,0.000000000000000000e+00,-1.000000000000000056e-01,1.000000000000000000e+00,-1.740955343434780755e-01,3.131371478348201065e-01,-1.713123797455477215e-01,3.007256275204827078e-01,9.356620513644783310e-01,8.155404647344980384e-01,4.000000000000000777e-01,3.679999999999998828e-01,9.504660651832568252e-01,7.498710450819191520e-01,5.879999999999999671e-01,3.180000000000000049e-01,-2.000000000000000042e-02,2.000000000000000111e-01
1.759835915103000000e+12,2.000000000000000000e+00,1.000000000000000000e+01,0.000000000000000000e+00,0.000000000000000000e+00,1.000000000000000000e+00,-1.713123797455477215e-01,3.007256275204827078e-01,-1.620329144173875136e-01,2.850492684231625828e-01,9.504660651832568252e-01,7.498710450819191520e-01,2.999999999999999889e-01,3.180000000000000049e-01,9.998249233117685320e-01,6.669273461542994941e-01,5.000000000000000000e-01,3.000000000000000999e-01,0.000000000000000000e+00,2.000000000000000111e-01
1.759835915317000000e+12,2.000000000000000000e+00,1.000000000000000000e+01,0.000000000000000000e+00,0.000000000000000000e+00,1.000000000000000000e+00,-1.620331437318943135e-01,2.844100435991064324e-01,-1.620381790879796835e-01,2.684284817131499246e-01,9.998237035537537176e-01,6.635452042280763907e-01,1.959999999999997300e-01,3.000000000000000999e-01,9.997969197447889034e-01,5.789866757309520828e-01,5.000000000000000000e-01,3.000000000000000999e-01,0.000000000000000000e+00,2.000000000000000111e-01
1.759835915523000000e+12,2.000000000000000000e+00,1.000000000000000000e+01,0.000000000000000000e+00,1.000000000000000056e-01,1.000000000000000000e+00,-1.620381790879796835e-01,2.684284817131499246e-01,-1.620422160568270598e-01,2.532891818661754946e-01,9.997969197447889034e-01,5.789866757309520828e-01,1.959999999999997300e-01,3.000000000000000999e-01,9.997754465062390627e-01,4.988845601384947481e-01,5.000000000000000000e-01,3.319999999999999063e-01,2.000000000000000042e-02,2.000000000000000111e-01
1.759835915730000000e+12,2.000000000000000000e+00,1.000000000000000000e+01,0.000000000000000000e+00,1.000000000000000056e-01,1.000000000000000000e+00,-1.620422160568270598e-01,2.532891818661754946e-01,-1.620466947496227994e-01,2.415280787071534541e-01,9.997754465062390627e-01,4.988845601384947481e-01,9.600000000000025180e-02,3.339999999999999081e-01,9.997516236722191474e-01,4.366565010960500870e-01,5.000000000000000000e-01,3.859999999999999543e-01,2.000000000000000042e-02,2.000000000000000111e-01
1.759835915938000000e+12,2.000000000000000000e+00,1.000000000000000000e+01,0.000000000000000000e+00,1.000000000000000056e-01,2.000000000000000000e+00,-1.620466947496227994e-01,2.415280787071534541e-01,-1.658128372461130096e-01,2.343009563400292317e-01,9.997516236722191474e-01,4.366565010960500870e-01,9.600000000000025180e-02,3.859999999999999543e-01,9.797189508185478735e-01,3.984177584128530958e-01,4.000000000000000777e-01,4.360000000000000542e-01,2.000000000000000042e-02,-2.000000000000000111e-01
1.759835916150000000e+12,2.000000000000000000e+00,1.000000000000000000e+01,0.000000000000000000e+00,1.000000000000000056e-01,2.000000000000000000e+00,-1.661298297507474153e-01,2.340950692080784601e-01,-1.782137925811263512e-01,2.310260891939917294e-01,9.780328204747478216e-01,3.973284085083516604e-01,1.959999999999997300e-01,4.380000000000000560e-01,9.137564224408173397e-01,3.810904190158292959e-01,2.959999999999999853e-01,4.879999999999999893e-01,2.000000000000000042e-02,-2.000000000000000111e-01
1.759835916353000000e+12,2.000000000000000000e+00,1.000000000000000000e+01,0.000000000000000000e+00,0.000000000000000000e+00,2.000000000000000000e+00,-1.782137925811263512e-01,2.310260891939917294e-01,-1.982983483921007539e-01,2.317374716397863910e-01,9.137564224408173397e-01,3.810904190158292959e-01,5.000000000000000000e-01,4.879999999999999893e-01,8.069236787654214815e-01,3.848543473004571447e-01,1.959999999999997300e-01,5.200000000000000178e-01,0.000000000000000000e+00,-2.000000000000000111e-01
1.759835916563000000e+12,2.000000000000000000e+00,1.000000000000000000e+01,0.000000000000000000e+00,0.000000000000000000e+00,1.000000000000000000e+00,-1.982983483921007539e-01,2.317374716397863910e-01,-2.201533474612643038e-01,2.334121390711433319e-01,8.069236787654214815e-01,3.848543473004571447e-01,6.039999999999999813e-01,5.200000000000000178e-01,6.906736837166792542e-01,3.937150215404409681e-01,2.919999999999999818e-01,5.200000000000000178e-01,0.000000000000000000e+00,2.000000000000000111e-01
1.759835916774000000e+12,2.000000000000000000e+00,1.000000000000000000e+01,0.000000000000000000e+00,0.000000000000000000e+00,1.000000000000000000e+00,-2.201533474612643038e-01,2.334121390711433319e-01,-2.330396180719303822e-01,2.350253968776516988e-01,6.906736837166792542e-01,3.937150215404409681e-01,5.040000000000000036e-01,5.200000000000000178e-01,6.221296911067533131e-01,4.022507771304323354e-01,3.920000000000000151e-01,5.200000000000000178e-01,0.000000000000000000e+00,2.000000000000000111e-01
1.759835916989000000e+12,2.000000000000000000e+00,1.000000000000000000e+01,0.000000000000000000e+00,0.000000000000000000e+00,0.000000000000000000e+00,-2.333872822089624322e-01,2.350899675221001517e-01,-2.417226019942721460e-01,2.367044611936865994e-01,6.202804137821147368e-01,4.025924207518526976e-01,6.079999999999999849e-01,5.200000000000000178e-01,5.759436064134459965e-01,4.111347153105111563e-01,3.960000000000000187e-01,5.200000000000000178e-01,0.000000000000000000e+00,0.000000000000000000e+00
1.759835917195000000e+12,2.000000000000000000e+00,1.000000000000000000e+01,0.000000000000000000e+00,0.000000000000000000e+00,1.000000000000000000e+00,-2.417226019942721460e-01,2.367044611936865994e-01,-2.462955877047209863e-01,2.383196006219607810e-01,5.759436064134459965e-01,4.111347153105111563e-01,7.079999999999999627e-01,5.200000000000000178e-01,5.516192143365904466e-01,4.196804265712211213e-01,4.960000000000000520e-01,5.200000000000000178e-01,0.000000000000000000e+00,2.000000000000000111e-01
0.000000000000000000e+00,0.000000000000000000e+00,0.000000000000000000e+00,0.000000000000000000e+00,0.000000000000000000e+00,0.000000000000000000e+00,0.000000000000000000e+00,0.000000000000000000e+00,0.000000000000000000e+00,0.000000000000000000e+00,0.000000000000000000e+00,0.000000000000000000e+00,0.000000000000000000e+00,0.000000000000000000e+00,0.000000000000000000e+00,0.000000000000000000e+00,0.000000000000000000e+00,0.000000000000000000e+00,0.000000000000000000e+00,0.000000000000000000e+00
1.759835923297000000e+12,3.000000000000000000e+00,1.000000000000000000e+01,1.000000000000000000e+00,-1.000000000000000056e-01,2.000000000000000000e+00,-2.462427705411966983e-01,2.387073127373350589e-01,-3.347946624512589953e-01,3.210686236064720922e-01,5.519001566957622007e-01,4.217318134250532813e-01,5.000000000000000000e-01,5.200000000000000178e-01,8.087945504649460271e-02,8.575059450077889833e-01,4.239999999999999880e-01,4.719999999999999751e-01,-2.000000000000000042e-02,-2.000000000000000111e-01
1.759835923505000000e+12,3.000000000000000000e+00,1.000000000000000000e+01,1.000000000000000000e+00,-1.000000000000000056e-01,1.000000000000000000e+00,-3.347946624512589953e-01,3.210686236064720922e-01,-3.374745678660443504e-01,3.168275143652186099e-01,8.087945504649460271e-02,8.575059450077889833e-01,4.000000000000000777e-01,4.699999999999999734e-01,6.662463901040228953e-02,8.350662135725853696e-01,5.200000000000000178e-01,4.200000000000000955e-01,-2.000000000000000042e-02,2.000000000000000111e-01
1.759835923712000000e+12,3.000000000000000000e+00,1.000000000000000000e+01,1.000000000000000000e+00,-1.000000000000000056e-01,1.000000000000000000e+00,-3.374154334890159812e-01,3.165744962569362331e-01,-3.317804278027962628e-01,3.081699844517625797e-01,6.693918356906382316e-02,8.337274934229431667e-01,2.999999999999999889e-01,4.200000000000000955e-01,9.691261807023253405e-02,7.892591769934529378e-01,6.239999999999998881e-01,3.679999999999998828e-01,-2.000000000000000042e-02,2.000000000000000111e-01
1.759835923921000000e+12,3.000000000000000000e+00,1.000000000000000000e+01,1.000000000000000000e+00,0.000000000000000000e+00,1.000000000000000000e+00,-3.317804278027962628e-01,3.081699844517625797e-01,-3.181268297208126317e-01,2.969414568828574463e-01,9.691261807023253405e-02,7.892591769934529378e-01,1.959999999999997300e-01,3.679999999999998828e-01,1.695381397829114345e-01,7.298489782161770023e-01,7.239999999999999769e-01,3.579999999999998739e-01,0.000000000000000000e+00,2.000000000000000111e-01
1.759835924127000000e+12,3.000000000000000000e+00,1.000000000000000000e+01,1.000000000000000000e+00,0.000000000000000000e+00,1.000000000000000000e+00,-3.181268297208126317e-01,2.969414568828574463e-01,-2.964830153303331106e-01,2.856024325410668752e-01,1.695381397829114345e-01,7.298489782161770023e-01,1.959999999999997300e-01,3.579999999999998739e-01,2.846648120726961162e-01,6.698541404289253265e-01,8.240000000000002878e-01,3.579999999999998739e-01,0.000000000000000000e+00,2.000000000000000111e-01
1.759835924335000000e+12,3.000000000000000000e+00,1.000000000000000000e+01,1.000000000000000000e+00,0.000000000000000000e+00,0.000000000000000000e+00,-2.954487044319670241e-01,2.851487550344332655e-01,-2.692317918858250225e-01,2.738053377937839095e-01,2.901664657874093445e-01,6.674537303409168176e-01,9.600000000000025180e-02,3.579999999999998739e-01,4.296181282668881107e-01,6.074356497025604762e-01,8.280000000000001803e-01,3.579999999999998739e-01,0.000000000000000000e+00,0.000000000000000000e+00
1.759835924542000000e+12,3.000000000000000000e+00,1.000000000000000000e+01,1.000000000000000000e+00,0.000000000000000000e+00,0.000000000000000000e+00,-2.692317918858250225e-01,2.738053377937839095e-01,-2.430079811153818548e-01,2.624597665349437947e-01,4.296181282668881107e-01,6.074356497025604762e-01,9.600000000000025180e-02,3.579999999999998739e-01,5.691064834288198648e-01,5.474061721425598215e-01,8.280000000000001803e-01,3.579999999999998739e-01,0.000000000000000000e+00,0.000000000000000000e+00
1.759835924749000000e+12,3.000000000000000000e+00,1.000000000000000000e+01,1.000000000000000000e+00,0.000000000000000000e+00,2.000000000000000000e+00,-2.419589595095733014e-01,2.620059012405083210e-01,-2.194931815412409781e-01,2.506596668172889064e-01,5.746863855873760585e-01,5.450047684682980398e-01,1.959999999999997300e-01,3.579999999999998739e-01,6.941852045678671423e-01,4.849717821020577690e-01,7.279999999999999805e-01,3.579999999999998739e-01,0.000000000000000000e+00,-2.000000000000000111e-01
1.759835924953000000e+12,3.000000000000000000e+00,1.000000000000000000e+01,1.000000000000000000e+00,1.000000000000000056e-01,2.000000000000000000e+00,-2.194931815412409781e-01,2.506596668172889064e-01,-2.050198281924142107e-01,2.410419692373898803e-01,6.941852045678671423e-01,4.849717821020577690e-01,5.000000000000000000e-01,3.579999999999998739e-01,7.711711266360946615e-01,4.340844933195232014e-01,6.279999999999998916e-01,4.060000000000000275e-01,2.000000000000000042e-02,-2.000000000000000111e-01
1.759835925164000000e+12,3.000000000000000000e+00,1.000000000000000000e+01,1.000000000000000000e+00,1.000000000000000056e-01,2.000000000000000000e+00,-2.046041869687598713e-01,2.407385425557977132e-01,-1.984573236454741929e-01,2.352751496808858922e-01,7.733819842087240604e-01,4.324790611417869135e-01,6.039999999999999813e-01,4.080000000000000293e-01,8.060780657155628415e-01,4.035722205337878288e-01,5.240000000000000213e-01,4.579999999999999627e-01,2.000000000000000042e-02,-2.000000000000000111e-01
1.759835925370000000e+12,3.000000000000000000e+00,1.000000000000000000e+01,1.000000000000000000e+00,1.000000000000000056e-01,2.000000000000000000e+00,-1.984573236454741929e-01,2.352751496808858922e-01,-2.005408370565261167e-01,2.338311628392005792e-01,8.060780657155628415e-01,4.035722205337878288e-01,5.040000000000000036e-01,4.579999999999999627e-01,7.949955475716695696e-01,3.959320785142887988e-01,4.199999999999999845e-01,5.100000000000000089e-01,2.000000000000000042e-02,-2.000000000000000111e-01
1.759835925580000000e+12,3.000000000000000000e+00,1.000000000000000000e+01,1.000000000000000000e+00,0.000000000000000000e+00,2.000000000000000000e+00,-2.005408370565261167e-01,2.338311628392005792e-01,-2.112732502007208524e-01,2.358697012282466032e-01,7.949955475716695696e-01,3.959320785142887988e-01,6.079999999999999849e-01,5.100000000000000089e-01,7.379082436131869649e-01,4.067179959166487557e-01,3.200000000000000622e-01,5.279999999999999138e-01,0.000000000000000000e+00,-2.000000000000000111e-01
1.759835925789000000e+12,3.000000000000000000e+00,1.000000000000000000e+01,1.000000000000000000e+00,0.000000000000000000e+00,0.000000000000000000e+00,-2.112732502007208524e-01,2.358697012282466032e-01,-2.259972640473837391e-01,2.381225708904629590e-01,7.379082436131869649e-01,4.067179959166487557e-01,7.079999999999999627e-01,5.279999999999999138e-01,6.595890210245545227e-01,4.186379412193808047e-01,3.160000000000000031e-01,5.279999999999999138e-01,0.000000000000000000e+00,0.000000000000000000e+00
1.759835926001000000e+12,3.000000000000000000e+00,1.000000000000000000e+01,1.000000000000000000e+00,0.000000000000000000e+00,1.000000000000000000e+00,-2.259972640473837391e-01,2.381225708904629590e-01,-2.372730654622363100e-01,2.403767073118011632e-01,6.595890210245545227e-01,4.186379412193808047e-01,8.080000000000003846e-01,5.279999999999999138e-01,5.996113539242748924e-01,4.305645889513289304e-01,4.119999999999999774e-01,5.279999999999999138e-01,0.000000000000000000e+00,2.000000000000000111e-01
1.759835926213000000e+12,3.000000000000000000e+00,1.000000000000000000e+01,1.000000000000000000e+00,0.000000000000000000e+00,0.000000000000000000e+00,-2.375567558149794811e-01,2.404669067292012075e-01,-2.442927678352810050e-01,2.427221909094235408e-01,5.981023626862793652e-01,4.310418345460381717e-01,8.120000000000002771e-01,5.279999999999999138e-01,5.622725115144626695e-01,4.429745550763150574e-01,4.159999999999999809e-01,5.279999999999999138e-01,0.000000000000000000e+00,0.000000000000000000e+00
0.000000000000000000e+00,0.000000000000000000e+00,0.000000000000000000e+00,0.000000000000000000e+00,0.000000000000000000e+00,0.000000000000000000e+00,0.000000000000000000e+00,0.000000000000000000e+00,0.000000000000000000e+00,0.000000000000000000e+00,0.000000000000000000e+00,0.000000000000000000e+00,0.000000000000000000e+00,0.000000000000000000e+00,0.000000000000000000e+00,0.000000000000000000e+00,0.000000000000000000e+00,0.000000000000000000e+00,0.000000000000000000e+00,0.000000000000000000e+00
1.759835932177000000e+12,4.000000000000000000e+00,1.000000000000000000e+01,1.000000000000000000e+00,0.000000000000000000e+00,1.000000000000000000e+00,-2.461781265825854770e-01,2.433537432583677274e-01,-3.352287414346073469e-01,3.235593738816419096e-01,5.522440075394389192e-01,4.463161018961255833e-01,5.000000000000000000e-01,5.279999999999999138e-01,7.857052428400336519e-02,8.706845178922852924e-01,5.120000000000000107e-01,5.279999999999999138e-01,0.000000000000000000e+00,2.000000000000000111e-01
1.759835932381000000e+12,4.000000000000000000e+00,1.000000000000000000e+01,1.000000000000000000e+00,-1.000000000000000056e-01,2.000000000000000000e+00,-3.352287414346073469e-01,3.235593738816419096e-01,-3.377611068354340884e-01,3.249901558165286808e-01,7.857052428400336519e-02,8.706845178922852924e-01,4.000000000000000777e-01,5.279999999999999138e-01,6.510049555620155137e-02,8.782547926800460258e-01,4.159999999999999809e-01,4.939999999999999947e-01,-2.000000000000000042e-02,-2.000000000000000111e-01
1.759835932595000000e+12,4.000000000000000000e+00,1.000000000000000000e+01,1.000000000000000000e+00,-1.000000000000000056e-01,0.000000000000000000e+00,-3.377611068354340884e-01,3.249901558165286808e-01,-3.451099559077009937e-01,3.224957376938638598e-01,6.510049555620155137e-02,8.782547926800460258e-01,2.999999999999999889e-01,4.939999999999999947e-01,2.601087283137757875e-02,8.650568131950470141e-01,4.119999999999999774e-01,4.420000000000000040e-01,-2.000000000000000042e-02,0.000000000000000000e+00
1.759835932805000000e+12,4.000000000000000000e+00,1.000000000000000000e+01,1.000000000000000000e+00,-1.000000000000000056e-01,1.000000000000000000e+00,-3.451099559077009937e-01,3.224957376938638598e-01,-3.484268841796299143e-01,3.160105674847634161e-01,2.601087283137757875e-02,8.650568131950470141e-01,1.959999999999997300e-01,4.420000000000000040e-01,8.367637342393955888e-03,8.307437433056266141e-01,5.120000000000000107e-01,3.919999999999999596e-01,-2.000000000000000042e-02,2.000000000000000111e-01
1.759835933011000000e+12,4.000000000000000000e+00,1.000000000000000000e+01,1.000000000000000000e+00,0.000000000000000000e+00,2.000000000000000000e+00,-3.484268841796299143e-01,3.160105674847634161e-01,-3.499452031370646754e-01,3.056952660978826675e-01,8.367637342393955888e-03,8.307437433056266141e-01,1.959999999999997300e-01,3.919999999999999596e-01,2.914726751877787106e-04,7.761654290893263974e-01,5.000000000000000000e-01,3.579999999999998739e-01,0.000000000000000000e+00,-2.000000000000000111e-01
1.759835933216000000e+12,4.000000000000000000e+00,1.000000000000000000e+01,1.000000000000000000e+00,0.000000000000000000e+00,1.000000000000000000e+00,-3.499468376454987206e-01,3.052421582140666390e-01,-3.462205582592662867e-01,2.939124926711418340e-01,2.827784813896658364e-04,7.737680328786595840e-01,9.600000000000025180e-02,3.579999999999998739e-01,2.010341351454091388e-02,7.138227125457240474e-01,5.999999999999999778e-01,3.579999999999998739e-01,0.000000000000000000e+00,2.000000000000000111e-01
1.759835933422000000e+12,4.000000000000000000e+00,1.000000000000000000e+01,1.000000000000000000e+00,1.000000000000000056e-01,1.000000000000000000e+00,-3.462205582592662867e-01,2.939124926711418340e-01,-3.345089952042760162e-01,2.827452853114302278e-01,2.010341351454091388e-02,7.138227125457240474e-01,9.600000000000025180e-02,3.579999999999998739e-01,8.239896167938279281e-02,6.547369593197367443e-01,7.000000000000000666e-01,3.739999999999999436e-01,2.000000000000000042e-02,2.000000000000000111e-01
1.759835933626000000e+12,4.000000000000000000e+00,1.000000000000000000e+01,1.000000000000000000e+00,1.000000000000000056e-01,1.000000000000000000e+00,-3.345089952042760162e-01,2.827452853114302278e-01,-3.138142893461469685e-01,2.743251098512250463e-01,8.239896167938279281e-02,6.547369593197367443e-01,1.959999999999997300e-01,3.739999999999999436e-01,1.924771843290054019e-01,6.101857664085982291e-01,8.040000000000002700e-01,4.260000000000000453e-01,2.000000000000000042e-02,2.000000000000000111e-01
1.759835933835000000e+12,4.000000000000000000e+00,1.000000000000000000e+01,1.000000000000000000e+00,0.000000000000000000e+00,0.000000000000000000e+00,-3.138142893461469685e-01,2.743251098512250463e-01,-2.885507265663455057e-01,2.701627180989883414e-01,1.924771843290054019e-01,6.101857664085982291e-01,5.000000000000000000e-01,4.260000000000000453e-01,3.268578374130557407e-01,5.881625296242769529e-01,8.040000000000002700e-01,4.679999999999999716e-01,0.000000000000000000e+00,0.000000000000000000e+00
1.759835934044000000e+12,4.000000000000000000e+00,1.000000000000000000e+01,1.000000000000000000e+00,0.000000000000000000e+00,2.000000000000000000e+00,-2.885507265663455057e-01,2.701627180989883414e-01,-2.680110479113049227e-01,2.676195331263105381e-01,3.268578374130557407e-01,5.881625296242769529e-01,6.039999999999999813e-01,4.679999999999999716e-01,4.361114472802928854e-01,5.747065244778336579e-01,7.039999999999999591e-01,4.679999999999999716e-01,0.000000000000000000e+00,-2.000000000000000111e-01
1.759835934253000000e+12,4.000000000000000000e+00,1.000000000000000000e+01,1.000000000000000000e+00,-1.000000000000000056e-01,2.000000000000000000e+00,-2.673574088802275206e-01,2.675178388747077030e-01,-2.551271818624674670e-01,2.647558631807791496e-01,4.395882506370876186e-01,5.741684596545382213e-01,5.040000000000000036e-01,4.679999999999999716e-01,5.046426496677262064e-01,5.595548316443341719e-01,5.999999999999999778e-01,4.500000000000000111e-01,-2.000000000000000042e-02,-2.000000000000000111e-01
1.759835934461000000e+12,4.000000000000000000e+00,1.000000000000000000e+01,1.000000000000000000e+00,-1.000000000000000056e-01,2.000000000000000000e+00,-2.551271818624674670e-01,2.647558631807791496e-01,-2.508972026298751934e-01,2.585781256849609133e-01,5.046426496677262064e-01,5.595548316443341719e-01,6.079999999999999849e-01,4.500000000000000111e-01,5.271425392027915269e-01,5.268683898675181609e-01,5.000000000000000000e-01,3.999999999999999667e-01,-2.000000000000000042e-02,-2.000000000000000111e-01
1.759835934669000000e+12,4.000000000000000000e+00,1.000000000000000000e+01,1.000000000000000000e+00,0.000000000000000000e+00,0.000000000000000000e+00,-2.508972026298751934e-01,2.585781256849609133e-01,-2.512281489502175558e-01,2.496212454223893373e-01,5.271425392027915269e-01,5.268683898675181609e-01,7.079999999999999627e-01,3.980000000000000204e-01,5.253821864350129989e-01,4.794774890073510432e-01,4.960000000000000520e-01,3.859999999999999543e-01,0.000000000000000000e+00,0.000000000000000000e+00
0.000000000000000000e+00,0.000000000000000000e+00,0.000000000000000000e+00,0.000000000000000000e+00,0.000000000000000000e+00,0.000000000000000000e+00,0.000000000000000000e+00,0.000000000000000000e+00,0.000000000000000000e+00,0.000000000000000000e+00,0.000000000000000000e+00,0.000000000000000000e+00,0.000000000000000000e+00,0.000000000000000000e+00,0.000000000000000000e+00,0.000000000000000000e+00,0.000000000000000000e+00,0.000000000000000000e+00,0.000000000000000000e+00,0.000000000000000000e+00
1.759835940601000000e+12,5.000000000000000000e+00,1.000000000000000000e+01,0.000000000000000000e+00,0.000000000000000000e+00,0.000000000000000000e+00,-2.513215413588457126e-01,2.470723634821356263e-01,-1.734873792579706975e-01,3.125881974246850770e-01,5.248854183040121413e-01,4.659913411753208168e-01,5.000000000000000000e-01,3.859999999999999543e-01,9.388969188405814625e-01,8.126359652099740538e-01,4.960000000000000520e-01,3.859999999999999543e-01,0.000000000000000000e+00,0.000000000000000000e+00
1.759835940809000000e+12,5.000000000000000000e+00,1.000000000000000000e+01,0.000000000000000000e+00,-1.000000000000000056e-01,1.000000000000000000e+00,-1.734873792579706975e-01,3.125881974246850770e-01,-1.700553905658292730e-01,3.032728533472030530e-01,9.388969188405814625e-01,8.126359652099740538e-01,4.000000000000000777e-01,3.859999999999999543e-01,9.571521778413336623e-01,7.633484304084818817e-01,5.959999999999999742e-01,3.679999999999998828e-01,-2.000000000000000042e-02,2.000000000000000111e-01
1.759835941012000000e+12,5.000000000000000000e+00,1.000000000000000000e+01,0.000000000000000000e+00,-1.000000000000000056e-01,1.000000000000000000e+00,-1.700553905658292730e-01,3.032728533472030530e-01,-1.625687379464401672e-01,2.908557191469761660e-01,9.571521778413336623e-01,7.633484304084818817e-01,2.999999999999999889e-01,3.679999999999998828e-01,9.969747981572332218e-01,6.976493076559586726e-01,5.000000000000000000e-01,3.180000000000000049e-01,-2.000000000000000042e-02,2.000000000000000111e-01
1.759835941220000000e+12,5.000000000000000000e+00,1.000000000000000000e+01,0.000000000000000000e+00,0.000000000000000000e+00,1.000000000000000000e+00,-1.625690136040840172e-01,2.902757282312747877e-01,-1.625745935090756600e-01,2.742556912272780534e-01,9.969733318931701671e-01,6.945805726522475965e-01,1.959999999999997300e-01,3.160000000000000031e-01,9.969436515474698890e-01,6.098184721020003529e-01,5.000000000000000000e-01,2.940000000000001501e-01,0.000000000000000000e+00,2.000000000000000111e-01
1.759835941431000000e+12,5.000000000000000000e+00,1.000000000000000000e+01,0.000000000000000000e+00,1.000000000000000056e-01,1.000000000000000000e+00,-1.625745935090756600e-01,2.742556912272780534e-01,-1.625785843502145778e-01,2.577930276391832143e-01,9.969436515474698890e-01,6.098184721020003529e-01,1.959999999999997300e-01,2.940000000000001501e-01,9.969224236690714669e-01,5.227144319533504335e-01,5.000000000000000000e-01,2.960000000000001519e-01,2.000000000000000042e-02,2.000000000000000111e-01
1.759835941637000000e+12,5.000000000000000000e+00,1.000000000000000000e+01,0.000000000000000000e+00,1.000000000000000056e-01,1.000000000000000000e+00,-1.625787208570805553e-01,2.571400903261001902e-01,-1.625822486445435699e-01,2.428756669607523011e-01,9.969216975687205107e-01,5.192597371751332958e-01,9.600000000000025180e-02,2.960000000000001519e-01,9.969029327417895381e-01,4.437865976759381437e-01,5.000000000000000000e-01,3.479999999999998650e-01,2.000000000000000042e-02,2.000000000000000111e-01
1.759835941850000000e+12,5.000000000000000000e+00,1.000000000000000000e+01,0.000000000000000000e+00,1.000000000000000056e-01,2.000000000000000000e+00,-1.625823978967549932e-01,2.423882559840054018e-01,-1.663413315981154272e-01,2.322780626879396293e-01,9.969021388470479250e-01,4.412077036190762414e-01,9.600000000000025180e-02,3.479999999999998650e-01,9.769078106483222168e-01,3.877146173965060338e-01,4.040000000000000258e-01,3.980000000000000204e-01,2.000000000000000042e-02,-2.000000000000000111e-01
1.759835942061000000e+12,5.000000000000000000e+00,1.000000000000000000e+01,0.000000000000000000e+00,0.000000000000000000e+00,2.000000000000000000e+00,-1.663413315981154272e-01,2.322780626879396293e-01,-1.780979159522536048e-01,2.261320184033551728e-01,9.769078106483222168e-01,3.877146173965060338e-01,1.959999999999997300e-01,3.999999999999999667e-01,9.143727874880127615e-01,3.551958645680168281e-01,2.999999999999999889e-01,4.420000000000000040e-01,0.000000000000000000e+00,-2.000000000000000111e-01
1.759835942269000000e+12,5.000000000000000000e+00,1.000000000000000000e+01,0.000000000000000000e+00,0.000000000000000000e+00,0.000000000000000000e+00,-1.787349319246687718e-01,2.259468279600087837e-01,-1.950544918176103093e-01,2.213168584033202435e-01,9.109844046560171549e-01,3.542160209524274905e-01,5.000000000000000000e-01,4.420000000000000040e-01,8.241782350127111467e-01,3.297188275307949556e-01,2.959999999999999853e-01,4.420000000000000040e-01,0.000000000000000000e+00,0.000000000000000000e+00
1.759835942476000000e+12,5.000000000000000000e+00,1.000000000000000000e+01,0.000000000000000000e+00,1.000000000000000056e-01,0.000000000000000000e+00,-1.950544918176103093e-01,2.213168584033202435e-01,-2.120346987074722411e-01,2.165871769365436128e-01,8.241782350127111467e-01,3.297188275307949556e-01,6.039999999999999813e-01,4.420000000000000040e-01,7.338579855985518652e-01,3.046940578653101750e-01,2.959999999999999853e-01,4.520000000000000129e-01,2.000000000000000042e-02,0.000000000000000000e+00
1.759835942683000000e+12,5.000000000000000000e+00,1.000000000000000000e+01,0.000000000000000000e+00,1.000000000000000056e-01,0.000000000000000000e+00,-2.120346987074722411e-01,2.165871769365436128e-01,-2.283635288516867867e-01,2.147925641978938593e-01,7.338579855985518652e-01,3.046940578653101750e-01,5.040000000000000036e-01,4.540000000000000147e-01,6.470025061080489914e-01,2.951987523698088034e-01,2.959999999999999853e-01,5.040000000000000036e-01,2.000000000000000042e-02,0.000000000000000000e+00
1.759835942889000000e+12,5.000000000000000000e+00,1.000000000000000000e+01,0.000000000000000000e+00,0.000000000000000000e+00,1.000000000000000000e+00,-2.283635288516867867e-01,2.147925641978938593e-01,-2.409258381146315575e-01,2.168355965274170183e-01,6.470025061080489914e-01,2.951987523698088034e-01,6.079999999999999849e-01,5.040000000000000036e-01,5.801817121562150570e-01,3.060084472350106943e-01,3.960000000000000187e-01,5.379999999999999227e-01,0.000000000000000000e+00,2.000000000000000111e-01
1.759835943096000000e+12,5.000000000000000000e+00,1.000000000000000000e+01,0.000000000000000000e+00,0.000000000000000000e+00,0.000000000000000000e+00,-2.412606720432184937e-01,2.169577118783872771e-01,-2.492752520346975809e-01,2.200108571078517594e-01,5.784006806211782203e-01,3.066545602031073292e-01,7.079999999999999627e-01,5.379999999999999227e-01,5.357699359856511467e-01,3.228087677664114308e-01,3.999999999999999667e-01,5.379999999999999227e-01,0.000000000000000000e+00,0.000000000000000000e+00
1.759835943305000000e+12,5.000000000000000000e+00,1.000000000000000000e+01,0.000000000000000000e+00,0.000000000000000000e+00,1.000000000000000000e+00,-2.492752520346975809e-01,2.200108571078517594e-01,-2.535291806087120459e-01,2.230646637365823193e-01,5.357699359856511467e-01,3.228087677664114308e-01,8.080000000000003846e-01,5.379999999999999227e-01,5.131426563366380256e-01,3.389664747967318648e-01,5.000000000000000000e-01,5.379999999999999227e-01,0.000000000000000000e+00,2.000000000000000111e-01
1.759835943508000000e+12,5.000000000000000000e+00,1.000000000000000000e+01,0.000000000000000000e+00,0.000000000000000000e+00,2.000000000000000000e+00,-2.535291806087120459e-01,2.230646637365823193e-01,-2.572988461413190930e-01,2.261188128976263645e-01,5.131426563366380256e-01,3.389664747967318648e-01,8.120000000000002771e-01,5.379999999999999227e-01,4.930912439291537108e-01,3.551259941673353127e-01,3.999999999999999667e-01,5.379999999999999227e-01,0.000000000000000000e+00,-2.000000000000000111e-01
1.759835943716000000e+12,5.000000000000000000e+00,1.000000000000000000e+01,0.000000000000000000e+00,0.000000000000000000e+00,1.000000000000000000e+00,-2.576161788146178466e-01,2.262409760690285709e-01,-2.621804060835246086e-01,2.292955192740170900e-01,4.914033041775646149e-01,3.557723601535903724e-01,8.120000000000002771e-01,5.379999999999999227e-01,4.671254995557201362e-01,3.719339644127888644e-01,4.960000000000000520e-01,5.379999999999999227e-01,0.000000000000000000e+00,2.000000000000000111e-01
1.759835943923000000e+12,5.000000000000000000e+00,1.000000000000000000e+01,0.000000000000000000e+00,0.000000000000000000e+00,0.000000000000000000e+00,-2.621804060835246086e-01,2.292955192740170900e-01,-2.625195192545062839e-01,2.323505374465490159e-01,4.671254995557201362e-01,3.719339644127888644e-01,8.120000000000002771e-01,5.379999999999999227e-01,4.653217060930516236e-01,3.880980817277726036e-01,4.960000000000000520e-01,5.379999999999999227e-01,0.000000000000000000e+00,0.000000000000000000e+00
1.759835944131000000e+12,5.000000000000000000e+00,1.000000000000000000e+01,0.000000000000000000e+00,0.000000000000000000e+00,0.000000000000000000e+00,-2.625328986451109792e-01,2.324727449791779976e-01,-2.628675358982962562e-01,2.355280930049619137e-01,4.652505391217500730e-01,3.887446824295132664e-01,8.120000000000002771e-01,5.379999999999999227e-01,4.634705537324666502e-01,4.049105449997985051e-01,4.960000000000000520e-01,5.379999999999999227e-01,0.000000000000000000e+00,0.000000000000000000e+00
1.759835944338000000e+12,5.000000000000000000e+00,1.000000000000000000e+01,0.000000000000000000e+00,0.000000000000000000e+00,1.000000000000000000e+00,-2.628675358982962562e-01,2.355280930049619137e-01,-2.594573539041020727e-01,2.387057797793749880e-01,4.634705537324666502e-01,4.049105449997985051e-01,8.120000000000002771e-01,5.379999999999999227e-01,4.816098196590314906e-01,4.217237025363756442e-01,5.919999999999999707e-01,5.379999999999999227e-01,0.000000000000000000e+00,2.000000000000000111e-01
0.000000000000000000e+00,0.000000000000000000e+00,0.000000000000000000e+00,0.000000000000000000e+00,0.000000000000000000e+00,0.000000000000000000e+00,0.000000000000000000e+00,0.000000000000000000e+00,0.000000000000000000e+00,0.000000000000000000e+00,0.000000000000000000e+00,0.000000000000000000e+00,0.000000000000000000e+00,0.000000000000000000e+00,0.000000000000000000e+00,0.000000000000000000e+00,0.000000000000000000e+00,0.000000000000000000e+00,0.000000000000000000e+00,0.000000000000000000e+00
1.759835950273000000e+12,6.000000000000000000e+00,1.000000000000000000e+01,3.000000000000000000e+00,0.000000000000000000e+00,2.000000000000000000e+00,-2.581652922406938444e-01,2.391945977475118945e-01,-3.278629126735352894e-01,1.653947103311707856e-01,4.884824880814157000e-01,4.243100409921264915e-01,5.000000000000000000e-01,5.379999999999999227e-01,1.177504645024717578e-01,3.383444619667081571e-02,5.120000000000000107e-01,5.379999999999999227e-01,0.000000000000000000e+00,-2.000000000000000111e-01
1.759835950478000000e+12,6.000000000000000000e+00,1.000000000000000000e+01,3.000000000000000000e+00,0.000000000000000000e+00,2.000000000000000000e+00,-3.278629126735352894e-01,1.653947103311707856e-01,-3.306699198120433003e-01,1.684456512970874953e-01,1.177504645024717578e-01,3.383444619667081571e-02,4.000000000000000777e-01,5.379999999999999227e-01,1.028195754678546819e-01,4.997699098988091920e-02,4.119999999999999774e-01,5.379999999999999227e-01,0.000000000000000000e+00,-2.000000000000000111e-01
1.759835950689000000e+12,6.000000000000000000e+00,1.000000000000000000e+01,3.000000000000000000e+00,0.000000000000000000e+00,0.000000000000000000e+00,-3.306699198120433003e-01,1.684456512970874953e-01,-3.377275054653313124e-01,1.714968717491452410e-01,1.028195754678546819e-01,4.997699098988091920e-02,2.999999999999999889e-01,5.379999999999999227e-01,6.527922624823759290e-02,6.612101454574201287e-02,4.119999999999999774e-01,5.379999999999999227e-01,0.000000000000000000e+00,0.000000000000000000e+00
1.759835950896000000e+12,6.000000000000000000e+00,1.000000000000000000e+01,3.000000000000000000e+00,0.000000000000000000e+00,0.000000000000000000e+00,-3.380099013421794529e-01,1.716189268871033402e-01,-3.450705713866906166e-01,1.746704808134139641e-01,6.377712052032194490e-02,6.676680892647270105e-02,1.959999999999997300e-01,5.379999999999999227e-01,2.622036496441149805e-02,8.291259689637017760e-02,4.119999999999999774e-01,5.379999999999999227e-01,0.000000000000000000e+00,0.000000000000000000e+00
1.759835951102000000e+12,6.000000000000000000e+00,1.000000000000000000e+01,3.000000000000000000e+00,0.000000000000000000e+00,2.000000000000000000e+00,-3.450705713866906166e-01,1.746704808134139641e-01,-3.498143977532502946e-01,1.777223353563583685e-01,2.622036496441149805e-02,8.291259689637017760e-02,1.959999999999997300e-01,5.379999999999999227e-01,9.872459933493787573e-04,9.905997543046755893e-02,5.000000000000000000e-01,5.379999999999999227e-01,0.000000000000000000e+00,-2.000000000000000111e-01
1.759835951311000000e+12,6.000000000000000000e+00,1.000000000000000000e+01,3.000000000000000000e+00,0.000000000000000000e+00,1.000000000000000000e+00,-3.498143977532502946e-01,1.777223353563583685e-01,-3.460668812907257141e-01,1.808963548632263885e-01,9.872459933493787573e-04,9.905997543046755893e-02,9.600000000000025180e-02,5.379999999999999227e-01,2.092084419826736180e-02,1.158537294350602542e-01,5.999999999999999778e-01,5.379999999999999227e-01,0.000000000000000000e+00,2.000000000000000111e-01
1.759835951518000000e+12,6.000000000000000000e+00,1.000000000000000000e+01,3.000000000000000000e+00,0.000000000000000000e+00,0.000000000000000000e+00,-3.460668812907257141e-01,1.808963548632263885e-01,-3.380950275909561653e-01,1.839480396967990705e-01,2.092084419826736180e-02,1.158537294350602542e-01,9.600000000000025180e-02,5.379999999999999227e-01,6.332432132470114383e-02,1.320002100359739250e-01,5.999999999999999778e-01,5.379999999999999227e-01,0.000000000000000000e+00,0.000000000000000000e+00
1.759835951723000000e+12,6.000000000000000000e+00,1.000000000000000000e+01,3.000000000000000000e+00,0.000000000000000000e+00,0.000000000000000000e+00,-3.380950275909561653e-01,1.839480396967990705e-01,-3.297964351437946973e-01,1.871218850811001422e-01,6.332432132470114383e-02,1.320002100359739250e-01,1.959999999999997300e-01,5.379999999999999227e-01,1.074657705117302298e-01,1.487930427571436121e-01,5.999999999999999778e-01,5.379999999999999227e-01,0.000000000000000000e+00,0.000000000000000000e+00
1.759835951935000000e+12,6.000000000000000000e+00,1.000000000000000000e+01,3.000000000000000000e+00,0.000000000000000000e+00,1.000000000000000000e+00,-3.297964351437946973e-01,1.871218850811001422e-01,-3.180523788482291780e-01,1.901731220481841511e-01,1.074657705117302298e-01,1.487930427571436121e-01,5.000000000000000000e-01,5.379999999999999227e-01,1.699341550626106701e-01,1.649371536940960614e-01,7.000000000000000666e-01,5.379999999999999227e-01,0.000000000000000000e+00,2.000000000000000111e-01
1.759835952145000000e+12,6.000000000000000000e+00,1.000000000000000000e+01,3.000000000000000000e+00,0.000000000000000000e+00,2.000000000000000000e+00,-3.174163013760836760e-01,1.902951393795671575e-01,-3.048767063717666148e-01,1.933461793839033049e-01,1.733175458718952400e-01,1.655827480400378915e-01,6.039999999999999813e-01,5.379999999999999227e-01,2.400175192991136630e-01,1.817258168460492429e-01,6.039999999999999813e-01,5.379999999999999227e-01,0.000000000000000000e+00,-2.000000000000000111e-01
1.759835952350000000e+12,6.000000000000000000e+00,1.000000000000000000e+01,3.000000000000000000e+00,0.000000000000000000e+00,0.000000000000000000e+00,-3.048767063717666148e-01,1.933461793839033049e-01,-2.965696572293257116e-01,1.963979783652509692e-01,2.400175192991136630e-01,1.817258168460492429e-01,5.040000000000000036e-01,5.379999999999999227e-01,2.842039509078418957e-01,1.978729014034442957e-01,6.039999999999999813e-01,5.379999999999999227e-01,0.000000000000000000e+00,0.000000000000000000e+00
1.759835952558000000e+12,6.000000000000000000e+00,1.000000000000000000e+01,3.000000000000000000e+00,0.000000000000000000e+00,1.000000000000000000e+00,-2.965696572293257116e-01,1.963979783652509692e-01,-2.841676759624120474e-01,1.995712183110488758e-01,2.842039509078418957e-01,1.978729014034442957e-01,6.079999999999999849e-01,5.379999999999999227e-01,3.501719363701485954e-01,2.146625307462903531e-01,7.039999999999999591e-01,5.379999999999999227e-01,0.000000000000000000e+00,2.000000000000000111e-01
1.759835952767000000e+12,6.000000000000000000e+00,1.000000000000000000e+01,3.000000000000000000e+00,0.000000000000000000e+00,2.000000000000000000e+00,-2.841676759624120474e-01,1.995712183110488758e-01,-2.716179535695193437e-01,2.026222332614651400e-01,3.501719363701485954e-01,2.146625307462903531e-01,7.079999999999999627e-01,5.379999999999999227e-01,4.169257788855353364e-01,2.308054669918790658e-01,6.039999999999999813e-01,5.379999999999999227e-01,0.000000000000000000e+00,-2.000000000000000111e-01
1.759835952971000000e+12,6.000000000000000000e+00,1.000000000000000000e+01,3.000000000000000000e+00,0.000000000000000000e+00,2.000000000000000000e+00,-2.716179535695193437e-01,2.026222332614651400e-01,-2.670487502797222468e-01,2.057966600654660694e-01,4.169257788855353364e-01,2.308054669918790658e-01,8.080000000000003846e-01,5.379999999999999227e-01,4.412300517036050196e-01,2.476013760077570014e-01,5.000000000000000000e-01,5.379999999999999227e-01,0.000000000000000000e+00,-2.000000000000000111e-01
1.759835953181000000e+12,6.000000000000000000e+00,1.000000000000000000e+01,3.000000000000000000e+00,0.000000000000000000e+00,1.000000000000000000e+00,-2.670487502797222468e-01,2.057966600654660694e-01,-2.632997345902007291e-01,2.088492500965897780e-01,4.412300517036050196e-01,2.476013760077570014e-01,8.120000000000002771e-01,5.379999999999999227e-01,4.611716245202088227e-01,2.637526460137025741e-01,5.999999999999999778e-01,5.379999999999999227e-01,0.000000000000000000e+00,2.000000000000000111e-01
1.759835953388000000e+12,6.000000000000000000e+00,1.000000000000000000e+01,3.000000000000000000e+00,0.000000000000000000e+00,2.000000000000000000e+00,-2.629882318549091602e-01,2.089713405588431439e-01,-2.584419842208918183e-01,2.120240096810131203e-01,4.628285539632491230e-01,2.643986272954663708e-01,8.120000000000002771e-01,5.379999999999999227e-01,4.870107222292988092e-01,2.805503157725562358e-01,5.040000000000000036e-01,5.379999999999999227e-01,0.000000000000000000e+00,-2.000000000000000111e-01
1.759835953593000000e+12,6.000000000000000000e+00,1.000000000000000000e+01,3.000000000000000000e+00,0.000000000000000000e+00,2.000000000000000000e+00,-2.584419842208918183e-01,2.120240096810131203e-01,-2.618911165446087819e-01,2.150771987075685288e-01,4.870107222292988092e-01,2.805503157725562358e-01,8.120000000000002771e-01,5.379999999999999227e-01,4.686642736988894109e-01,2.967047550665001809e-01,4.040000000000000258e-01,5.379999999999999227e-01,0.000000000000000000e+00,-2.000000000000000111e-01
1.759835953800000000e+12,6.000000000000000000e+00,1.000000000000000000e+01,3.000000000000000000e+00,0.000000000000000000e+00,1.000000000000000000e+00,-2.618911165446087819e-01,2.150771987075685288e-01,-2.664488656517661203e-01,2.182528762665335853e-01,4.686642736988894109e-01,2.967047550665001809e-01,8.120000000000002771e-01,5.379999999999999227e-01,4.444209273842227303e-01,3.135072818335110645e-01,4.960000000000000520e-01,5.379999999999999227e-01,0.000000000000000000e+00,2.000000000000000111e-01
1.759835954005000000e+12,6.000000000000000000e+00,1.000000000000000000e+01,3.000000000000000000e+00,0.000000000000000000e+00,0.000000000000000000e+00,-2.664488656517661203e-01,2.182528762665335853e-01,-2.664657380051092539e-01,2.213068157818278980e-01,4.444209273842227303e-01,3.135072818335110645e-01,8.120000000000002771e-01,5.379999999999999227e-01,4.443311808238868954e-01,3.296656919673434105e-01,5.000000000000000000e-01,5.379999999999999227e-01,0.000000000000000000e+00,0.000000000000000000e+00
1.759835954209000000e+12,6.000000000000000000e+00,1.000000000000000000e+01,3.000000000000000000e+00,0.000000000000000000e+00,0.000000000000000000e+00,-2.664657380051092539e-01,2.213068157818278980e-01,-2.664796589031173668e-01,2.243610318976927698e-01,4.443311808238868954e-01,3.296656919673434105e-01,5.000000000000000000e-01,5.379999999999999227e-01,4.442571334940564887e-01,3.458255655962580999e-01,5.000000000000000000e-01,5.379999999999999227e-01,0.000000000000000000e+00,0.000000000000000000e+00
1.759835954416000000e+12,6.000000000000000000e+00,1.000000000000000000e+01,3.000000000000000000e+00,0.000000000000000000e+00,0.000000000000000000e+00,-2.664796589031173668e-01,2.243610318976927698e-01,-2.664944370560474729e-01,2.275377370545500211e-01,4.442571334940564887e-01,3.458255655962580999e-01,5.000000000000000000e-01,5.379999999999999227e-01,4.441785262976197801e-01,3.626335293891536082e-01,5.000000000000000000e-01,5.379999999999999227e-01,0.000000000000000000e+00,0.000000000000000000e+00
1.759835954619000000e+12,6.000000000000000000e+00,1.000000000000000000e+01,3.000000000000000000e+00,0.000000000000000000e+00,1.000000000000000000e+00,-2.664944370560474729e-01,2.275377370545500211e-01,-2.627567816387829658e-01,2.305923169917641624e-01,4.441785262976197801e-01,3.626335293891536082e-01,5.000000000000000000e-01,5.379999999999999227e-01,4.640596721341331277e-01,3.787953279987522071e-01,5.999999999999999778e-01,5.379999999999999227e-01,0.000000000000000000e+00,2.000000000000000111e-01
1.759835954825000000e+12,6.000000000000000000e+00,1.000000000000000000e+01,3.000000000000000000e+00,0.000000000000000000e+00,2.000000000000000000e+00,-2.627567816387829658e-01,2.305923169917641624e-01,-2.585339212226139827e-01,2.336470296026383064e-01,4.640596721341331277e-01,3.787953279987522071e-01,5.000000000000000000e-01,5.379999999999999227e-01,4.865216956243936797e-01,3.949578285853879156e-01,5.000000000000000000e-01,5.379999999999999227e-01,0.000000000000000000e+00,-2.000000000000000111e-01
1.759835955035000000e+12,6.000000000000000000e+00,1.000000000000000000e+01,3.000000000000000000e+00,0.000000000000000000e+00,0.000000000000000000e+00,-2.585296767845959853e-01,2.337692333272628487e-01,-2.588573441498307481e-01,2.368245109655204850e-01,4.865442724223617565e-01,3.956044091389568917e-01,4.000000000000000777e-01,5.379999999999999227e-01,4.848013609051555206e-01,4.117698992884682441e-01,4.960000000000000520e-01,5.379999999999999227e-01,0.000000000000000000e+00,0.000000000000000000e+00
1.759835955243000000e+12,6.000000000000000000e+00,1.000000000000000000e+01,3.000000000000000000e+00,0.000000000000000000e+00,0.000000000000000000e+00,-2.588573441498307481e-01,2.368245109655204850e-01,-2.592051160071885407e-01,2.400023508669265615e-01,4.848013609051555206e-01,4.117698992884682441e-01,2.959999999999999853e-01,5.379999999999999227e-01,4.829515106000609181e-01,4.285838670207754997e-01,4.960000000000000520e-01,5.379999999999999227e-01,0.000000000000000000e+00,0.000000000000000000e+00
0.000000000000000000e+00,0.000000000000000000e+00,0.000000000000000000e+00,0.000000000000000000e+00,0.000000000000000000e+00,0.000000000000000000e+00,0.000000000000000000e+00,0.000000000000000000e+00,0.000000000000000000e+00,0.000000000000000000e+00,0.000000000000000000e+00,0.000000000000000000e+00,0.000000000000000000e+00,0.000000000000000000e+00,0.000000000000000000e+00,0.000000000000000000e+00,0.000000000000000000e+00,0.000000000000000000e+00,0.000000000000000000e+00,0.000000000000000000e+00
1.759835961293000000e+12,7.000000000000000000e+00,1.000000000000000000e+01,2.000000000000000000e+00,0.000000000000000000e+00,0.000000000000000000e+00,-2.592720350280363073e-01,2.406135153744625998e-01,-1.715374454336336396e-01,1.659519024902953721e-01,4.825955583615089695e-01,4.318175416638233011e-01,5.000000000000000000e-01,5.379999999999999227e-01,9.492689072679061368e-01,3.678255285870566521e-02,4.960000000000000520e-01,5.379999999999999227e-01,0.000000000000000000e+00,0.000000000000000000e+00
1.759835961502000000e+12,7.000000000000000000e+00,1.000000000000000000e+01,2.000000000000000000e+00,0.000000000000000000e+00,0.000000000000000000e+00,-1.715374454336336396e-01,1.659519024902953721e-01,-1.718594231826494623e-01,1.690000717124362506e-01,9.492689072679061368e-01,3.678255285870566521e-02,4.000000000000000777e-01,5.379999999999999227e-01,9.475562596667581605e-01,5.291043234093253944e-02,4.960000000000000520e-01,5.379999999999999227e-01,0.000000000000000000e+00,0.000000000000000000e+00
1.759835961706000000e+12,7.000000000000000000e+00,1.000000000000000000e+01,2.000000000000000000e+00,1.000000000000000056e-01,0.000000000000000000e+00,-1.718594231826494623e-01,1.690000717124362506e-01,-1.721815654396764983e-01,1.722660821315618873e-01,9.475562596667581605e-01,5.291043234093253944e-02,2.999999999999999889e-01,5.379999999999999227e-01,9.458427370229973707e-01,7.019091074900468685e-02,4.960000000000000520e-01,5.560000000000000497e-01,2.000000000000000042e-02,0.000000000000000000e+00
1.759835961919000000e+12,7.000000000000000000e+00,1.000000000000000000e+01,2.000000000000000000e+00,1.000000000000000056e-01,2.000000000000000000e+00,-1.721944492824492023e-01,1.724432282691458762e-01,-1.762782657153386112e-01,1.789700918645760475e-01,9.457742059444191884e-01,7.112819190024273486e-02,1.959999999999997300e-01,5.579999999999999405e-01,9.240517781099010231e-01,1.056618617173335911e-01,3.960000000000000187e-01,6.079999999999999849e-01,2.000000000000000042e-02,-2.000000000000000111e-01
1.759835962124000000e+12,7.000000000000000000e+00,1.000000000000000000e+01,2.000000000000000000e+00,0.000000000000000000e+00,2.000000000000000000e+00,-1.762782657153386112e-01,1.789700918645760475e-01,-1.883550242744210235e-01,1.894100635470828409e-01,9.240517781099010231e-01,1.056618617173335911e-01,1.959999999999997300e-01,6.079999999999999849e-01,8.598137006679732464e-01,1.608998071274224395e-01,2.959999999999999853e-01,6.460000000000001297e-01,0.000000000000000000e+00,-2.000000000000000111e-01
1.759835962332000000e+12,7.000000000000000000e+00,1.000000000000000000e+01,2.000000000000000000e+00,0.000000000000000000e+00,1.000000000000000000e+00,-1.890047904444533411e-01,1.898776858463040451e-01,-2.018845533606660192e-01,2.015692234804714045e-01,8.563574976358865332e-01,1.633739991867939056e-01,9.600000000000025180e-02,6.460000000000001297e-01,7.878481204219892620e-01,2.252339866691608905e-01,3.920000000000000151e-01,6.460000000000001297e-01,0.000000000000000000e+00,2.000000000000000111e-01
1.759835962540000000e+12,7.000000000000000000e+00,1.000000000000000000e+01,2.000000000000000000e+00,0.000000000000000000e+00,2.000000000000000000e+00,-2.018845533606660192e-01,2.015692234804714045e-01,-2.143276035400017987e-01,2.137294087056562930e-01,7.878481204219892620e-01,2.252339866691608905e-01,9.600000000000025180e-02,6.460000000000001297e-01,7.216616832978627327e-01,2.895735910352185138e-01,2.999999999999999889e-01,6.460000000000001297e-01,0.000000000000000000e+00,-2.000000000000000111e-01
1.759835962750000000e+12,7.000000000000000000e+00,1.000000000000000000e+01,2.000000000000000000e+00,0.000000000000000000e+00,1.000000000000000000e+00,-2.143276035400017987e-01,2.137294087056562930e-01,-2.269004233966711581e-01,2.254228243833035494e-01,7.216616832978627327e-01,2.895735910352185138e-01,1.959999999999997300e-01,6.460000000000001297e-01,6.547849819326001519e-01,3.514435152555743791e-01,3.960000000000000187e-01,6.460000000000001297e-01,0.000000000000000000e+00,2.000000000000000111e-01
1.759835962956000000e+12,7.000000000000000000e+00,1.000000000000000000e+01,2.000000000000000000e+00,0.000000000000000000e+00,1.000000000000000000e+00,-2.269004233966711581e-01,2.254228243833035494e-01,-2.314680415487124776e-01,2.371179001365265049e-01,6.547849819326001519e-01,3.514435152555743791e-01,5.000000000000000000e-01,6.460000000000001297e-01,6.304891406983378355e-01,4.133222229445847051e-01,4.960000000000000520e-01,6.460000000000001297e-01,0.000000000000000000e+00,2.000000000000000111e-01
1.759835963162000000e+12,7.000000000000000000e+00,1.000000000000000000e+01,2.000000000000000000e+00,-1.000000000000000056e-01,2.000000000000000000e+00,-2.314680415487124776e-01,2.371179001365265049e-01,-2.352599970757451309e-01,2.483282200310215626e-01,6.304891406983378355e-01,4.133222229445847051e-01,6.039999999999999813e-01,6.460000000000001297e-01,6.103191644907173252e-01,4.726360848202199594e-01,4.040000000000000258e-01,6.119999999999999885e-01,-2.000000000000000042e-02,-2.000000000000000111e-01
1.759835963369000000e+12,7.000000000000000000e+00,1.000000000000000000e+01,2.000000000000000000e+00,-1.000000000000000056e-01,2.000000000000000000e+00,-2.352599970757451309e-01,2.483282200310215626e-01,-2.470303254040605856e-01,2.552659024597968007e-01,6.103191644907173252e-01,4.726360848202199594e-01,5.040000000000000036e-01,6.099999999999999867e-01,5.477110350847840259e-01,5.093433992581841707e-01,2.999999999999999889e-01,5.599999999999999423e-01,-2.000000000000000042e-02,-2.000000000000000111e-01
1.759835963580000000e+12,7.000000000000000000e+00,1.000000000000000000e+01,2.000000000000000000e+00,-1.000000000000000056e-01,1.000000000000000000e+00,-2.470303254040605856e-01,2.552659024597968007e-01,-2.602342798989250028e-01,2.582415986287657228e-01,5.477110350847840259e-01,5.093433992581841707e-01,6.079999999999999849e-01,5.599999999999999423e-01,4.774772345801860940e-01,5.250878234326229466e-01,3.920000000000000151e-01,5.100000000000000089e-01,-2.000000000000000042e-02,2.000000000000000111e-01
1.759835963788000000e+12,7.000000000000000000e+00,1.000000000000000000e+01,2.000000000000000000e+00,0.000000000000000000e+00,1.000000000000000000e+00,-2.602342798989250028e-01,2.582415986287657228e-01,-2.648133260306849701e-01,2.582036758577809232e-01,4.774772345801860940e-01,5.250878234326229466e-01,7.079999999999999627e-01,5.080000000000000071e-01,4.531206062197607465e-01,5.248871738506927231e-01,4.960000000000000520e-01,4.979999999999999982e-01,0.000000000000000000e+00,2.000000000000000111e-01
1.759835963994000000e+12,7.000000000000000000e+00,1.000000000000000000e+01,2.000000000000000000e+00,0.000000000000000000e+00,1.000000000000000000e+00,-2.648133260306849701e-01,2.582036758577809232e-01,-2.611051111544678838e-01,2.580561267790005830e-01,4.531206062197607465e-01,5.248871738506927231e-01,8.080000000000003846e-01,4.979999999999999982e-01,4.728451534336814421e-01,5.241064908941830414e-01,5.959999999999999742e-01,4.979999999999999982e-01,0.000000000000000000e+00,2.000000000000000111e-01
1.759835964198000000e+12,7.000000000000000000e+00,1.000000000000000000e+01,2.000000000000000000e+00,0.000000000000000000e+00,2.000000000000000000e+00,-2.611051111544678838e-01,2.580561267790005830e-01,-2.568882430049644339e-01,2.579140236994759139e-01,4.728451534336814421e-01,5.241064908941830414e-01,8.120000000000002771e-01,4.979999999999999982e-01,4.952753031650827253e-01,5.233546227485498248e-01,5.000000000000000000e-01,4.979999999999999982e-01,0.000000000000000000e+00,-2.000000000000000111e-01
1.759835964404000000e+12,7.000000000000000000e+00,1.000000000000000000e+01,2.000000000000000000e+00,0.000000000000000000e+00,0.000000000000000000e+00,-2.568882430049644339e-01,2.579140236994759139e-01,-2.569015358318214037e-01,2.577720336844820381e-01,4.952753031650827253e-01,5.233546227485498248e-01,8.120000000000002771e-01,4.979999999999999982e-01,4.952045966392478182e-01,5.226033528279473428e-01,5.000000000000000000e-01,4.979999999999999982e-01,0.000000000000000000e+00,0.000000000000000000e+00
1.759835964612000000e+12,7.000000000000000000e+00,1.000000000000000000e+01,2.000000000000000000e+00,-1.000000000000000056e-01,0.000000000000000000e+00,-2.569021942275560022e-01,2.577663529657043817e-01,-2.569186186425495011e-01,2.567803181216710140e-01,4.952010945342765202e-01,5.225732961148380484e-01,8.120000000000002771e-01,4.979999999999999982e-01,4.951137306247366254e-01,5.173561805379419676e-01,5.000000000000000000e-01,4.640000000000000235e-01,-2.000000000000000042e-02,0.000000000000000000e+00
1.759835964820000000e+12,7.000000000000000000e+00,1.000000000000000000e+01,2.000000000000000000e+00,0.000000000000000000e+00,0.000000000000000000e+00,-2.569186186425495011e-01,2.567803181216710140e-01,-2.569344366799789503e-01,2.520355797653405783e-01,4.951137306247366254e-01,5.173561805379419676e-01,8.120000000000002771e-01,4.640000000000000235e-01,4.950295921277714783e-01,4.922517447901618715e-01,5.000000000000000000e-01,4.160000000000000364e-01,0.000000000000000000e+00,0.000000000000000000e+00
0.000000000000000000e+00,0.000000000000000000e+00,0.000000000000000000e+00,0.000000000000000000e+00,0.000000000000000000e+00,0.000000000000000000e+00,0.000000000000000000e+00,0.000000000000000000e+00,0.000000000000000000e+00,0.000000000000000000e+00,0.000000000000000000e+00,0.000000000000000000e+00,0.000000000000000000e+00,0.000000000000000000e+00,0.000000000000000000e+00,0.000000000000000000e+00,0.000000000000000000e+00,0.000000000000000000e+00,0.000000000000000000e+00,0.000000000000000000e+00
1.759835970753000000e+12,8.000000000000000000e+00,1.000000000000000000e+01,2.000000000000000000e+00,0.000000000000000000e+00,0.000000000000000000e+00,-2.569380708866546015e-01,2.504269247184296998e-01,-1.712312774764299383e-01,1.590166998643640084e-01,4.950102612411989011e-01,4.837403424255540263e-01,5.000000000000000000e-01,4.160000000000000364e-01,9.508974602317556979e-01,8.835907070902617106e-05,5.000000000000000000e-01,5.000000000000000000e-01,0.000000000000000000e+00,0.000000000000000000e+00
1.759835970959000000e+12,8.000000000000000000e+00,1.000000000000000000e+01,2.000000000000000000e+00,1.000000000000000056e-01,1.000000000000000000e+00,-1.712312774764299383e-01,1.590166998643640084e-01,-1.674712522898720857e-01,1.591470578090210253e-01,9.508974602317556979e-01,8.835907070902617106e-05,4.000000000000000777e-01,5.000000000000000000e-01,9.708975942028080786e-01,7.780836456138775148e-04,5.999999999999999778e-01,5.140000000000000124e-01,2.000000000000000042e-02,2.000000000000000111e-01
1.759835971166000000e+12,8.000000000000000000e+00,1.000000000000000000e+01,2.000000000000000000e+00,1.000000000000000056e-01,0.000000000000000000e+00,-1.674712522898720857e-01,1.591470578090210253e-01,-1.623154993414930303e-01,1.623573663379616894e-01,9.708975942028080786e-01,7.780836456138775148e-04,2.999999999999999889e-01,5.140000000000000124e-01,9.983218120133349194e-01,1.776384305799834709e-02,5.000000000000000000e-01,5.639999999999999458e-01,2.000000000000000042e-02,0.000000000000000000e+00
1.759835971378000000e+12,8.000000000000000000e+00,1.000000000000000000e+01,2.000000000000000000e+00,1.000000000000000056e-01,0.000000000000000000e+00,-1.623154993414930303e-01,1.623573663379616894e-01,-1.623159338753043524e-01,1.698940721941049892e-01,9.983218120133349194e-01,1.776384305799834709e-02,1.959999999999997300e-01,5.659999999999999476e-01,9.983195006632747948e-01,5.764059361960311573e-02,5.000000000000000000e-01,6.160000000000001030e-01,2.000000000000000042e-02,0.000000000000000000e+00
1.759835971585000000e+12,8.000000000000000000e+00,1.000000000000000000e+01,2.000000000000000000e+00,0.000000000000000000e+00,2.000000000000000000e+00,-1.623159338753043524e-01,1.698940721941049892e-01,-1.660729937044686799e-01,1.810041679111864810e-01,9.983195006632747948e-01,5.764059361960311573e-02,1.959999999999997300e-01,6.179999999999999938e-01,9.783351398698474366e-01,1.164241688422565230e-01,4.000000000000000777e-01,6.500000000000001332e-01,0.000000000000000000e+00,-2.000000000000000111e-01
1.759835971790000000e+12,8.000000000000000000e+00,1.000000000000000000e+01,2.000000000000000000e+00,0.000000000000000000e+00,2.000000000000000000e+00,-1.660729937044686799e-01,1.810041679111864810e-01,-1.778353364030114681e-01,1.930148326696052297e-01,9.783351398698474366e-01,1.164241688422565230e-01,9.600000000000025180e-02,6.500000000000001332e-01,9.157694872180240919e-01,1.799726596275409152e-01,2.999999999999999889e-01,6.500000000000001332e-01,0.000000000000000000e+00,-2.000000000000000111e-01
1.759835971998000000e+12,8.000000000000000000e+00,1.000000000000000000e+01,2.000000000000000000e+00,0.000000000000000000e+00,0.000000000000000000e+00,-1.778353364030114681e-01,1.930148326696052297e-01,-1.947937448051234866e-01,2.055061142001814445e-01,9.157694872180240919e-01,1.799726596275409152e-01,9.600000000000025180e-02,6.500000000000001332e-01,8.255651872067899522e-01,2.460640962972563406e-01,2.959999999999999853e-01,6.500000000000001332e-01,0.000000000000000000e+00,0.000000000000000000e+00
1.759835972207000000e+12,8.000000000000000000e+00,1.000000000000000000e+01,2.000000000000000000e+00,0.000000000000000000e+00,1.000000000000000000e+00,-1.947937448051234866e-01,2.055061142001814445e-01,-2.073548365843036478e-01,2.175186361678153324e-01,8.255651872067899522e-01,2.460640962972563406e-01,1.959999999999997300e-01,6.500000000000001332e-01,7.587508692324274051e-01,3.096224135863245297e-01,3.960000000000000187e-01,6.500000000000001332e-01,0.000000000000000000e+00,2.000000000000000111e-01
1.759835972415000000e+12,8.000000000000000000e+00,1.000000000000000000e+01,2.000000000000000000e+00,0.000000000000000000e+00,2.000000000000000000e+00,-2.073548365843036478e-01,2.175186361678153324e-01,-2.188342536573668062e-01,2.295322788320126040e-01,7.587508692324274051e-01,3.096224135863245297e-01,5.000000000000000000e-01,6.500000000000001332e-01,6.976901401203893238e-01,3.731866604868392390e-01,3.039999999999999925e-01,6.500000000000001332e-01,0.000000000000000000e+00,-2.000000000000000111e-01
1.759835972622000000e+12,8.000000000000000000e+00,1.000000000000000000e+01,2.000000000000000000e+00,-1.000000000000000056e-01,1.000000000000000000e+00,-2.194586093357912548e-01,2.300128234271067440e-01,-2.317050629958866959e-01,2.420219791128924713e-01,6.943690992777060700e-01,3.757292244820463201e-01,6.039999999999999813e-01,6.500000000000001332e-01,6.292283883197515859e-01,4.392697307560448627e-01,3.999999999999999667e-01,6.460000000000001297e-01,-2.000000000000000042e-02,2.000000000000000111e-01
1.759835972830000000e+12,8.000000000000000000e+00,1.000000000000000000e+01,2.000000000000000000e+00,-1.000000000000000056e-01,1.000000000000000000e+00,-2.317050629958866959e-01,2.420219791128924713e-01,-2.359635709253800062e-01,2.521495341441830629e-01,6.292283883197515859e-01,4.392697307560448627e-01,5.040000000000000036e-01,6.460000000000001297e-01,6.065767503969148322e-01,4.928546780115506398e-01,5.000000000000000000e-01,5.959999999999999742e-01,-2.000000000000000042e-02,2.000000000000000111e-01
1.759835973037000000e+12,8.000000000000000000e+00,1.000000000000000000e+01,2.000000000000000000e+00,-1.000000000000000056e-01,2.000000000000000000e+00,-2.359635709253800062e-01,2.521495341441830629e-01,-2.394185897669951768e-01,2.578107054348393601e-01,6.065767503969148322e-01,4.928546780115506398e-01,6.079999999999999849e-01,5.939999999999999725e-01,5.881989906010894886e-01,5.228079652637003250e-01,4.040000000000000258e-01,5.440000000000000391e-01,-2.000000000000000042e-02,-2.000000000000000111e-01
1.759835973246000000e+12,8.000000000000000000e+00,1.000000000000000000e+01,2.000000000000000000e+00,-1.000000000000000056e-01,2.000000000000000000e+00,-2.394185897669951768e-01,2.578107054348393601e-01,-2.514951467135040364e-01,2.594520823578146396e-01,5.881989906010894886e-01,5.228079652637003250e-01,7.079999999999999627e-01,5.440000000000000391e-01,5.239619855664678916e-01,5.314924992476965926e-01,2.999999999999999889e-01,4.919999999999999929e-01,-2.000000000000000042e-02,-2.000000000000000111e-01
1.759835973456000000e+12,8.000000000000000000e+00,1.000000000000000000e+01,2.000000000000000000e+00,-1.000000000000000056e-01,1.000000000000000000e+00,-2.514951467135040364e-01,2.594520823578146396e-01,-2.637486613939374336e-01,2.569505011800190530e-01,5.239619855664678916e-01,5.314924992476965926e-01,8.080000000000003846e-01,4.919999999999999929e-01,4.587837159896944739e-01,5.182566200001008649e-01,3.999999999999999667e-01,4.420000000000000040e-01,-2.000000000000000042e-02,2.000000000000000111e-01
1.759835973661000000e+12,8.000000000000000000e+00,1.000000000000000000e+01,2.000000000000000000e+00,0.000000000000000000e+00,1.000000000000000000e+00,-2.637486613939374336e-01,2.569505011800190530e-01,-2.680078222869705096e-01,2.504400711035028038e-01,4.587837159896944739e-01,5.182566200001008649e-01,8.120000000000002771e-01,4.420000000000000040e-01,4.361286048565398143e-01,4.838099000185334120e-01,5.000000000000000000e-01,4.120000000000000329e-01,0.000000000000000000e+00,2.000000000000000111e-01
1.759835973866000000e+12,8.000000000000000000e+00,1.000000000000000000e+01,2.000000000000000000e+00,0.000000000000000000e+00,0.000000000000000000e+00,-2.680078222869705096e-01,2.504400711035028038e-01,-2.677071915479940500e-01,2.434172062311920626e-01,4.361286048565398143e-01,4.838099000185334120e-01,8.120000000000002771e-01,4.120000000000000329e-01,4.377277045319464821e-01,4.466518848211220583e-01,5.040000000000000036e-01,4.120000000000000329e-01,0.000000000000000000e+00,0.000000000000000000e+00
1.759835974075000000e+12,8.000000000000000000e+00,1.000000000000000000e+01,2.000000000000000000e+00,0.000000000000000000e+00,0.000000000000000000e+00,-2.677071915479940500e-01,2.434172062311920626e-01,-2.674025623163260867e-01,2.363935090555999152e-01,4.377277045319464821e-01,4.466518848211220583e-01,8.120000000000002771e-01,4.120000000000000329e-01,4.393480727854994772e-01,4.094894659026451222e-01,5.040000000000000036e-01,4.120000000000000329e-01,0.000000000000000000e+00,0.000000000000000000e+00
1.759835974287000000e+12,8.000000000000000000e+00,1.000000000000000000e+01,2.000000000000000000e+00,0.000000000000000000e+00,0.000000000000000000e+00,-2.673903580854343209e-01,2.361125428272528581e-01,-2.670849444227607061e-01,2.290880431488120095e-01,4.394129889072642126e-01,4.080028721018670312e-01,8.120000000000002771e-01,4.120000000000000329e-01,4.410375296661663835e-01,3.708362071365715051e-01,5.040000000000000036e-01,4.120000000000000329e-01,0.000000000000000000e+00,0.000000000000000000e+00
1.759835974498000000e+12,8.000000000000000000e+00,1.000000000000000000e+01,2.000000000000000000e+00,1.000000000000000056e-01,0.000000000000000000e+00,-2.670727119265605687e-01,2.288070474345399452e-01,-2.667666010520439168e-01,2.220537860475803316e-01,4.411025961353160496e-01,3.693494573256081992e-01,8.120000000000002771e-01,4.120000000000000329e-01,4.427308454678514638e-01,3.336179155956631726e-01,5.040000000000000036e-01,4.319999999999999951e-01,2.000000000000000042e-02,0.000000000000000000e+00
1.759835974702000000e+12,8.000000000000000000e+00,1.000000000000000000e+01,2.000000000000000000e+00,1.000000000000000056e-01,0.000000000000000000e+00,-2.667666010520439168e-01,2.220537860475803316e-01,-2.664603709434705814e-01,2.185062395834357907e-01,4.427308454678514638e-01,3.336179155956631726e-01,5.000000000000000000e-01,4.319999999999999951e-01,4.443597290240925979e-01,3.148478284837872843e-01,5.040000000000000036e-01,4.819999999999999840e-01,2.000000000000000042e-02,0.000000000000000000e+00
1.759835974912000000e+12,8.000000000000000000e+00,1.000000000000000000e+01,2.000000000000000000e+00,1.000000000000000056e-01,0.000000000000000000e+00,-2.664603709434705814e-01,2.185062395834357907e-01,-2.661418517492721847e-01,2.190622117308846928e-01,4.443597290240925979e-01,3.148478284837872843e-01,5.000000000000000000e-01,4.819999999999999840e-01,4.460539800570628155e-01,3.177894800575910006e-01,5.040000000000000036e-01,5.340000000000000302e-01,2.000000000000000042e-02,0.000000000000000000e+00
1.759835975120000000e+12,8.000000000000000000e+00,1.000000000000000000e+01,2.000000000000000000e+00,1.000000000000000056e-01,0.000000000000000000e+00,-2.661418517492721847e-01,2.190622117308846928e-01,-2.658354835345390077e-01,2.236699488591780138e-01,4.460539800570628155e-01,3.177894800575910006e-01,5.000000000000000000e-01,5.340000000000000302e-01,4.476835982205371600e-01,3.421690415829524712e-01,5.040000000000000036e-01,5.839999999999999636e-01,2.000000000000000042e-02,0.000000000000000000e+00
1.759835975332000000e+12,8.000000000000000000e+00,1.000000000000000000e+01,2.000000000000000000e+00,0.000000000000000000e+00,2.000000000000000000e+00,-2.658232266628090534e-01,2.239377289403608751e-01,-2.692675882303336987e-01,2.308302233215068777e-01,4.477487943467602927e-01,3.435858674093168474e-01,5.000000000000000000e-01,5.859999999999999654e-01,4.294277221790759880e-01,3.800540916481845999e-01,4.040000000000000258e-01,5.859999999999999654e-01,0.000000000000000000e+00,-2.000000000000000111e-01
1.759835975541000000e+12,8.000000000000000000e+00,1.000000000000000000e+01,2.000000000000000000e+00,0.000000000000000000e+00,1.000000000000000000e+00,-2.692675882303336987e-01,2.308302233215068777e-01,-2.731964648567785647e-01,2.377259314493708475e-01,4.294277221790759880e-01,3.800540916481845999e-01,4.000000000000000777e-01,5.859999999999999654e-01,4.085294422511777657e-01,4.165393198379410133e-01,5.040000000000000036e-01,5.859999999999999654e-01,0.000000000000000000e+00,2.000000000000000111e-01
1.759835975746000000e+12,8.000000000000000000e+00,1.000000000000000000e+01,2.000000000000000000e+00,0.000000000000000000e+00,1.000000000000000000e+00,-2.731874994051219363e-01,2.380017773244826051e-01,-2.688162842692414234e-01,2.448979211753046226e-01,4.085771308238194122e-01,4.179988218226593499e-01,2.959999999999999853e-01,5.859999999999999654e-01,4.318282751636093875e-01,4.544863554248922410e-01,6.079999999999999849e-01,5.859999999999999654e-01,0.000000000000000000e+00,2.000000000000000111e-01
1.759835975954000000e+12,8.000000000000000000e+00,1.000000000000000000e+01,2.000000000000000000e+00,-1.000000000000000056e-01,0.000000000000000000e+00,-2.688162842692414234e-01,2.448979211753046226e-01,-2.601953949630035900e-01,2.502084933216344176e-01,4.318282751636093875e-01,4.544863554248922410e-01,3.960000000000000187e-01,5.859999999999999654e-01,4.776840693457255482e-01,4.825846207493885154e-01,6.079999999999999849e-01,5.400000000000000355e-01,-2.000000000000000042e-02,0.000000000000000000e+00
0.000000000000000000e+00,0.000000000000000000e+00,0.000000000000000000e+00,0.000000000000000000e+00,0.000000000000000000e+00,0.000000000000000000e+00,0.000000000000000000e+00,0.000000000000000000e+00,0.000000000000000000e+00,0.000000000000000000e+00,0.000000000000000000e+00,0.000000000000000000e+00,0.000000000000000000e+00,0.000000000000000000e+00,0.000000000000000000e+00,0.000000000000000000e+00,0.000000000000000000e+00,0.000000000000000000e+00,0.000000000000000000e+00,0.000000000000000000e+00
1.759836416075000000e+12,1.000000000000000000e+00,1.200000000000000000e+01,0.000000000000000000e+00,0.000000000000000000e+00,1.000000000000000000e+00,-2.545202070997897859e-01,1.590673479295916515e-01,-1.694342860077570900e-01,3.212529983628553687e-01,5.078712388309053472e-01,3.563382518076668834e-04,5.000000000000000000e-01,5.000000000000000000e-01,9.604559254906538390e-01,8.584814728193407296e-01,5.999999999999999778e-01,5.000000000000000000e-01,0.000000000000000000e+00,2.000000000000000111e-01
1.759836416282000000e+12,1.000000000000000000e+00,1.200000000000000000e+01,0.000000000000000000e+00,0.000000000000000000e+00,1.000000000000000000e+00,-1.694342860077570900e-01,3.212529983628553687e-01,-1.621972475456217588e-01,3.212779890319478193e-01,9.604559254906538390e-01,8.584814728193407296e-01,4.000000000000000777e-01,5.000000000000000000e-01,9.989508109275438974e-01,8.586136985817346412e-01,5.000000000000000000e-01,5.000000000000000000e-01,0.000000000000000000e+00,2.000000000000000111e-01
1.759836416485000000e+12,1.000000000000000000e+00,1.200000000000000000e+01,0.000000000000000000e+00,0.000000000000000000e+00,0.000000000000000000e+00,-1.621972475456217588e-01,3.212779890319478193e-01,-1.622094282955877098e-01,3.213035177223807493e-01,9.989508109275438974e-01,8.586136985817346412e-01,2.999999999999999889e-01,5.000000000000000000e-01,9.988860197043206712e-01,8.587487710178877132e-01,5.000000000000000000e-01,5.000000000000000000e-01,0.000000000000000000e+00,0.000000000000000000e+00
1.759836416693000000e+12,1.000000000000000000e+00,1.200000000000000000e+01,0.000000000000000000e+00,-1.000000000000000056e-01,1.000000000000000000e+00,-1.622099149297092924e-01,3.213045379429737003e-01,-1.622220346772464961e-01,3.200212001410047136e-01,9.988834312249506020e-01,8.587541690104429914e-01,1.959999999999997300e-01,5.000000000000000000e-01,9.988189644827314417e-01,8.519640219100779177e-01,5.000000000000000000e-01,4.579999999999999627e-01,-2.000000000000000042e-02,2.000000000000000111e-01
1.759836416902000000e+12,1.000000000000000000e+00,1.200000000000000000e+01,0.000000000000000000e+00,-1.000000000000000056e-01,1.000000000000000000e+00,-1.622220346772464961e-01,3.200212001410047136e-01,-1.622335390855667026e-01,3.148099713992658089e-01,9.988189644827314417e-01,8.519640219100779177e-01,1.959999999999997300e-01,4.579999999999999627e-01,9.987577708214537831e-01,8.243913830648985641e-01,5.000000000000000000e-01,4.080000000000000293e-01,-2.000000000000000042e-02,2.000000000000000111e-01
1.759836417108000000e+12,1.000000000000000000e+00,1.200000000000000000e+01,0.000000000000000000e+00,0.000000000000000000e+00,1.000000000000000000e+00,-1.622335390855667026e-01,3.148099713992658089e-01,-1.622440457142368675e-01,3.051494011374129012e-01,9.987577708214537831e-01,8.243913830648985641e-01,9.600000000000025180e-02,4.080000000000000293e-01,9.987018844987400890e-01,7.732772546953065040e-01,5.000000000000000000e-01,3.599999999999998757e-01,0.000000000000000000e+00,2.000000000000000111e-01
1.759836417318000000e+12,1.000000000000000000e+00,1.200000000000000000e+01,0.000000000000000000e+00,0.000000000000000000e+00,1.000000000000000000e+00,-1.622440457142368675e-01,3.051494011374129012e-01,-1.622526993053434174e-01,2.939709440390804729e-01,9.987018844987400890e-01,7.732772546953065040e-01,9.600000000000025180e-02,3.599999999999998757e-01,9.986558547588116896e-01,7.141319790427539393e-01,5.000000000000000000e-01,3.599999999999998757e-01,0.000000000000000000e+00,2.000000000000000111e-01
1.759836417525000000e+12,1.000000000000000000e+00,1.200000000000000000e+01,0.000000000000000000e+00,1.000000000000000056e-01,1.000000000000000000e+00,-1.622530217668255170e-01,2.935237675600168017e-01,-1.622606359207669491e-01,2.823484198290077685e-01,9.986541395381621777e-01,7.117659659260149319e-01,1.959999999999997300e-01,3.599999999999998757e-01,9.986136387193247366e-01,6.526371419524221729e-01,5.000000000000000000e-01,3.639999999999999347e-01,2.000000000000000042e-02,2.000000000000000111e-01
1.759836417741000000e+12,1.000000000000000000e+00,1.200000000000000000e+01,0.000000000000000000e+00,1.000000000000000056e-01,1.000000000000000000e+00,-1.622606359207669491e-01,2.823484198290077685e-01,-1.622681803737506256e-01,2.730907667357049262e-01,9.986136387193247366e-01,6.526371419524221729e-01,5.000000000000000000e-01,3.639999999999999347e-01,9.985735086502626201e-01,6.036548504534653414e-01,5.000000000000000000e-01,4.160000000000000364e-01,2.000000000000000042e-02,2.000000000000000111e-01
1.759836417947000000e+12,1.000000000000000000e+00,1.200000000000000000e+01,0.000000000000000000e+00,1.000000000000000056e-01,0.000000000000000000e+00,-1.622681803737506256e-01,2.730907667357049262e-01,-1.622755723040943399e-01,2.682650245186391502e-01,9.985735086502626201e-01,6.036548504534653414e-01,6.039999999999999813e-01,4.160000000000000364e-01,9.985341898718386178e-01,5.781218228499426237e-01,5.000000000000000000e-01,4.660000000000000253e-01,2.000000000000000042e-02,0.000000000000000000e+00
1.759836418158000000e+12,1.000000000000000000e+00,1.200000000000000000e+01,0.000000000000000000e+00,0.000000000000000000e+00,2.000000000000000000e+00,-1.622758709336187266e-01,2.681553117852046864e-01,-1.660338126253406432e-01,2.669282081652982752e-01,9.985326014169216835e-01,5.775413321968502212e-01,5.040000000000000036e-01,4.660000000000000253e-01,9.785435498652094166e-01,5.710487204513137183e-01,4.040000000000000258e-01,4.899999999999999911e-01,0.000000000000000000e+00,-2.000000000000000111e-01
1.759836418365000000e+12,1.000000000000000000e+00,1.200000000000000000e+01,0.000000000000000000e+00,0.000000000000000000e+00,0.000000000000000000e+00,-1.660338126253406432e-01,2.669282081652982752e-01,-1.740370907970132941e-01,2.661447208988789725e-01,9.785435498652094166e-01,5.710487204513137183e-01,6.079999999999999849e-01,4.899999999999999911e-01,9.359729212924825514e-01,5.669032851792539240e-01,4.000000000000000777e-01,4.899999999999999911e-01,0.000000000000000000e+00,0.000000000000000000e+00
1.759836418574000000e+12,1.000000000000000000e+00,1.200000000000000000e+01,0.000000000000000000e+00,0.000000000000000000e+00,2.000000000000000000e+00,-1.740370907970132941e-01,2.661447208988789725e-01,-1.861311651489906127e-01,2.653292674443187837e-01,9.359729212924825514e-01,5.669032851792539240e-01,7.079999999999999627e-01,4.899999999999999911e-01,8.716427385691988272e-01,5.625887166366073666e-01,2.999999999999999889e-01,4.899999999999999911e-01,0.000000000000000000e+00,-2.000000000000000111e-01
1.759836418777000000e+12,1.000000000000000000e+00,1.200000000000000000e+01,0.000000000000000000e+00,-1.000000000000000056e-01,1.000000000000000000e+00,-1.861311651489906127e-01,2.653292674443187837e-01,-1.983812704325826903e-01,2.644196335947638921e-01,8.716427385691988272e-01,5.625887166366073666e-01,8.080000000000003846e-01,4.899999999999999911e-01,8.064826040820070041e-01,5.577758391257349180e-01,3.999999999999999667e-01,4.760000000000000342e-01,-2.000000000000000042e-02,2.000000000000000111e-01
1.759836418986000000e+12,1.000000000000000000e+00,1.200000000000000000e+01,0.000000000000000000e+00,-1.000000000000000056e-01,2.000000000000000000e+00,-1.983812704325826903e-01,2.644196335947638921e-01,-2.107922252602342506e-01,2.604026350449659688e-01,8.064826040820070041e-01,5.577758391257349180e-01,8.120000000000002771e-01,4.760000000000000342e-01,7.404668869136475928e-01,5.365218785447934957e-01,2.999999999999999889e-01,4.260000000000000453e-01,-2.000000000000000042e-02,-2.000000000000000111e-01
1.759836419194000000e+12,1.000000000000000000e+00,1.200000000000000000e+01,0.000000000000000000e+00,0.000000000000000000e+00,0.000000000000000000e+00,-2.107922252602342506e-01,2.604026350449659688e-01,-2.271200652518123864e-01,2.535243108715475313e-01,7.404668869136475928e-01,5.365218785447934957e-01,8.120000000000002771e-01,4.240000000000000435e-01,6.536166741924872570e-01,5.001286289499869975e-01,2.959999999999999853e-01,4.120000000000000329e-01,0.000000000000000000e+00,0.000000000000000000e+00
1.759836419406000000e+12,1.000000000000000000e+00,1.200000000000000000e+01,0.000000000000000000e+00,1.000000000000000056e-01,0.000000000000000000e+00,-2.271200652518123864e-01,2.535243108715475313e-01,-2.441057292052559724e-01,2.466212530380558210e-01,6.536166741924872570e-01,5.001286289499869975e-01,8.120000000000002771e-01,4.120000000000000329e-01,5.632673978443830665e-01,4.636045134288668268e-01,2.959999999999999853e-01,4.360000000000000542e-01,2.000000000000000042e-02,0.000000000000000000e+00
1.759836419620000000e+12,1.000000000000000000e+00,1.200000000000000000e+01,0.000000000000000000e+00,0.000000000000000000e+00,1.000000000000000000e+00,-2.447590674916542419e-01,2.464138076527588594e-01,-2.573285807186621588e-01,2.433437693786501266e-01,5.597921941933284851e-01,4.625069187976659779e-01,8.120000000000002771e-01,4.360000000000000542e-01,4.929330812837118825e-01,4.462633300457679031e-01,3.960000000000000187e-01,4.839999999999999858e-01,0.000000000000000000e+00,2.000000000000000111e-01
0.000000000000000000e+00,0.000000000000000000e+00,0.000000000000000000e+00,0.000000000000000000e+00,0.000000000000000000e+00,0.000000000000000000e+00,0.000000000000000000e+00,0.000000000000000000e+00,0.000000000000000000e+00,0.000000000000000000e+00,0.000000000000000000e+00,0.000000000000000000e+00,0.000000000000000000e+00,0.000000000000000000e+00,0.000000000000000000e+00,0.000000000000000000e+00,0.000000000000000000e+00,0.000000000000000000e+00,0.000000000000000000e+00,0.000000000000000000e+00
1.759836425563000000e+12,2.000000000000000000e+00,1.200000000000000000e+01,2.000000000000000000e+00,0.000000000000000000e+00,1.000000000000000000e+00,-2.588900021695291764e-01,2.430909144588115078e-01,-1.738271853698068470e-01,1.618387608794509547e-01,4.846276480344192117e-01,4.449254733270450735e-01,5.000000000000000000e-01,4.839999999999999858e-01,9.370894395223040574e-01,1.501989883307382374e-02,5.160000000000000142e-01,4.839999999999999858e-01,0.000000000000000000e+00,2.000000000000000111e-01
1.759836425773000000e+12,2.000000000000000000e+00,1.200000000000000000e+01,2.000000000000000000e+00,1.000000000000000056e-01,1.000000000000000000e+00,-1.738271853698068470e-01,1.618387608794509547e-01,-1.687954236892094118e-01,1.620076297368866769e-01,9.370894395223040574e-01,1.501989883307382374e-02,4.000000000000000777e-01,4.839999999999999858e-01,9.638541293127159681e-01,1.591338485125224841e-02,6.159999999999999920e-01,5.279999999999999138e-01,2.000000000000000042e-02,2.000000000000000111e-01
1.759836425983000000e+12,2.000000000000000000e+00,1.200000000000000000e+01,2.000000000000000000e+00,1.000000000000000056e-01,1.000000000000000000e+00,-1.687954236892094118e-01,1.620076297368866769e-01,-1.623469254873934342e-01,1.663786396608797902e-01,9.638541293127159681e-01,1.591338485125224841e-02,2.999999999999999889e-01,5.279999999999999138e-01,9.981546516628009291e-01,3.904042148613644930e-02,5.000000000000000000e-01,5.799999999999999600e-01,2.000000000000000042e-02,2.000000000000000111e-01
1.759836426193000000e+12,2.000000000000000000e+00,1.200000000000000000e+01,2.000000000000000000e+00,0.000000000000000000e+00,0.000000000000000000e+00,-1.623469254873934342e-01,1.663786396608797902e-01,-1.623473693720718924e-01,1.744978600444911376e-01,9.981546516628009291e-01,3.904042148613644930e-02,1.959999999999997300e-01,5.799999999999999600e-01,9.981522905740857210e-01,8.199925949466210784e-02,5.000000000000000000e-01,6.140000000000001013e-01,0.000000000000000000e+00,0.000000000000000000e+00
1.759836426399000000e+12,2.000000000000000000e+00,1.200000000000000000e+01,2.000000000000000000e+00,0.000000000000000000e+00,2.000000000000000000e+00,-1.623473693720718924e-01,1.744978600444911376e-01,-1.664238152861688969e-01,1.839927905034567934e-01,9.981522905740857210e-01,8.199925949466210784e-02,1.959999999999997300e-01,6.140000000000001013e-01,9.764690676267612224e-01,1.322369867907766949e-01,4.000000000000000777e-01,6.140000000000001013e-01,0.000000000000000000e+00,-2.000000000000000111e-01
1.759836426605000000e+12,2.000000000000000000e+00,1.200000000000000000e+01,2.000000000000000000e+00,0.000000000000000000e+00,0.000000000000000000e+00,-1.664238152861688969e-01,1.839927905034567934e-01,-1.747448890272715327e-01,1.931230967551593458e-01,9.764690676267612224e-01,1.322369867907766949e-01,9.600000000000025180e-02,6.140000000000001013e-01,9.322080370889812562e-01,1.805454854770335849e-01,3.960000000000000187e-01,6.140000000000001013e-01,0.000000000000000000e+00,0.000000000000000000e+00
1.759836426811000000e+12,2.000000000000000000e+00,1.200000000000000000e+01,2.000000000000000000e+00,0.000000000000000000e+00,2.000000000000000000e+00,-1.747448890272715327e-01,1.931230967551593458e-01,-1.871621023453093891e-01,2.026188834947807993e-01,9.322080370889812562e-01,1.805454854770335849e-01,9.600000000000025180e-02,6.140000000000001013e-01,8.661590300781415452e-01,2.307877433586285887e-01,2.999999999999999889e-01,6.140000000000001013e-01,0.000000000000000000e+00,-2.000000000000000111e-01
1.759836427019000000e+12,2.000000000000000000e+00,1.200000000000000000e+01,2.000000000000000000e+00,0.000000000000000000e+00,0.000000000000000000e+00,-1.871621023453093891e-01,2.026188834947807993e-01,-2.034851576360561243e-01,2.117495758253759297e-01,8.661590300781415452e-01,2.307877433586285887e-01,1.959999999999997300e-01,6.140000000000001013e-01,7.793342678933184997e-01,2.790982847903488717e-01,2.959999999999999853e-01,6.140000000000001013e-01,0.000000000000000000e+00,0.000000000000000000e+00
1.759836427234000000e+12,2.000000000000000000e+00,1.200000000000000000e+01,2.000000000000000000e+00,0.000000000000000000e+00,1.000000000000000000e+00,-2.034851576360561243e-01,2.117495758253759297e-01,-2.166978629184621030e-01,2.212472657141492105e-01,7.793342678933184997e-01,2.790982847903488717e-01,5.000000000000000000e-01,6.140000000000001013e-01,7.090539206464782085e-01,3.293506122441757777e-01,3.960000000000000187e-01,6.140000000000001013e-01,0.000000000000000000e+00,2.000000000000000111e-01
1.759836427440000000e+12,2.000000000000000000e+00,1.200000000000000000e+01,2.000000000000000000e+00,-1.000000000000000056e-01,2.000000000000000000e+00,-2.166978629184621030e-01,2.212472657141492105e-01,-2.287870999027007413e-01,2.297325829290177424e-01,7.090539206464782085e-01,3.293506122441757777e-01,6.039999999999999813e-01,6.140000000000001013e-01,6.447494686026555843e-01,3.742464705239034184e-01,2.959999999999999853e-01,5.839999999999999636e-01,-2.000000000000000042e-02,-2.000000000000000111e-01
1.759836427650000000e+12,2.000000000000000000e+00,1.200000000000000000e+01,2.000000000000000000e+00,-1.000000000000000056e-01,1.000000000000000000e+00,-2.294371324337323714e-01,2.300034964869945853e-01,-2.423176656578294175e-01,2.346947391915526482e-01,6.412918487567427217e-01,3.756798755925639943e-01,5.040000000000000036e-01,5.839999999999999636e-01,5.727783741604818291e-01,4.005012655637706920e-01,3.920000000000000151e-01,5.320000000000000284e-01,-2.000000000000000042e-02,2.000000000000000111e-01
1.759836427856000000e+12,2.000000000000000000e+00,1.200000000000000000e+01,2.000000000000000000e+00,0.000000000000000000e+00,1.000000000000000000e+00,-2.423176656578294175e-01,2.346947391915526482e-01,-2.472250187826050272e-01,2.368337307914754053e-01,5.727783741604818291e-01,4.005012655637706920e-01,6.079999999999999849e-01,5.320000000000000284e-01,5.466754320074200812e-01,4.118186814363778425e-01,4.919999999999999929e-01,5.260000000000000231e-01,0.000000000000000000e+00,2.000000000000000111e-01
0.000000000000000000e+00,0.000000000000000000e+00,0.000000000000000000e+00,0.000000000000000000e+00,0.000000000000000000e+00,0.000000000000000000e+00,0.000000000000000000e+00,0.000000000000000000e+00,0.000000000000000000e+00,0.000000000000000000e+00,0.000000000000000000e+00,0.000000000000000000e+00,0.000000000000000000e+00,0.000000000000000000e+00,0.000000000000000000e+00,0.000000000000000000e+00,0.000000000000000000e+00,0.000000000000000000e+00,0.000000000000000000e+00,0.000000000000000000e+00
1.759836433878000000e+12,3.000000000000000000e+00,1.200000000000000000e+01,3.000000000000000000e+00,0.000000000000000000e+00,2.000000000000000000e+00,-2.472548704575247558e-01,2.372528037244334420e-01,-3.355051449076295045e-01,1.644678661482216475e-01,5.465166465025278475e-01,4.140359985419759248e-01,5.000000000000000000e-01,5.260000000000000231e-01,7.710029304452380161e-02,2.893050872074945032e-02,4.119999999999999774e-01,5.260000000000000231e-01,0.000000000000000000e+00,-2.000000000000000111e-01
1.759836434087000000e+12,3.000000000000000000e+00,1.200000000000000000e+01,3.000000000000000000e+00,1.000000000000000056e-01,2.000000000000000000e+00,-3.355051449076295045e-01,1.644678661482216475e-01,-3.463167031761371084e-01,1.674003004895861235e-01,7.710029304452380161e-02,2.893050872074945032e-02,4.000000000000000777e-01,5.260000000000000231e-01,1.959200438224930826e-02,4.444603433643450757e-02,3.120000000000000551e-01,5.599999999999999423e-01,2.000000000000000042e-02,-2.000000000000000111e-01
1.759836434295000000e+12,3.000000000000000000e+00,1.200000000000000000e+01,3.000000000000000000e+00,1.000000000000000056e-01,0.000000000000000000e+00,-3.463167031761371084e-01,1.674003004895861235e-01,-3.494165454091403555e-01,1.740902789206318912e-01,1.959200438224930826e-02,4.444603433643450757e-02,2.999999999999999889e-01,5.599999999999999423e-01,3.103481866274586734e-03,7.984274561180894347e-02,5.000000000000000000e-01,6.099999999999999867e-01,2.000000000000000042e-02,0.000000000000000000e+00
1.759836434500000000e+12,3.000000000000000000e+00,1.200000000000000000e+01,3.000000000000000000e+00,0.000000000000000000e+00,1.000000000000000000e+00,-3.494174143885233619e-01,1.744419601905319583e-01,-3.456792950212425608e-01,1.844467728277004726e-01,3.098859635513914745e-03,8.170349307159766039e-02,1.959999999999997300e-01,6.099999999999999867e-01,2.298247329126286084e-02,1.346390096703728723e-01,5.999999999999999778e-01,6.280000000000000027e-01,0.000000000000000000e+00,2.000000000000000111e-01
1.759836434712000000e+12,3.000000000000000000e+00,1.200000000000000000e+01,3.000000000000000000e+00,0.000000000000000000e+00,0.000000000000000000e+00,-3.456792950212425608e-01,1.844467728277004726e-01,-3.377041362351308473e-01,1.946988938920061474e-01,2.298247329126286084e-02,1.346390096703728723e-01,1.959999999999997300e-01,6.280000000000000027e-01,6.540353066419751782e-02,1.888830364656410021e-01,5.999999999999999778e-01,6.280000000000000027e-01,0.000000000000000000e+00,0.000000000000000000e+00
1.759836434919000000e+12,3.000000000000000000e+00,1.200000000000000000e+01,3.000000000000000000e+00,0.000000000000000000e+00,1.000000000000000000e+00,-3.377041362351308473e-01,1.946988938920061474e-01,-3.256395238183503738e-01,2.053610865999894175e-01,6.540353066419751782e-02,1.888830364656410021e-01,9.600000000000025180e-02,6.280000000000000027e-01,1.295770009662213229e-01,2.452967544972985137e-01,6.959999999999999520e-01,6.280000000000000027e-01,0.000000000000000000e+00,2.000000000000000111e-01
1.759836435127000000e+12,3.000000000000000000e+00,1.200000000000000000e+01,3.000000000000000000e+00,0.000000000000000000e+00,0.000000000000000000e+00,-3.256395238183503738e-01,2.053610865999894175e-01,-3.096620767891520298e-01,2.156127281928136297e-01,1.295770009662213229e-01,2.452967544972985137e-01,9.600000000000025180e-02,6.280000000000000027e-01,2.145634213342976215e-01,2.995382444064213501e-01,7.000000000000000666e-01,6.280000000000000027e-01,0.000000000000000000e+00,0.000000000000000000e+00
1.759836435335000000e+12,3.000000000000000000e+00,1.200000000000000000e+01,3.000000000000000000e+00,0.000000000000000000e+00,2.000000000000000000e+00,-3.096620767891520298e-01,2.156127281928136297e-01,-2.967975695930602509e-01,2.262761883774825344e-01,2.145634213342976215e-01,2.995382444064213501e-01,1.959999999999997300e-01,6.280000000000000027e-01,2.829916511007432578e-01,3.559586686639287789e-01,6.039999999999999813e-01,6.280000000000000027e-01,0.000000000000000000e+00,-2.000000000000000111e-01
1.759836435546000000e+12,3.000000000000000000e+00,1.200000000000000000e+01,3.000000000000000000e+00,-1.000000000000000056e-01,1.000000000000000000e+00,-2.967975695930602509e-01,2.262761883774825344e-01,-2.850469111280489742e-01,2.365145654509605566e-01,2.829916511007432578e-01,3.559586686639287789e-01,5.000000000000000000e-01,6.280000000000000027e-01,3.454951535742075142e-01,4.101299759310083060e-01,7.000000000000000666e-01,6.219999999999999973e-01,-2.000000000000000042e-02,2.000000000000000111e-01
1.759836435753000000e+12,3.000000000000000000e+00,1.200000000000000000e+01,3.000000000000000000e+00,-1.000000000000000056e-01,2.000000000000000000e+00,-2.850469111280489742e-01,2.365145654509605566e-01,-2.718739461878285080e-01,2.446436509634780099e-01,3.454951535742075142e-01,4.101299759310083060e-01,6.039999999999999813e-01,6.219999999999999973e-01,4.155641160221887342e-01,4.531410103887725804e-01,6.079999999999999849e-01,5.719999999999999529e-01,-2.000000000000000042e-02,-2.000000000000000111e-01
1.759836435962000000e+12,3.000000000000000000e+00,1.200000000000000000e+01,3.000000000000000000e+00,0.000000000000000000e+00,0.000000000000000000e+00,-2.718739461878285080e-01,2.446436509634780099e-01,-2.635672694713303565e-01,2.489439352176236186e-01,4.155641160221887342e-01,4.531410103887725804e-01,5.040000000000000036e-01,5.699999999999999512e-01,4.597485666418597572e-01,4.758938371302837700e-01,6.039999999999999813e-01,5.479999999999999316e-01,0.000000000000000000e+00,0.000000000000000000e+00
1.759836436173000000e+12,3.000000000000000000e+00,1.200000000000000000e+01,3.000000000000000000e+00,0.000000000000000000e+00,0.000000000000000000e+00,-2.632351185823522122e-01,2.490981926611025299e-01,-2.549309378743628285e-01,2.529547260001525077e-01,4.615153266896158679e-01,4.767100140799075958e-01,6.079999999999999849e-01,5.479999999999999316e-01,5.056865006682828012e-01,4.971149523817593452e-01,6.039999999999999813e-01,5.479999999999999316e-01,0.000000000000000000e+00,0.000000000000000000e+00
0.000000000000000000e+00,0.000000000000000000e+00,0.000000000000000000e+00,0.000000000000000000e+00,0.000000000000000000e+00,0.000000000000000000e+00,0.000000000000000000e+00,0.000000000000000000e+00,0.000000000000000000e+00,0.000000000000000000e+00,0.000000000000000000e+00,0.000000000000000000e+00,0.000000000000000000e+00,0.000000000000000000e+00,0.000000000000000000e+00,0.000000000000000000e+00,0.000000000000000000e+00,0.000000000000000000e+00,0.000000000000000000e+00,0.000000000000000000e+00
1.759836442178000000e+12,4.000000000000000000e+00,1.200000000000000000e+01,2.000000000000000000e+00,0.000000000000000000e+00,2.000000000000000000e+00,-2.529378271531713129e-01,2.538803275254713498e-01,-1.670683025407597444e-01,1.666962435960210320e-01,5.162881534405781014e-01,5.020123149495838710e-01,5.000000000000000000e-01,5.479999999999999316e-01,9.730409439321290321e-01,4.072086558741286333e-02,5.040000000000000036e-01,5.479999999999999316e-01,0.000000000000000000e+00,-2.000000000000000111e-01
1.759836442387000000e+12,4.000000000000000000e+00,1.200000000000000000e+01,2.000000000000000000e+00,1.000000000000000056e-01,0.000000000000000000e+00,-1.670683025407597444e-01,1.666962435960210320e-01,-1.667448179601100922e-01,1.722734573780236034e-01,9.730409439321290321e-01,4.072086558741286333e-02,4.000000000000000777e-01,5.479999999999999316e-01,9.747616065951590913e-01,7.022993321705610359e-02,5.040000000000000036e-01,5.959999999999999742e-01,2.000000000000000042e-02,0.000000000000000000e+00
1.759836442593000000e+12,4.000000000000000000e+00,1.200000000000000000e+01,2.000000000000000000e+00,1.000000000000000056e-01,2.000000000000000000e+00,-1.667448179601100922e-01,1.722734573780236034e-01,-1.701827373567027513e-01,1.818393209680064793e-01,9.747616065951590913e-01,7.022993321705610359e-02,2.999999999999999889e-01,5.959999999999999742e-01,9.564748012941343136e-01,1.208429680846903748e-01,4.040000000000000258e-01,6.460000000000001297e-01,2.000000000000000042e-02,-2.000000000000000111e-01
1.759836442797000000e+12,4.000000000000000000e+00,1.200000000000000000e+01,2.000000000000000000e+00,0.000000000000000000e+00,2.000000000000000000e+00,-1.704867945893281944e-01,1.823053520211108669e-01,-1.822414976049719360e-01,1.941545698104841511e-01,9.548574755886798382e-01,1.233087408524384532e-01,1.959999999999997300e-01,6.460000000000001297e-01,8.923324595480216503e-01,1.860030148702865316e-01,2.999999999999999889e-01,6.480000000000000204e-01,0.000000000000000000e+00,-2.000000000000000111e-01
1.759836443006000000e+12,4.000000000000000000e+00,1.200000000000000000e+01,2.000000000000000000e+00,-1.000000000000000056e-01,1.000000000000000000e+00,-1.822414976049719360e-01,1.941545698104841511e-01,-1.944906378209295128e-01,2.059197792044723807e-01,8.923324595480216503e-01,1.860030148702865316e-01,1.959999999999997300e-01,6.480000000000000204e-01,8.271774583993111163e-01,2.482528000236634003e-01,3.999999999999999667e-01,6.360000000000001208e-01,-2.000000000000000042e-02,2.000000000000000111e-01
1.759836443218000000e+12,4.000000000000000000e+00,1.200000000000000000e+01,2.000000000000000000e+00,-1.000000000000000056e-01,2.000000000000000000e+00,-1.948140329187460495e-01,2.063570746617443274e-01,-2.062619598232168228e-01,2.152097988271211570e-01,8.254572717087975686e-01,2.505665326018218786e-01,9.600000000000025180e-02,6.360000000000001208e-01,7.645640434935275787e-01,2.974063430006410602e-01,3.080000000000000515e-01,5.859999999999999654e-01,-2.000000000000000042e-02,-2.000000000000000111e-01
1.759836443427000000e+12,4.000000000000000000e+00,1.200000000000000000e+01,2.000000000000000000e+00,0.000000000000000000e+00,1.000000000000000000e+00,-2.062619598232168228e-01,2.152097988271211570e-01,-2.191300058707504883e-01,2.201734252788371538e-01,7.645640434935275787e-01,2.974063430006410602e-01,9.600000000000025180e-02,5.839999999999999636e-01,6.961169900491994689e-01,3.236689168192442567e-01,3.960000000000000187e-01,5.340000000000000302e-01,0.000000000000000000e+00,2.000000000000000111e-01
1.759836443633000000e+12,4.000000000000000000e+00,1.200000000000000000e+01,2.000000000000000000e+00,0.000000000000000000e+00,2.000000000000000000e+00,-2.191300058707504883e-01,2.201734252788371538e-01,-2.308997786076372738e-01,2.229057700899217120e-01,6.961169900491994689e-01,3.236689168192442567e-01,1.959999999999997300e-01,5.340000000000000302e-01,6.335118159168230401e-01,3.381257676715435090e-01,2.999999999999999889e-01,5.340000000000000302e-01,0.000000000000000000e+00,-2.000000000000000111e-01
1.759836443840000000e+12,4.000000000000000000e+00,1.200000000000000000e+01,2.000000000000000000e+00,1.000000000000000056e-01,1.000000000000000000e+00,-2.308997786076372738e-01,2.229057700899217120e-01,-2.431461999340835123e-01,2.265882838556985690e-01,6.335118159168230401e-01,3.381257676715435090e-01,5.000000000000000000e-01,5.340000000000000302e-01,5.683712769463642456e-01,3.576099674904686387e-01,3.999999999999999667e-01,5.699999999999999512e-01,2.000000000000000042e-02,2.000000000000000111e-01
1.759836444045000000e+12,4.000000000000000000e+00,1.200000000000000000e+01,2.000000000000000000e+00,0.000000000000000000e+00,1.000000000000000000e+00,-2.431461999340835123e-01,2.265882838556985690e-01,-2.474114219080302268e-01,2.338156556525326779e-01,5.683712769463642456e-01,3.576099674904686387e-01,6.039999999999999813e-01,5.699999999999999512e-01,5.456839260211158171e-01,3.958500299075803364e-01,5.040000000000000036e-01,5.919999999999999707e-01,0.000000000000000000e+00,2.000000000000000111e-01
1.759836444256000000e+12,4.000000000000000000e+00,1.200000000000000000e+01,2.000000000000000000e+00,0.000000000000000000e+00,2.000000000000000000e+00,-2.474114219080302268e-01,2.338156556525326779e-01,-2.508674127780635699e-01,2.411912605211520011e-01,5.456839260211158171e-01,3.958500299075803364e-01,5.040000000000000036e-01,5.919999999999999707e-01,5.273009958613639192e-01,4.348743942918095740e-01,4.040000000000000258e-01,5.919999999999999707e-01,0.000000000000000000e+00,-2.000000000000000111e-01
1.759836444463000000e+12,4.000000000000000000e+00,1.200000000000000000e+01,2.000000000000000000e+00,0.000000000000000000e+00,1.000000000000000000e+00,-2.511719499100865116e-01,2.414862931234115495e-01,-2.554165238237663393e-01,2.488628138958033365e-01,5.256811174995398295e-01,4.364354133513839162e-01,6.079999999999999849e-01,5.919999999999999707e-01,5.031035966820939231e-01,4.754646237873192960e-01,5.000000000000000000e-01,5.919999999999999707e-01,0.000000000000000000e+00,2.000000000000000111e-01
0.000000000000000000e+00,0.000000000000000000e+00,0.000000000000000000e+00,0.000000000000000000e+00,0.000000000000000000e+00,0.000000000000000000e+00,0.000000000000000000e+00,0.000000000000000000e+00,0.000000000000000000e+00,0.000000000000000000e+00,0.000000000000000000e+00,0.000000000000000000e+00,0.000000000000000000e+00,0.000000000000000000e+00,0.000000000000000000e+00,0.000000000000000000e+00,0.000000000000000000e+00,0.000000000000000000e+00,0.000000000000000000e+00,0.000000000000000000e+00
1.759836450523000000e+12,5.000000000000000000e+00,1.200000000000000000e+01,1.000000000000000000e+00,-1.000000000000000056e-01,2.000000000000000000e+00,-2.553106720243365491e-01,2.503382324740517917e-01,-3.348185141920382857e-01,3.264266343015270189e-01,5.036666381684226090e-01,4.832710712912793860e-01,5.000000000000000000e-01,5.919999999999999707e-01,8.075258408490262885e-02,8.858552079445874972e-01,4.239999999999999880e-01,5.440000000000000391e-01,-2.000000000000000042e-02,-2.000000000000000111e-01
1.759836450730000000e+12,5.000000000000000000e+00,1.200000000000000000e+01,1.000000000000000000e+00,-1.000000000000000056e-01,2.000000000000000000e+00,-3.348185141920382857e-01,3.264266343015270189e-01,-3.450184974633989099e-01,3.279458920523221632e-01,8.075258408490262885e-02,8.858552079445874972e-01,4.000000000000000777e-01,5.420000000000000373e-01,2.649735391809079216e-02,8.938936087424453891e-01,3.200000000000000622e-01,4.919999999999999929e-01,-2.000000000000000042e-02,-2.000000000000000111e-01
1.759836450938000000e+12,5.000000000000000000e+00,1.200000000000000000e+01,1.000000000000000000e+00,-1.000000000000000056e-01,1.000000000000000000e+00,-3.450184974633989099e-01,3.279458920523221632e-01,-3.484467173990889455e-01,3.254667128778294116e-01,2.649735391809079216e-02,8.938936087424453891e-01,2.999999999999999889e-01,4.919999999999999929e-01,8.262141494207619896e-03,8.807762586128541349e-01,5.640000000000000568e-01,4.420000000000000040e-01,-2.000000000000000042e-02,2.000000000000000111e-01
1.759836451142000000e+12,5.000000000000000000e+00,1.200000000000000000e+01,1.000000000000000000e+00,0.000000000000000000e+00,1.000000000000000000e+00,-3.482470371973665491e-01,3.252842622165126318e-01,-3.390979706820048678e-01,3.186600130263259611e-01,9.324270226773559087e-03,8.798109111984796504e-01,1.959999999999997300e-01,4.420000000000000040e-01,5.798951764891016603e-02,8.447619736842644222e-01,6.679999999999999272e-01,3.960000000000000187e-01,0.000000000000000000e+00,2.000000000000000111e-01
1.759836451349000000e+12,5.000000000000000000e+00,1.200000000000000000e+01,1.000000000000000000e+00,0.000000000000000000e+00,1.000000000000000000e+00,-3.390979706820048678e-01,3.186600130263259611e-01,-3.219404652255847266e-01,3.103682026568598262e-01,5.798951764891016603e-02,8.447619736842644222e-01,1.959999999999997300e-01,3.960000000000000187e-01,1.492528445447620089e-01,8.008899611474066260e-01,7.680000000000001270e-01,3.960000000000000187e-01,0.000000000000000000e+00,2.000000000000000111e-01
1.759836451555000000e+12,5.000000000000000000e+00,1.200000000000000000e+01,1.000000000000000000e+00,0.000000000000000000e+00,1.000000000000000000e+00,-3.219404652255847266e-01,3.103682026568598262e-01,-2.967714932717954168e-01,3.020700778475989834e-01,1.492528445447620089e-01,8.008899611474066260e-01,9.600000000000025180e-02,3.960000000000000187e-01,2.831303549372583550e-01,7.569845388761852201e-01,8.679999999999999938e-01,3.960000000000000187e-01,0.000000000000000000e+00,2.000000000000000111e-01
1.759836451763000000e+12,5.000000000000000000e+00,1.200000000000000000e+01,1.000000000000000000e+00,0.000000000000000000e+00,1.000000000000000000e+00,-2.955964904673771265e-01,3.017380227831705231e-01,-2.621083638714261088e-01,2.934330183432182215e-01,2.893803698543769287e-01,7.552276337733890843e-01,9.600000000000025180e-02,3.960000000000000187e-01,4.675087028115632037e-01,7.112858113397790838e-01,9.719999999999993090e-01,3.960000000000000187e-01,0.000000000000000000e+00,2.000000000000000111e-01
1.759836451967000000e+12,5.000000000000000000e+00,1.200000000000000000e+01,1.000000000000000000e+00,0.000000000000000000e+00,1.000000000000000000e+00,-2.621083638714261088e-01,2.934330183432182215e-01,-2.225076539830683486e-01,2.851218967103444357e-01,4.675087028115632037e-01,7.112858113397790838e-01,1.959999999999997300e-01,3.960000000000000187e-01,6.781507766858065889e-01,6.673116228060552713e-01,1.000000007450580597e+00,3.960000000000000187e-01,0.000000000000000000e+00,2.000000000000000111e-01
1.759836452172000000e+12,5.000000000000000000e+00,1.200000000000000000e+01,1.000000000000000000e+00,0.000000000000000000e+00,1.000000000000000000e+00,-2.209083228110340635e-01,2.847893860491215734e-01,-1.809236602619100909e-01,2.764754537140898250e-01,6.866578573881166880e-01,6.655523071382094535e-01,5.000000000000000000e-01,3.960000000000000187e-01,8.993422326494143748e-01,6.215632471644965129e-01,1.000000007450580597e+00,3.960000000000000187e-01,0.000000000000000000e+00,2.000000000000000111e-01
1.759836452382000000e+12,5.000000000000000000e+00,1.200000000000000000e+01,1.000000000000000000e+00,0.000000000000000000e+00,1.000000000000000000e+00,-1.809236602619100909e-01,2.764754537140898250e-01,-1.629334578494757158e-01,2.681669845860224499e-01,8.993422326494143748e-01,6.215632471644965129e-01,6.039999999999999813e-01,3.960000000000000187e-01,9.950347986730014860e-01,5.776030930477379366e-01,5.000000000000000000e-01,3.960000000000000187e-01,0.000000000000000000e+00,2.000000000000000111e-01
1.759836452589000000e+12,5.000000000000000000e+00,1.200000000000000000e+01,1.000000000000000000e+00,0.000000000000000000e+00,2.000000000000000000e+00,-1.629334578494757158e-01,2.681669845860224499e-01,-1.667028104287995305e-01,2.598634454255850934e-01,9.950347986730014860e-01,5.776030930477379366e-01,5.040000000000000036e-01,3.960000000000000187e-01,9.749850509106408047e-01,5.336690234157942525e-01,4.000000000000000777e-01,3.960000000000000187e-01,0.000000000000000000e+00,-2.000000000000000111e-01
1.759836452796000000e+12,5.000000000000000000e+00,1.200000000000000000e+01,1.000000000000000000e+00,1.000000000000000056e-01,2.000000000000000000e+00,-1.670198401173504932e-01,2.595312675504362065e-01,-1.790948140294116309e-01,2.525311987752495435e-01,9.732987227800505847e-01,5.319114685208266025e-01,6.079999999999999849e-01,3.960000000000000187e-01,9.090701381414275639e-01,4.948740675939130029e-01,2.959999999999999853e-01,4.380000000000000560e-01,2.000000000000000042e-02,-2.000000000000000111e-01
1.759836453003000000e+12,5.000000000000000000e+00,1.200000000000000000e+01,1.000000000000000000e+00,1.000000000000000056e-01,0.000000000000000000e+00,-1.790948140294116309e-01,2.525311987752495435e-01,-1.954197147154658754e-01,2.494617185063999765e-01,9.090701381414275639e-01,4.948740675939130029e-01,7.079999999999999627e-01,4.380000000000000560e-01,8.222355600241176843e-01,4.786334312507936062e-01,2.959999999999999853e-01,4.879999999999999893e-01,2.000000000000000042e-02,0.000000000000000000e+00
1.759836453213000000e+12,5.000000000000000000e+00,1.200000000000000000e+01,1.000000000000000000e+00,0.000000000000000000e+00,0.000000000000000000e+00,-1.960728807432949861e-01,2.494222385855559554e-01,-2.124029102549832015e-01,2.493250765517211476e-01,8.187612726420478992e-01,4.784245427807193862e-01,8.080000000000003846e-01,4.879999999999999893e-01,7.318994135373233512e-01,4.779104579456145974e-01,2.959999999999999853e-01,5.000000000000000000e-01,0.000000000000000000e+00,0.000000000000000000e+00
1.759836453421000000e+12,5.000000000000000000e+00,1.200000000000000000e+01,1.000000000000000000e+00,0.000000000000000000e+00,0.000000000000000000e+00,-2.124029102549832015e-01,2.493250765517211476e-01,-2.287344969696242236e-01,2.493387236561301901e-01,7.318994135373233512e-01,4.779104579456145974e-01,8.120000000000002771e-01,5.000000000000000000e-01,6.450292714381690162e-01,4.779826648472497164e-01,2.959999999999999853e-01,5.000000000000000000e-01,0.000000000000000000e+00,0.000000000000000000e+00
1.759836453634000000e+12,5.000000000000000000e+00,1.200000000000000000e+01,1.000000000000000000e+00,0.000000000000000000e+00,1.000000000000000000e+00,-2.293877911421912663e-01,2.493392757188614139e-01,-2.419593159440811547e-01,2.493542182502227200e-01,6.415543024351527679e-01,4.779855858140816260e-01,8.120000000000002771e-01,5.000000000000000000e-01,5.746844896591427609e-01,4.780646468265752902e-01,3.960000000000000187e-01,5.000000000000000000e-01,0.000000000000000000e+00,2.000000000000000111e-01
1.759836453840000000e+12,5.000000000000000000e+00,1.200000000000000000e+01,1.000000000000000000e+00,0.000000000000000000e+00,1.000000000000000000e+00,-2.419593159440811547e-01,2.493542182502227200e-01,-2.465477209015431159e-01,2.493705459812189662e-01,5.746844896591427609e-01,4.780646468265752902e-01,8.120000000000002771e-01,5.000000000000000000e-01,5.502780803109408314e-01,4.781510369376665293e-01,4.960000000000000520e-01,5.000000000000000000e-01,0.000000000000000000e+00,2.000000000000000111e-01
0.000000000000000000e+00,0.000000000000000000e+00,0.000000000000000000e+00,0.000000000000000000e+00,0.000000000000000000e+00,0.000000000000000000e+00,0.000000000000000000e+00,0.000000000000000000e+00,0.000000000000000000e+00,0.000000000000000000e+00,0.000000000000000000e+00,0.000000000000000000e+00,0.000000000000000000e+00,0.000000000000000000e+00,0.000000000000000000e+00,0.000000000000000000e+00,0.000000000000000000e+00,0.000000000000000000e+00,0.000000000000000000e+00,0.000000000000000000e+00
1.759836459880000000e+12,6.000000000000000000e+00,1.200000000000000000e+01,0.000000000000000000e+00,-1.000000000000000056e-01,2.000000000000000000e+00,-2.465041551661077968e-01,2.493738617365292565e-01,-1.757239031612209679e-01,3.193786648698807018e-01,5.505098129462351331e-01,4.781685806165569819e-01,5.000000000000000000e-01,5.000000000000000000e-01,9.270005150998884558e-01,8.485643643909033251e-01,4.199999999999999289e-01,4.520000000000000129e-01,-2.000000000000000042e-02,-2.000000000000000111e-01
1.759836460088000000e+12,6.000000000000000000e+00,1.200000000000000000e+01,0.000000000000000000e+00,-1.000000000000000056e-01,1.000000000000000000e+00,-1.757239031612209679e-01,3.193786648698807018e-01,-1.786823957942210717e-01,3.135196792596654514e-01,9.270005150998884558e-01,8.485643643909033251e-01,4.000000000000000777e-01,4.500000000000000111e-01,9.112638521583985574e-01,8.175644405273305715e-01,5.160000000000000142e-01,3.999999999999999667e-01,-2.000000000000000042e-02,2.000000000000000111e-01
1.759836460292000000e+12,6.000000000000000000e+00,1.200000000000000000e+01,0.000000000000000000e+00,-1.000000000000000056e-01,1.000000000000000000e+00,-1.786823957942210717e-01,3.135196792596654514e-01,-1.736621602361200778e-01,3.036668181156838009e-01,9.112638521583985574e-01,8.175644405273305715e-01,2.999999999999999889e-01,3.999999999999999667e-01,9.379672327865953285e-01,7.654329000829831475e-01,6.159999999999999920e-01,3.499999999999998668e-01,-2.000000000000000042e-02,2.000000000000000111e-01
1.759836460502000000e+12,6.000000000000000000e+00,1.200000000000000000e+01,0.000000000000000000e+00,0.000000000000000000e+00,0.000000000000000000e+00,-1.732946000746943549e-01,3.031892820900652930e-01,-1.637077689231025701e-01,2.912096569167396676e-01,9.399223400282215035e-01,7.629062544447899885e-01,1.959999999999997300e-01,3.499999999999998668e-01,9.909161227494543978e-01,6.995219942684639536e-01,6.199999999999999956e-01,3.499999999999998668e-01,0.000000000000000000e+00,0.000000000000000000e+00
1.759836460713000000e+12,6.000000000000000000e+00,1.200000000000000000e+01,0.000000000000000000e+00,0.000000000000000000e+00,1.000000000000000000e+00,-1.637077689231025701e-01,2.912096569167396676e-01,-1.620111546356386434e-01,2.792289734908151022e-01,9.909161227494543978e-01,6.995219942684639536e-01,1.959999999999997300e-01,3.499999999999998668e-01,9.999406668317093461e-01,6.361321348720376800e-01,5.000000000000000000e-01,3.499999999999998668e-01,0.000000000000000000e+00,2.000000000000000111e-01
1.759836460918000000e+12,6.000000000000000000e+00,1.200000000000000000e+01,0.000000000000000000e+00,1.000000000000000056e-01,0.000000000000000000e+00,-1.620114192410915532e-01,2.787497203089676079e-01,-1.620175200681837901e-01,2.667724274121429651e-01,9.999392593558960041e-01,6.335964037511514491e-01,9.600000000000025180e-02,3.499999999999998668e-01,9.999068081479586256e-01,5.702244836621321866e-01,5.000000000000000000e-01,3.539999999999998703e-01,2.000000000000000042e-02,0.000000000000000000e+00
1.759836461123000000e+12,6.000000000000000000e+00,1.200000000000000000e+01,0.000000000000000000e+00,1.000000000000000056e-01,2.000000000000000000e+00,-1.620175200681837901e-01,2.667724274121429651e-01,-1.657862882232370438e-01,2.569887617126497825e-01,9.999068081479586256e-01,5.702244836621321866e-01,9.600000000000025180e-02,3.539999999999998703e-01,9.798601690253349039e-01,5.184590566806867029e-01,4.000000000000000777e-01,4.040000000000000258e-01,2.000000000000000042e-02,-2.000000000000000111e-01
1.759836461327000000e+12,6.000000000000000000e+00,1.200000000000000000e+01,0.000000000000000000e+00,1.000000000000000056e-01,2.000000000000000000e+00,-1.657862882232370438e-01,2.569887617126497825e-01,-1.775334249175255508e-01,2.511934305411083201e-01,9.798601690253349039e-01,5.184590566806867029e-01,1.959999999999997300e-01,4.040000000000000258e-01,9.173753993748641200e-01,4.877959287889329643e-01,2.999999999999999889e-01,4.540000000000000147e-01,2.000000000000000042e-02,-2.000000000000000111e-01
1.759836461536000000e+12,6.000000000000000000e+00,1.200000000000000000e+01,0.000000000000000000e+00,1.000000000000000056e-01,1.000000000000000000e+00,-1.775334249175255508e-01,2.511934305411083201e-01,-1.907402226634841158e-01,2.494150556891565895e-01,9.173753993748641200e-01,4.877959287889329643e-01,5.000000000000000000e-01,4.540000000000000147e-01,8.471264751942334525e-01,4.783865380378656273e-01,3.920000000000000151e-01,5.040000000000000036e-01,2.000000000000000042e-02,2.000000000000000111e-01
1.759836461749000000e+12,6.000000000000000000e+00,1.200000000000000000e+01,0.000000000000000000e+00,0.000000000000000000e+00,2.000000000000000000e+00,-1.907402226634841158e-01,2.494150556891565895e-01,-2.028523966496504072e-01,2.512237151130541357e-01,8.471264751942334525e-01,4.783865380378656273e-01,6.039999999999999813e-01,5.060000000000000053e-01,7.827000178210085091e-01,4.879561646193341096e-01,3.039999999999999925e-01,5.260000000000000231e-01,0.000000000000000000e+00,-2.000000000000000111e-01
1.759836461956000000e+12,6.000000000000000000e+00,1.200000000000000000e+01,0.000000000000000000e+00,0.000000000000000000e+00,0.000000000000000000e+00,-2.028523966496504072e-01,2.512237151130541357e-01,-2.188603215860677742e-01,2.533177961541744350e-01,7.827000178210085091e-01,4.879561646193341096e-01,5.040000000000000036e-01,5.260000000000000231e-01,6.975514809251713855e-01,4.990359584876954968e-01,2.999999999999999889e-01,5.260000000000000231e-01,0.000000000000000000e+00,0.000000000000000000e+00
1.759836462165000000e+12,6.000000000000000000e+00,1.200000000000000000e+01,0.000000000000000000e+00,-1.000000000000000056e-01,0.000000000000000000e+00,-2.188603215860677742e-01,2.533177961541744350e-01,-2.348731863242121687e-01,2.552877357213752529e-01,6.975514809251713855e-01,4.990359584876954968e-01,6.079999999999999849e-01,5.260000000000000231e-01,6.123766684882331335e-01,5.094589191607157286e-01,2.999999999999999889e-01,5.120000000000000107e-01,-2.000000000000000042e-02,0.000000000000000000e+00
1.759836462372000000e+12,6.000000000000000000e+00,1.200000000000000000e+01,0.000000000000000000e+00,-1.000000000000000056e-01,1.000000000000000000e+00,-2.348731863242121687e-01,2.552877357213752529e-01,-2.477713783538870729e-01,2.542699132847399124e-01,6.123766684882331335e-01,5.094589191607157286e-01,7.079999999999999627e-01,5.120000000000000107e-01,5.437692640750687589e-01,5.040736152631741795e-01,3.999999999999999667e-01,4.599999999999999645e-01,-2.000000000000000042e-02,2.000000000000000111e-01
1.759836462577000000e+12,6.000000000000000000e+00,1.200000000000000000e+01,0.000000000000000000e+00,0.000000000000000000e+00,0.000000000000000000e+00,-2.477713783538870729e-01,2.542699132847399124e-01,-2.557896281572670238e-01,2.502729437905523713e-01,5.437692640750687589e-01,5.040736152631741795e-01,8.080000000000003846e-01,4.599999999999999645e-01,5.011189991634732444e-01,4.829256285214411637e-01,3.999999999999999667e-01,4.480000000000000648e-01,0.000000000000000000e+00,0.000000000000000000e+00
0.000000000000000000e+00,0.000000000000000000e+00,0.000000000000000000e+00,0.000000000000000000e+00,0.000000000000000000e+00,0.000000000000000000e+00,0.000000000000000000e+00,0.000000000000000000e+00,0.000000000000000000e+00,0.000000000000000000e+00,0.000000000000000000e+00,0.000000000000000000e+00,0.000000000000000000e+00,0.000000000000000000e+00,0.000000000000000000e+00,0.000000000000000000e+00,0.000000000000000000e+00,0.000000000000000000e+00,0.000000000000000000e+00,0.000000000000000000e+00
1.759836468609000000e+12,7.000000000000000000e+00,1.200000000000000000e+01,3.000000000000000000e+00,0.000000000000000000e+00,1.000000000000000000e+00,-2.577132971837236552e-01,2.492784691192541091e-01,-3.365019532138442959e-01,1.591426144355189143e-01,4.908867171078528657e-01,4.776638577738313018e-01,5.000000000000000000e-01,4.480000000000000648e-01,7.179812120295576972e-02,7.545737329042955487e-04,4.960000000000000520e-01,5.000000000000000000e-01,0.000000000000000000e+00,2.000000000000000111e-01
1.759836468814000000e+12,7.000000000000000000e+00,1.200000000000000000e+01,3.000000000000000000e+00,0.000000000000000000e+00,0.000000000000000000e+00,-3.365019532138442959e-01,1.591426144355189143e-01,-3.365273989460492166e-01,1.591530021315416266e-01,7.179812120295576972e-02,7.545737329042955487e-04,4.000000000000000777e-01,5.000000000000000000e-01,7.166277156356788691e-02,8.095350875218208526e-04,5.000000000000000000e-01,5.000000000000000000e-01,0.000000000000000000e+00,0.000000000000000000e+00
1.759836469019000000e+12,7.000000000000000000e+00,1.200000000000000000e+01,3.000000000000000000e+00,1.000000000000000056e-01,0.000000000000000000e+00,-3.365273989460492166e-01,1.591530021315416266e-01,-3.365464080649627765e-01,1.604722190192896247e-01,7.166277156356788691e-02,8.095350875218208526e-04,2.999999999999999889e-01,5.000000000000000000e-01,7.156165922892129827e-02,7.789518620580013208e-03,5.000000000000000000e-01,5.420000000000000373e-01,2.000000000000000042e-02,0.000000000000000000e+00
1.759836469228000000e+12,7.000000000000000000e+00,1.200000000000000000e+01,3.000000000000000000e+00,1.000000000000000056e-01,0.000000000000000000e+00,-3.365464080649627765e-01,1.604722190192896247e-01,-3.365661257546849749e-01,1.660130238454714802e-01,7.156165922892129827e-02,7.789518620580013208e-03,1.959999999999997300e-01,5.420000000000000373e-01,7.145677790061172319e-02,3.710594627233586296e-02,5.000000000000000000e-01,5.919999999999999707e-01,2.000000000000000042e-02,0.000000000000000000e+00
1.759836469434000000e+12,7.000000000000000000e+00,1.200000000000000000e+01,3.000000000000000000e+00,1.000000000000000056e-01,0.000000000000000000e+00,-3.365661257546849749e-01,1.660130238454714802e-01,-3.365850106330244285e-01,1.754262175433633220e-01,7.145677790061172319e-02,3.710594627233586296e-02,1.959999999999997300e-01,5.939999999999999725e-01,7.135632642008271631e-02,8.691120393313926662e-02,5.000000000000000000e-01,6.440000000000001279e-01,2.000000000000000042e-02,0.000000000000000000e+00
1.759836469646000000e+12,7.000000000000000000e+00,1.200000000000000000e+01,3.000000000000000000e+00,0.000000000000000000e+00,2.000000000000000000e+00,-3.365850106330244285e-01,1.754262175433633220e-01,-3.403535961856549719e-01,1.885023651443214487e-01,7.135632642008271631e-02,8.691120393313926662e-02,9.600000000000025180e-02,6.440000000000001279e-01,5.131065858694152521e-02,1.560971700757748659e-01,3.999999999999999667e-01,6.600000000000001421e-01,0.000000000000000000e+00,-2.000000000000000111e-01
1.759836469854000000e+12,7.000000000000000000e+00,1.200000000000000000e+01,3.000000000000000000e+00,0.000000000000000000e+00,2.000000000000000000e+00,-3.403535961856549719e-01,1.885023651443214487e-01,-3.498544295917503932e-01,2.013170288051640555e-01,5.131065858694152521e-02,1.560971700757748659e-01,9.600000000000025180e-02,6.600000000000001421e-01,7.743106821786414342e-04,2.238996233077463482e-01,5.000000000000000000e-01,6.600000000000001421e-01,0.000000000000000000e+00,-2.000000000000000111e-01
1.759836470067000000e+12,7.000000000000000000e+00,1.200000000000000000e+01,3.000000000000000000e+00,0.000000000000000000e+00,0.000000000000000000e+00,-3.498553687616866026e-01,2.018296234473850037e-01,-3.498796370729245764e-01,2.146452076376729468e-01,7.693150974115703627e-04,2.266117642718783465e-01,1.959999999999997300e-01,6.600000000000001421e-01,6.402283355074544569e-04,2.944190880300155966e-01,5.000000000000000000e-01,6.600000000000001421e-01,0.000000000000000000e+00,0.000000000000000000e+00
1.759836470274000000e+12,7.000000000000000000e+00,1.200000000000000000e+01,3.000000000000000000e+00,-1.000000000000000056e-01,0.000000000000000000e+00,-3.498796370729245764e-01,2.146452076376729468e-01,-3.499066961408189291e-01,2.273261152313316158e-01,6.402283355074544569e-04,2.944190880300155966e-01,5.000000000000000000e-01,6.600000000000001421e-01,4.962971233034503852e-04,3.615138372028128266e-01,5.000000000000000000e-01,6.300000000000001155e-01,-2.000000000000000042e-02,0.000000000000000000e+00
1.759836470488000000e+12,7.000000000000000000e+00,1.200000000000000000e+01,3.000000000000000000e+00,-1.000000000000000056e-01,2.000000000000000000e+00,-3.499066961408189291e-01,2.273261152313316158e-01,-3.499350818307699340e-01,2.358659309606589982e-01,4.962971233034503852e-04,3.615138372028128266e-01,6.039999999999999813e-01,6.300000000000001155e-01,3.453094107981053004e-04,4.066980474108942145e-01,5.000000000000000000e-01,5.799999999999999600e-01,-2.000000000000000042e-02,-2.000000000000000111e-01
1.759836470694000000e+12,7.000000000000000000e+00,1.200000000000000000e+01,3.000000000000000000e+00,-1.000000000000000056e-01,1.000000000000000000e+00,-3.499362562766814011e-01,2.361242789906123629e-01,-3.462092855540591096e-01,2.405062782677509503e-01,3.390623580775356679e-04,4.080649682042982729e-01,5.040000000000000036e-01,5.799999999999999600e-01,2.016337471245142898e-02,4.312501495648198846e-01,5.999999999999999778e-01,5.280000000000000249e-01,-2.000000000000000042e-02,2.000000000000000111e-01
1.759836470902000000e+12,7.000000000000000000e+00,1.200000000000000000e+01,3.000000000000000000e+00,0.000000000000000000e+00,1.000000000000000000e+00,-3.462092855540591096e-01,2.405062782677509503e-01,-3.344823444945658197e-01,2.419504560875509469e-01,2.016337471245142898e-02,4.312501495648198846e-01,6.079999999999999849e-01,5.280000000000000249e-01,8.254072077358595716e-02,4.388913020505341711e-01,7.000000000000000666e-01,5.160000000000000142e-01,0.000000000000000000e+00,2.000000000000000111e-01
1.759836471111000000e+12,7.000000000000000000e+00,1.200000000000000000e+01,3.000000000000000000e+00,0.000000000000000000e+00,1.000000000000000000e+00,-3.344823444945658197e-01,2.419504560875509469e-01,-3.137975390179924551e-01,2.432974285565764061e-01,8.254072077358595716e-02,4.388913020505341711e-01,7.079999999999999627e-01,5.160000000000000142e-01,1.925662818191889725e-01,4.460181405109863162e-01,8.040000000000002700e-01,5.160000000000000142e-01,0.000000000000000000e+00,2.000000000000000111e-01
1.759836471318000000e+12,7.000000000000000000e+00,1.200000000000000000e+01,3.000000000000000000e+00,0.000000000000000000e+00,2.000000000000000000e+00,-3.137975390179924551e-01,2.432974285565764061e-01,-2.932618210223362776e-01,2.445916351710227532e-01,1.925662818191889725e-01,4.460181405109863162e-01,8.080000000000003846e-01,5.160000000000000142e-01,3.017988243492750189e-01,4.528657945556759934e-01,7.039999999999999591e-01,5.160000000000000142e-01,0.000000000000000000e+00,-2.000000000000000111e-01
1.759836471525000000e+12,7.000000000000000000e+00,1.200000000000000000e+01,3.000000000000000000e+00,0.000000000000000000e+00,2.000000000000000000e+00,-2.932618210223362776e-01,2.445916351710227532e-01,-2.807160585612786252e-01,2.458875226958341376e-01,3.017988243492750189e-01,4.528657945556759934e-01,8.120000000000002771e-01,5.160000000000000142e-01,3.685316033974540550e-01,4.597223423060007863e-01,6.039999999999999813e-01,5.160000000000000142e-01,0.000000000000000000e+00,-2.000000000000000111e-01
1.759836471735000000e+12,7.000000000000000000e+00,1.200000000000000000e+01,3.000000000000000000e+00,0.000000000000000000e+00,0.000000000000000000e+00,-2.803823910760639970e-01,2.459393843319763739e-01,-2.723985822197961260e-01,2.472359256401128191e-01,3.703064304464680490e-01,4.599967424972295493e-01,8.120000000000002771e-01,5.160000000000000142e-01,4.127734988308716102e-01,4.668567494185864031e-01,5.999999999999999778e-01,5.160000000000000142e-01,0.000000000000000000e+00,0.000000000000000000e+00
1.759836471943000000e+12,7.000000000000000000e+00,1.200000000000000000e+01,3.000000000000000000e+00,0.000000000000000000e+00,0.000000000000000000e+00,-2.723985822197961260e-01,2.472359256401128191e-01,-2.644153889266139257e-01,2.485323719618097171e-01,4.127734988308716102e-01,4.668567494185864031e-01,8.120000000000002771e-01,5.160000000000000142e-01,4.552372929435428706e-01,4.737162537661890327e-01,5.999999999999999778e-01,5.160000000000000142e-01,0.000000000000000000e+00,0.000000000000000000e+00
1.759836472154000000e+12,7.000000000000000000e+00,1.200000000000000000e+01,3.000000000000000000e+00,0.000000000000000000e+00,0.000000000000000000e+00,-2.640960431043995471e-01,2.485842291437343476e-01,-2.561118615125045350e-01,2.498805775449441380e-01,4.569359409340449374e-01,4.739906303901288975e-01,8.120000000000002771e-01,5.160000000000000142e-01,4.994049919547630667e-01,4.808496166399161553e-01,5.999999999999999778e-01,5.160000000000000142e-01,0.000000000000000000e+00,0.000000000000000000e+00
0.000000000000000000e+00,0.000000000000000000e+00,0.000000000000000000e+00,0.000000000000000000e+00,0.000000000000000000e+00,0.000000000000000000e+00,0.000000000000000000e+00,0.000000000000000000e+00,0.000000000000000000e+00,0.000000000000000000e+00,0.000000000000000000e+00,0.000000000000000000e+00,0.000000000000000000e+00,0.000000000000000000e+00,0.000000000000000000e+00,0.000000000000000000e+00,0.000000000000000000e+00,0.000000000000000000e+00,0.000000000000000000e+00,0.000000000000000000e+00
1.759836478144000000e+12,8.000000000000000000e+00,1.200000000000000000e+01,1.000000000000000000e+00,0.000000000000000000e+00,2.000000000000000000e+00,-2.541955203522120454e-01,2.501916873106760364e-01,-3.286801177364475635e-01,3.226417904555700655e-01,5.095982959988720751e-01,4.824957000564870091e-01,5.000000000000000000e-01,5.160000000000000142e-01,1.134036290614490322e-01,8.658295791300004707e-01,5.040000000000000036e-01,5.160000000000000142e-01,0.000000000000000000e+00,-2.000000000000000111e-01
1.759836478353000000e+12,8.000000000000000000e+00,1.200000000000000000e+01,1.000000000000000000e+00,0.000000000000000000e+00,2.000000000000000000e+00,-3.286801177364475635e-01,3.226417904555700655e-01,-3.324789059807679026e-01,3.239576255043161712e-01,1.134036290614490322e-01,8.658295791300004707e-01,4.000000000000000777e-01,5.160000000000000142e-01,9.319730861293658297e-02,8.727916693350062927e-01,4.000000000000000777e-01,5.160000000000000142e-01,0.000000000000000000e+00,-2.000000000000000111e-01
1.759836478559000000e+12,8.000000000000000000e+00,1.200000000000000000e+01,1.000000000000000000e+00,0.000000000000000000e+00,1.000000000000000000e+00,-3.324789059807679026e-01,3.239576255043161712e-01,-3.367647392675597318e-01,3.253272651518471226e-01,9.319730861293658297e-02,8.727916693350062927e-01,2.999999999999999889e-01,5.160000000000000142e-01,7.040032304489493575e-02,8.800384399568631499e-01,5.000000000000000000e-01,5.160000000000000142e-01,0.000000000000000000e+00,2.000000000000000111e-01
1.759836478774000000e+12,8.000000000000000000e+00,1.200000000000000000e+01,1.000000000000000000e+00,0.000000000000000000e+00,2.000000000000000000e+00,-3.367647392675597318e-01,3.253272651518471226e-01,-3.402549159275582435e-01,3.266451372617538151e-01,7.040032304489493575e-02,8.800384399568631499e-01,1.959999999999997300e-01,5.160000000000000142e-01,5.183555357681774584e-02,8.870113082632478108e-01,4.040000000000000258e-01,5.160000000000000142e-01,0.000000000000000000e+00,-2.000000000000000111e-01
1.759836478985000000e+12,8.000000000000000000e+00,1.200000000000000000e+01,1.000000000000000000e+00,0.000000000000000000e+00,1.000000000000000000e+00,-3.402549159275582435e-01,3.266451372617538151e-01,-3.448501343147754028e-01,3.280170630024908385e-01,5.183555357681774584e-02,8.870113082632478108e-01,1.959999999999997300e-01,5.160000000000000142e-01,2.739290258098178721e-02,8.942701746163537191e-01,5.000000000000000000e-01,5.160000000000000142e-01,0.000000000000000000e+00,2.000000000000000111e-01
1.759836479195000000e+12,8.000000000000000000e+00,1.200000000000000000e+01,1.000000000000000000e+00,0.000000000000000000e+00,1.000000000000000000e+00,-3.448553040064700759e-01,3.280698765761142499e-01,-3.408257948454396780e-01,3.293900493760072434e-01,2.736540422090373917e-02,8.945496115138321658e-01,9.600000000000025180e-02,5.160000000000000142e-01,4.879896358808670509e-02,9.015346527831071821e-01,6.039999999999999813e-01,5.160000000000000142e-01,0.000000000000000000e+00,2.000000000000000111e-01
1.759836479401000000e+12,8.000000000000000000e+00,1.200000000000000000e+01,1.000000000000000000e+00,0.000000000000000000e+00,2.000000000000000000e+00,-3.408257948454396780e-01,3.293900493760072434e-01,-3.363020512720885646e-01,3.307625417337152762e-01,4.879896358808670509e-02,9.015346527831071821e-01,9.600000000000025180e-02,5.160000000000000142e-01,7.286142940378412258e-02,9.087965171096047401e-01,5.040000000000000036e-01,5.160000000000000142e-01,0.000000000000000000e+00,-2.000000000000000111e-01
1.759836479610000000e+12,8.000000000000000000e+00,1.200000000000000000e+01,1.000000000000000000e+00,0.000000000000000000e+00,1.000000000000000000e+00,-3.363020512720885646e-01,3.307625417337152762e-01,-3.325871410643718162e-01,3.320824221733262305e-01,7.286142940378412258e-02,9.087965171096047401e-01,1.959999999999997300e-01,5.160000000000000142e-01,9.262159008312853548e-02,9.157800114990807261e-01,5.999999999999999778e-01,5.160000000000000142e-01,0.000000000000000000e+00,2.000000000000000111e-01
1.759836479818000000e+12,8.000000000000000000e+00,1.200000000000000000e+01,1.000000000000000000e+00,0.000000000000000000e+00,1.000000000000000000e+00,-3.322721716849524887e-01,3.321351928963297562e-01,-3.202499581039656151e-01,3.334526824005932255e-01,9.429695912259304647e-02,9.160592216737025728e-01,5.000000000000000000e-01,5.160000000000000142e-01,1.582449037023104521e-01,9.230300656116044999e-01,7.039999999999999591e-01,5.160000000000000142e-01,0.000000000000000000e+00,2.000000000000000111e-01
1.759836480027000000e+12,8.000000000000000000e+00,1.200000000000000000e+01,1.000000000000000000e+00,0.000000000000000000e+00,2.000000000000000000e+00,-3.202499581039656151e-01,3.334526824005932255e-01,-3.077343946151532839e-01,3.347687724649586749e-01,1.582449037023104521e-01,9.230300656116044999e-01,6.039999999999999813e-01,5.160000000000000142e-01,2.248170499193973271e-01,9.299935051056015256e-01,6.039999999999999813e-01,5.160000000000000142e-01,0.000000000000000000e+00,-2.000000000000000111e-01
1.759836480236000000e+12,8.000000000000000000e+00,1.200000000000000000e+01,1.000000000000000000e+00,-1.000000000000000056e-01,2.000000000000000000e+00,-3.073999422667476056e-01,3.348214412275472007e-01,-3.031884658320092574e-01,3.348296053738623046e-01,2.265960517726190449e-01,9.302721758071281766e-01,5.040000000000000036e-01,5.160000000000000142e-01,2.489975221701634378e-01,9.303153723484779425e-01,5.000000000000000000e-01,4.740000000000000324e-01,-2.000000000000000042e-02,-2.000000000000000111e-01
1.759836480447000000e+12,8.000000000000000000e+00,1.200000000000000000e+01,1.000000000000000000e+00,-1.000000000000000056e-01,2.000000000000000000e+00,-3.031884658320092574e-01,3.348296053738623046e-01,-3.069731054346656052e-01,3.309123935305701147e-01,2.489975221701634378e-01,9.303153723484779425e-01,6.079999999999999849e-01,4.740000000000000324e-01,2.288664604539062675e-01,9.095893837596303877e-01,4.000000000000000777e-01,4.240000000000000435e-01,-2.000000000000000042e-02,-2.000000000000000111e-01
1.759836480654000000e+12,8.000000000000000000e+00,1.200000000000000000e+01,1.000000000000000000e+00,-1.000000000000000056e-01,1.000000000000000000e+00,-3.069731054346656052e-01,3.309123935305701147e-01,-3.112512876054933653e-01,3.229896417499633077e-01,2.288664604539062675e-01,9.095893837596303877e-01,7.079999999999999627e-01,4.240000000000000435e-01,2.061101723112054029e-01,8.676700621691181281e-01,5.000000000000000000e-01,3.739999999999999436e-01,-2.000000000000000042e-02,2.000000000000000111e-01
1.759836480862000000e+12,8.000000000000000000e+00,1.200000000000000000e+01,1.000000000000000000e+00,0.000000000000000000e+00,1.000000000000000000e+00,-3.112558894185696312e-01,3.225893814206444721e-01,-3.072189533249486404e-01,3.107202277274732083e-01,2.060856945820763453e-01,8.655522826489127075e-01,8.080000000000003846e-01,3.719999999999999418e-01,2.275587589098475860e-01,8.027525276585885106e-01,6.039999999999999813e-01,3.399999999999998579e-01,0.000000000000000000e+00,2.000000000000000111e-01
1.759836481070000000e+12,8.000000000000000000e+00,1.200000000000000000e+01,1.000000000000000000e+00,0.000000000000000000e+00,1.000000000000000000e+00,-3.072189533249486404e-01,3.107202277274732083e-01,-2.951685812461224412e-01,2.979459851104910295e-01,2.275587589098475860e-01,8.027525276585885106e-01,8.120000000000002771e-01,3.399999999999998579e-01,2.916564827333911758e-01,7.351639423835505394e-01,7.039999999999999591e-01,3.399999999999998579e-01,0.000000000000000000e+00,2.000000000000000111e-01
1.759836481276000000e+12,8.000000000000000000e+00,1.200000000000000000e+01,1.000000000000000000e+00,0.000000000000000000e+00,1.000000000000000000e+00,-2.951685812461224412e-01,2.979459851104910295e-01,-2.751099872590448414e-01,2.851664748840907482e-01,2.916564827333911758e-01,7.351639423835505394e-01,8.120000000000002771e-01,3.399999999999998579e-01,3.983511316008252479e-01,6.675474861592103348e-01,8.040000000000002700e-01,3.399999999999998579e-01,0.000000000000000000e+00,2.000000000000000111e-01
1.759836481483000000e+12,8.000000000000000000e+00,1.200000000000000000e+01,1.000000000000000000e+00,1.000000000000000056e-01,2.000000000000000000e+00,-2.741411368325188391e-01,2.846551717289783623e-01,-2.532750472985745294e-01,2.718776083582511993e-01,4.035045913163891051e-01,6.648421784602031037e-01,8.120000000000002771e-01,3.399999999999998579e-01,5.144944292629013427e-01,5.972360230595302744e-01,7.079999999999999627e-01,3.439999999999998614e-01,2.000000000000000042e-02,-2.000000000000000111e-01
1.759836481691000000e+12,8.000000000000000000e+00,1.200000000000000000e+01,1.000000000000000000e+00,1.000000000000000056e-01,0.000000000000000000e+00,-2.532750472985745294e-01,2.718776083582511993e-01,-2.366479982561927597e-01,2.612920563314272138e-01,5.144944292629013427e-01,5.972360230595302744e-01,8.120000000000002771e-01,3.439999999999998614e-01,6.029361794883363324e-01,5.412278112773927230e-01,7.079999999999999627e-01,3.940000000000000169e-01,2.000000000000000042e-02,0.000000000000000000e+00
1.759836481901000000e+12,8.000000000000000000e+00,1.200000000000000000e+01,1.000000000000000000e+00,0.000000000000000000e+00,2.000000000000000000e+00,-2.366479982561927597e-01,2.612920563314272138e-01,-2.237743106623156786e-01,2.545784060818375716e-01,6.029361794883363324e-01,5.412278112773927230e-01,8.120000000000002771e-01,3.940000000000000169e-01,6.714132411578953574e-01,5.057058522848549842e-01,6.079999999999999849e-01,4.299999999999999933e-01,0.000000000000000000e+00,-2.000000000000000111e-01
1.759836482108000000e+12,8.000000000000000000e+00,1.200000000000000000e+01,1.000000000000000000e+00,0.000000000000000000e+00,2.000000000000000000e+00,-2.234259800528803075e-01,2.543550485573779496e-01,-2.188658287266573854e-01,2.487711123343309128e-01,6.732660635485089307e-01,5.045240664411532183e-01,5.000000000000000000e-01,4.299999999999999933e-01,6.975221876241628483e-01,4.749794303403752638e-01,5.040000000000000036e-01,4.299999999999999933e-01,0.000000000000000000e+00,-2.000000000000000111e-01
1.759836482315000000e+12,8.000000000000000000e+00,1.200000000000000000e+01,1.000000000000000000e+00,1.000000000000000056e-01,1.000000000000000000e+00,-2.188658287266573854e-01,2.487711123343309128e-01,-2.148009376421292083e-01,2.439264823175418262e-01,6.975221876241628483e-01,4.749794303403752638e-01,5.000000000000000000e-01,4.299999999999999933e-01,7.191439487120786511e-01,4.493464672885811306e-01,6.039999999999999813e-01,4.619999999999999662e-01,2.000000000000000042e-02,2.000000000000000111e-01
1.759836482523000000e+12,8.000000000000000000e+00,1.200000000000000000e+01,1.000000000000000000e+00,1.000000000000000056e-01,2.000000000000000000e+00,-2.144717448454035447e-01,2.438038689650855462e-01,-2.095934485930070756e-01,2.428113792581114427e-01,7.208949742265768901e-01,4.486977193919870488e-01,5.000000000000000000e-01,4.619999999999999662e-01,7.468433585478346792e-01,4.434464511011187993e-01,5.080000000000000071e-01,5.140000000000000124e-01,2.000000000000000042e-02,-2.000000000000000111e-01
1.759836482734000000e+12,8.000000000000000000e+00,1.200000000000000000e+01,1.000000000000000000e+00,0.000000000000000000e+00,2.000000000000000000e+00,-2.095934485930070756e-01,2.428113792581114427e-01,-2.127166524813679516e-01,2.455503247975393266e-01,7.468433585478346792e-01,4.434464511011187993e-01,5.000000000000000000e-01,5.140000000000000124e-01,7.302305719076173096e-01,4.579382264420070459e-01,4.080000000000000293e-01,5.440000000000000391e-01,0.000000000000000000e+00,-2.000000000000000111e-01
1.759836482938000000e+12,8.000000000000000000e+00,1.200000000000000000e+01,1.000000000000000000e+00,0.000000000000000000e+00,2.000000000000000000e+00,-2.127166524813679516e-01,2.455503247975393266e-01,-2.238378214270762001e-01,2.490849004827928870e-01,7.302305719076173096e-01,4.579382264420070459e-01,4.000000000000000777e-01,5.440000000000000391e-01,6.710754179410840514e-01,4.766396850941423402e-01,3.080000000000000515e-01,5.440000000000000391e-01,0.000000000000000000e+00,-2.000000000000000111e-01
1.759836483147000000e+12,8.000000000000000000e+00,1.200000000000000000e+01,1.000000000000000000e+00,0.000000000000000000e+00,1.000000000000000000e+00,-2.238378214270762001e-01,2.490849004827928870e-01,-2.363819621098314783e-01,2.527614381790587172e-01,6.710754179410840514e-01,4.766396850941423402e-01,2.959999999999999853e-01,5.440000000000000391e-01,6.043512653732368012e-01,4.960922654976652191e-01,4.040000000000000258e-01,5.440000000000000391e-01,0.000000000000000000e+00,2.000000000000000111e-01
1.759836483352000000e+12,8.000000000000000000e+00,1.200000000000000000e+01,1.000000000000000000e+00,-1.000000000000000056e-01,1.000000000000000000e+00,-2.363819621098314783e-01,2.527614381790587172e-01,-2.403154684479485992e-01,2.558926121258694453e-01,6.043512653732368012e-01,4.960922654976652191e-01,3.960000000000000187e-01,5.440000000000000391e-01,5.834283593194222739e-01,5.126593234172986957e-01,5.040000000000000036e-01,5.200000000000000178e-01,-2.000000000000000042e-02,2.000000000000000111e-01
1.759836483562000000e+12,8.000000000000000000e+00,1.200000000000000000e+01,1.000000000000000000e+00,-1.000000000000000056e-01,2.000000000000000000e+00,-2.403154684479485992e-01,2.558926121258694453e-01,-2.437710839330085033e-01,2.556320050211260964e-01,5.834283593194222739e-01,5.126593234172986957e-01,2.999999999999999889e-01,5.200000000000000178e-01,5.650474258882526302e-01,5.112804498472280912e-01,4.040000000000000258e-01,4.699999999999999734e-01,-2.000000000000000042e-02,-2.000000000000000111e-01
1.759836483769000000e+12,8.000000000000000000e+00,1.200000000000000000e+01,1.000000000000000000e+00,0.000000000000000000e+00,0.000000000000000000e+00,-2.440756532367694964e-01,2.555382708661495528e-01,-2.520869519321223828e-01,2.526979469797883127e-01,5.634273764001622720e-01,5.107845019372992956e-01,2.999999999999999889e-01,4.679999999999999716e-01,5.208140854674341291e-01,4.957563332263932310e-01,3.999999999999999667e-01,4.640000000000000235e-01,0.000000000000000000e+00,0.000000000000000000e+00
0.000000000000000000e+00,0.000000000000000000e+00,0.000000000000000000e+00,0.000000000000000000e+00,0.000000000000000000e+00,0.000000000000000000e+00,0.000000000000000000e+00,0.000000000000000000e+00,0.000000000000000000e+00,0.000000000000000000e+00,0.000000000000000000e+00,0.000000000000000000e+00,0.000000000000000000e+00,0.000000000000000000e+00,0.000000000000000000e+00,0.000000000000000000e+00,0.000000000000000000e+00,0.000000000000000000e+00,0.000000000000000000e+00,0.000000000000000000e+00
